solid OpenSCAD_Model
  facet normal 6.56843e-05 -0.99026 0.139231
    outer loop
      vertex -22.4747 24.2761 9.9123
      vertex -31 25.5462 18.9497
      vertex -22.6465 24.2825 9.9579
    endloop
  endfacet
  facet normal 2.48902e-05 -0.990272 0.139146
    outer loop
      vertex -3 25.5462 18.9497
      vertex -11.1777 24.2864 9.98547
      vertex -11 24.2877 9.99469
    endloop
  endfacet
  facet normal -0.000232298 -0.990299 0.138956
    outer loop
      vertex -22.3085 24.2672 9.84915
      vertex -31 25.5462 18.9497
      vertex -22.4747 24.2761 9.9123
    endloop
  endfacet
  facet normal 0.000167165 -0.99029 0.139019
    outer loop
      vertex -3 25.5462 18.9497
      vertex -11.3534 24.2825 9.9579
      vertex -11.1777 24.2864 9.98547
    endloop
  endfacet
  facet normal 0 -0.990268 0.139173
    outer loop
      vertex -31 25.5462 18.9497
      vertex -22.3085 24.2672 9.84915
      vertex -3 25.5462 18.9497
    endloop
  endfacet
  facet normal -6.56333e-05 -0.99026 0.139231
    outer loop
      vertex -3 25.5462 18.9497
      vertex -11.5253 24.2761 9.9123
      vertex -11.3534 24.2825 9.9579
    endloop
  endfacet
  facet normal 0 -0.990268 0.139173
    outer loop
      vertex -11.6915 24.2672 9.84915
      vertex -3 25.5462 18.9497
      vertex -22.3085 24.2672 9.84915
    endloop
  endfacet
  facet normal 0.000232298 -0.990299 0.138956
    outer loop
      vertex -3 25.5462 18.9497
      vertex -11.6915 24.2672 9.84915
      vertex -11.5253 24.2761 9.9123
    endloop
  endfacet
  facet normal 0 -0.990342 0.138648
    outer loop
      vertex -22.15 24.256 9.76915
      vertex -11.6915 24.2672 9.84915
      vertex -22.3085 24.2672 9.84915
    endloop
  endfacet
  facet normal 0 -0.990342 0.138648
    outer loop
      vertex -22.15 24.256 9.76915
      vertex -11.85 24.256 9.76915
      vertex -11.6915 24.2672 9.84915
    endloop
  endfacet
  facet normal 0 -0.990251 0.139298
    outer loop
      vertex -22.0008 24.2425 9.67318
      vertex -11.85 24.256 9.76915
      vertex -22.15 24.256 9.76915
    endloop
  endfacet
  facet normal 0 -0.990251 0.139298
    outer loop
      vertex -22.0008 24.2425 9.67318
      vertex -11.9992 24.2425 9.67318
      vertex -11.85 24.256 9.76915
    endloop
  endfacet
  facet normal 0 -0.990249 0.139308
    outer loop
      vertex -21.8625 24.2269 9.56229
      vertex -11.9992 24.2425 9.67318
      vertex -22.0008 24.2425 9.67318
    endloop
  endfacet
  facet normal 0 -0.990249 0.139308
    outer loop
      vertex -21.8625 24.2269 9.56229
      vertex -12.1375 24.2269 9.56229
      vertex -11.9992 24.2425 9.67318
    endloop
  endfacet
  facet normal 0 -0.990281 0.139084
    outer loop
      vertex -21.7367 24.2094 9.43769
      vertex -12.1375 24.2269 9.56229
      vertex -21.8625 24.2269 9.56229
    endloop
  endfacet
  facet normal 0 -0.990281 0.139084
    outer loop
      vertex -21.7367 24.2094 9.43769
      vertex -12.2633 24.2094 9.43769
      vertex -12.1375 24.2269 9.56229
    endloop
  endfacet
  facet normal 0 -0.990314 0.138849
    outer loop
      vertex -21.6247 24.1902 9.30075
      vertex -12.2633 24.2094 9.43769
      vertex -21.7367 24.2094 9.43769
    endloop
  endfacet
  facet normal 0 -0.990314 0.138849
    outer loop
      vertex -21.6247 24.1902 9.30075
      vertex -12.3753 24.1902 9.30075
      vertex -12.2633 24.2094 9.43769
    endloop
  endfacet
  facet normal 0 -0.990241 0.139367
    outer loop
      vertex -21.5278 24.1694 9.15296
      vertex -12.3753 24.1902 9.30075
      vertex -21.6247 24.1902 9.30075
    endloop
  endfacet
  facet normal 0 -0.990241 0.139367
    outer loop
      vertex -21.5278 24.1694 9.15296
      vertex -12.4722 24.1694 9.15296
      vertex -12.3753 24.1902 9.30075
    endloop
  endfacet
  facet normal 0 -0.990238 0.13939
    outer loop
      vertex -21.447 24.1473 8.99596
      vertex -12.4722 24.1694 9.15296
      vertex -21.5278 24.1694 9.15296
    endloop
  endfacet
  facet normal 0 -0.990238 0.13939
    outer loop
      vertex -21.447 24.1473 8.99596
      vertex -12.553 24.1473 8.99596
      vertex -12.4722 24.1694 9.15296
    endloop
  endfacet
  facet normal 0 -0.990285 0.139053
    outer loop
      vertex -21.3832 24.1242 8.83145
      vertex -12.553 24.1473 8.99596
      vertex -21.447 24.1473 8.99596
    endloop
  endfacet
  facet normal 0 -0.990285 0.139053
    outer loop
      vertex -21.3832 24.1242 8.83145
      vertex -12.6168 24.1242 8.83145
      vertex -12.553 24.1473 8.99596
    endloop
  endfacet
  facet normal 0 -0.990284 0.139059
    outer loop
      vertex -21.3372 24.1003 8.66125
      vertex -12.6168 24.1242 8.83145
      vertex -21.3832 24.1242 8.83145
    endloop
  endfacet
  facet normal 0 -0.990284 0.139059
    outer loop
      vertex -21.3372 24.1003 8.66125
      vertex -12.6629 24.1003 8.66125
      vertex -12.6168 24.1242 8.83145
    endloop
  endfacet
  facet normal 0 -0.990236 0.139398
    outer loop
      vertex -21.3093 24.0758 8.48721
      vertex -12.6629 24.1003 8.66125
      vertex -21.3372 24.1003 8.66125
    endloop
  endfacet
  facet normal 0 -0.990236 0.139398
    outer loop
      vertex -21.3093 24.0758 8.48721
      vertex -12.6907 24.0758 8.48721
      vertex -12.6629 24.1003 8.66125
    endloop
  endfacet
  facet normal 0 -0.990292 0.139002
    outer loop
      vertex -21.3 24.0511 8.31124
      vertex -12.6907 24.0758 8.48721
      vertex -21.3093 24.0758 8.48721
    endloop
  endfacet
  facet normal 0 -0.990292 0.139002
    outer loop
      vertex -21.3 24.0511 8.31124
      vertex -12.7 24.0511 8.31124
      vertex -12.6907 24.0758 8.48721
    endloop
  endfacet
  facet normal 0 -0.990292 0.139002
    outer loop
      vertex -21.3093 24.0264 8.13527
      vertex -12.7 24.0511 8.31124
      vertex -21.3 24.0511 8.31124
    endloop
  endfacet
  facet normal 0 -0.990292 0.139002
    outer loop
      vertex -21.3093 24.0264 8.13527
      vertex -12.6907 24.0264 8.13527
      vertex -12.7 24.0511 8.31124
    endloop
  endfacet
  facet normal 0 -0.990236 0.139398
    outer loop
      vertex -21.3372 24.0019 7.96123
      vertex -12.6907 24.0264 8.13527
      vertex -21.3093 24.0264 8.13527
    endloop
  endfacet
  facet normal 0 -0.990236 0.139398
    outer loop
      vertex -21.3372 24.0019 7.96123
      vertex -12.6629 24.0019 7.96123
      vertex -12.6907 24.0264 8.13527
    endloop
  endfacet
  facet normal 0 -0.990285 0.139051
    outer loop
      vertex -21.3832 23.978 7.79102
      vertex -12.6629 24.0019 7.96123
      vertex -21.3372 24.0019 7.96123
    endloop
  endfacet
  facet normal 0 -0.990285 0.139051
    outer loop
      vertex -21.3832 23.978 7.79102
      vertex -12.6168 23.978 7.79102
      vertex -12.6629 24.0019 7.96123
    endloop
  endfacet
  facet normal 0 -0.990285 0.139053
    outer loop
      vertex -21.447 23.9549 7.62651
      vertex -12.6168 23.978 7.79102
      vertex -21.3832 23.978 7.79102
    endloop
  endfacet
  facet normal 0 -0.990285 0.139053
    outer loop
      vertex -21.447 23.9549 7.62651
      vertex -12.553 23.9549 7.62651
      vertex -12.6168 23.978 7.79102
    endloop
  endfacet
  facet normal 0 -0.990238 0.13939
    outer loop
      vertex -21.5278 23.9328 7.46951
      vertex -12.553 23.9549 7.62651
      vertex -21.447 23.9549 7.62651
    endloop
  endfacet
  facet normal 0 -0.990238 0.13939
    outer loop
      vertex -21.5278 23.9328 7.46951
      vertex -12.4722 23.9328 7.46951
      vertex -12.553 23.9549 7.62651
    endloop
  endfacet
  facet normal 0 -0.99024 0.139376
    outer loop
      vertex -21.6247 23.912 7.32173
      vertex -12.4722 23.9328 7.46951
      vertex -21.5278 23.9328 7.46951
    endloop
  endfacet
  facet normal 0 -0.99024 0.139376
    outer loop
      vertex -21.6247 23.912 7.32173
      vertex -12.3753 23.912 7.32173
      vertex -12.4722 23.9328 7.46951
    endloop
  endfacet
  facet normal 0 -0.990314 0.138849
    outer loop
      vertex -21.7367 23.8928 7.18479
      vertex -12.3753 23.912 7.32173
      vertex -21.6247 23.912 7.32173
    endloop
  endfacet
  facet normal 0 -0.990314 0.138849
    outer loop
      vertex -21.7367 23.8928 7.18479
      vertex -12.2633 23.8928 7.18479
      vertex -12.3753 23.912 7.32173
    endloop
  endfacet
  facet normal 0 -0.990281 0.139084
    outer loop
      vertex -21.8625 23.8753 7.06019
      vertex -12.2633 23.8928 7.18479
      vertex -21.7367 23.8928 7.18479
    endloop
  endfacet
  facet normal 0 -0.990281 0.139084
    outer loop
      vertex -21.8625 23.8753 7.06019
      vertex -12.1375 23.8753 7.06019
      vertex -12.2633 23.8928 7.18479
    endloop
  endfacet
  facet normal 0 -0.990251 0.139296
    outer loop
      vertex -22.0008 23.8597 6.94929
      vertex -12.1375 23.8753 7.06019
      vertex -21.8625 23.8753 7.06019
    endloop
  endfacet
  facet normal 0 -0.990251 0.139296
    outer loop
      vertex -22.0008 23.8597 6.94929
      vertex -11.9992 23.8597 6.94929
      vertex -12.1375 23.8753 7.06019
    endloop
  endfacet
  facet normal 0 -0.990251 0.139298
    outer loop
      vertex -22.15 23.8462 6.85332
      vertex -11.9992 23.8597 6.94929
      vertex -22.0008 23.8597 6.94929
    endloop
  endfacet
  facet normal 0 -0.990251 0.139298
    outer loop
      vertex -22.15 23.8462 6.85332
      vertex -11.85 23.8462 6.85332
      vertex -11.9992 23.8597 6.94929
    endloop
  endfacet
  facet normal 0 -0.990342 0.138648
    outer loop
      vertex -22.3085 23.835 6.77332
      vertex -11.85 23.8462 6.85332
      vertex -22.15 23.8462 6.85332
    endloop
  endfacet
  facet normal 0 -0.990342 0.138648
    outer loop
      vertex -22.3085 23.835 6.77332
      vertex -11.6915 23.835 6.77332
      vertex -11.85 23.8462 6.85332
    endloop
  endfacet
  facet normal 0 -0.990211 0.139577
    outer loop
      vertex -22.4747 23.8261 6.71018
      vertex -11.6915 23.835 6.77332
      vertex -22.3085 23.835 6.77332
    endloop
  endfacet
  facet normal 0 -0.990211 0.139577
    outer loop
      vertex -22.4747 23.8261 6.71018
      vertex -11.5253 23.8261 6.71018
      vertex -11.6915 23.835 6.77332
    endloop
  endfacet
  facet normal 0 -0.990298 0.138959
    outer loop
      vertex -22.6465 23.8197 6.66457
      vertex -11.5253 23.8261 6.71018
      vertex -22.4747 23.8261 6.71018
    endloop
  endfacet
  facet normal 0 -0.990298 0.138959
    outer loop
      vertex -22.6465 23.8197 6.66457
      vertex -11.3534 23.8197 6.66457
      vertex -11.5253 23.8261 6.71018
    endloop
  endfacet
  facet normal 0.000205737 -0.990324 0.138777
    outer loop
      vertex -31 23.2161 2.36963
      vertex -22.6465 23.8197 6.66457
      vertex -22.8223 23.8158 6.637
    endloop
  endfacet
  facet normal 0 -0.990269 0.13917
    outer loop
      vertex -22.6465 23.8197 6.66457
      vertex -31 23.2161 2.36963
      vertex -11.3534 23.8197 6.66457
    endloop
  endfacet
  facet normal 2.66046e-05 -0.990276 0.139114
    outer loop
      vertex -31 23.2161 2.36963
      vertex -22.8223 23.8158 6.637
      vertex -23 23.8145 6.62778
    endloop
  endfacet
  facet normal 0 -0.990269 0.13917
    outer loop
      vertex -3 23.2161 2.36963
      vertex -11.3534 23.8197 6.66457
      vertex -31 23.2161 2.36963
    endloop
  endfacet
  facet normal -2.48902e-05 -0.990272 0.139146
    outer loop
      vertex -22.8223 24.2864 9.98547
      vertex -31 25.5462 18.9497
      vertex -23 24.2877 9.99469
    endloop
  endfacet
  facet normal 2.26848e-05 -0.990266 0.139188
    outer loop
      vertex -31 25.5462 18.9497
      vertex -23.1777 24.2864 9.98547
      vertex -23 24.2877 9.99469
    endloop
  endfacet
  facet normal 0.000125918 -0.990254 0.139276
    outer loop
      vertex -31 25.5462 18.9497
      vertex -23.3535 24.2825 9.9579
      vertex -23.1777 24.2864 9.98547
    endloop
  endfacet
  facet normal -4.03751e-05 -0.990273 0.139138
    outer loop
      vertex -31 25.5462 18.9497
      vertex -23.5253 24.2761 9.9123
      vertex -23.3535 24.2825 9.9579
    endloop
  endfacet
  facet normal 0.000113393 -0.990255 0.139263
    outer loop
      vertex -31 25.5462 18.9497
      vertex -23.6915 24.2672 9.84915
      vertex -23.5253 24.2761 9.9123
    endloop
  endfacet
  facet normal -0.000192399 -0.990289 0.139022
    outer loop
      vertex -31 25.5462 18.9497
      vertex -23.85 24.256 9.76915
      vertex -23.6915 24.2672 9.84915
    endloop
  endfacet
  facet normal 5.63214e-05 -0.990263 0.139212
    outer loop
      vertex -31 25.5462 18.9497
      vertex -23.9992 24.2425 9.67318
      vertex -23.85 24.256 9.76915
    endloop
  endfacet
  facet normal 7.04102e-05 -0.990261 0.139222
    outer loop
      vertex -31 25.5462 18.9497
      vertex -24.1375 24.2269 9.56229
      vertex -23.9992 24.2425 9.67318
    endloop
  endfacet
  facet normal -5.11211e-05 -0.990273 0.139135
    outer loop
      vertex -31 25.5462 18.9497
      vertex -24.2633 24.2094 9.43769
      vertex -24.1375 24.2269 9.56229
    endloop
  endfacet
  facet normal -0.00021461 -0.990289 0.139021
    outer loop
      vertex -31 25.5462 18.9497
      vertex -24.3753 24.1902 9.30075
      vertex -24.2633 24.2094 9.43769
    endloop
  endfacet
  facet normal 0.00015258 -0.990255 0.139269
    outer loop
      vertex -31 25.5462 18.9497
      vertex -24.4722 24.1694 9.15296
      vertex -24.3753 24.1902 9.30075
    endloop
  endfacet
  facet normal 0.000190999 -0.990251 0.139294
    outer loop
      vertex -31 25.5462 18.9497
      vertex -24.553 24.1473 8.99596
      vertex -24.4722 24.1694 9.15296
    endloop
  endfacet
  facet normal -0.000117763 -0.990279 0.139098
    outer loop
      vertex -31 25.5462 18.9497
      vertex -24.6168 24.1242 8.83145
      vertex -24.553 24.1473 8.99596
    endloop
  endfacet
  facet normal -0.000126492 -0.990279 0.139092
    outer loop
      vertex -31 25.5462 18.9497
      vertex -24.6628 24.1003 8.66125
      vertex -24.6168 24.1242 8.83145
    endloop
  endfacet
  facet normal -5.53044e-08 -0.990269 0.139169
    outer loop
      vertex -31 23.2161 2.36963
      vertex -24.6628 24.1003 8.66125
      vertex -31 25.5462 18.9497
    endloop
  endfacet
  facet normal -0.00027604 -0.99023 0.139441
    outer loop
      vertex -24.6628 24.1003 8.66125
      vertex -31 23.2161 2.36963
      vertex -24.6907 24.0758 8.48721
    endloop
  endfacet
  facet normal 0.000166576 -0.990293 0.138994
    outer loop
      vertex -24.6907 24.0758 8.48721
      vertex -31 23.2161 2.36963
      vertex -24.7 24.0511 8.31124
    endloop
  endfacet
  facet normal 0.000150758 -0.990291 0.13901
    outer loop
      vertex -24.7 24.0511 8.31124
      vertex -31 23.2161 2.36963
      vertex -24.6907 24.0264 8.13527
    endloop
  endfacet
  facet normal -0.000183718 -0.990241 0.139369
    outer loop
      vertex -24.6907 24.0264 8.13527
      vertex -31 23.2161 2.36963
      vertex -24.6628 24.0019 7.96123
    endloop
  endfacet
  facet normal 8.28613e-05 -0.990282 0.139073
    outer loop
      vertex -24.6628 24.0019 7.96123
      vertex -31 23.2161 2.36963
      vertex -24.6168 23.978 7.79102
    endloop
  endfacet
  facet normal 7.52366e-05 -0.990281 0.139081
    outer loop
      vertex -24.6168 23.978 7.79102
      vertex -31 23.2161 2.36963
      vertex -24.553 23.9549 7.62651
    endloop
  endfacet
  facet normal -0.000205904 -0.990324 0.138777
    outer loop
      vertex -11.3534 23.8197 6.66457
      vertex -3 23.2161 2.36963
      vertex -11.1777 23.8158 6.637
    endloop
  endfacet
  facet normal -2.18782e-05 -0.990264 0.139203
    outer loop
      vertex -23.1777 23.8158 6.637
      vertex -31 23.2161 2.36963
      vertex -23 23.8145 6.62778
    endloop
  endfacet
  facet normal -0.000111765 -0.990241 0.139365
    outer loop
      vertex -23.3535 23.8197 6.66457
      vertex -31 23.2161 2.36963
      vertex -23.1777 23.8158 6.637
    endloop
  endfacet
  facet normal 3.88045e-05 -0.990278 0.139102
    outer loop
      vertex -23.5253 23.8261 6.71018
      vertex -31 23.2161 2.36963
      vertex -23.3535 23.8197 6.66457
    endloop
  endfacet
  facet normal -9.5838e-05 -0.990246 0.139329
    outer loop
      vertex -23.6915 23.835 6.77332
      vertex -31 23.2161 2.36963
      vertex -23.5253 23.8261 6.71018
    endloop
  endfacet
  facet normal 0.000147211 -0.990302 0.138934
    outer loop
      vertex -23.85 23.8462 6.85332
      vertex -31 23.2161 2.36963
      vertex -23.6915 23.835 6.77332
    endloop
  endfacet
  facet normal -4.31997e-05 -0.99026 0.139232
    outer loop
      vertex -23.9992 23.8597 6.94929
      vertex -31 23.2161 2.36963
      vertex -23.85 23.8462 6.85332
    endloop
  endfacet
  facet normal -4.73833e-05 -0.990259 0.139238
    outer loop
      vertex -24.1375 23.8753 7.06019
      vertex -31 23.2161 2.36963
      vertex -23.9992 23.8597 6.94929
    endloop
  endfacet
  facet normal 3.53038e-05 -0.990276 0.139119
    outer loop
      vertex -24.2633 23.8928 7.18479
      vertex -31 23.2161 2.36963
      vertex -24.1375 23.8753 7.06019
    endloop
  endfacet
  facet normal 0.00014648 -0.990297 0.138967
    outer loop
      vertex -24.3753 23.912 7.32173
      vertex -31 23.2161 2.36963
      vertex -24.2633 23.8928 7.18479
    endloop
  endfacet
  facet normal -0.000111034 -0.99025 0.139305
    outer loop
      vertex -24.4722 23.9328 7.46951
      vertex -31 23.2161 2.36963
      vertex -24.3753 23.912 7.32173
    endloop
  endfacet
  facet normal -0.000127799 -0.990247 0.139326
    outer loop
      vertex -24.553 23.9549 7.62651
      vertex -31 23.2161 2.36963
      vertex -24.4722 23.9328 7.46951
    endloop
  endfacet
  facet normal -0.000167054 -0.99029 0.139019
    outer loop
      vertex -22.6465 24.2825 9.9579
      vertex -31 25.5462 18.9497
      vertex -22.8223 24.2864 9.98547
    endloop
  endfacet
  facet normal -2.26848e-05 -0.990266 0.139188
    outer loop
      vertex -10.8223 24.2864 9.98547
      vertex -3 25.5462 18.9497
      vertex -11 24.2877 9.99469
    endloop
  endfacet
  facet normal -0.000125981 -0.990254 0.139277
    outer loop
      vertex -10.6466 24.2825 9.9579
      vertex -3 25.5462 18.9497
      vertex -10.8223 24.2864 9.98547
    endloop
  endfacet
  facet normal 4.03558e-05 -0.990273 0.139138
    outer loop
      vertex -10.4747 24.2761 9.9123
      vertex -3 25.5462 18.9497
      vertex -10.6466 24.2825 9.9579
    endloop
  endfacet
  facet normal -0.000113393 -0.990255 0.139263
    outer loop
      vertex -10.3085 24.2672 9.84915
      vertex -3 25.5462 18.9497
      vertex -10.4747 24.2761 9.9123
    endloop
  endfacet
  facet normal 0.000192399 -0.990289 0.139022
    outer loop
      vertex -10.15 24.256 9.76915
      vertex -3 25.5462 18.9497
      vertex -10.3085 24.2672 9.84915
    endloop
  endfacet
  facet normal -5.63214e-05 -0.990263 0.139212
    outer loop
      vertex -10.0008 24.2425 9.67318
      vertex -3 25.5462 18.9497
      vertex -10.15 24.256 9.76915
    endloop
  endfacet
  facet normal -7.04039e-05 -0.990261 0.139222
    outer loop
      vertex -9.86248 24.2269 9.56229
      vertex -3 25.5462 18.9497
      vertex -10.0008 24.2425 9.67318
    endloop
  endfacet
  facet normal 5.11141e-05 -0.990273 0.139135
    outer loop
      vertex -9.73665 24.2094 9.43769
      vertex -3 25.5462 18.9497
      vertex -9.86248 24.2269 9.56229
    endloop
  endfacet
  facet normal 0.000214631 -0.990289 0.139021
    outer loop
      vertex -9.62467 24.1902 9.30075
      vertex -3 25.5462 18.9497
      vertex -9.73665 24.2094 9.43769
    endloop
  endfacet
  facet normal -0.000152573 -0.990255 0.139269
    outer loop
      vertex -9.52776 24.1694 9.15296
      vertex -3 25.5462 18.9497
      vertex -9.62467 24.1902 9.30075
    endloop
  endfacet
  facet normal -0.00019101 -0.990251 0.139294
    outer loop
      vertex -9.44697 24.1473 8.99596
      vertex -3 25.5462 18.9497
      vertex -9.52776 24.1694 9.15296
    endloop
  endfacet
  facet normal 0.000117784 -0.990279 0.139098
    outer loop
      vertex -9.3832 24.1242 8.83145
      vertex -3 25.5462 18.9497
      vertex -9.44697 24.1473 8.99596
    endloop
  endfacet
  facet normal 0.000126451 -0.990279 0.139092
    outer loop
      vertex -9.33715 24.1003 8.66125
      vertex -3 25.5462 18.9497
      vertex -9.3832 24.1242 8.83145
    endloop
  endfacet
  facet normal 0.00027593 -0.99023 0.139441
    outer loop
      vertex -3 23.2161 2.36963
      vertex -9.33715 24.1003 8.66125
      vertex -9.30931 24.0758 8.48721
    endloop
  endfacet
  facet normal -0.000166585 -0.990293 0.138994
    outer loop
      vertex -3 23.2161 2.36963
      vertex -9.30931 24.0758 8.48721
      vertex -9.3 24.0511 8.31124
    endloop
  endfacet
  facet normal -0.000150751 -0.990291 0.13901
    outer loop
      vertex -3 23.2161 2.36963
      vertex -9.3 24.0511 8.31124
      vertex -9.30931 24.0264 8.13527
    endloop
  endfacet
  facet normal 0.000183768 -0.990241 0.139369
    outer loop
      vertex -3 23.2161 2.36963
      vertex -9.30931 24.0264 8.13527
      vertex -9.33715 24.0019 7.96123
    endloop
  endfacet
  facet normal -8.28445e-05 -0.990282 0.139073
    outer loop
      vertex -3 23.2161 2.36963
      vertex -9.33715 24.0019 7.96123
      vertex -9.3832 23.978 7.79102
    endloop
  endfacet
  facet normal -7.52454e-05 -0.990281 0.139081
    outer loop
      vertex -3 23.2161 2.36963
      vertex -9.3832 23.978 7.79102
      vertex -9.44697 23.9549 7.62651
    endloop
  endfacet
  facet normal 0.000127804 -0.990247 0.139326
    outer loop
      vertex -3 23.2161 2.36963
      vertex -9.44697 23.9549 7.62651
      vertex -9.52776 23.9328 7.46951
    endloop
  endfacet
  facet normal -2.66046e-05 -0.990276 0.139114
    outer loop
      vertex -11.1777 23.8158 6.637
      vertex -3 23.2161 2.36963
      vertex -11 23.8145 6.62778
    endloop
  endfacet
  facet normal 2.18782e-05 -0.990264 0.139203
    outer loop
      vertex -11 23.8145 6.62778
      vertex -3 23.2161 2.36963
      vertex -10.8223 23.8158 6.637
    endloop
  endfacet
  facet normal 5.53048e-08 -0.990269 0.139169
    outer loop
      vertex -9.33715 24.1003 8.66125
      vertex -3 23.2161 2.36963
      vertex -3 25.5462 18.9497
    endloop
  endfacet
  facet normal 0.000111031 -0.99025 0.139305
    outer loop
      vertex -9.62467 23.912 7.32173
      vertex -3 23.2161 2.36963
      vertex -9.52776 23.9328 7.46951
    endloop
  endfacet
  facet normal -0.000146491 -0.990297 0.138967
    outer loop
      vertex -9.73665 23.8928 7.18479
      vertex -3 23.2161 2.36963
      vertex -9.62467 23.912 7.32173
    endloop
  endfacet
  facet normal -3.53005e-05 -0.990276 0.139119
    outer loop
      vertex -9.86248 23.8753 7.06019
      vertex -3 23.2161 2.36963
      vertex -9.73665 23.8928 7.18479
    endloop
  endfacet
  facet normal 4.73802e-05 -0.990259 0.139238
    outer loop
      vertex -10.0008 23.8597 6.94929
      vertex -3 23.2161 2.36963
      vertex -9.86248 23.8753 7.06019
    endloop
  endfacet
  facet normal 4.31997e-05 -0.99026 0.139232
    outer loop
      vertex -10.15 23.8462 6.85332
      vertex -3 23.2161 2.36963
      vertex -10.0008 23.8597 6.94929
    endloop
  endfacet
  facet normal -0.000147211 -0.990302 0.138934
    outer loop
      vertex -10.3085 23.835 6.77332
      vertex -3 23.2161 2.36963
      vertex -10.15 23.8462 6.85332
    endloop
  endfacet
  facet normal 9.5838e-05 -0.990246 0.139329
    outer loop
      vertex -10.4747 23.8261 6.71018
      vertex -3 23.2161 2.36963
      vertex -10.3085 23.835 6.77332
    endloop
  endfacet
  facet normal -3.8789e-05 -0.990278 0.139102
    outer loop
      vertex -10.6466 23.8197 6.66457
      vertex -3 23.2161 2.36963
      vertex -10.4747 23.8261 6.71018
    endloop
  endfacet
  facet normal 0.000111815 -0.990241 0.139365
    outer loop
      vertex -10.8223 23.8158 6.637
      vertex -3 23.2161 2.36963
      vertex -10.6466 23.8197 6.66457
    endloop
  endfacet
  facet normal 0 -0.990268 0.139174
    outer loop
      vertex -31 26.2473 23.938
      vertex -3 29.8007 49.2216
      vertex -31 29.8007 49.2216
    endloop
  endfacet
  facet normal 0 -0.990268 0.139174
    outer loop
      vertex -3 29.8007 49.2216
      vertex -31 26.2473 23.938
      vertex -3 26.2473 23.938
    endloop
  endfacet
  facet normal -0 0.139173 0.990268
    outer loop
      vertex -31 23.2161 2.36963
      vertex -3 4.5 5
      vertex -3 23.2161 2.36963
    endloop
  endfacet
  facet normal 0 0.139173 0.990268
    outer loop
      vertex -3 4.5 5
      vertex -31 23.2161 2.36963
      vertex -31 4.5 5
    endloop
  endfacet
  facet normal 0 0.990268 -0.139173
    outer loop
      vertex -3 4.5 5
      vertex -31 5.8728 14.768
      vertex -3 5.8728 14.768
    endloop
  endfacet
  facet normal 0 0.990268 -0.139173
    outer loop
      vertex -31 5.8728 14.768
      vertex -3 4.5 5
      vertex -31 4.5 5
    endloop
  endfacet
  facet normal 0 0.978148 0.207911
    outer loop
      vertex -3 4.83188 14.5467
      vertex -31 4.44048 16.3881
      vertex -3 4.44048 16.3881
    endloop
  endfacet
  facet normal 0 0.978148 0.207911
    outer loop
      vertex -31 4.44048 16.3881
      vertex -3 4.83188 14.5467
      vertex -31 4.83188 14.5467
    endloop
  endfacet
  facet normal 0 -0.978146 -0.20792
    outer loop
      vertex -31 27.2315 19.3079
      vertex -3 26.2473 23.938
      vertex -31 26.2473 23.938
    endloop
  endfacet
  facet normal 0 -0.978146 -0.20792
    outer loop
      vertex -3 26.2473 23.938
      vertex -31 27.2315 19.3079
      vertex -3 27.2315 19.3079
    endloop
  endfacet
  facet normal 0 -0.207953 0.978139
    outer loop
      vertex -31 5.8728 14.768
      vertex -3 4.83188 14.5467
      vertex -3 5.8728 14.768
    endloop
  endfacet
  facet normal 0 -0.207953 0.978139
    outer loop
      vertex -3 4.83188 14.5467
      vertex -31 5.8728 14.768
      vertex -31 4.83188 14.5467
    endloop
  endfacet
  facet normal 0 -0.2079 0.97815
    outer loop
      vertex -31 27.2315 19.3079
      vertex -3 25.5462 18.9497
      vertex -3 27.2315 19.3079
    endloop
  endfacet
  facet normal 0 -0.2079 0.97815
    outer loop
      vertex -3 25.5462 18.9497
      vertex -31 27.2315 19.3079
      vertex -31 25.5462 18.9497
    endloop
  endfacet
  facet normal -0.544689 -0.838638 0
    outer loop
      vertex -13.75 14.6292 0
      vertex -13.1794 14.2586 0.799999
      vertex -13.75 14.6292 0.799999
    endloop
  endfacet
  facet normal -0.544689 -0.838638 -0
    outer loop
      vertex -13.1794 14.2586 0.799999
      vertex -13.75 14.6292 0
      vertex -13.1794 14.2586 0
    endloop
  endfacet
  facet normal -0.987696 0.156387 0
    outer loop
      vertex -10.642 7.64857 0
      vertex -10.5356 8.32056 0.799999
      vertex -10.5356 8.32056 0
    endloop
  endfacet
  facet normal -0.987696 0.156387 0
    outer loop
      vertex -10.5356 8.32056 0.799999
      vertex -10.642 7.64857 0
      vertex -10.642 7.64857 0.799999
    endloop
  endfacet
  facet normal 0.156428 0.987689 -0
    outer loop
      vertex -17.6794 2.53561 0
      vertex -18.3514 2.64204 0.799999
      vertex -17.6794 2.53561 0.799999
    endloop
  endfacet
  facet normal 0.156428 0.987689 0
    outer loop
      vertex -18.3514 2.64204 0.799999
      vertex -17.6794 2.53561 0
      vertex -18.3514 2.64204 0
    endloop
  endfacet
  facet normal 0.453904 -0.891051 0
    outer loop
      vertex -20.25 14.6292 0
      vertex -19.6438 14.938 0.799999
      vertex -20.25 14.6292 0.799999
    endloop
  endfacet
  facet normal 0.453904 -0.891051 0
    outer loop
      vertex -19.6438 14.938 0.799999
      vertex -20.25 14.6292 0
      vertex -19.6438 14.938 0
    endloop
  endfacet
  facet normal 0.965924 -0.258824 0
    outer loop
      vertex -23.358 10.3514 0.799999
      vertex -23.1819 11.0086 0
      vertex -23.1819 11.0086 0.799999
    endloop
  endfacet
  facet normal 0.965924 -0.258824 0
    outer loop
      vertex -23.1819 11.0086 0
      vertex -23.358 10.3514 0.799999
      vertex -23.358 10.3514 0
    endloop
  endfacet
  facet normal 0.258811 0.965928 -0
    outer loop
      vertex -18.3514 2.64204 0
      vertex -19.0086 2.81813 0.799999
      vertex -18.3514 2.64204 0.799999
    endloop
  endfacet
  facet normal 0.258811 0.965928 0
    outer loop
      vertex -19.0086 2.81813 0.799999
      vertex -18.3514 2.64204 0
      vertex -19.0086 2.81813 0
    endloop
  endfacet
  facet normal -0.891051 -0.453904 0
    outer loop
      vertex -11.062 11.6438 0
      vertex -11.3708 12.25 0.799999
      vertex -11.3708 12.25 0
    endloop
  endfacet
  facet normal -0.891051 -0.453904 0
    outer loop
      vertex -11.3708 12.25 0.799999
      vertex -11.062 11.6438 0
      vertex -11.062 11.6438 0.799999
    endloop
  endfacet
  facet normal -0.838638 -0.544689 0
    outer loop
      vertex -11.3708 12.25 0
      vertex -11.7414 12.8206 0.799999
      vertex -11.7414 12.8206 0
    endloop
  endfacet
  facet normal -0.838638 -0.544689 0
    outer loop
      vertex -11.7414 12.8206 0.799999
      vertex -11.3708 12.25 0
      vertex -11.3708 12.25 0.799999
    endloop
  endfacet
  facet normal -0.258824 -0.965924 0
    outer loop
      vertex -15.6486 15.358 0
      vertex -14.9914 15.1819 0.799999
      vertex -15.6486 15.358 0.799999
    endloop
  endfacet
  facet normal -0.258824 -0.965924 -0
    outer loop
      vertex -14.9914 15.1819 0.799999
      vertex -15.6486 15.358 0
      vertex -14.9914 15.1819 0
    endloop
  endfacet
  facet normal 0.0523274 -0.99863 0
    outer loop
      vertex -17.6794 15.4644 0
      vertex -17 15.5 0.799999
      vertex -17.6794 15.4644 0.799999
    endloop
  endfacet
  facet normal 0.0523274 -0.99863 0
    outer loop
      vertex -17 15.5 0.799999
      vertex -17.6794 15.4644 0
      vertex -17 15.5 0
    endloop
  endfacet
  facet normal 0.99863 -0.0523251 0
    outer loop
      vertex -23.5 9 0.799999
      vertex -23.4644 9.67943 0
      vertex -23.4644 9.67943 0.799999
    endloop
  endfacet
  facet normal 0.99863 -0.0523251 0
    outer loop
      vertex -23.4644 9.67943 0
      vertex -23.5 9 0.799999
      vertex -23.5 9 0
    endloop
  endfacet
  facet normal 0.838638 -0.544689 0
    outer loop
      vertex -22.6292 12.25 0.799999
      vertex -22.2586 12.8206 0
      vertex -22.2586 12.8206 0.799999
    endloop
  endfacet
  facet normal 0.838638 -0.544689 0
    outer loop
      vertex -22.2586 12.8206 0
      vertex -22.6292 12.25 0.799999
      vertex -22.6292 12.25 0
    endloop
  endfacet
  facet normal 0.258824 -0.965924 0
    outer loop
      vertex -19.0086 15.1819 0
      vertex -18.3514 15.358 0.799999
      vertex -19.0086 15.1819 0.799999
    endloop
  endfacet
  facet normal 0.258824 -0.965924 0
    outer loop
      vertex -18.3514 15.358 0.799999
      vertex -19.0086 15.1819 0
      vertex -18.3514 15.358 0
    endloop
  endfacet
  facet normal -0.99863 -0.0523251 0
    outer loop
      vertex -10.5 9 0
      vertex -10.5356 9.67943 0.799999
      vertex -10.5356 9.67943 0
    endloop
  endfacet
  facet normal -0.99863 -0.0523251 0
    outer loop
      vertex -10.5356 9.67943 0.799999
      vertex -10.5 9 0
      vertex -10.5 9 0.799999
    endloop
  endfacet
  facet normal -0.965922 0.258832 0
    outer loop
      vertex -10.8181 6.99139 0
      vertex -10.642 7.64857 0.799999
      vertex -10.642 7.64857 0
    endloop
  endfacet
  facet normal -0.965922 0.258832 0
    outer loop
      vertex -10.642 7.64857 0.799999
      vertex -10.8181 6.99139 0
      vertex -10.8181 6.99139 0.799999
    endloop
  endfacet
  facet normal 0.052342 0.998629 -0
    outer loop
      vertex -17 2.5 0
      vertex -17.6794 2.53561 0.799999
      vertex -17 2.5 0.799999
    endloop
  endfacet
  facet normal 0.052342 0.998629 0
    outer loop
      vertex -17.6794 2.53561 0.799999
      vertex -17 2.5 0
      vertex -17.6794 2.53561 0
    endloop
  endfacet
  facet normal 0.544647 0.838665 -0
    outer loop
      vertex -20.25 3.37083 0
      vertex -20.8206 3.74139 0.799999
      vertex -20.25 3.37083 0.799999
    endloop
  endfacet
  facet normal 0.544647 0.838665 0
    outer loop
      vertex -20.8206 3.74139 0.799999
      vertex -20.25 3.37083 0
      vertex -20.8206 3.74139 0
    endloop
  endfacet
  facet normal 0.965922 0.258832 0
    outer loop
      vertex -23.1819 6.99139 0.799999
      vertex -23.358 7.64857 0
      vertex -23.358 7.64857 0.799999
    endloop
  endfacet
  facet normal 0.965922 0.258832 0
    outer loop
      vertex -23.358 7.64857 0
      vertex -23.1819 6.99139 0.799999
      vertex -23.1819 6.99139 0
    endloop
  endfacet
  facet normal -0.965924 -0.258824 0
    outer loop
      vertex -10.642 10.3514 0
      vertex -10.8181 11.0086 0.799999
      vertex -10.8181 11.0086 0
    endloop
  endfacet
  facet normal -0.965924 -0.258824 0
    outer loop
      vertex -10.8181 11.0086 0.799999
      vertex -10.642 10.3514 0
      vertex -10.642 10.3514 0.799999
    endloop
  endfacet
  facet normal -0.933546 -0.358457 0
    outer loop
      vertex -10.8181 11.0086 0
      vertex -11.062 11.6438 0.799999
      vertex -11.062 11.6438 0
    endloop
  endfacet
  facet normal -0.933546 -0.358457 0
    outer loop
      vertex -11.062 11.6438 0.799999
      vertex -10.8181 11.0086 0
      vertex -10.8181 11.0086 0.799999
    endloop
  endfacet
  facet normal -0.707107 -0.707107 0
    outer loop
      vertex -12.1696 13.3493 0
      vertex -12.6507 13.8304 0.799999
      vertex -12.6507 13.8304 0
    endloop
  endfacet
  facet normal -0.707107 -0.707107 0
    outer loop
      vertex -12.6507 13.8304 0.799999
      vertex -12.1696 13.3493 0
      vertex -12.1696 13.3493 0.799999
    endloop
  endfacet
  facet normal -0.777098 -0.62938 0
    outer loop
      vertex -11.7414 12.8206 0
      vertex -12.1696 13.3493 0.799999
      vertex -12.1696 13.3493 0
    endloop
  endfacet
  facet normal -0.777098 -0.62938 0
    outer loop
      vertex -12.1696 13.3493 0.799999
      vertex -11.7414 12.8206 0
      vertex -11.7414 12.8206 0.799999
    endloop
  endfacet
  facet normal -0.62938 -0.777098 0
    outer loop
      vertex -13.1794 14.2586 0
      vertex -12.6507 13.8304 0.799999
      vertex -13.1794 14.2586 0.799999
    endloop
  endfacet
  facet normal -0.62938 -0.777098 -0
    outer loop
      vertex -12.6507 13.8304 0.799999
      vertex -13.1794 14.2586 0
      vertex -12.6507 13.8304 0
    endloop
  endfacet
  facet normal -0.453904 -0.891051 0
    outer loop
      vertex -14.3562 14.938 0
      vertex -13.75 14.6292 0.799999
      vertex -14.3562 14.938 0.799999
    endloop
  endfacet
  facet normal -0.453904 -0.891051 -0
    outer loop
      vertex -13.75 14.6292 0.799999
      vertex -14.3562 14.938 0
      vertex -13.75 14.6292 0
    endloop
  endfacet
  facet normal -0.358457 -0.933546 0
    outer loop
      vertex -14.9914 15.1819 0
      vertex -14.3562 14.938 0.799999
      vertex -14.9914 15.1819 0.799999
    endloop
  endfacet
  facet normal -0.358457 -0.933546 -0
    outer loop
      vertex -14.3562 14.938 0.799999
      vertex -14.9914 15.1819 0
      vertex -14.3562 14.938 0
    endloop
  endfacet
  facet normal -0.156385 -0.987696 0
    outer loop
      vertex -16.3206 15.4644 0
      vertex -15.6486 15.358 0.799999
      vertex -16.3206 15.4644 0.799999
    endloop
  endfacet
  facet normal -0.156385 -0.987696 -0
    outer loop
      vertex -15.6486 15.358 0.799999
      vertex -16.3206 15.4644 0
      vertex -15.6486 15.358 0
    endloop
  endfacet
  facet normal -0.0523274 -0.99863 0
    outer loop
      vertex -17 15.5 0
      vertex -16.3206 15.4644 0.799999
      vertex -17 15.5 0.799999
    endloop
  endfacet
  facet normal -0.0523274 -0.99863 -0
    outer loop
      vertex -16.3206 15.4644 0.799999
      vertex -17 15.5 0
      vertex -16.3206 15.4644 0
    endloop
  endfacet
  facet normal 0.99863 0.0523243 0
    outer loop
      vertex -23.4644 8.32056 0.799999
      vertex -23.5 9 0
      vertex -23.5 9 0.799999
    endloop
  endfacet
  facet normal 0.99863 0.0523243 0
    outer loop
      vertex -23.5 9 0
      vertex -23.4644 8.32056 0.799999
      vertex -23.4644 8.32056 0
    endloop
  endfacet
  facet normal 0.987695 -0.156392 0
    outer loop
      vertex -23.4644 9.67943 0.799999
      vertex -23.358 10.3514 0
      vertex -23.358 10.3514 0.799999
    endloop
  endfacet
  facet normal 0.987695 -0.156392 0
    outer loop
      vertex -23.358 10.3514 0
      vertex -23.4644 9.67943 0.799999
      vertex -23.4644 9.67943 0
    endloop
  endfacet
  facet normal 0.933546 -0.358457 0
    outer loop
      vertex -23.1819 11.0086 0.799999
      vertex -22.938 11.6438 0
      vertex -22.938 11.6438 0.799999
    endloop
  endfacet
  facet normal 0.933546 -0.358457 0
    outer loop
      vertex -22.938 11.6438 0
      vertex -23.1819 11.0086 0.799999
      vertex -23.1819 11.0086 0
    endloop
  endfacet
  facet normal 0.891051 -0.453904 0
    outer loop
      vertex -22.938 11.6438 0.799999
      vertex -22.6292 12.25 0
      vertex -22.6292 12.25 0.799999
    endloop
  endfacet
  facet normal 0.891051 -0.453904 0
    outer loop
      vertex -22.6292 12.25 0
      vertex -22.938 11.6438 0.799999
      vertex -22.938 11.6438 0
    endloop
  endfacet
  facet normal 0.358457 -0.933546 0
    outer loop
      vertex -19.6438 14.938 0
      vertex -19.0086 15.1819 0.799999
      vertex -19.6438 14.938 0.799999
    endloop
  endfacet
  facet normal 0.358457 -0.933546 0
    outer loop
      vertex -19.0086 15.1819 0.799999
      vertex -19.6438 14.938 0
      vertex -19.0086 15.1819 0
    endloop
  endfacet
  facet normal 0.156385 -0.987696 0
    outer loop
      vertex -18.3514 15.358 0
      vertex -17.6794 15.4644 0.799999
      vertex -18.3514 15.358 0.799999
    endloop
  endfacet
  facet normal 0.156385 -0.987696 0
    outer loop
      vertex -17.6794 15.4644 0.799999
      vertex -18.3514 15.358 0
      vertex -17.6794 15.4644 0
    endloop
  endfacet
  facet normal 0.62938 -0.777098 0
    outer loop
      vertex -21.3493 13.8304 0
      vertex -20.8206 14.2586 0.799999
      vertex -21.3493 13.8304 0.799999
    endloop
  endfacet
  facet normal 0.62938 -0.777098 0
    outer loop
      vertex -20.8206 14.2586 0.799999
      vertex -21.3493 13.8304 0
      vertex -20.8206 14.2586 0
    endloop
  endfacet
  facet normal 0.707107 -0.707107 0
    outer loop
      vertex -21.8304 13.3493 0.799999
      vertex -21.3493 13.8304 0
      vertex -21.3493 13.8304 0.799999
    endloop
  endfacet
  facet normal 0.707107 -0.707107 0
    outer loop
      vertex -21.3493 13.8304 0
      vertex -21.8304 13.3493 0.799999
      vertex -21.8304 13.3493 0
    endloop
  endfacet
  facet normal 0.544689 -0.838638 0
    outer loop
      vertex -20.8206 14.2586 0
      vertex -20.25 14.6292 0.799999
      vertex -20.8206 14.2586 0.799999
    endloop
  endfacet
  facet normal 0.544689 -0.838638 0
    outer loop
      vertex -20.25 14.6292 0.799999
      vertex -20.8206 14.2586 0
      vertex -20.25 14.6292 0
    endloop
  endfacet
  facet normal 0.777098 -0.62938 0
    outer loop
      vertex -22.2586 12.8206 0.799999
      vertex -21.8304 13.3493 0
      vertex -21.8304 13.3493 0.799999
    endloop
  endfacet
  facet normal 0.777098 -0.62938 0
    outer loop
      vertex -21.8304 13.3493 0
      vertex -22.2586 12.8206 0.799999
      vertex -22.2586 12.8206 0
    endloop
  endfacet
  facet normal -0.99863 0.0523243 0
    outer loop
      vertex -10.5356 8.32056 0
      vertex -10.5 9 0.799999
      vertex -10.5 9 0
    endloop
  endfacet
  facet normal -0.99863 0.0523243 0
    outer loop
      vertex -10.5 9 0.799999
      vertex -10.5356 8.32056 0
      vertex -10.5356 8.32056 0.799999
    endloop
  endfacet
  facet normal -0.156428 0.987689 0
    outer loop
      vertex -15.6486 2.64204 0
      vertex -16.3206 2.53561 0.799999
      vertex -15.6486 2.64204 0.799999
    endloop
  endfacet
  facet normal -0.156428 0.987689 0
    outer loop
      vertex -16.3206 2.53561 0.799999
      vertex -15.6486 2.64204 0
      vertex -16.3206 2.53561 0
    endloop
  endfacet
  facet normal -0.838638 0.544689 0
    outer loop
      vertex -11.7414 5.1794 0
      vertex -11.3708 5.75 0.799999
      vertex -11.3708 5.75 0
    endloop
  endfacet
  facet normal -0.838638 0.544689 0
    outer loop
      vertex -11.3708 5.75 0.799999
      vertex -11.7414 5.1794 0
      vertex -11.7414 5.1794 0.799999
    endloop
  endfacet
  facet normal -0.258811 0.965928 0
    outer loop
      vertex -14.9914 2.81813 0
      vertex -15.6486 2.64204 0.799999
      vertex -14.9914 2.81813 0.799999
    endloop
  endfacet
  facet normal -0.258811 0.965928 0
    outer loop
      vertex -15.6486 2.64204 0.799999
      vertex -14.9914 2.81813 0
      vertex -15.6486 2.64204 0
    endloop
  endfacet
  facet normal -0.358355 0.933586 0
    outer loop
      vertex -14.3562 3.06195 0
      vertex -14.9914 2.81813 0.799999
      vertex -14.3562 3.06195 0.799999
    endloop
  endfacet
  facet normal -0.358355 0.933586 0
    outer loop
      vertex -14.9914 2.81813 0.799999
      vertex -14.3562 3.06195 0
      vertex -14.9914 2.81813 0
    endloop
  endfacet
  facet normal -0.777127 0.629344 0
    outer loop
      vertex -12.1696 4.65065 0
      vertex -11.7414 5.1794 0.799999
      vertex -11.7414 5.1794 0
    endloop
  endfacet
  facet normal -0.777127 0.629344 0
    outer loop
      vertex -11.7414 5.1794 0.799999
      vertex -12.1696 4.65065 0
      vertex -12.1696 4.65065 0.799999
    endloop
  endfacet
  facet normal -0.707099 0.707114 0
    outer loop
      vertex -12.6507 4.16956 0
      vertex -12.1696 4.65065 0.799999
      vertex -12.1696 4.65065 0
    endloop
  endfacet
  facet normal -0.707099 0.707114 0
    outer loop
      vertex -12.1696 4.65065 0.799999
      vertex -12.6507 4.16956 0
      vertex -12.6507 4.16956 0.799999
    endloop
  endfacet
  facet normal -0.544647 0.838665 0
    outer loop
      vertex -13.1794 3.74139 0
      vertex -13.75 3.37083 0.799999
      vertex -13.1794 3.74139 0.799999
    endloop
  endfacet
  facet normal -0.544647 0.838665 0
    outer loop
      vertex -13.75 3.37083 0.799999
      vertex -13.1794 3.74139 0
      vertex -13.75 3.37083 0
    endloop
  endfacet
  facet normal -0.052342 0.998629 0
    outer loop
      vertex -16.3206 2.53561 0
      vertex -17 2.5 0.799999
      vertex -16.3206 2.53561 0.799999
    endloop
  endfacet
  facet normal -0.052342 0.998629 0
    outer loop
      vertex -17 2.5 0.799999
      vertex -16.3206 2.53561 0
      vertex -17 2.5 0
    endloop
  endfacet
  facet normal 0.358355 0.933586 -0
    outer loop
      vertex -19.0086 2.81813 0
      vertex -19.6438 3.06195 0.799999
      vertex -19.0086 2.81813 0.799999
    endloop
  endfacet
  facet normal 0.358355 0.933586 0
    outer loop
      vertex -19.6438 3.06195 0.799999
      vertex -19.0086 2.81813 0
      vertex -19.6438 3.06195 0
    endloop
  endfacet
  facet normal 0.933542 0.358467 0
    outer loop
      vertex -22.938 6.35621 0.799999
      vertex -23.1819 6.99139 0
      vertex -23.1819 6.99139 0.799999
    endloop
  endfacet
  facet normal 0.933542 0.358467 0
    outer loop
      vertex -23.1819 6.99139 0
      vertex -22.938 6.35621 0.799999
      vertex -22.938 6.35621 0
    endloop
  endfacet
  facet normal 0.987696 0.156387 0
    outer loop
      vertex -23.358 7.64857 0.799999
      vertex -23.4644 8.32056 0
      vertex -23.4644 8.32056 0.799999
    endloop
  endfacet
  facet normal 0.987696 0.156387 0
    outer loop
      vertex -23.4644 8.32056 0
      vertex -23.358 7.64857 0.799999
      vertex -23.358 7.64857 0
    endloop
  endfacet
  facet normal 0.707099 0.707114 0
    outer loop
      vertex -21.3493 4.16956 0.799999
      vertex -21.8304 4.65065 0
      vertex -21.8304 4.65065 0.799999
    endloop
  endfacet
  facet normal 0.707099 0.707114 0
    outer loop
      vertex -21.8304 4.65065 0
      vertex -21.3493 4.16956 0.799999
      vertex -21.3493 4.16956 0
    endloop
  endfacet
  facet normal 0.838638 0.544689 0
    outer loop
      vertex -22.2586 5.1794 0.799999
      vertex -22.6292 5.75 0
      vertex -22.6292 5.75 0.799999
    endloop
  endfacet
  facet normal 0.838638 0.544689 0
    outer loop
      vertex -22.6292 5.75 0
      vertex -22.2586 5.1794 0.799999
      vertex -22.2586 5.1794 0
    endloop
  endfacet
  facet normal 0.629353 0.777119 -0
    outer loop
      vertex -20.8206 3.74139 0
      vertex -21.3493 4.16956 0.799999
      vertex -20.8206 3.74139 0.799999
    endloop
  endfacet
  facet normal 0.629353 0.777119 0
    outer loop
      vertex -21.3493 4.16956 0.799999
      vertex -20.8206 3.74139 0
      vertex -21.3493 4.16956 0
    endloop
  endfacet
  facet normal -0.987695 -0.156392 0
    outer loop
      vertex -10.5356 9.67943 0
      vertex -10.642 10.3514 0.799999
      vertex -10.642 10.3514 0
    endloop
  endfacet
  facet normal -0.987695 -0.156392 0
    outer loop
      vertex -10.642 10.3514 0.799999
      vertex -10.5356 9.67943 0
      vertex -10.5356 9.67943 0.799999
    endloop
  endfacet
  facet normal 0 0 -1
    outer loop
      vertex -10.5356 8.32056 0.799999
      vertex -10.5356 9.67943 0.799999
      vertex -10.5 9 0.799999
    endloop
  endfacet
  facet normal 0 0 -1
    outer loop
      vertex -10.642 7.64857 0.799999
      vertex -10.5356 9.67943 0.799999
      vertex -10.5356 8.32056 0.799999
    endloop
  endfacet
  facet normal 0 0 -1
    outer loop
      vertex -10.642 7.64857 0.799999
      vertex -10.642 10.3514 0.799999
      vertex -10.5356 9.67943 0.799999
    endloop
  endfacet
  facet normal 0 0 -1
    outer loop
      vertex -10.8181 6.99139 0.799999
      vertex -10.642 10.3514 0.799999
      vertex -10.642 7.64857 0.799999
    endloop
  endfacet
  facet normal 0 0 -1
    outer loop
      vertex -10.8181 6.99139 0.799999
      vertex -10.8181 11.0086 0.799999
      vertex -10.642 10.3514 0.799999
    endloop
  endfacet
  facet normal 0 0 -1
    outer loop
      vertex -11.062 6.35621 0.799999
      vertex -10.8181 11.0086 0.799999
      vertex -10.8181 6.99139 0.799999
    endloop
  endfacet
  facet normal 0 0 -1
    outer loop
      vertex -11.062 6.35621 0.799999
      vertex -11.062 11.6438 0.799999
      vertex -10.8181 11.0086 0.799999
    endloop
  endfacet
  facet normal 0 0 -1
    outer loop
      vertex -11.3708 5.75 0.799999
      vertex -11.062 11.6438 0.799999
      vertex -11.062 6.35621 0.799999
    endloop
  endfacet
  facet normal 0 0 -1
    outer loop
      vertex -11.3708 5.75 0.799999
      vertex -11.3708 12.25 0.799999
      vertex -11.062 11.6438 0.799999
    endloop
  endfacet
  facet normal 0 0 -1
    outer loop
      vertex -11.7414 5.1794 0.799999
      vertex -11.3708 12.25 0.799999
      vertex -11.3708 5.75 0.799999
    endloop
  endfacet
  facet normal 0 0 -1
    outer loop
      vertex -11.7414 5.1794 0.799999
      vertex -11.7414 12.8206 0.799999
      vertex -11.3708 12.25 0.799999
    endloop
  endfacet
  facet normal 0 0 -1
    outer loop
      vertex -12.1696 4.65065 0.799999
      vertex -11.7414 12.8206 0.799999
      vertex -11.7414 5.1794 0.799999
    endloop
  endfacet
  facet normal 0 0 -1
    outer loop
      vertex -12.1696 4.65065 0.799999
      vertex -12.1696 13.3493 0.799999
      vertex -11.7414 12.8206 0.799999
    endloop
  endfacet
  facet normal 0 0 -1
    outer loop
      vertex -12.6507 4.16956 0.799999
      vertex -12.1696 13.3493 0.799999
      vertex -12.1696 4.65065 0.799999
    endloop
  endfacet
  facet normal 0 0 -1
    outer loop
      vertex -12.6507 4.16956 0.799999
      vertex -12.6507 13.8304 0.799999
      vertex -12.1696 13.3493 0.799999
    endloop
  endfacet
  facet normal 0 0 -1
    outer loop
      vertex -13.1794 3.74139 0.799999
      vertex -12.6507 13.8304 0.799999
      vertex -12.6507 4.16956 0.799999
    endloop
  endfacet
  facet normal 0 0 -1
    outer loop
      vertex -13.1794 3.74139 0.799999
      vertex -13.1794 14.2586 0.799999
      vertex -12.6507 13.8304 0.799999
    endloop
  endfacet
  facet normal 0 0 -1
    outer loop
      vertex -13.75 3.37083 0.799999
      vertex -13.1794 14.2586 0.799999
      vertex -13.1794 3.74139 0.799999
    endloop
  endfacet
  facet normal 0 0 -1
    outer loop
      vertex -13.75 3.37083 0.799999
      vertex -13.75 14.6292 0.799999
      vertex -13.1794 14.2586 0.799999
    endloop
  endfacet
  facet normal 0 0 -1
    outer loop
      vertex -14.3562 3.06195 0.799999
      vertex -13.75 14.6292 0.799999
      vertex -13.75 3.37083 0.799999
    endloop
  endfacet
  facet normal 0 0 -1
    outer loop
      vertex -14.3562 3.06195 0.799999
      vertex -14.3562 14.938 0.799999
      vertex -13.75 14.6292 0.799999
    endloop
  endfacet
  facet normal 0 0 -1
    outer loop
      vertex -14.9914 2.81813 0.799999
      vertex -14.3562 14.938 0.799999
      vertex -14.3562 3.06195 0.799999
    endloop
  endfacet
  facet normal 0 0 -1
    outer loop
      vertex -14.9914 2.81813 0.799999
      vertex -14.9914 15.1819 0.799999
      vertex -14.3562 14.938 0.799999
    endloop
  endfacet
  facet normal 0 0 -1
    outer loop
      vertex -15.6486 2.64204 0.799999
      vertex -14.9914 15.1819 0.799999
      vertex -14.9914 2.81813 0.799999
    endloop
  endfacet
  facet normal 0 0 -1
    outer loop
      vertex -15.6486 2.64204 0.799999
      vertex -15.6486 15.358 0.799999
      vertex -14.9914 15.1819 0.799999
    endloop
  endfacet
  facet normal 0 0 -1
    outer loop
      vertex -16.3206 2.53561 0.799999
      vertex -15.6486 15.358 0.799999
      vertex -15.6486 2.64204 0.799999
    endloop
  endfacet
  facet normal 0 0 -1
    outer loop
      vertex -16.3206 2.53561 0.799999
      vertex -16.3206 15.4644 0.799999
      vertex -15.6486 15.358 0.799999
    endloop
  endfacet
  facet normal 0 0 -1
    outer loop
      vertex -17 2.5 0.799999
      vertex -16.3206 15.4644 0.799999
      vertex -16.3206 2.53561 0.799999
    endloop
  endfacet
  facet normal 0 0 -1
    outer loop
      vertex -17 2.5 0.799999
      vertex -17 15.5 0.799999
      vertex -16.3206 15.4644 0.799999
    endloop
  endfacet
  facet normal 0 0 -1
    outer loop
      vertex -17.6794 2.53561 0.799999
      vertex -17 15.5 0.799999
      vertex -17 2.5 0.799999
    endloop
  endfacet
  facet normal 0 0 -1
    outer loop
      vertex -17.6794 2.53561 0.799999
      vertex -17.6794 15.4644 0.799999
      vertex -17 15.5 0.799999
    endloop
  endfacet
  facet normal 0 0 -1
    outer loop
      vertex -18.3514 2.64204 0.799999
      vertex -17.6794 15.4644 0.799999
      vertex -17.6794 2.53561 0.799999
    endloop
  endfacet
  facet normal 0 0 -1
    outer loop
      vertex -18.3514 2.64204 0.799999
      vertex -18.3514 15.358 0.799999
      vertex -17.6794 15.4644 0.799999
    endloop
  endfacet
  facet normal 0 0 -1
    outer loop
      vertex -19.0086 2.81813 0.799999
      vertex -18.3514 15.358 0.799999
      vertex -18.3514 2.64204 0.799999
    endloop
  endfacet
  facet normal 0 0 -1
    outer loop
      vertex -19.0086 2.81813 0.799999
      vertex -19.0086 15.1819 0.799999
      vertex -18.3514 15.358 0.799999
    endloop
  endfacet
  facet normal 0 0 -1
    outer loop
      vertex -19.6438 3.06195 0.799999
      vertex -19.0086 15.1819 0.799999
      vertex -19.0086 2.81813 0.799999
    endloop
  endfacet
  facet normal 0 0 -1
    outer loop
      vertex -19.6438 3.06195 0.799999
      vertex -19.6438 14.938 0.799999
      vertex -19.0086 15.1819 0.799999
    endloop
  endfacet
  facet normal 0 0 -1
    outer loop
      vertex -20.25 3.37083 0.799999
      vertex -19.6438 14.938 0.799999
      vertex -19.6438 3.06195 0.799999
    endloop
  endfacet
  facet normal 0 0 -1
    outer loop
      vertex -20.25 3.37083 0.799999
      vertex -20.25 14.6292 0.799999
      vertex -19.6438 14.938 0.799999
    endloop
  endfacet
  facet normal 0 0 -1
    outer loop
      vertex -20.8206 3.74139 0.799999
      vertex -20.25 14.6292 0.799999
      vertex -20.25 3.37083 0.799999
    endloop
  endfacet
  facet normal 0 0 -1
    outer loop
      vertex -20.8206 3.74139 0.799999
      vertex -20.8206 14.2586 0.799999
      vertex -20.25 14.6292 0.799999
    endloop
  endfacet
  facet normal 0 0 -1
    outer loop
      vertex -21.3493 4.16956 0.799999
      vertex -20.8206 14.2586 0.799999
      vertex -20.8206 3.74139 0.799999
    endloop
  endfacet
  facet normal 0 0 -1
    outer loop
      vertex -21.3493 4.16956 0.799999
      vertex -21.3493 13.8304 0.799999
      vertex -20.8206 14.2586 0.799999
    endloop
  endfacet
  facet normal 0 0 -1
    outer loop
      vertex -21.8304 4.65065 0.799999
      vertex -21.3493 13.8304 0.799999
      vertex -21.3493 4.16956 0.799999
    endloop
  endfacet
  facet normal 0 0 -1
    outer loop
      vertex -21.8304 4.65065 0.799999
      vertex -21.8304 13.3493 0.799999
      vertex -21.3493 13.8304 0.799999
    endloop
  endfacet
  facet normal 0 0 -1
    outer loop
      vertex -22.2586 5.1794 0.799999
      vertex -21.8304 13.3493 0.799999
      vertex -21.8304 4.65065 0.799999
    endloop
  endfacet
  facet normal 0 0 -1
    outer loop
      vertex -22.2586 5.1794 0.799999
      vertex -22.2586 12.8206 0.799999
      vertex -21.8304 13.3493 0.799999
    endloop
  endfacet
  facet normal 0 0 -1
    outer loop
      vertex -22.6292 5.75 0.799999
      vertex -22.2586 12.8206 0.799999
      vertex -22.2586 5.1794 0.799999
    endloop
  endfacet
  facet normal 0 0 -1
    outer loop
      vertex -22.6292 5.75 0.799999
      vertex -22.6292 12.25 0.799999
      vertex -22.2586 12.8206 0.799999
    endloop
  endfacet
  facet normal 0 0 -1
    outer loop
      vertex -22.938 6.35621 0.799999
      vertex -22.6292 12.25 0.799999
      vertex -22.6292 5.75 0.799999
    endloop
  endfacet
  facet normal 0 0 -1
    outer loop
      vertex -22.938 6.35621 0.799999
      vertex -22.938 11.6438 0.799999
      vertex -22.6292 12.25 0.799999
    endloop
  endfacet
  facet normal 0 0 -1
    outer loop
      vertex -23.1819 6.99139 0.799999
      vertex -22.938 11.6438 0.799999
      vertex -22.938 6.35621 0.799999
    endloop
  endfacet
  facet normal 0 0 -1
    outer loop
      vertex -23.1819 6.99139 0.799999
      vertex -23.1819 11.0086 0.799999
      vertex -22.938 11.6438 0.799999
    endloop
  endfacet
  facet normal 0 0 -1
    outer loop
      vertex -23.358 7.64857 0.799999
      vertex -23.1819 11.0086 0.799999
      vertex -23.1819 6.99139 0.799999
    endloop
  endfacet
  facet normal 0 0 -1
    outer loop
      vertex -23.358 7.64857 0.799999
      vertex -23.358 10.3514 0.799999
      vertex -23.1819 11.0086 0.799999
    endloop
  endfacet
  facet normal 0 0 -1
    outer loop
      vertex -23.4644 8.32056 0.799999
      vertex -23.358 10.3514 0.799999
      vertex -23.358 7.64857 0.799999
    endloop
  endfacet
  facet normal 0 0 -1
    outer loop
      vertex -23.4644 8.32056 0.799999
      vertex -23.4644 9.67943 0.799999
      vertex -23.358 10.3514 0.799999
    endloop
  endfacet
  facet normal 0 -0 -1
    outer loop
      vertex -23.4644 9.67943 0.799999
      vertex -23.4644 8.32056 0.799999
      vertex -23.5 9 0.799999
    endloop
  endfacet
  facet normal -0.453997 0.891003 0
    outer loop
      vertex -13.75 3.37083 0
      vertex -14.3562 3.06195 0.799999
      vertex -13.75 3.37083 0.799999
    endloop
  endfacet
  facet normal -0.453997 0.891003 0
    outer loop
      vertex -14.3562 3.06195 0.799999
      vertex -13.75 3.37083 0
      vertex -14.3562 3.06195 0
    endloop
  endfacet
  facet normal -0.629353 0.777119 0
    outer loop
      vertex -12.6507 4.16956 0
      vertex -13.1794 3.74139 0.799999
      vertex -12.6507 4.16956 0.799999
    endloop
  endfacet
  facet normal -0.629353 0.777119 0
    outer loop
      vertex -13.1794 3.74139 0.799999
      vertex -12.6507 4.16956 0
      vertex -13.1794 3.74139 0
    endloop
  endfacet
  facet normal 0.453997 0.891003 -0
    outer loop
      vertex -19.6438 3.06195 0
      vertex -20.25 3.37083 0.799999
      vertex -19.6438 3.06195 0.799999
    endloop
  endfacet
  facet normal 0.453997 0.891003 0
    outer loop
      vertex -20.25 3.37083 0.799999
      vertex -19.6438 3.06195 0
      vertex -20.25 3.37083 0
    endloop
  endfacet
  facet normal 0.891054 0.453898 0
    outer loop
      vertex -22.6292 5.75 0.799999
      vertex -22.938 6.35621 0
      vertex -22.938 6.35621 0.799999
    endloop
  endfacet
  facet normal 0.891054 0.453898 0
    outer loop
      vertex -22.938 6.35621 0
      vertex -22.6292 5.75 0.799999
      vertex -22.6292 5.75 0
    endloop
  endfacet
  facet normal 0.777127 0.629344 0
    outer loop
      vertex -21.8304 4.65065 0.799999
      vertex -22.2586 5.1794 0
      vertex -22.2586 5.1794 0.799999
    endloop
  endfacet
  facet normal 0.777127 0.629344 0
    outer loop
      vertex -22.2586 5.1794 0
      vertex -21.8304 4.65065 0.799999
      vertex -21.8304 4.65065 0
    endloop
  endfacet
  facet normal -0.933542 0.358467 0
    outer loop
      vertex -11.062 6.35621 0
      vertex -10.8181 6.99139 0.799999
      vertex -10.8181 6.99139 0
    endloop
  endfacet
  facet normal -0.933542 0.358467 0
    outer loop
      vertex -10.8181 6.99139 0.799999
      vertex -11.062 6.35621 0
      vertex -11.062 6.35621 0.799999
    endloop
  endfacet
  facet normal -0.891054 0.453898 0
    outer loop
      vertex -11.3708 5.75 0
      vertex -11.062 6.35621 0.799999
      vertex -11.062 6.35621 0
    endloop
  endfacet
  facet normal -0.891054 0.453898 0
    outer loop
      vertex -11.062 6.35621 0.799999
      vertex -11.3708 5.75 0
      vertex -11.3708 5.75 0.799999
    endloop
  endfacet
  facet normal -0.629291 -0.77717 0
    outer loop
      vertex -13.1794 41.3199 0
      vertex -12.6507 40.8918 0.799999
      vertex -13.1794 41.3199 0.799999
    endloop
  endfacet
  facet normal -0.629291 -0.77717 -0
    outer loop
      vertex -12.6507 40.8918 0.799999
      vertex -13.1794 41.3199 0
      vertex -12.6507 40.8918 0
    endloop
  endfacet
  facet normal 0.987696 -0.156385 0
    outer loop
      vertex -23.4644 36.7408 0.799999
      vertex -23.358 37.4128 0
      vertex -23.358 37.4128 0.799999
    endloop
  endfacet
  facet normal 0.987696 -0.156385 0
    outer loop
      vertex -23.358 37.4128 0
      vertex -23.4644 36.7408 0.799999
      vertex -23.4644 36.7408 0
    endloop
  endfacet
  facet normal -0.987696 0.156385 0
    outer loop
      vertex -10.642 34.7099 0
      vertex -10.5356 35.3819 0.799999
      vertex -10.5356 35.3819 0
    endloop
  endfacet
  facet normal -0.987696 0.156385 0
    outer loop
      vertex -10.5356 35.3819 0.799999
      vertex -10.642 34.7099 0
      vertex -10.642 34.7099 0.799999
    endloop
  endfacet
  facet normal 0.156529 0.987673 -0
    outer loop
      vertex -17.6794 29.5969 0
      vertex -18.3514 29.7034 0.799999
      vertex -17.6794 29.5969 0.799999
    endloop
  endfacet
  facet normal 0.156529 0.987673 0
    outer loop
      vertex -18.3514 29.7034 0.799999
      vertex -17.6794 29.5969 0
      vertex -18.3514 29.7034 0
    endloop
  endfacet
  facet normal 0.45402 -0.890991 0
    outer loop
      vertex -20.25 41.6905 0
      vertex -19.6438 41.9994 0.799999
      vertex -20.25 41.6905 0.799999
    endloop
  endfacet
  facet normal 0.45402 -0.890991 0
    outer loop
      vertex -19.6438 41.9994 0.799999
      vertex -20.25 41.6905 0
      vertex -19.6438 41.9994 0
    endloop
  endfacet
  facet normal 0.965915 -0.258861 0
    outer loop
      vertex -23.358 37.4128 0.799999
      vertex -23.1819 38.0699 0
      vertex -23.1819 38.0699 0.799999
    endloop
  endfacet
  facet normal 0.965915 -0.258861 0
    outer loop
      vertex -23.1819 38.0699 0
      vertex -23.358 37.4128 0.799999
      vertex -23.358 37.4128 0
    endloop
  endfacet
  facet normal 0.258824 0.965924 -0
    outer loop
      vertex -18.3514 29.7034 0
      vertex -19.0086 29.8795 0.799999
      vertex -18.3514 29.7034 0.799999
    endloop
  endfacet
  facet normal 0.258824 0.965924 0
    outer loop
      vertex -19.0086 29.8795 0.799999
      vertex -18.3514 29.7034 0
      vertex -19.0086 29.8795 0
    endloop
  endfacet
  facet normal -0.891051 -0.453904 0
    outer loop
      vertex -11.062 38.7051 0
      vertex -11.3708 39.3113 0.799999
      vertex -11.3708 39.3113 0
    endloop
  endfacet
  facet normal -0.891051 -0.453904 0
    outer loop
      vertex -11.3708 39.3113 0.799999
      vertex -11.062 38.7051 0
      vertex -11.062 38.7051 0.799999
    endloop
  endfacet
  facet normal -0.838638 -0.544689 0
    outer loop
      vertex -11.3708 39.3113 0
      vertex -11.7414 39.8819 0.799999
      vertex -11.7414 39.8819 0
    endloop
  endfacet
  facet normal -0.838638 -0.544689 0
    outer loop
      vertex -11.7414 39.8819 0.799999
      vertex -11.3708 39.3113 0
      vertex -11.3708 39.3113 0.799999
    endloop
  endfacet
  facet normal -0.358329 -0.933595 0
    outer loop
      vertex -14.9914 42.2432 0
      vertex -14.3562 41.9994 0.799999
      vertex -14.9914 42.2432 0.799999
    endloop
  endfacet
  facet normal -0.358329 -0.933595 -0
    outer loop
      vertex -14.3562 41.9994 0.799999
      vertex -14.9914 42.2432 0
      vertex -14.3562 41.9994 0
    endloop
  endfacet
  facet normal -0.0523274 -0.99863 0
    outer loop
      vertex -17 42.5613 0
      vertex -16.3206 42.5257 0.799999
      vertex -17 42.5613 0.799999
    endloop
  endfacet
  facet normal -0.0523274 -0.99863 -0
    outer loop
      vertex -16.3206 42.5257 0.799999
      vertex -17 42.5613 0
      vertex -16.3206 42.5257 0
    endloop
  endfacet
  facet normal 0.99863 -0.0523197 0
    outer loop
      vertex -23.5 36.0613 0.799999
      vertex -23.4644 36.7408 0
      vertex -23.4644 36.7408 0.799999
    endloop
  endfacet
  facet normal 0.99863 -0.0523197 0
    outer loop
      vertex -23.4644 36.7408 0
      vertex -23.5 36.0613 0.799999
      vertex -23.5 36.0613 0
    endloop
  endfacet
  facet normal 0.838638 -0.544689 0
    outer loop
      vertex -22.6292 39.3113 0.799999
      vertex -22.2586 39.8819 0
      vertex -22.2586 39.8819 0.799999
    endloop
  endfacet
  facet normal 0.838638 -0.544689 0
    outer loop
      vertex -22.2586 39.8819 0
      vertex -22.6292 39.3113 0.799999
      vertex -22.6292 39.3113 0
    endloop
  endfacet
  facet normal 0.258824 -0.965924 0
    outer loop
      vertex -19.0086 42.2432 0
      vertex -18.3514 42.4193 0.799999
      vertex -19.0086 42.2432 0.799999
    endloop
  endfacet
  facet normal 0.258824 -0.965924 0
    outer loop
      vertex -18.3514 42.4193 0.799999
      vertex -19.0086 42.2432 0
      vertex -18.3514 42.4193 0
    endloop
  endfacet
  facet normal -0.99863 -0.0523197 0
    outer loop
      vertex -10.5 36.0613 0
      vertex -10.5356 36.7408 0.799999
      vertex -10.5356 36.7408 0
    endloop
  endfacet
  facet normal -0.99863 -0.0523197 0
    outer loop
      vertex -10.5356 36.7408 0.799999
      vertex -10.5 36.0613 0
      vertex -10.5 36.0613 0.799999
    endloop
  endfacet
  facet normal -0.965924 0.258824 0
    outer loop
      vertex -10.8181 34.0527 0
      vertex -10.642 34.7099 0.799999
      vertex -10.642 34.7099 0
    endloop
  endfacet
  facet normal -0.965924 0.258824 0
    outer loop
      vertex -10.642 34.7099 0.799999
      vertex -10.8181 34.0527 0
      vertex -10.8181 34.0527 0.799999
    endloop
  endfacet
  facet normal 0.0523274 0.99863 -0
    outer loop
      vertex -17 29.5613 0
      vertex -17.6794 29.5969 0.799999
      vertex -17 29.5613 0.799999
    endloop
  endfacet
  facet normal 0.0523274 0.99863 0
    outer loop
      vertex -17.6794 29.5969 0.799999
      vertex -17 29.5613 0
      vertex -17.6794 29.5969 0
    endloop
  endfacet
  facet normal 0.544585 0.838705 -0
    outer loop
      vertex -20.25 30.4322 0
      vertex -20.8206 30.8027 0.799999
      vertex -20.25 30.4322 0.799999
    endloop
  endfacet
  facet normal 0.544585 0.838705 0
    outer loop
      vertex -20.8206 30.8027 0.799999
      vertex -20.25 30.4322 0
      vertex -20.8206 30.8027 0
    endloop
  endfacet
  facet normal 0.965924 0.258824 0
    outer loop
      vertex -23.1819 34.0527 0.799999
      vertex -23.358 34.7099 0
      vertex -23.358 34.7099 0.799999
    endloop
  endfacet
  facet normal 0.965924 0.258824 0
    outer loop
      vertex -23.358 34.7099 0
      vertex -23.1819 34.0527 0.799999
      vertex -23.1819 34.0527 0
    endloop
  endfacet
  facet normal -0.987696 -0.156385 0
    outer loop
      vertex -10.5356 36.7408 0
      vertex -10.642 37.4128 0.799999
      vertex -10.642 37.4128 0
    endloop
  endfacet
  facet normal -0.987696 -0.156385 0
    outer loop
      vertex -10.642 37.4128 0.799999
      vertex -10.5356 36.7408 0
      vertex -10.5356 36.7408 0.799999
    endloop
  endfacet
  facet normal -0.965915 -0.258861 0
    outer loop
      vertex -10.642 37.4128 0
      vertex -10.8181 38.0699 0.799999
      vertex -10.8181 38.0699 0
    endloop
  endfacet
  facet normal -0.965915 -0.258861 0
    outer loop
      vertex -10.8181 38.0699 0.799999
      vertex -10.642 37.4128 0
      vertex -10.642 37.4128 0.799999
    endloop
  endfacet
  facet normal -0.933546 -0.358457 0
    outer loop
      vertex -10.8181 38.0699 0
      vertex -11.062 38.7051 0.799999
      vertex -11.062 38.7051 0
    endloop
  endfacet
  facet normal -0.933546 -0.358457 0
    outer loop
      vertex -11.062 38.7051 0.799999
      vertex -10.8181 38.0699 0
      vertex -10.8181 38.0699 0.799999
    endloop
  endfacet
  facet normal -0.777156 -0.629308 0
    outer loop
      vertex -11.7414 39.8819 0
      vertex -12.1696 40.4107 0.799999
      vertex -12.1696 40.4107 0
    endloop
  endfacet
  facet normal -0.777156 -0.629308 0
    outer loop
      vertex -12.1696 40.4107 0.799999
      vertex -11.7414 39.8819 0
      vertex -11.7414 39.8819 0.799999
    endloop
  endfacet
  facet normal -0.707107 -0.707107 0
    outer loop
      vertex -12.6507 40.8918 0
      vertex -12.1696 40.4107 0.799999
      vertex -12.6507 40.8918 0.799999
    endloop
  endfacet
  facet normal -0.707107 -0.707107 -0
    outer loop
      vertex -12.1696 40.4107 0.799999
      vertex -12.6507 40.8918 0
      vertex -12.1696 40.4107 0
    endloop
  endfacet
  facet normal -0.544689 -0.838638 0
    outer loop
      vertex -13.75 41.6905 0
      vertex -13.1794 41.3199 0.799999
      vertex -13.75 41.6905 0.799999
    endloop
  endfacet
  facet normal -0.544689 -0.838638 -0
    outer loop
      vertex -13.1794 41.3199 0.799999
      vertex -13.75 41.6905 0
      vertex -13.1794 41.3199 0
    endloop
  endfacet
  facet normal 0.0523274 -0.99863 0
    outer loop
      vertex -17.6794 42.5257 0
      vertex -17 42.5613 0.799999
      vertex -17.6794 42.5257 0.799999
    endloop
  endfacet
  facet normal 0.0523274 -0.99863 0
    outer loop
      vertex -17 42.5613 0.799999
      vertex -17.6794 42.5257 0
      vertex -17 42.5613 0
    endloop
  endfacet
  facet normal -0.45402 -0.890991 0
    outer loop
      vertex -14.3562 41.9994 0
      vertex -13.75 41.6905 0.799999
      vertex -14.3562 41.9994 0.799999
    endloop
  endfacet
  facet normal -0.45402 -0.890991 -0
    outer loop
      vertex -13.75 41.6905 0.799999
      vertex -14.3562 41.9994 0
      vertex -13.75 41.6905 0
    endloop
  endfacet
  facet normal -0.258824 -0.965924 0
    outer loop
      vertex -15.6486 42.4193 0
      vertex -14.9914 42.2432 0.799999
      vertex -15.6486 42.4193 0.799999
    endloop
  endfacet
  facet normal -0.258824 -0.965924 -0
    outer loop
      vertex -14.9914 42.2432 0.799999
      vertex -15.6486 42.4193 0
      vertex -14.9914 42.2432 0
    endloop
  endfacet
  facet normal -0.156385 -0.987696 0
    outer loop
      vertex -16.3206 42.5257 0
      vertex -15.6486 42.4193 0.799999
      vertex -16.3206 42.5257 0.799999
    endloop
  endfacet
  facet normal -0.156385 -0.987696 -0
    outer loop
      vertex -15.6486 42.4193 0.799999
      vertex -16.3206 42.5257 0
      vertex -15.6486 42.4193 0
    endloop
  endfacet
  facet normal 0.99863 0.0523274 0
    outer loop
      vertex -23.4644 35.3819 0.799999
      vertex -23.5 36.0613 0
      vertex -23.5 36.0613 0.799999
    endloop
  endfacet
  facet normal 0.99863 0.0523274 0
    outer loop
      vertex -23.5 36.0613 0
      vertex -23.4644 35.3819 0.799999
      vertex -23.4644 35.3819 0
    endloop
  endfacet
  facet normal 0.933546 -0.358457 0
    outer loop
      vertex -23.1819 38.0699 0.799999
      vertex -22.938 38.7051 0
      vertex -22.938 38.7051 0.799999
    endloop
  endfacet
  facet normal 0.933546 -0.358457 0
    outer loop
      vertex -22.938 38.7051 0
      vertex -23.1819 38.0699 0.799999
      vertex -23.1819 38.0699 0
    endloop
  endfacet
  facet normal 0.891051 -0.453904 0
    outer loop
      vertex -22.938 38.7051 0.799999
      vertex -22.6292 39.3113 0
      vertex -22.6292 39.3113 0.799999
    endloop
  endfacet
  facet normal 0.891051 -0.453904 0
    outer loop
      vertex -22.6292 39.3113 0
      vertex -22.938 38.7051 0.799999
      vertex -22.938 38.7051 0
    endloop
  endfacet
  facet normal 0.358329 -0.933595 0
    outer loop
      vertex -19.6438 41.9994 0
      vertex -19.0086 42.2432 0.799999
      vertex -19.6438 41.9994 0.799999
    endloop
  endfacet
  facet normal 0.358329 -0.933595 0
    outer loop
      vertex -19.0086 42.2432 0.799999
      vertex -19.6438 41.9994 0
      vertex -19.0086 42.2432 0
    endloop
  endfacet
  facet normal 0.156385 -0.987696 0
    outer loop
      vertex -18.3514 42.4193 0
      vertex -17.6794 42.5257 0.799999
      vertex -18.3514 42.4193 0.799999
    endloop
  endfacet
  facet normal 0.156385 -0.987696 0
    outer loop
      vertex -17.6794 42.5257 0.799999
      vertex -18.3514 42.4193 0
      vertex -17.6794 42.5257 0
    endloop
  endfacet
  facet normal 0.629291 -0.77717 0
    outer loop
      vertex -21.3493 40.8918 0
      vertex -20.8206 41.3199 0.799999
      vertex -21.3493 40.8918 0.799999
    endloop
  endfacet
  facet normal 0.629291 -0.77717 0
    outer loop
      vertex -20.8206 41.3199 0.799999
      vertex -21.3493 40.8918 0
      vertex -20.8206 41.3199 0
    endloop
  endfacet
  facet normal 0.707107 -0.707107 0
    outer loop
      vertex -21.8304 40.4107 0.799999
      vertex -21.3493 40.8918 0
      vertex -21.3493 40.8918 0.799999
    endloop
  endfacet
  facet normal 0.707107 -0.707107 0
    outer loop
      vertex -21.3493 40.8918 0
      vertex -21.8304 40.4107 0.799999
      vertex -21.8304 40.4107 0
    endloop
  endfacet
  facet normal 0.544689 -0.838638 0
    outer loop
      vertex -20.8206 41.3199 0
      vertex -20.25 41.6905 0.799999
      vertex -20.8206 41.3199 0.799999
    endloop
  endfacet
  facet normal 0.544689 -0.838638 0
    outer loop
      vertex -20.25 41.6905 0.799999
      vertex -20.8206 41.3199 0
      vertex -20.25 41.6905 0
    endloop
  endfacet
  facet normal 0.777156 -0.629308 0
    outer loop
      vertex -22.2586 39.8819 0.799999
      vertex -21.8304 40.4107 0
      vertex -21.8304 40.4107 0.799999
    endloop
  endfacet
  facet normal 0.777156 -0.629308 0
    outer loop
      vertex -21.8304 40.4107 0
      vertex -22.2586 39.8819 0.799999
      vertex -22.2586 39.8819 0
    endloop
  endfacet
  facet normal -0.99863 0.0523274 0
    outer loop
      vertex -10.5356 35.3819 0
      vertex -10.5 36.0613 0.799999
      vertex -10.5 36.0613 0
    endloop
  endfacet
  facet normal -0.99863 0.0523274 0
    outer loop
      vertex -10.5 36.0613 0.799999
      vertex -10.5356 35.3819 0
      vertex -10.5356 35.3819 0.799999
    endloop
  endfacet
  facet normal -0.156529 0.987673 0
    outer loop
      vertex -15.6486 29.7034 0
      vertex -16.3206 29.5969 0.799999
      vertex -15.6486 29.7034 0.799999
    endloop
  endfacet
  facet normal -0.156529 0.987673 0
    outer loop
      vertex -16.3206 29.5969 0.799999
      vertex -15.6486 29.7034 0
      vertex -16.3206 29.5969 0
    endloop
  endfacet
  facet normal -0.838638 0.544689 0
    outer loop
      vertex -11.7414 32.2407 0
      vertex -11.3708 32.8113 0.799999
      vertex -11.3708 32.8113 0
    endloop
  endfacet
  facet normal -0.838638 0.544689 0
    outer loop
      vertex -11.3708 32.8113 0.799999
      vertex -11.7414 32.2407 0
      vertex -11.7414 32.2407 0.799999
    endloop
  endfacet
  facet normal -0.258824 0.965924 0
    outer loop
      vertex -14.9914 29.8795 0
      vertex -15.6486 29.7034 0.799999
      vertex -14.9914 29.8795 0.799999
    endloop
  endfacet
  facet normal -0.258824 0.965924 0
    outer loop
      vertex -15.6486 29.7034 0.799999
      vertex -14.9914 29.8795 0
      vertex -15.6486 29.7034 0
    endloop
  endfacet
  facet normal -0.358329 0.933595 0
    outer loop
      vertex -14.3562 30.1233 0
      vertex -14.9914 29.8795 0.799999
      vertex -14.3562 30.1233 0.799999
    endloop
  endfacet
  facet normal -0.358329 0.933595 0
    outer loop
      vertex -14.9914 29.8795 0.799999
      vertex -14.3562 30.1233 0
      vertex -14.9914 29.8795 0
    endloop
  endfacet
  facet normal -0.707107 0.707107 0
    outer loop
      vertex -12.1696 31.712 0
      vertex -12.6507 31.2309 0.799999
      vertex -12.1696 31.712 0.799999
    endloop
  endfacet
  facet normal -0.707107 0.707107 0
    outer loop
      vertex -12.6507 31.2309 0.799999
      vertex -12.1696 31.712 0
      vertex -12.6507 31.2309 0
    endloop
  endfacet
  facet normal -0.544585 0.838705 0
    outer loop
      vertex -13.1794 30.8027 0
      vertex -13.75 30.4322 0.799999
      vertex -13.1794 30.8027 0.799999
    endloop
  endfacet
  facet normal -0.544585 0.838705 0
    outer loop
      vertex -13.75 30.4322 0.799999
      vertex -13.1794 30.8027 0
      vertex -13.75 30.4322 0
    endloop
  endfacet
  facet normal -0.0523274 0.99863 0
    outer loop
      vertex -16.3206 29.5969 0
      vertex -17 29.5613 0.799999
      vertex -16.3206 29.5969 0.799999
    endloop
  endfacet
  facet normal -0.0523274 0.99863 0
    outer loop
      vertex -17 29.5613 0.799999
      vertex -16.3206 29.5969 0
      vertex -17 29.5613 0
    endloop
  endfacet
  facet normal 0.358329 0.933595 -0
    outer loop
      vertex -19.0086 29.8795 0
      vertex -19.6438 30.1233 0.799999
      vertex -19.0086 29.8795 0.799999
    endloop
  endfacet
  facet normal 0.358329 0.933595 0
    outer loop
      vertex -19.6438 30.1233 0.799999
      vertex -19.0086 29.8795 0
      vertex -19.6438 30.1233 0
    endloop
  endfacet
  facet normal 0.933546 0.358457 0
    outer loop
      vertex -22.938 33.4175 0.799999
      vertex -23.1819 34.0527 0
      vertex -23.1819 34.0527 0.799999
    endloop
  endfacet
  facet normal 0.933546 0.358457 0
    outer loop
      vertex -23.1819 34.0527 0
      vertex -22.938 33.4175 0.799999
      vertex -22.938 33.4175 0
    endloop
  endfacet
  facet normal 0.987696 0.156385 0
    outer loop
      vertex -23.358 34.7099 0.799999
      vertex -23.4644 35.3819 0
      vertex -23.4644 35.3819 0.799999
    endloop
  endfacet
  facet normal 0.987696 0.156385 0
    outer loop
      vertex -23.4644 35.3819 0
      vertex -23.358 34.7099 0.799999
      vertex -23.358 34.7099 0
    endloop
  endfacet
  facet normal 0.707107 0.707107 0
    outer loop
      vertex -21.3493 31.2309 0.799999
      vertex -21.8304 31.712 0
      vertex -21.8304 31.712 0.799999
    endloop
  endfacet
  facet normal 0.707107 0.707107 0
    outer loop
      vertex -21.8304 31.712 0
      vertex -21.3493 31.2309 0.799999
      vertex -21.3493 31.2309 0
    endloop
  endfacet
  facet normal 0.838638 0.544689 0
    outer loop
      vertex -22.2586 32.2407 0.799999
      vertex -22.6292 32.8113 0
      vertex -22.6292 32.8113 0.799999
    endloop
  endfacet
  facet normal 0.838638 0.544689 0
    outer loop
      vertex -22.6292 32.8113 0
      vertex -22.2586 32.2407 0.799999
      vertex -22.2586 32.2407 0
    endloop
  endfacet
  facet normal 0 0 -1
    outer loop
      vertex -10.5356 35.3819 0.799999
      vertex -10.5356 36.7408 0.799999
      vertex -10.5 36.0613 0.799999
    endloop
  endfacet
  facet normal 0 0 -1
    outer loop
      vertex -10.642 34.7099 0.799999
      vertex -10.5356 36.7408 0.799999
      vertex -10.5356 35.3819 0.799999
    endloop
  endfacet
  facet normal 0 0 -1
    outer loop
      vertex -10.642 34.7099 0.799999
      vertex -10.642 37.4128 0.799999
      vertex -10.5356 36.7408 0.799999
    endloop
  endfacet
  facet normal 0 0 -1
    outer loop
      vertex -10.8181 34.0527 0.799999
      vertex -10.642 37.4128 0.799999
      vertex -10.642 34.7099 0.799999
    endloop
  endfacet
  facet normal 0 0 -1
    outer loop
      vertex -10.8181 34.0527 0.799999
      vertex -10.8181 38.0699 0.799999
      vertex -10.642 37.4128 0.799999
    endloop
  endfacet
  facet normal 0 0 -1
    outer loop
      vertex -11.062 33.4175 0.799999
      vertex -10.8181 38.0699 0.799999
      vertex -10.8181 34.0527 0.799999
    endloop
  endfacet
  facet normal 0 0 -1
    outer loop
      vertex -11.062 33.4175 0.799999
      vertex -11.062 38.7051 0.799999
      vertex -10.8181 38.0699 0.799999
    endloop
  endfacet
  facet normal 0 0 -1
    outer loop
      vertex -11.3708 32.8113 0.799999
      vertex -11.062 38.7051 0.799999
      vertex -11.062 33.4175 0.799999
    endloop
  endfacet
  facet normal 0 0 -1
    outer loop
      vertex -11.3708 32.8113 0.799999
      vertex -11.3708 39.3113 0.799999
      vertex -11.062 38.7051 0.799999
    endloop
  endfacet
  facet normal 0 0 -1
    outer loop
      vertex -11.7414 32.2407 0.799999
      vertex -11.3708 39.3113 0.799999
      vertex -11.3708 32.8113 0.799999
    endloop
  endfacet
  facet normal 0 0 -1
    outer loop
      vertex -11.7414 32.2407 0.799999
      vertex -11.7414 39.8819 0.799999
      vertex -11.3708 39.3113 0.799999
    endloop
  endfacet
  facet normal 0 0 -1
    outer loop
      vertex -12.1696 31.712 0.799999
      vertex -11.7414 39.8819 0.799999
      vertex -11.7414 32.2407 0.799999
    endloop
  endfacet
  facet normal 0 0 -1
    outer loop
      vertex -12.1696 31.712 0.799999
      vertex -12.1696 40.4107 0.799999
      vertex -11.7414 39.8819 0.799999
    endloop
  endfacet
  facet normal 0 0 -1
    outer loop
      vertex -12.6507 31.2309 0.799999
      vertex -12.1696 40.4107 0.799999
      vertex -12.1696 31.712 0.799999
    endloop
  endfacet
  facet normal 0 0 -1
    outer loop
      vertex -12.6507 31.2309 0.799999
      vertex -12.6507 40.8918 0.799999
      vertex -12.1696 40.4107 0.799999
    endloop
  endfacet
  facet normal 0 0 -1
    outer loop
      vertex -13.1794 30.8027 0.799999
      vertex -12.6507 40.8918 0.799999
      vertex -12.6507 31.2309 0.799999
    endloop
  endfacet
  facet normal 0 0 -1
    outer loop
      vertex -13.1794 30.8027 0.799999
      vertex -13.1794 41.3199 0.799999
      vertex -12.6507 40.8918 0.799999
    endloop
  endfacet
  facet normal 0 0 -1
    outer loop
      vertex -13.75 30.4322 0.799999
      vertex -13.1794 41.3199 0.799999
      vertex -13.1794 30.8027 0.799999
    endloop
  endfacet
  facet normal 0 0 -1
    outer loop
      vertex -13.75 30.4322 0.799999
      vertex -13.75 41.6905 0.799999
      vertex -13.1794 41.3199 0.799999
    endloop
  endfacet
  facet normal 0 0 -1
    outer loop
      vertex -14.3562 30.1233 0.799999
      vertex -13.75 41.6905 0.799999
      vertex -13.75 30.4322 0.799999
    endloop
  endfacet
  facet normal 0 0 -1
    outer loop
      vertex -14.3562 30.1233 0.799999
      vertex -14.3562 41.9994 0.799999
      vertex -13.75 41.6905 0.799999
    endloop
  endfacet
  facet normal 0 0 -1
    outer loop
      vertex -14.9914 29.8795 0.799999
      vertex -14.3562 41.9994 0.799999
      vertex -14.3562 30.1233 0.799999
    endloop
  endfacet
  facet normal 0 0 -1
    outer loop
      vertex -14.9914 29.8795 0.799999
      vertex -14.9914 42.2432 0.799999
      vertex -14.3562 41.9994 0.799999
    endloop
  endfacet
  facet normal 0 0 -1
    outer loop
      vertex -15.6486 29.7034 0.799999
      vertex -14.9914 42.2432 0.799999
      vertex -14.9914 29.8795 0.799999
    endloop
  endfacet
  facet normal 0 0 -1
    outer loop
      vertex -15.6486 29.7034 0.799999
      vertex -15.6486 42.4193 0.799999
      vertex -14.9914 42.2432 0.799999
    endloop
  endfacet
  facet normal 0 0 -1
    outer loop
      vertex -16.3206 29.5969 0.799999
      vertex -15.6486 42.4193 0.799999
      vertex -15.6486 29.7034 0.799999
    endloop
  endfacet
  facet normal 0 0 -1
    outer loop
      vertex -16.3206 29.5969 0.799999
      vertex -16.3206 42.5257 0.799999
      vertex -15.6486 42.4193 0.799999
    endloop
  endfacet
  facet normal 0 0 -1
    outer loop
      vertex -17 29.5613 0.799999
      vertex -16.3206 42.5257 0.799999
      vertex -16.3206 29.5969 0.799999
    endloop
  endfacet
  facet normal 0 0 -1
    outer loop
      vertex -17 29.5613 0.799999
      vertex -17 42.5613 0.799999
      vertex -16.3206 42.5257 0.799999
    endloop
  endfacet
  facet normal 0 0 -1
    outer loop
      vertex -17.6794 29.5969 0.799999
      vertex -17 42.5613 0.799999
      vertex -17 29.5613 0.799999
    endloop
  endfacet
  facet normal 0 0 -1
    outer loop
      vertex -17.6794 29.5969 0.799999
      vertex -17.6794 42.5257 0.799999
      vertex -17 42.5613 0.799999
    endloop
  endfacet
  facet normal 0 0 -1
    outer loop
      vertex -18.3514 29.7034 0.799999
      vertex -17.6794 42.5257 0.799999
      vertex -17.6794 29.5969 0.799999
    endloop
  endfacet
  facet normal 0 0 -1
    outer loop
      vertex -18.3514 29.7034 0.799999
      vertex -18.3514 42.4193 0.799999
      vertex -17.6794 42.5257 0.799999
    endloop
  endfacet
  facet normal 0 0 -1
    outer loop
      vertex -19.0086 29.8795 0.799999
      vertex -18.3514 42.4193 0.799999
      vertex -18.3514 29.7034 0.799999
    endloop
  endfacet
  facet normal 0 0 -1
    outer loop
      vertex -19.0086 29.8795 0.799999
      vertex -19.0086 42.2432 0.799999
      vertex -18.3514 42.4193 0.799999
    endloop
  endfacet
  facet normal 0 0 -1
    outer loop
      vertex -19.6438 30.1233 0.799999
      vertex -19.0086 42.2432 0.799999
      vertex -19.0086 29.8795 0.799999
    endloop
  endfacet
  facet normal 0 0 -1
    outer loop
      vertex -19.6438 30.1233 0.799999
      vertex -19.6438 41.9994 0.799999
      vertex -19.0086 42.2432 0.799999
    endloop
  endfacet
  facet normal 0 0 -1
    outer loop
      vertex -20.25 30.4322 0.799999
      vertex -19.6438 41.9994 0.799999
      vertex -19.6438 30.1233 0.799999
    endloop
  endfacet
  facet normal 0 0 -1
    outer loop
      vertex -20.25 30.4322 0.799999
      vertex -20.25 41.6905 0.799999
      vertex -19.6438 41.9994 0.799999
    endloop
  endfacet
  facet normal 0 0 -1
    outer loop
      vertex -20.8206 30.8027 0.799999
      vertex -20.25 41.6905 0.799999
      vertex -20.25 30.4322 0.799999
    endloop
  endfacet
  facet normal 0 0 -1
    outer loop
      vertex -20.8206 30.8027 0.799999
      vertex -20.8206 41.3199 0.799999
      vertex -20.25 41.6905 0.799999
    endloop
  endfacet
  facet normal 0 0 -1
    outer loop
      vertex -21.3493 31.2309 0.799999
      vertex -20.8206 41.3199 0.799999
      vertex -20.8206 30.8027 0.799999
    endloop
  endfacet
  facet normal 0 0 -1
    outer loop
      vertex -21.3493 31.2309 0.799999
      vertex -21.3493 40.8918 0.799999
      vertex -20.8206 41.3199 0.799999
    endloop
  endfacet
  facet normal 0 0 -1
    outer loop
      vertex -21.8304 31.712 0.799999
      vertex -21.3493 40.8918 0.799999
      vertex -21.3493 31.2309 0.799999
    endloop
  endfacet
  facet normal 0 0 -1
    outer loop
      vertex -21.8304 31.712 0.799999
      vertex -21.8304 40.4107 0.799999
      vertex -21.3493 40.8918 0.799999
    endloop
  endfacet
  facet normal 0 0 -1
    outer loop
      vertex -22.2586 32.2407 0.799999
      vertex -21.8304 40.4107 0.799999
      vertex -21.8304 31.712 0.799999
    endloop
  endfacet
  facet normal 0 0 -1
    outer loop
      vertex -22.2586 32.2407 0.799999
      vertex -22.2586 39.8819 0.799999
      vertex -21.8304 40.4107 0.799999
    endloop
  endfacet
  facet normal 0 0 -1
    outer loop
      vertex -22.6292 32.8113 0.799999
      vertex -22.2586 39.8819 0.799999
      vertex -22.2586 32.2407 0.799999
    endloop
  endfacet
  facet normal 0 0 -1
    outer loop
      vertex -22.6292 32.8113 0.799999
      vertex -22.6292 39.3113 0.799999
      vertex -22.2586 39.8819 0.799999
    endloop
  endfacet
  facet normal 0 0 -1
    outer loop
      vertex -22.938 33.4175 0.799999
      vertex -22.6292 39.3113 0.799999
      vertex -22.6292 32.8113 0.799999
    endloop
  endfacet
  facet normal 0 0 -1
    outer loop
      vertex -22.938 33.4175 0.799999
      vertex -22.938 38.7051 0.799999
      vertex -22.6292 39.3113 0.799999
    endloop
  endfacet
  facet normal 0 0 -1
    outer loop
      vertex -23.1819 34.0527 0.799999
      vertex -22.938 38.7051 0.799999
      vertex -22.938 33.4175 0.799999
    endloop
  endfacet
  facet normal 0 0 -1
    outer loop
      vertex -23.1819 34.0527 0.799999
      vertex -23.1819 38.0699 0.799999
      vertex -22.938 38.7051 0.799999
    endloop
  endfacet
  facet normal 0 0 -1
    outer loop
      vertex -23.358 34.7099 0.799999
      vertex -23.1819 38.0699 0.799999
      vertex -23.1819 34.0527 0.799999
    endloop
  endfacet
  facet normal 0 0 -1
    outer loop
      vertex -23.358 34.7099 0.799999
      vertex -23.358 37.4128 0.799999
      vertex -23.1819 38.0699 0.799999
    endloop
  endfacet
  facet normal 0 0 -1
    outer loop
      vertex -23.4644 35.3819 0.799999
      vertex -23.358 37.4128 0.799999
      vertex -23.358 34.7099 0.799999
    endloop
  endfacet
  facet normal 0 0 -1
    outer loop
      vertex -23.4644 35.3819 0.799999
      vertex -23.4644 36.7408 0.799999
      vertex -23.358 37.4128 0.799999
    endloop
  endfacet
  facet normal 0 -0 -1
    outer loop
      vertex -23.4644 36.7408 0.799999
      vertex -23.4644 35.3819 0.799999
      vertex -23.5 36.0613 0.799999
    endloop
  endfacet
  facet normal -0.45402 0.890991 0
    outer loop
      vertex -13.75 30.4322 0
      vertex -14.3562 30.1233 0.799999
      vertex -13.75 30.4322 0.799999
    endloop
  endfacet
  facet normal -0.45402 0.890991 0
    outer loop
      vertex -14.3562 30.1233 0.799999
      vertex -13.75 30.4322 0
      vertex -14.3562 30.1233 0
    endloop
  endfacet
  facet normal -0.777098 0.62938 0
    outer loop
      vertex -12.1696 31.712 0
      vertex -11.7414 32.2407 0.799999
      vertex -11.7414 32.2407 0
    endloop
  endfacet
  facet normal -0.777098 0.62938 0
    outer loop
      vertex -11.7414 32.2407 0.799999
      vertex -12.1696 31.712 0
      vertex -12.1696 31.712 0.799999
    endloop
  endfacet
  facet normal -0.62938 0.777098 0
    outer loop
      vertex -12.6507 31.2309 0
      vertex -13.1794 30.8027 0.799999
      vertex -12.6507 31.2309 0.799999
    endloop
  endfacet
  facet normal -0.62938 0.777098 0
    outer loop
      vertex -13.1794 30.8027 0.799999
      vertex -12.6507 31.2309 0
      vertex -13.1794 30.8027 0
    endloop
  endfacet
  facet normal 0.45402 0.890991 -0
    outer loop
      vertex -19.6438 30.1233 0
      vertex -20.25 30.4322 0.799999
      vertex -19.6438 30.1233 0.799999
    endloop
  endfacet
  facet normal 0.45402 0.890991 0
    outer loop
      vertex -20.25 30.4322 0.799999
      vertex -19.6438 30.1233 0
      vertex -20.25 30.4322 0
    endloop
  endfacet
  facet normal 0.891051 0.453904 0
    outer loop
      vertex -22.6292 32.8113 0.799999
      vertex -22.938 33.4175 0
      vertex -22.938 33.4175 0.799999
    endloop
  endfacet
  facet normal 0.891051 0.453904 0
    outer loop
      vertex -22.938 33.4175 0
      vertex -22.6292 32.8113 0.799999
      vertex -22.6292 32.8113 0
    endloop
  endfacet
  facet normal 0.777098 0.62938 0
    outer loop
      vertex -21.8304 31.712 0.799999
      vertex -22.2586 32.2407 0
      vertex -22.2586 32.2407 0.799999
    endloop
  endfacet
  facet normal 0.777098 0.62938 0
    outer loop
      vertex -22.2586 32.2407 0
      vertex -21.8304 31.712 0.799999
      vertex -21.8304 31.712 0
    endloop
  endfacet
  facet normal 0.62938 0.777098 -0
    outer loop
      vertex -20.8206 30.8027 0
      vertex -21.3493 31.2309 0.799999
      vertex -20.8206 30.8027 0.799999
    endloop
  endfacet
  facet normal 0.62938 0.777098 0
    outer loop
      vertex -21.3493 31.2309 0.799999
      vertex -20.8206 30.8027 0
      vertex -21.3493 31.2309 0
    endloop
  endfacet
  facet normal -0.933546 0.358457 0
    outer loop
      vertex -11.062 33.4175 0
      vertex -10.8181 34.0527 0.799999
      vertex -10.8181 34.0527 0
    endloop
  endfacet
  facet normal -0.933546 0.358457 0
    outer loop
      vertex -10.8181 34.0527 0.799999
      vertex -11.062 33.4175 0
      vertex -11.062 33.4175 0.799999
    endloop
  endfacet
  facet normal -0.891051 0.453904 0
    outer loop
      vertex -11.3708 32.8113 0
      vertex -11.062 33.4175 0.799999
      vertex -11.062 33.4175 0
    endloop
  endfacet
  facet normal -0.891051 0.453904 0
    outer loop
      vertex -11.062 33.4175 0.799999
      vertex -11.3708 32.8113 0
      vertex -11.3708 32.8113 0.799999
    endloop
  endfacet
  facet normal -0.998633 0.00727392 0.0517555
    outer loop
      vertex -21.3093 25.4127 7.94043
      vertex -21.3 24.0511 8.31124
      vertex -21.3 25.4375 8.11639
    endloop
  endfacet
  facet normal -0.998633 0.00727423 0.0517566
    outer loop
      vertex -21.3 24.0511 8.31124
      vertex -21.3093 25.4127 7.94043
      vertex -21.3093 24.0264 8.13527
    endloop
  endfacet
  facet normal 0.998633 0.00727392 0.0517555
    outer loop
      vertex -24.7 24.0511 8.31124
      vertex -24.6907 25.4127 7.94043
      vertex -24.7 25.4375 8.11639
    endloop
  endfacet
  facet normal 0.998633 0.00727423 0.0517566
    outer loop
      vertex -24.6907 25.4127 7.94043
      vertex -24.7 24.0511 8.31124
      vertex -24.6907 24.0264 8.13527
    endloop
  endfacet
  facet normal 0.0523266 0.138978 0.988912
    outer loop
      vertex -23.1777 23.8158 6.637
      vertex -23 25.2009 6.43294
      vertex -23.1777 25.2022 6.44216
    endloop
  endfacet
  facet normal 0.0523266 0.138978 0.988912
    outer loop
      vertex -23 25.2009 6.43294
      vertex -23.1777 23.8158 6.637
      vertex -23 23.8145 6.62778
    endloop
  endfacet
  facet normal -0.707171 0.0984033 0.700161
    outer loop
      vertex -21.8625 25.2617 6.86534
      vertex -21.7367 23.8928 7.18479
      vertex -21.7367 25.2792 6.98994
    endloop
  endfacet
  facet normal -0.707171 0.0984033 0.700161
    outer loop
      vertex -21.7367 23.8928 7.18479
      vertex -21.8625 25.2617 6.86534
      vertex -21.8625 23.8753 7.06019
    endloop
  endfacet
  facet normal 0.707171 0.0984033 0.700161
    outer loop
      vertex -24.2633 23.8928 7.18479
      vertex -24.1375 25.2617 6.86534
      vertex -24.2633 25.2792 6.98994
    endloop
  endfacet
  facet normal 0.707171 0.0984033 0.700161
    outer loop
      vertex -24.1375 25.2617 6.86534
      vertex -24.2633 23.8928 7.18479
      vertex -24.1375 23.8753 7.06019
    endloop
  endfacet
  facet normal 0.358182 0.129945 0.924565
    outer loop
      vertex -23.6915 23.835 6.77332
      vertex -23.5253 25.2125 6.51533
      vertex -23.6915 25.2213 6.57848
    endloop
  endfacet
  facet normal 0.358201 0.129941 0.924558
    outer loop
      vertex -23.5253 25.2125 6.51533
      vertex -23.6915 23.835 6.77332
      vertex -23.5253 23.8261 6.71018
    endloop
  endfacet
  facet normal -0.933532 0.0498912 0.355005
    outer loop
      vertex -21.447 25.3412 7.43167
      vertex -21.3832 23.978 7.79102
      vertex -21.3832 25.3644 7.59618
    endloop
  endfacet
  facet normal -0.933522 0.0498984 0.35503
    outer loop
      vertex -21.3832 23.978 7.79102
      vertex -21.447 25.3412 7.43167
      vertex -21.447 23.9549 7.62651
    endloop
  endfacet
  facet normal -0.987633 0.0218209 0.155257
    outer loop
      vertex -21.3372 25.3883 7.76638
      vertex -21.3093 24.0264 8.13527
      vertex -21.3093 25.4127 7.94043
    endloop
  endfacet
  facet normal -0.987634 0.02182 0.155254
    outer loop
      vertex -21.3093 24.0264 8.13527
      vertex -21.3372 25.3883 7.76638
      vertex -21.3372 24.0019 7.96123
    endloop
  endfacet
  facet normal -0.358182 0.129945 0.924565
    outer loop
      vertex -22.4747 25.2125 6.51533
      vertex -22.3085 23.835 6.77332
      vertex -22.3085 25.2213 6.57848
    endloop
  endfacet
  facet normal -0.358201 0.129941 0.924558
    outer loop
      vertex -22.3085 23.835 6.77332
      vertex -22.4747 25.2125 6.51533
      vertex -22.4747 23.8261 6.71018
    endloop
  endfacet
  facet normal 0.838727 0.0757849 0.539254
    outer loop
      vertex -24.4722 23.9328 7.46951
      vertex -24.3753 25.2984 7.12688
      vertex -24.4722 25.3192 7.27467
    endloop
  endfacet
  facet normal 0.83871 0.0757922 0.539278
    outer loop
      vertex -24.3753 25.2984 7.12688
      vertex -24.4722 23.9328 7.46951
      vertex -24.3753 23.912 7.32173
    endloop
  endfacet
  facet normal 0.777081 0.0875974 0.623275
    outer loop
      vertex -24.3753 23.912 7.32173
      vertex -24.2633 25.2792 6.98994
      vertex -24.3753 25.2984 7.12688
    endloop
  endfacet
  facet normal 0.777081 0.0875974 0.623275
    outer loop
      vertex -24.2633 25.2792 6.98994
      vertex -24.3753 23.912 7.32173
      vertex -24.2633 23.8928 7.18479
    endloop
  endfacet
  facet normal 0.156437 0.137456 0.978076
    outer loop
      vertex -23.3535 23.8197 6.66457
      vertex -23.1777 25.2022 6.44216
      vertex -23.3535 25.2061 6.46973
    endloop
  endfacet
  facet normal 0.156437 0.137456 0.978076
    outer loop
      vertex -23.1777 25.2022 6.44216
      vertex -23.3535 23.8197 6.66457
      vertex -23.1777 23.8158 6.637
    endloop
  endfacet
  facet normal -0.156437 -0.137456 -0.978076
    outer loop
      vertex -22.8223 24.2864 9.98547
      vertex -22.6465 25.6689 9.76306
      vertex -22.6465 24.2825 9.9579
    endloop
  endfacet
  facet normal -0.156437 -0.137456 -0.978076
    outer loop
      vertex -22.6465 25.6689 9.76306
      vertex -22.8223 24.2864 9.98547
      vertex -22.8223 25.6728 9.79063
    endloop
  endfacet
  facet normal -0.965999 0.0359832 0.256028
    outer loop
      vertex -21.3832 25.3644 7.59618
      vertex -21.3372 24.0019 7.96123
      vertex -21.3372 25.3883 7.76638
    endloop
  endfacet
  facet normal -0.966003 0.0359794 0.256015
    outer loop
      vertex -21.3372 24.0019 7.96123
      vertex -21.3832 25.3644 7.59618
      vertex -21.3832 23.978 7.79102
    endloop
  endfacet
  facet normal -0.838727 0.0757849 0.539254
    outer loop
      vertex -21.6247 25.2984 7.12688
      vertex -21.5278 23.9328 7.46951
      vertex -21.5278 25.3192 7.27467
    endloop
  endfacet
  facet normal -0.83871 0.0757922 0.539278
    outer loop
      vertex -21.5278 23.9328 7.46951
      vertex -21.6247 25.2984 7.12688
      vertex -21.6247 23.912 7.32173
    endloop
  endfacet
  facet normal -0.777081 0.0875974 0.623275
    outer loop
      vertex -21.7367 25.2792 6.98994
      vertex -21.6247 23.912 7.32173
      vertex -21.6247 25.2984 7.12688
    endloop
  endfacet
  facet normal -0.777081 0.0875974 0.623275
    outer loop
      vertex -21.6247 23.912 7.32173
      vertex -21.7367 25.2792 6.98994
      vertex -21.7367 23.8928 7.18479
    endloop
  endfacet
  facet normal -0.890954 0.0632001 0.449673
    outer loop
      vertex -21.5278 25.3192 7.27467
      vertex -21.447 23.9549 7.62651
      vertex -21.447 25.3412 7.43167
    endloop
  endfacet
  facet normal -0.89097 0.0631913 0.449643
    outer loop
      vertex -21.447 23.9549 7.62651
      vertex -21.5278 25.3192 7.27467
      vertex -21.5278 23.9328 7.46951
    endloop
  endfacet
  facet normal -0.156437 0.137456 0.978076
    outer loop
      vertex -22.8223 25.2022 6.44216
      vertex -22.6465 23.8197 6.66457
      vertex -22.6465 25.2061 6.46973
    endloop
  endfacet
  facet normal -0.156437 0.137456 0.978076
    outer loop
      vertex -22.6465 23.8197 6.66457
      vertex -22.8223 25.2022 6.44216
      vertex -22.8223 23.8158 6.637
    endloop
  endfacet
  facet normal -0.629282 0.108164 0.769613
    outer loop
      vertex -22.0008 25.2461 6.75445
      vertex -21.8625 23.8753 7.06019
      vertex -21.8625 25.2617 6.86534
    endloop
  endfacet
  facet normal -0.629316 0.108155 0.769587
    outer loop
      vertex -21.8625 23.8753 7.06019
      vertex -22.0008 25.2461 6.75445
      vertex -22.0008 23.8597 6.94929
    endloop
  endfacet
  facet normal -0.454144 0.12399 0.882259
    outer loop
      vertex -22.3085 25.2213 6.57848
      vertex -22.15 23.8462 6.85332
      vertex -22.15 25.2326 6.65848
    endloop
  endfacet
  facet normal -0.454082 0.124003 0.882289
    outer loop
      vertex -22.15 23.8462 6.85332
      vertex -22.3085 25.2213 6.57848
      vertex -22.3085 23.835 6.77332
    endloop
  endfacet
  facet normal -0.544731 0.116709 0.83045
    outer loop
      vertex -22.15 25.2326 6.65848
      vertex -22.0008 23.8597 6.94929
      vertex -22.0008 25.2461 6.75445
    endloop
  endfacet
  facet normal -0.544731 0.116709 0.83045
    outer loop
      vertex -22.0008 23.8597 6.94929
      vertex -22.15 25.2326 6.65848
      vertex -22.15 23.8462 6.85332
    endloop
  endfacet
  facet normal 0.890954 0.0632001 0.449673
    outer loop
      vertex -24.553 23.9549 7.62651
      vertex -24.4722 25.3192 7.27467
      vertex -24.553 25.3412 7.43167
    endloop
  endfacet
  facet normal 0.89097 0.0631913 0.449643
    outer loop
      vertex -24.4722 25.3192 7.27467
      vertex -24.553 23.9549 7.62651
      vertex -24.4722 23.9328 7.46951
    endloop
  endfacet
  facet normal 0.933532 0.0498912 0.355005
    outer loop
      vertex -24.6168 23.978 7.79102
      vertex -24.553 25.3412 7.43167
      vertex -24.6168 25.3644 7.59618
    endloop
  endfacet
  facet normal 0.933522 0.0498984 0.35503
    outer loop
      vertex -24.553 25.3412 7.43167
      vertex -24.6168 23.978 7.79102
      vertex -24.553 23.9549 7.62651
    endloop
  endfacet
  facet normal 0.965999 0.0359832 0.256028
    outer loop
      vertex -24.6628 24.0019 7.96123
      vertex -24.6168 25.3644 7.59618
      vertex -24.6628 25.3883 7.76638
    endloop
  endfacet
  facet normal 0.966003 0.0359794 0.256015
    outer loop
      vertex -24.6168 25.3644 7.59618
      vertex -24.6628 24.0019 7.96123
      vertex -24.6168 23.978 7.79102
    endloop
  endfacet
  facet normal 0.987633 0.0218209 0.155257
    outer loop
      vertex -24.6907 24.0264 8.13527
      vertex -24.6628 25.3883 7.76638
      vertex -24.6907 25.4127 7.94043
    endloop
  endfacet
  facet normal 0.987634 0.02182 0.155254
    outer loop
      vertex -24.6628 25.3883 7.76638
      vertex -24.6907 24.0264 8.13527
      vertex -24.6628 24.0019 7.96123
    endloop
  endfacet
  facet normal 0.544731 0.116709 0.83045
    outer loop
      vertex -23.9992 23.8597 6.94929
      vertex -23.85 25.2326 6.65848
      vertex -23.9992 25.2461 6.75445
    endloop
  endfacet
  facet normal 0.544731 0.116709 0.83045
    outer loop
      vertex -23.85 25.2326 6.65848
      vertex -23.9992 23.8597 6.94929
      vertex -23.85 23.8462 6.85332
    endloop
  endfacet
  facet normal 0.629282 0.108164 0.769613
    outer loop
      vertex -24.1375 23.8753 7.06019
      vertex -23.9992 25.2461 6.75445
      vertex -24.1375 25.2617 6.86534
    endloop
  endfacet
  facet normal 0.629316 0.108155 0.769587
    outer loop
      vertex -23.9992 25.2461 6.75445
      vertex -24.1375 23.8753 7.06019
      vertex -23.9992 23.8597 6.94929
    endloop
  endfacet
  facet normal 0.258889 0.134431 0.956507
    outer loop
      vertex -23.5253 23.8261 6.71018
      vertex -23.3535 25.2061 6.46973
      vertex -23.5253 25.2125 6.51533
    endloop
  endfacet
  facet normal 0.258941 0.134422 0.956494
    outer loop
      vertex -23.3535 25.2061 6.46973
      vertex -23.5253 23.8261 6.71018
      vertex -23.3535 23.8197 6.66457
    endloop
  endfacet
  facet normal -0.998633 -0.00727408 -0.0517567
    outer loop
      vertex -21.3 25.4375 8.11639
      vertex -21.3093 24.0758 8.48721
      vertex -21.3093 25.4622 8.29236
    endloop
  endfacet
  facet normal -0.998633 -0.00727408 -0.0517567
    outer loop
      vertex -21.3093 24.0758 8.48721
      vertex -21.3 25.4375 8.11639
      vertex -21.3 24.0511 8.31124
    endloop
  endfacet
  facet normal 0.0523266 -0.138978 -0.988912
    outer loop
      vertex -23.1777 25.6728 9.79063
      vertex -23 24.2877 9.99469
      vertex -23.1777 24.2864 9.98547
    endloop
  endfacet
  facet normal 0.0523266 -0.138978 -0.988912
    outer loop
      vertex -23 24.2877 9.99469
      vertex -23.1777 25.6728 9.79063
      vertex -23 25.6741 9.79985
    endloop
  endfacet
  facet normal 0.933522 -0.0498949 -0.355031
    outer loop
      vertex -24.553 24.1473 8.99596
      vertex -24.6168 25.5106 8.63661
      vertex -24.553 25.5337 8.80112
    endloop
  endfacet
  facet normal 0.933522 -0.0498949 -0.355031
    outer loop
      vertex -24.6168 25.5106 8.63661
      vertex -24.553 24.1473 8.99596
      vertex -24.6168 24.1242 8.83145
    endloop
  endfacet
  facet normal -0.35825 -0.129932 -0.92454
    outer loop
      vertex -22.4747 24.2761 9.9123
      vertex -22.3085 25.6536 9.65431
      vertex -22.3085 24.2672 9.84915
    endloop
  endfacet
  facet normal -0.35825 -0.129932 -0.92454
    outer loop
      vertex -22.3085 25.6536 9.65431
      vertex -22.4747 24.2761 9.9123
      vertex -22.4747 25.6625 9.71746
    endloop
  endfacet
  facet normal -0.258889 -0.134424 -0.956508
    outer loop
      vertex -22.6465 24.2825 9.9579
      vertex -22.4747 25.6625 9.71746
      vertex -22.4747 24.2761 9.9123
    endloop
  endfacet
  facet normal -0.258889 -0.134424 -0.956508
    outer loop
      vertex -22.4747 25.6625 9.71746
      vertex -22.6465 24.2825 9.9579
      vertex -22.6465 25.6689 9.76306
    endloop
  endfacet
  facet normal -0.0523266 0.138978 0.988912
    outer loop
      vertex -23 25.2009 6.43294
      vertex -22.8223 23.8158 6.637
      vertex -22.8223 25.2022 6.44216
    endloop
  endfacet
  facet normal -0.0523266 0.138978 0.988912
    outer loop
      vertex -22.8223 23.8158 6.637
      vertex -23 25.2009 6.43294
      vertex -23 23.8145 6.62778
    endloop
  endfacet
  facet normal -0.258889 0.134431 0.956507
    outer loop
      vertex -22.6465 25.2061 6.46973
      vertex -22.4747 23.8261 6.71018
      vertex -22.4747 25.2125 6.51533
    endloop
  endfacet
  facet normal -0.258941 0.134422 0.956494
    outer loop
      vertex -22.4747 23.8261 6.71018
      vertex -22.6465 25.2061 6.46973
      vertex -22.6465 23.8197 6.66457
    endloop
  endfacet
  facet normal 0.454144 0.12399 0.882259
    outer loop
      vertex -23.85 23.8462 6.85332
      vertex -23.6915 25.2213 6.57848
      vertex -23.85 25.2326 6.65848
    endloop
  endfacet
  facet normal 0.454082 0.124003 0.882289
    outer loop
      vertex -23.6915 25.2213 6.57848
      vertex -23.85 23.8462 6.85332
      vertex -23.6915 23.835 6.77332
    endloop
  endfacet
  facet normal -0.933522 -0.0498949 -0.355031
    outer loop
      vertex -21.3832 25.5106 8.63661
      vertex -21.447 24.1473 8.99596
      vertex -21.447 25.5337 8.80112
    endloop
  endfacet
  facet normal -0.933522 -0.0498949 -0.355031
    outer loop
      vertex -21.447 24.1473 8.99596
      vertex -21.3832 25.5106 8.63661
      vertex -21.3832 24.1242 8.83145
    endloop
  endfacet
  facet normal -0.966003 -0.0359794 -0.256015
    outer loop
      vertex -21.3372 25.4867 8.4664
      vertex -21.3832 24.1242 8.83145
      vertex -21.3832 25.5106 8.63661
    endloop
  endfacet
  facet normal -0.965999 -0.0359832 -0.256028
    outer loop
      vertex -21.3832 24.1242 8.83145
      vertex -21.3372 25.4867 8.4664
      vertex -21.3372 24.1003 8.66125
    endloop
  endfacet
  facet normal -0.987634 -0.02182 -0.155254
    outer loop
      vertex -21.3093 25.4622 8.29236
      vertex -21.3372 24.1003 8.66125
      vertex -21.3372 25.4867 8.4664
    endloop
  endfacet
  facet normal -0.987634 -0.02182 -0.155254
    outer loop
      vertex -21.3372 24.1003 8.66125
      vertex -21.3093 25.4622 8.29236
      vertex -21.3093 24.0758 8.48721
    endloop
  endfacet
  facet normal -0.629282 -0.108164 -0.769613
    outer loop
      vertex -22.0008 24.2425 9.67318
      vertex -21.8625 25.6133 9.36744
      vertex -21.8625 24.2269 9.56229
    endloop
  endfacet
  facet normal -0.629316 -0.108155 -0.769587
    outer loop
      vertex -21.8625 25.6133 9.36744
      vertex -22.0008 24.2425 9.67318
      vertex -22.0008 25.6289 9.47834
    endloop
  endfacet
  facet normal -0.89097 -0.0631913 -0.449643
    outer loop
      vertex -21.447 25.5337 8.80112
      vertex -21.5278 24.1694 9.15296
      vertex -21.5278 25.5558 8.95812
    endloop
  endfacet
  facet normal -0.89097 -0.0631913 -0.449643
    outer loop
      vertex -21.5278 24.1694 9.15296
      vertex -21.447 25.5337 8.80112
      vertex -21.447 24.1473 8.99596
    endloop
  endfacet
  facet normal -0.777134 -0.0875839 -0.62321
    outer loop
      vertex -21.6247 25.5765 9.1059
      vertex -21.7367 24.2094 9.43769
      vertex -21.7367 25.5958 9.24285
    endloop
  endfacet
  facet normal -0.777081 -0.0876036 -0.623274
    outer loop
      vertex -21.7367 24.2094 9.43769
      vertex -21.6247 25.5765 9.1059
      vertex -21.6247 24.1902 9.30075
    endloop
  endfacet
  facet normal 0.35825 -0.129932 -0.92454
    outer loop
      vertex -23.6915 25.6536 9.65431
      vertex -23.5253 24.2761 9.9123
      vertex -23.6915 24.2672 9.84915
    endloop
  endfacet
  facet normal 0.35825 -0.129932 -0.92454
    outer loop
      vertex -23.5253 24.2761 9.9123
      vertex -23.6915 25.6536 9.65431
      vertex -23.5253 25.6625 9.71746
    endloop
  endfacet
  facet normal 0.966003 -0.0359794 -0.256015
    outer loop
      vertex -24.6168 24.1242 8.83145
      vertex -24.6628 25.4867 8.4664
      vertex -24.6168 25.5106 8.63661
    endloop
  endfacet
  facet normal 0.965999 -0.0359832 -0.256028
    outer loop
      vertex -24.6628 25.4867 8.4664
      vertex -24.6168 24.1242 8.83145
      vertex -24.6628 24.1003 8.66125
    endloop
  endfacet
  facet normal -0.838687 -0.0758026 -0.539313
    outer loop
      vertex -21.5278 25.5558 8.95812
      vertex -21.6247 24.1902 9.30075
      vertex -21.6247 25.5765 9.1059
    endloop
  endfacet
  facet normal -0.838727 -0.0757849 -0.539254
    outer loop
      vertex -21.6247 24.1902 9.30075
      vertex -21.5278 25.5558 8.95812
      vertex -21.5278 24.1694 9.15296
    endloop
  endfacet
  facet normal -0.0523266 -0.138978 -0.988912
    outer loop
      vertex -23 24.2877 9.99469
      vertex -22.8223 25.6728 9.79063
      vertex -22.8223 24.2864 9.98547
    endloop
  endfacet
  facet normal -0.0523266 -0.138978 -0.988912
    outer loop
      vertex -22.8223 25.6728 9.79063
      vertex -23 24.2877 9.99469
      vertex -23 25.6741 9.79985
    endloop
  endfacet
  facet normal 0.258889 -0.134424 -0.956508
    outer loop
      vertex -23.5253 25.6625 9.71746
      vertex -23.3535 24.2825 9.9579
      vertex -23.5253 24.2761 9.9123
    endloop
  endfacet
  facet normal 0.258889 -0.134424 -0.956508
    outer loop
      vertex -23.3535 24.2825 9.9579
      vertex -23.5253 25.6625 9.71746
      vertex -23.3535 25.6689 9.76306
    endloop
  endfacet
  facet normal 0.707143 -0.0984072 -0.700189
    outer loop
      vertex -24.1375 24.2269 9.56229
      vertex -24.2633 25.5958 9.24285
      vertex -24.1375 25.6133 9.36744
    endloop
  endfacet
  facet normal 0.707171 -0.0983984 -0.700162
    outer loop
      vertex -24.2633 25.5958 9.24285
      vertex -24.1375 24.2269 9.56229
      vertex -24.2633 24.2094 9.43769
    endloop
  endfacet
  facet normal 0.777134 -0.0875839 -0.62321
    outer loop
      vertex -24.2633 24.2094 9.43769
      vertex -24.3753 25.5765 9.1059
      vertex -24.2633 25.5958 9.24285
    endloop
  endfacet
  facet normal 0.777081 -0.0876036 -0.623274
    outer loop
      vertex -24.3753 25.5765 9.1059
      vertex -24.2633 24.2094 9.43769
      vertex -24.3753 24.1902 9.30075
    endloop
  endfacet
  facet normal 0.89097 -0.0631913 -0.449643
    outer loop
      vertex -24.4722 24.1694 9.15296
      vertex -24.553 25.5337 8.80112
      vertex -24.4722 25.5558 8.95812
    endloop
  endfacet
  facet normal 0.89097 -0.0631913 -0.449643
    outer loop
      vertex -24.553 25.5337 8.80112
      vertex -24.4722 24.1694 9.15296
      vertex -24.553 24.1473 8.99596
    endloop
  endfacet
  facet normal 0.987634 -0.02182 -0.155254
    outer loop
      vertex -24.6628 24.1003 8.66125
      vertex -24.6907 25.4622 8.29236
      vertex -24.6628 25.4867 8.4664
    endloop
  endfacet
  facet normal 0.987634 -0.02182 -0.155254
    outer loop
      vertex -24.6907 25.4622 8.29236
      vertex -24.6628 24.1003 8.66125
      vertex -24.6907 24.0758 8.48721
    endloop
  endfacet
  facet normal 0.998633 -0.00727408 -0.0517567
    outer loop
      vertex -24.6907 24.0758 8.48721
      vertex -24.7 25.4375 8.11639
      vertex -24.6907 25.4622 8.29236
    endloop
  endfacet
  facet normal 0.998633 -0.00727408 -0.0517567
    outer loop
      vertex -24.7 25.4375 8.11639
      vertex -24.6907 24.0758 8.48721
      vertex -24.7 24.0511 8.31124
    endloop
  endfacet
  facet normal -0.544731 -0.116709 -0.83045
    outer loop
      vertex -22.15 24.256 9.76915
      vertex -22.0008 25.6289 9.47834
      vertex -22.0008 24.2425 9.67318
    endloop
  endfacet
  facet normal -0.544731 -0.116709 -0.83045
    outer loop
      vertex -22.0008 25.6289 9.47834
      vertex -22.15 24.256 9.76915
      vertex -22.15 25.6424 9.57431
    endloop
  endfacet
  facet normal -0.454082 -0.123994 -0.88229
    outer loop
      vertex -22.3085 24.2672 9.84915
      vertex -22.15 25.6424 9.57431
      vertex -22.15 24.256 9.76915
    endloop
  endfacet
  facet normal -0.454082 -0.123994 -0.88229
    outer loop
      vertex -22.15 25.6424 9.57431
      vertex -22.3085 24.2672 9.84915
      vertex -22.3085 25.6536 9.65431
    endloop
  endfacet
  facet normal -0.707143 -0.0984072 -0.700189
    outer loop
      vertex -21.7367 25.5958 9.24285
      vertex -21.8625 24.2269 9.56229
      vertex -21.8625 25.6133 9.36744
    endloop
  endfacet
  facet normal -0.707171 -0.0983984 -0.700162
    outer loop
      vertex -21.8625 24.2269 9.56229
      vertex -21.7367 25.5958 9.24285
      vertex -21.7367 24.2094 9.43769
    endloop
  endfacet
  facet normal 0.156437 -0.137456 -0.978076
    outer loop
      vertex -23.3535 25.6689 9.76306
      vertex -23.1777 24.2864 9.98547
      vertex -23.3535 24.2825 9.9579
    endloop
  endfacet
  facet normal 0.156437 -0.137456 -0.978076
    outer loop
      vertex -23.1777 24.2864 9.98547
      vertex -23.3535 25.6689 9.76306
      vertex -23.1777 25.6728 9.79063
    endloop
  endfacet
  facet normal 0.454082 -0.123994 -0.88229
    outer loop
      vertex -23.85 25.6424 9.57431
      vertex -23.6915 24.2672 9.84915
      vertex -23.85 24.256 9.76915
    endloop
  endfacet
  facet normal 0.454082 -0.123994 -0.88229
    outer loop
      vertex -23.6915 24.2672 9.84915
      vertex -23.85 25.6424 9.57431
      vertex -23.6915 25.6536 9.65431
    endloop
  endfacet
  facet normal 0.544731 -0.116709 -0.83045
    outer loop
      vertex -23.9992 25.6289 9.47834
      vertex -23.85 24.256 9.76915
      vertex -23.9992 24.2425 9.67318
    endloop
  endfacet
  facet normal 0.544731 -0.116709 -0.83045
    outer loop
      vertex -23.85 24.256 9.76915
      vertex -23.9992 25.6289 9.47834
      vertex -23.85 25.6424 9.57431
    endloop
  endfacet
  facet normal 0.629282 -0.108164 -0.769613
    outer loop
      vertex -24.1375 25.6133 9.36744
      vertex -23.9992 24.2425 9.67318
      vertex -24.1375 24.2269 9.56229
    endloop
  endfacet
  facet normal 0.629316 -0.108155 -0.769587
    outer loop
      vertex -23.9992 24.2425 9.67318
      vertex -24.1375 25.6133 9.36744
      vertex -23.9992 25.6289 9.47834
    endloop
  endfacet
  facet normal 0.838687 -0.0758026 -0.539313
    outer loop
      vertex -24.3753 24.1902 9.30075
      vertex -24.4722 25.5558 8.95812
      vertex -24.3753 25.5765 9.1059
    endloop
  endfacet
  facet normal 0.838727 -0.0757849 -0.539254
    outer loop
      vertex -24.4722 25.5558 8.95812
      vertex -24.3753 24.1902 9.30075
      vertex -24.4722 24.1694 9.15296
    endloop
  endfacet
  facet normal -0.766233 0.639566 -0.0619894
    outer loop
      vertex -19.7921 27.2193 7.86113
      vertex -21.3 25.4375 8.11639
      vertex -19.7919 27.22 7.86588
    endloop
  endfacet
  facet normal -0.765901 0.641022 -0.0498663
    outer loop
      vertex -21.3 25.4375 8.11639
      vertex -19.7921 27.2193 7.86113
      vertex -21.3093 25.4127 7.94043
    endloop
  endfacet
  facet normal 0.482708 0.718402 0.500891
    outer loop
      vertex -24.1375 25.2617 6.86534
      vertex -24.8894 26.8592 5.29873
      vertex -25.1466 26.8882 5.505
    endloop
  endfacet
  facet normal -0.482566 0.552488 -0.679623
    outer loop
      vertex -21.1106 27.5808 10.433
      vertex -20.8534 27.5518 10.2268
      vertex -21.8625 25.6133 9.36744
    endloop
  endfacet
  facet normal 0.76589 0.629919 -0.128896
    outer loop
      vertex -24.7 25.4375 8.11639
      vertex -26.2079 27.2206 7.87064
      vertex -24.6907 25.4622 8.29236
    endloop
  endfacet
  facet normal 0.766326 0.632625 -0.111941
    outer loop
      vertex -26.2079 27.2206 7.87064
      vertex -24.7 25.4375 8.11639
      vertex -26.2081 27.22 7.86588
    endloop
  endfacet
  facet normal -0.757556 0.652111 0.0293286
    outer loop
      vertex -19.8095 27.1733 7.53381
      vertex -19.8612 27.1278 7.21008
      vertex -21.3093 25.4127 7.94043
    endloop
  endfacet
  facet normal -0.714374 0.596011 -0.366662
    outer loop
      vertex -19.9489 27.3579 8.84759
      vertex -21.447 25.5337 8.80112
      vertex -19.9506 27.3586 8.85204
    endloop
  endfacet
  facet normal -0.715989 0.597206 -0.361531
    outer loop
      vertex -21.447 25.5337 8.80112
      vertex -19.9489 27.3579 8.84759
      vertex -21.3832 25.5106 8.63661
    endloop
  endfacet
  facet normal -0.0400222 0.528873 -0.847757
    outer loop
      vertex -22.6647 27.664 11.0254
      vertex -22.8223 25.6728 9.79063
      vertex -22.9952 27.6664 11.0425
    endloop
  endfacet
  facet normal 0.765896 0.629844 -0.12923
    outer loop
      vertex -26.1905 27.2666 8.19796
      vertex -24.6907 25.4622 8.29236
      vertex -26.2079 27.2206 7.87064
    endloop
  endfacet
  facet normal 0.716069 0.673696 0.182697
    outer loop
      vertex -24.553 25.3412 7.43167
      vertex -26.0511 27.082 6.88417
      vertex -24.6168 25.3644 7.59618
    endloop
  endfacet
  facet normal 0.716063 0.673697 0.182717
    outer loop
      vertex -26.0511 27.082 6.88417
      vertex -24.553 25.3412 7.43167
      vertex -26.0494 27.0814 6.87972
    endloop
  endfacet
  facet normal 0.0401107 0.742059 0.669134
    outer loop
      vertex -23.1777 25.2022 6.44216
      vertex -23.0048 26.7735 4.68925
      vertex -23.3353 26.7759 4.7064
    endloop
  endfacet
  facet normal -0.596026 0.702648 0.388637
    outer loop
      vertex -20.4076 26.957 5.99486
      vertex -20.6159 26.9212 5.74013
      vertex -21.7367 25.2792 6.98994
    endloop
  endfacet
  facet normal -0.274764 0.735097 0.619788
    outer loop
      vertex -21.6951 26.8121 4.96365
      vertex -22.0042 26.7956 4.84619
      vertex -22.3085 25.2213 6.57848
    endloop
  endfacet
  facet normal -0.765909 0.64105 -0.0493752
    outer loop
      vertex -19.7921 27.2193 7.86113
      vertex -19.8095 27.1733 7.53381
      vertex -21.3093 25.4127 7.94043
    endloop
  endfacet
  facet normal -0.744333 0.609175 -0.273631
    outer loop
      vertex -19.9477 27.3573 8.84299
      vertex -21.3832 25.5106 8.63661
      vertex -19.9489 27.3579 8.84759
    endloop
  endfacet
  facet normal -0.740915 0.607853 -0.285587
    outer loop
      vertex -21.3832 25.5106 8.63661
      vertex -19.9477 27.3573 8.84299
      vertex -21.3372 25.4867 8.4664
    endloop
  endfacet
  facet normal -0.716024 0.597218 -0.361441
    outer loop
      vertex -20.0692 27.4016 9.15804
      vertex -19.9506 27.3586 8.85204
      vertex -21.447 25.5337 8.80112
    endloop
  endfacet
  facet normal -0.417844 0.54595 -0.726186
    outer loop
      vertex -21.3919 27.6063 10.6146
      vertex -21.1143 27.5812 10.436
      vertex -22.0008 25.6289 9.47834
    endloop
  endfacet
  facet normal -0.283102 0.535421 -0.795725
    outer loop
      vertex -22.3085 25.6536 9.65431
      vertex -22.0086 27.6446 10.8873
      vertex -22.0042 27.6444 10.8856
    endloop
  endfacet
  facet normal -0.274674 0.535814 -0.798409
    outer loop
      vertex -22.0086 27.6446 10.8873
      vertex -22.3085 25.6536 9.65431
      vertex -22.4747 25.6625 9.71746
    endloop
  endfacet
  facet normal -0.131252 0.530554 -0.837428
    outer loop
      vertex -22.6465 25.6689 9.76306
      vertex -22.3377 27.6568 10.9741
      vertex -22.333 27.6567 10.9733
    endloop
  endfacet
  facet normal -0.119891 0.530029 -0.839462
    outer loop
      vertex -22.3377 27.6568 10.9741
      vertex -22.6465 25.6689 9.76306
      vertex -22.8223 25.6728 9.79063
    endloop
  endfacet
  facet normal 0.714374 0.596011 -0.366662
    outer loop
      vertex -24.553 25.5337 8.80112
      vertex -26.0511 27.3579 8.84759
      vertex -26.0494 27.3586 8.85204
    endloop
  endfacet
  facet normal 0.715989 0.597206 -0.361531
    outer loop
      vertex -26.0511 27.3579 8.84759
      vertex -24.553 25.5337 8.80112
      vertex -24.6168 25.5106 8.63661
    endloop
  endfacet
  facet normal 0.643225 0.577317 -0.502957
    outer loop
      vertex -25.5954 27.4824 9.73321
      vertex -24.3753 25.5765 9.1059
      vertex -25.7757 27.4438 9.45832
    endloop
  endfacet
  facet normal 0.119891 0.530029 -0.839462
    outer loop
      vertex -23.3535 25.6689 9.76306
      vertex -23.6623 27.6568 10.9741
      vertex -23.1777 25.6728 9.79063
    endloop
  endfacet
  facet normal 0.131252 0.530554 -0.837428
    outer loop
      vertex -23.6623 27.6568 10.9741
      vertex -23.3535 25.6689 9.76306
      vertex -23.667 27.6567 10.9733
    endloop
  endfacet
  facet normal 0.757556 0.652111 0.0293286
    outer loop
      vertex -24.6907 25.4127 7.94043
      vertex -26.1388 27.1278 7.21008
      vertex -26.1905 27.1733 7.53381
    endloop
  endfacet
  facet normal 0.542327 0.710949 0.447698
    outer loop
      vertex -24.1375 25.2617 6.86534
      vertex -25.3841 26.9212 5.74013
      vertex -24.2633 25.2792 6.98994
    endloop
  endfacet
  facet normal 0.542182 0.710953 0.447866
    outer loop
      vertex -25.3841 26.9212 5.74013
      vertex -24.1375 25.2617 6.86534
      vertex -25.1466 26.8882 5.505
    endloop
  endfacet
  facet normal 0.740857 0.663066 0.107122
    outer loop
      vertex -24.6168 25.3644 7.59618
      vertex -26.0523 27.0826 6.88877
      vertex -24.6628 25.3883 7.76638
    endloop
  endfacet
  facet normal 0.740948 0.663014 0.106811
    outer loop
      vertex -26.0523 27.0826 6.88877
      vertex -24.6168 25.3644 7.59618
      vertex -26.0511 27.082 6.88417
    endloop
  endfacet
  facet normal 0.716022 0.673704 0.182852
    outer loop
      vertex -24.553 25.3412 7.43167
      vertex -25.9308 27.0384 6.57373
      vertex -26.0494 27.0814 6.87972
    endloop
  endfacet
  facet normal 0.417729 0.724977 0.54764
    outer loop
      vertex -23.9992 25.2461 6.75445
      vertex -24.6081 26.8337 5.11721
      vertex -24.8857 26.8588 5.29573
    endloop
  endfacet
  facet normal 0.274455 0.735136 0.619878
    outer loop
      vertex -23.5253 25.2125 6.51533
      vertex -23.9958 26.7956 4.84619
      vertex -23.6915 25.2213 6.57848
    endloop
  endfacet
  facet normal 0.288929 0.733956 0.614678
    outer loop
      vertex -23.9958 26.7956 4.84619
      vertex -23.5253 25.2125 6.51533
      vertex -23.9914 26.7953 4.84448
    endloop
  endfacet
  facet normal 0.120066 0.7409 0.660796
    outer loop
      vertex -23.6623 26.7831 4.75767
      vertex -23.3535 25.2061 6.46973
      vertex -23.1777 25.2022 6.44216
    endloop
  endfacet
  facet normal 0.121178 0.740899 0.660595
    outer loop
      vertex -23.3535 25.2061 6.46973
      vertex -23.6623 26.7831 4.75767
      vertex -23.667 26.7832 4.75842
    endloop
  endfacet
  facet normal -0.119924 0.740893 0.66083
    outer loop
      vertex -22.3377 26.7831 4.75767
      vertex -22.6647 26.7759 4.7064
      vertex -22.8223 25.2022 6.44216
    endloop
  endfacet
  facet normal -0.417729 0.724977 0.54764
    outer loop
      vertex -21.1143 26.8588 5.29573
      vertex -21.3919 26.8337 5.11721
      vertex -22.0008 25.2461 6.75445
    endloop
  endfacet
  facet normal -0.683385 0.683908 0.25545
    outer loop
      vertex -20.0692 27.0384 6.57373
      vertex -20.2195 26.9973 6.28168
      vertex -21.447 25.3412 7.43167
    endloop
  endfacet
  facet normal -0.740948 0.663014 0.106811
    outer loop
      vertex -21.3832 25.3644 7.59618
      vertex -19.9477 27.0826 6.88877
      vertex -19.9489 27.082 6.88417
    endloop
  endfacet
  facet normal -0.740857 0.663066 0.107122
    outer loop
      vertex -19.9477 27.0826 6.88877
      vertex -21.3832 25.3644 7.59618
      vertex -21.3372 25.3883 7.76638
    endloop
  endfacet
  facet normal -0.740788 0.663111 0.107319
    outer loop
      vertex -19.862 27.1271 7.20537
      vertex -19.9477 27.0826 6.88877
      vertex -21.3372 25.3883 7.76638
    endloop
  endfacet
  facet normal -0.766326 0.632625 -0.111941
    outer loop
      vertex -21.3 25.4375 8.11639
      vertex -19.7921 27.2206 7.87064
      vertex -19.7919 27.22 7.86588
    endloop
  endfacet
  facet normal -0.76589 0.629919 -0.128896
    outer loop
      vertex -19.7921 27.2206 7.87064
      vertex -21.3 25.4375 8.11639
      vertex -21.3093 25.4622 8.29236
    endloop
  endfacet
  facet normal -0.542233 0.559981 -0.626422
    outer loop
      vertex -21.7367 25.5958 9.24285
      vertex -20.8534 27.5518 10.2268
      vertex -20.6159 27.5187 9.99163
    endloop
  endfacet
  facet normal -0.542375 0.559982 -0.626298
    outer loop
      vertex -20.8534 27.5518 10.2268
      vertex -21.7367 25.5958 9.24285
      vertex -21.8625 25.6133 9.36744
    endloop
  endfacet
  facet normal -0.348214 0.540353 -0.766006
    outer loop
      vertex -21.6951 27.6278 10.7681
      vertex -21.4002 27.6069 10.6193
      vertex -22.3085 25.6536 9.65431
    endloop
  endfacet
  facet normal -0.040117 0.528865 -0.847757
    outer loop
      vertex -23 25.6741 9.79985
      vertex -22.9952 27.6664 11.0425
      vertex -22.8223 25.6728 9.79063
    endloop
  endfacet
  facet normal -0.0529522 0.528571 -0.847236
    outer loop
      vertex -22.9952 27.6664 11.0425
      vertex -23 25.6741 9.79985
      vertex -23 27.6664 11.0428
    endloop
  endfacet
  facet normal 0.596019 0.568298 -0.567273
    outer loop
      vertex -25.3841 27.5187 9.99163
      vertex -24.2633 25.5958 9.24285
      vertex -25.5924 27.4829 9.73691
    endloop
  endfacet
  facet normal 0.348214 0.540353 -0.766006
    outer loop
      vertex -24.3049 27.6278 10.7681
      vertex -23.6915 25.6536 9.65431
      vertex -24.5998 27.6069 10.6193
    endloop
  endfacet
  facet normal 0.348193 0.73055 0.587417
    outer loop
      vertex -23.6915 25.2213 6.57848
      vertex -24.3049 26.8121 4.96365
      vertex -24.5998 26.833 5.11246
    endloop
  endfacet
  facet normal 0.0401469 0.742056 0.669135
    outer loop
      vertex -23 25.2009 6.43294
      vertex -23.0048 26.7735 4.68925
      vertex -23.1777 25.2022 6.44216
    endloop
  endfacet
  facet normal 0.0348581 0.742196 0.669276
    outer loop
      vertex -23.0048 26.7735 4.68925
      vertex -23 25.2009 6.43294
      vertex -23 26.7735 4.689
    endloop
  endfacet
  facet normal -0.346494 0.730646 0.588301
    outer loop
      vertex -21.4002 26.833 5.11246
      vertex -22.15 25.2326 6.65848
      vertex -21.3959 26.8333 5.11462
    endloop
  endfacet
  facet normal -0.348483 0.730554 0.587241
    outer loop
      vertex -22.15 25.2326 6.65848
      vertex -21.4002 26.833 5.11246
      vertex -22.3085 25.2213 6.57848
    endloop
  endfacet
  facet normal -0.643264 0.693585 0.324271
    outer loop
      vertex -20.2243 26.9962 6.27345
      vertex -20.4046 26.9575 5.99856
      vertex -21.6247 25.2984 7.12688
    endloop
  endfacet
  facet normal -0.595884 0.702655 0.388842
    outer loop
      vertex -20.4046 26.9575 5.99856
      vertex -21.7367 25.2792 6.98994
      vertex -21.6247 25.2984 7.12688
    endloop
  endfacet
  facet normal -0.59617 0.70264 0.38843
    outer loop
      vertex -21.7367 25.2792 6.98994
      vertex -20.4046 26.9575 5.99856
      vertex -20.4076 26.957 5.99486
    endloop
  endfacet
  facet normal -0.716063 0.673697 0.182717
    outer loop
      vertex -21.447 25.3412 7.43167
      vertex -19.9489 27.082 6.88417
      vertex -19.9506 27.0814 6.87972
    endloop
  endfacet
  facet normal -0.716069 0.673696 0.182697
    outer loop
      vertex -19.9489 27.082 6.88417
      vertex -21.447 25.3412 7.43167
      vertex -21.3832 25.3644 7.59618
    endloop
  endfacet
  facet normal -0.757104 0.652529 0.0316164
    outer loop
      vertex -21.3372 25.3883 7.76638
      vertex -19.8612 27.1278 7.21008
      vertex -19.862 27.1271 7.20537
    endloop
  endfacet
  facet normal -0.757405 0.652258 0.0299713
    outer loop
      vertex -19.8612 27.1278 7.21008
      vertex -21.3372 25.3883 7.76638
      vertex -21.3093 25.4127 7.94043
    endloop
  endfacet
  facet normal -0.765896 0.629844 -0.12923
    outer loop
      vertex -19.8095 27.2666 8.19796
      vertex -19.7921 27.2206 7.87064
      vertex -21.3093 25.4622 8.29236
    endloop
  endfacet
  facet normal -0.75754 0.618781 -0.207949
    outer loop
      vertex -19.8612 27.3121 8.52169
      vertex -19.8095 27.2666 8.19796
      vertex -21.3093 25.4622 8.29236
    endloop
  endfacet
  facet normal -0.64201 0.576808 -0.50509
    outer loop
      vertex -20.2217 27.4432 9.45433
      vertex -21.6247 25.5765 9.1059
      vertex -20.2243 27.4438 9.45832
    endloop
  endfacet
  facet normal -0.643354 0.577377 -0.502725
    outer loop
      vertex -21.6247 25.5765 9.1059
      vertex -20.2217 27.4432 9.45433
      vertex -21.5278 25.5558 8.95812
    endloop
  endfacet
  facet normal -0.596019 0.568298 -0.567273
    outer loop
      vertex -20.6159 27.5187 9.99163
      vertex -20.4076 27.4829 9.73691
      vertex -21.7367 25.5958 9.24285
    endloop
  endfacet
  facet normal -0.643225 0.577317 -0.502957
    outer loop
      vertex -20.4046 27.4824 9.73321
      vertex -20.2243 27.4438 9.45832
      vertex -21.6247 25.5765 9.1059
    endloop
  endfacet
  facet normal -0.683357 0.587007 -0.434104
    outer loop
      vertex -20.2195 27.4426 9.45008
      vertex -20.0692 27.4016 9.15804
      vertex -21.447 25.5337 8.80112
    endloop
  endfacet
  facet normal -0.682305 0.586799 -0.436035
    outer loop
      vertex -20.2195 27.4426 9.45008
      vertex -21.5278 25.5558 8.95812
      vertex -20.2217 27.4432 9.45433
    endloop
  endfacet
  facet normal -0.683259 0.586999 -0.434268
    outer loop
      vertex -21.5278 25.5558 8.95812
      vertex -20.2195 27.4426 9.45008
      vertex -21.447 25.5337 8.80112
    endloop
  endfacet
  facet normal -0.488113 0.552466 -0.675668
    outer loop
      vertex -21.8625 25.6133 9.36744
      vertex -21.1143 27.5812 10.436
      vertex -21.1106 27.5808 10.433
    endloop
  endfacet
  facet normal -0.482618 0.552499 -0.679577
    outer loop
      vertex -21.1143 27.5812 10.436
      vertex -21.8625 25.6133 9.36744
      vertex -22.0008 25.6289 9.47834
    endloop
  endfacet
  facet normal -0.274727 0.535797 -0.798403
    outer loop
      vertex -22.0042 27.6444 10.8856
      vertex -21.6951 27.6278 10.7681
      vertex -22.3085 25.6536 9.65431
    endloop
  endfacet
  facet normal -0.198469 0.532335 -0.82294
    outer loop
      vertex -22.333 27.6567 10.9733
      vertex -22.0133 27.6448 10.8885
      vertex -22.6465 25.6689 9.76306
    endloop
  endfacet
  facet normal 0.75754 0.618781 -0.207949
    outer loop
      vertex -26.1388 27.3121 8.52169
      vertex -24.6907 25.4622 8.29236
      vertex -26.1905 27.2666 8.19796
    endloop
  endfacet
  facet normal 0.744333 0.609175 -0.273631
    outer loop
      vertex -24.6168 25.5106 8.63661
      vertex -26.0523 27.3573 8.84299
      vertex -26.0511 27.3579 8.84759
    endloop
  endfacet
  facet normal 0.740915 0.607853 -0.285587
    outer loop
      vertex -26.0523 27.3573 8.84299
      vertex -24.6168 25.5106 8.63661
      vertex -24.6628 25.4867 8.4664
    endloop
  endfacet
  facet normal 0.682305 0.586799 -0.436035
    outer loop
      vertex -24.4722 25.5558 8.95812
      vertex -25.7805 27.4426 9.45008
      vertex -25.7783 27.4432 9.45433
    endloop
  endfacet
  facet normal 0.683259 0.586999 -0.434268
    outer loop
      vertex -25.7805 27.4426 9.45008
      vertex -24.4722 25.5558 8.95812
      vertex -24.553 25.5337 8.80112
    endloop
  endfacet
  facet normal 0.59922 0.569381 -0.562797
    outer loop
      vertex -24.2633 25.5958 9.24285
      vertex -25.5954 27.4824 9.73321
      vertex -25.5924 27.4829 9.73691
    endloop
  endfacet
  facet normal 0.595914 0.568251 -0.567431
    outer loop
      vertex -25.5954 27.4824 9.73321
      vertex -24.2633 25.5958 9.24285
      vertex -24.3753 25.5765 9.1059
    endloop
  endfacet
  facet normal 0.348391 0.540384 -0.765904
    outer loop
      vertex -23.85 25.6424 9.57431
      vertex -24.5998 27.6069 10.6193
      vertex -23.6915 25.6536 9.65431
    endloop
  endfacet
  facet normal 0.352903 0.540836 -0.763515
    outer loop
      vertex -24.5998 27.6069 10.6193
      vertex -23.85 25.6424 9.57431
      vertex -24.6041 27.6066 10.6171
    endloop
  endfacet
  facet normal 0.766233 0.639566 -0.0619894
    outer loop
      vertex -24.7 25.4375 8.11639
      vertex -26.2079 27.2193 7.86113
      vertex -26.2081 27.22 7.86588
    endloop
  endfacet
  facet normal 0.765901 0.641022 -0.0498663
    outer loop
      vertex -26.2079 27.2193 7.86113
      vertex -24.7 25.4375 8.11639
      vertex -24.6907 25.4127 7.94043
    endloop
  endfacet
  facet normal 0.765909 0.64105 -0.0493752
    outer loop
      vertex -24.6907 25.4127 7.94043
      vertex -26.1905 27.1733 7.53381
      vertex -26.2079 27.2193 7.86113
    endloop
  endfacet
  facet normal 0.643306 0.693591 0.324174
    outer loop
      vertex -24.3753 25.2984 7.12688
      vertex -25.7783 26.9967 6.27744
      vertex -24.4722 25.3192 7.27467
    endloop
  endfacet
  facet normal 0.640015 0.693838 0.330105
    outer loop
      vertex -25.7783 26.9967 6.27744
      vertex -24.3753 25.2984 7.12688
      vertex -25.7757 26.9962 6.27345
    endloop
  endfacet
  facet normal 0.596026 0.702648 0.388637
    outer loop
      vertex -24.2633 25.2792 6.98994
      vertex -25.3841 26.9212 5.74013
      vertex -25.5924 26.957 5.99486
    endloop
  endfacet
  facet normal 0.643264 0.693585 0.324271
    outer loop
      vertex -24.3753 25.2984 7.12688
      vertex -25.5954 26.9575 5.99856
      vertex -25.7757 26.9962 6.27345
    endloop
  endfacet
  facet normal 0.683385 0.683908 0.25545
    outer loop
      vertex -24.553 25.3412 7.43167
      vertex -25.7805 26.9973 6.28168
      vertex -25.9308 27.0384 6.57373
    endloop
  endfacet
  facet normal 0.683194 0.683982 0.255761
    outer loop
      vertex -24.4722 25.3192 7.27467
      vertex -25.7805 26.9973 6.28168
      vertex -24.553 25.3412 7.43167
    endloop
  endfacet
  facet normal 0.682388 0.684231 0.257244
    outer loop
      vertex -25.7805 26.9973 6.28168
      vertex -24.4722 25.3192 7.27467
      vertex -25.7783 26.9967 6.27744
    endloop
  endfacet
  facet normal 0.482672 0.718409 0.500914
    outer loop
      vertex -23.9992 25.2461 6.75445
      vertex -24.8894 26.8592 5.29873
      vertex -24.1375 25.2617 6.86534
    endloop
  endfacet
  facet normal 0.48337 0.718313 0.500381
    outer loop
      vertex -24.8894 26.8592 5.29873
      vertex -23.9992 25.2461 6.75445
      vertex -24.8857 26.8588 5.29573
    endloop
  endfacet
  facet normal 0.274764 0.735097 0.619788
    outer loop
      vertex -23.6915 25.2213 6.57848
      vertex -23.9958 26.7956 4.84619
      vertex -24.3049 26.8121 4.96365
    endloop
  endfacet
  facet normal 0.198668 0.738564 0.644247
    outer loop
      vertex -23.3535 25.2061 6.46973
      vertex -23.667 26.7832 4.75842
      vertex -23.9867 26.7952 4.84325
    endloop
  endfacet
  facet normal -0.274455 0.735136 0.619878
    outer loop
      vertex -22.0042 26.7956 4.84619
      vertex -22.4747 25.2125 6.51533
      vertex -22.3085 25.2213 6.57848
    endloop
  endfacet
  facet normal -0.288929 0.733956 0.614678
    outer loop
      vertex -22.4747 25.2125 6.51533
      vertex -22.0042 26.7956 4.84619
      vertex -22.0086 26.7953 4.84448
    endloop
  endfacet
  facet normal -0.482708 0.718402 0.500891
    outer loop
      vertex -20.8534 26.8882 5.505
      vertex -21.1106 26.8592 5.29873
      vertex -21.8625 25.2617 6.86534
    endloop
  endfacet
  facet normal -0.542327 0.710949 0.447698
    outer loop
      vertex -20.6159 26.9212 5.74013
      vertex -21.8625 25.2617 6.86534
      vertex -21.7367 25.2792 6.98994
    endloop
  endfacet
  facet normal -0.542182 0.710953 0.447866
    outer loop
      vertex -21.8625 25.2617 6.86534
      vertex -20.6159 26.9212 5.74013
      vertex -20.8534 26.8882 5.505
    endloop
  endfacet
  facet normal -0.643306 0.693591 0.324174
    outer loop
      vertex -20.2217 26.9967 6.27744
      vertex -21.6247 25.2984 7.12688
      vertex -21.5278 25.3192 7.27467
    endloop
  endfacet
  facet normal -0.640015 0.693838 0.330105
    outer loop
      vertex -21.6247 25.2984 7.12688
      vertex -20.2217 26.9967 6.27744
      vertex -20.2243 26.9962 6.27345
    endloop
  endfacet
  facet normal -0.683194 0.683982 0.255761
    outer loop
      vertex -20.2195 26.9973 6.28168
      vertex -21.5278 25.3192 7.27467
      vertex -21.447 25.3412 7.43167
    endloop
  endfacet
  facet normal -0.682388 0.684231 0.257244
    outer loop
      vertex -21.5278 25.3192 7.27467
      vertex -20.2195 26.9973 6.28168
      vertex -20.2217 26.9967 6.27744
    endloop
  endfacet
  facet normal -0.716022 0.673704 0.182852
    outer loop
      vertex -19.9506 27.0814 6.87972
      vertex -20.0692 27.0384 6.57373
      vertex -21.447 25.3412 7.43167
    endloop
  endfacet
  facet normal -0.755188 0.617316 -0.220483
    outer loop
      vertex -19.8612 27.3121 8.52169
      vertex -21.3372 25.4867 8.4664
      vertex -19.862 27.3128 8.52639
    endloop
  endfacet
  facet normal -0.757409 0.618749 -0.208521
    outer loop
      vertex -21.3372 25.4867 8.4664
      vertex -19.8612 27.3121 8.52169
      vertex -21.3093 25.4622 8.29236
    endloop
  endfacet
  facet normal -0.740788 0.607834 -0.285957
    outer loop
      vertex -19.9477 27.3573 8.84299
      vertex -19.862 27.3128 8.52639
      vertex -21.3372 25.4867 8.4664
    endloop
  endfacet
  facet normal -0.59922 0.569381 -0.562797
    outer loop
      vertex -20.4046 27.4824 9.73321
      vertex -21.7367 25.5958 9.24285
      vertex -20.4076 27.4829 9.73691
    endloop
  endfacet
  facet normal -0.595914 0.568251 -0.567431
    outer loop
      vertex -21.7367 25.5958 9.24285
      vertex -20.4046 27.4824 9.73321
      vertex -21.6247 25.5765 9.1059
    endloop
  endfacet
  facet normal -0.414195 0.546003 -0.728233
    outer loop
      vertex -22.0008 25.6289 9.47834
      vertex -21.3959 27.6066 10.6171
      vertex -21.3919 27.6063 10.6146
    endloop
  endfacet
  facet normal -0.417745 0.545944 -0.726246
    outer loop
      vertex -21.3959 27.6066 10.6171
      vertex -22.0008 25.6289 9.47834
      vertex -22.15 25.6424 9.57431
    endloop
  endfacet
  facet normal -0.352903 0.540836 -0.763515
    outer loop
      vertex -22.15 25.6424 9.57431
      vertex -21.4002 27.6069 10.6193
      vertex -21.3959 27.6066 10.6171
    endloop
  endfacet
  facet normal -0.348391 0.540384 -0.765904
    outer loop
      vertex -21.4002 27.6069 10.6193
      vertex -22.15 25.6424 9.57431
      vertex -22.3085 25.6536 9.65431
    endloop
  endfacet
  facet normal -0.188217 0.531643 -0.82579
    outer loop
      vertex -22.4747 25.6625 9.71746
      vertex -22.0133 27.6448 10.8885
      vertex -22.0086 27.6446 10.8873
    endloop
  endfacet
  facet normal -0.198587 0.53235 -0.822901
    outer loop
      vertex -22.0133 27.6448 10.8885
      vertex -22.4747 25.6625 9.71746
      vertex -22.6465 25.6689 9.76306
    endloop
  endfacet
  facet normal -0.12002 0.530044 -0.839434
    outer loop
      vertex -22.6647 27.664 11.0254
      vertex -22.3377 27.6568 10.9741
      vertex -22.8223 25.6728 9.79063
    endloop
  endfacet
  facet normal 0.740788 0.607834 -0.285957
    outer loop
      vertex -26.0523 27.3573 8.84299
      vertex -24.6628 25.4867 8.4664
      vertex -26.138 27.3128 8.52639
    endloop
  endfacet
  facet normal 0.755188 0.617316 -0.220483
    outer loop
      vertex -24.6628 25.4867 8.4664
      vertex -26.1388 27.3121 8.52169
      vertex -26.138 27.3128 8.52639
    endloop
  endfacet
  facet normal 0.757409 0.618749 -0.208521
    outer loop
      vertex -26.1388 27.3121 8.52169
      vertex -24.6628 25.4867 8.4664
      vertex -24.6907 25.4622 8.29236
    endloop
  endfacet
  facet normal 0.716024 0.597218 -0.361441
    outer loop
      vertex -25.9308 27.4016 9.15804
      vertex -24.553 25.5337 8.80112
      vertex -26.0494 27.3586 8.85204
    endloop
  endfacet
  facet normal 0.683357 0.587007 -0.434104
    outer loop
      vertex -25.7805 27.4426 9.45008
      vertex -24.553 25.5337 8.80112
      vertex -25.9308 27.4016 9.15804
    endloop
  endfacet
  facet normal 0.64201 0.576808 -0.50509
    outer loop
      vertex -24.3753 25.5765 9.1059
      vertex -25.7783 27.4432 9.45433
      vertex -25.7757 27.4438 9.45832
    endloop
  endfacet
  facet normal 0.643354 0.577377 -0.502725
    outer loop
      vertex -25.7783 27.4432 9.45433
      vertex -24.3753 25.5765 9.1059
      vertex -24.4722 25.5558 8.95812
    endloop
  endfacet
  facet normal 0.198469 0.532335 -0.82294
    outer loop
      vertex -23.667 27.6567 10.9733
      vertex -23.3535 25.6689 9.76306
      vertex -23.9867 27.6448 10.8885
    endloop
  endfacet
  facet normal 0.274727 0.535797 -0.798403
    outer loop
      vertex -23.9958 27.6444 10.8856
      vertex -23.6915 25.6536 9.65431
      vertex -24.3049 27.6278 10.7681
    endloop
  endfacet
  facet normal 0.417844 0.54595 -0.726186
    outer loop
      vertex -24.6081 27.6063 10.6146
      vertex -23.9992 25.6289 9.47834
      vertex -24.8857 27.5812 10.436
    endloop
  endfacet
  facet normal 0.542375 0.559982 -0.626298
    outer loop
      vertex -24.2633 25.5958 9.24285
      vertex -25.1466 27.5518 10.2268
      vertex -24.1375 25.6133 9.36744
    endloop
  endfacet
  facet normal 0.542233 0.559981 -0.626422
    outer loop
      vertex -25.1466 27.5518 10.2268
      vertex -24.2633 25.5958 9.24285
      vertex -25.3841 27.5187 9.99163
    endloop
  endfacet
  facet normal 0.482566 0.552488 -0.679623
    outer loop
      vertex -24.8894 27.5808 10.433
      vertex -24.1375 25.6133 9.36744
      vertex -25.1466 27.5518 10.2268
    endloop
  endfacet
  facet normal 0.757405 0.652258 0.0299713
    outer loop
      vertex -24.6628 25.3883 7.76638
      vertex -26.1388 27.1278 7.21008
      vertex -24.6907 25.4127 7.94043
    endloop
  endfacet
  facet normal 0.757104 0.652529 0.0316164
    outer loop
      vertex -26.1388 27.1278 7.21008
      vertex -24.6628 25.3883 7.76638
      vertex -26.138 27.1271 7.20537
    endloop
  endfacet
  facet normal 0.740788 0.663111 0.107319
    outer loop
      vertex -24.6628 25.3883 7.76638
      vertex -26.0523 27.0826 6.88877
      vertex -26.138 27.1271 7.20537
    endloop
  endfacet
  facet normal 0.595884 0.702655 0.388842
    outer loop
      vertex -24.2633 25.2792 6.98994
      vertex -25.5954 26.9575 5.99856
      vertex -24.3753 25.2984 7.12688
    endloop
  endfacet
  facet normal 0.59617 0.70264 0.38843
    outer loop
      vertex -25.5954 26.9575 5.99856
      vertex -24.2633 25.2792 6.98994
      vertex -25.5924 26.957 5.99486
    endloop
  endfacet
  facet normal 0.417823 0.724961 0.54759
    outer loop
      vertex -23.85 25.2326 6.65848
      vertex -24.6081 26.8337 5.11721
      vertex -23.9992 25.2461 6.75445
    endloop
  endfacet
  facet normal 0.424375 0.724186 0.543562
    outer loop
      vertex -24.6081 26.8337 5.11721
      vertex -23.85 25.2326 6.65848
      vertex -24.6041 26.8333 5.11462
    endloop
  endfacet
  facet normal 0.348483 0.730554 0.587241
    outer loop
      vertex -24.5998 26.833 5.11246
      vertex -23.85 25.2326 6.65848
      vertex -23.6915 25.2213 6.57848
    endloop
  endfacet
  facet normal 0.346494 0.730646 0.588301
    outer loop
      vertex -23.85 25.2326 6.65848
      vertex -24.5998 26.833 5.11246
      vertex -24.6041 26.8333 5.11462
    endloop
  endfacet
  facet normal 0.198526 0.738558 0.644297
    outer loop
      vertex -23.9867 26.7952 4.84325
      vertex -23.5253 25.2125 6.51533
      vertex -23.3535 25.2061 6.46973
    endloop
  endfacet
  facet normal 0.185318 0.738692 0.648068
    outer loop
      vertex -23.5253 25.2125 6.51533
      vertex -23.9867 26.7952 4.84325
      vertex -23.9914 26.7953 4.84448
    endloop
  endfacet
  facet normal 0.119924 0.740893 0.66083
    outer loop
      vertex -23.1777 25.2022 6.44216
      vertex -23.3353 26.7759 4.7064
      vertex -23.6623 26.7831 4.75767
    endloop
  endfacet
  facet normal -0.348193 0.73055 0.587417
    outer loop
      vertex -21.4002 26.833 5.11246
      vertex -21.6951 26.8121 4.96365
      vertex -22.3085 25.2213 6.57848
    endloop
  endfacet
  facet normal -0.121178 0.740899 0.660595
    outer loop
      vertex -22.3377 26.7831 4.75767
      vertex -22.6465 25.2061 6.46973
      vertex -22.333 26.7832 4.75842
    endloop
  endfacet
  facet normal -0.120066 0.7409 0.660796
    outer loop
      vertex -22.6465 25.2061 6.46973
      vertex -22.3377 26.7831 4.75767
      vertex -22.8223 25.2022 6.44216
    endloop
  endfacet
  facet normal -0.198668 0.738564 0.644247
    outer loop
      vertex -22.0133 26.7952 4.84325
      vertex -22.333 26.7832 4.75842
      vertex -22.6465 25.2061 6.46973
    endloop
  endfacet
  facet normal -0.482672 0.718409 0.500914
    outer loop
      vertex -21.1106 26.8592 5.29873
      vertex -22.0008 25.2461 6.75445
      vertex -21.8625 25.2617 6.86534
    endloop
  endfacet
  facet normal -0.48337 0.718313 0.500381
    outer loop
      vertex -22.0008 25.2461 6.75445
      vertex -21.1106 26.8592 5.29873
      vertex -21.1143 26.8588 5.29573
    endloop
  endfacet
  facet normal 0.0529522 0.528571 -0.847236
    outer loop
      vertex -23 25.6741 9.79985
      vertex -23.0048 27.6664 11.0425
      vertex -23 27.6664 11.0428
    endloop
  endfacet
  facet normal 0.040117 0.528865 -0.847757
    outer loop
      vertex -23.0048 27.6664 11.0425
      vertex -23 25.6741 9.79985
      vertex -23.1777 25.6728 9.79063
    endloop
  endfacet
  facet normal 0.198587 0.53235 -0.822901
    outer loop
      vertex -23.5253 25.6625 9.71746
      vertex -23.9867 27.6448 10.8885
      vertex -23.3535 25.6689 9.76306
    endloop
  endfacet
  facet normal 0.188217 0.531643 -0.82579
    outer loop
      vertex -23.9867 27.6448 10.8885
      vertex -23.5253 25.6625 9.71746
      vertex -23.9914 27.6446 10.8873
    endloop
  endfacet
  facet normal 0.274674 0.535814 -0.798409
    outer loop
      vertex -23.6915 25.6536 9.65431
      vertex -23.9914 27.6446 10.8873
      vertex -23.5253 25.6625 9.71746
    endloop
  endfacet
  facet normal 0.283102 0.535421 -0.795725
    outer loop
      vertex -23.9914 27.6446 10.8873
      vertex -23.6915 25.6536 9.65431
      vertex -23.9958 27.6444 10.8856
    endloop
  endfacet
  facet normal 0.417745 0.545944 -0.726246
    outer loop
      vertex -23.9992 25.6289 9.47834
      vertex -24.6041 27.6066 10.6171
      vertex -23.85 25.6424 9.57431
    endloop
  endfacet
  facet normal 0.414195 0.546003 -0.728233
    outer loop
      vertex -24.6041 27.6066 10.6171
      vertex -23.9992 25.6289 9.47834
      vertex -24.6081 27.6063 10.6146
    endloop
  endfacet
  facet normal 0.482618 0.552499 -0.679577
    outer loop
      vertex -24.1375 25.6133 9.36744
      vertex -24.8857 27.5812 10.436
      vertex -23.9992 25.6289 9.47834
    endloop
  endfacet
  facet normal 0.488113 0.552466 -0.675668
    outer loop
      vertex -24.8857 27.5812 10.436
      vertex -24.1375 25.6133 9.36744
      vertex -24.8894 27.5808 10.433
    endloop
  endfacet
  facet normal -0.417823 0.724961 0.54759
    outer loop
      vertex -21.3919 26.8337 5.11721
      vertex -22.15 25.2326 6.65848
      vertex -22.0008 25.2461 6.75445
    endloop
  endfacet
  facet normal -0.424375 0.724186 0.543562
    outer loop
      vertex -22.15 25.2326 6.65848
      vertex -21.3919 26.8337 5.11721
      vertex -21.3959 26.8333 5.11462
    endloop
  endfacet
  facet normal -0.185318 0.738692 0.648068
    outer loop
      vertex -22.0133 26.7952 4.84325
      vertex -22.4747 25.2125 6.51533
      vertex -22.0086 26.7953 4.84448
    endloop
  endfacet
  facet normal -0.198526 0.738558 0.644297
    outer loop
      vertex -22.4747 25.2125 6.51533
      vertex -22.0133 26.7952 4.84325
      vertex -22.6465 25.2061 6.46973
    endloop
  endfacet
  facet normal -0.0401469 0.742056 0.669135
    outer loop
      vertex -22.9952 26.7735 4.68925
      vertex -23 25.2009 6.43294
      vertex -22.8223 25.2022 6.44216
    endloop
  endfacet
  facet normal -0.0348581 0.742196 0.669276
    outer loop
      vertex -23 25.2009 6.43294
      vertex -22.9952 26.7735 4.68925
      vertex -23 26.7735 4.689
    endloop
  endfacet
  facet normal -0.0401107 0.742059 0.669134
    outer loop
      vertex -22.8223 25.2022 6.44216
      vertex -22.6647 26.7759 4.7064
      vertex -22.9952 26.7735 4.68925
    endloop
  endfacet
  facet normal 0.0400222 0.528873 -0.847757
    outer loop
      vertex -23.0048 27.6664 11.0425
      vertex -23.1777 25.6728 9.79063
      vertex -23.3353 27.664 11.0254
    endloop
  endfacet
  facet normal 0.12002 0.530044 -0.839434
    outer loop
      vertex -23.3353 27.664 11.0254
      vertex -23.1777 25.6728 9.79063
      vertex -23.6623 27.6568 10.9741
    endloop
  endfacet
  facet normal -0.998627 0.00728947 0.0518673
    outer loop
      vertex -18.7733 27.1581 7.42596
      vertex -18.75 44.4305 5.44709
      vertex -18.7733 44.5295 4.98457
    endloop
  endfacet
  facet normal -0.998627 0.0072893 0.0518658
    outer loop
      vertex -18.75 44.4305 5.44709
      vertex -18.7733 27.1581 7.42596
      vertex -18.75 27.22 7.86588
    endloop
  endfacet
  facet normal 0.998627 0.0072893 0.0518658
    outer loop
      vertex -27.2267 27.1581 7.42596
      vertex -27.25 44.4305 5.44709
      vertex -27.25 27.22 7.86588
    endloop
  endfacet
  facet normal 0.998627 0.00728947 0.0518673
    outer loop
      vertex -27.25 44.4305 5.44709
      vertex -27.2267 27.1581 7.42596
      vertex -27.2267 44.5295 4.98457
    endloop
  endfacet
  facet normal -0.0523397 0.138982 0.988911
    outer loop
      vertex -23 45.0613 1.06668
      vertex -22.5558 26.6317 3.6803
      vertex -22.5558 45.0613 1.09019
    endloop
  endfacet
  facet normal -0.0523391 0.138982 0.988911
    outer loop
      vertex -22.5558 26.6317 3.6803
      vertex -23 45.0613 1.06668
      vertex -23 26.6285 3.65724
    endloop
  endfacet
  facet normal 0.0522059 -0.138981 -0.988918
    outer loop
      vertex -23.4442 27.8082 12.0515
      vertex -23 43.4835 9.87196
      vertex -23 27.8114 12.0745
    endloop
  endfacet
  facet normal 0.0523379 -0.138984 -0.988911
    outer loop
      vertex -23 43.4835 9.87196
      vertex -23.4442 27.8082 12.0515
      vertex -23.4442 43.4887 9.84772
    endloop
  endfacet
  facet normal -0.70706 0.0984166 0.700271
    outer loop
      vertex -20.1562 26.7804 4.73825
      vertex -19.8416 45.0613 2.48669
      vertex -20.1562 45.0613 2.16904
    endloop
  endfacet
  facet normal -0.707067 0.0984159 0.700265
    outer loop
      vertex -19.8416 45.0613 2.48669
      vertex -20.1562 26.7804 4.73825
      vertex -19.8416 26.8242 5.04975
    endloop
  endfacet
  facet normal 0.629343 0.108155 0.769565
    outer loop
      vertex -25.8438 26.7804 4.73825
      vertex -25.4981 45.0613 1.88633
      vertex -25.8438 45.0613 2.16904
    endloop
  endfacet
  facet normal 0.629344 0.108155 0.769564
    outer loop
      vertex -25.4981 45.0613 1.88633
      vertex -25.8438 26.7804 4.73825
      vertex -25.4981 26.7414 4.46102
    endloop
  endfacet
  facet normal 0.258821 0.134431 0.956525
    outer loop
      vertex -24.3133 26.6574 3.86323
      vertex -23.8836 45.0613 1.16046
      vertex -24.3133 45.0613 1.27673
    endloop
  endfacet
  facet normal 0.258818 0.134431 0.956526
    outer loop
      vertex -23.8836 45.0613 1.16046
      vertex -24.3133 26.6574 3.86323
      vertex -23.8836 26.6414 3.74921
    endloop
  endfacet
  facet normal 0.987685 -0.0217748 -0.154935
    outer loop
      vertex -27.2267 27.2818 8.30581
      vertex -27.1571 44.2336 6.36707
      vertex -27.1571 27.3429 8.74091
    endloop
  endfacet
  facet normal 0.987684 -0.0217752 -0.154939
    outer loop
      vertex -27.1571 44.2336 6.36707
      vertex -27.2267 27.2818 8.30581
      vertex -27.2267 44.3316 5.90962
    endloop
  endfacet
  facet normal -7.04399e-05 0.990273 -0.139138
    outer loop
      vertex -22.9952 27.6664 11.0425
      vertex -23 27.8114 12.0745
      vertex -22.5558 27.8082 12.0515
    endloop
  endfacet
  facet normal 4.17382e-05 0.990272 -0.139148
    outer loop
      vertex -22.3377 27.6568 10.9741
      vertex -22.5558 27.8082 12.0515
      vertex -22.1164 27.7985 11.9826
    endloop
  endfacet
  facet normal -0.00869823 0.99023 -0.139172
    outer loop
      vertex -23 27.8114 12.0745
      vertex -22.9952 27.6664 11.0425
      vertex -23 27.6664 11.0428
    endloop
  endfacet
  facet normal -6.82046e-05 0.990275 -0.139121
    outer loop
      vertex -22.0133 27.6448 10.8885
      vertex -22.1164 27.7985 11.9826
      vertex -21.6867 27.7825 11.8685
    endloop
  endfacet
  facet normal 0.00869823 0.99023 -0.139172
    outer loop
      vertex -23.0048 27.6664 11.0425
      vertex -23 27.8114 12.0745
      vertex -23 27.6664 11.0428
    endloop
  endfacet
  facet normal 6.09331e-05 0.990271 -0.139155
    outer loop
      vertex -22.0042 27.6444 10.8856
      vertex -21.6867 27.7825 11.8685
      vertex -21.2714 27.7603 11.7107
    endloop
  endfacet
  facet normal 7.04399e-05 0.990273 -0.139138
    outer loop
      vertex -23 27.8114 12.0745
      vertex -23.0048 27.6664 11.0425
      vertex -23.4442 27.8082 12.0515
    endloop
  endfacet
  facet normal -2.51892e-05 0.990267 -0.139182
    outer loop
      vertex -21.4002 27.6069 10.6193
      vertex -21.2714 27.7603 11.7107
      vertex -20.875 27.7322 11.5107
    endloop
  endfacet
  facet normal 9.23509e-06 0.990269 -0.139164
    outer loop
      vertex -23.3353 27.664 11.0254
      vertex -23.4442 27.8082 12.0515
      vertex -23.0048 27.6664 11.0425
    endloop
  endfacet
  facet normal -4.88438e-05 0.990275 -0.139127
    outer loop
      vertex -21.1143 27.5812 10.436
      vertex -20.875 27.7322 11.5107
      vertex -20.5019 27.6985 11.2707
    endloop
  endfacet
  facet normal 2.76945e-05 0.99027 -0.139162
    outer loop
      vertex -23.6623 27.6568 10.9741
      vertex -23.4442 27.8082 12.0515
      vertex -23.3353 27.664 11.0254
    endloop
  endfacet
  facet normal 0.00251968 0.990346 -0.138596
    outer loop
      vertex -23.667 27.6567 10.9733
      vertex -23.8836 27.7985 11.9826
      vertex -23.6623 27.6568 10.9741
    endloop
  endfacet
  facet normal -4.17382e-05 0.990272 -0.139148
    outer loop
      vertex -23.4442 27.8082 12.0515
      vertex -23.6623 27.6568 10.9741
      vertex -23.8836 27.7985 11.9826
    endloop
  endfacet
  facet normal -9.23509e-06 0.990269 -0.139164
    outer loop
      vertex -22.5558 27.8082 12.0515
      vertex -22.6647 27.664 11.0254
      vertex -22.9952 27.6664 11.0425
    endloop
  endfacet
  facet normal 0.000101249 0.990265 -0.139197
    outer loop
      vertex -20.8534 27.5518 10.2268
      vertex -20.5019 27.6985 11.2707
      vertex -20.1562 27.6595 10.9935
    endloop
  endfacet
  facet normal -2.76945e-05 0.99027 -0.139162
    outer loop
      vertex -22.5558 27.8082 12.0515
      vertex -22.3377 27.6568 10.9741
      vertex -22.6647 27.664 11.0254
    endloop
  endfacet
  facet normal -0.00251968 0.990346 -0.138596
    outer loop
      vertex -22.1164 27.7985 11.9826
      vertex -22.333 27.6567 10.9733
      vertex -22.3377 27.6568 10.9741
    endloop
  endfacet
  facet normal -4.05645e-05 0.990276 -0.139119
    outer loop
      vertex -22.1164 27.7985 11.9826
      vertex -22.0133 27.6448 10.8885
      vertex -22.333 27.6567 10.9733
    endloop
  endfacet
  facet normal 0.00609284 0.989972 -0.141132
    outer loop
      vertex -21.6867 27.7825 11.8685
      vertex -22.0086 27.6446 10.8873
      vertex -22.0133 27.6448 10.8885
    endloop
  endfacet
  facet normal -0.00777684 0.990586 -0.136668
    outer loop
      vertex -21.6867 27.7825 11.8685
      vertex -22.0042 27.6444 10.8856
      vertex -22.0086 27.6446 10.8873
    endloop
  endfacet
  facet normal 0.000227604 0.99025 -0.1393
    outer loop
      vertex -21.2714 27.7603 11.7107
      vertex -21.6951 27.6278 10.7681
      vertex -22.0042 27.6444 10.8856
    endloop
  endfacet
  facet normal 4.90526e-05 0.990265 -0.139192
    outer loop
      vertex -20.6159 27.5187 9.99163
      vertex -20.1562 27.6595 10.9935
      vertex -19.8416 27.6157 10.682
    endloop
  endfacet
  facet normal -4.54742e-05 0.990267 -0.13918
    outer loop
      vertex -21.2714 27.7603 11.7107
      vertex -21.4002 27.6069 10.6193
      vertex -21.6951 27.6278 10.7681
    endloop
  endfacet
  facet normal -0.00163595 0.990396 -0.138252
    outer loop
      vertex -20.875 27.7322 11.5107
      vertex -21.3959 27.6066 10.6171
      vertex -21.4002 27.6069 10.6193
    endloop
  endfacet
  facet normal -0.00933116 0.990958 -0.133845
    outer loop
      vertex -20.875 27.7322 11.5107
      vertex -21.3919 27.6063 10.6146
      vertex -21.3959 27.6066 10.6171
    endloop
  endfacet
  facet normal 1.84945e-05 0.990272 -0.139142
    outer loop
      vertex -20.875 27.7322 11.5107
      vertex -21.1143 27.5812 10.436
      vertex -21.3919 27.6063 10.6146
    endloop
  endfacet
  facet normal -0.00362415 0.990626 -0.136553
    outer loop
      vertex -20.5019 27.6985 11.2707
      vertex -21.1106 27.5808 10.433
      vertex -21.1143 27.5812 10.436
    endloop
  endfacet
  facet normal 3.00146e-06 0.990271 -0.13915
    outer loop
      vertex -20.4076 27.4829 9.73691
      vertex -19.8416 27.6157 10.682
      vertex -19.5617 27.5676 10.3397
    endloop
  endfacet
  facet normal 6.84243e-05 0.990266 -0.139186
    outer loop
      vertex -20.5019 27.6985 11.2707
      vertex -20.8534 27.5518 10.2268
      vertex -21.1106 27.5808 10.433
    endloop
  endfacet
  facet normal 0.000142968 0.99026 -0.139234
    outer loop
      vertex -20.1562 27.6595 10.9935
      vertex -20.6159 27.5187 9.99163
      vertex -20.8534 27.5518 10.2268
    endloop
  endfacet
  facet normal -1.03265e-06 0.990279 -0.139095
    outer loop
      vertex -20.2243 27.4438 9.45832
      vertex -19.5617 27.5676 10.3397
      vertex -19.3194 27.5157 9.9702
    endloop
  endfacet
  facet normal 2.1505e-05 0.99027 -0.139161
    outer loop
      vertex -19.8416 27.6157 10.682
      vertex -20.4076 27.4829 9.73691
      vertex -20.6159 27.5187 9.99163
    endloop
  endfacet
  facet normal -0.0024065 0.990729 -0.135833
    outer loop
      vertex -19.5617 27.5676 10.3397
      vertex -20.4046 27.4824 9.73321
      vertex -20.4076 27.4829 9.73691
    endloop
  endfacet
  facet normal 9.9037e-05 0.990262 -0.139213
    outer loop
      vertex -20.0692 27.4016 9.15804
      vertex -19.3194 27.5157 9.9702
      vertex -19.1174 27.4605 9.57769
    endloop
  endfacet
  facet normal -2.93669e-05 0.990282 -0.139074
    outer loop
      vertex -19.5617 27.5676 10.3397
      vertex -20.2243 27.4438 9.45832
      vertex -20.4046 27.4824 9.73321
    endloop
  endfacet
  facet normal 0.00405338 0.989259 -0.146119
    outer loop
      vertex -19.3194 27.5157 9.9702
      vertex -20.2217 27.4432 9.45433
      vertex -20.2243 27.4438 9.45832
    endloop
  endfacet
  facet normal 0.00027835 0.990201 -0.139649
    outer loop
      vertex -19.3194 27.5157 9.9702
      vertex -20.2195 27.4426 9.45008
      vertex -20.2217 27.4432 9.45433
    endloop
  endfacet
  facet normal 7.37985e-05 0.990272 -0.139145
    outer loop
      vertex -19.9506 27.3586 8.85204
      vertex -19.1174 27.4605 9.57769
      vertex -18.958 27.4027 9.16642
    endloop
  endfacet
  facet normal -6.7378e-05 0.990284 -0.139062
    outer loop
      vertex -19.3194 27.5157 9.9702
      vertex -20.0692 27.4016 9.15804
      vertex -20.2195 27.4426 9.45008
    endloop
  endfacet
  facet normal 6.25779e-05 0.990274 -0.139132
    outer loop
      vertex -19.1174 27.4605 9.57769
      vertex -19.9506 27.3586 8.85204
      vertex -20.0692 27.4016 9.15804
    endloop
  endfacet
  facet normal 0.00475369 0.988119 -0.153618
    outer loop
      vertex -18.958 27.4027 9.16642
      vertex -19.9489 27.3579 8.84759
      vertex -19.9506 27.3586 8.85204
    endloop
  endfacet
  facet normal -0.00296642 0.991497 -0.130099
    outer loop
      vertex -18.958 27.4027 9.16642
      vertex -19.9477 27.3573 8.84299
      vertex -19.9489 27.3579 8.84759
    endloop
  endfacet
  facet normal 4.96049e-05 0.99027 -0.139156
    outer loop
      vertex -18.8429 27.3429 8.74091
      vertex -19.9477 27.3573 8.84299
      vertex -18.958 27.4027 9.16642
    endloop
  endfacet
  facet normal 4.78537e-05 0.990268 -0.139175
    outer loop
      vertex -18.8429 27.3429 8.74091
      vertex -19.862 27.3128 8.52639
      vertex -19.9477 27.3573 8.84299
    endloop
  endfacet
  facet normal 0.00173329 0.989132 -0.147022
    outer loop
      vertex -18.8429 27.3429 8.74091
      vertex -19.8612 27.3121 8.52169
      vertex -19.862 27.3128 8.52639
    endloop
  endfacet
  facet normal -1.45587e-05 0.990283 -0.139065
    outer loop
      vertex -18.7733 27.2818 8.30581
      vertex -19.8612 27.3121 8.52169
      vertex -18.8429 27.3429 8.74091
    endloop
  endfacet
  facet normal -3.92622e-05 0.990266 -0.139187
    outer loop
      vertex -18.7733 27.2818 8.30581
      vertex -19.8095 27.2666 8.19796
      vertex -19.8612 27.3121 8.52169
    endloop
  endfacet
  facet normal -4.11269e-05 0.990269 -0.13917
    outer loop
      vertex -18.7733 27.2818 8.30581
      vertex -19.7921 27.2206 7.87064
      vertex -19.8095 27.2666 8.19796
    endloop
  endfacet
  facet normal -6.52708e-05 0.990276 -0.139114
    outer loop
      vertex -18.75 27.22 7.86588
      vertex -19.7921 27.2206 7.87064
      vertex -18.7733 27.2818 8.30581
    endloop
  endfacet
  facet normal 0 0.992149 -0.125061
    outer loop
      vertex -18.75 27.22 7.86588
      vertex -19.7919 27.22 7.86588
      vertex -19.7921 27.2206 7.87064
    endloop
  endfacet
  facet normal 0 0.989315 -0.145794
    outer loop
      vertex -18.75 27.22 7.86588
      vertex -19.7921 27.2193 7.86113
      vertex -19.7919 27.22 7.86588
    endloop
  endfacet
  facet normal -3.08507e-05 0.990269 -0.139166
    outer loop
      vertex -18.75 27.22 7.86588
      vertex -19.8095 27.1733 7.53381
      vertex -19.7921 27.2193 7.86113
    endloop
  endfacet
  facet normal 2.34816e-05 0.990245 -0.139336
    outer loop
      vertex -18.7733 27.1581 7.42596
      vertex -19.8095 27.1733 7.53381
      vertex -18.75 27.22 7.86588
    endloop
  endfacet
  facet normal 3.92622e-05 0.990266 -0.139187
    outer loop
      vertex -18.7733 27.1581 7.42596
      vertex -19.8612 27.1278 7.21008
      vertex -19.8095 27.1733 7.53381
    endloop
  endfacet
  facet normal 1.45587e-05 0.990283 -0.139065
    outer loop
      vertex -18.8429 27.097 6.99086
      vertex -19.8612 27.1278 7.21008
      vertex -18.7733 27.1581 7.42596
    endloop
  endfacet
  facet normal -0.00166853 0.989175 -0.146728
    outer loop
      vertex -19.8612 27.1278 7.21008
      vertex -18.8429 27.097 6.99086
      vertex -19.862 27.1271 7.20537
    endloop
  endfacet
  facet normal -4.65616e-05 0.990268 -0.139175
    outer loop
      vertex -18.8429 27.097 6.99086
      vertex -19.9477 27.0826 6.88877
      vertex -19.862 27.1271 7.20537
    endloop
  endfacet
  facet normal -4.8623e-05 0.990271 -0.139154
    outer loop
      vertex -18.958 27.0372 6.56534
      vertex -19.9477 27.0826 6.88877
      vertex -18.8429 27.097 6.99086
    endloop
  endfacet
  facet normal 0.00296642 0.991497 -0.130099
    outer loop
      vertex -19.9477 27.0826 6.88877
      vertex -18.958 27.0372 6.56534
      vertex -19.9489 27.082 6.88417
    endloop
  endfacet
  facet normal 0.00161345 0.990949 -0.134228
    outer loop
      vertex -19.9489 27.082 6.88417
      vertex -18.958 27.0372 6.56534
      vertex -19.9506 27.0814 6.87972
    endloop
  endfacet
  facet normal 1.41044e-05 0.990267 -0.139181
    outer loop
      vertex -19.1174 26.9794 6.15408
      vertex -19.9506 27.0814 6.87972
      vertex -18.958 27.0372 6.56534
    endloop
  endfacet
  facet normal 2.45671e-05 0.990269 -0.139169
    outer loop
      vertex -19.9506 27.0814 6.87972
      vertex -19.1174 26.9794 6.15408
      vertex -20.0692 27.0384 6.57373
    endloop
  endfacet
  facet normal -1.29623e-05 0.990257 -0.139253
    outer loop
      vertex -19.3194 26.9242 5.76156
      vertex -20.0692 27.0384 6.57373
      vertex -19.1174 26.9794 6.15408
    endloop
  endfacet
  facet normal -8.15228e-05 0.990248 -0.139315
    outer loop
      vertex -20.0692 27.0384 6.57373
      vertex -19.3194 26.9242 5.76156
      vertex -20.2195 26.9973 6.28168
    endloop
  endfacet
  facet normal -0.000424754 0.990166 -0.139897
    outer loop
      vertex -20.2195 26.9973 6.28168
      vertex -19.3194 26.9242 5.76156
      vertex -20.2217 26.9967 6.27744
    endloop
  endfacet
  facet normal 0.00628864 0.991706 -0.128372
    outer loop
      vertex -20.2217 26.9967 6.27744
      vertex -19.3194 26.9242 5.76156
      vertex -20.2243 26.9962 6.27345
    endloop
  endfacet
  facet normal 7.1965e-05 0.99027 -0.139159
    outer loop
      vertex -19.5617 26.8723 5.39211
      vertex -20.2243 26.9962 6.27345
      vertex -19.3194 26.9242 5.76156
    endloop
  endfacet
  facet normal -0.000142236 0.990248 -0.139317
    outer loop
      vertex -20.2243 26.9962 6.27345
      vertex -19.5617 26.8723 5.39211
      vertex -20.4046 26.9575 5.99856
    endloop
  endfacet
  facet normal 0.00241057 0.990728 -0.135837
    outer loop
      vertex -20.4046 26.9575 5.99856
      vertex -19.5617 26.8723 5.39211
      vertex -20.4076 26.957 5.99486
    endloop
  endfacet
  facet normal 1.21366e-05 0.990273 -0.139139
    outer loop
      vertex -19.8416 26.8242 5.04975
      vertex -20.4076 26.957 5.99486
      vertex -19.5617 26.8723 5.39211
    endloop
  endfacet
  facet normal -1.97274e-05 0.99027 -0.139157
    outer loop
      vertex -20.4076 26.957 5.99486
      vertex -19.8416 26.8242 5.04975
      vertex -20.6159 26.9212 5.74013
    endloop
  endfacet
  facet normal -4.99985e-05 0.990266 -0.139191
    outer loop
      vertex -20.1562 26.7804 4.73825
      vertex -20.6159 26.9212 5.74013
      vertex -19.8416 26.8242 5.04975
    endloop
  endfacet
  facet normal 0.000126674 0.990277 -0.139111
    outer loop
      vertex -20.6159 26.9212 5.74013
      vertex -20.1562 26.7804 4.73825
      vertex -20.8534 26.8882 5.505
    endloop
  endfacet
  facet normal -3.85775e-05 0.990256 -0.139259
    outer loop
      vertex -20.5019 26.7414 4.46102
      vertex -20.8534 26.8882 5.505
      vertex -20.1562 26.7804 4.73825
    endloop
  endfacet
  facet normal 1.45657e-05 0.990259 -0.139241
    outer loop
      vertex -20.8534 26.8882 5.505
      vertex -20.5019 26.7414 4.46102
      vertex -21.1106 26.8592 5.29873
    endloop
  endfacet
  facet normal 0.00368362 0.990616 -0.136625
    outer loop
      vertex -21.1106 26.8592 5.29873
      vertex -20.5019 26.7414 4.46102
      vertex -21.1143 26.8588 5.29573
    endloop
  endfacet
  facet normal 8.22151e-05 0.990262 -0.139218
    outer loop
      vertex -20.875 26.7077 4.22109
      vertex -21.1143 26.8588 5.29573
      vertex -20.5019 26.7414 4.46102
    endloop
  endfacet
  facet normal 2.63651e-06 0.990259 -0.139235
    outer loop
      vertex -21.1143 26.8588 5.29573
      vertex -20.875 26.7077 4.22109
      vertex -21.3919 26.8337 5.11721
    endloop
  endfacet
  facet normal -0.00645465 0.989718 -0.142884
    outer loop
      vertex -21.3919 26.8337 5.11721
      vertex -20.875 26.7077 4.22109
      vertex -21.3959 26.8333 5.11462
    endloop
  endfacet
  facet normal 0.000645348 0.990316 -0.138829
    outer loop
      vertex -21.3959 26.8333 5.11462
      vertex -20.875 26.7077 4.22109
      vertex -21.4002 26.833 5.11246
    endloop
  endfacet
  facet normal 2.43044e-05 0.990266 -0.139188
    outer loop
      vertex -21.2714 26.6796 4.0211
      vertex -21.4002 26.833 5.11246
      vertex -20.875 26.7077 4.22109
    endloop
  endfacet
  facet normal 5.23579e-05 0.990266 -0.139184
    outer loop
      vertex -21.4002 26.833 5.11246
      vertex -21.2714 26.6796 4.0211
      vertex -21.6951 26.8121 4.96365
    endloop
  endfacet
  facet normal 3.30224e-05 0.990265 -0.139193
    outer loop
      vertex -21.6951 26.8121 4.96365
      vertex -21.2714 26.6796 4.0211
      vertex -22.0042 26.7956 4.84619
    endloop
  endfacet
  facet normal -8.81053e-06 0.99026 -0.139229
    outer loop
      vertex -21.6867 26.6574 3.86323
      vertex -22.0042 26.7956 4.84619
      vertex -21.2714 26.6796 4.0211
    endloop
  endfacet
  facet normal -0.0119065 0.989653 -0.142987
    outer loop
      vertex -22.0042 26.7956 4.84619
      vertex -21.6867 26.6574 3.86323
      vertex -22.0086 26.7953 4.84448
    endloop
  endfacet
  facet normal 0.0141447 0.990799 -0.134602
    outer loop
      vertex -22.0086 26.7953 4.84448
      vertex -21.6867 26.6574 3.86323
      vertex -22.0133 26.7952 4.84325
    endloop
  endfacet
  facet normal 6.83488e-05 0.990262 -0.139217
    outer loop
      vertex -22.1164 26.6414 3.74921
      vertex -22.0133 26.7952 4.84325
      vertex -21.6867 26.6574 3.86323
    endloop
  endfacet
  facet normal -0.000237029 0.990266 -0.139189
    outer loop
      vertex -22.0133 26.7952 4.84325
      vertex -22.1164 26.6414 3.74921
      vertex -22.333 26.7832 4.75842
    endloop
  endfacet
  facet normal 4.05645e-05 0.990276 -0.139119
    outer loop
      vertex -23.9867 27.6448 10.8885
      vertex -23.8836 27.7985 11.9826
      vertex -23.667 27.6567 10.9733
    endloop
  endfacet
  facet normal 6.82046e-05 0.990275 -0.139121
    outer loop
      vertex -23.8836 27.7985 11.9826
      vertex -23.9867 27.6448 10.8885
      vertex -24.3133 27.7825 11.8685
    endloop
  endfacet
  facet normal -0.00609284 0.989972 -0.141132
    outer loop
      vertex -23.9914 27.6446 10.8873
      vertex -24.3133 27.7825 11.8685
      vertex -23.9867 27.6448 10.8885
    endloop
  endfacet
  facet normal 0.00777684 0.990586 -0.136668
    outer loop
      vertex -23.9958 27.6444 10.8856
      vertex -24.3133 27.7825 11.8685
      vertex -23.9914 27.6446 10.8873
    endloop
  endfacet
  facet normal -6.09331e-05 0.990271 -0.139155
    outer loop
      vertex -24.3133 27.7825 11.8685
      vertex -23.9958 27.6444 10.8856
      vertex -24.7286 27.7603 11.7107
    endloop
  endfacet
  facet normal -0.000227604 0.99025 -0.1393
    outer loop
      vertex -24.3049 27.6278 10.7681
      vertex -24.7286 27.7603 11.7107
      vertex -23.9958 27.6444 10.8856
    endloop
  endfacet
  facet normal 4.54742e-05 0.990267 -0.13918
    outer loop
      vertex -24.5998 27.6069 10.6193
      vertex -24.7286 27.7603 11.7107
      vertex -24.3049 27.6278 10.7681
    endloop
  endfacet
  facet normal 2.51892e-05 0.990267 -0.139182
    outer loop
      vertex -24.7286 27.7603 11.7107
      vertex -24.5998 27.6069 10.6193
      vertex -25.125 27.7322 11.5107
    endloop
  endfacet
  facet normal 0.00163595 0.990396 -0.138252
    outer loop
      vertex -24.6041 27.6066 10.6171
      vertex -25.125 27.7322 11.5107
      vertex -24.5998 27.6069 10.6193
    endloop
  endfacet
  facet normal 0.00933116 0.990958 -0.133845
    outer loop
      vertex -24.6081 27.6063 10.6146
      vertex -25.125 27.7322 11.5107
      vertex -24.6041 27.6066 10.6171
    endloop
  endfacet
  facet normal -1.84945e-05 0.990272 -0.139142
    outer loop
      vertex -24.8857 27.5812 10.436
      vertex -25.125 27.7322 11.5107
      vertex -24.6081 27.6063 10.6146
    endloop
  endfacet
  facet normal 4.88438e-05 0.990275 -0.139127
    outer loop
      vertex -25.125 27.7322 11.5107
      vertex -24.8857 27.5812 10.436
      vertex -25.4981 27.6985 11.2707
    endloop
  endfacet
  facet normal 0.00362415 0.990626 -0.136553
    outer loop
      vertex -24.8894 27.5808 10.433
      vertex -25.4981 27.6985 11.2707
      vertex -24.8857 27.5812 10.436
    endloop
  endfacet
  facet normal -6.84243e-05 0.990266 -0.139186
    outer loop
      vertex -25.1466 27.5518 10.2268
      vertex -25.4981 27.6985 11.2707
      vertex -24.8894 27.5808 10.433
    endloop
  endfacet
  facet normal -0.000101249 0.990265 -0.139197
    outer loop
      vertex -25.4981 27.6985 11.2707
      vertex -25.1466 27.5518 10.2268
      vertex -25.8438 27.6595 10.9935
    endloop
  endfacet
  facet normal -0.000142968 0.99026 -0.139234
    outer loop
      vertex -25.3841 27.5187 9.99163
      vertex -25.8438 27.6595 10.9935
      vertex -25.1466 27.5518 10.2268
    endloop
  endfacet
  facet normal -4.90526e-05 0.990265 -0.139192
    outer loop
      vertex -25.8438 27.6595 10.9935
      vertex -25.3841 27.5187 9.99163
      vertex -26.1584 27.6157 10.682
    endloop
  endfacet
  facet normal -2.1505e-05 0.99027 -0.139161
    outer loop
      vertex -25.5924 27.4829 9.73691
      vertex -26.1584 27.6157 10.682
      vertex -25.3841 27.5187 9.99163
    endloop
  endfacet
  facet normal -3.00146e-06 0.990271 -0.13915
    outer loop
      vertex -26.1584 27.6157 10.682
      vertex -25.5924 27.4829 9.73691
      vertex -26.4383 27.5676 10.3397
    endloop
  endfacet
  facet normal 0.0024065 0.990729 -0.135833
    outer loop
      vertex -25.5954 27.4824 9.73321
      vertex -26.4383 27.5676 10.3397
      vertex -25.5924 27.4829 9.73691
    endloop
  endfacet
  facet normal 2.93669e-05 0.990282 -0.139074
    outer loop
      vertex -25.7757 27.4438 9.45832
      vertex -26.4383 27.5676 10.3397
      vertex -25.5954 27.4824 9.73321
    endloop
  endfacet
  facet normal 1.03265e-06 0.990279 -0.139095
    outer loop
      vertex -26.4383 27.5676 10.3397
      vertex -25.7757 27.4438 9.45832
      vertex -26.6806 27.5157 9.9702
    endloop
  endfacet
  facet normal -0.00405338 0.989259 -0.146119
    outer loop
      vertex -25.7783 27.4432 9.45433
      vertex -26.6806 27.5157 9.9702
      vertex -25.7757 27.4438 9.45832
    endloop
  endfacet
  facet normal -0.00027835 0.990201 -0.139649
    outer loop
      vertex -25.7805 27.4426 9.45008
      vertex -26.6806 27.5157 9.9702
      vertex -25.7783 27.4432 9.45433
    endloop
  endfacet
  facet normal 6.7378e-05 0.990284 -0.139062
    outer loop
      vertex -25.9308 27.4016 9.15804
      vertex -26.6806 27.5157 9.9702
      vertex -25.7805 27.4426 9.45008
    endloop
  endfacet
  facet normal -9.9037e-05 0.990262 -0.139213
    outer loop
      vertex -26.6806 27.5157 9.9702
      vertex -25.9308 27.4016 9.15804
      vertex -26.8826 27.4605 9.57769
    endloop
  endfacet
  facet normal -6.25779e-05 0.990274 -0.139132
    outer loop
      vertex -26.0494 27.3586 8.85204
      vertex -26.8826 27.4605 9.57769
      vertex -25.9308 27.4016 9.15804
    endloop
  endfacet
  facet normal -7.37985e-05 0.990272 -0.139145
    outer loop
      vertex -26.8826 27.4605 9.57769
      vertex -26.0494 27.3586 8.85204
      vertex -27.042 27.4027 9.16642
    endloop
  endfacet
  facet normal -0.00475369 0.988119 -0.153618
    outer loop
      vertex -26.0511 27.3579 8.84759
      vertex -27.042 27.4027 9.16642
      vertex -26.0494 27.3586 8.85204
    endloop
  endfacet
  facet normal 0.00296642 0.991497 -0.130099
    outer loop
      vertex -26.0523 27.3573 8.84299
      vertex -27.042 27.4027 9.16642
      vertex -26.0511 27.3579 8.84759
    endloop
  endfacet
  facet normal -4.96049e-05 0.99027 -0.139156
    outer loop
      vertex -26.0523 27.3573 8.84299
      vertex -27.1571 27.3429 8.74091
      vertex -27.042 27.4027 9.16642
    endloop
  endfacet
  facet normal -4.78537e-05 0.990268 -0.139175
    outer loop
      vertex -26.138 27.3128 8.52639
      vertex -27.1571 27.3429 8.74091
      vertex -26.0523 27.3573 8.84299
    endloop
  endfacet
  facet normal -0.00173329 0.989132 -0.147022
    outer loop
      vertex -26.1388 27.3121 8.52169
      vertex -27.1571 27.3429 8.74091
      vertex -26.138 27.3128 8.52639
    endloop
  endfacet
  facet normal 1.45587e-05 0.990283 -0.139065
    outer loop
      vertex -26.1388 27.3121 8.52169
      vertex -27.2267 27.2818 8.30581
      vertex -27.1571 27.3429 8.74091
    endloop
  endfacet
  facet normal 3.92622e-05 0.990266 -0.139187
    outer loop
      vertex -26.1905 27.2666 8.19796
      vertex -27.2267 27.2818 8.30581
      vertex -26.1388 27.3121 8.52169
    endloop
  endfacet
  facet normal 4.11269e-05 0.990269 -0.13917
    outer loop
      vertex -26.2079 27.2206 7.87064
      vertex -27.2267 27.2818 8.30581
      vertex -26.1905 27.2666 8.19796
    endloop
  endfacet
  facet normal 0 0.992149 -0.125061
    outer loop
      vertex -27.25 27.22 7.86588
      vertex -26.2079 27.2206 7.87064
      vertex -26.2081 27.22 7.86588
    endloop
  endfacet
  facet normal 6.52708e-05 0.990276 -0.139114
    outer loop
      vertex -26.2079 27.2206 7.87064
      vertex -27.25 27.22 7.86588
      vertex -27.2267 27.2818 8.30581
    endloop
  endfacet
  facet normal 0 0.989315 -0.145794
    outer loop
      vertex -26.2079 27.2193 7.86113
      vertex -27.25 27.22 7.86588
      vertex -26.2081 27.22 7.86588
    endloop
  endfacet
  facet normal 3.08507e-05 0.990269 -0.139166
    outer loop
      vertex -26.1905 27.1733 7.53381
      vertex -27.25 27.22 7.86588
      vertex -26.2079 27.2193 7.86113
    endloop
  endfacet
  facet normal -2.34816e-05 0.990245 -0.139336
    outer loop
      vertex -26.1905 27.1733 7.53381
      vertex -27.2267 27.1581 7.42596
      vertex -27.25 27.22 7.86588
    endloop
  endfacet
  facet normal -3.92622e-05 0.990266 -0.139187
    outer loop
      vertex -26.1388 27.1278 7.21008
      vertex -27.2267 27.1581 7.42596
      vertex -26.1905 27.1733 7.53381
    endloop
  endfacet
  facet normal 0.00166853 0.989175 -0.146728
    outer loop
      vertex -27.1571 27.097 6.99086
      vertex -26.1388 27.1278 7.21008
      vertex -26.138 27.1271 7.20537
    endloop
  endfacet
  facet normal -1.45587e-05 0.990283 -0.139065
    outer loop
      vertex -26.1388 27.1278 7.21008
      vertex -27.1571 27.097 6.99086
      vertex -27.2267 27.1581 7.42596
    endloop
  endfacet
  facet normal 4.65616e-05 0.990268 -0.139175
    outer loop
      vertex -26.0523 27.0826 6.88877
      vertex -27.1571 27.097 6.99086
      vertex -26.138 27.1271 7.20537
    endloop
  endfacet
  facet normal -0.00296642 0.991497 -0.130099
    outer loop
      vertex -27.042 27.0372 6.56534
      vertex -26.0523 27.0826 6.88877
      vertex -26.0511 27.082 6.88417
    endloop
  endfacet
  facet normal -0.00161345 0.990949 -0.134228
    outer loop
      vertex -27.042 27.0372 6.56534
      vertex -26.0511 27.082 6.88417
      vertex -26.0494 27.0814 6.87972
    endloop
  endfacet
  facet normal -2.45671e-05 0.990269 -0.139169
    outer loop
      vertex -26.8826 26.9794 6.15408
      vertex -26.0494 27.0814 6.87972
      vertex -25.9308 27.0384 6.57373
    endloop
  endfacet
  facet normal 4.8623e-05 0.990271 -0.139154
    outer loop
      vertex -26.0523 27.0826 6.88877
      vertex -27.042 27.0372 6.56534
      vertex -27.1571 27.097 6.99086
    endloop
  endfacet
  facet normal 8.15228e-05 0.990248 -0.139315
    outer loop
      vertex -26.6806 26.9242 5.76156
      vertex -25.9308 27.0384 6.57373
      vertex -25.7805 26.9973 6.28168
    endloop
  endfacet
  facet normal 0.000424754 0.990166 -0.139897
    outer loop
      vertex -26.6806 26.9242 5.76156
      vertex -25.7805 26.9973 6.28168
      vertex -25.7783 26.9967 6.27744
    endloop
  endfacet
  facet normal -0.00628864 0.991706 -0.128372
    outer loop
      vertex -26.6806 26.9242 5.76156
      vertex -25.7783 26.9967 6.27744
      vertex -25.7757 26.9962 6.27345
    endloop
  endfacet
  facet normal -1.41044e-05 0.990267 -0.139181
    outer loop
      vertex -26.0494 27.0814 6.87972
      vertex -26.8826 26.9794 6.15408
      vertex -27.042 27.0372 6.56534
    endloop
  endfacet
  facet normal 0.000142236 0.990248 -0.139317
    outer loop
      vertex -26.4383 26.8723 5.39211
      vertex -25.7757 26.9962 6.27345
      vertex -25.5954 26.9575 5.99856
    endloop
  endfacet
  facet normal -0.00241057 0.990728 -0.135837
    outer loop
      vertex -26.4383 26.8723 5.39211
      vertex -25.5954 26.9575 5.99856
      vertex -25.5924 26.957 5.99486
    endloop
  endfacet
  facet normal 1.29623e-05 0.990257 -0.139253
    outer loop
      vertex -25.9308 27.0384 6.57373
      vertex -26.6806 26.9242 5.76156
      vertex -26.8826 26.9794 6.15408
    endloop
  endfacet
  facet normal 1.97274e-05 0.99027 -0.139157
    outer loop
      vertex -26.1584 26.8242 5.04975
      vertex -25.5924 26.957 5.99486
      vertex -25.3841 26.9212 5.74013
    endloop
  endfacet
  facet normal -0.000126674 0.990277 -0.139111
    outer loop
      vertex -25.8438 26.7804 4.73825
      vertex -25.3841 26.9212 5.74013
      vertex -25.1466 26.8882 5.505
    endloop
  endfacet
  facet normal -7.1965e-05 0.99027 -0.139159
    outer loop
      vertex -25.7757 26.9962 6.27345
      vertex -26.4383 26.8723 5.39211
      vertex -26.6806 26.9242 5.76156
    endloop
  endfacet
  facet normal -1.45657e-05 0.990259 -0.139241
    outer loop
      vertex -25.4981 26.7414 4.46102
      vertex -25.1466 26.8882 5.505
      vertex -24.8894 26.8592 5.29873
    endloop
  endfacet
  facet normal -0.00368362 0.990616 -0.136625
    outer loop
      vertex -25.4981 26.7414 4.46102
      vertex -24.8894 26.8592 5.29873
      vertex -24.8857 26.8588 5.29573
    endloop
  endfacet
  facet normal -2.63651e-06 0.990259 -0.139235
    outer loop
      vertex -25.125 26.7077 4.22109
      vertex -24.8857 26.8588 5.29573
      vertex -24.6081 26.8337 5.11721
    endloop
  endfacet
  facet normal 0.00645465 0.989718 -0.142884
    outer loop
      vertex -25.125 26.7077 4.22109
      vertex -24.6081 26.8337 5.11721
      vertex -24.6041 26.8333 5.11462
    endloop
  endfacet
  facet normal -0.000645348 0.990316 -0.138829
    outer loop
      vertex -25.125 26.7077 4.22109
      vertex -24.6041 26.8333 5.11462
      vertex -24.5998 26.833 5.11246
    endloop
  endfacet
  facet normal -1.21366e-05 0.990273 -0.139139
    outer loop
      vertex -25.5924 26.957 5.99486
      vertex -26.1584 26.8242 5.04975
      vertex -26.4383 26.8723 5.39211
    endloop
  endfacet
  facet normal -5.23579e-05 0.990266 -0.139184
    outer loop
      vertex -24.7286 26.6796 4.0211
      vertex -24.5998 26.833 5.11246
      vertex -24.3049 26.8121 4.96365
    endloop
  endfacet
  facet normal -3.30224e-05 0.990265 -0.139193
    outer loop
      vertex -24.7286 26.6796 4.0211
      vertex -24.3049 26.8121 4.96365
      vertex -23.9958 26.7956 4.84619
    endloop
  endfacet
  facet normal 0.0119065 0.989653 -0.142987
    outer loop
      vertex -24.3133 26.6574 3.86323
      vertex -23.9958 26.7956 4.84619
      vertex -23.9914 26.7953 4.84448
    endloop
  endfacet
  facet normal -0.0141447 0.990799 -0.134602
    outer loop
      vertex -24.3133 26.6574 3.86323
      vertex -23.9914 26.7953 4.84448
      vertex -23.9867 26.7952 4.84325
    endloop
  endfacet
  facet normal 0.000237029 0.990266 -0.139189
    outer loop
      vertex -23.8836 26.6414 3.74921
      vertex -23.9867 26.7952 4.84325
      vertex -23.667 26.7832 4.75842
    endloop
  endfacet
  facet normal -0.00109593 0.990305 -0.138908
    outer loop
      vertex -23.8836 26.6414 3.74921
      vertex -23.667 26.7832 4.75842
      vertex -23.6623 26.7831 4.75767
    endloop
  endfacet
  facet normal 4.99985e-05 0.990266 -0.139191
    outer loop
      vertex -25.3841 26.9212 5.74013
      vertex -25.8438 26.7804 4.73825
      vertex -26.1584 26.8242 5.04975
    endloop
  endfacet
  facet normal -1.51363e-05 0.990269 -0.139163
    outer loop
      vertex -23.4442 26.6317 3.6803
      vertex -23.6623 26.7831 4.75767
      vertex -23.3353 26.7759 4.7064
    endloop
  endfacet
  facet normal -3.01733e-05 0.99027 -0.139161
    outer loop
      vertex -23.4442 26.6317 3.6803
      vertex -23.3353 26.7759 4.7064
      vertex -23.0048 26.7735 4.68925
    endloop
  endfacet
  facet normal -0.00724819 0.990243 -0.139165
    outer loop
      vertex -23 26.6285 3.65724
      vertex -23.0048 26.7735 4.68925
      vertex -23 26.7735 4.689
    endloop
  endfacet
  facet normal 0.00109593 0.990305 -0.138908
    outer loop
      vertex -22.333 26.7832 4.75842
      vertex -22.1164 26.6414 3.74921
      vertex -22.3377 26.7831 4.75767
    endloop
  endfacet
  facet normal 3.85775e-05 0.990256 -0.139259
    outer loop
      vertex -25.1466 26.8882 5.505
      vertex -25.4981 26.7414 4.46102
      vertex -25.8438 26.7804 4.73825
    endloop
  endfacet
  facet normal -3.784e-05 0.990271 -0.139153
    outer loop
      vertex -22.5558 26.6317 3.6803
      vertex -22.3377 26.7831 4.75767
      vertex -22.1164 26.6414 3.74921
    endloop
  endfacet
  facet normal -8.22151e-05 0.990262 -0.139218
    outer loop
      vertex -24.8857 26.8588 5.29573
      vertex -25.125 26.7077 4.22109
      vertex -25.4981 26.7414 4.46102
    endloop
  endfacet
  facet normal 1.51363e-05 0.990269 -0.139163
    outer loop
      vertex -22.3377 26.7831 4.75767
      vertex -22.5558 26.6317 3.6803
      vertex -22.6647 26.7759 4.7064
    endloop
  endfacet
  facet normal -2.43044e-05 0.990266 -0.139188
    outer loop
      vertex -24.5998 26.833 5.11246
      vertex -24.7286 26.6796 4.0211
      vertex -25.125 26.7077 4.22109
    endloop
  endfacet
  facet normal 3.01733e-05 0.99027 -0.139161
    outer loop
      vertex -22.6647 26.7759 4.7064
      vertex -22.5558 26.6317 3.6803
      vertex -22.9952 26.7735 4.68925
    endloop
  endfacet
  facet normal 8.81053e-06 0.99026 -0.139229
    outer loop
      vertex -23.9958 26.7956 4.84619
      vertex -24.3133 26.6574 3.86323
      vertex -24.7286 26.6796 4.0211
    endloop
  endfacet
  facet normal 8.91684e-05 0.990273 -0.139136
    outer loop
      vertex -23 26.6285 3.65724
      vertex -22.9952 26.7735 4.68925
      vertex -22.5558 26.6317 3.6803
    endloop
  endfacet
  facet normal -6.83488e-05 0.990262 -0.139217
    outer loop
      vertex -23.9867 26.7952 4.84325
      vertex -23.8836 26.6414 3.74921
      vertex -24.3133 26.6574 3.86323
    endloop
  endfacet
  facet normal 0.00724819 0.990243 -0.139165
    outer loop
      vertex -22.9952 26.7735 4.68925
      vertex -23 26.6285 3.65724
      vertex -23 26.7735 4.689
    endloop
  endfacet
  facet normal 3.784e-05 0.990271 -0.139153
    outer loop
      vertex -23.6623 26.7831 4.75767
      vertex -23.4442 26.6317 3.6803
      vertex -23.8836 26.6414 3.74921
    endloop
  endfacet
  facet normal -8.91684e-05 0.990273 -0.139136
    outer loop
      vertex -23.0048 26.7735 4.68925
      vertex -23 26.6285 3.65724
      vertex -23.4442 26.6317 3.6803
    endloop
  endfacet
  facet normal -0.890973 0.0631922 0.449638
    outer loop
      vertex -19.3194 26.9242 5.76156
      vertex -19.1174 44.8158 3.64734
      vertex -19.3194 44.9041 3.23466
    endloop
  endfacet
  facet normal -0.890976 0.0631914 0.449631
    outer loop
      vertex -19.1174 44.8158 3.64734
      vertex -19.3194 26.9242 5.76156
      vertex -19.1174 26.9794 6.15408
    endloop
  endfacet
  facet normal -0.838661 0.0758014 0.539354
    outer loop
      vertex -19.5617 26.8723 5.39211
      vertex -19.3194 44.9041 3.23466
      vertex -19.5617 44.9872 2.84622
    endloop
  endfacet
  facet normal -0.838649 0.0758033 0.539371
    outer loop
      vertex -19.3194 44.9041 3.23466
      vertex -19.5617 26.8723 5.39211
      vertex -19.3194 26.9242 5.76156
    endloop
  endfacet
  facet normal -0.358377 0.129929 0.924492
    outer loop
      vertex -21.6867 45.0613 1.27673
      vertex -21.2714 26.6796 4.0211
      vertex -21.2714 45.0613 1.43772
    endloop
  endfacet
  facet normal -0.358377 0.129929 0.924492
    outer loop
      vertex -21.2714 26.6796 4.0211
      vertex -21.6867 45.0613 1.27673
      vertex -21.6867 26.6574 3.86323
    endloop
  endfacet
  facet normal 0.838649 0.0758033 0.539371
    outer loop
      vertex -26.4383 26.8723 5.39211
      vertex -26.6806 44.9041 3.23466
      vertex -26.6806 26.9242 5.76156
    endloop
  endfacet
  facet normal 0.838661 0.0758014 0.539354
    outer loop
      vertex -26.6806 44.9041 3.23466
      vertex -26.4383 26.8723 5.39211
      vertex -26.4383 44.9872 2.84622
    endloop
  endfacet
  facet normal 0.780449 0.067696 0.621544
    outer loop
      vertex -26.4383 44.9872 2.84622
      vertex -26.1584 45.0613 2.48669
      vertex -26.169 45.0613 2.5
    endloop
  endfacet
  facet normal 0.777212 0.0875733 0.623115
    outer loop
      vertex -26.1584 26.8242 5.04975
      vertex -26.4383 44.9872 2.84622
      vertex -26.4383 26.8723 5.39211
    endloop
  endfacet
  facet normal 0.777209 0.0875738 0.623119
    outer loop
      vertex -26.4383 44.9872 2.84622
      vertex -26.1584 26.8242 5.04975
      vertex -26.1584 45.0613 2.48669
    endloop
  endfacet
  facet normal 0.0523397 0.138982 0.988911
    outer loop
      vertex -23.4442 45.0613 1.09019
      vertex -23 26.6285 3.65724
      vertex -23 45.0613 1.06668
    endloop
  endfacet
  facet normal 0.0523391 0.138982 0.988911
    outer loop
      vertex -23 26.6285 3.65724
      vertex -23.4442 45.0613 1.09019
      vertex -23.4442 26.6317 3.6803
    endloop
  endfacet
  facet normal -0.890973 -0.0631924 -0.449638
    outer loop
      vertex -19.1174 27.4605 9.57769
      vertex -19.3194 43.957 7.65953
      vertex -19.1174 44.0453 7.24685
    endloop
  endfacet
  facet normal -0.890972 -0.0631926 -0.44964
    outer loop
      vertex -19.3194 43.957 7.65953
      vertex -19.1174 27.4605 9.57769
      vertex -19.3194 27.5157 9.9702
    endloop
  endfacet
  facet normal -0.258984 -0.134427 -0.956481
    outer loop
      vertex -22.1164 43.5042 9.77527
      vertex -21.6867 27.7825 11.8685
      vertex -22.1164 27.7985 11.9826
    endloop
  endfacet
  facet normal -0.258846 -0.134428 -0.956519
    outer loop
      vertex -21.6867 27.7825 11.8685
      vertex -22.1164 43.5042 9.77527
      vertex -21.6867 43.5298 9.65539
    endloop
  endfacet
  facet normal -0.707058 -0.0984163 -0.700273
    outer loop
      vertex -19.8416 27.6157 10.682
      vertex -20.1562 43.7267 8.73541
      vertex -19.8416 43.7968 8.40791
    endloop
  endfacet
  facet normal -0.707067 -0.0984155 -0.700265
    outer loop
      vertex -20.1562 43.7267 8.73541
      vertex -19.8416 27.6157 10.682
      vertex -20.1562 27.6595 10.9935
    endloop
  endfacet
  facet normal -0.965948 -0.0360092 -0.256218
    outer loop
      vertex -18.8429 27.3429 8.74091
      vertex -18.958 44.1379 6.81445
      vertex -18.8429 44.2336 6.36707
    endloop
  endfacet
  facet normal -0.965946 -0.0360102 -0.256227
    outer loop
      vertex -18.958 44.1379 6.81445
      vertex -18.8429 27.3429 8.74091
      vertex -18.958 27.4027 9.16642
    endloop
  endfacet
  facet normal 0.358241 -0.129934 -0.924543
    outer loop
      vertex -24.7286 27.7603 11.7107
      vertex -24.3133 43.5298 9.65539
      vertex -24.3133 27.7825 11.8685
    endloop
  endfacet
  facet normal 0.358351 -0.129932 -0.924501
    outer loop
      vertex -24.3133 43.5298 9.65539
      vertex -24.7286 27.7603 11.7107
      vertex -24.7286 43.5654 9.48941
    endloop
  endfacet
  facet normal 0.77716 -0.0875816 -0.623179
    outer loop
      vertex -26.4383 27.5676 10.3397
      vertex -26.1584 43.7968 8.40791
      vertex -26.1584 27.6157 10.682
    endloop
  endfacet
  facet normal 0.777198 -0.0875765 -0.623132
    outer loop
      vertex -26.1584 43.7968 8.40791
      vertex -26.4383 27.5676 10.3397
      vertex -26.4383 43.8739 8.04797
    endloop
  endfacet
  facet normal 0.838682 -0.0757975 -0.53932
    outer loop
      vertex -26.6806 27.5157 9.9702
      vertex -26.4383 43.8739 8.04797
      vertex -26.4383 27.5676 10.3397
    endloop
  endfacet
  facet normal 0.838661 -0.0758011 -0.539354
    outer loop
      vertex -26.4383 43.8739 8.04797
      vertex -26.6806 27.5157 9.9702
      vertex -26.6806 43.957 7.65953
    endloop
  endfacet
  facet normal 0.998627 -0.00728932 -0.0518663
    outer loop
      vertex -27.25 27.22 7.86588
      vertex -27.2267 44.3316 5.90962
      vertex -27.2267 27.2818 8.30581
    endloop
  endfacet
  facet normal 0.998628 -0.00728912 -0.0518646
    outer loop
      vertex -27.2267 44.3316 5.90962
      vertex -27.25 27.22 7.86588
      vertex -27.25 44.4305 5.44709
    endloop
  endfacet
  facet normal -0.965948 0.0360091 0.256218
    outer loop
      vertex -18.958 27.0372 6.56534
      vertex -18.8429 44.6275 4.52711
      vertex -18.958 44.7232 4.07973
    endloop
  endfacet
  facet normal -0.965947 0.0360095 0.256221
    outer loop
      vertex -18.8429 44.6275 4.52711
      vertex -18.958 27.0372 6.56534
      vertex -18.8429 27.097 6.99086
    endloop
  endfacet
  facet normal -0.987685 0.0217747 0.154935
    outer loop
      vertex -18.8429 27.097 6.99086
      vertex -18.7733 44.5295 4.98457
      vertex -18.8429 44.6275 4.52711
    endloop
  endfacet
  facet normal -0.987685 0.0217747 0.154935
    outer loop
      vertex -18.7733 44.5295 4.98457
      vertex -18.8429 27.097 6.99086
      vertex -18.7733 27.1581 7.42596
    endloop
  endfacet
  facet normal -0.933593 0.0498706 0.354848
    outer loop
      vertex -19.1174 26.9794 6.15408
      vertex -18.958 44.7232 4.07973
      vertex -19.1174 44.8158 3.64734
    endloop
  endfacet
  facet normal -0.933595 0.04987 0.354843
    outer loop
      vertex -18.958 44.7232 4.07973
      vertex -19.1174 26.9794 6.15408
      vertex -18.958 27.0372 6.56534
    endloop
  endfacet
  facet normal -0.780449 0.067696 0.621544
    outer loop
      vertex -19.8416 45.0613 2.48669
      vertex -19.5617 44.9872 2.84622
      vertex -19.831 45.0613 2.5
    endloop
  endfacet
  facet normal -0.777209 0.0875738 0.623119
    outer loop
      vertex -19.8416 26.8242 5.04975
      vertex -19.5617 44.9872 2.84622
      vertex -19.8416 45.0613 2.48669
    endloop
  endfacet
  facet normal -0.777212 0.0875733 0.623115
    outer loop
      vertex -19.5617 44.9872 2.84622
      vertex -19.8416 26.8242 5.04975
      vertex -19.5617 26.8723 5.39211
    endloop
  endfacet
  facet normal -0.258821 0.134431 0.956525
    outer loop
      vertex -22.1164 45.0613 1.16046
      vertex -21.6867 26.6574 3.86323
      vertex -21.6867 45.0613 1.27673
    endloop
  endfacet
  facet normal -0.258818 0.134431 0.956526
    outer loop
      vertex -21.6867 26.6574 3.86323
      vertex -22.1164 45.0613 1.16046
      vertex -22.1164 26.6414 3.74921
    endloop
  endfacet
  facet normal -0.156417 0.13746 0.978079
    outer loop
      vertex -22.5558 45.0613 1.09019
      vertex -22.1164 26.6414 3.74921
      vertex -22.1164 45.0613 1.16046
    endloop
  endfacet
  facet normal -0.156424 0.13746 0.978078
    outer loop
      vertex -22.1164 26.6414 3.74921
      vertex -22.5558 45.0613 1.09019
      vertex -22.5558 26.6317 3.6803
    endloop
  endfacet
  facet normal -0.544631 0.116721 0.830514
    outer loop
      vertex -20.875 45.0613 1.64166
      vertex -20.5019 26.7414 4.46102
      vertex -20.5019 45.0613 1.88633
    endloop
  endfacet
  facet normal -0.544625 0.116722 0.830518
    outer loop
      vertex -20.5019 26.7414 4.46102
      vertex -20.875 45.0613 1.64166
      vertex -20.875 26.7077 4.22109
    endloop
  endfacet
  facet normal -0.453954 0.124007 0.882354
    outer loop
      vertex -21.2714 45.0613 1.43772
      vertex -20.875 26.7077 4.22109
      vertex -20.875 45.0613 1.64166
    endloop
  endfacet
  facet normal -0.453952 0.124007 0.882355
    outer loop
      vertex -20.875 26.7077 4.22109
      vertex -21.2714 45.0613 1.43772
      vertex -21.2714 26.6796 4.0211
    endloop
  endfacet
  facet normal -0.629343 0.108155 0.769565
    outer loop
      vertex -20.5019 45.0613 1.88633
      vertex -20.1562 26.7804 4.73825
      vertex -20.1562 45.0613 2.16904
    endloop
  endfacet
  facet normal -0.629344 0.108155 0.769564
    outer loop
      vertex -20.1562 26.7804 4.73825
      vertex -20.5019 45.0613 1.88633
      vertex -20.5019 26.7414 4.46102
    endloop
  endfacet
  facet normal 0.965947 0.0360095 0.256221
    outer loop
      vertex -27.042 27.0372 6.56534
      vertex -27.1571 44.6275 4.52711
      vertex -27.1571 27.097 6.99086
    endloop
  endfacet
  facet normal 0.965948 0.0360091 0.256218
    outer loop
      vertex -27.1571 44.6275 4.52711
      vertex -27.042 27.0372 6.56534
      vertex -27.042 44.7232 4.07973
    endloop
  endfacet
  facet normal 0.890976 0.0631914 0.449631
    outer loop
      vertex -26.6806 26.9242 5.76156
      vertex -26.8826 44.8158 3.64734
      vertex -26.8826 26.9794 6.15408
    endloop
  endfacet
  facet normal 0.890973 0.0631922 0.449638
    outer loop
      vertex -26.8826 44.8158 3.64734
      vertex -26.6806 26.9242 5.76156
      vertex -26.6806 44.9041 3.23466
    endloop
  endfacet
  facet normal 0.987685 0.0217747 0.154935
    outer loop
      vertex -27.1571 27.097 6.99086
      vertex -27.2267 44.5295 4.98457
      vertex -27.2267 27.1581 7.42596
    endloop
  endfacet
  facet normal 0.987685 0.0217747 0.154935
    outer loop
      vertex -27.2267 44.5295 4.98457
      vertex -27.1571 27.097 6.99086
      vertex -27.1571 44.6275 4.52711
    endloop
  endfacet
  facet normal 0.453954 0.124007 0.882354
    outer loop
      vertex -25.125 26.7077 4.22109
      vertex -24.7286 45.0613 1.43772
      vertex -25.125 45.0613 1.64166
    endloop
  endfacet
  facet normal 0.453952 0.124007 0.882355
    outer loop
      vertex -24.7286 45.0613 1.43772
      vertex -25.125 26.7077 4.22109
      vertex -24.7286 26.6796 4.0211
    endloop
  endfacet
  facet normal 0.156417 0.13746 0.978079
    outer loop
      vertex -23.8836 26.6414 3.74921
      vertex -23.4442 45.0613 1.09019
      vertex -23.8836 45.0613 1.16046
    endloop
  endfacet
  facet normal 0.156424 0.13746 0.978078
    outer loop
      vertex -23.4442 45.0613 1.09019
      vertex -23.8836 26.6414 3.74921
      vertex -23.4442 26.6317 3.6803
    endloop
  endfacet
  facet normal -0.998628 -0.00728912 -0.0518646
    outer loop
      vertex -18.75 27.22 7.86588
      vertex -18.7733 44.3316 5.90962
      vertex -18.75 44.4305 5.44709
    endloop
  endfacet
  facet normal -0.998627 -0.00728932 -0.0518663
    outer loop
      vertex -18.7733 44.3316 5.90962
      vertex -18.75 27.22 7.86588
      vertex -18.7733 27.2818 8.30581
    endloop
  endfacet
  facet normal -0.0522059 -0.138985 -0.988917
    outer loop
      vertex -23 27.8114 12.0745
      vertex -22.5558 43.4887 9.84772
      vertex -22.5558 27.8082 12.0515
    endloop
  endfacet
  facet normal -0.0523379 -0.13898 -0.988911
    outer loop
      vertex -22.5558 43.4887 9.84772
      vertex -23 27.8114 12.0745
      vertex -23 43.4835 9.87196
    endloop
  endfacet
  facet normal -0.45397 -0.124007 -0.882345
    outer loop
      vertex -21.2714 43.5654 9.48941
      vertex -20.875 27.7322 11.5107
      vertex -21.2714 27.7603 11.7107
    endloop
  endfacet
  facet normal -0.453964 -0.124007 -0.882349
    outer loop
      vertex -20.875 27.7322 11.5107
      vertex -21.2714 43.5654 9.48941
      vertex -20.875 43.6104 9.27914
    endloop
  endfacet
  facet normal -0.629304 -0.108157 -0.769597
    outer loop
      vertex -20.5019 43.6644 9.02689
      vertex -20.1562 27.6595 10.9935
      vertex -20.5019 27.6985 11.2707
    endloop
  endfacet
  facet normal -0.629362 -0.108153 -0.76955
    outer loop
      vertex -20.1562 27.6595 10.9935
      vertex -20.5019 43.6644 9.02689
      vertex -20.1562 43.7267 8.73541
    endloop
  endfacet
  facet normal -0.544735 -0.116713 -0.830447
    outer loop
      vertex -20.875 43.6104 9.27914
      vertex -20.5019 27.6985 11.2707
      vertex -20.875 27.7322 11.5107
    endloop
  endfacet
  facet normal -0.544617 -0.11672 -0.830523
    outer loop
      vertex -20.5019 27.6985 11.2707
      vertex -20.875 43.6104 9.27914
      vertex -20.5019 43.6644 9.02689
    endloop
  endfacet
  facet normal -0.777198 -0.0875765 -0.623132
    outer loop
      vertex -19.5617 27.5676 10.3397
      vertex -19.8416 43.7968 8.40791
      vertex -19.5617 43.8739 8.04797
    endloop
  endfacet
  facet normal -0.77716 -0.0875816 -0.623179
    outer loop
      vertex -19.8416 43.7968 8.40791
      vertex -19.5617 27.5676 10.3397
      vertex -19.8416 27.6157 10.682
    endloop
  endfacet
  facet normal -0.838661 -0.0758011 -0.539354
    outer loop
      vertex -19.3194 27.5157 9.9702
      vertex -19.5617 43.8739 8.04797
      vertex -19.3194 43.957 7.65953
    endloop
  endfacet
  facet normal -0.838682 -0.0757975 -0.53932
    outer loop
      vertex -19.5617 43.8739 8.04797
      vertex -19.3194 27.5157 9.9702
      vertex -19.5617 27.5676 10.3397
    endloop
  endfacet
  facet normal 0.707067 -0.0984155 -0.700265
    outer loop
      vertex -26.1584 27.6157 10.682
      vertex -25.8438 43.7267 8.73541
      vertex -25.8438 27.6595 10.9935
    endloop
  endfacet
  facet normal 0.707058 -0.0984163 -0.700273
    outer loop
      vertex -25.8438 43.7267 8.73541
      vertex -26.1584 27.6157 10.682
      vertex -26.1584 43.7968 8.40791
    endloop
  endfacet
  facet normal 0.629304 -0.108157 -0.769597
    outer loop
      vertex -25.8438 27.6595 10.9935
      vertex -25.4981 43.6644 9.02689
      vertex -25.4981 27.6985 11.2707
    endloop
  endfacet
  facet normal 0.629362 -0.108153 -0.76955
    outer loop
      vertex -25.4981 43.6644 9.02689
      vertex -25.8438 27.6595 10.9935
      vertex -25.8438 43.7267 8.73541
    endloop
  endfacet
  facet normal 0.544735 -0.116713 -0.830447
    outer loop
      vertex -25.4981 27.6985 11.2707
      vertex -25.125 43.6104 9.27914
      vertex -25.125 27.7322 11.5107
    endloop
  endfacet
  facet normal 0.544617 -0.11672 -0.830523
    outer loop
      vertex -25.125 43.6104 9.27914
      vertex -25.4981 27.6985 11.2707
      vertex -25.4981 43.6644 9.02689
    endloop
  endfacet
  facet normal 0.156402 -0.137462 -0.978081
    outer loop
      vertex -23.8836 27.7985 11.9826
      vertex -23.4442 43.4887 9.84772
      vertex -23.4442 27.8082 12.0515
    endloop
  endfacet
  facet normal 0.15642 -0.137462 -0.978078
    outer loop
      vertex -23.4442 43.4887 9.84772
      vertex -23.8836 27.7985 11.9826
      vertex -23.8836 43.5042 9.77527
    endloop
  endfacet
  facet normal 0.933598 -0.0498688 -0.354835
    outer loop
      vertex -27.042 27.4027 9.16642
      vertex -26.8826 44.0453 7.24685
      vertex -26.8826 27.4605 9.57769
    endloop
  endfacet
  facet normal 0.933596 -0.0498694 -0.354841
    outer loop
      vertex -26.8826 44.0453 7.24685
      vertex -27.042 27.4027 9.16642
      vertex -27.042 44.1379 6.81445
    endloop
  endfacet
  facet normal 0.707067 0.0984159 0.700265
    outer loop
      vertex -25.8438 26.7804 4.73825
      vertex -26.1584 45.0613 2.48669
      vertex -26.1584 26.8242 5.04975
    endloop
  endfacet
  facet normal 0.70706 0.0984166 0.700271
    outer loop
      vertex -26.1584 45.0613 2.48669
      vertex -25.8438 26.7804 4.73825
      vertex -25.8438 45.0613 2.16904
    endloop
  endfacet
  facet normal 0.933595 0.04987 0.354843
    outer loop
      vertex -26.8826 26.9794 6.15408
      vertex -27.042 44.7232 4.07973
      vertex -27.042 27.0372 6.56534
    endloop
  endfacet
  facet normal 0.933593 0.0498706 0.354848
    outer loop
      vertex -27.042 44.7232 4.07973
      vertex -26.8826 26.9794 6.15408
      vertex -26.8826 44.8158 3.64734
    endloop
  endfacet
  facet normal 0.544631 0.116721 0.830514
    outer loop
      vertex -25.4981 26.7414 4.46102
      vertex -25.125 45.0613 1.64166
      vertex -25.4981 45.0613 1.88633
    endloop
  endfacet
  facet normal 0.544625 0.116722 0.830518
    outer loop
      vertex -25.125 45.0613 1.64166
      vertex -25.4981 26.7414 4.46102
      vertex -25.125 26.7077 4.22109
    endloop
  endfacet
  facet normal 0.358377 0.129929 0.924492
    outer loop
      vertex -24.7286 26.6796 4.0211
      vertex -24.3133 45.0613 1.27673
      vertex -24.7286 45.0613 1.43772
    endloop
  endfacet
  facet normal 0.358377 0.129929 0.924492
    outer loop
      vertex -24.3133 45.0613 1.27673
      vertex -24.7286 26.6796 4.0211
      vertex -24.3133 26.6574 3.86323
    endloop
  endfacet
  facet normal -0.156402 -0.137462 -0.978081
    outer loop
      vertex -22.5558 43.4887 9.84772
      vertex -22.1164 27.7985 11.9826
      vertex -22.5558 27.8082 12.0515
    endloop
  endfacet
  facet normal -0.15642 -0.137462 -0.978078
    outer loop
      vertex -22.1164 27.7985 11.9826
      vertex -22.5558 43.4887 9.84772
      vertex -22.1164 43.5042 9.77527
    endloop
  endfacet
  facet normal -0.358241 -0.129934 -0.924543
    outer loop
      vertex -21.6867 43.5298 9.65539
      vertex -21.2714 27.7603 11.7107
      vertex -21.6867 27.7825 11.8685
    endloop
  endfacet
  facet normal -0.358351 -0.129932 -0.924501
    outer loop
      vertex -21.2714 27.7603 11.7107
      vertex -21.6867 43.5298 9.65539
      vertex -21.2714 43.5654 9.48941
    endloop
  endfacet
  facet normal -0.933596 -0.0498694 -0.354841
    outer loop
      vertex -18.958 27.4027 9.16642
      vertex -19.1174 44.0453 7.24685
      vertex -18.958 44.1379 6.81445
    endloop
  endfacet
  facet normal -0.933598 -0.0498688 -0.354835
    outer loop
      vertex -19.1174 44.0453 7.24685
      vertex -18.958 27.4027 9.16642
      vertex -19.1174 27.4605 9.57769
    endloop
  endfacet
  facet normal -0.987684 -0.0217752 -0.154939
    outer loop
      vertex -18.7733 27.2818 8.30581
      vertex -18.8429 44.2336 6.36707
      vertex -18.7733 44.3316 5.90962
    endloop
  endfacet
  facet normal -0.987685 -0.0217748 -0.154935
    outer loop
      vertex -18.8429 44.2336 6.36707
      vertex -18.7733 27.2818 8.30581
      vertex -18.8429 27.3429 8.74091
    endloop
  endfacet
  facet normal 0.45397 -0.124007 -0.882345
    outer loop
      vertex -25.125 27.7322 11.5107
      vertex -24.7286 43.5654 9.48941
      vertex -24.7286 27.7603 11.7107
    endloop
  endfacet
  facet normal 0.453964 -0.124007 -0.882349
    outer loop
      vertex -24.7286 43.5654 9.48941
      vertex -25.125 27.7322 11.5107
      vertex -25.125 43.6104 9.27914
    endloop
  endfacet
  facet normal 0.258984 -0.134427 -0.956481
    outer loop
      vertex -24.3133 27.7825 11.8685
      vertex -23.8836 43.5042 9.77527
      vertex -23.8836 27.7985 11.9826
    endloop
  endfacet
  facet normal 0.258846 -0.134428 -0.956519
    outer loop
      vertex -23.8836 43.5042 9.77527
      vertex -24.3133 27.7825 11.8685
      vertex -24.3133 43.5298 9.65539
    endloop
  endfacet
  facet normal 0.890972 -0.0631926 -0.44964
    outer loop
      vertex -26.8826 27.4605 9.57769
      vertex -26.6806 43.957 7.65953
      vertex -26.6806 27.5157 9.9702
    endloop
  endfacet
  facet normal 0.890973 -0.0631924 -0.449638
    outer loop
      vertex -26.6806 43.957 7.65953
      vertex -26.8826 27.4605 9.57769
      vertex -26.8826 44.0453 7.24685
    endloop
  endfacet
  facet normal 0.965946 -0.0360102 -0.256227
    outer loop
      vertex -27.1571 27.3429 8.74091
      vertex -27.042 44.1379 6.81445
      vertex -27.042 27.4027 9.16642
    endloop
  endfacet
  facet normal 0.965948 -0.0360092 -0.256218
    outer loop
      vertex -27.042 44.1379 6.81445
      vertex -27.1571 27.3429 8.74091
      vertex -27.1571 44.2336 6.36707
    endloop
  endfacet
  facet normal -0.99863 0.00728172 0.051811
    outer loop
      vertex -9.30931 25.4127 7.94043
      vertex -9.3 24.0511 8.31124
      vertex -9.3 25.4375 8.11639
    endloop
  endfacet
  facet normal -0.99863 0.00728203 0.0518121
    outer loop
      vertex -9.3 24.0511 8.31124
      vertex -9.30931 25.4127 7.94043
      vertex -9.30931 24.0264 8.13527
    endloop
  endfacet
  facet normal 0.998633 0.00727392 0.0517555
    outer loop
      vertex -12.7 24.0511 8.31124
      vertex -12.6907 25.4127 7.94043
      vertex -12.7 25.4375 8.11639
    endloop
  endfacet
  facet normal 0.998633 0.00727423 0.0517566
    outer loop
      vertex -12.6907 25.4127 7.94043
      vertex -12.7 24.0511 8.31124
      vertex -12.6907 24.0264 8.13527
    endloop
  endfacet
  facet normal 0.0523266 0.138978 0.988912
    outer loop
      vertex -11.1777 23.8158 6.637
      vertex -11 25.2009 6.43294
      vertex -11.1777 25.2022 6.44216
    endloop
  endfacet
  facet normal 0.0523266 0.138978 0.988912
    outer loop
      vertex -11 25.2009 6.43294
      vertex -11.1777 23.8158 6.637
      vertex -11 23.8145 6.62778
    endloop
  endfacet
  facet normal -0.707087 0.0984151 0.700245
    outer loop
      vertex -9.86248 25.2617 6.86534
      vertex -9.73665 23.8928 7.18479
      vertex -9.73665 25.2792 6.98994
    endloop
  endfacet
  facet normal -0.707087 0.0984151 0.700245
    outer loop
      vertex -9.73665 23.8928 7.18479
      vertex -9.86248 25.2617 6.86534
      vertex -9.86248 23.8753 7.06019
    endloop
  endfacet
  facet normal 0.707171 0.0984033 0.700161
    outer loop
      vertex -12.2633 23.8928 7.18479
      vertex -12.1375 25.2617 6.86534
      vertex -12.2633 25.2792 6.98994
    endloop
  endfacet
  facet normal 0.707171 0.0984033 0.700161
    outer loop
      vertex -12.1375 25.2617 6.86534
      vertex -12.2633 23.8928 7.18479
      vertex -12.1375 23.8753 7.06019
    endloop
  endfacet
  facet normal 0.358182 0.129945 0.924565
    outer loop
      vertex -11.6915 23.835 6.77332
      vertex -11.5253 25.2125 6.51533
      vertex -11.6915 25.2213 6.57848
    endloop
  endfacet
  facet normal 0.358201 0.129941 0.924558
    outer loop
      vertex -11.5253 25.2125 6.51533
      vertex -11.6915 23.835 6.77332
      vertex -11.5253 23.8261 6.71018
    endloop
  endfacet
  facet normal -0.933589 0.0498708 0.35486
    outer loop
      vertex -9.44697 25.3412 7.43167
      vertex -9.3832 23.978 7.79102
      vertex -9.3832 25.3644 7.59618
    endloop
  endfacet
  facet normal -0.933579 0.0498779 0.354885
    outer loop
      vertex -9.3832 23.978 7.79102
      vertex -9.44697 25.3412 7.43167
      vertex -9.44697 23.9549 7.62651
    endloop
  endfacet
  facet normal -0.987685 0.0217751 0.154932
    outer loop
      vertex -9.33715 25.3883 7.76638
      vertex -9.30931 24.0264 8.13527
      vertex -9.30931 25.4127 7.94043
    endloop
  endfacet
  facet normal -0.987686 0.0217742 0.154928
    outer loop
      vertex -9.30931 24.0264 8.13527
      vertex -9.33715 25.3883 7.76638
      vertex -9.33715 24.0019 7.96123
    endloop
  endfacet
  facet normal -0.358182 0.129945 0.924565
    outer loop
      vertex -10.4747 25.2125 6.51533
      vertex -10.3085 23.835 6.77332
      vertex -10.3085 25.2213 6.57848
    endloop
  endfacet
  facet normal -0.358201 0.129941 0.924558
    outer loop
      vertex -10.3085 23.835 6.77332
      vertex -10.4747 25.2125 6.51533
      vertex -10.4747 23.8261 6.71018
    endloop
  endfacet
  facet normal 0.838727 0.0757849 0.539254
    outer loop
      vertex -12.4722 23.9328 7.46951
      vertex -12.3753 25.2984 7.12688
      vertex -12.4722 25.3192 7.27467
    endloop
  endfacet
  facet normal 0.83871 0.0757922 0.539278
    outer loop
      vertex -12.3753 25.2984 7.12688
      vertex -12.4722 23.9328 7.46951
      vertex -12.3753 23.912 7.32173
    endloop
  endfacet
  facet normal 0.777081 0.0875974 0.623275
    outer loop
      vertex -12.3753 23.912 7.32173
      vertex -12.2633 25.2792 6.98994
      vertex -12.3753 25.2984 7.12688
    endloop
  endfacet
  facet normal 0.777081 0.0875974 0.623275
    outer loop
      vertex -12.2633 25.2792 6.98994
      vertex -12.3753 23.912 7.32173
      vertex -12.2633 23.8928 7.18479
    endloop
  endfacet
  facet normal 0.156524 0.137454 0.978063
    outer loop
      vertex -11.3534 23.8197 6.66457
      vertex -11.1777 25.2022 6.44216
      vertex -11.3534 25.2061 6.46973
    endloop
  endfacet
  facet normal 0.156524 0.137454 0.978063
    outer loop
      vertex -11.1777 25.2022 6.44216
      vertex -11.3534 23.8197 6.66457
      vertex -11.1777 23.8158 6.637
    endloop
  endfacet
  facet normal -0.156524 -0.137454 -0.978063
    outer loop
      vertex -10.8223 24.2864 9.98547
      vertex -10.6466 25.6689 9.76306
      vertex -10.6466 24.2825 9.9579
    endloop
  endfacet
  facet normal -0.156524 -0.137454 -0.978063
    outer loop
      vertex -10.6466 25.6689 9.76306
      vertex -10.8223 24.2864 9.98547
      vertex -10.8223 25.6728 9.79063
    endloop
  endfacet
  facet normal -0.965929 0.0360197 0.256288
    outer loop
      vertex -9.3832 25.3644 7.59618
      vertex -9.33715 24.0019 7.96123
      vertex -9.33715 25.3883 7.76638
    endloop
  endfacet
  facet normal -0.965933 0.0360159 0.256274
    outer loop
      vertex -9.33715 24.0019 7.96123
      vertex -9.3832 25.3644 7.59618
      vertex -9.3832 23.978 7.79102
    endloop
  endfacet
  facet normal -0.838701 0.0757904 0.539293
    outer loop
      vertex -9.62467 25.2984 7.12688
      vertex -9.52776 23.9328 7.46951
      vertex -9.52776 25.3192 7.27467
    endloop
  endfacet
  facet normal -0.838684 0.0757977 0.539317
    outer loop
      vertex -9.52776 23.9328 7.46951
      vertex -9.62467 25.2984 7.12688
      vertex -9.62467 23.912 7.32173
    endloop
  endfacet
  facet normal -0.777136 0.087588 0.623207
    outer loop
      vertex -9.73665 25.2792 6.98994
      vertex -9.62467 23.912 7.32173
      vertex -9.62467 25.2984 7.12688
    endloop
  endfacet
  facet normal -0.777136 0.087588 0.623207
    outer loop
      vertex -9.62467 23.912 7.32173
      vertex -9.73665 25.2792 6.98994
      vertex -9.73665 23.8928 7.18479
    endloop
  endfacet
  facet normal -0.890977 0.0631939 0.449629
    outer loop
      vertex -9.52776 25.3192 7.27467
      vertex -9.44697 23.9549 7.62651
      vertex -9.44697 25.3412 7.43167
    endloop
  endfacet
  facet normal -0.890993 0.0631851 0.449598
    outer loop
      vertex -9.44697 23.9549 7.62651
      vertex -9.52776 25.3192 7.27467
      vertex -9.52776 23.9328 7.46951
    endloop
  endfacet
  facet normal -0.156524 0.137454 0.978063
    outer loop
      vertex -10.8223 25.2022 6.44216
      vertex -10.6466 23.8197 6.66457
      vertex -10.6466 25.2061 6.46973
    endloop
  endfacet
  facet normal -0.156524 0.137454 0.978063
    outer loop
      vertex -10.6466 23.8197 6.66457
      vertex -10.8223 25.2022 6.44216
      vertex -10.8223 23.8158 6.637
    endloop
  endfacet
  facet normal -0.629227 0.108171 0.769657
    outer loop
      vertex -10.0008 25.2461 6.75445
      vertex -9.86248 23.8753 7.06019
      vertex -9.86248 25.2617 6.86534
    endloop
  endfacet
  facet normal -0.629261 0.108161 0.769631
    outer loop
      vertex -9.86248 23.8753 7.06019
      vertex -10.0008 25.2461 6.75445
      vertex -10.0008 23.8597 6.94929
    endloop
  endfacet
  facet normal -0.454144 0.12399 0.882259
    outer loop
      vertex -10.3085 25.2213 6.57848
      vertex -10.15 23.8462 6.85332
      vertex -10.15 25.2326 6.65848
    endloop
  endfacet
  facet normal -0.454082 0.124003 0.882289
    outer loop
      vertex -10.15 23.8462 6.85332
      vertex -10.3085 25.2213 6.57848
      vertex -10.3085 23.835 6.77332
    endloop
  endfacet
  facet normal -0.544731 0.116709 0.83045
    outer loop
      vertex -10.15 25.2326 6.65848
      vertex -10.0008 23.8597 6.94929
      vertex -10.0008 25.2461 6.75445
    endloop
  endfacet
  facet normal -0.544731 0.116709 0.83045
    outer loop
      vertex -10.0008 23.8597 6.94929
      vertex -10.15 25.2326 6.65848
      vertex -10.15 23.8462 6.85332
    endloop
  endfacet
  facet normal 0.890954 0.0632001 0.449673
    outer loop
      vertex -12.553 23.9549 7.62651
      vertex -12.4722 25.3192 7.27467
      vertex -12.553 25.3412 7.43167
    endloop
  endfacet
  facet normal 0.89097 0.0631913 0.449643
    outer loop
      vertex -12.4722 25.3192 7.27467
      vertex -12.553 23.9549 7.62651
      vertex -12.4722 23.9328 7.46951
    endloop
  endfacet
  facet normal 0.933532 0.0498912 0.355005
    outer loop
      vertex -12.6168 23.978 7.79102
      vertex -12.553 25.3412 7.43167
      vertex -12.6168 25.3644 7.59618
    endloop
  endfacet
  facet normal 0.933522 0.0498984 0.35503
    outer loop
      vertex -12.553 25.3412 7.43167
      vertex -12.6168 23.978 7.79102
      vertex -12.553 23.9549 7.62651
    endloop
  endfacet
  facet normal 0.965859 0.0360561 0.256547
    outer loop
      vertex -12.6629 24.0019 7.96123
      vertex -12.6168 25.3644 7.59618
      vertex -12.6629 25.3883 7.76638
    endloop
  endfacet
  facet normal 0.965863 0.0360524 0.256534
    outer loop
      vertex -12.6168 25.3644 7.59618
      vertex -12.6629 24.0019 7.96123
      vertex -12.6168 23.978 7.79102
    endloop
  endfacet
  facet normal 0.98772 0.0217446 0.154714
    outer loop
      vertex -12.6907 24.0264 8.13527
      vertex -12.6629 25.3883 7.76638
      vertex -12.6907 25.4127 7.94043
    endloop
  endfacet
  facet normal 0.98772 0.0217437 0.154711
    outer loop
      vertex -12.6629 25.3883 7.76638
      vertex -12.6907 24.0264 8.13527
      vertex -12.6629 24.0019 7.96123
    endloop
  endfacet
  facet normal 0.544731 0.116709 0.83045
    outer loop
      vertex -11.9992 23.8597 6.94929
      vertex -11.85 25.2326 6.65848
      vertex -11.9992 25.2461 6.75445
    endloop
  endfacet
  facet normal 0.544731 0.116709 0.83045
    outer loop
      vertex -11.85 25.2326 6.65848
      vertex -11.9992 23.8597 6.94929
      vertex -11.85 23.8462 6.85332
    endloop
  endfacet
  facet normal 0.629282 0.108164 0.769613
    outer loop
      vertex -12.1375 23.8753 7.06019
      vertex -11.9992 25.2461 6.75445
      vertex -12.1375 25.2617 6.86534
    endloop
  endfacet
  facet normal 0.629316 0.108155 0.769587
    outer loop
      vertex -11.9992 25.2461 6.75445
      vertex -12.1375 23.8753 7.06019
      vertex -11.9992 23.8597 6.94929
    endloop
  endfacet
  facet normal 0.258748 0.134436 0.956544
    outer loop
      vertex -11.5253 23.8261 6.71018
      vertex -11.3534 25.2061 6.46973
      vertex -11.5253 25.2125 6.51533
    endloop
  endfacet
  facet normal 0.2588 0.134428 0.956531
    outer loop
      vertex -11.3534 25.2061 6.46973
      vertex -11.5253 23.8261 6.71018
      vertex -11.3534 23.8197 6.66457
    endloop
  endfacet
  facet normal -0.99863 -0.00728188 -0.0518122
    outer loop
      vertex -9.3 25.4375 8.11639
      vertex -9.30931 24.0758 8.48721
      vertex -9.30931 25.4622 8.29236
    endloop
  endfacet
  facet normal -0.99863 -0.00728188 -0.0518122
    outer loop
      vertex -9.30931 24.0758 8.48721
      vertex -9.3 25.4375 8.11639
      vertex -9.3 24.0511 8.31124
    endloop
  endfacet
  facet normal 0.0523266 -0.138978 -0.988912
    outer loop
      vertex -11.1777 25.6728 9.79063
      vertex -11 24.2877 9.99469
      vertex -11.1777 24.2864 9.98547
    endloop
  endfacet
  facet normal 0.0523266 -0.138978 -0.988912
    outer loop
      vertex -11 24.2877 9.99469
      vertex -11.1777 25.6728 9.79063
      vertex -11 25.6741 9.79985
    endloop
  endfacet
  facet normal 0.933522 -0.0498949 -0.355031
    outer loop
      vertex -12.553 24.1473 8.99596
      vertex -12.6168 25.5106 8.63661
      vertex -12.553 25.5337 8.80112
    endloop
  endfacet
  facet normal 0.933522 -0.0498949 -0.355031
    outer loop
      vertex -12.6168 25.5106 8.63661
      vertex -12.553 24.1473 8.99596
      vertex -12.6168 24.1242 8.83145
    endloop
  endfacet
  facet normal -0.35825 -0.129932 -0.92454
    outer loop
      vertex -10.4747 24.2761 9.9123
      vertex -10.3085 25.6536 9.65431
      vertex -10.3085 24.2672 9.84915
    endloop
  endfacet
  facet normal -0.35825 -0.129932 -0.92454
    outer loop
      vertex -10.3085 25.6536 9.65431
      vertex -10.4747 24.2761 9.9123
      vertex -10.4747 25.6625 9.71746
    endloop
  endfacet
  facet normal -0.258748 -0.13443 -0.956545
    outer loop
      vertex -10.6466 24.2825 9.9579
      vertex -10.4747 25.6625 9.71746
      vertex -10.4747 24.2761 9.9123
    endloop
  endfacet
  facet normal -0.258748 -0.13443 -0.956545
    outer loop
      vertex -10.4747 25.6625 9.71746
      vertex -10.6466 24.2825 9.9579
      vertex -10.6466 25.6689 9.76306
    endloop
  endfacet
  facet normal -0.0523266 0.138978 0.988912
    outer loop
      vertex -11 25.2009 6.43294
      vertex -10.8223 23.8158 6.637
      vertex -10.8223 25.2022 6.44216
    endloop
  endfacet
  facet normal -0.0523266 0.138978 0.988912
    outer loop
      vertex -10.8223 23.8158 6.637
      vertex -11 25.2009 6.43294
      vertex -11 23.8145 6.62778
    endloop
  endfacet
  facet normal -0.258748 0.134436 0.956544
    outer loop
      vertex -10.6466 25.2061 6.46973
      vertex -10.4747 23.8261 6.71018
      vertex -10.4747 25.2125 6.51533
    endloop
  endfacet
  facet normal -0.2588 0.134428 0.956531
    outer loop
      vertex -10.4747 23.8261 6.71018
      vertex -10.6466 25.2061 6.46973
      vertex -10.6466 23.8197 6.66457
    endloop
  endfacet
  facet normal 0.454144 0.12399 0.882259
    outer loop
      vertex -11.85 23.8462 6.85332
      vertex -11.6915 25.2213 6.57848
      vertex -11.85 25.2326 6.65848
    endloop
  endfacet
  facet normal 0.454082 0.124003 0.882289
    outer loop
      vertex -11.6915 25.2213 6.57848
      vertex -11.85 23.8462 6.85332
      vertex -11.6915 23.835 6.77332
    endloop
  endfacet
  facet normal -0.933579 -0.0498744 -0.354885
    outer loop
      vertex -9.3832 25.5106 8.63661
      vertex -9.44697 24.1473 8.99596
      vertex -9.44697 25.5337 8.80112
    endloop
  endfacet
  facet normal -0.933579 -0.0498744 -0.354885
    outer loop
      vertex -9.44697 24.1473 8.99596
      vertex -9.3832 25.5106 8.63661
      vertex -9.3832 24.1242 8.83145
    endloop
  endfacet
  facet normal -0.965933 -0.0360159 -0.256274
    outer loop
      vertex -9.33715 25.4867 8.4664
      vertex -9.3832 24.1242 8.83145
      vertex -9.3832 25.5106 8.63661
    endloop
  endfacet
  facet normal -0.965929 -0.0360197 -0.256288
    outer loop
      vertex -9.3832 24.1242 8.83145
      vertex -9.33715 25.4867 8.4664
      vertex -9.33715 24.1003 8.66125
    endloop
  endfacet
  facet normal -0.987686 -0.0217742 -0.154928
    outer loop
      vertex -9.30931 25.4622 8.29236
      vertex -9.33715 24.1003 8.66125
      vertex -9.33715 25.4867 8.4664
    endloop
  endfacet
  facet normal -0.987686 -0.0217742 -0.154928
    outer loop
      vertex -9.33715 24.1003 8.66125
      vertex -9.30931 25.4622 8.29236
      vertex -9.30931 24.0758 8.48721
    endloop
  endfacet
  facet normal -0.629227 -0.108171 -0.769657
    outer loop
      vertex -10.0008 24.2425 9.67318
      vertex -9.86248 25.6133 9.36744
      vertex -9.86248 24.2269 9.56229
    endloop
  endfacet
  facet normal -0.629261 -0.108161 -0.769631
    outer loop
      vertex -9.86248 25.6133 9.36744
      vertex -10.0008 24.2425 9.67318
      vertex -10.0008 25.6289 9.47834
    endloop
  endfacet
  facet normal -0.890993 -0.0631851 -0.449598
    outer loop
      vertex -9.44697 25.5337 8.80112
      vertex -9.52776 24.1694 9.15296
      vertex -9.52776 25.5558 8.95812
    endloop
  endfacet
  facet normal -0.890993 -0.0631851 -0.449598
    outer loop
      vertex -9.52776 24.1694 9.15296
      vertex -9.44697 25.5337 8.80112
      vertex -9.44697 24.1473 8.99596
    endloop
  endfacet
  facet normal -0.777189 -0.0875745 -0.623143
    outer loop
      vertex -9.62467 25.5765 9.1059
      vertex -9.73665 24.2094 9.43769
      vertex -9.73665 25.5958 9.24285
    endloop
  endfacet
  facet normal -0.777136 -0.0875942 -0.623207
    outer loop
      vertex -9.73665 24.2094 9.43769
      vertex -9.62467 25.5765 9.1059
      vertex -9.62467 24.1902 9.30075
    endloop
  endfacet
  facet normal 0.35825 -0.129932 -0.92454
    outer loop
      vertex -11.6915 25.6536 9.65431
      vertex -11.5253 24.2761 9.9123
      vertex -11.6915 24.2672 9.84915
    endloop
  endfacet
  facet normal 0.35825 -0.129932 -0.92454
    outer loop
      vertex -11.5253 24.2761 9.9123
      vertex -11.6915 25.6536 9.65431
      vertex -11.5253 25.6625 9.71746
    endloop
  endfacet
  facet normal 0.965863 -0.0360524 -0.256534
    outer loop
      vertex -12.6168 24.1242 8.83145
      vertex -12.6629 25.4867 8.4664
      vertex -12.6168 25.5106 8.63661
    endloop
  endfacet
  facet normal 0.965859 -0.0360561 -0.256547
    outer loop
      vertex -12.6629 25.4867 8.4664
      vertex -12.6168 24.1242 8.83145
      vertex -12.6629 24.1003 8.66125
    endloop
  endfacet
  facet normal -0.838661 -0.0758081 -0.539352
    outer loop
      vertex -9.52776 25.5558 8.95812
      vertex -9.62467 24.1902 9.30075
      vertex -9.62467 25.5765 9.1059
    endloop
  endfacet
  facet normal -0.838701 -0.0757904 -0.539293
    outer loop
      vertex -9.62467 24.1902 9.30075
      vertex -9.52776 25.5558 8.95812
      vertex -9.52776 24.1694 9.15296
    endloop
  endfacet
  facet normal -0.0523266 -0.138978 -0.988912
    outer loop
      vertex -11 24.2877 9.99469
      vertex -10.8223 25.6728 9.79063
      vertex -10.8223 24.2864 9.98547
    endloop
  endfacet
  facet normal -0.0523266 -0.138978 -0.988912
    outer loop
      vertex -10.8223 25.6728 9.79063
      vertex -11 24.2877 9.99469
      vertex -11 25.6741 9.79985
    endloop
  endfacet
  facet normal 0.258748 -0.13443 -0.956545
    outer loop
      vertex -11.5253 25.6625 9.71746
      vertex -11.3534 24.2825 9.9579
      vertex -11.5253 24.2761 9.9123
    endloop
  endfacet
  facet normal 0.258748 -0.13443 -0.956545
    outer loop
      vertex -11.3534 24.2825 9.9579
      vertex -11.5253 25.6625 9.71746
      vertex -11.3534 25.6689 9.76306
    endloop
  endfacet
  facet normal 0.707143 -0.0984072 -0.700189
    outer loop
      vertex -12.1375 24.2269 9.56229
      vertex -12.2633 25.5958 9.24285
      vertex -12.1375 25.6133 9.36744
    endloop
  endfacet
  facet normal 0.707171 -0.0983984 -0.700162
    outer loop
      vertex -12.2633 25.5958 9.24285
      vertex -12.1375 24.2269 9.56229
      vertex -12.2633 24.2094 9.43769
    endloop
  endfacet
  facet normal 0.777134 -0.0875839 -0.62321
    outer loop
      vertex -12.2633 24.2094 9.43769
      vertex -12.3753 25.5765 9.1059
      vertex -12.2633 25.5958 9.24285
    endloop
  endfacet
  facet normal 0.777081 -0.0876036 -0.623274
    outer loop
      vertex -12.3753 25.5765 9.1059
      vertex -12.2633 24.2094 9.43769
      vertex -12.3753 24.1902 9.30075
    endloop
  endfacet
  facet normal 0.89097 -0.0631913 -0.449643
    outer loop
      vertex -12.4722 24.1694 9.15296
      vertex -12.553 25.5337 8.80112
      vertex -12.4722 25.5558 8.95812
    endloop
  endfacet
  facet normal 0.89097 -0.0631913 -0.449643
    outer loop
      vertex -12.553 25.5337 8.80112
      vertex -12.4722 24.1694 9.15296
      vertex -12.553 24.1473 8.99596
    endloop
  endfacet
  facet normal 0.98772 -0.0217437 -0.154711
    outer loop
      vertex -12.6629 24.1003 8.66125
      vertex -12.6907 25.4622 8.29236
      vertex -12.6629 25.4867 8.4664
    endloop
  endfacet
  facet normal 0.98772 -0.0217437 -0.154711
    outer loop
      vertex -12.6907 25.4622 8.29236
      vertex -12.6629 24.1003 8.66125
      vertex -12.6907 24.0758 8.48721
    endloop
  endfacet
  facet normal 0.998633 -0.00727408 -0.0517567
    outer loop
      vertex -12.6907 24.0758 8.48721
      vertex -12.7 25.4375 8.11639
      vertex -12.6907 25.4622 8.29236
    endloop
  endfacet
  facet normal 0.998633 -0.00727408 -0.0517567
    outer loop
      vertex -12.7 25.4375 8.11639
      vertex -12.6907 24.0758 8.48721
      vertex -12.7 24.0511 8.31124
    endloop
  endfacet
  facet normal -0.544731 -0.116709 -0.83045
    outer loop
      vertex -10.15 24.256 9.76915
      vertex -10.0008 25.6289 9.47834
      vertex -10.0008 24.2425 9.67318
    endloop
  endfacet
  facet normal -0.544731 -0.116709 -0.83045
    outer loop
      vertex -10.0008 25.6289 9.47834
      vertex -10.15 24.256 9.76915
      vertex -10.15 25.6424 9.57431
    endloop
  endfacet
  facet normal -0.454082 -0.123994 -0.88229
    outer loop
      vertex -10.3085 24.2672 9.84915
      vertex -10.15 25.6424 9.57431
      vertex -10.15 24.256 9.76915
    endloop
  endfacet
  facet normal -0.454082 -0.123994 -0.88229
    outer loop
      vertex -10.15 25.6424 9.57431
      vertex -10.3085 24.2672 9.84915
      vertex -10.3085 25.6536 9.65431
    endloop
  endfacet
  facet normal -0.707059 -0.098419 -0.700272
    outer loop
      vertex -9.73665 25.5958 9.24285
      vertex -9.86248 24.2269 9.56229
      vertex -9.86248 25.6133 9.36744
    endloop
  endfacet
  facet normal -0.707087 -0.0984101 -0.700245
    outer loop
      vertex -9.86248 24.2269 9.56229
      vertex -9.73665 25.5958 9.24285
      vertex -9.73665 24.2094 9.43769
    endloop
  endfacet
  facet normal 0.156524 -0.137454 -0.978063
    outer loop
      vertex -11.3534 25.6689 9.76306
      vertex -11.1777 24.2864 9.98547
      vertex -11.3534 24.2825 9.9579
    endloop
  endfacet
  facet normal 0.156524 -0.137454 -0.978063
    outer loop
      vertex -11.1777 24.2864 9.98547
      vertex -11.3534 25.6689 9.76306
      vertex -11.1777 25.6728 9.79063
    endloop
  endfacet
  facet normal 0.454082 -0.123994 -0.88229
    outer loop
      vertex -11.85 25.6424 9.57431
      vertex -11.6915 24.2672 9.84915
      vertex -11.85 24.256 9.76915
    endloop
  endfacet
  facet normal 0.454082 -0.123994 -0.88229
    outer loop
      vertex -11.6915 24.2672 9.84915
      vertex -11.85 25.6424 9.57431
      vertex -11.6915 25.6536 9.65431
    endloop
  endfacet
  facet normal 0.544731 -0.116709 -0.83045
    outer loop
      vertex -11.9992 25.6289 9.47834
      vertex -11.85 24.256 9.76915
      vertex -11.9992 24.2425 9.67318
    endloop
  endfacet
  facet normal 0.544731 -0.116709 -0.83045
    outer loop
      vertex -11.85 24.256 9.76915
      vertex -11.9992 25.6289 9.47834
      vertex -11.85 25.6424 9.57431
    endloop
  endfacet
  facet normal 0.629282 -0.108164 -0.769613
    outer loop
      vertex -12.1375 25.6133 9.36744
      vertex -11.9992 24.2425 9.67318
      vertex -12.1375 24.2269 9.56229
    endloop
  endfacet
  facet normal 0.629316 -0.108155 -0.769587
    outer loop
      vertex -11.9992 24.2425 9.67318
      vertex -12.1375 25.6133 9.36744
      vertex -11.9992 25.6289 9.47834
    endloop
  endfacet
  facet normal 0.838687 -0.0758026 -0.539313
    outer loop
      vertex -12.3753 24.1902 9.30075
      vertex -12.4722 25.5558 8.95812
      vertex -12.3753 25.5765 9.1059
    endloop
  endfacet
  facet normal 0.838727 -0.0757849 -0.539254
    outer loop
      vertex -12.4722 25.5558 8.95812
      vertex -12.3753 24.1902 9.30075
      vertex -12.4722 24.1694 9.15296
    endloop
  endfacet
  facet normal -0.766037 0.640518 -0.0540743
    outer loop
      vertex -7.79214 27.2193 7.86113
      vertex -9.3 25.4375 8.11639
      vertex -7.79189 27.22 7.86588
    endloop
  endfacet
  facet normal -0.765908 0.641017 -0.0498217
    outer loop
      vertex -9.3 25.4375 8.11639
      vertex -7.79214 27.2193 7.86113
      vertex -9.30931 25.4127 7.94043
    endloop
  endfacet
  facet normal 0.482708 0.718402 0.500891
    outer loop
      vertex -12.1375 25.2617 6.86534
      vertex -12.8894 26.8592 5.29873
      vertex -13.1466 26.8882 5.505
    endloop
  endfacet
  facet normal -0.482531 0.552486 -0.679649
    outer loop
      vertex -9.11059 27.5808 10.433
      vertex -8.85336 27.5518 10.2268
      vertex -9.86248 25.6133 9.36744
    endloop
  endfacet
  facet normal 0.76589 0.629919 -0.128896
    outer loop
      vertex -12.7 25.4375 8.11639
      vertex -14.2079 27.2206 7.87064
      vertex -12.6907 25.4622 8.29236
    endloop
  endfacet
  facet normal 0.766326 0.632625 -0.111941
    outer loop
      vertex -14.2079 27.2206 7.87064
      vertex -12.7 25.4375 8.11639
      vertex -14.2081 27.22 7.86588
    endloop
  endfacet
  facet normal -0.757523 0.652142 0.0295063
    outer loop
      vertex -7.80947 27.1733 7.53381
      vertex -7.86125 27.1278 7.21008
      vertex -9.30931 25.4127 7.94043
    endloop
  endfacet
  facet normal -0.7135 0.595348 -0.36943
    outer loop
      vertex -7.94891 27.3579 8.84759
      vertex -9.44697 25.5337 8.80112
      vertex -7.95063 27.3586 8.85204
    endloop
  endfacet
  facet normal -0.716031 0.597222 -0.36142
    outer loop
      vertex -9.44697 25.5337 8.80112
      vertex -7.94891 27.3579 8.84759
      vertex -9.3832 25.5106 8.63661
    endloop
  endfacet
  facet normal -0.0400222 0.528873 -0.847757
    outer loop
      vertex -10.6647 27.664 11.0254
      vertex -10.8223 25.6728 9.79063
      vertex -10.9952 27.6664 11.0425
    endloop
  endfacet
  facet normal 0.765896 0.629844 -0.12923
    outer loop
      vertex -14.1905 27.2666 8.19796
      vertex -12.6907 25.4622 8.29236
      vertex -14.2079 27.2206 7.87064
    endloop
  endfacet
  facet normal 0.716069 0.673696 0.182697
    outer loop
      vertex -12.553 25.3412 7.43167
      vertex -14.0511 27.082 6.88417
      vertex -12.6168 25.3644 7.59618
    endloop
  endfacet
  facet normal 0.716063 0.673697 0.182717
    outer loop
      vertex -14.0511 27.082 6.88417
      vertex -12.553 25.3412 7.43167
      vertex -14.0494 27.0814 6.87972
    endloop
  endfacet
  facet normal 0.0401107 0.742059 0.669134
    outer loop
      vertex -11.1777 25.2022 6.44216
      vertex -11.0048 26.7735 4.68925
      vertex -11.3353 26.7759 4.7064
    endloop
  endfacet
  facet normal -0.596034 0.702637 0.388644
    outer loop
      vertex -8.40761 26.957 5.99486
      vertex -8.61591 26.9212 5.74013
      vertex -9.73665 25.2792 6.98994
    endloop
  endfacet
  facet normal -0.274803 0.735092 0.619777
    outer loop
      vertex -9.69515 26.8121 4.96365
      vertex -10.0042 26.7956 4.84619
      vertex -10.3085 25.2213 6.57848
    endloop
  endfacet
  facet normal -0.765913 0.641034 -0.0495365
    outer loop
      vertex -7.79214 27.2193 7.86113
      vertex -7.80947 27.1733 7.53381
      vertex -9.30931 25.4127 7.94043
    endloop
  endfacet
  facet normal -0.742221 0.608377 -0.281044
    outer loop
      vertex -7.94766 27.3573 8.84299
      vertex -9.3832 25.5106 8.63661
      vertex -7.94891 27.3579 8.84759
    endloop
  endfacet
  facet normal -0.740849 0.60784 -0.285785
    outer loop
      vertex -9.3832 25.5106 8.63661
      vertex -7.94766 27.3573 8.84299
      vertex -9.33715 25.4867 8.4664
    endloop
  endfacet
  facet normal -0.716023 0.597194 -0.361484
    outer loop
      vertex -8.06925 27.4016 9.15804
      vertex -7.95063 27.3586 8.85204
      vertex -9.44697 25.5337 8.80112
    endloop
  endfacet
  facet normal -0.417855 0.545948 -0.72618
    outer loop
      vertex -9.39191 27.6063 10.6146
      vertex -9.11432 27.5812 10.436
      vertex -10.0008 25.6289 9.47834
    endloop
  endfacet
  facet normal -0.283102 0.535421 -0.795725
    outer loop
      vertex -10.3085 25.6536 9.65431
      vertex -10.0086 27.6446 10.8873
      vertex -10.0042 27.6444 10.8856
    endloop
  endfacet
  facet normal -0.274674 0.535814 -0.798409
    outer loop
      vertex -10.0086 27.6446 10.8873
      vertex -10.3085 25.6536 9.65431
      vertex -10.4747 25.6625 9.71746
    endloop
  endfacet
  facet normal -0.131252 0.530559 -0.837425
    outer loop
      vertex -10.6466 25.6689 9.76306
      vertex -10.3377 27.6568 10.9741
      vertex -10.333 27.6567 10.9733
    endloop
  endfacet
  facet normal -0.119957 0.530036 -0.839447
    outer loop
      vertex -10.3377 27.6568 10.9741
      vertex -10.6466 25.6689 9.76306
      vertex -10.8223 25.6728 9.79063
    endloop
  endfacet
  facet normal 0.714374 0.596011 -0.366662
    outer loop
      vertex -12.553 25.5337 8.80112
      vertex -14.0511 27.3579 8.84759
      vertex -14.0494 27.3586 8.85204
    endloop
  endfacet
  facet normal 0.715989 0.597206 -0.361531
    outer loop
      vertex -14.0511 27.3579 8.84759
      vertex -12.553 25.5337 8.80112
      vertex -12.6168 25.5106 8.63661
    endloop
  endfacet
  facet normal 0.643225 0.577317 -0.502957
    outer loop
      vertex -13.5954 27.4824 9.73321
      vertex -12.3753 25.5765 9.1059
      vertex -13.7757 27.4438 9.45832
    endloop
  endfacet
  facet normal 0.119957 0.530036 -0.839447
    outer loop
      vertex -11.3534 25.6689 9.76306
      vertex -11.6623 27.6568 10.9741
      vertex -11.1777 25.6728 9.79063
    endloop
  endfacet
  facet normal 0.131252 0.530559 -0.837425
    outer loop
      vertex -11.6623 27.6568 10.9741
      vertex -11.3534 25.6689 9.76306
      vertex -11.667 27.6567 10.9733
    endloop
  endfacet
  facet normal 0.757556 0.652111 0.0293286
    outer loop
      vertex -12.6907 25.4127 7.94043
      vertex -14.1388 27.1278 7.21008
      vertex -14.1905 27.1733 7.53381
    endloop
  endfacet
  facet normal 0.542327 0.710949 0.447698
    outer loop
      vertex -12.1375 25.2617 6.86534
      vertex -13.3841 26.9212 5.74013
      vertex -12.2633 25.2792 6.98994
    endloop
  endfacet
  facet normal 0.542182 0.710953 0.447866
    outer loop
      vertex -13.3841 26.9212 5.74013
      vertex -12.1375 25.2617 6.86534
      vertex -13.1466 26.8882 5.505
    endloop
  endfacet
  facet normal 0.740741 0.663131 0.107517
    outer loop
      vertex -12.6168 25.3644 7.59618
      vertex -14.0523 27.0826 6.88877
      vertex -12.6629 25.3883 7.76638
    endloop
  endfacet
  facet normal 0.740948 0.663014 0.106811
    outer loop
      vertex -14.0523 27.0826 6.88877
      vertex -12.6168 25.3644 7.59618
      vertex -14.0511 27.082 6.88417
    endloop
  endfacet
  facet normal 0.716022 0.673704 0.182852
    outer loop
      vertex -12.553 25.3412 7.43167
      vertex -13.9308 27.0384 6.57373
      vertex -14.0494 27.0814 6.87972
    endloop
  endfacet
  facet normal 0.417729 0.724977 0.54764
    outer loop
      vertex -11.9992 25.2461 6.75445
      vertex -12.6081 26.8337 5.11721
      vertex -12.8857 26.8588 5.29573
    endloop
  endfacet
  facet normal 0.274455 0.735136 0.619878
    outer loop
      vertex -11.5253 25.2125 6.51533
      vertex -11.9958 26.7956 4.84619
      vertex -11.6915 25.2213 6.57848
    endloop
  endfacet
  facet normal 0.288929 0.733956 0.614678
    outer loop
      vertex -11.9958 26.7956 4.84619
      vertex -11.5253 25.2125 6.51533
      vertex -11.9914 26.7953 4.84448
    endloop
  endfacet
  facet normal 0.120132 0.740903 0.66078
    outer loop
      vertex -11.6623 26.7831 4.75767
      vertex -11.3534 25.2061 6.46973
      vertex -11.1777 25.2022 6.44216
    endloop
  endfacet
  facet normal 0.121177 0.740902 0.660591
    outer loop
      vertex -11.3534 25.2061 6.46973
      vertex -11.6623 26.7831 4.75767
      vertex -11.667 26.7832 4.75842
    endloop
  endfacet
  facet normal -0.119924 0.740893 0.66083
    outer loop
      vertex -10.3377 26.7831 4.75767
      vertex -10.6647 26.7759 4.7064
      vertex -10.8223 25.2022 6.44216
    endloop
  endfacet
  facet normal -0.417741 0.724974 0.547636
    outer loop
      vertex -9.11432 26.8588 5.29573
      vertex -9.39191 26.8337 5.11721
      vertex -10.0008 25.2461 6.75445
    endloop
  endfacet
  facet normal -0.683434 0.683883 0.255385
    outer loop
      vertex -8.06925 27.0384 6.57373
      vertex -8.21951 26.9973 6.28168
      vertex -9.44697 25.3412 7.43167
    endloop
  endfacet
  facet normal -0.738774 0.664222 0.114116
    outer loop
      vertex -9.3832 25.3644 7.59618
      vertex -7.94766 27.0826 6.88877
      vertex -7.94891 27.082 6.88417
    endloop
  endfacet
  facet normal -0.740791 0.663108 0.107316
    outer loop
      vertex -7.94766 27.0826 6.88877
      vertex -9.3832 25.3644 7.59618
      vertex -9.33715 25.3883 7.76638
    endloop
  endfacet
  facet normal -0.740819 0.663089 0.107236
    outer loop
      vertex -7.862 27.1271 7.20537
      vertex -7.94766 27.0826 6.88877
      vertex -9.33715 25.3883 7.76638
    endloop
  endfacet
  facet normal -0.76616 0.63138 -0.119825
    outer loop
      vertex -9.3 25.4375 8.11639
      vertex -7.79214 27.2206 7.87064
      vertex -7.79189 27.22 7.86588
    endloop
  endfacet
  facet normal -0.765897 0.629902 -0.128937
    outer loop
      vertex -7.79214 27.2206 7.87064
      vertex -9.3 25.4375 8.11639
      vertex -9.30931 25.4622 8.29236
    endloop
  endfacet
  facet normal -0.542295 0.55998 -0.626369
    outer loop
      vertex -9.73665 25.5958 9.24285
      vertex -8.85336 27.5518 10.2268
      vertex -8.61591 27.5187 9.99163
    endloop
  endfacet
  facet normal -0.542307 0.55998 -0.626359
    outer loop
      vertex -8.85336 27.5518 10.2268
      vertex -9.73665 25.5958 9.24285
      vertex -9.86248 25.6133 9.36744
    endloop
  endfacet
  facet normal -0.348197 0.540346 -0.766019
    outer loop
      vertex -9.69515 27.6278 10.7681
      vertex -9.40023 27.6069 10.6193
      vertex -10.3085 25.6536 9.65431
    endloop
  endfacet
  facet normal -0.040117 0.528865 -0.847757
    outer loop
      vertex -11 25.6741 9.79985
      vertex -10.9952 27.6664 11.0425
      vertex -10.8223 25.6728 9.79063
    endloop
  endfacet
  facet normal -0.0529522 0.528571 -0.847236
    outer loop
      vertex -10.9952 27.6664 11.0425
      vertex -11 25.6741 9.79985
      vertex -11 27.6664 11.0428
    endloop
  endfacet
  facet normal 0.596019 0.568298 -0.567273
    outer loop
      vertex -13.3841 27.5187 9.99163
      vertex -12.2633 25.5958 9.24285
      vertex -13.5924 27.4829 9.73691
    endloop
  endfacet
  facet normal 0.348214 0.540353 -0.766006
    outer loop
      vertex -12.3049 27.6278 10.7681
      vertex -11.6915 25.6536 9.65431
      vertex -12.5998 27.6069 10.6193
    endloop
  endfacet
  facet normal 0.348193 0.73055 0.587417
    outer loop
      vertex -11.6915 25.2213 6.57848
      vertex -12.3049 26.8121 4.96365
      vertex -12.5998 26.833 5.11246
    endloop
  endfacet
  facet normal 0.0401469 0.742056 0.669135
    outer loop
      vertex -11 25.2009 6.43294
      vertex -11.0048 26.7735 4.68925
      vertex -11.1777 25.2022 6.44216
    endloop
  endfacet
  facet normal 0.0348581 0.742196 0.669276
    outer loop
      vertex -11.0048 26.7735 4.68925
      vertex -11 25.2009 6.43294
      vertex -11 26.7735 4.689
    endloop
  endfacet
  facet normal -0.347768 0.730584 0.587626
    outer loop
      vertex -9.40023 26.833 5.11246
      vertex -10.15 25.2326 6.65848
      vertex -9.39595 26.8333 5.11462
    endloop
  endfacet
  facet normal -0.348484 0.73055 0.587244
    outer loop
      vertex -10.15 25.2326 6.65848
      vertex -9.40023 26.833 5.11246
      vertex -10.3085 25.2213 6.57848
    endloop
  endfacet
  facet normal -0.6433 0.693573 0.324225
    outer loop
      vertex -8.22432 26.9962 6.27345
      vertex -8.40459 26.9575 5.99856
      vertex -9.62467 25.2984 7.12688
    endloop
  endfacet
  facet normal -0.595927 0.702646 0.388792
    outer loop
      vertex -8.40459 26.9575 5.99856
      vertex -9.73665 25.2792 6.98994
      vertex -9.62467 25.2984 7.12688
    endloop
  endfacet
  facet normal -0.594748 0.702708 0.390482
    outer loop
      vertex -9.73665 25.2792 6.98994
      vertex -8.40459 26.9575 5.99856
      vertex -8.40761 26.957 5.99486
    endloop
  endfacet
  facet normal -0.715196 0.673835 0.185581
    outer loop
      vertex -9.44697 25.3412 7.43167
      vertex -7.94891 27.082 6.88417
      vertex -7.95063 27.0814 6.87972
    endloop
  endfacet
  facet normal -0.716112 0.673681 0.182585
    outer loop
      vertex -7.94891 27.082 6.88417
      vertex -9.44697 25.3412 7.43167
      vertex -9.3832 25.3644 7.59618
    endloop
  endfacet
  facet normal -0.7585 0.651232 0.0239942
    outer loop
      vertex -9.33715 25.3883 7.76638
      vertex -7.86125 27.1278 7.21008
      vertex -7.862 27.1271 7.20537
    endloop
  endfacet
  facet normal -0.75747 0.652193 0.0297298
    outer loop
      vertex -7.86125 27.1278 7.21008
      vertex -9.33715 25.3883 7.76638
      vertex -9.30931 25.4127 7.94043
    endloop
  endfacet
  facet normal -0.765899 0.629873 -0.12907
    outer loop
      vertex -7.80947 27.2666 8.19796
      vertex -7.79214 27.2206 7.87064
      vertex -9.30931 25.4622 8.29236
    endloop
  endfacet
  facet normal -0.757507 0.618761 -0.208128
    outer loop
      vertex -7.86125 27.3121 8.52169
      vertex -7.80947 27.2666 8.19796
      vertex -9.30931 25.4622 8.29236
    endloop
  endfacet
  facet normal -0.640712 0.576248 -0.507372
    outer loop
      vertex -8.2217 27.4432 9.45433
      vertex -9.62467 25.5765 9.1059
      vertex -8.22432 27.4438 9.45832
    endloop
  endfacet
  facet normal -0.64334 0.577363 -0.502758
    outer loop
      vertex -9.62467 25.5765 9.1059
      vertex -8.2217 27.4432 9.45433
      vertex -9.52776 25.5558 8.95812
    endloop
  endfacet
  facet normal -0.596026 0.568286 -0.567278
    outer loop
      vertex -8.61591 27.5187 9.99163
      vertex -8.40761 27.4829 9.73691
      vertex -9.73665 25.5958 9.24285
    endloop
  endfacet
  facet normal -0.643261 0.577318 -0.502911
    outer loop
      vertex -8.40459 27.4824 9.73321
      vertex -8.22432 27.4438 9.45832
      vertex -9.62467 25.5765 9.1059
    endloop
  endfacet
  facet normal -0.683406 0.587 -0.434035
    outer loop
      vertex -8.21951 27.4426 9.45008
      vertex -8.06925 27.4016 9.15804
      vertex -9.44697 25.5337 8.80112
    endloop
  endfacet
  facet normal -0.682983 0.586928 -0.434798
    outer loop
      vertex -8.21951 27.4426 9.45008
      vertex -9.52776 25.5558 8.95812
      vertex -8.2217 27.4432 9.45433
    endloop
  endfacet
  facet normal -0.683286 0.586992 -0.434237
    outer loop
      vertex -9.52776 25.5558 8.95812
      vertex -8.21951 27.4426 9.45008
      vertex -9.44697 25.5337 8.80112
    endloop
  endfacet
  facet normal -0.485621 0.552477 -0.677452
    outer loop
      vertex -9.86248 25.6133 9.36744
      vertex -9.11432 27.5812 10.436
      vertex -9.11059 27.5808 10.433
    endloop
  endfacet
  facet normal -0.482577 0.552493 -0.679611
    outer loop
      vertex -9.11432 27.5812 10.436
      vertex -9.86248 25.6133 9.36744
      vertex -10.0008 25.6289 9.47834
    endloop
  endfacet
  facet normal -0.274767 0.535795 -0.79839
    outer loop
      vertex -10.0042 27.6444 10.8856
      vertex -9.69515 27.6278 10.7681
      vertex -10.3085 25.6536 9.65431
    endloop
  endfacet
  facet normal -0.198468 0.532342 -0.822936
    outer loop
      vertex -10.333 27.6567 10.9733
      vertex -10.0133 27.6448 10.8885
      vertex -10.6466 25.6689 9.76306
    endloop
  endfacet
  facet normal 0.75754 0.618781 -0.207949
    outer loop
      vertex -14.1388 27.3121 8.52169
      vertex -12.6907 25.4622 8.29236
      vertex -14.1905 27.2666 8.19796
    endloop
  endfacet
  facet normal 0.744333 0.609175 -0.273631
    outer loop
      vertex -12.6168 25.5106 8.63661
      vertex -14.0523 27.3573 8.84299
      vertex -14.0511 27.3579 8.84759
    endloop
  endfacet
  facet normal 0.740799 0.607808 -0.285985
    outer loop
      vertex -14.0523 27.3573 8.84299
      vertex -12.6168 25.5106 8.63661
      vertex -12.6629 25.4867 8.4664
    endloop
  endfacet
  facet normal 0.682305 0.586799 -0.436035
    outer loop
      vertex -12.4722 25.5558 8.95812
      vertex -13.7805 27.4426 9.45008
      vertex -13.7783 27.4432 9.45433
    endloop
  endfacet
  facet normal 0.683259 0.586999 -0.434268
    outer loop
      vertex -13.7805 27.4426 9.45008
      vertex -12.4722 25.5558 8.95812
      vertex -12.553 25.5337 8.80112
    endloop
  endfacet
  facet normal 0.59922 0.569381 -0.562797
    outer loop
      vertex -12.2633 25.5958 9.24285
      vertex -13.5954 27.4824 9.73321
      vertex -13.5924 27.4829 9.73691
    endloop
  endfacet
  facet normal 0.595914 0.568251 -0.567431
    outer loop
      vertex -13.5954 27.4824 9.73321
      vertex -12.2633 25.5958 9.24285
      vertex -12.3753 25.5765 9.1059
    endloop
  endfacet
  facet normal 0.348391 0.540384 -0.765904
    outer loop
      vertex -11.85 25.6424 9.57431
      vertex -12.5998 27.6069 10.6193
      vertex -11.6915 25.6536 9.65431
    endloop
  endfacet
  facet normal 0.352903 0.540836 -0.763515
    outer loop
      vertex -12.5998 27.6069 10.6193
      vertex -11.85 25.6424 9.57431
      vertex -12.6041 27.6066 10.6171
    endloop
  endfacet
  facet normal 0.766233 0.639566 -0.0619894
    outer loop
      vertex -12.7 25.4375 8.11639
      vertex -14.2079 27.2193 7.86113
      vertex -14.2081 27.22 7.86588
    endloop
  endfacet
  facet normal 0.765901 0.641022 -0.0498663
    outer loop
      vertex -14.2079 27.2193 7.86113
      vertex -12.7 25.4375 8.11639
      vertex -12.6907 25.4127 7.94043
    endloop
  endfacet
  facet normal 0.765909 0.64105 -0.0493752
    outer loop
      vertex -12.6907 25.4127 7.94043
      vertex -14.1905 27.1733 7.53381
      vertex -14.2079 27.2193 7.86113
    endloop
  endfacet
  facet normal 0.643306 0.693591 0.324174
    outer loop
      vertex -12.3753 25.2984 7.12688
      vertex -13.7783 26.9967 6.27744
      vertex -12.4722 25.3192 7.27467
    endloop
  endfacet
  facet normal 0.640015 0.693838 0.330105
    outer loop
      vertex -13.7783 26.9967 6.27744
      vertex -12.3753 25.2984 7.12688
      vertex -13.7757 26.9962 6.27345
    endloop
  endfacet
  facet normal 0.596026 0.702648 0.388637
    outer loop
      vertex -12.2633 25.2792 6.98994
      vertex -13.3841 26.9212 5.74013
      vertex -13.5924 26.957 5.99486
    endloop
  endfacet
  facet normal 0.643264 0.693585 0.324271
    outer loop
      vertex -12.3753 25.2984 7.12688
      vertex -13.5954 26.9575 5.99856
      vertex -13.7757 26.9962 6.27345
    endloop
  endfacet
  facet normal 0.683385 0.683908 0.25545
    outer loop
      vertex -12.553 25.3412 7.43167
      vertex -13.7805 26.9973 6.28168
      vertex -13.9308 27.0384 6.57373
    endloop
  endfacet
  facet normal 0.683194 0.683982 0.255761
    outer loop
      vertex -12.4722 25.3192 7.27467
      vertex -13.7805 26.9973 6.28168
      vertex -12.553 25.3412 7.43167
    endloop
  endfacet
  facet normal 0.682388 0.684231 0.257244
    outer loop
      vertex -13.7805 26.9973 6.28168
      vertex -12.4722 25.3192 7.27467
      vertex -13.7783 26.9967 6.27744
    endloop
  endfacet
  facet normal 0.482672 0.718409 0.500914
    outer loop
      vertex -11.9992 25.2461 6.75445
      vertex -12.8894 26.8592 5.29873
      vertex -12.1375 25.2617 6.86534
    endloop
  endfacet
  facet normal 0.48337 0.718313 0.500381
    outer loop
      vertex -12.8894 26.8592 5.29873
      vertex -11.9992 25.2461 6.75445
      vertex -12.8857 26.8588 5.29573
    endloop
  endfacet
  facet normal 0.274764 0.735097 0.619788
    outer loop
      vertex -11.6915 25.2213 6.57848
      vertex -11.9958 26.7956 4.84619
      vertex -12.3049 26.8121 4.96365
    endloop
  endfacet
  facet normal 0.198667 0.73857 0.644241
    outer loop
      vertex -11.3534 25.2061 6.46973
      vertex -11.667 26.7832 4.75842
      vertex -11.9867 26.7952 4.84325
    endloop
  endfacet
  facet normal -0.274455 0.735136 0.619878
    outer loop
      vertex -10.0042 26.7956 4.84619
      vertex -10.4747 25.2125 6.51533
      vertex -10.3085 25.2213 6.57848
    endloop
  endfacet
  facet normal -0.288929 0.733956 0.614678
    outer loop
      vertex -10.4747 25.2125 6.51533
      vertex -10.0042 26.7956 4.84619
      vertex -10.0086 26.7953 4.84448
    endloop
  endfacet
  facet normal -0.482672 0.718408 0.500916
    outer loop
      vertex -8.85336 26.8882 5.505
      vertex -9.11059 26.8592 5.29873
      vertex -9.86248 25.2617 6.86534
    endloop
  endfacet
  facet normal -0.54227 0.710946 0.447771
    outer loop
      vertex -8.61591 26.9212 5.74013
      vertex -9.86248 25.2617 6.86534
      vertex -9.73665 25.2792 6.98994
    endloop
  endfacet
  facet normal -0.542238 0.710947 0.447808
    outer loop
      vertex -9.86248 25.2617 6.86534
      vertex -8.61591 26.9212 5.74013
      vertex -8.85336 26.8882 5.505
    endloop
  endfacet
  facet normal -0.643293 0.693586 0.32421
    outer loop
      vertex -8.2217 26.9967 6.27744
      vertex -9.62467 25.2984 7.12688
      vertex -9.52776 25.3192 7.27467
    endloop
  endfacet
  facet normal -0.638711 0.693921 0.332447
    outer loop
      vertex -9.62467 25.2984 7.12688
      vertex -8.2217 26.9967 6.27744
      vertex -8.22432 26.9962 6.27345
    endloop
  endfacet
  facet normal -0.683221 0.683966 0.255733
    outer loop
      vertex -8.21951 26.9973 6.28168
      vertex -9.52776 25.3192 7.27467
      vertex -9.44697 25.3412 7.43167
    endloop
  endfacet
  facet normal -0.683067 0.684014 0.256016
    outer loop
      vertex -9.52776 25.3192 7.27467
      vertex -8.21951 26.9973 6.28168
      vertex -8.2217 26.9967 6.27744
    endloop
  endfacet
  facet normal -0.71602 0.673693 0.1829
    outer loop
      vertex -7.95063 27.0814 6.87972
      vertex -8.06925 27.0384 6.57373
      vertex -9.44697 25.3412 7.43167
    endloop
  endfacet
  facet normal -0.756646 0.618221 -0.212817
    outer loop
      vertex -7.86125 27.3121 8.52169
      vertex -9.33715 25.4867 8.4664
      vertex -7.862 27.3128 8.52639
    endloop
  endfacet
  facet normal -0.757475 0.618753 -0.208271
    outer loop
      vertex -9.33715 25.4867 8.4664
      vertex -7.86125 27.3121 8.52169
      vertex -9.30931 25.4622 8.29236
    endloop
  endfacet
  facet normal -0.740819 0.607836 -0.285873
    outer loop
      vertex -7.94766 27.3573 8.84299
      vertex -7.862 27.3128 8.52639
      vertex -9.33715 25.4867 8.4664
    endloop
  endfacet
  facet normal -0.597797 0.568886 -0.564808
    outer loop
      vertex -8.40459 27.4824 9.73321
      vertex -9.73665 25.5958 9.24285
      vertex -8.40761 27.4829 9.73691
    endloop
  endfacet
  facet normal -0.595958 0.568256 -0.56738
    outer loop
      vertex -9.73665 25.5958 9.24285
      vertex -8.40459 27.4824 9.73321
      vertex -9.62467 25.5765 9.1059
    endloop
  endfacet
  facet normal -0.411144 0.546038 -0.729933
    outer loop
      vertex -10.0008 25.6289 9.47834
      vertex -9.39595 27.6066 10.6171
      vertex -9.39191 27.6063 10.6146
    endloop
  endfacet
  facet normal -0.417748 0.545937 -0.72625
    outer loop
      vertex -9.39595 27.6066 10.6171
      vertex -10.0008 25.6289 9.47834
      vertex -10.15 25.6424 9.57431
    endloop
  endfacet
  facet normal -0.354192 0.540959 -0.762831
    outer loop
      vertex -10.15 25.6424 9.57431
      vertex -9.40023 27.6069 10.6193
      vertex -9.39595 27.6066 10.6171
    endloop
  endfacet
  facet normal -0.348392 0.540381 -0.765906
    outer loop
      vertex -9.40023 27.6069 10.6193
      vertex -10.15 25.6424 9.57431
      vertex -10.3085 25.6536 9.65431
    endloop
  endfacet
  facet normal -0.188217 0.531643 -0.82579
    outer loop
      vertex -10.4747 25.6625 9.71746
      vertex -10.0133 27.6448 10.8885
      vertex -10.0086 27.6446 10.8873
    endloop
  endfacet
  facet normal -0.19848 0.532343 -0.822932
    outer loop
      vertex -10.0133 27.6448 10.8885
      vertex -10.4747 25.6625 9.71746
      vertex -10.6466 25.6689 9.76306
    endloop
  endfacet
  facet normal -0.12002 0.530044 -0.839434
    outer loop
      vertex -10.6647 27.664 11.0254
      vertex -10.3377 27.6568 10.9741
      vertex -10.8223 25.6728 9.79063
    endloop
  endfacet
  facet normal 0.740807 0.607809 -0.285959
    outer loop
      vertex -14.0523 27.3573 8.84299
      vertex -12.6629 25.4867 8.4664
      vertex -14.138 27.3128 8.52639
    endloop
  endfacet
  facet normal 0.755208 0.617291 -0.220483
    outer loop
      vertex -12.6629 25.4867 8.4664
      vertex -14.1388 27.3121 8.52169
      vertex -14.138 27.3128 8.52639
    endloop
  endfacet
  facet normal 0.757505 0.618772 -0.208105
    outer loop
      vertex -14.1388 27.3121 8.52169
      vertex -12.6629 25.4867 8.4664
      vertex -12.6907 25.4622 8.29236
    endloop
  endfacet
  facet normal 0.716024 0.597218 -0.361441
    outer loop
      vertex -13.9308 27.4016 9.15804
      vertex -12.553 25.5337 8.80112
      vertex -14.0494 27.3586 8.85204
    endloop
  endfacet
  facet normal 0.683357 0.587007 -0.434104
    outer loop
      vertex -13.7805 27.4426 9.45008
      vertex -12.553 25.5337 8.80112
      vertex -13.9308 27.4016 9.15804
    endloop
  endfacet
  facet normal 0.64201 0.576808 -0.50509
    outer loop
      vertex -12.3753 25.5765 9.1059
      vertex -13.7783 27.4432 9.45433
      vertex -13.7757 27.4438 9.45832
    endloop
  endfacet
  facet normal 0.643354 0.577377 -0.502725
    outer loop
      vertex -13.7783 27.4432 9.45433
      vertex -12.3753 25.5765 9.1059
      vertex -12.4722 25.5558 8.95812
    endloop
  endfacet
  facet normal 0.198468 0.532342 -0.822936
    outer loop
      vertex -11.667 27.6567 10.9733
      vertex -11.3534 25.6689 9.76306
      vertex -11.9867 27.6448 10.8885
    endloop
  endfacet
  facet normal 0.274727 0.535797 -0.798403
    outer loop
      vertex -11.9958 27.6444 10.8856
      vertex -11.6915 25.6536 9.65431
      vertex -12.3049 27.6278 10.7681
    endloop
  endfacet
  facet normal 0.417844 0.54595 -0.726186
    outer loop
      vertex -12.6081 27.6063 10.6146
      vertex -11.9992 25.6289 9.47834
      vertex -12.8857 27.5812 10.436
    endloop
  endfacet
  facet normal 0.542375 0.559982 -0.626298
    outer loop
      vertex -12.2633 25.5958 9.24285
      vertex -13.1466 27.5518 10.2268
      vertex -12.1375 25.6133 9.36744
    endloop
  endfacet
  facet normal 0.542233 0.559981 -0.626422
    outer loop
      vertex -13.1466 27.5518 10.2268
      vertex -12.2633 25.5958 9.24285
      vertex -13.3841 27.5187 9.99163
    endloop
  endfacet
  facet normal 0.482566 0.552488 -0.679623
    outer loop
      vertex -12.8894 27.5808 10.433
      vertex -12.1375 25.6133 9.36744
      vertex -13.1466 27.5518 10.2268
    endloop
  endfacet
  facet normal 0.7575 0.652165 0.0295644
    outer loop
      vertex -12.6629 25.3883 7.76638
      vertex -14.1388 27.1278 7.21008
      vertex -12.6907 25.4127 7.94043
    endloop
  endfacet
  facet normal 0.757124 0.652505 0.0316234
    outer loop
      vertex -14.1388 27.1278 7.21008
      vertex -12.6629 25.3883 7.76638
      vertex -14.138 27.1271 7.20537
    endloop
  endfacet
  facet normal 0.740807 0.663088 0.107327
    outer loop
      vertex -12.6629 25.3883 7.76638
      vertex -14.0523 27.0826 6.88877
      vertex -14.138 27.1271 7.20537
    endloop
  endfacet
  facet normal 0.595884 0.702655 0.388842
    outer loop
      vertex -12.2633 25.2792 6.98994
      vertex -13.5954 26.9575 5.99856
      vertex -12.3753 25.2984 7.12688
    endloop
  endfacet
  facet normal 0.59617 0.70264 0.38843
    outer loop
      vertex -13.5954 26.9575 5.99856
      vertex -12.2633 25.2792 6.98994
      vertex -13.5924 26.957 5.99486
    endloop
  endfacet
  facet normal 0.417823 0.724961 0.54759
    outer loop
      vertex -11.85 25.2326 6.65848
      vertex -12.6081 26.8337 5.11721
      vertex -11.9992 25.2461 6.75445
    endloop
  endfacet
  facet normal 0.424375 0.724186 0.543562
    outer loop
      vertex -12.6081 26.8337 5.11721
      vertex -11.85 25.2326 6.65848
      vertex -12.6041 26.8333 5.11462
    endloop
  endfacet
  facet normal 0.348483 0.730554 0.587241
    outer loop
      vertex -12.5998 26.833 5.11246
      vertex -11.85 25.2326 6.65848
      vertex -11.6915 25.2213 6.57848
    endloop
  endfacet
  facet normal 0.346494 0.730646 0.588301
    outer loop
      vertex -11.85 25.2326 6.65848
      vertex -12.5998 26.833 5.11246
      vertex -12.6041 26.8333 5.11462
    endloop
  endfacet
  facet normal 0.198419 0.73856 0.644328
    outer loop
      vertex -11.9867 26.7952 4.84325
      vertex -11.5253 25.2125 6.51533
      vertex -11.3534 25.2061 6.46973
    endloop
  endfacet
  facet normal 0.185318 0.738692 0.648068
    outer loop
      vertex -11.5253 25.2125 6.51533
      vertex -11.9867 26.7952 4.84325
      vertex -11.9914 26.7953 4.84448
    endloop
  endfacet
  facet normal 0.119924 0.740893 0.66083
    outer loop
      vertex -11.1777 25.2022 6.44216
      vertex -11.3353 26.7759 4.7064
      vertex -11.6623 26.7831 4.75767
    endloop
  endfacet
  facet normal -0.348176 0.730547 0.587431
    outer loop
      vertex -9.40023 26.833 5.11246
      vertex -9.69515 26.8121 4.96365
      vertex -10.3085 25.2213 6.57848
    endloop
  endfacet
  facet normal -0.121177 0.740902 0.660591
    outer loop
      vertex -10.3377 26.7831 4.75767
      vertex -10.6466 25.2061 6.46973
      vertex -10.333 26.7832 4.75842
    endloop
  endfacet
  facet normal -0.120132 0.740903 0.66078
    outer loop
      vertex -10.6466 25.2061 6.46973
      vertex -10.3377 26.7831 4.75767
      vertex -10.8223 25.2022 6.44216
    endloop
  endfacet
  facet normal -0.198667 0.73857 0.644241
    outer loop
      vertex -10.0133 26.7952 4.84325
      vertex -10.333 26.7832 4.75842
      vertex -10.6466 25.2061 6.46973
    endloop
  endfacet
  facet normal -0.482629 0.718417 0.500946
    outer loop
      vertex -9.11059 26.8592 5.29873
      vertex -10.0008 25.2461 6.75445
      vertex -9.86248 25.2617 6.86534
    endloop
  endfacet
  facet normal -0.480983 0.718643 0.502203
    outer loop
      vertex -10.0008 25.2461 6.75445
      vertex -9.11059 26.8592 5.29873
      vertex -9.11432 26.8588 5.29573
    endloop
  endfacet
  facet normal 0.0529522 0.528571 -0.847236
    outer loop
      vertex -11 25.6741 9.79985
      vertex -11.0048 27.6664 11.0425
      vertex -11 27.6664 11.0428
    endloop
  endfacet
  facet normal 0.040117 0.528865 -0.847757
    outer loop
      vertex -11.0048 27.6664 11.0425
      vertex -11 25.6741 9.79985
      vertex -11.1777 25.6728 9.79063
    endloop
  endfacet
  facet normal 0.19848 0.532343 -0.822932
    outer loop
      vertex -11.5253 25.6625 9.71746
      vertex -11.9867 27.6448 10.8885
      vertex -11.3534 25.6689 9.76306
    endloop
  endfacet
  facet normal 0.188217 0.531643 -0.82579
    outer loop
      vertex -11.9867 27.6448 10.8885
      vertex -11.5253 25.6625 9.71746
      vertex -11.9914 27.6446 10.8873
    endloop
  endfacet
  facet normal 0.274674 0.535814 -0.798409
    outer loop
      vertex -11.6915 25.6536 9.65431
      vertex -11.9914 27.6446 10.8873
      vertex -11.5253 25.6625 9.71746
    endloop
  endfacet
  facet normal 0.283102 0.535421 -0.795725
    outer loop
      vertex -11.9914 27.6446 10.8873
      vertex -11.6915 25.6536 9.65431
      vertex -11.9958 27.6444 10.8856
    endloop
  endfacet
  facet normal 0.417745 0.545944 -0.726246
    outer loop
      vertex -11.9992 25.6289 9.47834
      vertex -12.6041 27.6066 10.6171
      vertex -11.85 25.6424 9.57431
    endloop
  endfacet
  facet normal 0.414195 0.546003 -0.728233
    outer loop
      vertex -12.6041 27.6066 10.6171
      vertex -11.9992 25.6289 9.47834
      vertex -12.6081 27.6063 10.6146
    endloop
  endfacet
  facet normal 0.482618 0.552499 -0.679577
    outer loop
      vertex -12.1375 25.6133 9.36744
      vertex -12.8857 27.5812 10.436
      vertex -11.9992 25.6289 9.47834
    endloop
  endfacet
  facet normal 0.488113 0.552466 -0.675668
    outer loop
      vertex -12.8857 27.5812 10.436
      vertex -12.1375 25.6133 9.36744
      vertex -12.8894 27.5808 10.433
    endloop
  endfacet
  facet normal -0.417824 0.72496 0.547591
    outer loop
      vertex -9.39191 26.8337 5.11721
      vertex -10.15 25.2326 6.65848
      vertex -10.0008 25.2461 6.75445
    endloop
  endfacet
  facet normal -0.42139 0.724544 0.545405
    outer loop
      vertex -10.15 25.2326 6.65848
      vertex -9.39191 26.8337 5.11721
      vertex -9.39595 26.8333 5.11462
    endloop
  endfacet
  facet normal -0.185318 0.738692 0.648068
    outer loop
      vertex -10.0133 26.7952 4.84325
      vertex -10.4747 25.2125 6.51533
      vertex -10.0086 26.7953 4.84448
    endloop
  endfacet
  facet normal -0.198419 0.73856 0.644328
    outer loop
      vertex -10.4747 25.2125 6.51533
      vertex -10.0133 26.7952 4.84325
      vertex -10.6466 25.2061 6.46973
    endloop
  endfacet
  facet normal -0.0401469 0.742056 0.669135
    outer loop
      vertex -10.9952 26.7735 4.68925
      vertex -11 25.2009 6.43294
      vertex -10.8223 25.2022 6.44216
    endloop
  endfacet
  facet normal -0.0348581 0.742196 0.669276
    outer loop
      vertex -11 25.2009 6.43294
      vertex -10.9952 26.7735 4.68925
      vertex -11 26.7735 4.689
    endloop
  endfacet
  facet normal -0.0401107 0.742059 0.669134
    outer loop
      vertex -10.8223 25.2022 6.44216
      vertex -10.6647 26.7759 4.7064
      vertex -10.9952 26.7735 4.68925
    endloop
  endfacet
  facet normal 0.0400222 0.528873 -0.847757
    outer loop
      vertex -11.0048 27.6664 11.0425
      vertex -11.1777 25.6728 9.79063
      vertex -11.3353 27.664 11.0254
    endloop
  endfacet
  facet normal 0.12002 0.530044 -0.839434
    outer loop
      vertex -11.3353 27.664 11.0254
      vertex -11.1777 25.6728 9.79063
      vertex -11.6623 27.6568 10.9741
    endloop
  endfacet
  facet normal -0.99863 0.00728323 0.0518229
    outer loop
      vertex -6.77328 27.1581 7.42596
      vertex -6.75 44.4305 5.44709
      vertex -6.77328 44.5295 4.98457
    endloop
  endfacet
  facet normal -0.99863 0.00728306 0.0518214
    outer loop
      vertex -6.75 44.4305 5.44709
      vertex -6.77328 27.1581 7.42596
      vertex -6.75 27.22 7.86588
    endloop
  endfacet
  facet normal 0.998627 0.0072893 0.0518658
    outer loop
      vertex -15.2267 27.1581 7.42596
      vertex -15.25 44.4305 5.44709
      vertex -15.25 27.22 7.86588
    endloop
  endfacet
  facet normal 0.998627 0.00728947 0.0518673
    outer loop
      vertex -15.25 44.4305 5.44709
      vertex -15.2267 27.1581 7.42596
      vertex -15.2267 44.5295 4.98457
    endloop
  endfacet
  facet normal -0.0523397 0.138982 0.988911
    outer loop
      vertex -11 45.0613 1.06668
      vertex -10.5558 26.6317 3.6803
      vertex -10.5558 45.0613 1.09019
    endloop
  endfacet
  facet normal -0.0523391 0.138982 0.988911
    outer loop
      vertex -10.5558 26.6317 3.6803
      vertex -11 45.0613 1.06668
      vertex -11 26.6285 3.65724
    endloop
  endfacet
  facet normal 0.0522059 -0.138981 -0.988918
    outer loop
      vertex -11.4442 27.8082 12.0515
      vertex -11 43.4835 9.87196
      vertex -11 27.8114 12.0745
    endloop
  endfacet
  facet normal 0.0523379 -0.138984 -0.988911
    outer loop
      vertex -11 43.4835 9.87196
      vertex -11.4442 27.8082 12.0515
      vertex -11.4442 43.4887 9.84772
    endloop
  endfacet
  facet normal -0.707094 0.0984119 0.700238
    outer loop
      vertex -8.1562 26.7804 4.73825
      vertex -7.84163 45.0613 2.48669
      vertex -8.1562 45.0613 2.16904
    endloop
  endfacet
  facet normal -0.7071 0.0984112 0.700232
    outer loop
      vertex -7.84163 45.0613 2.48669
      vertex -8.1562 26.7804 4.73825
      vertex -7.84163 26.8242 5.04975
    endloop
  endfacet
  facet normal 0.629343 0.108155 0.769565
    outer loop
      vertex -13.8438 26.7804 4.73825
      vertex -13.4981 45.0613 1.88633
      vertex -13.8438 45.0613 2.16904
    endloop
  endfacet
  facet normal 0.629344 0.108155 0.769564
    outer loop
      vertex -13.4981 45.0613 1.88633
      vertex -13.8438 26.7804 4.73825
      vertex -13.4981 26.7414 4.46102
    endloop
  endfacet
  facet normal 0.258821 0.134431 0.956525
    outer loop
      vertex -12.3133 26.6574 3.86323
      vertex -11.8836 45.0613 1.16046
      vertex -12.3133 45.0613 1.27673
    endloop
  endfacet
  facet normal 0.258818 0.134431 0.956526
    outer loop
      vertex -11.8836 45.0613 1.16046
      vertex -12.3133 26.6574 3.86323
      vertex -11.8836 26.6414 3.74921
    endloop
  endfacet
  facet normal 0.987685 -0.0217748 -0.154935
    outer loop
      vertex -15.2267 27.2818 8.30581
      vertex -15.1571 44.2336 6.36707
      vertex -15.1571 27.3429 8.74091
    endloop
  endfacet
  facet normal 0.987684 -0.0217752 -0.154939
    outer loop
      vertex -15.1571 44.2336 6.36707
      vertex -15.2267 27.2818 8.30581
      vertex -15.2267 44.3316 5.90962
    endloop
  endfacet
  facet normal -7.04399e-05 0.990273 -0.139138
    outer loop
      vertex -10.9952 27.6664 11.0425
      vertex -11 27.8114 12.0745
      vertex -10.5558 27.8082 12.0515
    endloop
  endfacet
  facet normal 4.17382e-05 0.990272 -0.139148
    outer loop
      vertex -10.3377 27.6568 10.9741
      vertex -10.5558 27.8082 12.0515
      vertex -10.1164 27.7985 11.9826
    endloop
  endfacet
  facet normal -0.00869823 0.99023 -0.139172
    outer loop
      vertex -11 27.8114 12.0745
      vertex -10.9952 27.6664 11.0425
      vertex -11 27.6664 11.0428
    endloop
  endfacet
  facet normal -6.82013e-05 0.990275 -0.139121
    outer loop
      vertex -10.0133 27.6448 10.8885
      vertex -10.1164 27.7985 11.9826
      vertex -9.68668 27.7825 11.8685
    endloop
  endfacet
  facet normal 0.00869823 0.99023 -0.139172
    outer loop
      vertex -11.0048 27.6664 11.0425
      vertex -11 27.8114 12.0745
      vertex -11 27.6664 11.0428
    endloop
  endfacet
  facet normal 6.09314e-05 0.990271 -0.139155
    outer loop
      vertex -10.0042 27.6444 10.8856
      vertex -9.68668 27.7825 11.8685
      vertex -9.27137 27.7603 11.7107
    endloop
  endfacet
  facet normal 7.04399e-05 0.990273 -0.139138
    outer loop
      vertex -11 27.8114 12.0745
      vertex -11.0048 27.6664 11.0425
      vertex -11.4442 27.8082 12.0515
    endloop
  endfacet
  facet normal -2.51904e-05 0.990267 -0.139182
    outer loop
      vertex -9.40023 27.6069 10.6193
      vertex -9.27137 27.7603 11.7107
      vertex -8.875 27.7322 11.5107
    endloop
  endfacet
  facet normal 9.23509e-06 0.990269 -0.139164
    outer loop
      vertex -11.3353 27.664 11.0254
      vertex -11.4442 27.8082 12.0515
      vertex -11.0048 27.6664 11.0425
    endloop
  endfacet
  facet normal -4.88444e-05 0.990275 -0.139127
    outer loop
      vertex -9.11432 27.5812 10.436
      vertex -8.875 27.7322 11.5107
      vertex -8.50191 27.6985 11.2707
    endloop
  endfacet
  facet normal 2.76945e-05 0.99027 -0.139162
    outer loop
      vertex -11.6623 27.6568 10.9741
      vertex -11.4442 27.8082 12.0515
      vertex -11.3353 27.664 11.0254
    endloop
  endfacet
  facet normal 0.00251968 0.990346 -0.138596
    outer loop
      vertex -11.667 27.6567 10.9733
      vertex -11.8836 27.7985 11.9826
      vertex -11.6623 27.6568 10.9741
    endloop
  endfacet
  facet normal -4.17382e-05 0.990272 -0.139148
    outer loop
      vertex -11.4442 27.8082 12.0515
      vertex -11.6623 27.6568 10.9741
      vertex -11.8836 27.7985 11.9826
    endloop
  endfacet
  facet normal -9.23509e-06 0.990269 -0.139164
    outer loop
      vertex -10.5558 27.8082 12.0515
      vertex -10.6647 27.664 11.0254
      vertex -10.9952 27.6664 11.0425
    endloop
  endfacet
  facet normal 0.00010125 0.990265 -0.139197
    outer loop
      vertex -8.85336 27.5518 10.2268
      vertex -8.50191 27.6985 11.2707
      vertex -8.1562 27.6595 10.9935
    endloop
  endfacet
  facet normal -2.76945e-05 0.99027 -0.139162
    outer loop
      vertex -10.5558 27.8082 12.0515
      vertex -10.3377 27.6568 10.9741
      vertex -10.6647 27.664 11.0254
    endloop
  endfacet
  facet normal -0.00251968 0.990346 -0.138596
    outer loop
      vertex -10.1164 27.7985 11.9826
      vertex -10.333 27.6567 10.9733
      vertex -10.3377 27.6568 10.9741
    endloop
  endfacet
  facet normal -4.05645e-05 0.990276 -0.139119
    outer loop
      vertex -10.1164 27.7985 11.9826
      vertex -10.0133 27.6448 10.8885
      vertex -10.333 27.6567 10.9733
    endloop
  endfacet
  facet normal 0.00609281 0.989972 -0.141132
    outer loop
      vertex -9.68668 27.7825 11.8685
      vertex -10.0086 27.6446 10.8873
      vertex -10.0133 27.6448 10.8885
    endloop
  endfacet
  facet normal -0.00777678 0.990586 -0.136668
    outer loop
      vertex -9.68668 27.7825 11.8685
      vertex -10.0042 27.6444 10.8856
      vertex -10.0086 27.6446 10.8873
    endloop
  endfacet
  facet normal 0.00022763 0.99025 -0.1393
    outer loop
      vertex -9.27137 27.7603 11.7107
      vertex -9.69515 27.6278 10.7681
      vertex -10.0042 27.6444 10.8856
    endloop
  endfacet
  facet normal 4.90555e-05 0.990265 -0.139192
    outer loop
      vertex -8.61591 27.5187 9.99163
      vertex -8.1562 27.6595 10.9935
      vertex -7.84163 27.6157 10.682
    endloop
  endfacet
  facet normal -4.54701e-05 0.990267 -0.13918
    outer loop
      vertex -9.27137 27.7603 11.7107
      vertex -9.40023 27.6069 10.6193
      vertex -9.69515 27.6278 10.7681
    endloop
  endfacet
  facet normal -0.00164179 0.990396 -0.138248
    outer loop
      vertex -8.875 27.7322 11.5107
      vertex -9.39595 27.6066 10.6171
      vertex -9.40023 27.6069 10.6193
    endloop
  endfacet
  facet normal -0.00926299 0.990954 -0.133883
    outer loop
      vertex -8.875 27.7322 11.5107
      vertex -9.39191 27.6063 10.6146
      vertex -9.39595 27.6066 10.6171
    endloop
  endfacet
  facet normal 1.84949e-05 0.990272 -0.139142
    outer loop
      vertex -8.875 27.7322 11.5107
      vertex -9.11432 27.5812 10.436
      vertex -9.39191 27.6063 10.6146
    endloop
  endfacet
  facet normal -0.00360579 0.990624 -0.136566
    outer loop
      vertex -8.50191 27.6985 11.2707
      vertex -9.11059 27.5808 10.433
      vertex -9.11432 27.5812 10.436
    endloop
  endfacet
  facet normal 3.0012e-06 0.990271 -0.13915
    outer loop
      vertex -8.40761 27.4829 9.73691
      vertex -7.84163 27.6157 10.682
      vertex -7.56168 27.5676 10.3397
    endloop
  endfacet
  facet normal 6.84201e-05 0.990266 -0.139186
    outer loop
      vertex -8.50191 27.6985 11.2707
      vertex -8.85336 27.5518 10.2268
      vertex -9.11059 27.5808 10.433
    endloop
  endfacet
  facet normal 0.000142988 0.99026 -0.139234
    outer loop
      vertex -8.1562 27.6595 10.9935
      vertex -8.61591 27.5187 9.99163
      vertex -8.85336 27.5518 10.2268
    endloop
  endfacet
  facet normal -1.03263e-06 0.990279 -0.139095
    outer loop
      vertex -8.22432 27.4438 9.45832
      vertex -7.56168 27.5676 10.3397
      vertex -7.31939 27.5157 9.9702
    endloop
  endfacet
  facet normal 2.15053e-05 0.99027 -0.139161
    outer loop
      vertex -7.84163 27.6157 10.682
      vertex -8.40761 27.4829 9.73691
      vertex -8.61591 27.5187 9.99163
    endloop
  endfacet
  facet normal -0.00240059 0.990728 -0.135842
    outer loop
      vertex -7.56168 27.5676 10.3397
      vertex -8.40459 27.4824 9.73321
      vertex -8.40761 27.4829 9.73691
    endloop
  endfacet
  facet normal 9.90389e-05 0.990262 -0.139213
    outer loop
      vertex -8.06925 27.4016 9.15804
      vertex -7.31939 27.5157 9.9702
      vertex -7.11743 27.4605 9.57769
    endloop
  endfacet
  facet normal -2.93682e-05 0.990282 -0.139074
    outer loop
      vertex -7.56168 27.5676 10.3397
      vertex -8.22432 27.4438 9.45832
      vertex -8.40459 27.4824 9.73321
    endloop
  endfacet
  facet normal 0.00404491 0.989261 -0.146105
    outer loop
      vertex -7.31939 27.5157 9.9702
      vertex -8.2217 27.4432 9.45433
      vertex -8.22432 27.4438 9.45832
    endloop
  endfacet
  facet normal 0.000278636 0.990201 -0.139649
    outer loop
      vertex -7.31939 27.5157 9.9702
      vertex -8.21951 27.4426 9.45008
      vertex -8.2217 27.4432 9.45433
    endloop
  endfacet
  facet normal 7.37962e-05 0.990272 -0.139145
    outer loop
      vertex -7.95063 27.3586 8.85204
      vertex -7.11743 27.4605 9.57769
      vertex -6.95801 27.4027 9.16642
    endloop
  endfacet
  facet normal -6.7381e-05 0.990284 -0.139062
    outer loop
      vertex -7.31939 27.5157 9.9702
      vertex -8.06925 27.4016 9.15804
      vertex -8.21951 27.4426 9.45008
    endloop
  endfacet
  facet normal 6.25753e-05 0.990274 -0.139132
    outer loop
      vertex -7.11743 27.4605 9.57769
      vertex -7.95063 27.3586 8.85204
      vertex -8.06925 27.4016 9.15804
    endloop
  endfacet
  facet normal 0.00474759 0.988122 -0.1536
    outer loop
      vertex -6.95801 27.4027 9.16642
      vertex -7.94891 27.3579 8.84759
      vertex -7.95063 27.3586 8.85204
    endloop
  endfacet
  facet normal -0.00295687 0.991493 -0.130129
    outer loop
      vertex -6.95801 27.4027 9.16642
      vertex -7.94766 27.3573 8.84299
      vertex -7.94891 27.3579 8.84759
    endloop
  endfacet
  facet normal 4.96058e-05 0.99027 -0.139156
    outer loop
      vertex -6.84287 27.3429 8.74091
      vertex -7.94766 27.3573 8.84299
      vertex -6.95801 27.4027 9.16642
    endloop
  endfacet
  facet normal 4.78536e-05 0.990268 -0.139175
    outer loop
      vertex -6.84287 27.3429 8.74091
      vertex -7.862 27.3128 8.52639
      vertex -7.94766 27.3573 8.84299
    endloop
  endfacet
  facet normal 0.00173699 0.989129 -0.14704
    outer loop
      vertex -6.84287 27.3429 8.74091
      vertex -7.86125 27.3121 8.52169
      vertex -7.862 27.3128 8.52639
    endloop
  endfacet
  facet normal -1.45576e-05 0.990283 -0.139065
    outer loop
      vertex -6.77328 27.2818 8.30581
      vertex -7.86125 27.3121 8.52169
      vertex -6.84287 27.3429 8.74091
    endloop
  endfacet
  facet normal -3.92616e-05 0.990266 -0.139187
    outer loop
      vertex -6.77328 27.2818 8.30581
      vertex -7.80947 27.2666 8.19796
      vertex -7.86125 27.3121 8.52169
    endloop
  endfacet
  facet normal -4.11283e-05 0.990269 -0.13917
    outer loop
      vertex -6.77328 27.2818 8.30581
      vertex -7.79214 27.2206 7.87064
      vertex -7.80947 27.2666 8.19796
    endloop
  endfacet
  facet normal -6.52683e-05 0.990276 -0.139114
    outer loop
      vertex -6.75 27.22 7.86588
      vertex -7.79214 27.2206 7.87064
      vertex -6.77328 27.2818 8.30581
    endloop
  endfacet
  facet normal 0 0.992149 -0.125061
    outer loop
      vertex -6.75 27.22 7.86588
      vertex -7.79189 27.22 7.86588
      vertex -7.79214 27.2206 7.87064
    endloop
  endfacet
  facet normal 0 0.989315 -0.145794
    outer loop
      vertex -6.75 27.22 7.86588
      vertex -7.79214 27.2193 7.86113
      vertex -7.79189 27.22 7.86588
    endloop
  endfacet
  facet normal -3.08495e-05 0.990269 -0.139166
    outer loop
      vertex -6.75 27.22 7.86588
      vertex -7.80947 27.1733 7.53381
      vertex -7.79214 27.2193 7.86113
    endloop
  endfacet
  facet normal 2.34819e-05 0.990245 -0.139336
    outer loop
      vertex -6.77328 27.1581 7.42596
      vertex -7.80947 27.1733 7.53381
      vertex -6.75 27.22 7.86588
    endloop
  endfacet
  facet normal 3.92616e-05 0.990266 -0.139187
    outer loop
      vertex -6.77328 27.1581 7.42596
      vertex -7.86125 27.1278 7.21008
      vertex -7.80947 27.1733 7.53381
    endloop
  endfacet
  facet normal 1.45576e-05 0.990283 -0.139065
    outer loop
      vertex -6.84287 27.097 6.99086
      vertex -7.86125 27.1278 7.21008
      vertex -6.77328 27.1581 7.42596
    endloop
  endfacet
  facet normal -0.00167209 0.989173 -0.146745
    outer loop
      vertex -7.86125 27.1278 7.21008
      vertex -6.84287 27.097 6.99086
      vertex -7.862 27.1271 7.20537
    endloop
  endfacet
  facet normal -4.65615e-05 0.990268 -0.139175
    outer loop
      vertex -6.84287 27.097 6.99086
      vertex -7.94766 27.0826 6.88877
      vertex -7.862 27.1271 7.20537
    endloop
  endfacet
  facet normal -4.86239e-05 0.990271 -0.139153
    outer loop
      vertex -6.95801 27.0372 6.56534
      vertex -7.94766 27.0826 6.88877
      vertex -6.84287 27.097 6.99086
    endloop
  endfacet
  facet normal 0.00295687 0.991493 -0.130129
    outer loop
      vertex -7.94766 27.0826 6.88877
      vertex -6.95801 27.0372 6.56534
      vertex -7.94891 27.082 6.88417
    endloop
  endfacet
  facet normal 0.00161138 0.990948 -0.134234
    outer loop
      vertex -7.94891 27.082 6.88417
      vertex -6.95801 27.0372 6.56534
      vertex -7.95063 27.0814 6.87972
    endloop
  endfacet
  facet normal 1.4104e-05 0.990267 -0.139181
    outer loop
      vertex -7.11743 26.9794 6.15408
      vertex -7.95063 27.0814 6.87972
      vertex -6.95801 27.0372 6.56534
    endloop
  endfacet
  facet normal 2.45661e-05 0.990269 -0.139169
    outer loop
      vertex -7.95063 27.0814 6.87972
      vertex -7.11743 26.9794 6.15408
      vertex -8.06925 27.0384 6.57373
    endloop
  endfacet
  facet normal -1.29626e-05 0.990257 -0.139253
    outer loop
      vertex -7.31939 26.9242 5.76156
      vertex -8.06925 27.0384 6.57373
      vertex -7.11743 26.9794 6.15408
    endloop
  endfacet
  facet normal -8.15263e-05 0.990248 -0.139315
    outer loop
      vertex -8.06925 27.0384 6.57373
      vertex -7.31939 26.9242 5.76156
      vertex -8.21951 26.9973 6.28168
    endloop
  endfacet
  facet normal -0.000425193 0.990166 -0.139898
    outer loop
      vertex -8.21951 26.9973 6.28168
      vertex -7.31939 26.9242 5.76156
      vertex -8.2217 26.9967 6.27744
    endloop
  endfacet
  facet normal 0.00627547 0.991703 -0.128394
    outer loop
      vertex -8.2217 26.9967 6.27744
      vertex -7.31939 26.9242 5.76156
      vertex -8.22432 26.9962 6.27345
    endloop
  endfacet
  facet normal 7.19641e-05 0.99027 -0.139159
    outer loop
      vertex -7.56168 26.8723 5.39211
      vertex -8.22432 26.9962 6.27345
      vertex -7.31939 26.9242 5.76156
    endloop
  endfacet
  facet normal -0.000142242 0.990248 -0.139317
    outer loop
      vertex -8.22432 26.9962 6.27345
      vertex -7.56168 26.8723 5.39211
      vertex -8.40459 26.9575 5.99856
    endloop
  endfacet
  facet normal 0.00240465 0.990727 -0.135845
    outer loop
      vertex -8.40459 26.9575 5.99856
      vertex -7.56168 26.8723 5.39211
      vertex -8.40761 26.957 5.99486
    endloop
  endfacet
  facet normal 1.21356e-05 0.990273 -0.139139
    outer loop
      vertex -7.84163 26.8242 5.04975
      vertex -8.40761 26.957 5.99486
      vertex -7.56168 26.8723 5.39211
    endloop
  endfacet
  facet normal -1.97277e-05 0.99027 -0.139157
    outer loop
      vertex -8.40761 26.957 5.99486
      vertex -7.84163 26.8242 5.04975
      vertex -8.61591 26.9212 5.74013
    endloop
  endfacet
  facet normal -5.00014e-05 0.990266 -0.139191
    outer loop
      vertex -8.1562 26.7804 4.73825
      vertex -8.61591 26.9212 5.74013
      vertex -7.84163 26.8242 5.04975
    endloop
  endfacet
  facet normal 0.000126691 0.990277 -0.139111
    outer loop
      vertex -8.61591 26.9212 5.74013
      vertex -8.1562 26.7804 4.73825
      vertex -8.85336 26.8882 5.505
    endloop
  endfacet
  facet normal -3.85778e-05 0.990256 -0.139259
    outer loop
      vertex -8.50191 26.7414 4.46102
      vertex -8.85336 26.8882 5.505
      vertex -8.1562 26.7804 4.73825
    endloop
  endfacet
  facet normal 1.45648e-05 0.990259 -0.139241
    outer loop
      vertex -8.85336 26.8882 5.505
      vertex -8.50191 26.7414 4.46102
      vertex -9.11059 26.8592 5.29873
    endloop
  endfacet
  facet normal 0.00366496 0.990614 -0.136639
    outer loop
      vertex -9.11059 26.8592 5.29873
      vertex -8.50191 26.7414 4.46102
      vertex -9.11432 26.8588 5.29573
    endloop
  endfacet
  facet normal 8.22162e-05 0.990262 -0.139218
    outer loop
      vertex -8.875 26.7077 4.22109
      vertex -9.11432 26.8588 5.29573
      vertex -8.50191 26.7414 4.46102
    endloop
  endfacet
  facet normal 2.63657e-06 0.990259 -0.139235
    outer loop
      vertex -9.11432 26.8588 5.29573
      vertex -8.875 26.7077 4.22109
      vertex -9.39191 26.8337 5.11721
    endloop
  endfacet
  facet normal -0.00640799 0.989723 -0.142857
    outer loop
      vertex -9.39191 26.8337 5.11721
      vertex -8.875 26.7077 4.22109
      vertex -9.39595 26.8333 5.11462
    endloop
  endfacet
  facet normal 0.000647664 0.990316 -0.138827
    outer loop
      vertex -9.39595 26.8333 5.11462
      vertex -8.875 26.7077 4.22109
      vertex -9.40023 26.833 5.11246
    endloop
  endfacet
  facet normal 2.43055e-05 0.990266 -0.139188
    outer loop
      vertex -9.27137 26.6796 4.0211
      vertex -9.40023 26.833 5.11246
      vertex -8.875 26.7077 4.22109
    endloop
  endfacet
  facet normal 5.23532e-05 0.990266 -0.139184
    outer loop
      vertex -9.40023 26.833 5.11246
      vertex -9.27137 26.6796 4.0211
      vertex -9.69515 26.8121 4.96365
    endloop
  endfacet
  facet normal 3.3026e-05 0.990265 -0.139193
    outer loop
      vertex -9.69515 26.8121 4.96365
      vertex -9.27137 26.6796 4.0211
      vertex -10.0042 26.7956 4.84619
    endloop
  endfacet
  facet normal -8.81028e-06 0.99026 -0.139229
    outer loop
      vertex -9.68668 26.6574 3.86323
      vertex -10.0042 26.7956 4.84619
      vertex -9.27137 26.6796 4.0211
    endloop
  endfacet
  facet normal -0.0119064 0.989653 -0.142987
    outer loop
      vertex -10.0042 26.7956 4.84619
      vertex -9.68668 26.6574 3.86323
      vertex -10.0086 26.7953 4.84448
    endloop
  endfacet
  facet normal 0.0141447 0.990799 -0.134601
    outer loop
      vertex -10.0086 26.7953 4.84448
      vertex -9.68668 26.6574 3.86323
      vertex -10.0133 26.7952 4.84325
    endloop
  endfacet
  facet normal 6.83456e-05 0.990262 -0.139217
    outer loop
      vertex -10.1164 26.6414 3.74921
      vertex -10.0133 26.7952 4.84325
      vertex -9.68668 26.6574 3.86323
    endloop
  endfacet
  facet normal -0.000237029 0.990266 -0.139189
    outer loop
      vertex -10.0133 26.7952 4.84325
      vertex -10.1164 26.6414 3.74921
      vertex -10.333 26.7832 4.75842
    endloop
  endfacet
  facet normal 4.05645e-05 0.990276 -0.139119
    outer loop
      vertex -11.9867 27.6448 10.8885
      vertex -11.8836 27.7985 11.9826
      vertex -11.667 27.6567 10.9733
    endloop
  endfacet
  facet normal 6.82046e-05 0.990275 -0.139121
    outer loop
      vertex -11.8836 27.7985 11.9826
      vertex -11.9867 27.6448 10.8885
      vertex -12.3133 27.7825 11.8685
    endloop
  endfacet
  facet normal -0.00609284 0.989972 -0.141132
    outer loop
      vertex -11.9914 27.6446 10.8873
      vertex -12.3133 27.7825 11.8685
      vertex -11.9867 27.6448 10.8885
    endloop
  endfacet
  facet normal 0.00777684 0.990586 -0.136668
    outer loop
      vertex -11.9958 27.6444 10.8856
      vertex -12.3133 27.7825 11.8685
      vertex -11.9914 27.6446 10.8873
    endloop
  endfacet
  facet normal -6.09331e-05 0.990271 -0.139155
    outer loop
      vertex -12.3133 27.7825 11.8685
      vertex -11.9958 27.6444 10.8856
      vertex -12.7286 27.7603 11.7107
    endloop
  endfacet
  facet normal -0.000227604 0.99025 -0.1393
    outer loop
      vertex -12.3049 27.6278 10.7681
      vertex -12.7286 27.7603 11.7107
      vertex -11.9958 27.6444 10.8856
    endloop
  endfacet
  facet normal 4.54742e-05 0.990267 -0.13918
    outer loop
      vertex -12.5998 27.6069 10.6193
      vertex -12.7286 27.7603 11.7107
      vertex -12.3049 27.6278 10.7681
    endloop
  endfacet
  facet normal 2.51892e-05 0.990267 -0.139182
    outer loop
      vertex -12.7286 27.7603 11.7107
      vertex -12.5998 27.6069 10.6193
      vertex -13.125 27.7322 11.5107
    endloop
  endfacet
  facet normal 0.00163595 0.990396 -0.138252
    outer loop
      vertex -12.6041 27.6066 10.6171
      vertex -13.125 27.7322 11.5107
      vertex -12.5998 27.6069 10.6193
    endloop
  endfacet
  facet normal 0.00933116 0.990958 -0.133845
    outer loop
      vertex -12.6081 27.6063 10.6146
      vertex -13.125 27.7322 11.5107
      vertex -12.6041 27.6066 10.6171
    endloop
  endfacet
  facet normal -1.84945e-05 0.990272 -0.139142
    outer loop
      vertex -12.8857 27.5812 10.436
      vertex -13.125 27.7322 11.5107
      vertex -12.6081 27.6063 10.6146
    endloop
  endfacet
  facet normal 4.88438e-05 0.990275 -0.139127
    outer loop
      vertex -13.125 27.7322 11.5107
      vertex -12.8857 27.5812 10.436
      vertex -13.4981 27.6985 11.2707
    endloop
  endfacet
  facet normal 0.00362415 0.990626 -0.136553
    outer loop
      vertex -12.8894 27.5808 10.433
      vertex -13.4981 27.6985 11.2707
      vertex -12.8857 27.5812 10.436
    endloop
  endfacet
  facet normal -6.84243e-05 0.990266 -0.139186
    outer loop
      vertex -13.1466 27.5518 10.2268
      vertex -13.4981 27.6985 11.2707
      vertex -12.8894 27.5808 10.433
    endloop
  endfacet
  facet normal -0.000101249 0.990265 -0.139197
    outer loop
      vertex -13.4981 27.6985 11.2707
      vertex -13.1466 27.5518 10.2268
      vertex -13.8438 27.6595 10.9935
    endloop
  endfacet
  facet normal -0.000142968 0.99026 -0.139234
    outer loop
      vertex -13.3841 27.5187 9.99163
      vertex -13.8438 27.6595 10.9935
      vertex -13.1466 27.5518 10.2268
    endloop
  endfacet
  facet normal -4.90526e-05 0.990265 -0.139192
    outer loop
      vertex -13.8438 27.6595 10.9935
      vertex -13.3841 27.5187 9.99163
      vertex -14.1584 27.6157 10.682
    endloop
  endfacet
  facet normal -2.1505e-05 0.99027 -0.139161
    outer loop
      vertex -13.5924 27.4829 9.73691
      vertex -14.1584 27.6157 10.682
      vertex -13.3841 27.5187 9.99163
    endloop
  endfacet
  facet normal -3.00146e-06 0.990271 -0.13915
    outer loop
      vertex -14.1584 27.6157 10.682
      vertex -13.5924 27.4829 9.73691
      vertex -14.4383 27.5676 10.3397
    endloop
  endfacet
  facet normal 0.0024065 0.990729 -0.135833
    outer loop
      vertex -13.5954 27.4824 9.73321
      vertex -14.4383 27.5676 10.3397
      vertex -13.5924 27.4829 9.73691
    endloop
  endfacet
  facet normal 2.93669e-05 0.990282 -0.139074
    outer loop
      vertex -13.7757 27.4438 9.45832
      vertex -14.4383 27.5676 10.3397
      vertex -13.5954 27.4824 9.73321
    endloop
  endfacet
  facet normal 1.03265e-06 0.990279 -0.139095
    outer loop
      vertex -14.4383 27.5676 10.3397
      vertex -13.7757 27.4438 9.45832
      vertex -14.6806 27.5157 9.9702
    endloop
  endfacet
  facet normal -0.00405338 0.989259 -0.146119
    outer loop
      vertex -13.7783 27.4432 9.45433
      vertex -14.6806 27.5157 9.9702
      vertex -13.7757 27.4438 9.45832
    endloop
  endfacet
  facet normal -0.00027835 0.990201 -0.139649
    outer loop
      vertex -13.7805 27.4426 9.45008
      vertex -14.6806 27.5157 9.9702
      vertex -13.7783 27.4432 9.45433
    endloop
  endfacet
  facet normal 6.7378e-05 0.990284 -0.139062
    outer loop
      vertex -13.9308 27.4016 9.15804
      vertex -14.6806 27.5157 9.9702
      vertex -13.7805 27.4426 9.45008
    endloop
  endfacet
  facet normal -9.9037e-05 0.990262 -0.139213
    outer loop
      vertex -14.6806 27.5157 9.9702
      vertex -13.9308 27.4016 9.15804
      vertex -14.8826 27.4605 9.57769
    endloop
  endfacet
  facet normal -6.25779e-05 0.990274 -0.139132
    outer loop
      vertex -14.0494 27.3586 8.85204
      vertex -14.8826 27.4605 9.57769
      vertex -13.9308 27.4016 9.15804
    endloop
  endfacet
  facet normal -7.37985e-05 0.990272 -0.139145
    outer loop
      vertex -14.8826 27.4605 9.57769
      vertex -14.0494 27.3586 8.85204
      vertex -15.042 27.4027 9.16642
    endloop
  endfacet
  facet normal -0.00475369 0.988119 -0.153618
    outer loop
      vertex -14.0511 27.3579 8.84759
      vertex -15.042 27.4027 9.16642
      vertex -14.0494 27.3586 8.85204
    endloop
  endfacet
  facet normal 0.00296642 0.991497 -0.130099
    outer loop
      vertex -14.0523 27.3573 8.84299
      vertex -15.042 27.4027 9.16642
      vertex -14.0511 27.3579 8.84759
    endloop
  endfacet
  facet normal -4.96049e-05 0.99027 -0.139156
    outer loop
      vertex -14.0523 27.3573 8.84299
      vertex -15.1571 27.3429 8.74091
      vertex -15.042 27.4027 9.16642
    endloop
  endfacet
  facet normal -4.78537e-05 0.990268 -0.139175
    outer loop
      vertex -14.138 27.3128 8.52639
      vertex -15.1571 27.3429 8.74091
      vertex -14.0523 27.3573 8.84299
    endloop
  endfacet
  facet normal -0.00173329 0.989132 -0.147022
    outer loop
      vertex -14.1388 27.3121 8.52169
      vertex -15.1571 27.3429 8.74091
      vertex -14.138 27.3128 8.52639
    endloop
  endfacet
  facet normal 1.45587e-05 0.990283 -0.139065
    outer loop
      vertex -14.1388 27.3121 8.52169
      vertex -15.2267 27.2818 8.30581
      vertex -15.1571 27.3429 8.74091
    endloop
  endfacet
  facet normal 3.92622e-05 0.990266 -0.139187
    outer loop
      vertex -14.1905 27.2666 8.19796
      vertex -15.2267 27.2818 8.30581
      vertex -14.1388 27.3121 8.52169
    endloop
  endfacet
  facet normal 4.11269e-05 0.990269 -0.13917
    outer loop
      vertex -14.2079 27.2206 7.87064
      vertex -15.2267 27.2818 8.30581
      vertex -14.1905 27.2666 8.19796
    endloop
  endfacet
  facet normal 0 0.992149 -0.125061
    outer loop
      vertex -15.25 27.22 7.86588
      vertex -14.2079 27.2206 7.87064
      vertex -14.2081 27.22 7.86588
    endloop
  endfacet
  facet normal 6.52708e-05 0.990276 -0.139114
    outer loop
      vertex -14.2079 27.2206 7.87064
      vertex -15.25 27.22 7.86588
      vertex -15.2267 27.2818 8.30581
    endloop
  endfacet
  facet normal 0 0.989315 -0.145794
    outer loop
      vertex -14.2079 27.2193 7.86113
      vertex -15.25 27.22 7.86588
      vertex -14.2081 27.22 7.86588
    endloop
  endfacet
  facet normal 3.08507e-05 0.990269 -0.139166
    outer loop
      vertex -14.1905 27.1733 7.53381
      vertex -15.25 27.22 7.86588
      vertex -14.2079 27.2193 7.86113
    endloop
  endfacet
  facet normal -2.34816e-05 0.990245 -0.139336
    outer loop
      vertex -14.1905 27.1733 7.53381
      vertex -15.2267 27.1581 7.42596
      vertex -15.25 27.22 7.86588
    endloop
  endfacet
  facet normal -3.92622e-05 0.990266 -0.139187
    outer loop
      vertex -14.1388 27.1278 7.21008
      vertex -15.2267 27.1581 7.42596
      vertex -14.1905 27.1733 7.53381
    endloop
  endfacet
  facet normal 0.00166853 0.989175 -0.146728
    outer loop
      vertex -15.1571 27.097 6.99086
      vertex -14.1388 27.1278 7.21008
      vertex -14.138 27.1271 7.20537
    endloop
  endfacet
  facet normal -1.45587e-05 0.990283 -0.139065
    outer loop
      vertex -14.1388 27.1278 7.21008
      vertex -15.1571 27.097 6.99086
      vertex -15.2267 27.1581 7.42596
    endloop
  endfacet
  facet normal 4.65616e-05 0.990268 -0.139175
    outer loop
      vertex -14.0523 27.0826 6.88877
      vertex -15.1571 27.097 6.99086
      vertex -14.138 27.1271 7.20537
    endloop
  endfacet
  facet normal -0.00296642 0.991497 -0.130099
    outer loop
      vertex -15.042 27.0372 6.56534
      vertex -14.0523 27.0826 6.88877
      vertex -14.0511 27.082 6.88417
    endloop
  endfacet
  facet normal -0.00161345 0.990949 -0.134228
    outer loop
      vertex -15.042 27.0372 6.56534
      vertex -14.0511 27.082 6.88417
      vertex -14.0494 27.0814 6.87972
    endloop
  endfacet
  facet normal -2.45671e-05 0.990269 -0.139169
    outer loop
      vertex -14.8826 26.9794 6.15408
      vertex -14.0494 27.0814 6.87972
      vertex -13.9308 27.0384 6.57373
    endloop
  endfacet
  facet normal 4.8623e-05 0.990271 -0.139154
    outer loop
      vertex -14.0523 27.0826 6.88877
      vertex -15.042 27.0372 6.56534
      vertex -15.1571 27.097 6.99086
    endloop
  endfacet
  facet normal 8.15228e-05 0.990248 -0.139315
    outer loop
      vertex -14.6806 26.9242 5.76156
      vertex -13.9308 27.0384 6.57373
      vertex -13.7805 26.9973 6.28168
    endloop
  endfacet
  facet normal 0.000424754 0.990166 -0.139897
    outer loop
      vertex -14.6806 26.9242 5.76156
      vertex -13.7805 26.9973 6.28168
      vertex -13.7783 26.9967 6.27744
    endloop
  endfacet
  facet normal -0.00628864 0.991706 -0.128372
    outer loop
      vertex -14.6806 26.9242 5.76156
      vertex -13.7783 26.9967 6.27744
      vertex -13.7757 26.9962 6.27345
    endloop
  endfacet
  facet normal -1.41044e-05 0.990267 -0.139181
    outer loop
      vertex -14.0494 27.0814 6.87972
      vertex -14.8826 26.9794 6.15408
      vertex -15.042 27.0372 6.56534
    endloop
  endfacet
  facet normal 0.000142236 0.990248 -0.139317
    outer loop
      vertex -14.4383 26.8723 5.39211
      vertex -13.7757 26.9962 6.27345
      vertex -13.5954 26.9575 5.99856
    endloop
  endfacet
  facet normal -0.00241057 0.990728 -0.135837
    outer loop
      vertex -14.4383 26.8723 5.39211
      vertex -13.5954 26.9575 5.99856
      vertex -13.5924 26.957 5.99486
    endloop
  endfacet
  facet normal 1.29623e-05 0.990257 -0.139253
    outer loop
      vertex -13.9308 27.0384 6.57373
      vertex -14.6806 26.9242 5.76156
      vertex -14.8826 26.9794 6.15408
    endloop
  endfacet
  facet normal 1.97274e-05 0.99027 -0.139157
    outer loop
      vertex -14.1584 26.8242 5.04975
      vertex -13.5924 26.957 5.99486
      vertex -13.3841 26.9212 5.74013
    endloop
  endfacet
  facet normal -0.000126674 0.990277 -0.139111
    outer loop
      vertex -13.8438 26.7804 4.73825
      vertex -13.3841 26.9212 5.74013
      vertex -13.1466 26.8882 5.505
    endloop
  endfacet
  facet normal -7.1965e-05 0.99027 -0.139159
    outer loop
      vertex -13.7757 26.9962 6.27345
      vertex -14.4383 26.8723 5.39211
      vertex -14.6806 26.9242 5.76156
    endloop
  endfacet
  facet normal -1.45657e-05 0.990259 -0.139241
    outer loop
      vertex -13.4981 26.7414 4.46102
      vertex -13.1466 26.8882 5.505
      vertex -12.8894 26.8592 5.29873
    endloop
  endfacet
  facet normal -0.00368362 0.990616 -0.136625
    outer loop
      vertex -13.4981 26.7414 4.46102
      vertex -12.8894 26.8592 5.29873
      vertex -12.8857 26.8588 5.29573
    endloop
  endfacet
  facet normal -2.63651e-06 0.990259 -0.139235
    outer loop
      vertex -13.125 26.7077 4.22109
      vertex -12.8857 26.8588 5.29573
      vertex -12.6081 26.8337 5.11721
    endloop
  endfacet
  facet normal 0.00645465 0.989718 -0.142884
    outer loop
      vertex -13.125 26.7077 4.22109
      vertex -12.6081 26.8337 5.11721
      vertex -12.6041 26.8333 5.11462
    endloop
  endfacet
  facet normal -0.000645348 0.990316 -0.138829
    outer loop
      vertex -13.125 26.7077 4.22109
      vertex -12.6041 26.8333 5.11462
      vertex -12.5998 26.833 5.11246
    endloop
  endfacet
  facet normal -1.21366e-05 0.990273 -0.139139
    outer loop
      vertex -13.5924 26.957 5.99486
      vertex -14.1584 26.8242 5.04975
      vertex -14.4383 26.8723 5.39211
    endloop
  endfacet
  facet normal -5.23579e-05 0.990266 -0.139184
    outer loop
      vertex -12.7286 26.6796 4.0211
      vertex -12.5998 26.833 5.11246
      vertex -12.3049 26.8121 4.96365
    endloop
  endfacet
  facet normal -3.30224e-05 0.990265 -0.139193
    outer loop
      vertex -12.7286 26.6796 4.0211
      vertex -12.3049 26.8121 4.96365
      vertex -11.9958 26.7956 4.84619
    endloop
  endfacet
  facet normal 0.0119065 0.989653 -0.142987
    outer loop
      vertex -12.3133 26.6574 3.86323
      vertex -11.9958 26.7956 4.84619
      vertex -11.9914 26.7953 4.84448
    endloop
  endfacet
  facet normal -0.0141447 0.990799 -0.134602
    outer loop
      vertex -12.3133 26.6574 3.86323
      vertex -11.9914 26.7953 4.84448
      vertex -11.9867 26.7952 4.84325
    endloop
  endfacet
  facet normal 0.000237029 0.990266 -0.139189
    outer loop
      vertex -11.8836 26.6414 3.74921
      vertex -11.9867 26.7952 4.84325
      vertex -11.667 26.7832 4.75842
    endloop
  endfacet
  facet normal -0.00109593 0.990305 -0.138908
    outer loop
      vertex -11.8836 26.6414 3.74921
      vertex -11.667 26.7832 4.75842
      vertex -11.6623 26.7831 4.75767
    endloop
  endfacet
  facet normal 4.99985e-05 0.990266 -0.139191
    outer loop
      vertex -13.3841 26.9212 5.74013
      vertex -13.8438 26.7804 4.73825
      vertex -14.1584 26.8242 5.04975
    endloop
  endfacet
  facet normal -1.51363e-05 0.990269 -0.139163
    outer loop
      vertex -11.4442 26.6317 3.6803
      vertex -11.6623 26.7831 4.75767
      vertex -11.3353 26.7759 4.7064
    endloop
  endfacet
  facet normal -3.01733e-05 0.99027 -0.139161
    outer loop
      vertex -11.4442 26.6317 3.6803
      vertex -11.3353 26.7759 4.7064
      vertex -11.0048 26.7735 4.68925
    endloop
  endfacet
  facet normal -0.00724819 0.990243 -0.139165
    outer loop
      vertex -11 26.6285 3.65724
      vertex -11.0048 26.7735 4.68925
      vertex -11 26.7735 4.689
    endloop
  endfacet
  facet normal 0.00109593 0.990305 -0.138908
    outer loop
      vertex -10.333 26.7832 4.75842
      vertex -10.1164 26.6414 3.74921
      vertex -10.3377 26.7831 4.75767
    endloop
  endfacet
  facet normal 3.85775e-05 0.990256 -0.139259
    outer loop
      vertex -13.1466 26.8882 5.505
      vertex -13.4981 26.7414 4.46102
      vertex -13.8438 26.7804 4.73825
    endloop
  endfacet
  facet normal -3.784e-05 0.990271 -0.139153
    outer loop
      vertex -10.5558 26.6317 3.6803
      vertex -10.3377 26.7831 4.75767
      vertex -10.1164 26.6414 3.74921
    endloop
  endfacet
  facet normal -8.22151e-05 0.990262 -0.139218
    outer loop
      vertex -12.8857 26.8588 5.29573
      vertex -13.125 26.7077 4.22109
      vertex -13.4981 26.7414 4.46102
    endloop
  endfacet
  facet normal 1.51363e-05 0.990269 -0.139163
    outer loop
      vertex -10.3377 26.7831 4.75767
      vertex -10.5558 26.6317 3.6803
      vertex -10.6647 26.7759 4.7064
    endloop
  endfacet
  facet normal -2.43044e-05 0.990266 -0.139188
    outer loop
      vertex -12.5998 26.833 5.11246
      vertex -12.7286 26.6796 4.0211
      vertex -13.125 26.7077 4.22109
    endloop
  endfacet
  facet normal 3.01733e-05 0.99027 -0.139161
    outer loop
      vertex -10.6647 26.7759 4.7064
      vertex -10.5558 26.6317 3.6803
      vertex -10.9952 26.7735 4.68925
    endloop
  endfacet
  facet normal 8.81053e-06 0.99026 -0.139229
    outer loop
      vertex -11.9958 26.7956 4.84619
      vertex -12.3133 26.6574 3.86323
      vertex -12.7286 26.6796 4.0211
    endloop
  endfacet
  facet normal 8.91684e-05 0.990273 -0.139136
    outer loop
      vertex -11 26.6285 3.65724
      vertex -10.9952 26.7735 4.68925
      vertex -10.5558 26.6317 3.6803
    endloop
  endfacet
  facet normal -6.83488e-05 0.990262 -0.139217
    outer loop
      vertex -11.9867 26.7952 4.84325
      vertex -11.8836 26.6414 3.74921
      vertex -12.3133 26.6574 3.86323
    endloop
  endfacet
  facet normal 0.00724819 0.990243 -0.139165
    outer loop
      vertex -10.9952 26.7735 4.68925
      vertex -11 26.6285 3.65724
      vertex -11 26.7735 4.689
    endloop
  endfacet
  facet normal 3.784e-05 0.990271 -0.139153
    outer loop
      vertex -11.6623 26.7831 4.75767
      vertex -11.4442 26.6317 3.6803
      vertex -11.8836 26.6414 3.74921
    endloop
  endfacet
  facet normal -8.91684e-05 0.990273 -0.139136
    outer loop
      vertex -11.0048 26.7735 4.68925
      vertex -11 26.6285 3.65724
      vertex -11.4442 26.6317 3.6803
    endloop
  endfacet
  facet normal -0.891009 0.0631822 0.449567
    outer loop
      vertex -7.31939 26.9242 5.76156
      vertex -7.11743 44.8158 3.64734
      vertex -7.31939 44.9041 3.23466
    endloop
  endfacet
  facet normal -0.891013 0.0631815 0.44956
    outer loop
      vertex -7.11743 44.8158 3.64734
      vertex -7.31939 26.9242 5.76156
      vertex -7.11743 26.9794 6.15408
    endloop
  endfacet
  facet normal -0.838671 0.0757992 0.539338
    outer loop
      vertex -7.56168 26.8723 5.39211
      vertex -7.31939 44.9041 3.23466
      vertex -7.56168 44.9872 2.84622
    endloop
  endfacet
  facet normal -0.83866 0.0758011 0.539355
    outer loop
      vertex -7.31939 44.9041 3.23466
      vertex -7.56168 26.8723 5.39211
      vertex -7.31939 26.9242 5.76156
    endloop
  endfacet
  facet normal -0.358369 0.129929 0.924494
    outer loop
      vertex -9.68668 45.0613 1.27673
      vertex -9.27137 26.6796 4.0211
      vertex -9.27137 45.0613 1.43772
    endloop
  endfacet
  facet normal -0.358369 0.129929 0.924494
    outer loop
      vertex -9.27137 26.6796 4.0211
      vertex -9.68668 45.0613 1.27673
      vertex -9.68668 26.6574 3.86323
    endloop
  endfacet
  facet normal 0.838649 0.0758033 0.539371
    outer loop
      vertex -14.4383 26.8723 5.39211
      vertex -14.6806 44.9041 3.23466
      vertex -14.6806 26.9242 5.76156
    endloop
  endfacet
  facet normal 0.838661 0.0758014 0.539354
    outer loop
      vertex -14.6806 44.9041 3.23466
      vertex -14.4383 26.8723 5.39211
      vertex -14.4383 44.9872 2.84622
    endloop
  endfacet
  facet normal 0.780449 0.067696 0.621544
    outer loop
      vertex -14.4383 44.9872 2.84622
      vertex -14.1584 45.0613 2.48669
      vertex -14.169 45.0613 2.5
    endloop
  endfacet
  facet normal 0.777212 0.0875733 0.623115
    outer loop
      vertex -14.1584 26.8242 5.04975
      vertex -14.4383 44.9872 2.84622
      vertex -14.4383 26.8723 5.39211
    endloop
  endfacet
  facet normal 0.777209 0.0875738 0.623119
    outer loop
      vertex -14.4383 44.9872 2.84622
      vertex -14.1584 26.8242 5.04975
      vertex -14.1584 45.0613 2.48669
    endloop
  endfacet
  facet normal 0.0523397 0.138982 0.988911
    outer loop
      vertex -11.4442 45.0613 1.09019
      vertex -11 26.6285 3.65724
      vertex -11 45.0613 1.06668
    endloop
  endfacet
  facet normal 0.0523391 0.138982 0.988911
    outer loop
      vertex -11 26.6285 3.65724
      vertex -11.4442 45.0613 1.09019
      vertex -11.4442 26.6317 3.6803
    endloop
  endfacet
  facet normal -0.891009 -0.0631825 -0.449567
    outer loop
      vertex -7.11743 27.4605 9.57769
      vertex -7.31939 43.957 7.65953
      vertex -7.11743 44.0453 7.24685
    endloop
  endfacet
  facet normal -0.891008 -0.0631827 -0.449569
    outer loop
      vertex -7.31939 43.957 7.65953
      vertex -7.11743 27.4605 9.57769
      vertex -7.31939 27.5157 9.9702
    endloop
  endfacet
  facet normal -0.258973 -0.134427 -0.956484
    outer loop
      vertex -10.1164 43.5042 9.77527
      vertex -9.68668 27.7825 11.8685
      vertex -10.1164 27.7985 11.9826
    endloop
  endfacet
  facet normal -0.258835 -0.134429 -0.956522
    outer loop
      vertex -9.68668 27.7825 11.8685
      vertex -10.1164 43.5042 9.77527
      vertex -9.68668 43.5298 9.65539
    endloop
  endfacet
  facet normal -0.707092 -0.0984116 -0.70024
    outer loop
      vertex -7.84163 27.6157 10.682
      vertex -8.1562 43.7267 8.73541
      vertex -7.84163 43.7968 8.40791
    endloop
  endfacet
  facet normal -0.7071 -0.0984108 -0.700232
    outer loop
      vertex -8.1562 43.7267 8.73541
      vertex -7.84163 27.6157 10.682
      vertex -8.1562 27.6595 10.9935
    endloop
  endfacet
  facet normal -0.965926 -0.0360208 -0.256301
    outer loop
      vertex -6.84287 27.3429 8.74091
      vertex -6.95801 44.1379 6.81445
      vertex -6.84287 44.2336 6.36707
    endloop
  endfacet
  facet normal -0.965923 -0.0360218 -0.25631
    outer loop
      vertex -6.95801 44.1379 6.81445
      vertex -6.84287 27.3429 8.74091
      vertex -6.95801 27.4027 9.16642
    endloop
  endfacet
  facet normal 0.358241 -0.129934 -0.924543
    outer loop
      vertex -12.7286 27.7603 11.7107
      vertex -12.3133 43.5298 9.65539
      vertex -12.3133 27.7825 11.8685
    endloop
  endfacet
  facet normal 0.358351 -0.129932 -0.924501
    outer loop
      vertex -12.3133 43.5298 9.65539
      vertex -12.7286 27.7603 11.7107
      vertex -12.7286 43.5654 9.48941
    endloop
  endfacet
  facet normal 0.77716 -0.0875816 -0.623179
    outer loop
      vertex -14.4383 27.5676 10.3397
      vertex -14.1584 43.7968 8.40791
      vertex -14.1584 27.6157 10.682
    endloop
  endfacet
  facet normal 0.777198 -0.0875765 -0.623132
    outer loop
      vertex -14.1584 43.7968 8.40791
      vertex -14.4383 27.5676 10.3397
      vertex -14.4383 43.8739 8.04797
    endloop
  endfacet
  facet normal 0.838682 -0.0757975 -0.53932
    outer loop
      vertex -14.6806 27.5157 9.9702
      vertex -14.4383 43.8739 8.04797
      vertex -14.4383 27.5676 10.3397
    endloop
  endfacet
  facet normal 0.838661 -0.0758011 -0.539354
    outer loop
      vertex -14.4383 43.8739 8.04797
      vertex -14.6806 27.5157 9.9702
      vertex -14.6806 43.957 7.65953
    endloop
  endfacet
  facet normal 0.998627 -0.00728932 -0.0518663
    outer loop
      vertex -15.25 27.22 7.86588
      vertex -15.2267 44.3316 5.90962
      vertex -15.2267 27.2818 8.30581
    endloop
  endfacet
  facet normal 0.998628 -0.00728912 -0.0518646
    outer loop
      vertex -15.2267 44.3316 5.90962
      vertex -15.25 27.22 7.86588
      vertex -15.25 44.4305 5.44709
    endloop
  endfacet
  facet normal -0.965926 0.0360208 0.256301
    outer loop
      vertex -6.95801 27.0372 6.56534
      vertex -6.84287 44.6275 4.52711
      vertex -6.95801 44.7232 4.07973
    endloop
  endfacet
  facet normal -0.965925 0.0360212 0.256304
    outer loop
      vertex -6.84287 44.6275 4.52711
      vertex -6.95801 27.0372 6.56534
      vertex -6.84287 27.097 6.99086
    endloop
  endfacet
  facet normal -0.987688 0.0217717 0.154914
    outer loop
      vertex -6.84287 27.097 6.99086
      vertex -6.77328 44.5295 4.98457
      vertex -6.84287 44.6275 4.52711
    endloop
  endfacet
  facet normal -0.987688 0.0217717 0.154914
    outer loop
      vertex -6.77328 44.5295 4.98457
      vertex -6.84287 27.097 6.99086
      vertex -6.77328 27.1581 7.42596
    endloop
  endfacet
  facet normal -0.933578 0.049876 0.354887
    outer loop
      vertex -7.11743 26.9794 6.15408
      vertex -6.95801 44.7232 4.07973
      vertex -7.11743 44.8158 3.64734
    endloop
  endfacet
  facet normal -0.93358 0.0498754 0.354881
    outer loop
      vertex -6.95801 44.7232 4.07973
      vertex -7.11743 26.9794 6.15408
      vertex -6.95801 27.0372 6.56534
    endloop
  endfacet
  facet normal -0.777299 0.086733 0.623124
    outer loop
      vertex -7.84163 45.0613 2.48669
      vertex -7.56168 44.9872 2.84622
      vertex -7.83096 45.0613 2.5
    endloop
  endfacet
  facet normal -0.777154 0.0875832 0.623186
    outer loop
      vertex -7.84163 26.8242 5.04975
      vertex -7.56168 44.9872 2.84622
      vertex -7.84163 45.0613 2.48669
    endloop
  endfacet
  facet normal -0.777157 0.0875827 0.623182
    outer loop
      vertex -7.56168 44.9872 2.84622
      vertex -7.84163 26.8242 5.04975
      vertex -7.56168 26.8723 5.39211
    endloop
  endfacet
  facet normal -0.258809 0.134431 0.956528
    outer loop
      vertex -10.1164 45.0613 1.16046
      vertex -9.68668 26.6574 3.86323
      vertex -9.68668 45.0613 1.27673
    endloop
  endfacet
  facet normal -0.258806 0.134431 0.956529
    outer loop
      vertex -9.68668 26.6574 3.86323
      vertex -10.1164 45.0613 1.16046
      vertex -10.1164 26.6414 3.74921
    endloop
  endfacet
  facet normal -0.156417 0.13746 0.978079
    outer loop
      vertex -10.5558 45.0613 1.09019
      vertex -10.1164 26.6414 3.74921
      vertex -10.1164 45.0613 1.16046
    endloop
  endfacet
  facet normal -0.156424 0.13746 0.978078
    outer loop
      vertex -10.1164 26.6414 3.74921
      vertex -10.5558 45.0613 1.09019
      vertex -10.5558 26.6317 3.6803
    endloop
  endfacet
  facet normal -0.544641 0.11672 0.830507
    outer loop
      vertex -8.875 45.0613 1.64166
      vertex -8.50191 26.7414 4.46102
      vertex -8.50191 45.0613 1.88633
    endloop
  endfacet
  facet normal -0.544635 0.116721 0.830511
    outer loop
      vertex -8.50191 26.7414 4.46102
      vertex -8.875 45.0613 1.64166
      vertex -8.875 26.7077 4.22109
    endloop
  endfacet
  facet normal -0.453981 0.124005 0.88234
    outer loop
      vertex -9.27137 45.0613 1.43772
      vertex -8.875 26.7077 4.22109
      vertex -8.875 45.0613 1.64166
    endloop
  endfacet
  facet normal -0.45398 0.124005 0.882341
    outer loop
      vertex -8.875 26.7077 4.22109
      vertex -9.27137 45.0613 1.43772
      vertex -9.27137 26.6796 4.0211
    endloop
  endfacet
  facet normal -0.629332 0.108156 0.769574
    outer loop
      vertex -8.50191 45.0613 1.88633
      vertex -8.1562 26.7804 4.73825
      vertex -8.1562 45.0613 2.16904
    endloop
  endfacet
  facet normal -0.629333 0.108156 0.769573
    outer loop
      vertex -8.1562 26.7804 4.73825
      vertex -8.50191 45.0613 1.88633
      vertex -8.50191 26.7414 4.46102
    endloop
  endfacet
  facet normal 0.965947 0.0360095 0.256221
    outer loop
      vertex -15.042 27.0372 6.56534
      vertex -15.1571 44.6275 4.52711
      vertex -15.1571 27.097 6.99086
    endloop
  endfacet
  facet normal 0.965948 0.0360091 0.256218
    outer loop
      vertex -15.1571 44.6275 4.52711
      vertex -15.042 27.0372 6.56534
      vertex -15.042 44.7232 4.07973
    endloop
  endfacet
  facet normal 0.890976 0.0631914 0.449631
    outer loop
      vertex -14.6806 26.9242 5.76156
      vertex -14.8826 44.8158 3.64734
      vertex -14.8826 26.9794 6.15408
    endloop
  endfacet
  facet normal 0.890973 0.0631922 0.449638
    outer loop
      vertex -14.8826 44.8158 3.64734
      vertex -14.6806 26.9242 5.76156
      vertex -14.6806 44.9041 3.23466
    endloop
  endfacet
  facet normal 0.987685 0.0217747 0.154935
    outer loop
      vertex -15.1571 27.097 6.99086
      vertex -15.2267 44.5295 4.98457
      vertex -15.2267 27.1581 7.42596
    endloop
  endfacet
  facet normal 0.987685 0.0217747 0.154935
    outer loop
      vertex -15.2267 44.5295 4.98457
      vertex -15.1571 27.097 6.99086
      vertex -15.1571 44.6275 4.52711
    endloop
  endfacet
  facet normal 0.453954 0.124007 0.882354
    outer loop
      vertex -13.125 26.7077 4.22109
      vertex -12.7286 45.0613 1.43772
      vertex -13.125 45.0613 1.64166
    endloop
  endfacet
  facet normal 0.453952 0.124007 0.882355
    outer loop
      vertex -12.7286 45.0613 1.43772
      vertex -13.125 26.7077 4.22109
      vertex -12.7286 26.6796 4.0211
    endloop
  endfacet
  facet normal 0.156417 0.13746 0.978079
    outer loop
      vertex -11.8836 26.6414 3.74921
      vertex -11.4442 45.0613 1.09019
      vertex -11.8836 45.0613 1.16046
    endloop
  endfacet
  facet normal 0.156424 0.13746 0.978078
    outer loop
      vertex -11.4442 45.0613 1.09019
      vertex -11.8836 26.6414 3.74921
      vertex -11.4442 26.6317 3.6803
    endloop
  endfacet
  facet normal -0.99863 -0.00728289 -0.0518202
    outer loop
      vertex -6.75 27.22 7.86588
      vertex -6.77328 44.3316 5.90962
      vertex -6.75 44.4305 5.44709
    endloop
  endfacet
  facet normal -0.99863 -0.00728308 -0.0518219
    outer loop
      vertex -6.77328 44.3316 5.90962
      vertex -6.75 27.22 7.86588
      vertex -6.77328 27.2818 8.30581
    endloop
  endfacet
  facet normal -0.0522059 -0.138985 -0.988917
    outer loop
      vertex -11 27.8114 12.0745
      vertex -10.5558 43.4887 9.84772
      vertex -10.5558 27.8082 12.0515
    endloop
  endfacet
  facet normal -0.0523379 -0.13898 -0.988911
    outer loop
      vertex -10.5558 43.4887 9.84772
      vertex -11 27.8114 12.0745
      vertex -11 43.4835 9.87196
    endloop
  endfacet
  facet normal -0.453997 -0.124005 -0.882332
    outer loop
      vertex -9.27137 43.5654 9.48941
      vertex -8.875 27.7322 11.5107
      vertex -9.27137 27.7603 11.7107
    endloop
  endfacet
  facet normal -0.453991 -0.124005 -0.882335
    outer loop
      vertex -8.875 27.7322 11.5107
      vertex -9.27137 43.5654 9.48941
      vertex -8.875 43.6104 9.27914
    endloop
  endfacet
  facet normal -0.629293 -0.108159 -0.769605
    outer loop
      vertex -8.50191 43.6644 9.02689
      vertex -8.1562 27.6595 10.9935
      vertex -8.50191 27.6985 11.2707
    endloop
  endfacet
  facet normal -0.629351 -0.108154 -0.769558
    outer loop
      vertex -8.1562 27.6595 10.9935
      vertex -8.50191 43.6644 9.02689
      vertex -8.1562 43.7267 8.73541
    endloop
  endfacet
  facet normal -0.544745 -0.116712 -0.83044
    outer loop
      vertex -8.875 43.6104 9.27914
      vertex -8.50191 27.6985 11.2707
      vertex -8.875 27.7322 11.5107
    endloop
  endfacet
  facet normal -0.544627 -0.116719 -0.830517
    outer loop
      vertex -8.50191 27.6985 11.2707
      vertex -8.875 43.6104 9.27914
      vertex -8.50191 43.6644 9.02689
    endloop
  endfacet
  facet normal -0.777143 -0.087586 -0.623199
    outer loop
      vertex -7.56168 27.5676 10.3397
      vertex -7.84163 43.7968 8.40791
      vertex -7.56168 43.8739 8.04797
    endloop
  endfacet
  facet normal -0.777105 -0.087591 -0.623247
    outer loop
      vertex -7.84163 43.7968 8.40791
      vertex -7.56168 27.5676 10.3397
      vertex -7.84163 27.6157 10.682
    endloop
  endfacet
  facet normal -0.838671 -0.0757989 -0.539338
    outer loop
      vertex -7.31939 27.5157 9.9702
      vertex -7.56168 43.8739 8.04797
      vertex -7.31939 43.957 7.65953
    endloop
  endfacet
  facet normal -0.838693 -0.0757953 -0.539305
    outer loop
      vertex -7.56168 43.8739 8.04797
      vertex -7.31939 27.5157 9.9702
      vertex -7.56168 27.5676 10.3397
    endloop
  endfacet
  facet normal 0.707067 -0.0984155 -0.700265
    outer loop
      vertex -14.1584 27.6157 10.682
      vertex -13.8438 43.7267 8.73541
      vertex -13.8438 27.6595 10.9935
    endloop
  endfacet
  facet normal 0.707058 -0.0984163 -0.700273
    outer loop
      vertex -13.8438 43.7267 8.73541
      vertex -14.1584 27.6157 10.682
      vertex -14.1584 43.7968 8.40791
    endloop
  endfacet
  facet normal 0.629304 -0.108157 -0.769597
    outer loop
      vertex -13.8438 27.6595 10.9935
      vertex -13.4981 43.6644 9.02689
      vertex -13.4981 27.6985 11.2707
    endloop
  endfacet
  facet normal 0.629362 -0.108153 -0.76955
    outer loop
      vertex -13.4981 43.6644 9.02689
      vertex -13.8438 27.6595 10.9935
      vertex -13.8438 43.7267 8.73541
    endloop
  endfacet
  facet normal 0.544735 -0.116713 -0.830447
    outer loop
      vertex -13.4981 27.6985 11.2707
      vertex -13.125 43.6104 9.27914
      vertex -13.125 27.7322 11.5107
    endloop
  endfacet
  facet normal 0.544617 -0.11672 -0.830523
    outer loop
      vertex -13.125 43.6104 9.27914
      vertex -13.4981 27.6985 11.2707
      vertex -13.4981 43.6644 9.02689
    endloop
  endfacet
  facet normal 0.156402 -0.137462 -0.978081
    outer loop
      vertex -11.8836 27.7985 11.9826
      vertex -11.4442 43.4887 9.84772
      vertex -11.4442 27.8082 12.0515
    endloop
  endfacet
  facet normal 0.15642 -0.137462 -0.978078
    outer loop
      vertex -11.4442 43.4887 9.84772
      vertex -11.8836 27.7985 11.9826
      vertex -11.8836 43.5042 9.77527
    endloop
  endfacet
  facet normal 0.933598 -0.0498688 -0.354835
    outer loop
      vertex -15.042 27.4027 9.16642
      vertex -14.8826 44.0453 7.24685
      vertex -14.8826 27.4605 9.57769
    endloop
  endfacet
  facet normal 0.933596 -0.0498694 -0.354841
    outer loop
      vertex -14.8826 44.0453 7.24685
      vertex -15.042 27.4027 9.16642
      vertex -15.042 44.1379 6.81445
    endloop
  endfacet
  facet normal 0.707067 0.0984159 0.700265
    outer loop
      vertex -13.8438 26.7804 4.73825
      vertex -14.1584 45.0613 2.48669
      vertex -14.1584 26.8242 5.04975
    endloop
  endfacet
  facet normal 0.70706 0.0984166 0.700271
    outer loop
      vertex -14.1584 45.0613 2.48669
      vertex -13.8438 26.7804 4.73825
      vertex -13.8438 45.0613 2.16904
    endloop
  endfacet
  facet normal 0.933595 0.04987 0.354843
    outer loop
      vertex -14.8826 26.9794 6.15408
      vertex -15.042 44.7232 4.07973
      vertex -15.042 27.0372 6.56534
    endloop
  endfacet
  facet normal 0.933593 0.0498706 0.354848
    outer loop
      vertex -15.042 44.7232 4.07973
      vertex -14.8826 26.9794 6.15408
      vertex -14.8826 44.8158 3.64734
    endloop
  endfacet
  facet normal 0.544631 0.116721 0.830514
    outer loop
      vertex -13.4981 26.7414 4.46102
      vertex -13.125 45.0613 1.64166
      vertex -13.4981 45.0613 1.88633
    endloop
  endfacet
  facet normal 0.544625 0.116722 0.830518
    outer loop
      vertex -13.125 45.0613 1.64166
      vertex -13.4981 26.7414 4.46102
      vertex -13.125 26.7077 4.22109
    endloop
  endfacet
  facet normal 0.358377 0.129929 0.924492
    outer loop
      vertex -12.7286 26.6796 4.0211
      vertex -12.3133 45.0613 1.27673
      vertex -12.7286 45.0613 1.43772
    endloop
  endfacet
  facet normal 0.358377 0.129929 0.924492
    outer loop
      vertex -12.3133 45.0613 1.27673
      vertex -12.7286 26.6796 4.0211
      vertex -12.3133 26.6574 3.86323
    endloop
  endfacet
  facet normal -0.156402 -0.137462 -0.978081
    outer loop
      vertex -10.5558 43.4887 9.84772
      vertex -10.1164 27.7985 11.9826
      vertex -10.5558 27.8082 12.0515
    endloop
  endfacet
  facet normal -0.15642 -0.137462 -0.978078
    outer loop
      vertex -10.1164 27.7985 11.9826
      vertex -10.5558 43.4887 9.84772
      vertex -10.1164 43.5042 9.77527
    endloop
  endfacet
  facet normal -0.358233 -0.129935 -0.924546
    outer loop
      vertex -9.68668 43.5298 9.65539
      vertex -9.27137 27.7603 11.7107
      vertex -9.68668 27.7825 11.8685
    endloop
  endfacet
  facet normal -0.358343 -0.129932 -0.924504
    outer loop
      vertex -9.27137 27.7603 11.7107
      vertex -9.68668 43.5298 9.65539
      vertex -9.27137 43.5654 9.48941
    endloop
  endfacet
  facet normal -0.933581 -0.0498749 -0.354879
    outer loop
      vertex -6.95801 27.4027 9.16642
      vertex -7.11743 44.0453 7.24685
      vertex -6.95801 44.1379 6.81445
    endloop
  endfacet
  facet normal -0.933583 -0.0498743 -0.354874
    outer loop
      vertex -7.11743 44.0453 7.24685
      vertex -6.95801 27.4027 9.16642
      vertex -7.11743 27.4605 9.57769
    endloop
  endfacet
  facet normal -0.987688 -0.0217722 -0.154917
    outer loop
      vertex -6.77328 27.2818 8.30581
      vertex -6.84287 44.2336 6.36707
      vertex -6.77328 44.3316 5.90962
    endloop
  endfacet
  facet normal -0.987688 -0.0217718 -0.154914
    outer loop
      vertex -6.84287 44.2336 6.36707
      vertex -6.77328 27.2818 8.30581
      vertex -6.84287 27.3429 8.74091
    endloop
  endfacet
  facet normal 0.45397 -0.124007 -0.882345
    outer loop
      vertex -13.125 27.7322 11.5107
      vertex -12.7286 43.5654 9.48941
      vertex -12.7286 27.7603 11.7107
    endloop
  endfacet
  facet normal 0.453964 -0.124007 -0.882349
    outer loop
      vertex -12.7286 43.5654 9.48941
      vertex -13.125 27.7322 11.5107
      vertex -13.125 43.6104 9.27914
    endloop
  endfacet
  facet normal 0.258984 -0.134427 -0.956481
    outer loop
      vertex -12.3133 27.7825 11.8685
      vertex -11.8836 43.5042 9.77527
      vertex -11.8836 27.7985 11.9826
    endloop
  endfacet
  facet normal 0.258846 -0.134428 -0.956519
    outer loop
      vertex -11.8836 43.5042 9.77527
      vertex -12.3133 27.7825 11.8685
      vertex -12.3133 43.5298 9.65539
    endloop
  endfacet
  facet normal 0.890972 -0.0631926 -0.44964
    outer loop
      vertex -14.8826 27.4605 9.57769
      vertex -14.6806 43.957 7.65953
      vertex -14.6806 27.5157 9.9702
    endloop
  endfacet
  facet normal 0.890973 -0.0631924 -0.449638
    outer loop
      vertex -14.6806 43.957 7.65953
      vertex -14.8826 27.4605 9.57769
      vertex -14.8826 44.0453 7.24685
    endloop
  endfacet
  facet normal 0.965946 -0.0360102 -0.256227
    outer loop
      vertex -15.1571 27.3429 8.74091
      vertex -15.042 44.1379 6.81445
      vertex -15.042 27.4027 9.16642
    endloop
  endfacet
  facet normal 0.965948 -0.0360092 -0.256218
    outer loop
      vertex -15.042 44.1379 6.81445
      vertex -15.1571 27.3429 8.74091
      vertex -15.1571 44.2336 6.36707
    endloop
  endfacet
  facet normal -1 0 0
    outer loop
      vertex -31 23.2161 2.36963
      vertex -31 45.0613 2.5
      vertex -31 45.0613 0
    endloop
  endfacet
  facet normal -1 0 0
    outer loop
      vertex -31 45.0613 2.5
      vertex -31 26.2473 23.938
      vertex -31 35.0613 49.2216
    endloop
  endfacet
  facet normal -1 0 0
    outer loop
      vertex -31 45.0613 2.5
      vertex -31 27.2315 19.3079
      vertex -31 26.2473 23.938
    endloop
  endfacet
  facet normal -1 -0 0
    outer loop
      vertex -31 45.0613 2.5
      vertex -31 23.2161 2.36963
      vertex -31 27.2315 19.3079
    endloop
  endfacet
  facet normal -1 0 0
    outer loop
      vertex -31 27.2315 19.3079
      vertex -31 23.2161 2.36963
      vertex -31 25.5462 18.9497
    endloop
  endfacet
  facet normal -1 0 0
    outer loop
      vertex -31 0 0
      vertex -31 23.2161 2.36963
      vertex -31 45.0613 0
    endloop
  endfacet
  facet normal -1 0 0
    outer loop
      vertex -31 0 0
      vertex -31 4.5 5
      vertex -31 23.2161 2.36963
    endloop
  endfacet
  facet normal -1 0 0
    outer loop
      vertex -31 4.5 5
      vertex -31 0 16.3881
      vertex -31 4.83188 14.5467
    endloop
  endfacet
  facet normal -1 0 0
    outer loop
      vertex -31 4.83188 14.5467
      vertex -31 0 16.3881
      vertex -31 4.44048 16.3881
    endloop
  endfacet
  facet normal -1 -0 0
    outer loop
      vertex -31 35.0613 49.2216
      vertex -31 26.2473 23.938
      vertex -31 29.8007 49.2216
    endloop
  endfacet
  facet normal -1 0 0
    outer loop
      vertex -31 4.5 5
      vertex -31 4.83188 14.5467
      vertex -31 5.8728 14.768
    endloop
  endfacet
  facet normal -1 0 0
    outer loop
      vertex -31 0 16.3881
      vertex -31 4.5 5
      vertex -31 0 0
    endloop
  endfacet
  facet normal 1 -0 0
    outer loop
      vertex -3 4.83188 14.5467
      vertex -3 4.5 5
      vertex -3 5.8728 14.768
    endloop
  endfacet
  facet normal 1 -0 0
    outer loop
      vertex -3 0 16.3881
      vertex -3 4.83188 14.5467
      vertex -3 4.44048 16.3881
    endloop
  endfacet
  facet normal 1 0 0
    outer loop
      vertex -3 45.0613 2.5
      vertex -3 26.2473 23.938
      vertex -3 27.2315 19.3079
    endloop
  endfacet
  facet normal 1 -0 0
    outer loop
      vertex -3 26.2473 23.938
      vertex -3 45.0613 2.5
      vertex -3 35.0613 49.2216
    endloop
  endfacet
  facet normal 1 0 0
    outer loop
      vertex -3 26.2473 23.938
      vertex -3 35.0613 49.2216
      vertex -3 29.8007 49.2216
    endloop
  endfacet
  facet normal 1 0 0
    outer loop
      vertex -3 23.2161 2.36963
      vertex -3 45.0613 2.5
      vertex -3 27.2315 19.3079
    endloop
  endfacet
  facet normal 1 0 0
    outer loop
      vertex -3 23.2161 2.36963
      vertex -3 27.2315 19.3079
      vertex -3 25.5462 18.9497
    endloop
  endfacet
  facet normal 1 0 0
    outer loop
      vertex -3 45.0613 2.5
      vertex -3 23.2161 2.36963
      vertex -3 45.0613 0
    endloop
  endfacet
  facet normal 1 0 0
    outer loop
      vertex -3 4.83188 14.5467
      vertex -3 0 16.3881
      vertex -3 4.5 5
    endloop
  endfacet
  facet normal 1 0 0
    outer loop
      vertex -3 23.2161 2.36963
      vertex -3 0 0
      vertex -3 45.0613 0
    endloop
  endfacet
  facet normal 1 0 0
    outer loop
      vertex -3 4.5 5
      vertex -3 0 0
      vertex -3 23.2161 2.36963
    endloop
  endfacet
  facet normal 1 0 0
    outer loop
      vertex -3 0 0
      vertex -3 4.5 5
      vertex -3 0 16.3881
    endloop
  endfacet
  facet normal 0 0.977853 0.209295
    outer loop
      vertex -3 35.0613 49.2216
      vertex -11.8836 43.5042 9.77527
      vertex -31 35.0613 49.2216
    endloop
  endfacet
  facet normal -2.62493e-05 0.977854 0.20929
    outer loop
      vertex -31 35.0613 49.2216
      vertex -22.5558 43.4887 9.84772
      vertex -23 43.4835 9.87196
    endloop
  endfacet
  facet normal -0 0.977853 0.209295
    outer loop
      vertex -22.1164 43.5042 9.77527
      vertex -31 35.0613 49.2216
      vertex -11.8836 43.5042 9.77527
    endloop
  endfacet
  facet normal 1.58193e-05 0.977852 0.209298
    outer loop
      vertex -31 35.0613 49.2216
      vertex -22.1164 43.5042 9.77527
      vertex -22.5558 43.4887 9.84772
    endloop
  endfacet
  facet normal 0 0.97795 0.208838
    outer loop
      vertex -12.3133 43.5298 9.65539
      vertex -22.1164 43.5042 9.77527
      vertex -11.8836 43.5042 9.77527
    endloop
  endfacet
  facet normal 0 0.97795 0.208838
    outer loop
      vertex -12.3133 43.5298 9.65539
      vertex -21.6867 43.5298 9.65539
      vertex -22.1164 43.5042 9.77527
    endloop
  endfacet
  facet normal 0 0.977763 0.209714
    outer loop
      vertex -12.7286 43.5654 9.48941
      vertex -21.6867 43.5298 9.65539
      vertex -12.3133 43.5298 9.65539
    endloop
  endfacet
  facet normal 0 0.977763 0.209714
    outer loop
      vertex -12.7286 43.5654 9.48941
      vertex -21.2714 43.5654 9.48941
      vertex -21.6867 43.5298 9.65539
    endloop
  endfacet
  facet normal 0 0.977858 0.209272
    outer loop
      vertex -13.125 43.6104 9.27914
      vertex -21.2714 43.5654 9.48941
      vertex -12.7286 43.5654 9.48941
    endloop
  endfacet
  facet normal 0 0.977858 0.209272
    outer loop
      vertex -13.125 43.6104 9.27914
      vertex -20.875 43.6104 9.27914
      vertex -21.2714 43.5654 9.48941
    endloop
  endfacet
  facet normal 0 0.977845 0.209331
    outer loop
      vertex -13.4981 43.6644 9.02689
      vertex -20.875 43.6104 9.27914
      vertex -13.125 43.6104 9.27914
    endloop
  endfacet
  facet normal 0 0.977845 0.209331
    outer loop
      vertex -13.4981 43.6644 9.02689
      vertex -20.5019 43.6644 9.02689
      vertex -20.875 43.6104 9.27914
    endloop
  endfacet
  facet normal 0 0.977912 0.209016
    outer loop
      vertex -13.8438 43.7267 8.73541
      vertex -20.5019 43.6644 9.02689
      vertex -13.4981 43.6644 9.02689
    endloop
  endfacet
  facet normal 0 0.977912 0.209016
    outer loop
      vertex -13.8438 43.7267 8.73541
      vertex -20.1562 43.7267 8.73541
      vertex -20.5019 43.6644 9.02689
    endloop
  endfacet
  facet normal 0 0.97785 0.209305
    outer loop
      vertex -14.1584 43.7968 8.40791
      vertex -20.1562 43.7267 8.73541
      vertex -13.8438 43.7267 8.73541
    endloop
  endfacet
  facet normal 0 0.97785 0.209305
    outer loop
      vertex -14.1584 43.7968 8.40791
      vertex -19.8416 43.7968 8.40791
      vertex -20.1562 43.7267 8.73541
    endloop
  endfacet
  facet normal 0 0.977819 0.209451
    outer loop
      vertex -14.4383 43.8739 8.04797
      vertex -19.8416 43.7968 8.40791
      vertex -14.1584 43.7968 8.40791
    endloop
  endfacet
  facet normal 0 0.977819 0.209451
    outer loop
      vertex -14.4383 43.8739 8.04797
      vertex -19.5617 43.8739 8.04797
      vertex -19.8416 43.7968 8.40791
    endloop
  endfacet
  facet normal 0 0.977873 0.209199
    outer loop
      vertex -14.6806 43.957 7.65953
      vertex -19.5617 43.8739 8.04797
      vertex -14.4383 43.8739 8.04797
    endloop
  endfacet
  facet normal 0 0.977873 0.209199
    outer loop
      vertex -14.6806 43.957 7.65953
      vertex -19.3194 43.957 7.65953
      vertex -19.5617 43.8739 8.04797
    endloop
  endfacet
  facet normal 0 0.977866 0.209231
    outer loop
      vertex -14.8826 44.0453 7.24685
      vertex -19.3194 43.957 7.65953
      vertex -14.6806 43.957 7.65953
    endloop
  endfacet
  facet normal 0 0.977866 0.209231
    outer loop
      vertex -14.8826 44.0453 7.24685
      vertex -19.1174 44.0453 7.24685
      vertex -19.3194 43.957 7.65953
    endloop
  endfacet
  facet normal 0 0.977829 0.209406
    outer loop
      vertex -15.042 44.1379 6.81445
      vertex -19.1174 44.0453 7.24685
      vertex -14.8826 44.0453 7.24685
    endloop
  endfacet
  facet normal 0 0.977829 0.209406
    outer loop
      vertex -15.042 44.1379 6.81445
      vertex -18.958 44.1379 6.81445
      vertex -19.1174 44.0453 7.24685
    endloop
  endfacet
  facet normal 0 0.977877 0.20918
    outer loop
      vertex -15.1571 44.2336 6.36707
      vertex -18.958 44.1379 6.81445
      vertex -15.042 44.1379 6.81445
    endloop
  endfacet
  facet normal 0 0.977877 0.20918
    outer loop
      vertex -15.1571 44.2336 6.36707
      vertex -18.8429 44.2336 6.36707
      vertex -18.958 44.1379 6.81445
    endloop
  endfacet
  facet normal 0 0.977813 0.209478
    outer loop
      vertex -15.2267 44.3316 5.90962
      vertex -18.8429 44.2336 6.36707
      vertex -15.1571 44.2336 6.36707
    endloop
  endfacet
  facet normal 0 0.977813 0.209478
    outer loop
      vertex -15.2267 44.3316 5.90962
      vertex -18.7733 44.3316 5.90962
      vertex -18.8429 44.2336 6.36707
    endloop
  endfacet
  facet normal 0 0.977895 0.209097
    outer loop
      vertex -15.25 44.4305 5.44709
      vertex -18.7733 44.3316 5.90962
      vertex -15.2267 44.3316 5.90962
    endloop
  endfacet
  facet normal 0 0.977895 0.209097
    outer loop
      vertex -15.25 44.4305 5.44709
      vertex -18.75 44.4305 5.44709
      vertex -18.7733 44.3316 5.90962
    endloop
  endfacet
  facet normal 0 0.977851 0.209304
    outer loop
      vertex -15.2267 44.5295 4.98457
      vertex -18.75 44.4305 5.44709
      vertex -15.25 44.4305 5.44709
    endloop
  endfacet
  facet normal 0 0.977851 0.209304
    outer loop
      vertex -15.2267 44.5295 4.98457
      vertex -18.7733 44.5295 4.98457
      vertex -18.75 44.4305 5.44709
    endloop
  endfacet
  facet normal 0 0.977814 0.209474
    outer loop
      vertex -15.1571 44.6275 4.52711
      vertex -18.7733 44.5295 4.98457
      vertex -15.2267 44.5295 4.98457
    endloop
  endfacet
  facet normal 0 0.977814 0.209474
    outer loop
      vertex -15.1571 44.6275 4.52711
      vertex -18.8429 44.6275 4.52711
      vertex -18.7733 44.5295 4.98457
    endloop
  endfacet
  facet normal 0 0.977877 0.20918
    outer loop
      vertex -15.042 44.7232 4.07973
      vertex -18.8429 44.6275 4.52711
      vertex -15.1571 44.6275 4.52711
    endloop
  endfacet
  facet normal 0 0.977877 0.20918
    outer loop
      vertex -15.042 44.7232 4.07973
      vertex -18.958 44.7232 4.07973
      vertex -18.8429 44.6275 4.52711
    endloop
  endfacet
  facet normal 0 0.977828 0.20941
    outer loop
      vertex -14.8826 44.8158 3.64734
      vertex -18.958 44.7232 4.07973
      vertex -15.042 44.7232 4.07973
    endloop
  endfacet
  facet normal 0 0.977828 0.20941
    outer loop
      vertex -14.8826 44.8158 3.64734
      vertex -19.1174 44.8158 3.64734
      vertex -18.958 44.7232 4.07973
    endloop
  endfacet
  facet normal 0 0.977866 0.209231
    outer loop
      vertex -14.6806 44.9041 3.23466
      vertex -19.1174 44.8158 3.64734
      vertex -14.8826 44.8158 3.64734
    endloop
  endfacet
  facet normal 0 0.977866 0.209231
    outer loop
      vertex -14.6806 44.9041 3.23466
      vertex -19.3194 44.9041 3.23466
      vertex -19.1174 44.8158 3.64734
    endloop
  endfacet
  facet normal 0 0.977873 0.209199
    outer loop
      vertex -14.4383 44.9872 2.84622
      vertex -19.3194 44.9041 3.23466
      vertex -14.6806 44.9041 3.23466
    endloop
  endfacet
  facet normal 0 0.977873 0.209199
    outer loop
      vertex -14.4383 44.9872 2.84622
      vertex -19.5617 44.9872 2.84622
      vertex -19.3194 44.9041 3.23466
    endloop
  endfacet
  facet normal 0 0.977854 0.209286
    outer loop
      vertex -14.169 45.0613 2.5
      vertex -19.5617 44.9872 2.84622
      vertex -14.4383 44.9872 2.84622
    endloop
  endfacet
  facet normal 0 0.977854 0.209286
    outer loop
      vertex -19.5617 44.9872 2.84622
      vertex -14.169 45.0613 2.5
      vertex -19.831 45.0613 2.5
    endloop
  endfacet
  facet normal 2.62493e-05 0.977854 0.20929
    outer loop
      vertex -11.4442 43.4887 9.84772
      vertex -3 35.0613 49.2216
      vertex -11 43.4835 9.87196
    endloop
  endfacet
  facet normal -2.56732e-05 0.977852 0.2093
    outer loop
      vertex -3 35.0613 49.2216
      vertex -10.5558 43.4887 9.84772
      vertex -11 43.4835 9.87196
    endloop
  endfacet
  facet normal 1.47919e-05 0.977853 0.209292
    outer loop
      vertex -3 35.0613 49.2216
      vertex -10.1164 43.5042 9.77527
      vertex -10.5558 43.4887 9.84772
    endloop
  endfacet
  facet normal 0.000126808 0.977857 0.209273
    outer loop
      vertex -3 35.0613 49.2216
      vertex -9.68668 43.5298 9.65539
      vertex -10.1164 43.5042 9.77527
    endloop
  endfacet
  facet normal -0.000164745 0.977847 0.20932
    outer loop
      vertex -3 35.0613 49.2216
      vertex -9.27137 43.5654 9.48941
      vertex -9.68668 43.5298 9.65539
    endloop
  endfacet
  facet normal 1.1949e-05 0.977853 0.209293
    outer loop
      vertex -3 35.0613 49.2216
      vertex -8.875 43.6104 9.27914
      vertex -9.27137 43.5654 9.48941
    endloop
  endfacet
  facet normal -2.28207e-05 0.977852 0.209298
    outer loop
      vertex -3 35.0613 49.2216
      vertex -8.50191 43.6644 9.02689
      vertex -8.875 43.6104 9.27914
    endloop
  endfacet
  facet normal 0.000220888 0.977859 0.209266
    outer loop
      vertex -3 35.0613 49.2216
      vertex -8.1562 43.7267 8.73541
      vertex -8.50191 43.6644 9.02689
    endloop
  endfacet
  facet normal -1.10784e-05 0.977853 0.209295
    outer loop
      vertex -3 35.0613 49.2216
      vertex -7.84163 43.7968 8.40791
      vertex -8.1562 43.7267 8.73541
    endloop
  endfacet
  facet normal -0.000184129 0.977848 0.209314
    outer loop
      vertex -3 35.0613 49.2216
      vertex -7.56168 43.8739 8.04797
      vertex -7.84163 43.7968 8.40791
    endloop
  endfacet
  facet normal 1.13425e-05 0.977853 0.209294
    outer loop
      vertex -3 45.0613 2.5
      vertex -7.56168 43.8739 8.04797
      vertex -3 35.0613 49.2216
    endloop
  endfacet
  facet normal -0.000451213 0.977931 0.20893
    outer loop
      vertex -7.56168 43.8739 8.04797
      vertex -3 45.0613 2.5
      vertex -7.31939 43.957 7.65953
    endloop
  endfacet
  facet normal -0.000179629 0.977884 0.209147
    outer loop
      vertex -7.31939 43.957 7.65953
      vertex -3 45.0613 2.5
      vertex -7.11743 44.0453 7.24685
    endloop
  endfacet
  facet normal 0.000229171 0.977812 0.209486
    outer loop
      vertex -7.11743 44.0453 7.24685
      vertex -3 45.0613 2.5
      vertex -6.95801 44.1379 6.81445
    endloop
  endfacet
  facet normal -0.000167202 0.977886 0.209139
    outer loop
      vertex -6.95801 44.1379 6.81445
      vertex -3 45.0613 2.5
      vertex -6.84287 44.2336 6.36707
    endloop
  endfacet
  facet normal 0.000224284 0.977806 0.209511
    outer loop
      vertex -6.84287 44.2336 6.36707
      vertex -3 45.0613 2.5
      vertex -6.77328 44.3316 5.90962
    endloop
  endfacet
  facet normal -0.000174181 0.977897 0.209089
    outer loop
      vertex -6.77328 44.3316 5.90962
      vertex -3 45.0613 2.5
      vertex -6.75 44.4305 5.44709
    endloop
  endfacet
  facet normal 2.32876e-06 0.977851 0.209304
    outer loop
      vertex -6.75 44.4305 5.44709
      vertex -3 45.0613 2.5
      vertex -6.77328 44.5295 4.98457
    endloop
  endfacet
  facet normal 0.000108455 0.977818 0.209458
    outer loop
      vertex -3 45.0613 2.5
      vertex -6.84287 44.6275 4.52711
      vertex -6.77328 44.5295 4.98457
    endloop
  endfacet
  facet normal -3.95717e-05 0.977875 0.20919
    outer loop
      vertex -3 45.0613 2.5
      vertex -6.95801 44.7232 4.07973
      vertex -6.84287 44.6275 4.52711
    endloop
  endfacet
  facet normal 4.5792e-05 0.977831 0.209394
    outer loop
      vertex -3 45.0613 2.5
      vertex -7.11743 44.8158 3.64734
      vertex -6.95801 44.7232 4.07973
    endloop
  endfacet
  facet normal -1.42712e-06 0.977866 0.209232
    outer loop
      vertex -3 45.0613 2.5
      vertex -7.31939 44.9041 3.23466
      vertex -7.11743 44.8158 3.64734
    endloop
  endfacet
  facet normal -6.5981e-06 0.977872 0.209203
    outer loop
      vertex -3 45.0613 2.5
      vertex -7.56168 44.9872 2.84622
      vertex -7.31939 44.9041 3.23466
    endloop
  endfacet
  facet normal 0 0.977854 0.209286
    outer loop
      vertex -7.56168 44.9872 2.84622
      vertex -3 45.0613 2.5
      vertex -7.83096 45.0613 2.5
    endloop
  endfacet
  facet normal -1.58193e-05 0.977852 0.209298
    outer loop
      vertex -11.8836 43.5042 9.77527
      vertex -3 35.0613 49.2216
      vertex -11.4442 43.4887 9.84772
    endloop
  endfacet
  facet normal 2.56732e-05 0.977852 0.2093
    outer loop
      vertex -23.4442 43.4887 9.84772
      vertex -31 35.0613 49.2216
      vertex -23 43.4835 9.87196
    endloop
  endfacet
  facet normal -1.47919e-05 0.977853 0.209292
    outer loop
      vertex -23.8836 43.5042 9.77527
      vertex -31 35.0613 49.2216
      vertex -23.4442 43.4887 9.84772
    endloop
  endfacet
  facet normal -0.000126813 0.977857 0.209273
    outer loop
      vertex -24.3133 43.5298 9.65539
      vertex -31 35.0613 49.2216
      vertex -23.8836 43.5042 9.77527
    endloop
  endfacet
  facet normal 0.000164749 0.977847 0.20932
    outer loop
      vertex -24.7286 43.5654 9.48941
      vertex -31 35.0613 49.2216
      vertex -24.3133 43.5298 9.65539
    endloop
  endfacet
  facet normal -1.19482e-05 0.977853 0.209293
    outer loop
      vertex -25.125 43.6104 9.27914
      vertex -31 35.0613 49.2216
      vertex -24.7286 43.5654 9.48941
    endloop
  endfacet
  facet normal 2.28201e-05 0.977852 0.209298
    outer loop
      vertex -25.4981 43.6644 9.02689
      vertex -31 35.0613 49.2216
      vertex -25.125 43.6104 9.27914
    endloop
  endfacet
  facet normal -0.000220894 0.977859 0.209266
    outer loop
      vertex -25.8438 43.7267 8.73541
      vertex -31 35.0613 49.2216
      vertex -25.4981 43.6644 9.02689
    endloop
  endfacet
  facet normal 1.10775e-05 0.977853 0.209295
    outer loop
      vertex -26.1584 43.7968 8.40791
      vertex -31 35.0613 49.2216
      vertex -25.8438 43.7267 8.73541
    endloop
  endfacet
  facet normal 0.000184158 0.977848 0.209314
    outer loop
      vertex -26.4383 43.8739 8.04797
      vertex -31 35.0613 49.2216
      vertex -26.1584 43.7968 8.40791
    endloop
  endfacet
  facet normal 0.000451264 0.977931 0.20893
    outer loop
      vertex -31 45.0613 2.5
      vertex -26.4383 43.8739 8.04797
      vertex -26.6806 43.957 7.65953
    endloop
  endfacet
  facet normal 0.000179678 0.977884 0.209147
    outer loop
      vertex -31 45.0613 2.5
      vertex -26.6806 43.957 7.65953
      vertex -26.8826 44.0453 7.24685
    endloop
  endfacet
  facet normal -0.000229152 0.977812 0.209486
    outer loop
      vertex -31 45.0613 2.5
      vertex -26.8826 44.0453 7.24685
      vertex -27.042 44.1379 6.81445
    endloop
  endfacet
  facet normal 0.00016718 0.977886 0.209139
    outer loop
      vertex -31 45.0613 2.5
      vertex -27.042 44.1379 6.81445
      vertex -27.1571 44.2336 6.36707
    endloop
  endfacet
  facet normal -0.000224287 0.977806 0.209511
    outer loop
      vertex -31 45.0613 2.5
      vertex -27.1571 44.2336 6.36707
      vertex -27.2267 44.3316 5.90962
    endloop
  endfacet
  facet normal 0.000174187 0.977897 0.209089
    outer loop
      vertex -31 45.0613 2.5
      vertex -27.2267 44.3316 5.90962
      vertex -27.25 44.4305 5.44709
    endloop
  endfacet
  facet normal -2.32868e-06 0.977851 0.209304
    outer loop
      vertex -31 45.0613 2.5
      vertex -27.25 44.4305 5.44709
      vertex -27.2267 44.5295 4.98457
    endloop
  endfacet
  facet normal -1.13424e-05 0.977853 0.209294
    outer loop
      vertex -26.4383 43.8739 8.04797
      vertex -31 45.0613 2.5
      vertex -31 35.0613 49.2216
    endloop
  endfacet
  facet normal -0.000108454 0.977818 0.209458
    outer loop
      vertex -27.1571 44.6275 4.52711
      vertex -31 45.0613 2.5
      vertex -27.2267 44.5295 4.98457
    endloop
  endfacet
  facet normal 3.95731e-05 0.977875 0.20919
    outer loop
      vertex -27.042 44.7232 4.07973
      vertex -31 45.0613 2.5
      vertex -27.1571 44.6275 4.52711
    endloop
  endfacet
  facet normal -4.57928e-05 0.977831 0.209394
    outer loop
      vertex -26.8826 44.8158 3.64734
      vertex -31 45.0613 2.5
      vertex -27.042 44.7232 4.07973
    endloop
  endfacet
  facet normal 1.4271e-06 0.977866 0.209232
    outer loop
      vertex -26.6806 44.9041 3.23466
      vertex -31 45.0613 2.5
      vertex -26.8826 44.8158 3.64734
    endloop
  endfacet
  facet normal 6.59806e-06 0.977872 0.209203
    outer loop
      vertex -26.4383 44.9872 2.84622
      vertex -31 45.0613 2.5
      vertex -26.6806 44.9041 3.23466
    endloop
  endfacet
  facet normal -0 0.977854 0.209286
    outer loop
      vertex -31 45.0613 2.5
      vertex -26.4383 44.9872 2.84622
      vertex -26.169 45.0613 2.5
    endloop
  endfacet
  facet normal -0 0 1
    outer loop
      vertex -31 35.0613 49.2216
      vertex -3 29.8007 49.2216
      vertex -3 35.0613 49.2216
    endloop
  endfacet
  facet normal 0 0 1
    outer loop
      vertex -3 29.8007 49.2216
      vertex -31 35.0613 49.2216
      vertex -31 29.8007 49.2216
    endloop
  endfacet
  facet normal -0 0 1
    outer loop
      vertex -31 4.44048 16.3881
      vertex -3 0 16.3881
      vertex -3 4.44048 16.3881
    endloop
  endfacet
  facet normal 0 0 1
    outer loop
      vertex -3 0 16.3881
      vertex -31 4.44048 16.3881
      vertex -31 0 16.3881
    endloop
  endfacet
  facet normal 0 -1 0
    outer loop
      vertex -31 0 0
      vertex -3 0 16.3881
      vertex -31 0 16.3881
    endloop
  endfacet
  facet normal 0 -1 -0
    outer loop
      vertex -3 0 16.3881
      vertex -31 0 0
      vertex -3 0 0
    endloop
  endfacet
  facet normal 0 0 -1
    outer loop
      vertex -10.8181 11.0086 0
      vertex -3 0 0
      vertex -10.642 10.3514 0
    endloop
  endfacet
  facet normal 0 0 -1
    outer loop
      vertex -3 45.0613 0
      vertex -10.5356 35.3819 0
      vertex -10.5 36.0613 0
    endloop
  endfacet
  facet normal 0 0 -1
    outer loop
      vertex -11.062 11.6438 0
      vertex -3 0 0
      vertex -10.8181 11.0086 0
    endloop
  endfacet
  facet normal 0 0 -1
    outer loop
      vertex -3 45.0613 0
      vertex -10.642 34.7099 0
      vertex -10.5356 35.3819 0
    endloop
  endfacet
  facet normal 0 0 -1
    outer loop
      vertex -3 0 0
      vertex -11.062 11.6438 0
      vertex -3 45.0613 0
    endloop
  endfacet
  facet normal 0 0 -1
    outer loop
      vertex -3 45.0613 0
      vertex -10.8181 34.0527 0
      vertex -10.642 34.7099 0
    endloop
  endfacet
  facet normal 0 0 -1
    outer loop
      vertex -11.062 33.4175 0
      vertex -3 45.0613 0
      vertex -11.062 11.6438 0
    endloop
  endfacet
  facet normal 0 0 -1
    outer loop
      vertex -3 45.0613 0
      vertex -11.062 33.4175 0
      vertex -10.8181 34.0527 0
    endloop
  endfacet
  facet normal 0 0 -1
    outer loop
      vertex -11.3708 12.25 0
      vertex -11.062 33.4175 0
      vertex -11.062 11.6438 0
    endloop
  endfacet
  facet normal 0 0 -1
    outer loop
      vertex -11.3708 12.25 0
      vertex -11.3708 32.8113 0
      vertex -11.062 33.4175 0
    endloop
  endfacet
  facet normal 0 0 -1
    outer loop
      vertex -11.7414 12.8206 0
      vertex -11.3708 32.8113 0
      vertex -11.3708 12.25 0
    endloop
  endfacet
  facet normal 0 0 -1
    outer loop
      vertex -11.7414 12.8206 0
      vertex -11.7414 32.2407 0
      vertex -11.3708 32.8113 0
    endloop
  endfacet
  facet normal 0 0 -1
    outer loop
      vertex -12.1696 13.3493 0
      vertex -11.7414 32.2407 0
      vertex -11.7414 12.8206 0
    endloop
  endfacet
  facet normal 0 0 -1
    outer loop
      vertex -12.1696 13.3493 0
      vertex -12.1696 31.712 0
      vertex -11.7414 32.2407 0
    endloop
  endfacet
  facet normal 0 0 -1
    outer loop
      vertex -12.6507 13.8304 0
      vertex -12.1696 31.712 0
      vertex -12.1696 13.3493 0
    endloop
  endfacet
  facet normal 0 0 -1
    outer loop
      vertex -12.6507 13.8304 0
      vertex -12.6507 31.2309 0
      vertex -12.1696 31.712 0
    endloop
  endfacet
  facet normal 0 0 -1
    outer loop
      vertex -13.1794 14.2586 0
      vertex -12.6507 31.2309 0
      vertex -12.6507 13.8304 0
    endloop
  endfacet
  facet normal 0 0 -1
    outer loop
      vertex -13.1794 14.2586 0
      vertex -13.1794 30.8027 0
      vertex -12.6507 31.2309 0
    endloop
  endfacet
  facet normal 0 0 -1
    outer loop
      vertex -13.75 14.6292 0
      vertex -13.1794 30.8027 0
      vertex -13.1794 14.2586 0
    endloop
  endfacet
  facet normal 0 0 -1
    outer loop
      vertex -13.75 14.6292 0
      vertex -13.75 30.4322 0
      vertex -13.1794 30.8027 0
    endloop
  endfacet
  facet normal 0 0 -1
    outer loop
      vertex -14.3562 14.938 0
      vertex -13.75 30.4322 0
      vertex -13.75 14.6292 0
    endloop
  endfacet
  facet normal 0 0 -1
    outer loop
      vertex -14.3562 14.938 0
      vertex -14.3562 30.1233 0
      vertex -13.75 30.4322 0
    endloop
  endfacet
  facet normal 0 0 -1
    outer loop
      vertex -14.9914 15.1819 0
      vertex -14.3562 30.1233 0
      vertex -14.3562 14.938 0
    endloop
  endfacet
  facet normal 0 0 -1
    outer loop
      vertex -14.9914 15.1819 0
      vertex -14.9914 29.8795 0
      vertex -14.3562 30.1233 0
    endloop
  endfacet
  facet normal 0 0 -1
    outer loop
      vertex -15.6486 15.358 0
      vertex -14.9914 29.8795 0
      vertex -14.9914 15.1819 0
    endloop
  endfacet
  facet normal 0 0 -1
    outer loop
      vertex -15.6486 15.358 0
      vertex -15.6486 29.7034 0
      vertex -14.9914 29.8795 0
    endloop
  endfacet
  facet normal 0 0 -1
    outer loop
      vertex -16.3206 15.4644 0
      vertex -15.6486 29.7034 0
      vertex -15.6486 15.358 0
    endloop
  endfacet
  facet normal 0 0 -1
    outer loop
      vertex -16.3206 15.4644 0
      vertex -16.3206 29.5969 0
      vertex -15.6486 29.7034 0
    endloop
  endfacet
  facet normal 0 0 -1
    outer loop
      vertex -17 15.5 0
      vertex -16.3206 29.5969 0
      vertex -16.3206 15.4644 0
    endloop
  endfacet
  facet normal 0 0 -1
    outer loop
      vertex -17 15.5 0
      vertex -17 29.5613 0
      vertex -16.3206 29.5969 0
    endloop
  endfacet
  facet normal 0 0 -1
    outer loop
      vertex -17.6794 15.4644 0
      vertex -17 29.5613 0
      vertex -17 15.5 0
    endloop
  endfacet
  facet normal 0 0 -1
    outer loop
      vertex -17.6794 15.4644 0
      vertex -17.6794 29.5969 0
      vertex -17 29.5613 0
    endloop
  endfacet
  facet normal 0 0 -1
    outer loop
      vertex -18.3514 15.358 0
      vertex -17.6794 29.5969 0
      vertex -17.6794 15.4644 0
    endloop
  endfacet
  facet normal 0 0 -1
    outer loop
      vertex -18.3514 15.358 0
      vertex -18.3514 29.7034 0
      vertex -17.6794 29.5969 0
    endloop
  endfacet
  facet normal 0 0 -1
    outer loop
      vertex -19.0086 15.1819 0
      vertex -18.3514 29.7034 0
      vertex -18.3514 15.358 0
    endloop
  endfacet
  facet normal 0 0 -1
    outer loop
      vertex -19.0086 15.1819 0
      vertex -19.0086 29.8795 0
      vertex -18.3514 29.7034 0
    endloop
  endfacet
  facet normal 0 0 -1
    outer loop
      vertex -19.6438 14.938 0
      vertex -19.0086 29.8795 0
      vertex -19.0086 15.1819 0
    endloop
  endfacet
  facet normal 0 0 -1
    outer loop
      vertex -19.6438 14.938 0
      vertex -19.6438 30.1233 0
      vertex -19.0086 29.8795 0
    endloop
  endfacet
  facet normal 0 0 -1
    outer loop
      vertex -20.25 14.6292 0
      vertex -19.6438 30.1233 0
      vertex -19.6438 14.938 0
    endloop
  endfacet
  facet normal 0 0 -1
    outer loop
      vertex -20.25 14.6292 0
      vertex -20.25 30.4322 0
      vertex -19.6438 30.1233 0
    endloop
  endfacet
  facet normal 0 0 -1
    outer loop
      vertex -20.8206 14.2586 0
      vertex -20.25 30.4322 0
      vertex -20.25 14.6292 0
    endloop
  endfacet
  facet normal 0 0 -1
    outer loop
      vertex -20.8206 14.2586 0
      vertex -20.8206 30.8027 0
      vertex -20.25 30.4322 0
    endloop
  endfacet
  facet normal 0 0 -1
    outer loop
      vertex -21.3493 13.8304 0
      vertex -20.8206 30.8027 0
      vertex -20.8206 14.2586 0
    endloop
  endfacet
  facet normal 0 0 -1
    outer loop
      vertex -21.3493 13.8304 0
      vertex -21.3493 31.2309 0
      vertex -20.8206 30.8027 0
    endloop
  endfacet
  facet normal 0 0 -1
    outer loop
      vertex -21.8304 13.3493 0
      vertex -21.3493 31.2309 0
      vertex -21.3493 13.8304 0
    endloop
  endfacet
  facet normal 0 0 -1
    outer loop
      vertex -21.8304 13.3493 0
      vertex -21.8304 31.712 0
      vertex -21.3493 31.2309 0
    endloop
  endfacet
  facet normal 0 0 -1
    outer loop
      vertex -22.2586 12.8206 0
      vertex -21.8304 31.712 0
      vertex -21.8304 13.3493 0
    endloop
  endfacet
  facet normal 0 0 -1
    outer loop
      vertex -22.2586 12.8206 0
      vertex -22.2586 32.2407 0
      vertex -21.8304 31.712 0
    endloop
  endfacet
  facet normal 0 0 -1
    outer loop
      vertex -22.6292 12.25 0
      vertex -22.2586 32.2407 0
      vertex -22.2586 12.8206 0
    endloop
  endfacet
  facet normal 0 0 -1
    outer loop
      vertex -22.6292 12.25 0
      vertex -22.6292 32.8113 0
      vertex -22.2586 32.2407 0
    endloop
  endfacet
  facet normal 0 0 -1
    outer loop
      vertex -22.938 11.6438 0
      vertex -22.6292 32.8113 0
      vertex -22.6292 12.25 0
    endloop
  endfacet
  facet normal 0 0 -1
    outer loop
      vertex -22.938 11.6438 0
      vertex -22.938 33.4175 0
      vertex -22.6292 32.8113 0
    endloop
  endfacet
  facet normal 0 0 -1
    outer loop
      vertex -31 0 0
      vertex -22.938 11.6438 0
      vertex -23.1819 11.0086 0
    endloop
  endfacet
  facet normal -0 0 -1
    outer loop
      vertex -22.938 11.6438 0
      vertex -31 0 0
      vertex -22.938 33.4175 0
    endloop
  endfacet
  facet normal 0 0 -1
    outer loop
      vertex -31 0 0
      vertex -23.1819 11.0086 0
      vertex -23.358 10.3514 0
    endloop
  endfacet
  facet normal 0 0 -1
    outer loop
      vertex -31 45.0613 0
      vertex -22.938 33.4175 0
      vertex -31 0 0
    endloop
  endfacet
  facet normal 0 0 -1
    outer loop
      vertex -31 0 0
      vertex -23.358 10.3514 0
      vertex -23.4644 9.67943 0
    endloop
  endfacet
  facet normal 0 0 -1
    outer loop
      vertex -22.938 33.4175 0
      vertex -31 45.0613 0
      vertex -23.1819 34.0527 0
    endloop
  endfacet
  facet normal 0 0 -1
    outer loop
      vertex -31 0 0
      vertex -23.4644 9.67943 0
      vertex -23.5 9 0
    endloop
  endfacet
  facet normal 0 0 -1
    outer loop
      vertex -23.1819 34.0527 0
      vertex -31 45.0613 0
      vertex -23.358 34.7099 0
    endloop
  endfacet
  facet normal 0 0 -1
    outer loop
      vertex -10.5356 9.67943 0
      vertex -3 0 0
      vertex -10.5 9 0
    endloop
  endfacet
  facet normal 0 0 -1
    outer loop
      vertex -3 0 0
      vertex -10.5356 8.32056 0
      vertex -10.5 9 0
    endloop
  endfacet
  facet normal 0 0 -1
    outer loop
      vertex -3 0 0
      vertex -10.642 7.64857 0
      vertex -10.5356 8.32056 0
    endloop
  endfacet
  facet normal 0 0 -1
    outer loop
      vertex -3 0 0
      vertex -10.8181 6.99139 0
      vertex -10.642 7.64857 0
    endloop
  endfacet
  facet normal 0 0 -1
    outer loop
      vertex -3 0 0
      vertex -11.062 6.35621 0
      vertex -10.8181 6.99139 0
    endloop
  endfacet
  facet normal 0 0 -1
    outer loop
      vertex -3 0 0
      vertex -11.3708 5.75 0
      vertex -11.062 6.35621 0
    endloop
  endfacet
  facet normal 0 0 -1
    outer loop
      vertex -3 0 0
      vertex -11.7414 5.1794 0
      vertex -11.3708 5.75 0
    endloop
  endfacet
  facet normal 0 0 -1
    outer loop
      vertex -3 0 0
      vertex -12.1696 4.65065 0
      vertex -11.7414 5.1794 0
    endloop
  endfacet
  facet normal 0 0 -1
    outer loop
      vertex -3 0 0
      vertex -12.6507 4.16956 0
      vertex -12.1696 4.65065 0
    endloop
  endfacet
  facet normal 0 0 -1
    outer loop
      vertex -3 0 0
      vertex -13.1794 3.74139 0
      vertex -12.6507 4.16956 0
    endloop
  endfacet
  facet normal 0 0 -1
    outer loop
      vertex -3 0 0
      vertex -13.75 3.37083 0
      vertex -13.1794 3.74139 0
    endloop
  endfacet
  facet normal 0 0 -1
    outer loop
      vertex -3 0 0
      vertex -14.3562 3.06195 0
      vertex -13.75 3.37083 0
    endloop
  endfacet
  facet normal 0 0 -1
    outer loop
      vertex -3 0 0
      vertex -14.9914 2.81813 0
      vertex -14.3562 3.06195 0
    endloop
  endfacet
  facet normal 0 0 -1
    outer loop
      vertex -3 0 0
      vertex -15.6486 2.64204 0
      vertex -14.9914 2.81813 0
    endloop
  endfacet
  facet normal 0 0 -1
    outer loop
      vertex -3 0 0
      vertex -16.3206 2.53561 0
      vertex -15.6486 2.64204 0
    endloop
  endfacet
  facet normal 0 0 -1
    outer loop
      vertex -3 0 0
      vertex -17 2.5 0
      vertex -16.3206 2.53561 0
    endloop
  endfacet
  facet normal 0 0 -1
    outer loop
      vertex -31 0 0
      vertex -17 2.5 0
      vertex -3 0 0
    endloop
  endfacet
  facet normal -0 0 -1
    outer loop
      vertex -17 2.5 0
      vertex -31 0 0
      vertex -17.6794 2.53561 0
    endloop
  endfacet
  facet normal 0 0 -1
    outer loop
      vertex -23.358 34.7099 0
      vertex -31 45.0613 0
      vertex -23.4644 35.3819 0
    endloop
  endfacet
  facet normal -0 0 -1
    outer loop
      vertex -23.4644 8.32056 0
      vertex -31 0 0
      vertex -23.5 9 0
    endloop
  endfacet
  facet normal -0 0 -1
    outer loop
      vertex -23.358 7.64857 0
      vertex -31 0 0
      vertex -23.4644 8.32056 0
    endloop
  endfacet
  facet normal -0 0 -1
    outer loop
      vertex -23.1819 6.99139 0
      vertex -31 0 0
      vertex -23.358 7.64857 0
    endloop
  endfacet
  facet normal -0 0 -1
    outer loop
      vertex -22.938 6.35621 0
      vertex -31 0 0
      vertex -23.1819 6.99139 0
    endloop
  endfacet
  facet normal -0 0 -1
    outer loop
      vertex -22.6292 5.75 0
      vertex -31 0 0
      vertex -22.938 6.35621 0
    endloop
  endfacet
  facet normal -0 0 -1
    outer loop
      vertex -22.2586 5.1794 0
      vertex -31 0 0
      vertex -22.6292 5.75 0
    endloop
  endfacet
  facet normal -0 0 -1
    outer loop
      vertex -21.8304 4.65065 0
      vertex -31 0 0
      vertex -22.2586 5.1794 0
    endloop
  endfacet
  facet normal -0 0 -1
    outer loop
      vertex -21.3493 4.16956 0
      vertex -31 0 0
      vertex -21.8304 4.65065 0
    endloop
  endfacet
  facet normal -0 0 -1
    outer loop
      vertex -20.8206 3.74139 0
      vertex -31 0 0
      vertex -21.3493 4.16956 0
    endloop
  endfacet
  facet normal -0 0 -1
    outer loop
      vertex -20.25 3.37083 0
      vertex -31 0 0
      vertex -20.8206 3.74139 0
    endloop
  endfacet
  facet normal -0 0 -1
    outer loop
      vertex -19.6438 3.06195 0
      vertex -31 0 0
      vertex -20.25 3.37083 0
    endloop
  endfacet
  facet normal -0 0 -1
    outer loop
      vertex -19.0086 2.81813 0
      vertex -31 0 0
      vertex -19.6438 3.06195 0
    endloop
  endfacet
  facet normal -0 0 -1
    outer loop
      vertex -18.3514 2.64204 0
      vertex -31 0 0
      vertex -19.0086 2.81813 0
    endloop
  endfacet
  facet normal -0 0 -1
    outer loop
      vertex -17.6794 2.53561 0
      vertex -31 0 0
      vertex -18.3514 2.64204 0
    endloop
  endfacet
  facet normal 0 0 -1
    outer loop
      vertex -10.642 10.3514 0
      vertex -3 0 0
      vertex -10.5356 9.67943 0
    endloop
  endfacet
  facet normal 0 0 -1
    outer loop
      vertex -10.5356 36.7408 0
      vertex -3 45.0613 0
      vertex -10.5 36.0613 0
    endloop
  endfacet
  facet normal 0 0 -1
    outer loop
      vertex -10.642 37.4128 0
      vertex -3 45.0613 0
      vertex -10.5356 36.7408 0
    endloop
  endfacet
  facet normal 0 0 -1
    outer loop
      vertex -10.8181 38.0699 0
      vertex -3 45.0613 0
      vertex -10.642 37.4128 0
    endloop
  endfacet
  facet normal 0 0 -1
    outer loop
      vertex -11.062 38.7051 0
      vertex -3 45.0613 0
      vertex -10.8181 38.0699 0
    endloop
  endfacet
  facet normal 0 0 -1
    outer loop
      vertex -11.3708 39.3113 0
      vertex -3 45.0613 0
      vertex -11.062 38.7051 0
    endloop
  endfacet
  facet normal 0 0 -1
    outer loop
      vertex -11.7414 39.8819 0
      vertex -3 45.0613 0
      vertex -11.3708 39.3113 0
    endloop
  endfacet
  facet normal 0 0 -1
    outer loop
      vertex -12.1696 40.4107 0
      vertex -3 45.0613 0
      vertex -11.7414 39.8819 0
    endloop
  endfacet
  facet normal 0 0 -1
    outer loop
      vertex -12.6507 40.8918 0
      vertex -3 45.0613 0
      vertex -12.1696 40.4107 0
    endloop
  endfacet
  facet normal 0 0 -1
    outer loop
      vertex -13.1794 41.3199 0
      vertex -3 45.0613 0
      vertex -12.6507 40.8918 0
    endloop
  endfacet
  facet normal 0 0 -1
    outer loop
      vertex -13.75 41.6905 0
      vertex -3 45.0613 0
      vertex -13.1794 41.3199 0
    endloop
  endfacet
  facet normal 0 0 -1
    outer loop
      vertex -14.3562 41.9994 0
      vertex -3 45.0613 0
      vertex -13.75 41.6905 0
    endloop
  endfacet
  facet normal 0 0 -1
    outer loop
      vertex -14.9914 42.2432 0
      vertex -3 45.0613 0
      vertex -14.3562 41.9994 0
    endloop
  endfacet
  facet normal 0 0 -1
    outer loop
      vertex -15.6486 42.4193 0
      vertex -3 45.0613 0
      vertex -14.9914 42.2432 0
    endloop
  endfacet
  facet normal 0 0 -1
    outer loop
      vertex -16.3206 42.5257 0
      vertex -3 45.0613 0
      vertex -15.6486 42.4193 0
    endloop
  endfacet
  facet normal 0 0 -1
    outer loop
      vertex -17 42.5613 0
      vertex -3 45.0613 0
      vertex -16.3206 42.5257 0
    endloop
  endfacet
  facet normal 0 0 -1
    outer loop
      vertex -31 45.0613 0
      vertex -17 42.5613 0
      vertex -17.6794 42.5257 0
    endloop
  endfacet
  facet normal 0 0 -1
    outer loop
      vertex -31 45.0613 0
      vertex -17.6794 42.5257 0
      vertex -18.3514 42.4193 0
    endloop
  endfacet
  facet normal 0 0 -1
    outer loop
      vertex -23.4644 35.3819 0
      vertex -31 45.0613 0
      vertex -23.5 36.0613 0
    endloop
  endfacet
  facet normal 0 0 -1
    outer loop
      vertex -23.5 36.0613 0
      vertex -31 45.0613 0
      vertex -23.4644 36.7408 0
    endloop
  endfacet
  facet normal 0 0 -1
    outer loop
      vertex -17 42.5613 0
      vertex -31 45.0613 0
      vertex -3 45.0613 0
    endloop
  endfacet
  facet normal 0 0 -1
    outer loop
      vertex -19.0086 42.2432 0
      vertex -31 45.0613 0
      vertex -18.3514 42.4193 0
    endloop
  endfacet
  facet normal 0 0 -1
    outer loop
      vertex -19.6438 41.9994 0
      vertex -31 45.0613 0
      vertex -19.0086 42.2432 0
    endloop
  endfacet
  facet normal 0 0 -1
    outer loop
      vertex -20.25 41.6905 0
      vertex -31 45.0613 0
      vertex -19.6438 41.9994 0
    endloop
  endfacet
  facet normal 0 0 -1
    outer loop
      vertex -20.8206 41.3199 0
      vertex -31 45.0613 0
      vertex -20.25 41.6905 0
    endloop
  endfacet
  facet normal 0 0 -1
    outer loop
      vertex -21.3493 40.8918 0
      vertex -31 45.0613 0
      vertex -20.8206 41.3199 0
    endloop
  endfacet
  facet normal 0 0 -1
    outer loop
      vertex -21.8304 40.4107 0
      vertex -31 45.0613 0
      vertex -21.3493 40.8918 0
    endloop
  endfacet
  facet normal 0 0 -1
    outer loop
      vertex -22.2586 39.8819 0
      vertex -31 45.0613 0
      vertex -21.8304 40.4107 0
    endloop
  endfacet
  facet normal 0 0 -1
    outer loop
      vertex -22.6292 39.3113 0
      vertex -31 45.0613 0
      vertex -22.2586 39.8819 0
    endloop
  endfacet
  facet normal 0 0 -1
    outer loop
      vertex -22.938 38.7051 0
      vertex -31 45.0613 0
      vertex -22.6292 39.3113 0
    endloop
  endfacet
  facet normal 0 0 -1
    outer loop
      vertex -23.1819 38.0699 0
      vertex -31 45.0613 0
      vertex -22.938 38.7051 0
    endloop
  endfacet
  facet normal 0 0 -1
    outer loop
      vertex -23.358 37.4128 0
      vertex -31 45.0613 0
      vertex -23.1819 38.0699 0
    endloop
  endfacet
  facet normal 0 0 -1
    outer loop
      vertex -23.4644 36.7408 0
      vertex -31 45.0613 0
      vertex -23.358 37.4128 0
    endloop
  endfacet
  facet normal 0 1 -0
    outer loop
      vertex -3 45.0613 0
      vertex -7.83096 45.0613 2.5
      vertex -3 45.0613 2.5
    endloop
  endfacet
  facet normal 0 1 0
    outer loop
      vertex -7.83096 45.0613 2.5
      vertex -3 45.0613 0
      vertex -7.84163 45.0613 2.48669
    endloop
  endfacet
  facet normal 0 1 0
    outer loop
      vertex -7.84163 45.0613 2.48669
      vertex -3 45.0613 0
      vertex -8.1562 45.0613 2.16904
    endloop
  endfacet
  facet normal 0 1 0
    outer loop
      vertex -8.1562 45.0613 2.16904
      vertex -3 45.0613 0
      vertex -8.50191 45.0613 1.88633
    endloop
  endfacet
  facet normal 0 1 0
    outer loop
      vertex -8.50191 45.0613 1.88633
      vertex -3 45.0613 0
      vertex -8.875 45.0613 1.64166
    endloop
  endfacet
  facet normal 0 1 0
    outer loop
      vertex -8.875 45.0613 1.64166
      vertex -3 45.0613 0
      vertex -9.27137 45.0613 1.43772
    endloop
  endfacet
  facet normal 0 1 0
    outer loop
      vertex -9.27137 45.0613 1.43772
      vertex -3 45.0613 0
      vertex -9.68668 45.0613 1.27673
    endloop
  endfacet
  facet normal 0 1 0
    outer loop
      vertex -31 45.0613 0
      vertex -22.5558 45.0613 1.09019
      vertex -3 45.0613 0
    endloop
  endfacet
  facet normal 0 1 0
    outer loop
      vertex -10.5558 45.0613 1.09019
      vertex -3 45.0613 0
      vertex -11 45.0613 1.06668
    endloop
  endfacet
  facet normal 0 1 0
    outer loop
      vertex -10.1164 45.0613 1.16046
      vertex -3 45.0613 0
      vertex -10.5558 45.0613 1.09019
    endloop
  endfacet
  facet normal 0 1 0
    outer loop
      vertex -9.68668 45.0613 1.27673
      vertex -3 45.0613 0
      vertex -10.1164 45.0613 1.16046
    endloop
  endfacet
  facet normal 0 1 0
    outer loop
      vertex -14.1584 45.0613 2.48669
      vertex -19.831 45.0613 2.5
      vertex -14.169 45.0613 2.5
    endloop
  endfacet
  facet normal 0 1 0
    outer loop
      vertex -14.1584 45.0613 2.48669
      vertex -19.8416 45.0613 2.48669
      vertex -19.831 45.0613 2.5
    endloop
  endfacet
  facet normal 0 1 0
    outer loop
      vertex -13.8438 45.0613 2.16904
      vertex -19.8416 45.0613 2.48669
      vertex -14.1584 45.0613 2.48669
    endloop
  endfacet
  facet normal 0 1 0
    outer loop
      vertex -13.8438 45.0613 2.16904
      vertex -20.1562 45.0613 2.16904
      vertex -19.8416 45.0613 2.48669
    endloop
  endfacet
  facet normal 0 1 0
    outer loop
      vertex -13.4981 45.0613 1.88633
      vertex -20.1562 45.0613 2.16904
      vertex -13.8438 45.0613 2.16904
    endloop
  endfacet
  facet normal 0 1 0
    outer loop
      vertex -13.4981 45.0613 1.88633
      vertex -20.5019 45.0613 1.88633
      vertex -20.1562 45.0613 2.16904
    endloop
  endfacet
  facet normal 0 1 0
    outer loop
      vertex -13.125 45.0613 1.64166
      vertex -20.5019 45.0613 1.88633
      vertex -13.4981 45.0613 1.88633
    endloop
  endfacet
  facet normal 0 1 0
    outer loop
      vertex -13.125 45.0613 1.64166
      vertex -20.875 45.0613 1.64166
      vertex -20.5019 45.0613 1.88633
    endloop
  endfacet
  facet normal 0 1 0
    outer loop
      vertex -12.7286 45.0613 1.43772
      vertex -20.875 45.0613 1.64166
      vertex -13.125 45.0613 1.64166
    endloop
  endfacet
  facet normal 0 1 0
    outer loop
      vertex -12.7286 45.0613 1.43772
      vertex -21.2714 45.0613 1.43772
      vertex -20.875 45.0613 1.64166
    endloop
  endfacet
  facet normal 0 1 0
    outer loop
      vertex -12.3133 45.0613 1.27673
      vertex -21.2714 45.0613 1.43772
      vertex -12.7286 45.0613 1.43772
    endloop
  endfacet
  facet normal 0 1 0
    outer loop
      vertex -12.3133 45.0613 1.27673
      vertex -21.6867 45.0613 1.27673
      vertex -21.2714 45.0613 1.43772
    endloop
  endfacet
  facet normal 0 1 0
    outer loop
      vertex -11.8836 45.0613 1.16046
      vertex -21.6867 45.0613 1.27673
      vertex -12.3133 45.0613 1.27673
    endloop
  endfacet
  facet normal 0 1 0
    outer loop
      vertex -11.8836 45.0613 1.16046
      vertex -22.1164 45.0613 1.16046
      vertex -21.6867 45.0613 1.27673
    endloop
  endfacet
  facet normal 0 1 0
    outer loop
      vertex -11.4442 45.0613 1.09019
      vertex -22.1164 45.0613 1.16046
      vertex -11.8836 45.0613 1.16046
    endloop
  endfacet
  facet normal 0 1 0
    outer loop
      vertex -11.4442 45.0613 1.09019
      vertex -22.5558 45.0613 1.09019
      vertex -22.1164 45.0613 1.16046
    endloop
  endfacet
  facet normal 0 1 0
    outer loop
      vertex -3 45.0613 0
      vertex -11.4442 45.0613 1.09019
      vertex -11 45.0613 1.06668
    endloop
  endfacet
  facet normal 0 1 0
    outer loop
      vertex -11.4442 45.0613 1.09019
      vertex -3 45.0613 0
      vertex -22.5558 45.0613 1.09019
    endloop
  endfacet
  facet normal 0 1 0
    outer loop
      vertex -31 45.0613 0
      vertex -26.169 45.0613 2.5
      vertex -26.1584 45.0613 2.48669
    endloop
  endfacet
  facet normal 0 1 0
    outer loop
      vertex -31 45.0613 0
      vertex -26.1584 45.0613 2.48669
      vertex -25.8438 45.0613 2.16904
    endloop
  endfacet
  facet normal 0 1 0
    outer loop
      vertex -31 45.0613 0
      vertex -25.8438 45.0613 2.16904
      vertex -25.4981 45.0613 1.88633
    endloop
  endfacet
  facet normal 0 1 0
    outer loop
      vertex -31 45.0613 0
      vertex -25.4981 45.0613 1.88633
      vertex -25.125 45.0613 1.64166
    endloop
  endfacet
  facet normal 0 1 0
    outer loop
      vertex -31 45.0613 0
      vertex -25.125 45.0613 1.64166
      vertex -24.7286 45.0613 1.43772
    endloop
  endfacet
  facet normal 0 1 0
    outer loop
      vertex -31 45.0613 0
      vertex -24.7286 45.0613 1.43772
      vertex -24.3133 45.0613 1.27673
    endloop
  endfacet
  facet normal 0 1 0
    outer loop
      vertex -31 45.0613 0
      vertex -24.3133 45.0613 1.27673
      vertex -23.8836 45.0613 1.16046
    endloop
  endfacet
  facet normal 0 1 0
    outer loop
      vertex -22.5558 45.0613 1.09019
      vertex -31 45.0613 0
      vertex -23 45.0613 1.06668
    endloop
  endfacet
  facet normal 0 1 0
    outer loop
      vertex -26.169 45.0613 2.5
      vertex -31 45.0613 0
      vertex -31 45.0613 2.5
    endloop
  endfacet
  facet normal 0 1 0
    outer loop
      vertex -23.4442 45.0613 1.09019
      vertex -31 45.0613 0
      vertex -23.8836 45.0613 1.16046
    endloop
  endfacet
  facet normal 0 1 0
    outer loop
      vertex -23 45.0613 1.06668
      vertex -31 45.0613 0
      vertex -23.4442 45.0613 1.09019
    endloop
  endfacet
  facet normal 6.56333e-05 -0.99026 0.139231
    outer loop
      vertex 11.5253 24.2761 9.9123
      vertex 3 25.5462 18.9497
      vertex 11.3534 24.2825 9.9579
    endloop
  endfacet
  facet normal 2.48902e-05 -0.990272 0.139146
    outer loop
      vertex 31 25.5462 18.9497
      vertex 22.8223 24.2864 9.98547
      vertex 23 24.2877 9.99469
    endloop
  endfacet
  facet normal -0.000232298 -0.990299 0.138956
    outer loop
      vertex 11.6915 24.2672 9.84915
      vertex 3 25.5462 18.9497
      vertex 11.5253 24.2761 9.9123
    endloop
  endfacet
  facet normal 0.000167054 -0.99029 0.139019
    outer loop
      vertex 31 25.5462 18.9497
      vertex 22.6465 24.2825 9.9579
      vertex 22.8223 24.2864 9.98547
    endloop
  endfacet
  facet normal 0 -0.990268 0.139173
    outer loop
      vertex 3 25.5462 18.9497
      vertex 11.6915 24.2672 9.84915
      vertex 31 25.5462 18.9497
    endloop
  endfacet
  facet normal -6.56843e-05 -0.99026 0.139231
    outer loop
      vertex 31 25.5462 18.9497
      vertex 22.4747 24.2761 9.9123
      vertex 22.6465 24.2825 9.9579
    endloop
  endfacet
  facet normal 0 -0.990268 0.139173
    outer loop
      vertex 22.3085 24.2672 9.84915
      vertex 31 25.5462 18.9497
      vertex 11.6915 24.2672 9.84915
    endloop
  endfacet
  facet normal 0.000232298 -0.990299 0.138956
    outer loop
      vertex 31 25.5462 18.9497
      vertex 22.3085 24.2672 9.84915
      vertex 22.4747 24.2761 9.9123
    endloop
  endfacet
  facet normal 0 -0.990342 0.138648
    outer loop
      vertex 11.85 24.256 9.76915
      vertex 22.3085 24.2672 9.84915
      vertex 11.6915 24.2672 9.84915
    endloop
  endfacet
  facet normal 0 -0.990342 0.138648
    outer loop
      vertex 11.85 24.256 9.76915
      vertex 22.15 24.256 9.76915
      vertex 22.3085 24.2672 9.84915
    endloop
  endfacet
  facet normal 0 -0.990251 0.139298
    outer loop
      vertex 11.9992 24.2425 9.67318
      vertex 22.15 24.256 9.76915
      vertex 11.85 24.256 9.76915
    endloop
  endfacet
  facet normal 0 -0.990251 0.139298
    outer loop
      vertex 11.9992 24.2425 9.67318
      vertex 22.0008 24.2425 9.67318
      vertex 22.15 24.256 9.76915
    endloop
  endfacet
  facet normal 0 -0.990249 0.139308
    outer loop
      vertex 12.1375 24.2269 9.56229
      vertex 22.0008 24.2425 9.67318
      vertex 11.9992 24.2425 9.67318
    endloop
  endfacet
  facet normal 0 -0.990249 0.139308
    outer loop
      vertex 12.1375 24.2269 9.56229
      vertex 21.8625 24.2269 9.56229
      vertex 22.0008 24.2425 9.67318
    endloop
  endfacet
  facet normal 0 -0.990281 0.139084
    outer loop
      vertex 12.2633 24.2094 9.43769
      vertex 21.8625 24.2269 9.56229
      vertex 12.1375 24.2269 9.56229
    endloop
  endfacet
  facet normal 0 -0.990281 0.139084
    outer loop
      vertex 12.2633 24.2094 9.43769
      vertex 21.7367 24.2094 9.43769
      vertex 21.8625 24.2269 9.56229
    endloop
  endfacet
  facet normal 0 -0.990314 0.138849
    outer loop
      vertex 12.3753 24.1902 9.30075
      vertex 21.7367 24.2094 9.43769
      vertex 12.2633 24.2094 9.43769
    endloop
  endfacet
  facet normal 0 -0.990314 0.138849
    outer loop
      vertex 12.3753 24.1902 9.30075
      vertex 21.6247 24.1902 9.30075
      vertex 21.7367 24.2094 9.43769
    endloop
  endfacet
  facet normal 0 -0.990241 0.139367
    outer loop
      vertex 12.4722 24.1694 9.15296
      vertex 21.6247 24.1902 9.30075
      vertex 12.3753 24.1902 9.30075
    endloop
  endfacet
  facet normal 0 -0.990241 0.139367
    outer loop
      vertex 12.4722 24.1694 9.15296
      vertex 21.5278 24.1694 9.15296
      vertex 21.6247 24.1902 9.30075
    endloop
  endfacet
  facet normal 0 -0.990238 0.13939
    outer loop
      vertex 12.553 24.1473 8.99596
      vertex 21.5278 24.1694 9.15296
      vertex 12.4722 24.1694 9.15296
    endloop
  endfacet
  facet normal 0 -0.990238 0.13939
    outer loop
      vertex 12.553 24.1473 8.99596
      vertex 21.447 24.1473 8.99596
      vertex 21.5278 24.1694 9.15296
    endloop
  endfacet
  facet normal 0 -0.990285 0.139053
    outer loop
      vertex 12.6168 24.1242 8.83145
      vertex 21.447 24.1473 8.99596
      vertex 12.553 24.1473 8.99596
    endloop
  endfacet
  facet normal 0 -0.990285 0.139053
    outer loop
      vertex 12.6168 24.1242 8.83145
      vertex 21.3832 24.1242 8.83145
      vertex 21.447 24.1473 8.99596
    endloop
  endfacet
  facet normal 0 -0.990284 0.139059
    outer loop
      vertex 12.6629 24.1003 8.66125
      vertex 21.3832 24.1242 8.83145
      vertex 12.6168 24.1242 8.83145
    endloop
  endfacet
  facet normal 0 -0.990284 0.139059
    outer loop
      vertex 12.6629 24.1003 8.66125
      vertex 21.3372 24.1003 8.66125
      vertex 21.3832 24.1242 8.83145
    endloop
  endfacet
  facet normal 0 -0.990236 0.139398
    outer loop
      vertex 12.6907 24.0758 8.48721
      vertex 21.3372 24.1003 8.66125
      vertex 12.6629 24.1003 8.66125
    endloop
  endfacet
  facet normal 0 -0.990236 0.139398
    outer loop
      vertex 12.6907 24.0758 8.48721
      vertex 21.3093 24.0758 8.48721
      vertex 21.3372 24.1003 8.66125
    endloop
  endfacet
  facet normal 0 -0.990292 0.139002
    outer loop
      vertex 12.7 24.0511 8.31124
      vertex 21.3093 24.0758 8.48721
      vertex 12.6907 24.0758 8.48721
    endloop
  endfacet
  facet normal 0 -0.990292 0.139002
    outer loop
      vertex 12.7 24.0511 8.31124
      vertex 21.3 24.0511 8.31124
      vertex 21.3093 24.0758 8.48721
    endloop
  endfacet
  facet normal 0 -0.990292 0.139002
    outer loop
      vertex 12.6907 24.0264 8.13527
      vertex 21.3 24.0511 8.31124
      vertex 12.7 24.0511 8.31124
    endloop
  endfacet
  facet normal 0 -0.990292 0.139002
    outer loop
      vertex 12.6907 24.0264 8.13527
      vertex 21.3093 24.0264 8.13527
      vertex 21.3 24.0511 8.31124
    endloop
  endfacet
  facet normal 0 -0.990236 0.139398
    outer loop
      vertex 12.6629 24.0019 7.96123
      vertex 21.3093 24.0264 8.13527
      vertex 12.6907 24.0264 8.13527
    endloop
  endfacet
  facet normal 0 -0.990236 0.139398
    outer loop
      vertex 12.6629 24.0019 7.96123
      vertex 21.3372 24.0019 7.96123
      vertex 21.3093 24.0264 8.13527
    endloop
  endfacet
  facet normal 0 -0.990285 0.139051
    outer loop
      vertex 12.6168 23.978 7.79102
      vertex 21.3372 24.0019 7.96123
      vertex 12.6629 24.0019 7.96123
    endloop
  endfacet
  facet normal 0 -0.990285 0.139051
    outer loop
      vertex 12.6168 23.978 7.79102
      vertex 21.3832 23.978 7.79102
      vertex 21.3372 24.0019 7.96123
    endloop
  endfacet
  facet normal 0 -0.990285 0.139053
    outer loop
      vertex 12.553 23.9549 7.62651
      vertex 21.3832 23.978 7.79102
      vertex 12.6168 23.978 7.79102
    endloop
  endfacet
  facet normal 0 -0.990285 0.139053
    outer loop
      vertex 12.553 23.9549 7.62651
      vertex 21.447 23.9549 7.62651
      vertex 21.3832 23.978 7.79102
    endloop
  endfacet
  facet normal 0 -0.990238 0.13939
    outer loop
      vertex 12.4722 23.9328 7.46951
      vertex 21.447 23.9549 7.62651
      vertex 12.553 23.9549 7.62651
    endloop
  endfacet
  facet normal 0 -0.990238 0.13939
    outer loop
      vertex 12.4722 23.9328 7.46951
      vertex 21.5278 23.9328 7.46951
      vertex 21.447 23.9549 7.62651
    endloop
  endfacet
  facet normal 0 -0.99024 0.139376
    outer loop
      vertex 12.3753 23.912 7.32173
      vertex 21.5278 23.9328 7.46951
      vertex 12.4722 23.9328 7.46951
    endloop
  endfacet
  facet normal 0 -0.99024 0.139376
    outer loop
      vertex 12.3753 23.912 7.32173
      vertex 21.6247 23.912 7.32173
      vertex 21.5278 23.9328 7.46951
    endloop
  endfacet
  facet normal 0 -0.990314 0.138849
    outer loop
      vertex 12.2633 23.8928 7.18479
      vertex 21.6247 23.912 7.32173
      vertex 12.3753 23.912 7.32173
    endloop
  endfacet
  facet normal 0 -0.990314 0.138849
    outer loop
      vertex 12.2633 23.8928 7.18479
      vertex 21.7367 23.8928 7.18479
      vertex 21.6247 23.912 7.32173
    endloop
  endfacet
  facet normal 0 -0.990281 0.139084
    outer loop
      vertex 12.1375 23.8753 7.06019
      vertex 21.7367 23.8928 7.18479
      vertex 12.2633 23.8928 7.18479
    endloop
  endfacet
  facet normal 0 -0.990281 0.139084
    outer loop
      vertex 12.1375 23.8753 7.06019
      vertex 21.8625 23.8753 7.06019
      vertex 21.7367 23.8928 7.18479
    endloop
  endfacet
  facet normal 0 -0.990251 0.139296
    outer loop
      vertex 11.9992 23.8597 6.94929
      vertex 21.8625 23.8753 7.06019
      vertex 12.1375 23.8753 7.06019
    endloop
  endfacet
  facet normal 0 -0.990251 0.139296
    outer loop
      vertex 11.9992 23.8597 6.94929
      vertex 22.0008 23.8597 6.94929
      vertex 21.8625 23.8753 7.06019
    endloop
  endfacet
  facet normal 0 -0.990251 0.139298
    outer loop
      vertex 11.85 23.8462 6.85332
      vertex 22.0008 23.8597 6.94929
      vertex 11.9992 23.8597 6.94929
    endloop
  endfacet
  facet normal 0 -0.990251 0.139298
    outer loop
      vertex 11.85 23.8462 6.85332
      vertex 22.15 23.8462 6.85332
      vertex 22.0008 23.8597 6.94929
    endloop
  endfacet
  facet normal 0 -0.990342 0.138648
    outer loop
      vertex 11.6915 23.835 6.77332
      vertex 22.15 23.8462 6.85332
      vertex 11.85 23.8462 6.85332
    endloop
  endfacet
  facet normal 0 -0.990342 0.138648
    outer loop
      vertex 11.6915 23.835 6.77332
      vertex 22.3085 23.835 6.77332
      vertex 22.15 23.8462 6.85332
    endloop
  endfacet
  facet normal 0 -0.990211 0.139577
    outer loop
      vertex 11.5253 23.8261 6.71018
      vertex 22.3085 23.835 6.77332
      vertex 11.6915 23.835 6.77332
    endloop
  endfacet
  facet normal 0 -0.990211 0.139577
    outer loop
      vertex 11.5253 23.8261 6.71018
      vertex 22.4747 23.8261 6.71018
      vertex 22.3085 23.835 6.77332
    endloop
  endfacet
  facet normal 0 -0.990298 0.138959
    outer loop
      vertex 11.3534 23.8197 6.66457
      vertex 22.4747 23.8261 6.71018
      vertex 11.5253 23.8261 6.71018
    endloop
  endfacet
  facet normal 0 -0.990298 0.138959
    outer loop
      vertex 11.3534 23.8197 6.66457
      vertex 22.6465 23.8197 6.66457
      vertex 22.4747 23.8261 6.71018
    endloop
  endfacet
  facet normal 0.000205904 -0.990324 0.138777
    outer loop
      vertex 3 23.2161 2.36963
      vertex 11.3534 23.8197 6.66457
      vertex 11.1777 23.8158 6.637
    endloop
  endfacet
  facet normal 0 -0.990269 0.13917
    outer loop
      vertex 11.3534 23.8197 6.66457
      vertex 3 23.2161 2.36963
      vertex 22.6465 23.8197 6.66457
    endloop
  endfacet
  facet normal 2.66046e-05 -0.990276 0.139114
    outer loop
      vertex 3 23.2161 2.36963
      vertex 11.1777 23.8158 6.637
      vertex 11 23.8145 6.62778
    endloop
  endfacet
  facet normal 0 -0.990269 0.13917
    outer loop
      vertex 31 23.2161 2.36963
      vertex 22.6465 23.8197 6.66457
      vertex 3 23.2161 2.36963
    endloop
  endfacet
  facet normal -2.48902e-05 -0.990272 0.139146
    outer loop
      vertex 11.1777 24.2864 9.98547
      vertex 3 25.5462 18.9497
      vertex 11 24.2877 9.99469
    endloop
  endfacet
  facet normal 2.26848e-05 -0.990266 0.139188
    outer loop
      vertex 3 25.5462 18.9497
      vertex 10.8223 24.2864 9.98547
      vertex 11 24.2877 9.99469
    endloop
  endfacet
  facet normal 0.000125981 -0.990254 0.139277
    outer loop
      vertex 3 25.5462 18.9497
      vertex 10.6466 24.2825 9.9579
      vertex 10.8223 24.2864 9.98547
    endloop
  endfacet
  facet normal -4.03558e-05 -0.990273 0.139138
    outer loop
      vertex 3 25.5462 18.9497
      vertex 10.4747 24.2761 9.9123
      vertex 10.6466 24.2825 9.9579
    endloop
  endfacet
  facet normal 0.000113393 -0.990255 0.139263
    outer loop
      vertex 3 25.5462 18.9497
      vertex 10.3085 24.2672 9.84915
      vertex 10.4747 24.2761 9.9123
    endloop
  endfacet
  facet normal -0.000192399 -0.990289 0.139022
    outer loop
      vertex 3 25.5462 18.9497
      vertex 10.15 24.256 9.76915
      vertex 10.3085 24.2672 9.84915
    endloop
  endfacet
  facet normal 5.63214e-05 -0.990263 0.139212
    outer loop
      vertex 3 25.5462 18.9497
      vertex 10.0008 24.2425 9.67318
      vertex 10.15 24.256 9.76915
    endloop
  endfacet
  facet normal 7.04039e-05 -0.990261 0.139222
    outer loop
      vertex 3 25.5462 18.9497
      vertex 9.86248 24.2269 9.56229
      vertex 10.0008 24.2425 9.67318
    endloop
  endfacet
  facet normal -5.11141e-05 -0.990273 0.139135
    outer loop
      vertex 3 25.5462 18.9497
      vertex 9.73665 24.2094 9.43769
      vertex 9.86248 24.2269 9.56229
    endloop
  endfacet
  facet normal -0.000214631 -0.990289 0.139021
    outer loop
      vertex 3 25.5462 18.9497
      vertex 9.62467 24.1902 9.30075
      vertex 9.73665 24.2094 9.43769
    endloop
  endfacet
  facet normal 0.000152573 -0.990255 0.139269
    outer loop
      vertex 3 25.5462 18.9497
      vertex 9.52776 24.1694 9.15296
      vertex 9.62467 24.1902 9.30075
    endloop
  endfacet
  facet normal 0.00019101 -0.990251 0.139294
    outer loop
      vertex 3 25.5462 18.9497
      vertex 9.44697 24.1473 8.99596
      vertex 9.52776 24.1694 9.15296
    endloop
  endfacet
  facet normal -0.000117784 -0.990279 0.139098
    outer loop
      vertex 3 25.5462 18.9497
      vertex 9.3832 24.1242 8.83145
      vertex 9.44697 24.1473 8.99596
    endloop
  endfacet
  facet normal -0.000126451 -0.990279 0.139092
    outer loop
      vertex 3 25.5462 18.9497
      vertex 9.33715 24.1003 8.66125
      vertex 9.3832 24.1242 8.83145
    endloop
  endfacet
  facet normal -5.53048e-08 -0.990269 0.139169
    outer loop
      vertex 3 23.2161 2.36963
      vertex 9.33715 24.1003 8.66125
      vertex 3 25.5462 18.9497
    endloop
  endfacet
  facet normal -0.00027593 -0.99023 0.139441
    outer loop
      vertex 9.33715 24.1003 8.66125
      vertex 3 23.2161 2.36963
      vertex 9.30931 24.0758 8.48721
    endloop
  endfacet
  facet normal 0.000166585 -0.990293 0.138994
    outer loop
      vertex 9.30931 24.0758 8.48721
      vertex 3 23.2161 2.36963
      vertex 9.3 24.0511 8.31124
    endloop
  endfacet
  facet normal 0.000150751 -0.990291 0.13901
    outer loop
      vertex 9.3 24.0511 8.31124
      vertex 3 23.2161 2.36963
      vertex 9.30931 24.0264 8.13527
    endloop
  endfacet
  facet normal -0.000183768 -0.990241 0.139369
    outer loop
      vertex 9.30931 24.0264 8.13527
      vertex 3 23.2161 2.36963
      vertex 9.33715 24.0019 7.96123
    endloop
  endfacet
  facet normal 8.28445e-05 -0.990282 0.139073
    outer loop
      vertex 9.33715 24.0019 7.96123
      vertex 3 23.2161 2.36963
      vertex 9.3832 23.978 7.79102
    endloop
  endfacet
  facet normal 7.52454e-05 -0.990281 0.139081
    outer loop
      vertex 9.3832 23.978 7.79102
      vertex 3 23.2161 2.36963
      vertex 9.44697 23.9549 7.62651
    endloop
  endfacet
  facet normal -0.000205737 -0.990324 0.138777
    outer loop
      vertex 22.6465 23.8197 6.66457
      vertex 31 23.2161 2.36963
      vertex 22.8223 23.8158 6.637
    endloop
  endfacet
  facet normal -2.18782e-05 -0.990264 0.139203
    outer loop
      vertex 10.8223 23.8158 6.637
      vertex 3 23.2161 2.36963
      vertex 11 23.8145 6.62778
    endloop
  endfacet
  facet normal -0.000111815 -0.990241 0.139365
    outer loop
      vertex 10.6466 23.8197 6.66457
      vertex 3 23.2161 2.36963
      vertex 10.8223 23.8158 6.637
    endloop
  endfacet
  facet normal 3.8789e-05 -0.990278 0.139102
    outer loop
      vertex 10.4747 23.8261 6.71018
      vertex 3 23.2161 2.36963
      vertex 10.6466 23.8197 6.66457
    endloop
  endfacet
  facet normal -9.5838e-05 -0.990246 0.139329
    outer loop
      vertex 10.3085 23.835 6.77332
      vertex 3 23.2161 2.36963
      vertex 10.4747 23.8261 6.71018
    endloop
  endfacet
  facet normal 0.000147211 -0.990302 0.138934
    outer loop
      vertex 10.15 23.8462 6.85332
      vertex 3 23.2161 2.36963
      vertex 10.3085 23.835 6.77332
    endloop
  endfacet
  facet normal -4.31997e-05 -0.99026 0.139232
    outer loop
      vertex 10.0008 23.8597 6.94929
      vertex 3 23.2161 2.36963
      vertex 10.15 23.8462 6.85332
    endloop
  endfacet
  facet normal -4.73802e-05 -0.990259 0.139238
    outer loop
      vertex 9.86248 23.8753 7.06019
      vertex 3 23.2161 2.36963
      vertex 10.0008 23.8597 6.94929
    endloop
  endfacet
  facet normal 3.53005e-05 -0.990276 0.139119
    outer loop
      vertex 9.73665 23.8928 7.18479
      vertex 3 23.2161 2.36963
      vertex 9.86248 23.8753 7.06019
    endloop
  endfacet
  facet normal 0.000146491 -0.990297 0.138967
    outer loop
      vertex 9.62467 23.912 7.32173
      vertex 3 23.2161 2.36963
      vertex 9.73665 23.8928 7.18479
    endloop
  endfacet
  facet normal -0.000111031 -0.99025 0.139305
    outer loop
      vertex 9.52776 23.9328 7.46951
      vertex 3 23.2161 2.36963
      vertex 9.62467 23.912 7.32173
    endloop
  endfacet
  facet normal -0.000127804 -0.990247 0.139326
    outer loop
      vertex 9.44697 23.9549 7.62651
      vertex 3 23.2161 2.36963
      vertex 9.52776 23.9328 7.46951
    endloop
  endfacet
  facet normal -0.000167165 -0.99029 0.139019
    outer loop
      vertex 11.3534 24.2825 9.9579
      vertex 3 25.5462 18.9497
      vertex 11.1777 24.2864 9.98547
    endloop
  endfacet
  facet normal -2.26848e-05 -0.990266 0.139188
    outer loop
      vertex 23.1777 24.2864 9.98547
      vertex 31 25.5462 18.9497
      vertex 23 24.2877 9.99469
    endloop
  endfacet
  facet normal -0.000125918 -0.990254 0.139276
    outer loop
      vertex 23.3535 24.2825 9.9579
      vertex 31 25.5462 18.9497
      vertex 23.1777 24.2864 9.98547
    endloop
  endfacet
  facet normal 4.03751e-05 -0.990273 0.139138
    outer loop
      vertex 23.5253 24.2761 9.9123
      vertex 31 25.5462 18.9497
      vertex 23.3535 24.2825 9.9579
    endloop
  endfacet
  facet normal -0.000113393 -0.990255 0.139263
    outer loop
      vertex 23.6915 24.2672 9.84915
      vertex 31 25.5462 18.9497
      vertex 23.5253 24.2761 9.9123
    endloop
  endfacet
  facet normal 0.000192399 -0.990289 0.139022
    outer loop
      vertex 23.85 24.256 9.76915
      vertex 31 25.5462 18.9497
      vertex 23.6915 24.2672 9.84915
    endloop
  endfacet
  facet normal -5.63214e-05 -0.990263 0.139212
    outer loop
      vertex 23.9992 24.2425 9.67318
      vertex 31 25.5462 18.9497
      vertex 23.85 24.256 9.76915
    endloop
  endfacet
  facet normal -7.04102e-05 -0.990261 0.139222
    outer loop
      vertex 24.1375 24.2269 9.56229
      vertex 31 25.5462 18.9497
      vertex 23.9992 24.2425 9.67318
    endloop
  endfacet
  facet normal 5.11211e-05 -0.990273 0.139135
    outer loop
      vertex 24.2633 24.2094 9.43769
      vertex 31 25.5462 18.9497
      vertex 24.1375 24.2269 9.56229
    endloop
  endfacet
  facet normal 0.00021461 -0.990289 0.139021
    outer loop
      vertex 24.3753 24.1902 9.30075
      vertex 31 25.5462 18.9497
      vertex 24.2633 24.2094 9.43769
    endloop
  endfacet
  facet normal -0.00015258 -0.990255 0.139269
    outer loop
      vertex 24.4722 24.1694 9.15296
      vertex 31 25.5462 18.9497
      vertex 24.3753 24.1902 9.30075
    endloop
  endfacet
  facet normal -0.000190999 -0.990251 0.139294
    outer loop
      vertex 24.553 24.1473 8.99596
      vertex 31 25.5462 18.9497
      vertex 24.4722 24.1694 9.15296
    endloop
  endfacet
  facet normal 0.000117763 -0.990279 0.139098
    outer loop
      vertex 24.6168 24.1242 8.83145
      vertex 31 25.5462 18.9497
      vertex 24.553 24.1473 8.99596
    endloop
  endfacet
  facet normal 0.000126492 -0.990279 0.139092
    outer loop
      vertex 24.6628 24.1003 8.66125
      vertex 31 25.5462 18.9497
      vertex 24.6168 24.1242 8.83145
    endloop
  endfacet
  facet normal 0.00027604 -0.99023 0.139441
    outer loop
      vertex 31 23.2161 2.36963
      vertex 24.6628 24.1003 8.66125
      vertex 24.6907 24.0758 8.48721
    endloop
  endfacet
  facet normal -0.000166576 -0.990293 0.138994
    outer loop
      vertex 31 23.2161 2.36963
      vertex 24.6907 24.0758 8.48721
      vertex 24.7 24.0511 8.31124
    endloop
  endfacet
  facet normal -0.000150758 -0.990291 0.13901
    outer loop
      vertex 31 23.2161 2.36963
      vertex 24.7 24.0511 8.31124
      vertex 24.6907 24.0264 8.13527
    endloop
  endfacet
  facet normal 0.000183718 -0.990241 0.139369
    outer loop
      vertex 31 23.2161 2.36963
      vertex 24.6907 24.0264 8.13527
      vertex 24.6628 24.0019 7.96123
    endloop
  endfacet
  facet normal -8.28613e-05 -0.990282 0.139073
    outer loop
      vertex 31 23.2161 2.36963
      vertex 24.6628 24.0019 7.96123
      vertex 24.6168 23.978 7.79102
    endloop
  endfacet
  facet normal -7.52366e-05 -0.990281 0.139081
    outer loop
      vertex 31 23.2161 2.36963
      vertex 24.6168 23.978 7.79102
      vertex 24.553 23.9549 7.62651
    endloop
  endfacet
  facet normal 0.000127799 -0.990247 0.139326
    outer loop
      vertex 31 23.2161 2.36963
      vertex 24.553 23.9549 7.62651
      vertex 24.4722 23.9328 7.46951
    endloop
  endfacet
  facet normal -2.66046e-05 -0.990276 0.139114
    outer loop
      vertex 22.8223 23.8158 6.637
      vertex 31 23.2161 2.36963
      vertex 23 23.8145 6.62778
    endloop
  endfacet
  facet normal 2.18782e-05 -0.990264 0.139203
    outer loop
      vertex 23 23.8145 6.62778
      vertex 31 23.2161 2.36963
      vertex 23.1777 23.8158 6.637
    endloop
  endfacet
  facet normal 5.53044e-08 -0.990269 0.139169
    outer loop
      vertex 24.6628 24.1003 8.66125
      vertex 31 23.2161 2.36963
      vertex 31 25.5462 18.9497
    endloop
  endfacet
  facet normal 0.000111034 -0.99025 0.139305
    outer loop
      vertex 24.3753 23.912 7.32173
      vertex 31 23.2161 2.36963
      vertex 24.4722 23.9328 7.46951
    endloop
  endfacet
  facet normal -0.00014648 -0.990297 0.138967
    outer loop
      vertex 24.2633 23.8928 7.18479
      vertex 31 23.2161 2.36963
      vertex 24.3753 23.912 7.32173
    endloop
  endfacet
  facet normal -3.53038e-05 -0.990276 0.139119
    outer loop
      vertex 24.1375 23.8753 7.06019
      vertex 31 23.2161 2.36963
      vertex 24.2633 23.8928 7.18479
    endloop
  endfacet
  facet normal 4.73833e-05 -0.990259 0.139238
    outer loop
      vertex 23.9992 23.8597 6.94929
      vertex 31 23.2161 2.36963
      vertex 24.1375 23.8753 7.06019
    endloop
  endfacet
  facet normal 4.31997e-05 -0.99026 0.139232
    outer loop
      vertex 23.85 23.8462 6.85332
      vertex 31 23.2161 2.36963
      vertex 23.9992 23.8597 6.94929
    endloop
  endfacet
  facet normal -0.000147211 -0.990302 0.138934
    outer loop
      vertex 23.6915 23.835 6.77332
      vertex 31 23.2161 2.36963
      vertex 23.85 23.8462 6.85332
    endloop
  endfacet
  facet normal 9.5838e-05 -0.990246 0.139329
    outer loop
      vertex 23.5253 23.8261 6.71018
      vertex 31 23.2161 2.36963
      vertex 23.6915 23.835 6.77332
    endloop
  endfacet
  facet normal -3.88045e-05 -0.990278 0.139102
    outer loop
      vertex 23.3535 23.8197 6.66457
      vertex 31 23.2161 2.36963
      vertex 23.5253 23.8261 6.71018
    endloop
  endfacet
  facet normal 0.000111765 -0.990241 0.139365
    outer loop
      vertex 23.1777 23.8158 6.637
      vertex 31 23.2161 2.36963
      vertex 23.3535 23.8197 6.66457
    endloop
  endfacet
  facet normal 0 -0.990268 0.139174
    outer loop
      vertex 3 26.2473 23.938
      vertex 31 29.8007 49.2216
      vertex 3 29.8007 49.2216
    endloop
  endfacet
  facet normal 0 -0.990268 0.139174
    outer loop
      vertex 31 29.8007 49.2216
      vertex 3 26.2473 23.938
      vertex 31 26.2473 23.938
    endloop
  endfacet
  facet normal -0 0.139173 0.990268
    outer loop
      vertex 3 23.2161 2.36963
      vertex 31 4.5 5
      vertex 31 23.2161 2.36963
    endloop
  endfacet
  facet normal 0 0.139173 0.990268
    outer loop
      vertex 31 4.5 5
      vertex 3 23.2161 2.36963
      vertex 3 4.5 5
    endloop
  endfacet
  facet normal 0 0.990268 -0.139173
    outer loop
      vertex 31 4.5 5
      vertex 3 5.8728 14.768
      vertex 31 5.8728 14.768
    endloop
  endfacet
  facet normal 0 0.990268 -0.139173
    outer loop
      vertex 3 5.8728 14.768
      vertex 31 4.5 5
      vertex 3 4.5 5
    endloop
  endfacet
  facet normal 0 0.978148 0.207911
    outer loop
      vertex 31 4.83188 14.5467
      vertex 3 4.44048 16.3881
      vertex 31 4.44048 16.3881
    endloop
  endfacet
  facet normal 0 0.978148 0.207911
    outer loop
      vertex 3 4.44048 16.3881
      vertex 31 4.83188 14.5467
      vertex 3 4.83188 14.5467
    endloop
  endfacet
  facet normal 0 -0.978146 -0.20792
    outer loop
      vertex 3 27.2315 19.3079
      vertex 31 26.2473 23.938
      vertex 3 26.2473 23.938
    endloop
  endfacet
  facet normal 0 -0.978146 -0.20792
    outer loop
      vertex 31 26.2473 23.938
      vertex 3 27.2315 19.3079
      vertex 31 27.2315 19.3079
    endloop
  endfacet
  facet normal 0 -0.207953 0.978139
    outer loop
      vertex 3 5.8728 14.768
      vertex 31 4.83188 14.5467
      vertex 31 5.8728 14.768
    endloop
  endfacet
  facet normal 0 -0.207953 0.978139
    outer loop
      vertex 31 4.83188 14.5467
      vertex 3 5.8728 14.768
      vertex 3 4.83188 14.5467
    endloop
  endfacet
  facet normal 0 -0.2079 0.97815
    outer loop
      vertex 3 27.2315 19.3079
      vertex 31 25.5462 18.9497
      vertex 31 27.2315 19.3079
    endloop
  endfacet
  facet normal 0 -0.2079 0.97815
    outer loop
      vertex 31 25.5462 18.9497
      vertex 3 27.2315 19.3079
      vertex 3 25.5462 18.9497
    endloop
  endfacet
  facet normal -0.544689 -0.838638 0
    outer loop
      vertex 20.25 14.6292 0
      vertex 20.8206 14.2586 0.799999
      vertex 20.25 14.6292 0.799999
    endloop
  endfacet
  facet normal -0.544689 -0.838638 -0
    outer loop
      vertex 20.8206 14.2586 0.799999
      vertex 20.25 14.6292 0
      vertex 20.8206 14.2586 0
    endloop
  endfacet
  facet normal -0.987696 0.156387 0
    outer loop
      vertex 23.358 7.64857 0
      vertex 23.4644 8.32056 0.799999
      vertex 23.4644 8.32056 0
    endloop
  endfacet
  facet normal -0.987696 0.156387 0
    outer loop
      vertex 23.4644 8.32056 0.799999
      vertex 23.358 7.64857 0
      vertex 23.358 7.64857 0.799999
    endloop
  endfacet
  facet normal 0.156428 0.987689 -0
    outer loop
      vertex 16.3206 2.53561 0
      vertex 15.6486 2.64204 0.799999
      vertex 16.3206 2.53561 0.799999
    endloop
  endfacet
  facet normal 0.156428 0.987689 0
    outer loop
      vertex 15.6486 2.64204 0.799999
      vertex 16.3206 2.53561 0
      vertex 15.6486 2.64204 0
    endloop
  endfacet
  facet normal 0.453904 -0.891051 0
    outer loop
      vertex 13.75 14.6292 0
      vertex 14.3562 14.938 0.799999
      vertex 13.75 14.6292 0.799999
    endloop
  endfacet
  facet normal 0.453904 -0.891051 0
    outer loop
      vertex 14.3562 14.938 0.799999
      vertex 13.75 14.6292 0
      vertex 14.3562 14.938 0
    endloop
  endfacet
  facet normal 0.965924 -0.258824 0
    outer loop
      vertex 10.642 10.3514 0.799999
      vertex 10.8181 11.0086 0
      vertex 10.8181 11.0086 0.799999
    endloop
  endfacet
  facet normal 0.965924 -0.258824 0
    outer loop
      vertex 10.8181 11.0086 0
      vertex 10.642 10.3514 0.799999
      vertex 10.642 10.3514 0
    endloop
  endfacet
  facet normal 0.258811 0.965928 -0
    outer loop
      vertex 15.6486 2.64204 0
      vertex 14.9914 2.81813 0.799999
      vertex 15.6486 2.64204 0.799999
    endloop
  endfacet
  facet normal 0.258811 0.965928 0
    outer loop
      vertex 14.9914 2.81813 0.799999
      vertex 15.6486 2.64204 0
      vertex 14.9914 2.81813 0
    endloop
  endfacet
  facet normal -0.891051 -0.453904 0
    outer loop
      vertex 22.938 11.6438 0
      vertex 22.6292 12.25 0.799999
      vertex 22.6292 12.25 0
    endloop
  endfacet
  facet normal -0.891051 -0.453904 0
    outer loop
      vertex 22.6292 12.25 0.799999
      vertex 22.938 11.6438 0
      vertex 22.938 11.6438 0.799999
    endloop
  endfacet
  facet normal -0.838638 -0.544689 0
    outer loop
      vertex 22.6292 12.25 0
      vertex 22.2586 12.8206 0.799999
      vertex 22.2586 12.8206 0
    endloop
  endfacet
  facet normal -0.838638 -0.544689 0
    outer loop
      vertex 22.2586 12.8206 0.799999
      vertex 22.6292 12.25 0
      vertex 22.6292 12.25 0.799999
    endloop
  endfacet
  facet normal -0.258824 -0.965924 0
    outer loop
      vertex 18.3514 15.358 0
      vertex 19.0086 15.1819 0.799999
      vertex 18.3514 15.358 0.799999
    endloop
  endfacet
  facet normal -0.258824 -0.965924 -0
    outer loop
      vertex 19.0086 15.1819 0.799999
      vertex 18.3514 15.358 0
      vertex 19.0086 15.1819 0
    endloop
  endfacet
  facet normal 0.0523274 -0.99863 0
    outer loop
      vertex 16.3206 15.4644 0
      vertex 17 15.5 0.799999
      vertex 16.3206 15.4644 0.799999
    endloop
  endfacet
  facet normal 0.0523274 -0.99863 0
    outer loop
      vertex 17 15.5 0.799999
      vertex 16.3206 15.4644 0
      vertex 17 15.5 0
    endloop
  endfacet
  facet normal 0.99863 -0.0523251 0
    outer loop
      vertex 10.5 9 0.799999
      vertex 10.5356 9.67943 0
      vertex 10.5356 9.67943 0.799999
    endloop
  endfacet
  facet normal 0.99863 -0.0523251 0
    outer loop
      vertex 10.5356 9.67943 0
      vertex 10.5 9 0.799999
      vertex 10.5 9 0
    endloop
  endfacet
  facet normal 0.838638 -0.544689 0
    outer loop
      vertex 11.3708 12.25 0.799999
      vertex 11.7414 12.8206 0
      vertex 11.7414 12.8206 0.799999
    endloop
  endfacet
  facet normal 0.838638 -0.544689 0
    outer loop
      vertex 11.7414 12.8206 0
      vertex 11.3708 12.25 0.799999
      vertex 11.3708 12.25 0
    endloop
  endfacet
  facet normal 0.258824 -0.965924 0
    outer loop
      vertex 14.9914 15.1819 0
      vertex 15.6486 15.358 0.799999
      vertex 14.9914 15.1819 0.799999
    endloop
  endfacet
  facet normal 0.258824 -0.965924 0
    outer loop
      vertex 15.6486 15.358 0.799999
      vertex 14.9914 15.1819 0
      vertex 15.6486 15.358 0
    endloop
  endfacet
  facet normal -0.99863 -0.0523251 0
    outer loop
      vertex 23.5 9 0
      vertex 23.4644 9.67943 0.799999
      vertex 23.4644 9.67943 0
    endloop
  endfacet
  facet normal -0.99863 -0.0523251 0
    outer loop
      vertex 23.4644 9.67943 0.799999
      vertex 23.5 9 0
      vertex 23.5 9 0.799999
    endloop
  endfacet
  facet normal -0.965922 0.258832 0
    outer loop
      vertex 23.1819 6.99139 0
      vertex 23.358 7.64857 0.799999
      vertex 23.358 7.64857 0
    endloop
  endfacet
  facet normal -0.965922 0.258832 0
    outer loop
      vertex 23.358 7.64857 0.799999
      vertex 23.1819 6.99139 0
      vertex 23.1819 6.99139 0.799999
    endloop
  endfacet
  facet normal 0.052342 0.998629 -0
    outer loop
      vertex 17 2.5 0
      vertex 16.3206 2.53561 0.799999
      vertex 17 2.5 0.799999
    endloop
  endfacet
  facet normal 0.052342 0.998629 0
    outer loop
      vertex 16.3206 2.53561 0.799999
      vertex 17 2.5 0
      vertex 16.3206 2.53561 0
    endloop
  endfacet
  facet normal 0.544647 0.838665 -0
    outer loop
      vertex 13.75 3.37083 0
      vertex 13.1794 3.74139 0.799999
      vertex 13.75 3.37083 0.799999
    endloop
  endfacet
  facet normal 0.544647 0.838665 0
    outer loop
      vertex 13.1794 3.74139 0.799999
      vertex 13.75 3.37083 0
      vertex 13.1794 3.74139 0
    endloop
  endfacet
  facet normal 0.965922 0.258832 0
    outer loop
      vertex 10.8181 6.99139 0.799999
      vertex 10.642 7.64857 0
      vertex 10.642 7.64857 0.799999
    endloop
  endfacet
  facet normal 0.965922 0.258832 0
    outer loop
      vertex 10.642 7.64857 0
      vertex 10.8181 6.99139 0.799999
      vertex 10.8181 6.99139 0
    endloop
  endfacet
  facet normal -0.965924 -0.258824 0
    outer loop
      vertex 23.358 10.3514 0
      vertex 23.1819 11.0086 0.799999
      vertex 23.1819 11.0086 0
    endloop
  endfacet
  facet normal -0.965924 -0.258824 0
    outer loop
      vertex 23.1819 11.0086 0.799999
      vertex 23.358 10.3514 0
      vertex 23.358 10.3514 0.799999
    endloop
  endfacet
  facet normal -0.933546 -0.358457 0
    outer loop
      vertex 23.1819 11.0086 0
      vertex 22.938 11.6438 0.799999
      vertex 22.938 11.6438 0
    endloop
  endfacet
  facet normal -0.933546 -0.358457 0
    outer loop
      vertex 22.938 11.6438 0.799999
      vertex 23.1819 11.0086 0
      vertex 23.1819 11.0086 0.799999
    endloop
  endfacet
  facet normal -0.707107 -0.707107 0
    outer loop
      vertex 21.8304 13.3493 0
      vertex 21.3493 13.8304 0.799999
      vertex 21.3493 13.8304 0
    endloop
  endfacet
  facet normal -0.707107 -0.707107 0
    outer loop
      vertex 21.3493 13.8304 0.799999
      vertex 21.8304 13.3493 0
      vertex 21.8304 13.3493 0.799999
    endloop
  endfacet
  facet normal -0.777098 -0.62938 0
    outer loop
      vertex 22.2586 12.8206 0
      vertex 21.8304 13.3493 0.799999
      vertex 21.8304 13.3493 0
    endloop
  endfacet
  facet normal -0.777098 -0.62938 0
    outer loop
      vertex 21.8304 13.3493 0.799999
      vertex 22.2586 12.8206 0
      vertex 22.2586 12.8206 0.799999
    endloop
  endfacet
  facet normal -0.62938 -0.777098 0
    outer loop
      vertex 20.8206 14.2586 0
      vertex 21.3493 13.8304 0.799999
      vertex 20.8206 14.2586 0.799999
    endloop
  endfacet
  facet normal -0.62938 -0.777098 -0
    outer loop
      vertex 21.3493 13.8304 0.799999
      vertex 20.8206 14.2586 0
      vertex 21.3493 13.8304 0
    endloop
  endfacet
  facet normal -0.453904 -0.891051 0
    outer loop
      vertex 19.6438 14.938 0
      vertex 20.25 14.6292 0.799999
      vertex 19.6438 14.938 0.799999
    endloop
  endfacet
  facet normal -0.453904 -0.891051 -0
    outer loop
      vertex 20.25 14.6292 0.799999
      vertex 19.6438 14.938 0
      vertex 20.25 14.6292 0
    endloop
  endfacet
  facet normal -0.358457 -0.933546 0
    outer loop
      vertex 19.0086 15.1819 0
      vertex 19.6438 14.938 0.799999
      vertex 19.0086 15.1819 0.799999
    endloop
  endfacet
  facet normal -0.358457 -0.933546 -0
    outer loop
      vertex 19.6438 14.938 0.799999
      vertex 19.0086 15.1819 0
      vertex 19.6438 14.938 0
    endloop
  endfacet
  facet normal -0.156385 -0.987696 0
    outer loop
      vertex 17.6794 15.4644 0
      vertex 18.3514 15.358 0.799999
      vertex 17.6794 15.4644 0.799999
    endloop
  endfacet
  facet normal -0.156385 -0.987696 -0
    outer loop
      vertex 18.3514 15.358 0.799999
      vertex 17.6794 15.4644 0
      vertex 18.3514 15.358 0
    endloop
  endfacet
  facet normal -0.0523274 -0.99863 0
    outer loop
      vertex 17 15.5 0
      vertex 17.6794 15.4644 0.799999
      vertex 17 15.5 0.799999
    endloop
  endfacet
  facet normal -0.0523274 -0.99863 -0
    outer loop
      vertex 17.6794 15.4644 0.799999
      vertex 17 15.5 0
      vertex 17.6794 15.4644 0
    endloop
  endfacet
  facet normal 0.99863 0.0523243 0
    outer loop
      vertex 10.5356 8.32056 0.799999
      vertex 10.5 9 0
      vertex 10.5 9 0.799999
    endloop
  endfacet
  facet normal 0.99863 0.0523243 0
    outer loop
      vertex 10.5 9 0
      vertex 10.5356 8.32056 0.799999
      vertex 10.5356 8.32056 0
    endloop
  endfacet
  facet normal 0.987695 -0.156392 0
    outer loop
      vertex 10.5356 9.67943 0.799999
      vertex 10.642 10.3514 0
      vertex 10.642 10.3514 0.799999
    endloop
  endfacet
  facet normal 0.987695 -0.156392 0
    outer loop
      vertex 10.642 10.3514 0
      vertex 10.5356 9.67943 0.799999
      vertex 10.5356 9.67943 0
    endloop
  endfacet
  facet normal 0.933546 -0.358457 0
    outer loop
      vertex 10.8181 11.0086 0.799999
      vertex 11.062 11.6438 0
      vertex 11.062 11.6438 0.799999
    endloop
  endfacet
  facet normal 0.933546 -0.358457 0
    outer loop
      vertex 11.062 11.6438 0
      vertex 10.8181 11.0086 0.799999
      vertex 10.8181 11.0086 0
    endloop
  endfacet
  facet normal 0.891051 -0.453904 0
    outer loop
      vertex 11.062 11.6438 0.799999
      vertex 11.3708 12.25 0
      vertex 11.3708 12.25 0.799999
    endloop
  endfacet
  facet normal 0.891051 -0.453904 0
    outer loop
      vertex 11.3708 12.25 0
      vertex 11.062 11.6438 0.799999
      vertex 11.062 11.6438 0
    endloop
  endfacet
  facet normal 0.358457 -0.933546 0
    outer loop
      vertex 14.3562 14.938 0
      vertex 14.9914 15.1819 0.799999
      vertex 14.3562 14.938 0.799999
    endloop
  endfacet
  facet normal 0.358457 -0.933546 0
    outer loop
      vertex 14.9914 15.1819 0.799999
      vertex 14.3562 14.938 0
      vertex 14.9914 15.1819 0
    endloop
  endfacet
  facet normal 0.156385 -0.987696 0
    outer loop
      vertex 15.6486 15.358 0
      vertex 16.3206 15.4644 0.799999
      vertex 15.6486 15.358 0.799999
    endloop
  endfacet
  facet normal 0.156385 -0.987696 0
    outer loop
      vertex 16.3206 15.4644 0.799999
      vertex 15.6486 15.358 0
      vertex 16.3206 15.4644 0
    endloop
  endfacet
  facet normal 0.62938 -0.777098 0
    outer loop
      vertex 12.6507 13.8304 0
      vertex 13.1794 14.2586 0.799999
      vertex 12.6507 13.8304 0.799999
    endloop
  endfacet
  facet normal 0.62938 -0.777098 0
    outer loop
      vertex 13.1794 14.2586 0.799999
      vertex 12.6507 13.8304 0
      vertex 13.1794 14.2586 0
    endloop
  endfacet
  facet normal 0.707107 -0.707107 0
    outer loop
      vertex 12.1696 13.3493 0.799999
      vertex 12.6507 13.8304 0
      vertex 12.6507 13.8304 0.799999
    endloop
  endfacet
  facet normal 0.707107 -0.707107 0
    outer loop
      vertex 12.6507 13.8304 0
      vertex 12.1696 13.3493 0.799999
      vertex 12.1696 13.3493 0
    endloop
  endfacet
  facet normal 0.544689 -0.838638 0
    outer loop
      vertex 13.1794 14.2586 0
      vertex 13.75 14.6292 0.799999
      vertex 13.1794 14.2586 0.799999
    endloop
  endfacet
  facet normal 0.544689 -0.838638 0
    outer loop
      vertex 13.75 14.6292 0.799999
      vertex 13.1794 14.2586 0
      vertex 13.75 14.6292 0
    endloop
  endfacet
  facet normal 0.777098 -0.62938 0
    outer loop
      vertex 11.7414 12.8206 0.799999
      vertex 12.1696 13.3493 0
      vertex 12.1696 13.3493 0.799999
    endloop
  endfacet
  facet normal 0.777098 -0.62938 0
    outer loop
      vertex 12.1696 13.3493 0
      vertex 11.7414 12.8206 0.799999
      vertex 11.7414 12.8206 0
    endloop
  endfacet
  facet normal -0.99863 0.0523243 0
    outer loop
      vertex 23.4644 8.32056 0
      vertex 23.5 9 0.799999
      vertex 23.5 9 0
    endloop
  endfacet
  facet normal -0.99863 0.0523243 0
    outer loop
      vertex 23.5 9 0.799999
      vertex 23.4644 8.32056 0
      vertex 23.4644 8.32056 0.799999
    endloop
  endfacet
  facet normal -0.156428 0.987689 0
    outer loop
      vertex 18.3514 2.64204 0
      vertex 17.6794 2.53561 0.799999
      vertex 18.3514 2.64204 0.799999
    endloop
  endfacet
  facet normal -0.156428 0.987689 0
    outer loop
      vertex 17.6794 2.53561 0.799999
      vertex 18.3514 2.64204 0
      vertex 17.6794 2.53561 0
    endloop
  endfacet
  facet normal -0.838638 0.544689 0
    outer loop
      vertex 22.2586 5.1794 0
      vertex 22.6292 5.75 0.799999
      vertex 22.6292 5.75 0
    endloop
  endfacet
  facet normal -0.838638 0.544689 0
    outer loop
      vertex 22.6292 5.75 0.799999
      vertex 22.2586 5.1794 0
      vertex 22.2586 5.1794 0.799999
    endloop
  endfacet
  facet normal -0.258811 0.965928 0
    outer loop
      vertex 19.0086 2.81813 0
      vertex 18.3514 2.64204 0.799999
      vertex 19.0086 2.81813 0.799999
    endloop
  endfacet
  facet normal -0.258811 0.965928 0
    outer loop
      vertex 18.3514 2.64204 0.799999
      vertex 19.0086 2.81813 0
      vertex 18.3514 2.64204 0
    endloop
  endfacet
  facet normal -0.358355 0.933586 0
    outer loop
      vertex 19.6438 3.06195 0
      vertex 19.0086 2.81813 0.799999
      vertex 19.6438 3.06195 0.799999
    endloop
  endfacet
  facet normal -0.358355 0.933586 0
    outer loop
      vertex 19.0086 2.81813 0.799999
      vertex 19.6438 3.06195 0
      vertex 19.0086 2.81813 0
    endloop
  endfacet
  facet normal -0.777127 0.629344 0
    outer loop
      vertex 21.8304 4.65065 0
      vertex 22.2586 5.1794 0.799999
      vertex 22.2586 5.1794 0
    endloop
  endfacet
  facet normal -0.777127 0.629344 0
    outer loop
      vertex 22.2586 5.1794 0.799999
      vertex 21.8304 4.65065 0
      vertex 21.8304 4.65065 0.799999
    endloop
  endfacet
  facet normal -0.707099 0.707114 0
    outer loop
      vertex 21.3493 4.16956 0
      vertex 21.8304 4.65065 0.799999
      vertex 21.8304 4.65065 0
    endloop
  endfacet
  facet normal -0.707099 0.707114 0
    outer loop
      vertex 21.8304 4.65065 0.799999
      vertex 21.3493 4.16956 0
      vertex 21.3493 4.16956 0.799999
    endloop
  endfacet
  facet normal -0.544647 0.838665 0
    outer loop
      vertex 20.8206 3.74139 0
      vertex 20.25 3.37083 0.799999
      vertex 20.8206 3.74139 0.799999
    endloop
  endfacet
  facet normal -0.544647 0.838665 0
    outer loop
      vertex 20.25 3.37083 0.799999
      vertex 20.8206 3.74139 0
      vertex 20.25 3.37083 0
    endloop
  endfacet
  facet normal -0.052342 0.998629 0
    outer loop
      vertex 17.6794 2.53561 0
      vertex 17 2.5 0.799999
      vertex 17.6794 2.53561 0.799999
    endloop
  endfacet
  facet normal -0.052342 0.998629 0
    outer loop
      vertex 17 2.5 0.799999
      vertex 17.6794 2.53561 0
      vertex 17 2.5 0
    endloop
  endfacet
  facet normal 0.358355 0.933586 -0
    outer loop
      vertex 14.9914 2.81813 0
      vertex 14.3562 3.06195 0.799999
      vertex 14.9914 2.81813 0.799999
    endloop
  endfacet
  facet normal 0.358355 0.933586 0
    outer loop
      vertex 14.3562 3.06195 0.799999
      vertex 14.9914 2.81813 0
      vertex 14.3562 3.06195 0
    endloop
  endfacet
  facet normal 0.933542 0.358467 0
    outer loop
      vertex 11.062 6.35621 0.799999
      vertex 10.8181 6.99139 0
      vertex 10.8181 6.99139 0.799999
    endloop
  endfacet
  facet normal 0.933542 0.358467 0
    outer loop
      vertex 10.8181 6.99139 0
      vertex 11.062 6.35621 0.799999
      vertex 11.062 6.35621 0
    endloop
  endfacet
  facet normal 0.987696 0.156387 0
    outer loop
      vertex 10.642 7.64857 0.799999
      vertex 10.5356 8.32056 0
      vertex 10.5356 8.32056 0.799999
    endloop
  endfacet
  facet normal 0.987696 0.156387 0
    outer loop
      vertex 10.5356 8.32056 0
      vertex 10.642 7.64857 0.799999
      vertex 10.642 7.64857 0
    endloop
  endfacet
  facet normal 0.707099 0.707114 0
    outer loop
      vertex 12.6507 4.16956 0.799999
      vertex 12.1696 4.65065 0
      vertex 12.1696 4.65065 0.799999
    endloop
  endfacet
  facet normal 0.707099 0.707114 0
    outer loop
      vertex 12.1696 4.65065 0
      vertex 12.6507 4.16956 0.799999
      vertex 12.6507 4.16956 0
    endloop
  endfacet
  facet normal 0.838638 0.544689 0
    outer loop
      vertex 11.7414 5.1794 0.799999
      vertex 11.3708 5.75 0
      vertex 11.3708 5.75 0.799999
    endloop
  endfacet
  facet normal 0.838638 0.544689 0
    outer loop
      vertex 11.3708 5.75 0
      vertex 11.7414 5.1794 0.799999
      vertex 11.7414 5.1794 0
    endloop
  endfacet
  facet normal 0.629353 0.777119 -0
    outer loop
      vertex 13.1794 3.74139 0
      vertex 12.6507 4.16956 0.799999
      vertex 13.1794 3.74139 0.799999
    endloop
  endfacet
  facet normal 0.629353 0.777119 0
    outer loop
      vertex 12.6507 4.16956 0.799999
      vertex 13.1794 3.74139 0
      vertex 12.6507 4.16956 0
    endloop
  endfacet
  facet normal -0.987695 -0.156392 0
    outer loop
      vertex 23.4644 9.67943 0
      vertex 23.358 10.3514 0.799999
      vertex 23.358 10.3514 0
    endloop
  endfacet
  facet normal -0.987695 -0.156392 0
    outer loop
      vertex 23.358 10.3514 0.799999
      vertex 23.4644 9.67943 0
      vertex 23.4644 9.67943 0.799999
    endloop
  endfacet
  facet normal 0 0 -1
    outer loop
      vertex 23.4644 8.32056 0.799999
      vertex 23.4644 9.67943 0.799999
      vertex 23.5 9 0.799999
    endloop
  endfacet
  facet normal 0 0 -1
    outer loop
      vertex 23.358 7.64857 0.799999
      vertex 23.4644 9.67943 0.799999
      vertex 23.4644 8.32056 0.799999
    endloop
  endfacet
  facet normal 0 0 -1
    outer loop
      vertex 23.358 7.64857 0.799999
      vertex 23.358 10.3514 0.799999
      vertex 23.4644 9.67943 0.799999
    endloop
  endfacet
  facet normal 0 0 -1
    outer loop
      vertex 23.1819 6.99139 0.799999
      vertex 23.358 10.3514 0.799999
      vertex 23.358 7.64857 0.799999
    endloop
  endfacet
  facet normal 0 0 -1
    outer loop
      vertex 23.1819 6.99139 0.799999
      vertex 23.1819 11.0086 0.799999
      vertex 23.358 10.3514 0.799999
    endloop
  endfacet
  facet normal 0 0 -1
    outer loop
      vertex 22.938 6.35621 0.799999
      vertex 23.1819 11.0086 0.799999
      vertex 23.1819 6.99139 0.799999
    endloop
  endfacet
  facet normal 0 0 -1
    outer loop
      vertex 22.938 6.35621 0.799999
      vertex 22.938 11.6438 0.799999
      vertex 23.1819 11.0086 0.799999
    endloop
  endfacet
  facet normal 0 0 -1
    outer loop
      vertex 22.6292 5.75 0.799999
      vertex 22.938 11.6438 0.799999
      vertex 22.938 6.35621 0.799999
    endloop
  endfacet
  facet normal 0 0 -1
    outer loop
      vertex 22.6292 5.75 0.799999
      vertex 22.6292 12.25 0.799999
      vertex 22.938 11.6438 0.799999
    endloop
  endfacet
  facet normal 0 0 -1
    outer loop
      vertex 22.2586 5.1794 0.799999
      vertex 22.6292 12.25 0.799999
      vertex 22.6292 5.75 0.799999
    endloop
  endfacet
  facet normal 0 0 -1
    outer loop
      vertex 22.2586 5.1794 0.799999
      vertex 22.2586 12.8206 0.799999
      vertex 22.6292 12.25 0.799999
    endloop
  endfacet
  facet normal 0 0 -1
    outer loop
      vertex 21.8304 4.65065 0.799999
      vertex 22.2586 12.8206 0.799999
      vertex 22.2586 5.1794 0.799999
    endloop
  endfacet
  facet normal 0 0 -1
    outer loop
      vertex 21.8304 4.65065 0.799999
      vertex 21.8304 13.3493 0.799999
      vertex 22.2586 12.8206 0.799999
    endloop
  endfacet
  facet normal 0 0 -1
    outer loop
      vertex 21.3493 4.16956 0.799999
      vertex 21.8304 13.3493 0.799999
      vertex 21.8304 4.65065 0.799999
    endloop
  endfacet
  facet normal 0 0 -1
    outer loop
      vertex 21.3493 4.16956 0.799999
      vertex 21.3493 13.8304 0.799999
      vertex 21.8304 13.3493 0.799999
    endloop
  endfacet
  facet normal 0 0 -1
    outer loop
      vertex 20.8206 3.74139 0.799999
      vertex 21.3493 13.8304 0.799999
      vertex 21.3493 4.16956 0.799999
    endloop
  endfacet
  facet normal 0 0 -1
    outer loop
      vertex 20.8206 3.74139 0.799999
      vertex 20.8206 14.2586 0.799999
      vertex 21.3493 13.8304 0.799999
    endloop
  endfacet
  facet normal 0 0 -1
    outer loop
      vertex 20.25 3.37083 0.799999
      vertex 20.8206 14.2586 0.799999
      vertex 20.8206 3.74139 0.799999
    endloop
  endfacet
  facet normal 0 0 -1
    outer loop
      vertex 20.25 3.37083 0.799999
      vertex 20.25 14.6292 0.799999
      vertex 20.8206 14.2586 0.799999
    endloop
  endfacet
  facet normal 0 0 -1
    outer loop
      vertex 19.6438 3.06195 0.799999
      vertex 20.25 14.6292 0.799999
      vertex 20.25 3.37083 0.799999
    endloop
  endfacet
  facet normal 0 0 -1
    outer loop
      vertex 19.6438 3.06195 0.799999
      vertex 19.6438 14.938 0.799999
      vertex 20.25 14.6292 0.799999
    endloop
  endfacet
  facet normal 0 0 -1
    outer loop
      vertex 19.0086 2.81813 0.799999
      vertex 19.6438 14.938 0.799999
      vertex 19.6438 3.06195 0.799999
    endloop
  endfacet
  facet normal 0 0 -1
    outer loop
      vertex 19.0086 2.81813 0.799999
      vertex 19.0086 15.1819 0.799999
      vertex 19.6438 14.938 0.799999
    endloop
  endfacet
  facet normal 0 0 -1
    outer loop
      vertex 18.3514 2.64204 0.799999
      vertex 19.0086 15.1819 0.799999
      vertex 19.0086 2.81813 0.799999
    endloop
  endfacet
  facet normal 0 0 -1
    outer loop
      vertex 18.3514 2.64204 0.799999
      vertex 18.3514 15.358 0.799999
      vertex 19.0086 15.1819 0.799999
    endloop
  endfacet
  facet normal 0 0 -1
    outer loop
      vertex 17.6794 2.53561 0.799999
      vertex 18.3514 15.358 0.799999
      vertex 18.3514 2.64204 0.799999
    endloop
  endfacet
  facet normal 0 0 -1
    outer loop
      vertex 17.6794 2.53561 0.799999
      vertex 17.6794 15.4644 0.799999
      vertex 18.3514 15.358 0.799999
    endloop
  endfacet
  facet normal 0 0 -1
    outer loop
      vertex 17 2.5 0.799999
      vertex 17.6794 15.4644 0.799999
      vertex 17.6794 2.53561 0.799999
    endloop
  endfacet
  facet normal 0 0 -1
    outer loop
      vertex 17 2.5 0.799999
      vertex 17 15.5 0.799999
      vertex 17.6794 15.4644 0.799999
    endloop
  endfacet
  facet normal 0 0 -1
    outer loop
      vertex 16.3206 2.53561 0.799999
      vertex 17 15.5 0.799999
      vertex 17 2.5 0.799999
    endloop
  endfacet
  facet normal 0 0 -1
    outer loop
      vertex 16.3206 2.53561 0.799999
      vertex 16.3206 15.4644 0.799999
      vertex 17 15.5 0.799999
    endloop
  endfacet
  facet normal 0 0 -1
    outer loop
      vertex 15.6486 2.64204 0.799999
      vertex 16.3206 15.4644 0.799999
      vertex 16.3206 2.53561 0.799999
    endloop
  endfacet
  facet normal 0 0 -1
    outer loop
      vertex 15.6486 2.64204 0.799999
      vertex 15.6486 15.358 0.799999
      vertex 16.3206 15.4644 0.799999
    endloop
  endfacet
  facet normal 0 0 -1
    outer loop
      vertex 14.9914 2.81813 0.799999
      vertex 15.6486 15.358 0.799999
      vertex 15.6486 2.64204 0.799999
    endloop
  endfacet
  facet normal 0 0 -1
    outer loop
      vertex 14.9914 2.81813 0.799999
      vertex 14.9914 15.1819 0.799999
      vertex 15.6486 15.358 0.799999
    endloop
  endfacet
  facet normal 0 0 -1
    outer loop
      vertex 14.3562 3.06195 0.799999
      vertex 14.9914 15.1819 0.799999
      vertex 14.9914 2.81813 0.799999
    endloop
  endfacet
  facet normal 0 0 -1
    outer loop
      vertex 14.3562 3.06195 0.799999
      vertex 14.3562 14.938 0.799999
      vertex 14.9914 15.1819 0.799999
    endloop
  endfacet
  facet normal 0 0 -1
    outer loop
      vertex 13.75 3.37083 0.799999
      vertex 14.3562 14.938 0.799999
      vertex 14.3562 3.06195 0.799999
    endloop
  endfacet
  facet normal 0 0 -1
    outer loop
      vertex 13.75 3.37083 0.799999
      vertex 13.75 14.6292 0.799999
      vertex 14.3562 14.938 0.799999
    endloop
  endfacet
  facet normal 0 0 -1
    outer loop
      vertex 13.1794 3.74139 0.799999
      vertex 13.75 14.6292 0.799999
      vertex 13.75 3.37083 0.799999
    endloop
  endfacet
  facet normal 0 0 -1
    outer loop
      vertex 13.1794 3.74139 0.799999
      vertex 13.1794 14.2586 0.799999
      vertex 13.75 14.6292 0.799999
    endloop
  endfacet
  facet normal 0 0 -1
    outer loop
      vertex 12.6507 4.16956 0.799999
      vertex 13.1794 14.2586 0.799999
      vertex 13.1794 3.74139 0.799999
    endloop
  endfacet
  facet normal 0 0 -1
    outer loop
      vertex 12.6507 4.16956 0.799999
      vertex 12.6507 13.8304 0.799999
      vertex 13.1794 14.2586 0.799999
    endloop
  endfacet
  facet normal 0 0 -1
    outer loop
      vertex 12.1696 4.65065 0.799999
      vertex 12.6507 13.8304 0.799999
      vertex 12.6507 4.16956 0.799999
    endloop
  endfacet
  facet normal 0 0 -1
    outer loop
      vertex 12.1696 4.65065 0.799999
      vertex 12.1696 13.3493 0.799999
      vertex 12.6507 13.8304 0.799999
    endloop
  endfacet
  facet normal 0 0 -1
    outer loop
      vertex 11.7414 5.1794 0.799999
      vertex 12.1696 13.3493 0.799999
      vertex 12.1696 4.65065 0.799999
    endloop
  endfacet
  facet normal 0 0 -1
    outer loop
      vertex 11.7414 5.1794 0.799999
      vertex 11.7414 12.8206 0.799999
      vertex 12.1696 13.3493 0.799999
    endloop
  endfacet
  facet normal 0 0 -1
    outer loop
      vertex 11.3708 5.75 0.799999
      vertex 11.7414 12.8206 0.799999
      vertex 11.7414 5.1794 0.799999
    endloop
  endfacet
  facet normal 0 0 -1
    outer loop
      vertex 11.3708 5.75 0.799999
      vertex 11.3708 12.25 0.799999
      vertex 11.7414 12.8206 0.799999
    endloop
  endfacet
  facet normal 0 0 -1
    outer loop
      vertex 11.062 6.35621 0.799999
      vertex 11.3708 12.25 0.799999
      vertex 11.3708 5.75 0.799999
    endloop
  endfacet
  facet normal 0 0 -1
    outer loop
      vertex 11.062 6.35621 0.799999
      vertex 11.062 11.6438 0.799999
      vertex 11.3708 12.25 0.799999
    endloop
  endfacet
  facet normal 0 0 -1
    outer loop
      vertex 10.8181 6.99139 0.799999
      vertex 11.062 11.6438 0.799999
      vertex 11.062 6.35621 0.799999
    endloop
  endfacet
  facet normal 0 0 -1
    outer loop
      vertex 10.8181 6.99139 0.799999
      vertex 10.8181 11.0086 0.799999
      vertex 11.062 11.6438 0.799999
    endloop
  endfacet
  facet normal 0 0 -1
    outer loop
      vertex 10.642 7.64857 0.799999
      vertex 10.8181 11.0086 0.799999
      vertex 10.8181 6.99139 0.799999
    endloop
  endfacet
  facet normal 0 0 -1
    outer loop
      vertex 10.642 7.64857 0.799999
      vertex 10.642 10.3514 0.799999
      vertex 10.8181 11.0086 0.799999
    endloop
  endfacet
  facet normal 0 0 -1
    outer loop
      vertex 10.5356 8.32056 0.799999
      vertex 10.642 10.3514 0.799999
      vertex 10.642 7.64857 0.799999
    endloop
  endfacet
  facet normal 0 0 -1
    outer loop
      vertex 10.5356 8.32056 0.799999
      vertex 10.5356 9.67943 0.799999
      vertex 10.642 10.3514 0.799999
    endloop
  endfacet
  facet normal 0 -0 -1
    outer loop
      vertex 10.5356 9.67943 0.799999
      vertex 10.5356 8.32056 0.799999
      vertex 10.5 9 0.799999
    endloop
  endfacet
  facet normal -0.453997 0.891003 0
    outer loop
      vertex 20.25 3.37083 0
      vertex 19.6438 3.06195 0.799999
      vertex 20.25 3.37083 0.799999
    endloop
  endfacet
  facet normal -0.453997 0.891003 0
    outer loop
      vertex 19.6438 3.06195 0.799999
      vertex 20.25 3.37083 0
      vertex 19.6438 3.06195 0
    endloop
  endfacet
  facet normal -0.629353 0.777119 0
    outer loop
      vertex 21.3493 4.16956 0
      vertex 20.8206 3.74139 0.799999
      vertex 21.3493 4.16956 0.799999
    endloop
  endfacet
  facet normal -0.629353 0.777119 0
    outer loop
      vertex 20.8206 3.74139 0.799999
      vertex 21.3493 4.16956 0
      vertex 20.8206 3.74139 0
    endloop
  endfacet
  facet normal 0.453997 0.891003 -0
    outer loop
      vertex 14.3562 3.06195 0
      vertex 13.75 3.37083 0.799999
      vertex 14.3562 3.06195 0.799999
    endloop
  endfacet
  facet normal 0.453997 0.891003 0
    outer loop
      vertex 13.75 3.37083 0.799999
      vertex 14.3562 3.06195 0
      vertex 13.75 3.37083 0
    endloop
  endfacet
  facet normal 0.891054 0.453898 0
    outer loop
      vertex 11.3708 5.75 0.799999
      vertex 11.062 6.35621 0
      vertex 11.062 6.35621 0.799999
    endloop
  endfacet
  facet normal 0.891054 0.453898 0
    outer loop
      vertex 11.062 6.35621 0
      vertex 11.3708 5.75 0.799999
      vertex 11.3708 5.75 0
    endloop
  endfacet
  facet normal 0.777127 0.629344 0
    outer loop
      vertex 12.1696 4.65065 0.799999
      vertex 11.7414 5.1794 0
      vertex 11.7414 5.1794 0.799999
    endloop
  endfacet
  facet normal 0.777127 0.629344 0
    outer loop
      vertex 11.7414 5.1794 0
      vertex 12.1696 4.65065 0.799999
      vertex 12.1696 4.65065 0
    endloop
  endfacet
  facet normal -0.933542 0.358467 0
    outer loop
      vertex 22.938 6.35621 0
      vertex 23.1819 6.99139 0.799999
      vertex 23.1819 6.99139 0
    endloop
  endfacet
  facet normal -0.933542 0.358467 0
    outer loop
      vertex 23.1819 6.99139 0.799999
      vertex 22.938 6.35621 0
      vertex 22.938 6.35621 0.799999
    endloop
  endfacet
  facet normal -0.891054 0.453898 0
    outer loop
      vertex 22.6292 5.75 0
      vertex 22.938 6.35621 0.799999
      vertex 22.938 6.35621 0
    endloop
  endfacet
  facet normal -0.891054 0.453898 0
    outer loop
      vertex 22.938 6.35621 0.799999
      vertex 22.6292 5.75 0
      vertex 22.6292 5.75 0.799999
    endloop
  endfacet
  facet normal -0.629291 -0.77717 0
    outer loop
      vertex 20.8206 41.3199 0
      vertex 21.3493 40.8918 0.799999
      vertex 20.8206 41.3199 0.799999
    endloop
  endfacet
  facet normal -0.629291 -0.77717 -0
    outer loop
      vertex 21.3493 40.8918 0.799999
      vertex 20.8206 41.3199 0
      vertex 21.3493 40.8918 0
    endloop
  endfacet
  facet normal 0.987696 -0.156385 0
    outer loop
      vertex 10.5356 36.7408 0.799999
      vertex 10.642 37.4128 0
      vertex 10.642 37.4128 0.799999
    endloop
  endfacet
  facet normal 0.987696 -0.156385 0
    outer loop
      vertex 10.642 37.4128 0
      vertex 10.5356 36.7408 0.799999
      vertex 10.5356 36.7408 0
    endloop
  endfacet
  facet normal -0.987696 0.156385 0
    outer loop
      vertex 23.358 34.7099 0
      vertex 23.4644 35.3819 0.799999
      vertex 23.4644 35.3819 0
    endloop
  endfacet
  facet normal -0.987696 0.156385 0
    outer loop
      vertex 23.4644 35.3819 0.799999
      vertex 23.358 34.7099 0
      vertex 23.358 34.7099 0.799999
    endloop
  endfacet
  facet normal 0.156529 0.987673 -0
    outer loop
      vertex 16.3206 29.5969 0
      vertex 15.6486 29.7034 0.799999
      vertex 16.3206 29.5969 0.799999
    endloop
  endfacet
  facet normal 0.156529 0.987673 0
    outer loop
      vertex 15.6486 29.7034 0.799999
      vertex 16.3206 29.5969 0
      vertex 15.6486 29.7034 0
    endloop
  endfacet
  facet normal 0.45402 -0.890991 0
    outer loop
      vertex 13.75 41.6905 0
      vertex 14.3562 41.9994 0.799999
      vertex 13.75 41.6905 0.799999
    endloop
  endfacet
  facet normal 0.45402 -0.890991 0
    outer loop
      vertex 14.3562 41.9994 0.799999
      vertex 13.75 41.6905 0
      vertex 14.3562 41.9994 0
    endloop
  endfacet
  facet normal 0.965915 -0.258861 0
    outer loop
      vertex 10.642 37.4128 0.799999
      vertex 10.8181 38.0699 0
      vertex 10.8181 38.0699 0.799999
    endloop
  endfacet
  facet normal 0.965915 -0.258861 0
    outer loop
      vertex 10.8181 38.0699 0
      vertex 10.642 37.4128 0.799999
      vertex 10.642 37.4128 0
    endloop
  endfacet
  facet normal 0.258824 0.965924 -0
    outer loop
      vertex 15.6486 29.7034 0
      vertex 14.9914 29.8795 0.799999
      vertex 15.6486 29.7034 0.799999
    endloop
  endfacet
  facet normal 0.258824 0.965924 0
    outer loop
      vertex 14.9914 29.8795 0.799999
      vertex 15.6486 29.7034 0
      vertex 14.9914 29.8795 0
    endloop
  endfacet
  facet normal -0.891051 -0.453904 0
    outer loop
      vertex 22.938 38.7051 0
      vertex 22.6292 39.3113 0.799999
      vertex 22.6292 39.3113 0
    endloop
  endfacet
  facet normal -0.891051 -0.453904 0
    outer loop
      vertex 22.6292 39.3113 0.799999
      vertex 22.938 38.7051 0
      vertex 22.938 38.7051 0.799999
    endloop
  endfacet
  facet normal -0.838638 -0.544689 0
    outer loop
      vertex 22.6292 39.3113 0
      vertex 22.2586 39.8819 0.799999
      vertex 22.2586 39.8819 0
    endloop
  endfacet
  facet normal -0.838638 -0.544689 0
    outer loop
      vertex 22.2586 39.8819 0.799999
      vertex 22.6292 39.3113 0
      vertex 22.6292 39.3113 0.799999
    endloop
  endfacet
  facet normal -0.358329 -0.933595 0
    outer loop
      vertex 19.0086 42.2432 0
      vertex 19.6438 41.9994 0.799999
      vertex 19.0086 42.2432 0.799999
    endloop
  endfacet
  facet normal -0.358329 -0.933595 -0
    outer loop
      vertex 19.6438 41.9994 0.799999
      vertex 19.0086 42.2432 0
      vertex 19.6438 41.9994 0
    endloop
  endfacet
  facet normal -0.0523274 -0.99863 0
    outer loop
      vertex 17 42.5613 0
      vertex 17.6794 42.5257 0.799999
      vertex 17 42.5613 0.799999
    endloop
  endfacet
  facet normal -0.0523274 -0.99863 -0
    outer loop
      vertex 17.6794 42.5257 0.799999
      vertex 17 42.5613 0
      vertex 17.6794 42.5257 0
    endloop
  endfacet
  facet normal 0.99863 -0.0523197 0
    outer loop
      vertex 10.5 36.0613 0.799999
      vertex 10.5356 36.7408 0
      vertex 10.5356 36.7408 0.799999
    endloop
  endfacet
  facet normal 0.99863 -0.0523197 0
    outer loop
      vertex 10.5356 36.7408 0
      vertex 10.5 36.0613 0.799999
      vertex 10.5 36.0613 0
    endloop
  endfacet
  facet normal 0.838638 -0.544689 0
    outer loop
      vertex 11.3708 39.3113 0.799999
      vertex 11.7414 39.8819 0
      vertex 11.7414 39.8819 0.799999
    endloop
  endfacet
  facet normal 0.838638 -0.544689 0
    outer loop
      vertex 11.7414 39.8819 0
      vertex 11.3708 39.3113 0.799999
      vertex 11.3708 39.3113 0
    endloop
  endfacet
  facet normal 0.258824 -0.965924 0
    outer loop
      vertex 14.9914 42.2432 0
      vertex 15.6486 42.4193 0.799999
      vertex 14.9914 42.2432 0.799999
    endloop
  endfacet
  facet normal 0.258824 -0.965924 0
    outer loop
      vertex 15.6486 42.4193 0.799999
      vertex 14.9914 42.2432 0
      vertex 15.6486 42.4193 0
    endloop
  endfacet
  facet normal -0.99863 -0.0523197 0
    outer loop
      vertex 23.5 36.0613 0
      vertex 23.4644 36.7408 0.799999
      vertex 23.4644 36.7408 0
    endloop
  endfacet
  facet normal -0.99863 -0.0523197 0
    outer loop
      vertex 23.4644 36.7408 0.799999
      vertex 23.5 36.0613 0
      vertex 23.5 36.0613 0.799999
    endloop
  endfacet
  facet normal -0.965924 0.258824 0
    outer loop
      vertex 23.1819 34.0527 0
      vertex 23.358 34.7099 0.799999
      vertex 23.358 34.7099 0
    endloop
  endfacet
  facet normal -0.965924 0.258824 0
    outer loop
      vertex 23.358 34.7099 0.799999
      vertex 23.1819 34.0527 0
      vertex 23.1819 34.0527 0.799999
    endloop
  endfacet
  facet normal 0.0523274 0.99863 -0
    outer loop
      vertex 17 29.5613 0
      vertex 16.3206 29.5969 0.799999
      vertex 17 29.5613 0.799999
    endloop
  endfacet
  facet normal 0.0523274 0.99863 0
    outer loop
      vertex 16.3206 29.5969 0.799999
      vertex 17 29.5613 0
      vertex 16.3206 29.5969 0
    endloop
  endfacet
  facet normal 0.544585 0.838705 -0
    outer loop
      vertex 13.75 30.4322 0
      vertex 13.1794 30.8027 0.799999
      vertex 13.75 30.4322 0.799999
    endloop
  endfacet
  facet normal 0.544585 0.838705 0
    outer loop
      vertex 13.1794 30.8027 0.799999
      vertex 13.75 30.4322 0
      vertex 13.1794 30.8027 0
    endloop
  endfacet
  facet normal 0.965924 0.258824 0
    outer loop
      vertex 10.8181 34.0527 0.799999
      vertex 10.642 34.7099 0
      vertex 10.642 34.7099 0.799999
    endloop
  endfacet
  facet normal 0.965924 0.258824 0
    outer loop
      vertex 10.642 34.7099 0
      vertex 10.8181 34.0527 0.799999
      vertex 10.8181 34.0527 0
    endloop
  endfacet
  facet normal -0.987696 -0.156385 0
    outer loop
      vertex 23.4644 36.7408 0
      vertex 23.358 37.4128 0.799999
      vertex 23.358 37.4128 0
    endloop
  endfacet
  facet normal -0.987696 -0.156385 0
    outer loop
      vertex 23.358 37.4128 0.799999
      vertex 23.4644 36.7408 0
      vertex 23.4644 36.7408 0.799999
    endloop
  endfacet
  facet normal -0.965915 -0.258861 0
    outer loop
      vertex 23.358 37.4128 0
      vertex 23.1819 38.0699 0.799999
      vertex 23.1819 38.0699 0
    endloop
  endfacet
  facet normal -0.965915 -0.258861 0
    outer loop
      vertex 23.1819 38.0699 0.799999
      vertex 23.358 37.4128 0
      vertex 23.358 37.4128 0.799999
    endloop
  endfacet
  facet normal -0.933546 -0.358457 0
    outer loop
      vertex 23.1819 38.0699 0
      vertex 22.938 38.7051 0.799999
      vertex 22.938 38.7051 0
    endloop
  endfacet
  facet normal -0.933546 -0.358457 0
    outer loop
      vertex 22.938 38.7051 0.799999
      vertex 23.1819 38.0699 0
      vertex 23.1819 38.0699 0.799999
    endloop
  endfacet
  facet normal -0.777156 -0.629308 0
    outer loop
      vertex 22.2586 39.8819 0
      vertex 21.8304 40.4107 0.799999
      vertex 21.8304 40.4107 0
    endloop
  endfacet
  facet normal -0.777156 -0.629308 0
    outer loop
      vertex 21.8304 40.4107 0.799999
      vertex 22.2586 39.8819 0
      vertex 22.2586 39.8819 0.799999
    endloop
  endfacet
  facet normal -0.707107 -0.707107 0
    outer loop
      vertex 21.3493 40.8918 0
      vertex 21.8304 40.4107 0.799999
      vertex 21.3493 40.8918 0.799999
    endloop
  endfacet
  facet normal -0.707107 -0.707107 -0
    outer loop
      vertex 21.8304 40.4107 0.799999
      vertex 21.3493 40.8918 0
      vertex 21.8304 40.4107 0
    endloop
  endfacet
  facet normal -0.544689 -0.838638 0
    outer loop
      vertex 20.25 41.6905 0
      vertex 20.8206 41.3199 0.799999
      vertex 20.25 41.6905 0.799999
    endloop
  endfacet
  facet normal -0.544689 -0.838638 -0
    outer loop
      vertex 20.8206 41.3199 0.799999
      vertex 20.25 41.6905 0
      vertex 20.8206 41.3199 0
    endloop
  endfacet
  facet normal 0.0523274 -0.99863 0
    outer loop
      vertex 16.3206 42.5257 0
      vertex 17 42.5613 0.799999
      vertex 16.3206 42.5257 0.799999
    endloop
  endfacet
  facet normal 0.0523274 -0.99863 0
    outer loop
      vertex 17 42.5613 0.799999
      vertex 16.3206 42.5257 0
      vertex 17 42.5613 0
    endloop
  endfacet
  facet normal -0.45402 -0.890991 0
    outer loop
      vertex 19.6438 41.9994 0
      vertex 20.25 41.6905 0.799999
      vertex 19.6438 41.9994 0.799999
    endloop
  endfacet
  facet normal -0.45402 -0.890991 -0
    outer loop
      vertex 20.25 41.6905 0.799999
      vertex 19.6438 41.9994 0
      vertex 20.25 41.6905 0
    endloop
  endfacet
  facet normal -0.258824 -0.965924 0
    outer loop
      vertex 18.3514 42.4193 0
      vertex 19.0086 42.2432 0.799999
      vertex 18.3514 42.4193 0.799999
    endloop
  endfacet
  facet normal -0.258824 -0.965924 -0
    outer loop
      vertex 19.0086 42.2432 0.799999
      vertex 18.3514 42.4193 0
      vertex 19.0086 42.2432 0
    endloop
  endfacet
  facet normal -0.156385 -0.987696 0
    outer loop
      vertex 17.6794 42.5257 0
      vertex 18.3514 42.4193 0.799999
      vertex 17.6794 42.5257 0.799999
    endloop
  endfacet
  facet normal -0.156385 -0.987696 -0
    outer loop
      vertex 18.3514 42.4193 0.799999
      vertex 17.6794 42.5257 0
      vertex 18.3514 42.4193 0
    endloop
  endfacet
  facet normal 0.99863 0.0523274 0
    outer loop
      vertex 10.5356 35.3819 0.799999
      vertex 10.5 36.0613 0
      vertex 10.5 36.0613 0.799999
    endloop
  endfacet
  facet normal 0.99863 0.0523274 0
    outer loop
      vertex 10.5 36.0613 0
      vertex 10.5356 35.3819 0.799999
      vertex 10.5356 35.3819 0
    endloop
  endfacet
  facet normal 0.933546 -0.358457 0
    outer loop
      vertex 10.8181 38.0699 0.799999
      vertex 11.062 38.7051 0
      vertex 11.062 38.7051 0.799999
    endloop
  endfacet
  facet normal 0.933546 -0.358457 0
    outer loop
      vertex 11.062 38.7051 0
      vertex 10.8181 38.0699 0.799999
      vertex 10.8181 38.0699 0
    endloop
  endfacet
  facet normal 0.891051 -0.453904 0
    outer loop
      vertex 11.062 38.7051 0.799999
      vertex 11.3708 39.3113 0
      vertex 11.3708 39.3113 0.799999
    endloop
  endfacet
  facet normal 0.891051 -0.453904 0
    outer loop
      vertex 11.3708 39.3113 0
      vertex 11.062 38.7051 0.799999
      vertex 11.062 38.7051 0
    endloop
  endfacet
  facet normal 0.358329 -0.933595 0
    outer loop
      vertex 14.3562 41.9994 0
      vertex 14.9914 42.2432 0.799999
      vertex 14.3562 41.9994 0.799999
    endloop
  endfacet
  facet normal 0.358329 -0.933595 0
    outer loop
      vertex 14.9914 42.2432 0.799999
      vertex 14.3562 41.9994 0
      vertex 14.9914 42.2432 0
    endloop
  endfacet
  facet normal 0.156385 -0.987696 0
    outer loop
      vertex 15.6486 42.4193 0
      vertex 16.3206 42.5257 0.799999
      vertex 15.6486 42.4193 0.799999
    endloop
  endfacet
  facet normal 0.156385 -0.987696 0
    outer loop
      vertex 16.3206 42.5257 0.799999
      vertex 15.6486 42.4193 0
      vertex 16.3206 42.5257 0
    endloop
  endfacet
  facet normal 0.629291 -0.77717 0
    outer loop
      vertex 12.6507 40.8918 0
      vertex 13.1794 41.3199 0.799999
      vertex 12.6507 40.8918 0.799999
    endloop
  endfacet
  facet normal 0.629291 -0.77717 0
    outer loop
      vertex 13.1794 41.3199 0.799999
      vertex 12.6507 40.8918 0
      vertex 13.1794 41.3199 0
    endloop
  endfacet
  facet normal 0.707107 -0.707107 0
    outer loop
      vertex 12.1696 40.4107 0
      vertex 12.6507 40.8918 0.799999
      vertex 12.1696 40.4107 0.799999
    endloop
  endfacet
  facet normal 0.707107 -0.707107 0
    outer loop
      vertex 12.6507 40.8918 0.799999
      vertex 12.1696 40.4107 0
      vertex 12.6507 40.8918 0
    endloop
  endfacet
  facet normal 0.544689 -0.838638 0
    outer loop
      vertex 13.1794 41.3199 0
      vertex 13.75 41.6905 0.799999
      vertex 13.1794 41.3199 0.799999
    endloop
  endfacet
  facet normal 0.544689 -0.838638 0
    outer loop
      vertex 13.75 41.6905 0.799999
      vertex 13.1794 41.3199 0
      vertex 13.75 41.6905 0
    endloop
  endfacet
  facet normal 0.777156 -0.629308 0
    outer loop
      vertex 11.7414 39.8819 0.799999
      vertex 12.1696 40.4107 0
      vertex 12.1696 40.4107 0.799999
    endloop
  endfacet
  facet normal 0.777156 -0.629308 0
    outer loop
      vertex 12.1696 40.4107 0
      vertex 11.7414 39.8819 0.799999
      vertex 11.7414 39.8819 0
    endloop
  endfacet
  facet normal -0.99863 0.0523274 0
    outer loop
      vertex 23.4644 35.3819 0
      vertex 23.5 36.0613 0.799999
      vertex 23.5 36.0613 0
    endloop
  endfacet
  facet normal -0.99863 0.0523274 0
    outer loop
      vertex 23.5 36.0613 0.799999
      vertex 23.4644 35.3819 0
      vertex 23.4644 35.3819 0.799999
    endloop
  endfacet
  facet normal -0.156529 0.987673 0
    outer loop
      vertex 18.3514 29.7034 0
      vertex 17.6794 29.5969 0.799999
      vertex 18.3514 29.7034 0.799999
    endloop
  endfacet
  facet normal -0.156529 0.987673 0
    outer loop
      vertex 17.6794 29.5969 0.799999
      vertex 18.3514 29.7034 0
      vertex 17.6794 29.5969 0
    endloop
  endfacet
  facet normal -0.838638 0.544689 0
    outer loop
      vertex 22.2586 32.2407 0
      vertex 22.6292 32.8113 0.799999
      vertex 22.6292 32.8113 0
    endloop
  endfacet
  facet normal -0.838638 0.544689 0
    outer loop
      vertex 22.6292 32.8113 0.799999
      vertex 22.2586 32.2407 0
      vertex 22.2586 32.2407 0.799999
    endloop
  endfacet
  facet normal -0.258824 0.965924 0
    outer loop
      vertex 19.0086 29.8795 0
      vertex 18.3514 29.7034 0.799999
      vertex 19.0086 29.8795 0.799999
    endloop
  endfacet
  facet normal -0.258824 0.965924 0
    outer loop
      vertex 18.3514 29.7034 0.799999
      vertex 19.0086 29.8795 0
      vertex 18.3514 29.7034 0
    endloop
  endfacet
  facet normal -0.358329 0.933595 0
    outer loop
      vertex 19.6438 30.1233 0
      vertex 19.0086 29.8795 0.799999
      vertex 19.6438 30.1233 0.799999
    endloop
  endfacet
  facet normal -0.358329 0.933595 0
    outer loop
      vertex 19.0086 29.8795 0.799999
      vertex 19.6438 30.1233 0
      vertex 19.0086 29.8795 0
    endloop
  endfacet
  facet normal -0.707107 0.707107 0
    outer loop
      vertex 21.8304 31.712 0
      vertex 21.3493 31.2309 0.799999
      vertex 21.8304 31.712 0.799999
    endloop
  endfacet
  facet normal -0.707107 0.707107 0
    outer loop
      vertex 21.3493 31.2309 0.799999
      vertex 21.8304 31.712 0
      vertex 21.3493 31.2309 0
    endloop
  endfacet
  facet normal -0.544585 0.838705 0
    outer loop
      vertex 20.8206 30.8027 0
      vertex 20.25 30.4322 0.799999
      vertex 20.8206 30.8027 0.799999
    endloop
  endfacet
  facet normal -0.544585 0.838705 0
    outer loop
      vertex 20.25 30.4322 0.799999
      vertex 20.8206 30.8027 0
      vertex 20.25 30.4322 0
    endloop
  endfacet
  facet normal -0.0523274 0.99863 0
    outer loop
      vertex 17.6794 29.5969 0
      vertex 17 29.5613 0.799999
      vertex 17.6794 29.5969 0.799999
    endloop
  endfacet
  facet normal -0.0523274 0.99863 0
    outer loop
      vertex 17 29.5613 0.799999
      vertex 17.6794 29.5969 0
      vertex 17 29.5613 0
    endloop
  endfacet
  facet normal 0.358329 0.933595 -0
    outer loop
      vertex 14.9914 29.8795 0
      vertex 14.3562 30.1233 0.799999
      vertex 14.9914 29.8795 0.799999
    endloop
  endfacet
  facet normal 0.358329 0.933595 0
    outer loop
      vertex 14.3562 30.1233 0.799999
      vertex 14.9914 29.8795 0
      vertex 14.3562 30.1233 0
    endloop
  endfacet
  facet normal 0.933546 0.358457 0
    outer loop
      vertex 11.062 33.4175 0.799999
      vertex 10.8181 34.0527 0
      vertex 10.8181 34.0527 0.799999
    endloop
  endfacet
  facet normal 0.933546 0.358457 0
    outer loop
      vertex 10.8181 34.0527 0
      vertex 11.062 33.4175 0.799999
      vertex 11.062 33.4175 0
    endloop
  endfacet
  facet normal 0.987696 0.156385 0
    outer loop
      vertex 10.642 34.7099 0.799999
      vertex 10.5356 35.3819 0
      vertex 10.5356 35.3819 0.799999
    endloop
  endfacet
  facet normal 0.987696 0.156385 0
    outer loop
      vertex 10.5356 35.3819 0
      vertex 10.642 34.7099 0.799999
      vertex 10.642 34.7099 0
    endloop
  endfacet
  facet normal 0.707107 0.707107 -0
    outer loop
      vertex 12.6507 31.2309 0
      vertex 12.1696 31.712 0.799999
      vertex 12.6507 31.2309 0.799999
    endloop
  endfacet
  facet normal 0.707107 0.707107 0
    outer loop
      vertex 12.1696 31.712 0.799999
      vertex 12.6507 31.2309 0
      vertex 12.1696 31.712 0
    endloop
  endfacet
  facet normal 0.838638 0.544689 0
    outer loop
      vertex 11.7414 32.2407 0.799999
      vertex 11.3708 32.8113 0
      vertex 11.3708 32.8113 0.799999
    endloop
  endfacet
  facet normal 0.838638 0.544689 0
    outer loop
      vertex 11.3708 32.8113 0
      vertex 11.7414 32.2407 0.799999
      vertex 11.7414 32.2407 0
    endloop
  endfacet
  facet normal 0 0 -1
    outer loop
      vertex 23.4644 35.3819 0.799999
      vertex 23.4644 36.7408 0.799999
      vertex 23.5 36.0613 0.799999
    endloop
  endfacet
  facet normal 0 0 -1
    outer loop
      vertex 23.358 34.7099 0.799999
      vertex 23.4644 36.7408 0.799999
      vertex 23.4644 35.3819 0.799999
    endloop
  endfacet
  facet normal 0 0 -1
    outer loop
      vertex 23.358 34.7099 0.799999
      vertex 23.358 37.4128 0.799999
      vertex 23.4644 36.7408 0.799999
    endloop
  endfacet
  facet normal 0 0 -1
    outer loop
      vertex 23.1819 34.0527 0.799999
      vertex 23.358 37.4128 0.799999
      vertex 23.358 34.7099 0.799999
    endloop
  endfacet
  facet normal 0 0 -1
    outer loop
      vertex 23.1819 34.0527 0.799999
      vertex 23.1819 38.0699 0.799999
      vertex 23.358 37.4128 0.799999
    endloop
  endfacet
  facet normal 0 0 -1
    outer loop
      vertex 22.938 33.4175 0.799999
      vertex 23.1819 38.0699 0.799999
      vertex 23.1819 34.0527 0.799999
    endloop
  endfacet
  facet normal 0 0 -1
    outer loop
      vertex 22.938 33.4175 0.799999
      vertex 22.938 38.7051 0.799999
      vertex 23.1819 38.0699 0.799999
    endloop
  endfacet
  facet normal 0 0 -1
    outer loop
      vertex 22.6292 32.8113 0.799999
      vertex 22.938 38.7051 0.799999
      vertex 22.938 33.4175 0.799999
    endloop
  endfacet
  facet normal 0 0 -1
    outer loop
      vertex 22.6292 32.8113 0.799999
      vertex 22.6292 39.3113 0.799999
      vertex 22.938 38.7051 0.799999
    endloop
  endfacet
  facet normal 0 0 -1
    outer loop
      vertex 22.2586 32.2407 0.799999
      vertex 22.6292 39.3113 0.799999
      vertex 22.6292 32.8113 0.799999
    endloop
  endfacet
  facet normal 0 0 -1
    outer loop
      vertex 22.2586 32.2407 0.799999
      vertex 22.2586 39.8819 0.799999
      vertex 22.6292 39.3113 0.799999
    endloop
  endfacet
  facet normal 0 0 -1
    outer loop
      vertex 21.8304 31.712 0.799999
      vertex 22.2586 39.8819 0.799999
      vertex 22.2586 32.2407 0.799999
    endloop
  endfacet
  facet normal 0 0 -1
    outer loop
      vertex 21.8304 31.712 0.799999
      vertex 21.8304 40.4107 0.799999
      vertex 22.2586 39.8819 0.799999
    endloop
  endfacet
  facet normal 0 0 -1
    outer loop
      vertex 21.3493 31.2309 0.799999
      vertex 21.8304 40.4107 0.799999
      vertex 21.8304 31.712 0.799999
    endloop
  endfacet
  facet normal 0 0 -1
    outer loop
      vertex 21.3493 31.2309 0.799999
      vertex 21.3493 40.8918 0.799999
      vertex 21.8304 40.4107 0.799999
    endloop
  endfacet
  facet normal 0 0 -1
    outer loop
      vertex 20.8206 30.8027 0.799999
      vertex 21.3493 40.8918 0.799999
      vertex 21.3493 31.2309 0.799999
    endloop
  endfacet
  facet normal 0 0 -1
    outer loop
      vertex 20.8206 30.8027 0.799999
      vertex 20.8206 41.3199 0.799999
      vertex 21.3493 40.8918 0.799999
    endloop
  endfacet
  facet normal 0 0 -1
    outer loop
      vertex 20.25 30.4322 0.799999
      vertex 20.8206 41.3199 0.799999
      vertex 20.8206 30.8027 0.799999
    endloop
  endfacet
  facet normal 0 0 -1
    outer loop
      vertex 20.25 30.4322 0.799999
      vertex 20.25 41.6905 0.799999
      vertex 20.8206 41.3199 0.799999
    endloop
  endfacet
  facet normal 0 0 -1
    outer loop
      vertex 19.6438 30.1233 0.799999
      vertex 20.25 41.6905 0.799999
      vertex 20.25 30.4322 0.799999
    endloop
  endfacet
  facet normal 0 0 -1
    outer loop
      vertex 19.6438 30.1233 0.799999
      vertex 19.6438 41.9994 0.799999
      vertex 20.25 41.6905 0.799999
    endloop
  endfacet
  facet normal 0 0 -1
    outer loop
      vertex 19.0086 29.8795 0.799999
      vertex 19.6438 41.9994 0.799999
      vertex 19.6438 30.1233 0.799999
    endloop
  endfacet
  facet normal 0 0 -1
    outer loop
      vertex 19.0086 29.8795 0.799999
      vertex 19.0086 42.2432 0.799999
      vertex 19.6438 41.9994 0.799999
    endloop
  endfacet
  facet normal 0 0 -1
    outer loop
      vertex 18.3514 29.7034 0.799999
      vertex 19.0086 42.2432 0.799999
      vertex 19.0086 29.8795 0.799999
    endloop
  endfacet
  facet normal 0 0 -1
    outer loop
      vertex 18.3514 29.7034 0.799999
      vertex 18.3514 42.4193 0.799999
      vertex 19.0086 42.2432 0.799999
    endloop
  endfacet
  facet normal 0 0 -1
    outer loop
      vertex 17.6794 29.5969 0.799999
      vertex 18.3514 42.4193 0.799999
      vertex 18.3514 29.7034 0.799999
    endloop
  endfacet
  facet normal 0 0 -1
    outer loop
      vertex 17.6794 29.5969 0.799999
      vertex 17.6794 42.5257 0.799999
      vertex 18.3514 42.4193 0.799999
    endloop
  endfacet
  facet normal 0 0 -1
    outer loop
      vertex 17 29.5613 0.799999
      vertex 17.6794 42.5257 0.799999
      vertex 17.6794 29.5969 0.799999
    endloop
  endfacet
  facet normal 0 0 -1
    outer loop
      vertex 17 29.5613 0.799999
      vertex 17 42.5613 0.799999
      vertex 17.6794 42.5257 0.799999
    endloop
  endfacet
  facet normal 0 0 -1
    outer loop
      vertex 16.3206 29.5969 0.799999
      vertex 17 42.5613 0.799999
      vertex 17 29.5613 0.799999
    endloop
  endfacet
  facet normal 0 0 -1
    outer loop
      vertex 16.3206 29.5969 0.799999
      vertex 16.3206 42.5257 0.799999
      vertex 17 42.5613 0.799999
    endloop
  endfacet
  facet normal 0 0 -1
    outer loop
      vertex 15.6486 29.7034 0.799999
      vertex 16.3206 42.5257 0.799999
      vertex 16.3206 29.5969 0.799999
    endloop
  endfacet
  facet normal 0 0 -1
    outer loop
      vertex 15.6486 29.7034 0.799999
      vertex 15.6486 42.4193 0.799999
      vertex 16.3206 42.5257 0.799999
    endloop
  endfacet
  facet normal 0 0 -1
    outer loop
      vertex 14.9914 29.8795 0.799999
      vertex 15.6486 42.4193 0.799999
      vertex 15.6486 29.7034 0.799999
    endloop
  endfacet
  facet normal 0 0 -1
    outer loop
      vertex 14.9914 29.8795 0.799999
      vertex 14.9914 42.2432 0.799999
      vertex 15.6486 42.4193 0.799999
    endloop
  endfacet
  facet normal 0 0 -1
    outer loop
      vertex 14.3562 30.1233 0.799999
      vertex 14.9914 42.2432 0.799999
      vertex 14.9914 29.8795 0.799999
    endloop
  endfacet
  facet normal 0 0 -1
    outer loop
      vertex 14.3562 30.1233 0.799999
      vertex 14.3562 41.9994 0.799999
      vertex 14.9914 42.2432 0.799999
    endloop
  endfacet
  facet normal 0 0 -1
    outer loop
      vertex 13.75 30.4322 0.799999
      vertex 14.3562 41.9994 0.799999
      vertex 14.3562 30.1233 0.799999
    endloop
  endfacet
  facet normal 0 0 -1
    outer loop
      vertex 13.75 30.4322 0.799999
      vertex 13.75 41.6905 0.799999
      vertex 14.3562 41.9994 0.799999
    endloop
  endfacet
  facet normal 0 0 -1
    outer loop
      vertex 13.1794 30.8027 0.799999
      vertex 13.75 41.6905 0.799999
      vertex 13.75 30.4322 0.799999
    endloop
  endfacet
  facet normal 0 0 -1
    outer loop
      vertex 13.1794 30.8027 0.799999
      vertex 13.1794 41.3199 0.799999
      vertex 13.75 41.6905 0.799999
    endloop
  endfacet
  facet normal 0 0 -1
    outer loop
      vertex 12.6507 31.2309 0.799999
      vertex 13.1794 41.3199 0.799999
      vertex 13.1794 30.8027 0.799999
    endloop
  endfacet
  facet normal 0 0 -1
    outer loop
      vertex 12.6507 31.2309 0.799999
      vertex 12.6507 40.8918 0.799999
      vertex 13.1794 41.3199 0.799999
    endloop
  endfacet
  facet normal 0 0 -1
    outer loop
      vertex 12.1696 31.712 0.799999
      vertex 12.6507 40.8918 0.799999
      vertex 12.6507 31.2309 0.799999
    endloop
  endfacet
  facet normal 0 0 -1
    outer loop
      vertex 12.1696 31.712 0.799999
      vertex 12.1696 40.4107 0.799999
      vertex 12.6507 40.8918 0.799999
    endloop
  endfacet
  facet normal 0 0 -1
    outer loop
      vertex 11.7414 32.2407 0.799999
      vertex 12.1696 40.4107 0.799999
      vertex 12.1696 31.712 0.799999
    endloop
  endfacet
  facet normal 0 0 -1
    outer loop
      vertex 11.7414 32.2407 0.799999
      vertex 11.7414 39.8819 0.799999
      vertex 12.1696 40.4107 0.799999
    endloop
  endfacet
  facet normal 0 0 -1
    outer loop
      vertex 11.3708 32.8113 0.799999
      vertex 11.7414 39.8819 0.799999
      vertex 11.7414 32.2407 0.799999
    endloop
  endfacet
  facet normal 0 0 -1
    outer loop
      vertex 11.3708 32.8113 0.799999
      vertex 11.3708 39.3113 0.799999
      vertex 11.7414 39.8819 0.799999
    endloop
  endfacet
  facet normal 0 0 -1
    outer loop
      vertex 11.062 33.4175 0.799999
      vertex 11.3708 39.3113 0.799999
      vertex 11.3708 32.8113 0.799999
    endloop
  endfacet
  facet normal 0 0 -1
    outer loop
      vertex 11.062 33.4175 0.799999
      vertex 11.062 38.7051 0.799999
      vertex 11.3708 39.3113 0.799999
    endloop
  endfacet
  facet normal 0 0 -1
    outer loop
      vertex 10.8181 34.0527 0.799999
      vertex 11.062 38.7051 0.799999
      vertex 11.062 33.4175 0.799999
    endloop
  endfacet
  facet normal 0 0 -1
    outer loop
      vertex 10.8181 34.0527 0.799999
      vertex 10.8181 38.0699 0.799999
      vertex 11.062 38.7051 0.799999
    endloop
  endfacet
  facet normal 0 0 -1
    outer loop
      vertex 10.642 34.7099 0.799999
      vertex 10.8181 38.0699 0.799999
      vertex 10.8181 34.0527 0.799999
    endloop
  endfacet
  facet normal 0 0 -1
    outer loop
      vertex 10.642 34.7099 0.799999
      vertex 10.642 37.4128 0.799999
      vertex 10.8181 38.0699 0.799999
    endloop
  endfacet
  facet normal 0 0 -1
    outer loop
      vertex 10.5356 35.3819 0.799999
      vertex 10.642 37.4128 0.799999
      vertex 10.642 34.7099 0.799999
    endloop
  endfacet
  facet normal 0 0 -1
    outer loop
      vertex 10.5356 35.3819 0.799999
      vertex 10.5356 36.7408 0.799999
      vertex 10.642 37.4128 0.799999
    endloop
  endfacet
  facet normal 0 -0 -1
    outer loop
      vertex 10.5356 36.7408 0.799999
      vertex 10.5356 35.3819 0.799999
      vertex 10.5 36.0613 0.799999
    endloop
  endfacet
  facet normal -0.45402 0.890991 0
    outer loop
      vertex 20.25 30.4322 0
      vertex 19.6438 30.1233 0.799999
      vertex 20.25 30.4322 0.799999
    endloop
  endfacet
  facet normal -0.45402 0.890991 0
    outer loop
      vertex 19.6438 30.1233 0.799999
      vertex 20.25 30.4322 0
      vertex 19.6438 30.1233 0
    endloop
  endfacet
  facet normal -0.777098 0.62938 0
    outer loop
      vertex 21.8304 31.712 0
      vertex 22.2586 32.2407 0.799999
      vertex 22.2586 32.2407 0
    endloop
  endfacet
  facet normal -0.777098 0.62938 0
    outer loop
      vertex 22.2586 32.2407 0.799999
      vertex 21.8304 31.712 0
      vertex 21.8304 31.712 0.799999
    endloop
  endfacet
  facet normal -0.62938 0.777098 0
    outer loop
      vertex 21.3493 31.2309 0
      vertex 20.8206 30.8027 0.799999
      vertex 21.3493 31.2309 0.799999
    endloop
  endfacet
  facet normal -0.62938 0.777098 0
    outer loop
      vertex 20.8206 30.8027 0.799999
      vertex 21.3493 31.2309 0
      vertex 20.8206 30.8027 0
    endloop
  endfacet
  facet normal 0.45402 0.890991 -0
    outer loop
      vertex 14.3562 30.1233 0
      vertex 13.75 30.4322 0.799999
      vertex 14.3562 30.1233 0.799999
    endloop
  endfacet
  facet normal 0.45402 0.890991 0
    outer loop
      vertex 13.75 30.4322 0.799999
      vertex 14.3562 30.1233 0
      vertex 13.75 30.4322 0
    endloop
  endfacet
  facet normal 0.891051 0.453904 0
    outer loop
      vertex 11.3708 32.8113 0.799999
      vertex 11.062 33.4175 0
      vertex 11.062 33.4175 0.799999
    endloop
  endfacet
  facet normal 0.891051 0.453904 0
    outer loop
      vertex 11.062 33.4175 0
      vertex 11.3708 32.8113 0.799999
      vertex 11.3708 32.8113 0
    endloop
  endfacet
  facet normal 0.777098 0.62938 0
    outer loop
      vertex 12.1696 31.712 0.799999
      vertex 11.7414 32.2407 0
      vertex 11.7414 32.2407 0.799999
    endloop
  endfacet
  facet normal 0.777098 0.62938 0
    outer loop
      vertex 11.7414 32.2407 0
      vertex 12.1696 31.712 0.799999
      vertex 12.1696 31.712 0
    endloop
  endfacet
  facet normal 0.62938 0.777098 -0
    outer loop
      vertex 13.1794 30.8027 0
      vertex 12.6507 31.2309 0.799999
      vertex 13.1794 30.8027 0.799999
    endloop
  endfacet
  facet normal 0.62938 0.777098 0
    outer loop
      vertex 12.6507 31.2309 0.799999
      vertex 13.1794 30.8027 0
      vertex 12.6507 31.2309 0
    endloop
  endfacet
  facet normal -0.933546 0.358457 0
    outer loop
      vertex 22.938 33.4175 0
      vertex 23.1819 34.0527 0.799999
      vertex 23.1819 34.0527 0
    endloop
  endfacet
  facet normal -0.933546 0.358457 0
    outer loop
      vertex 23.1819 34.0527 0.799999
      vertex 22.938 33.4175 0
      vertex 22.938 33.4175 0.799999
    endloop
  endfacet
  facet normal -0.891051 0.453904 0
    outer loop
      vertex 22.6292 32.8113 0
      vertex 22.938 33.4175 0.799999
      vertex 22.938 33.4175 0
    endloop
  endfacet
  facet normal -0.891051 0.453904 0
    outer loop
      vertex 22.938 33.4175 0.799999
      vertex 22.6292 32.8113 0
      vertex 22.6292 32.8113 0.799999
    endloop
  endfacet
  facet normal -0.998633 0.00727392 0.0517555
    outer loop
      vertex 12.6907 25.4127 7.94043
      vertex 12.7 24.0511 8.31124
      vertex 12.7 25.4375 8.11639
    endloop
  endfacet
  facet normal -0.998633 0.00727423 0.0517566
    outer loop
      vertex 12.7 24.0511 8.31124
      vertex 12.6907 25.4127 7.94043
      vertex 12.6907 24.0264 8.13527
    endloop
  endfacet
  facet normal 0.99863 0.00728172 0.051811
    outer loop
      vertex 9.3 24.0511 8.31124
      vertex 9.30931 25.4127 7.94043
      vertex 9.3 25.4375 8.11639
    endloop
  endfacet
  facet normal 0.99863 0.00728203 0.0518121
    outer loop
      vertex 9.30931 25.4127 7.94043
      vertex 9.3 24.0511 8.31124
      vertex 9.30931 24.0264 8.13527
    endloop
  endfacet
  facet normal 0.0523266 0.138978 0.988912
    outer loop
      vertex 10.8223 23.8158 6.637
      vertex 11 25.2009 6.43294
      vertex 10.8223 25.2022 6.44216
    endloop
  endfacet
  facet normal 0.0523266 0.138978 0.988912
    outer loop
      vertex 11 25.2009 6.43294
      vertex 10.8223 23.8158 6.637
      vertex 11 23.8145 6.62778
    endloop
  endfacet
  facet normal -0.707171 0.0984033 0.700161
    outer loop
      vertex 12.1375 25.2617 6.86534
      vertex 12.2633 23.8928 7.18479
      vertex 12.2633 25.2792 6.98994
    endloop
  endfacet
  facet normal -0.707171 0.0984033 0.700161
    outer loop
      vertex 12.2633 23.8928 7.18479
      vertex 12.1375 25.2617 6.86534
      vertex 12.1375 23.8753 7.06019
    endloop
  endfacet
  facet normal 0.707087 0.0984151 0.700245
    outer loop
      vertex 9.73665 23.8928 7.18479
      vertex 9.86248 25.2617 6.86534
      vertex 9.73665 25.2792 6.98994
    endloop
  endfacet
  facet normal 0.707087 0.0984151 0.700245
    outer loop
      vertex 9.86248 25.2617 6.86534
      vertex 9.73665 23.8928 7.18479
      vertex 9.86248 23.8753 7.06019
    endloop
  endfacet
  facet normal 0.358182 0.129945 0.924565
    outer loop
      vertex 10.3085 23.835 6.77332
      vertex 10.4747 25.2125 6.51533
      vertex 10.3085 25.2213 6.57848
    endloop
  endfacet
  facet normal 0.358201 0.129941 0.924558
    outer loop
      vertex 10.4747 25.2125 6.51533
      vertex 10.3085 23.835 6.77332
      vertex 10.4747 23.8261 6.71018
    endloop
  endfacet
  facet normal -0.933532 0.0498912 0.355005
    outer loop
      vertex 12.553 25.3412 7.43167
      vertex 12.6168 23.978 7.79102
      vertex 12.6168 25.3644 7.59618
    endloop
  endfacet
  facet normal -0.933522 0.0498984 0.35503
    outer loop
      vertex 12.6168 23.978 7.79102
      vertex 12.553 25.3412 7.43167
      vertex 12.553 23.9549 7.62651
    endloop
  endfacet
  facet normal -0.98772 0.0217446 0.154714
    outer loop
      vertex 12.6629 25.3883 7.76638
      vertex 12.6907 24.0264 8.13527
      vertex 12.6907 25.4127 7.94043
    endloop
  endfacet
  facet normal -0.98772 0.0217437 0.154711
    outer loop
      vertex 12.6907 24.0264 8.13527
      vertex 12.6629 25.3883 7.76638
      vertex 12.6629 24.0019 7.96123
    endloop
  endfacet
  facet normal -0.358182 0.129945 0.924565
    outer loop
      vertex 11.5253 25.2125 6.51533
      vertex 11.6915 23.835 6.77332
      vertex 11.6915 25.2213 6.57848
    endloop
  endfacet
  facet normal -0.358201 0.129941 0.924558
    outer loop
      vertex 11.6915 23.835 6.77332
      vertex 11.5253 25.2125 6.51533
      vertex 11.5253 23.8261 6.71018
    endloop
  endfacet
  facet normal 0.838701 0.0757904 0.539293
    outer loop
      vertex 9.52776 23.9328 7.46951
      vertex 9.62467 25.2984 7.12688
      vertex 9.52776 25.3192 7.27467
    endloop
  endfacet
  facet normal 0.838684 0.0757977 0.539317
    outer loop
      vertex 9.62467 25.2984 7.12688
      vertex 9.52776 23.9328 7.46951
      vertex 9.62467 23.912 7.32173
    endloop
  endfacet
  facet normal 0.777136 0.087588 0.623207
    outer loop
      vertex 9.62467 23.912 7.32173
      vertex 9.73665 25.2792 6.98994
      vertex 9.62467 25.2984 7.12688
    endloop
  endfacet
  facet normal 0.777136 0.087588 0.623207
    outer loop
      vertex 9.73665 25.2792 6.98994
      vertex 9.62467 23.912 7.32173
      vertex 9.73665 23.8928 7.18479
    endloop
  endfacet
  facet normal 0.156524 0.137454 0.978063
    outer loop
      vertex 10.6466 23.8197 6.66457
      vertex 10.8223 25.2022 6.44216
      vertex 10.6466 25.2061 6.46973
    endloop
  endfacet
  facet normal 0.156524 0.137454 0.978063
    outer loop
      vertex 10.8223 25.2022 6.44216
      vertex 10.6466 23.8197 6.66457
      vertex 10.8223 23.8158 6.637
    endloop
  endfacet
  facet normal -0.156524 -0.137454 -0.978063
    outer loop
      vertex 11.1777 24.2864 9.98547
      vertex 11.3534 25.6689 9.76306
      vertex 11.3534 24.2825 9.9579
    endloop
  endfacet
  facet normal -0.156524 -0.137454 -0.978063
    outer loop
      vertex 11.3534 25.6689 9.76306
      vertex 11.1777 24.2864 9.98547
      vertex 11.1777 25.6728 9.79063
    endloop
  endfacet
  facet normal -0.965859 0.0360561 0.256547
    outer loop
      vertex 12.6168 25.3644 7.59618
      vertex 12.6629 24.0019 7.96123
      vertex 12.6629 25.3883 7.76638
    endloop
  endfacet
  facet normal -0.965863 0.0360524 0.256534
    outer loop
      vertex 12.6629 24.0019 7.96123
      vertex 12.6168 25.3644 7.59618
      vertex 12.6168 23.978 7.79102
    endloop
  endfacet
  facet normal -0.838727 0.0757849 0.539254
    outer loop
      vertex 12.3753 25.2984 7.12688
      vertex 12.4722 23.9328 7.46951
      vertex 12.4722 25.3192 7.27467
    endloop
  endfacet
  facet normal -0.83871 0.0757922 0.539278
    outer loop
      vertex 12.4722 23.9328 7.46951
      vertex 12.3753 25.2984 7.12688
      vertex 12.3753 23.912 7.32173
    endloop
  endfacet
  facet normal -0.777081 0.0875974 0.623275
    outer loop
      vertex 12.2633 25.2792 6.98994
      vertex 12.3753 23.912 7.32173
      vertex 12.3753 25.2984 7.12688
    endloop
  endfacet
  facet normal -0.777081 0.0875974 0.623275
    outer loop
      vertex 12.3753 23.912 7.32173
      vertex 12.2633 25.2792 6.98994
      vertex 12.2633 23.8928 7.18479
    endloop
  endfacet
  facet normal -0.890954 0.0632001 0.449673
    outer loop
      vertex 12.4722 25.3192 7.27467
      vertex 12.553 23.9549 7.62651
      vertex 12.553 25.3412 7.43167
    endloop
  endfacet
  facet normal -0.89097 0.0631913 0.449643
    outer loop
      vertex 12.553 23.9549 7.62651
      vertex 12.4722 25.3192 7.27467
      vertex 12.4722 23.9328 7.46951
    endloop
  endfacet
  facet normal -0.156524 0.137454 0.978063
    outer loop
      vertex 11.1777 25.2022 6.44216
      vertex 11.3534 23.8197 6.66457
      vertex 11.3534 25.2061 6.46973
    endloop
  endfacet
  facet normal -0.156524 0.137454 0.978063
    outer loop
      vertex 11.3534 23.8197 6.66457
      vertex 11.1777 25.2022 6.44216
      vertex 11.1777 23.8158 6.637
    endloop
  endfacet
  facet normal -0.629282 0.108164 0.769613
    outer loop
      vertex 11.9992 25.2461 6.75445
      vertex 12.1375 23.8753 7.06019
      vertex 12.1375 25.2617 6.86534
    endloop
  endfacet
  facet normal -0.629316 0.108155 0.769587
    outer loop
      vertex 12.1375 23.8753 7.06019
      vertex 11.9992 25.2461 6.75445
      vertex 11.9992 23.8597 6.94929
    endloop
  endfacet
  facet normal -0.454144 0.12399 0.882259
    outer loop
      vertex 11.6915 25.2213 6.57848
      vertex 11.85 23.8462 6.85332
      vertex 11.85 25.2326 6.65848
    endloop
  endfacet
  facet normal -0.454082 0.124003 0.882289
    outer loop
      vertex 11.85 23.8462 6.85332
      vertex 11.6915 25.2213 6.57848
      vertex 11.6915 23.835 6.77332
    endloop
  endfacet
  facet normal -0.544731 0.116709 0.83045
    outer loop
      vertex 11.85 25.2326 6.65848
      vertex 11.9992 23.8597 6.94929
      vertex 11.9992 25.2461 6.75445
    endloop
  endfacet
  facet normal -0.544731 0.116709 0.83045
    outer loop
      vertex 11.9992 23.8597 6.94929
      vertex 11.85 25.2326 6.65848
      vertex 11.85 23.8462 6.85332
    endloop
  endfacet
  facet normal 0.890977 0.0631939 0.449629
    outer loop
      vertex 9.44697 23.9549 7.62651
      vertex 9.52776 25.3192 7.27467
      vertex 9.44697 25.3412 7.43167
    endloop
  endfacet
  facet normal 0.890993 0.0631851 0.449598
    outer loop
      vertex 9.52776 25.3192 7.27467
      vertex 9.44697 23.9549 7.62651
      vertex 9.52776 23.9328 7.46951
    endloop
  endfacet
  facet normal 0.933589 0.0498708 0.35486
    outer loop
      vertex 9.3832 23.978 7.79102
      vertex 9.44697 25.3412 7.43167
      vertex 9.3832 25.3644 7.59618
    endloop
  endfacet
  facet normal 0.933579 0.0498779 0.354885
    outer loop
      vertex 9.44697 25.3412 7.43167
      vertex 9.3832 23.978 7.79102
      vertex 9.44697 23.9549 7.62651
    endloop
  endfacet
  facet normal 0.965929 0.0360197 0.256288
    outer loop
      vertex 9.33715 24.0019 7.96123
      vertex 9.3832 25.3644 7.59618
      vertex 9.33715 25.3883 7.76638
    endloop
  endfacet
  facet normal 0.965933 0.0360159 0.256274
    outer loop
      vertex 9.3832 25.3644 7.59618
      vertex 9.33715 24.0019 7.96123
      vertex 9.3832 23.978 7.79102
    endloop
  endfacet
  facet normal 0.987685 0.0217751 0.154932
    outer loop
      vertex 9.30931 24.0264 8.13527
      vertex 9.33715 25.3883 7.76638
      vertex 9.30931 25.4127 7.94043
    endloop
  endfacet
  facet normal 0.987686 0.0217742 0.154928
    outer loop
      vertex 9.33715 25.3883 7.76638
      vertex 9.30931 24.0264 8.13527
      vertex 9.33715 24.0019 7.96123
    endloop
  endfacet
  facet normal 0.544731 0.116709 0.83045
    outer loop
      vertex 10.0008 23.8597 6.94929
      vertex 10.15 25.2326 6.65848
      vertex 10.0008 25.2461 6.75445
    endloop
  endfacet
  facet normal 0.544731 0.116709 0.83045
    outer loop
      vertex 10.15 25.2326 6.65848
      vertex 10.0008 23.8597 6.94929
      vertex 10.15 23.8462 6.85332
    endloop
  endfacet
  facet normal 0.629227 0.108171 0.769657
    outer loop
      vertex 9.86248 23.8753 7.06019
      vertex 10.0008 25.2461 6.75445
      vertex 9.86248 25.2617 6.86534
    endloop
  endfacet
  facet normal 0.629261 0.108161 0.769631
    outer loop
      vertex 10.0008 25.2461 6.75445
      vertex 9.86248 23.8753 7.06019
      vertex 10.0008 23.8597 6.94929
    endloop
  endfacet
  facet normal 0.258748 0.134436 0.956544
    outer loop
      vertex 10.4747 23.8261 6.71018
      vertex 10.6466 25.2061 6.46973
      vertex 10.4747 25.2125 6.51533
    endloop
  endfacet
  facet normal 0.2588 0.134428 0.956531
    outer loop
      vertex 10.6466 25.2061 6.46973
      vertex 10.4747 23.8261 6.71018
      vertex 10.6466 23.8197 6.66457
    endloop
  endfacet
  facet normal -0.998633 -0.00727408 -0.0517567
    outer loop
      vertex 12.7 25.4375 8.11639
      vertex 12.6907 24.0758 8.48721
      vertex 12.6907 25.4622 8.29236
    endloop
  endfacet
  facet normal -0.998633 -0.00727408 -0.0517567
    outer loop
      vertex 12.6907 24.0758 8.48721
      vertex 12.7 25.4375 8.11639
      vertex 12.7 24.0511 8.31124
    endloop
  endfacet
  facet normal 0.0523266 -0.138978 -0.988912
    outer loop
      vertex 10.8223 25.6728 9.79063
      vertex 11 24.2877 9.99469
      vertex 10.8223 24.2864 9.98547
    endloop
  endfacet
  facet normal 0.0523266 -0.138978 -0.988912
    outer loop
      vertex 11 24.2877 9.99469
      vertex 10.8223 25.6728 9.79063
      vertex 11 25.6741 9.79985
    endloop
  endfacet
  facet normal 0.933579 -0.0498744 -0.354885
    outer loop
      vertex 9.44697 24.1473 8.99596
      vertex 9.3832 25.5106 8.63661
      vertex 9.44697 25.5337 8.80112
    endloop
  endfacet
  facet normal 0.933579 -0.0498744 -0.354885
    outer loop
      vertex 9.3832 25.5106 8.63661
      vertex 9.44697 24.1473 8.99596
      vertex 9.3832 24.1242 8.83145
    endloop
  endfacet
  facet normal -0.35825 -0.129932 -0.92454
    outer loop
      vertex 11.5253 24.2761 9.9123
      vertex 11.6915 25.6536 9.65431
      vertex 11.6915 24.2672 9.84915
    endloop
  endfacet
  facet normal -0.35825 -0.129932 -0.92454
    outer loop
      vertex 11.6915 25.6536 9.65431
      vertex 11.5253 24.2761 9.9123
      vertex 11.5253 25.6625 9.71746
    endloop
  endfacet
  facet normal -0.258748 -0.13443 -0.956545
    outer loop
      vertex 11.3534 24.2825 9.9579
      vertex 11.5253 25.6625 9.71746
      vertex 11.5253 24.2761 9.9123
    endloop
  endfacet
  facet normal -0.258748 -0.13443 -0.956545
    outer loop
      vertex 11.5253 25.6625 9.71746
      vertex 11.3534 24.2825 9.9579
      vertex 11.3534 25.6689 9.76306
    endloop
  endfacet
  facet normal -0.0523266 0.138978 0.988912
    outer loop
      vertex 11 25.2009 6.43294
      vertex 11.1777 23.8158 6.637
      vertex 11.1777 25.2022 6.44216
    endloop
  endfacet
  facet normal -0.0523266 0.138978 0.988912
    outer loop
      vertex 11.1777 23.8158 6.637
      vertex 11 25.2009 6.43294
      vertex 11 23.8145 6.62778
    endloop
  endfacet
  facet normal -0.258748 0.134436 0.956544
    outer loop
      vertex 11.3534 25.2061 6.46973
      vertex 11.5253 23.8261 6.71018
      vertex 11.5253 25.2125 6.51533
    endloop
  endfacet
  facet normal -0.2588 0.134428 0.956531
    outer loop
      vertex 11.5253 23.8261 6.71018
      vertex 11.3534 25.2061 6.46973
      vertex 11.3534 23.8197 6.66457
    endloop
  endfacet
  facet normal 0.454144 0.12399 0.882259
    outer loop
      vertex 10.15 23.8462 6.85332
      vertex 10.3085 25.2213 6.57848
      vertex 10.15 25.2326 6.65848
    endloop
  endfacet
  facet normal 0.454082 0.124003 0.882289
    outer loop
      vertex 10.3085 25.2213 6.57848
      vertex 10.15 23.8462 6.85332
      vertex 10.3085 23.835 6.77332
    endloop
  endfacet
  facet normal -0.933522 -0.0498949 -0.355031
    outer loop
      vertex 12.6168 25.5106 8.63661
      vertex 12.553 24.1473 8.99596
      vertex 12.553 25.5337 8.80112
    endloop
  endfacet
  facet normal -0.933522 -0.0498949 -0.355031
    outer loop
      vertex 12.553 24.1473 8.99596
      vertex 12.6168 25.5106 8.63661
      vertex 12.6168 24.1242 8.83145
    endloop
  endfacet
  facet normal -0.965863 -0.0360524 -0.256534
    outer loop
      vertex 12.6629 25.4867 8.4664
      vertex 12.6168 24.1242 8.83145
      vertex 12.6168 25.5106 8.63661
    endloop
  endfacet
  facet normal -0.965859 -0.0360561 -0.256547
    outer loop
      vertex 12.6168 24.1242 8.83145
      vertex 12.6629 25.4867 8.4664
      vertex 12.6629 24.1003 8.66125
    endloop
  endfacet
  facet normal -0.98772 -0.0217437 -0.154711
    outer loop
      vertex 12.6907 25.4622 8.29236
      vertex 12.6629 24.1003 8.66125
      vertex 12.6629 25.4867 8.4664
    endloop
  endfacet
  facet normal -0.98772 -0.0217437 -0.154711
    outer loop
      vertex 12.6629 24.1003 8.66125
      vertex 12.6907 25.4622 8.29236
      vertex 12.6907 24.0758 8.48721
    endloop
  endfacet
  facet normal -0.629282 -0.108164 -0.769613
    outer loop
      vertex 11.9992 24.2425 9.67318
      vertex 12.1375 25.6133 9.36744
      vertex 12.1375 24.2269 9.56229
    endloop
  endfacet
  facet normal -0.629316 -0.108155 -0.769587
    outer loop
      vertex 12.1375 25.6133 9.36744
      vertex 11.9992 24.2425 9.67318
      vertex 11.9992 25.6289 9.47834
    endloop
  endfacet
  facet normal -0.89097 -0.0631913 -0.449643
    outer loop
      vertex 12.553 25.5337 8.80112
      vertex 12.4722 24.1694 9.15296
      vertex 12.4722 25.5558 8.95812
    endloop
  endfacet
  facet normal -0.89097 -0.0631913 -0.449643
    outer loop
      vertex 12.4722 24.1694 9.15296
      vertex 12.553 25.5337 8.80112
      vertex 12.553 24.1473 8.99596
    endloop
  endfacet
  facet normal -0.777134 -0.0875839 -0.62321
    outer loop
      vertex 12.3753 25.5765 9.1059
      vertex 12.2633 24.2094 9.43769
      vertex 12.2633 25.5958 9.24285
    endloop
  endfacet
  facet normal -0.777081 -0.0876036 -0.623274
    outer loop
      vertex 12.2633 24.2094 9.43769
      vertex 12.3753 25.5765 9.1059
      vertex 12.3753 24.1902 9.30075
    endloop
  endfacet
  facet normal 0.35825 -0.129932 -0.92454
    outer loop
      vertex 10.3085 25.6536 9.65431
      vertex 10.4747 24.2761 9.9123
      vertex 10.3085 24.2672 9.84915
    endloop
  endfacet
  facet normal 0.35825 -0.129932 -0.92454
    outer loop
      vertex 10.4747 24.2761 9.9123
      vertex 10.3085 25.6536 9.65431
      vertex 10.4747 25.6625 9.71746
    endloop
  endfacet
  facet normal 0.965933 -0.0360159 -0.256274
    outer loop
      vertex 9.3832 24.1242 8.83145
      vertex 9.33715 25.4867 8.4664
      vertex 9.3832 25.5106 8.63661
    endloop
  endfacet
  facet normal 0.965929 -0.0360197 -0.256288
    outer loop
      vertex 9.33715 25.4867 8.4664
      vertex 9.3832 24.1242 8.83145
      vertex 9.33715 24.1003 8.66125
    endloop
  endfacet
  facet normal -0.838687 -0.0758026 -0.539313
    outer loop
      vertex 12.4722 25.5558 8.95812
      vertex 12.3753 24.1902 9.30075
      vertex 12.3753 25.5765 9.1059
    endloop
  endfacet
  facet normal -0.838727 -0.0757849 -0.539254
    outer loop
      vertex 12.3753 24.1902 9.30075
      vertex 12.4722 25.5558 8.95812
      vertex 12.4722 24.1694 9.15296
    endloop
  endfacet
  facet normal -0.0523266 -0.138978 -0.988912
    outer loop
      vertex 11 24.2877 9.99469
      vertex 11.1777 25.6728 9.79063
      vertex 11.1777 24.2864 9.98547
    endloop
  endfacet
  facet normal -0.0523266 -0.138978 -0.988912
    outer loop
      vertex 11.1777 25.6728 9.79063
      vertex 11 24.2877 9.99469
      vertex 11 25.6741 9.79985
    endloop
  endfacet
  facet normal 0.258748 -0.13443 -0.956545
    outer loop
      vertex 10.4747 25.6625 9.71746
      vertex 10.6466 24.2825 9.9579
      vertex 10.4747 24.2761 9.9123
    endloop
  endfacet
  facet normal 0.258748 -0.13443 -0.956545
    outer loop
      vertex 10.6466 24.2825 9.9579
      vertex 10.4747 25.6625 9.71746
      vertex 10.6466 25.6689 9.76306
    endloop
  endfacet
  facet normal 0.707059 -0.098419 -0.700272
    outer loop
      vertex 9.86248 24.2269 9.56229
      vertex 9.73665 25.5958 9.24285
      vertex 9.86248 25.6133 9.36744
    endloop
  endfacet
  facet normal 0.707087 -0.0984101 -0.700245
    outer loop
      vertex 9.73665 25.5958 9.24285
      vertex 9.86248 24.2269 9.56229
      vertex 9.73665 24.2094 9.43769
    endloop
  endfacet
  facet normal 0.777189 -0.0875745 -0.623143
    outer loop
      vertex 9.73665 24.2094 9.43769
      vertex 9.62467 25.5765 9.1059
      vertex 9.73665 25.5958 9.24285
    endloop
  endfacet
  facet normal 0.777136 -0.0875942 -0.623207
    outer loop
      vertex 9.62467 25.5765 9.1059
      vertex 9.73665 24.2094 9.43769
      vertex 9.62467 24.1902 9.30075
    endloop
  endfacet
  facet normal 0.890993 -0.0631851 -0.449598
    outer loop
      vertex 9.52776 24.1694 9.15296
      vertex 9.44697 25.5337 8.80112
      vertex 9.52776 25.5558 8.95812
    endloop
  endfacet
  facet normal 0.890993 -0.0631851 -0.449598
    outer loop
      vertex 9.44697 25.5337 8.80112
      vertex 9.52776 24.1694 9.15296
      vertex 9.44697 24.1473 8.99596
    endloop
  endfacet
  facet normal 0.987686 -0.0217742 -0.154928
    outer loop
      vertex 9.33715 24.1003 8.66125
      vertex 9.30931 25.4622 8.29236
      vertex 9.33715 25.4867 8.4664
    endloop
  endfacet
  facet normal 0.987686 -0.0217742 -0.154928
    outer loop
      vertex 9.30931 25.4622 8.29236
      vertex 9.33715 24.1003 8.66125
      vertex 9.30931 24.0758 8.48721
    endloop
  endfacet
  facet normal 0.99863 -0.00728188 -0.0518122
    outer loop
      vertex 9.30931 24.0758 8.48721
      vertex 9.3 25.4375 8.11639
      vertex 9.30931 25.4622 8.29236
    endloop
  endfacet
  facet normal 0.99863 -0.00728188 -0.0518122
    outer loop
      vertex 9.3 25.4375 8.11639
      vertex 9.30931 24.0758 8.48721
      vertex 9.3 24.0511 8.31124
    endloop
  endfacet
  facet normal -0.544731 -0.116709 -0.83045
    outer loop
      vertex 11.85 24.256 9.76915
      vertex 11.9992 25.6289 9.47834
      vertex 11.9992 24.2425 9.67318
    endloop
  endfacet
  facet normal -0.544731 -0.116709 -0.83045
    outer loop
      vertex 11.9992 25.6289 9.47834
      vertex 11.85 24.256 9.76915
      vertex 11.85 25.6424 9.57431
    endloop
  endfacet
  facet normal -0.454082 -0.123994 -0.88229
    outer loop
      vertex 11.6915 24.2672 9.84915
      vertex 11.85 25.6424 9.57431
      vertex 11.85 24.256 9.76915
    endloop
  endfacet
  facet normal -0.454082 -0.123994 -0.88229
    outer loop
      vertex 11.85 25.6424 9.57431
      vertex 11.6915 24.2672 9.84915
      vertex 11.6915 25.6536 9.65431
    endloop
  endfacet
  facet normal -0.707143 -0.0984072 -0.700189
    outer loop
      vertex 12.2633 25.5958 9.24285
      vertex 12.1375 24.2269 9.56229
      vertex 12.1375 25.6133 9.36744
    endloop
  endfacet
  facet normal -0.707171 -0.0983984 -0.700162
    outer loop
      vertex 12.1375 24.2269 9.56229
      vertex 12.2633 25.5958 9.24285
      vertex 12.2633 24.2094 9.43769
    endloop
  endfacet
  facet normal 0.156524 -0.137454 -0.978063
    outer loop
      vertex 10.6466 25.6689 9.76306
      vertex 10.8223 24.2864 9.98547
      vertex 10.6466 24.2825 9.9579
    endloop
  endfacet
  facet normal 0.156524 -0.137454 -0.978063
    outer loop
      vertex 10.8223 24.2864 9.98547
      vertex 10.6466 25.6689 9.76306
      vertex 10.8223 25.6728 9.79063
    endloop
  endfacet
  facet normal 0.454082 -0.123994 -0.88229
    outer loop
      vertex 10.15 25.6424 9.57431
      vertex 10.3085 24.2672 9.84915
      vertex 10.15 24.256 9.76915
    endloop
  endfacet
  facet normal 0.454082 -0.123994 -0.88229
    outer loop
      vertex 10.3085 24.2672 9.84915
      vertex 10.15 25.6424 9.57431
      vertex 10.3085 25.6536 9.65431
    endloop
  endfacet
  facet normal 0.544731 -0.116709 -0.83045
    outer loop
      vertex 10.0008 25.6289 9.47834
      vertex 10.15 24.256 9.76915
      vertex 10.0008 24.2425 9.67318
    endloop
  endfacet
  facet normal 0.544731 -0.116709 -0.83045
    outer loop
      vertex 10.15 24.256 9.76915
      vertex 10.0008 25.6289 9.47834
      vertex 10.15 25.6424 9.57431
    endloop
  endfacet
  facet normal 0.629227 -0.108171 -0.769657
    outer loop
      vertex 9.86248 25.6133 9.36744
      vertex 10.0008 24.2425 9.67318
      vertex 9.86248 24.2269 9.56229
    endloop
  endfacet
  facet normal 0.629261 -0.108161 -0.769631
    outer loop
      vertex 10.0008 24.2425 9.67318
      vertex 9.86248 25.6133 9.36744
      vertex 10.0008 25.6289 9.47834
    endloop
  endfacet
  facet normal 0.838661 -0.0758081 -0.539352
    outer loop
      vertex 9.62467 24.1902 9.30075
      vertex 9.52776 25.5558 8.95812
      vertex 9.62467 25.5765 9.1059
    endloop
  endfacet
  facet normal 0.838701 -0.0757904 -0.539293
    outer loop
      vertex 9.52776 25.5558 8.95812
      vertex 9.62467 24.1902 9.30075
      vertex 9.52776 24.1694 9.15296
    endloop
  endfacet
  facet normal -0.766233 0.639566 -0.0619894
    outer loop
      vertex 14.2079 27.2193 7.86113
      vertex 12.7 25.4375 8.11639
      vertex 14.2081 27.22 7.86588
    endloop
  endfacet
  facet normal -0.765901 0.641022 -0.0498663
    outer loop
      vertex 12.7 25.4375 8.11639
      vertex 14.2079 27.2193 7.86113
      vertex 12.6907 25.4127 7.94043
    endloop
  endfacet
  facet normal 0.482672 0.718408 0.500916
    outer loop
      vertex 9.86248 25.2617 6.86534
      vertex 9.11059 26.8592 5.29873
      vertex 8.85336 26.8882 5.505
    endloop
  endfacet
  facet normal -0.482566 0.552488 -0.679623
    outer loop
      vertex 12.8894 27.5808 10.433
      vertex 13.1466 27.5518 10.2268
      vertex 12.1375 25.6133 9.36744
    endloop
  endfacet
  facet normal 0.765897 0.629902 -0.128937
    outer loop
      vertex 9.3 25.4375 8.11639
      vertex 7.79214 27.2206 7.87064
      vertex 9.30931 25.4622 8.29236
    endloop
  endfacet
  facet normal 0.76616 0.63138 -0.119825
    outer loop
      vertex 7.79214 27.2206 7.87064
      vertex 9.3 25.4375 8.11639
      vertex 7.79189 27.22 7.86588
    endloop
  endfacet
  facet normal -0.757556 0.652111 0.0293286
    outer loop
      vertex 14.1905 27.1733 7.53381
      vertex 14.1388 27.1278 7.21008
      vertex 12.6907 25.4127 7.94043
    endloop
  endfacet
  facet normal -0.714374 0.596011 -0.366662
    outer loop
      vertex 14.0511 27.3579 8.84759
      vertex 12.553 25.5337 8.80112
      vertex 14.0494 27.3586 8.85204
    endloop
  endfacet
  facet normal -0.715989 0.597206 -0.361531
    outer loop
      vertex 12.553 25.5337 8.80112
      vertex 14.0511 27.3579 8.84759
      vertex 12.6168 25.5106 8.63661
    endloop
  endfacet
  facet normal -0.0400222 0.528873 -0.847757
    outer loop
      vertex 11.3353 27.664 11.0254
      vertex 11.1777 25.6728 9.79063
      vertex 11.0048 27.6664 11.0425
    endloop
  endfacet
  facet normal 0.765899 0.629873 -0.12907
    outer loop
      vertex 7.80947 27.2666 8.19796
      vertex 9.30931 25.4622 8.29236
      vertex 7.79214 27.2206 7.87064
    endloop
  endfacet
  facet normal 0.716112 0.673681 0.182585
    outer loop
      vertex 9.44697 25.3412 7.43167
      vertex 7.94891 27.082 6.88417
      vertex 9.3832 25.3644 7.59618
    endloop
  endfacet
  facet normal 0.715196 0.673835 0.185581
    outer loop
      vertex 7.94891 27.082 6.88417
      vertex 9.44697 25.3412 7.43167
      vertex 7.95063 27.0814 6.87972
    endloop
  endfacet
  facet normal 0.0401107 0.742059 0.669134
    outer loop
      vertex 10.8223 25.2022 6.44216
      vertex 10.9952 26.7735 4.68925
      vertex 10.6647 26.7759 4.7064
    endloop
  endfacet
  facet normal -0.596026 0.702648 0.388637
    outer loop
      vertex 13.5924 26.957 5.99486
      vertex 13.3841 26.9212 5.74013
      vertex 12.2633 25.2792 6.98994
    endloop
  endfacet
  facet normal -0.274764 0.735097 0.619788
    outer loop
      vertex 12.3049 26.8121 4.96365
      vertex 11.9958 26.7956 4.84619
      vertex 11.6915 25.2213 6.57848
    endloop
  endfacet
  facet normal -0.765909 0.64105 -0.0493752
    outer loop
      vertex 14.2079 27.2193 7.86113
      vertex 14.1905 27.1733 7.53381
      vertex 12.6907 25.4127 7.94043
    endloop
  endfacet
  facet normal -0.744333 0.609175 -0.273631
    outer loop
      vertex 14.0523 27.3573 8.84299
      vertex 12.6168 25.5106 8.63661
      vertex 14.0511 27.3579 8.84759
    endloop
  endfacet
  facet normal -0.740799 0.607808 -0.285985
    outer loop
      vertex 12.6168 25.5106 8.63661
      vertex 14.0523 27.3573 8.84299
      vertex 12.6629 25.4867 8.4664
    endloop
  endfacet
  facet normal -0.716024 0.597218 -0.361441
    outer loop
      vertex 13.9308 27.4016 9.15804
      vertex 14.0494 27.3586 8.85204
      vertex 12.553 25.5337 8.80112
    endloop
  endfacet
  facet normal -0.417844 0.54595 -0.726186
    outer loop
      vertex 12.6081 27.6063 10.6146
      vertex 12.8857 27.5812 10.436
      vertex 11.9992 25.6289 9.47834
    endloop
  endfacet
  facet normal -0.283102 0.535421 -0.795725
    outer loop
      vertex 11.6915 25.6536 9.65431
      vertex 11.9914 27.6446 10.8873
      vertex 11.9958 27.6444 10.8856
    endloop
  endfacet
  facet normal -0.274674 0.535814 -0.798409
    outer loop
      vertex 11.9914 27.6446 10.8873
      vertex 11.6915 25.6536 9.65431
      vertex 11.5253 25.6625 9.71746
    endloop
  endfacet
  facet normal -0.131252 0.530559 -0.837425
    outer loop
      vertex 11.3534 25.6689 9.76306
      vertex 11.6623 27.6568 10.9741
      vertex 11.667 27.6567 10.9733
    endloop
  endfacet
  facet normal -0.119957 0.530036 -0.839447
    outer loop
      vertex 11.6623 27.6568 10.9741
      vertex 11.3534 25.6689 9.76306
      vertex 11.1777 25.6728 9.79063
    endloop
  endfacet
  facet normal 0.7135 0.595348 -0.36943
    outer loop
      vertex 9.44697 25.5337 8.80112
      vertex 7.94891 27.3579 8.84759
      vertex 7.95063 27.3586 8.85204
    endloop
  endfacet
  facet normal 0.716031 0.597222 -0.36142
    outer loop
      vertex 7.94891 27.3579 8.84759
      vertex 9.44697 25.5337 8.80112
      vertex 9.3832 25.5106 8.63661
    endloop
  endfacet
  facet normal 0.643261 0.577318 -0.502911
    outer loop
      vertex 8.40459 27.4824 9.73321
      vertex 9.62467 25.5765 9.1059
      vertex 8.22432 27.4438 9.45832
    endloop
  endfacet
  facet normal 0.119957 0.530036 -0.839447
    outer loop
      vertex 10.6466 25.6689 9.76306
      vertex 10.3377 27.6568 10.9741
      vertex 10.8223 25.6728 9.79063
    endloop
  endfacet
  facet normal 0.131252 0.530559 -0.837425
    outer loop
      vertex 10.3377 27.6568 10.9741
      vertex 10.6466 25.6689 9.76306
      vertex 10.333 27.6567 10.9733
    endloop
  endfacet
  facet normal 0.757523 0.652142 0.0295063
    outer loop
      vertex 9.30931 25.4127 7.94043
      vertex 7.86125 27.1278 7.21008
      vertex 7.80947 27.1733 7.53381
    endloop
  endfacet
  facet normal 0.54227 0.710946 0.447771
    outer loop
      vertex 9.86248 25.2617 6.86534
      vertex 8.61591 26.9212 5.74013
      vertex 9.73665 25.2792 6.98994
    endloop
  endfacet
  facet normal 0.542238 0.710947 0.447808
    outer loop
      vertex 8.61591 26.9212 5.74013
      vertex 9.86248 25.2617 6.86534
      vertex 8.85336 26.8882 5.505
    endloop
  endfacet
  facet normal 0.740791 0.663108 0.107316
    outer loop
      vertex 9.3832 25.3644 7.59618
      vertex 7.94766 27.0826 6.88877
      vertex 9.33715 25.3883 7.76638
    endloop
  endfacet
  facet normal 0.738774 0.664222 0.114116
    outer loop
      vertex 7.94766 27.0826 6.88877
      vertex 9.3832 25.3644 7.59618
      vertex 7.94891 27.082 6.88417
    endloop
  endfacet
  facet normal 0.71602 0.673693 0.1829
    outer loop
      vertex 9.44697 25.3412 7.43167
      vertex 8.06925 27.0384 6.57373
      vertex 7.95063 27.0814 6.87972
    endloop
  endfacet
  facet normal 0.417741 0.724974 0.547636
    outer loop
      vertex 10.0008 25.2461 6.75445
      vertex 9.39191 26.8337 5.11721
      vertex 9.11432 26.8588 5.29573
    endloop
  endfacet
  facet normal 0.274455 0.735136 0.619878
    outer loop
      vertex 10.4747 25.2125 6.51533
      vertex 10.0042 26.7956 4.84619
      vertex 10.3085 25.2213 6.57848
    endloop
  endfacet
  facet normal 0.288929 0.733956 0.614678
    outer loop
      vertex 10.0042 26.7956 4.84619
      vertex 10.4747 25.2125 6.51533
      vertex 10.0086 26.7953 4.84448
    endloop
  endfacet
  facet normal 0.120132 0.740903 0.66078
    outer loop
      vertex 10.3377 26.7831 4.75767
      vertex 10.6466 25.2061 6.46973
      vertex 10.8223 25.2022 6.44216
    endloop
  endfacet
  facet normal 0.121177 0.740902 0.660591
    outer loop
      vertex 10.6466 25.2061 6.46973
      vertex 10.3377 26.7831 4.75767
      vertex 10.333 26.7832 4.75842
    endloop
  endfacet
  facet normal -0.119924 0.740893 0.66083
    outer loop
      vertex 11.6623 26.7831 4.75767
      vertex 11.3353 26.7759 4.7064
      vertex 11.1777 25.2022 6.44216
    endloop
  endfacet
  facet normal -0.417729 0.724977 0.54764
    outer loop
      vertex 12.8857 26.8588 5.29573
      vertex 12.6081 26.8337 5.11721
      vertex 11.9992 25.2461 6.75445
    endloop
  endfacet
  facet normal -0.683385 0.683908 0.25545
    outer loop
      vertex 13.9308 27.0384 6.57373
      vertex 13.7805 26.9973 6.28168
      vertex 12.553 25.3412 7.43167
    endloop
  endfacet
  facet normal -0.740948 0.663014 0.106811
    outer loop
      vertex 12.6168 25.3644 7.59618
      vertex 14.0523 27.0826 6.88877
      vertex 14.0511 27.082 6.88417
    endloop
  endfacet
  facet normal -0.740741 0.663131 0.107517
    outer loop
      vertex 14.0523 27.0826 6.88877
      vertex 12.6168 25.3644 7.59618
      vertex 12.6629 25.3883 7.76638
    endloop
  endfacet
  facet normal -0.740807 0.663088 0.107327
    outer loop
      vertex 14.138 27.1271 7.20537
      vertex 14.0523 27.0826 6.88877
      vertex 12.6629 25.3883 7.76638
    endloop
  endfacet
  facet normal -0.766326 0.632625 -0.111941
    outer loop
      vertex 12.7 25.4375 8.11639
      vertex 14.2079 27.2206 7.87064
      vertex 14.2081 27.22 7.86588
    endloop
  endfacet
  facet normal -0.76589 0.629919 -0.128896
    outer loop
      vertex 14.2079 27.2206 7.87064
      vertex 12.7 25.4375 8.11639
      vertex 12.6907 25.4622 8.29236
    endloop
  endfacet
  facet normal -0.542233 0.559981 -0.626422
    outer loop
      vertex 12.2633 25.5958 9.24285
      vertex 13.1466 27.5518 10.2268
      vertex 13.3841 27.5187 9.99163
    endloop
  endfacet
  facet normal -0.542375 0.559982 -0.626298
    outer loop
      vertex 13.1466 27.5518 10.2268
      vertex 12.2633 25.5958 9.24285
      vertex 12.1375 25.6133 9.36744
    endloop
  endfacet
  facet normal -0.348214 0.540353 -0.766006
    outer loop
      vertex 12.3049 27.6278 10.7681
      vertex 12.5998 27.6069 10.6193
      vertex 11.6915 25.6536 9.65431
    endloop
  endfacet
  facet normal -0.040117 0.528865 -0.847757
    outer loop
      vertex 11 25.6741 9.79985
      vertex 11.0048 27.6664 11.0425
      vertex 11.1777 25.6728 9.79063
    endloop
  endfacet
  facet normal -0.0529522 0.528571 -0.847236
    outer loop
      vertex 11.0048 27.6664 11.0425
      vertex 11 25.6741 9.79985
      vertex 11 27.6664 11.0428
    endloop
  endfacet
  facet normal 0.596026 0.568286 -0.567278
    outer loop
      vertex 8.61591 27.5187 9.99163
      vertex 9.73665 25.5958 9.24285
      vertex 8.40761 27.4829 9.73691
    endloop
  endfacet
  facet normal 0.348197 0.540346 -0.766019
    outer loop
      vertex 9.69515 27.6278 10.7681
      vertex 10.3085 25.6536 9.65431
      vertex 9.40023 27.6069 10.6193
    endloop
  endfacet
  facet normal 0.348176 0.730547 0.587431
    outer loop
      vertex 10.3085 25.2213 6.57848
      vertex 9.69515 26.8121 4.96365
      vertex 9.40023 26.833 5.11246
    endloop
  endfacet
  facet normal 0.0401469 0.742056 0.669135
    outer loop
      vertex 11 25.2009 6.43294
      vertex 10.9952 26.7735 4.68925
      vertex 10.8223 25.2022 6.44216
    endloop
  endfacet
  facet normal 0.0348581 0.742196 0.669276
    outer loop
      vertex 10.9952 26.7735 4.68925
      vertex 11 25.2009 6.43294
      vertex 11 26.7735 4.689
    endloop
  endfacet
  facet normal -0.346494 0.730646 0.588301
    outer loop
      vertex 12.5998 26.833 5.11246
      vertex 11.85 25.2326 6.65848
      vertex 12.6041 26.8333 5.11462
    endloop
  endfacet
  facet normal -0.348483 0.730554 0.587241
    outer loop
      vertex 11.85 25.2326 6.65848
      vertex 12.5998 26.833 5.11246
      vertex 11.6915 25.2213 6.57848
    endloop
  endfacet
  facet normal -0.643264 0.693585 0.324271
    outer loop
      vertex 13.7757 26.9962 6.27345
      vertex 13.5954 26.9575 5.99856
      vertex 12.3753 25.2984 7.12688
    endloop
  endfacet
  facet normal -0.595884 0.702655 0.388842
    outer loop
      vertex 13.5954 26.9575 5.99856
      vertex 12.2633 25.2792 6.98994
      vertex 12.3753 25.2984 7.12688
    endloop
  endfacet
  facet normal -0.59617 0.70264 0.38843
    outer loop
      vertex 12.2633 25.2792 6.98994
      vertex 13.5954 26.9575 5.99856
      vertex 13.5924 26.957 5.99486
    endloop
  endfacet
  facet normal -0.716063 0.673697 0.182717
    outer loop
      vertex 12.553 25.3412 7.43167
      vertex 14.0511 27.082 6.88417
      vertex 14.0494 27.0814 6.87972
    endloop
  endfacet
  facet normal -0.716069 0.673696 0.182697
    outer loop
      vertex 14.0511 27.082 6.88417
      vertex 12.553 25.3412 7.43167
      vertex 12.6168 25.3644 7.59618
    endloop
  endfacet
  facet normal -0.757124 0.652505 0.0316234
    outer loop
      vertex 12.6629 25.3883 7.76638
      vertex 14.1388 27.1278 7.21008
      vertex 14.138 27.1271 7.20537
    endloop
  endfacet
  facet normal -0.7575 0.652165 0.0295644
    outer loop
      vertex 14.1388 27.1278 7.21008
      vertex 12.6629 25.3883 7.76638
      vertex 12.6907 25.4127 7.94043
    endloop
  endfacet
  facet normal -0.765896 0.629844 -0.12923
    outer loop
      vertex 14.1905 27.2666 8.19796
      vertex 14.2079 27.2206 7.87064
      vertex 12.6907 25.4622 8.29236
    endloop
  endfacet
  facet normal -0.75754 0.618781 -0.207949
    outer loop
      vertex 14.1388 27.3121 8.52169
      vertex 14.1905 27.2666 8.19796
      vertex 12.6907 25.4622 8.29236
    endloop
  endfacet
  facet normal -0.64201 0.576808 -0.50509
    outer loop
      vertex 13.7783 27.4432 9.45433
      vertex 12.3753 25.5765 9.1059
      vertex 13.7757 27.4438 9.45832
    endloop
  endfacet
  facet normal -0.643354 0.577377 -0.502725
    outer loop
      vertex 12.3753 25.5765 9.1059
      vertex 13.7783 27.4432 9.45433
      vertex 12.4722 25.5558 8.95812
    endloop
  endfacet
  facet normal -0.596019 0.568298 -0.567273
    outer loop
      vertex 13.3841 27.5187 9.99163
      vertex 13.5924 27.4829 9.73691
      vertex 12.2633 25.5958 9.24285
    endloop
  endfacet
  facet normal -0.643225 0.577317 -0.502957
    outer loop
      vertex 13.5954 27.4824 9.73321
      vertex 13.7757 27.4438 9.45832
      vertex 12.3753 25.5765 9.1059
    endloop
  endfacet
  facet normal -0.683357 0.587007 -0.434104
    outer loop
      vertex 13.7805 27.4426 9.45008
      vertex 13.9308 27.4016 9.15804
      vertex 12.553 25.5337 8.80112
    endloop
  endfacet
  facet normal -0.682305 0.586799 -0.436035
    outer loop
      vertex 13.7805 27.4426 9.45008
      vertex 12.4722 25.5558 8.95812
      vertex 13.7783 27.4432 9.45433
    endloop
  endfacet
  facet normal -0.683259 0.586999 -0.434268
    outer loop
      vertex 12.4722 25.5558 8.95812
      vertex 13.7805 27.4426 9.45008
      vertex 12.553 25.5337 8.80112
    endloop
  endfacet
  facet normal -0.488113 0.552466 -0.675668
    outer loop
      vertex 12.1375 25.6133 9.36744
      vertex 12.8857 27.5812 10.436
      vertex 12.8894 27.5808 10.433
    endloop
  endfacet
  facet normal -0.482618 0.552499 -0.679577
    outer loop
      vertex 12.8857 27.5812 10.436
      vertex 12.1375 25.6133 9.36744
      vertex 11.9992 25.6289 9.47834
    endloop
  endfacet
  facet normal -0.274727 0.535797 -0.798403
    outer loop
      vertex 11.9958 27.6444 10.8856
      vertex 12.3049 27.6278 10.7681
      vertex 11.6915 25.6536 9.65431
    endloop
  endfacet
  facet normal -0.198468 0.532342 -0.822936
    outer loop
      vertex 11.667 27.6567 10.9733
      vertex 11.9867 27.6448 10.8885
      vertex 11.3534 25.6689 9.76306
    endloop
  endfacet
  facet normal 0.757507 0.618761 -0.208128
    outer loop
      vertex 7.86125 27.3121 8.52169
      vertex 9.30931 25.4622 8.29236
      vertex 7.80947 27.2666 8.19796
    endloop
  endfacet
  facet normal 0.742221 0.608377 -0.281044
    outer loop
      vertex 9.3832 25.5106 8.63661
      vertex 7.94766 27.3573 8.84299
      vertex 7.94891 27.3579 8.84759
    endloop
  endfacet
  facet normal 0.740849 0.60784 -0.285785
    outer loop
      vertex 7.94766 27.3573 8.84299
      vertex 9.3832 25.5106 8.63661
      vertex 9.33715 25.4867 8.4664
    endloop
  endfacet
  facet normal 0.682983 0.586928 -0.434798
    outer loop
      vertex 9.52776 25.5558 8.95812
      vertex 8.21951 27.4426 9.45008
      vertex 8.2217 27.4432 9.45433
    endloop
  endfacet
  facet normal 0.683286 0.586992 -0.434237
    outer loop
      vertex 8.21951 27.4426 9.45008
      vertex 9.52776 25.5558 8.95812
      vertex 9.44697 25.5337 8.80112
    endloop
  endfacet
  facet normal 0.597797 0.568886 -0.564808
    outer loop
      vertex 9.73665 25.5958 9.24285
      vertex 8.40459 27.4824 9.73321
      vertex 8.40761 27.4829 9.73691
    endloop
  endfacet
  facet normal 0.595958 0.568256 -0.56738
    outer loop
      vertex 8.40459 27.4824 9.73321
      vertex 9.73665 25.5958 9.24285
      vertex 9.62467 25.5765 9.1059
    endloop
  endfacet
  facet normal 0.348392 0.540381 -0.765906
    outer loop
      vertex 10.15 25.6424 9.57431
      vertex 9.40023 27.6069 10.6193
      vertex 10.3085 25.6536 9.65431
    endloop
  endfacet
  facet normal 0.354192 0.540959 -0.762831
    outer loop
      vertex 9.40023 27.6069 10.6193
      vertex 10.15 25.6424 9.57431
      vertex 9.39595 27.6066 10.6171
    endloop
  endfacet
  facet normal 0.766037 0.640518 -0.0540743
    outer loop
      vertex 9.3 25.4375 8.11639
      vertex 7.79214 27.2193 7.86113
      vertex 7.79189 27.22 7.86588
    endloop
  endfacet
  facet normal 0.765908 0.641017 -0.0498217
    outer loop
      vertex 7.79214 27.2193 7.86113
      vertex 9.3 25.4375 8.11639
      vertex 9.30931 25.4127 7.94043
    endloop
  endfacet
  facet normal 0.765913 0.641034 -0.0495365
    outer loop
      vertex 9.30931 25.4127 7.94043
      vertex 7.80947 27.1733 7.53381
      vertex 7.79214 27.2193 7.86113
    endloop
  endfacet
  facet normal 0.643293 0.693586 0.32421
    outer loop
      vertex 9.62467 25.2984 7.12688
      vertex 8.2217 26.9967 6.27744
      vertex 9.52776 25.3192 7.27467
    endloop
  endfacet
  facet normal 0.638711 0.693921 0.332447
    outer loop
      vertex 8.2217 26.9967 6.27744
      vertex 9.62467 25.2984 7.12688
      vertex 8.22432 26.9962 6.27345
    endloop
  endfacet
  facet normal 0.596034 0.702637 0.388644
    outer loop
      vertex 9.73665 25.2792 6.98994
      vertex 8.61591 26.9212 5.74013
      vertex 8.40761 26.957 5.99486
    endloop
  endfacet
  facet normal 0.6433 0.693573 0.324225
    outer loop
      vertex 9.62467 25.2984 7.12688
      vertex 8.40459 26.9575 5.99856
      vertex 8.22432 26.9962 6.27345
    endloop
  endfacet
  facet normal 0.683434 0.683883 0.255385
    outer loop
      vertex 9.44697 25.3412 7.43167
      vertex 8.21951 26.9973 6.28168
      vertex 8.06925 27.0384 6.57373
    endloop
  endfacet
  facet normal 0.683221 0.683966 0.255733
    outer loop
      vertex 9.52776 25.3192 7.27467
      vertex 8.21951 26.9973 6.28168
      vertex 9.44697 25.3412 7.43167
    endloop
  endfacet
  facet normal 0.683067 0.684014 0.256016
    outer loop
      vertex 8.21951 26.9973 6.28168
      vertex 9.52776 25.3192 7.27467
      vertex 8.2217 26.9967 6.27744
    endloop
  endfacet
  facet normal 0.482629 0.718417 0.500946
    outer loop
      vertex 10.0008 25.2461 6.75445
      vertex 9.11059 26.8592 5.29873
      vertex 9.86248 25.2617 6.86534
    endloop
  endfacet
  facet normal 0.480983 0.718643 0.502203
    outer loop
      vertex 9.11059 26.8592 5.29873
      vertex 10.0008 25.2461 6.75445
      vertex 9.11432 26.8588 5.29573
    endloop
  endfacet
  facet normal 0.274803 0.735092 0.619777
    outer loop
      vertex 10.3085 25.2213 6.57848
      vertex 10.0042 26.7956 4.84619
      vertex 9.69515 26.8121 4.96365
    endloop
  endfacet
  facet normal 0.198667 0.73857 0.644241
    outer loop
      vertex 10.6466 25.2061 6.46973
      vertex 10.333 26.7832 4.75842
      vertex 10.0133 26.7952 4.84325
    endloop
  endfacet
  facet normal -0.274455 0.735136 0.619878
    outer loop
      vertex 11.9958 26.7956 4.84619
      vertex 11.5253 25.2125 6.51533
      vertex 11.6915 25.2213 6.57848
    endloop
  endfacet
  facet normal -0.288929 0.733956 0.614678
    outer loop
      vertex 11.5253 25.2125 6.51533
      vertex 11.9958 26.7956 4.84619
      vertex 11.9914 26.7953 4.84448
    endloop
  endfacet
  facet normal -0.482708 0.718402 0.500891
    outer loop
      vertex 13.1466 26.8882 5.505
      vertex 12.8894 26.8592 5.29873
      vertex 12.1375 25.2617 6.86534
    endloop
  endfacet
  facet normal -0.542327 0.710949 0.447698
    outer loop
      vertex 13.3841 26.9212 5.74013
      vertex 12.1375 25.2617 6.86534
      vertex 12.2633 25.2792 6.98994
    endloop
  endfacet
  facet normal -0.542182 0.710953 0.447866
    outer loop
      vertex 12.1375 25.2617 6.86534
      vertex 13.3841 26.9212 5.74013
      vertex 13.1466 26.8882 5.505
    endloop
  endfacet
  facet normal -0.643306 0.693591 0.324174
    outer loop
      vertex 13.7783 26.9967 6.27744
      vertex 12.3753 25.2984 7.12688
      vertex 12.4722 25.3192 7.27467
    endloop
  endfacet
  facet normal -0.640015 0.693838 0.330105
    outer loop
      vertex 12.3753 25.2984 7.12688
      vertex 13.7783 26.9967 6.27744
      vertex 13.7757 26.9962 6.27345
    endloop
  endfacet
  facet normal -0.683194 0.683982 0.255761
    outer loop
      vertex 13.7805 26.9973 6.28168
      vertex 12.4722 25.3192 7.27467
      vertex 12.553 25.3412 7.43167
    endloop
  endfacet
  facet normal -0.682388 0.684231 0.257244
    outer loop
      vertex 12.4722 25.3192 7.27467
      vertex 13.7805 26.9973 6.28168
      vertex 13.7783 26.9967 6.27744
    endloop
  endfacet
  facet normal -0.716022 0.673704 0.182852
    outer loop
      vertex 14.0494 27.0814 6.87972
      vertex 13.9308 27.0384 6.57373
      vertex 12.553 25.3412 7.43167
    endloop
  endfacet
  facet normal -0.755208 0.617291 -0.220483
    outer loop
      vertex 14.1388 27.3121 8.52169
      vertex 12.6629 25.4867 8.4664
      vertex 14.138 27.3128 8.52639
    endloop
  endfacet
  facet normal -0.757505 0.618772 -0.208105
    outer loop
      vertex 12.6629 25.4867 8.4664
      vertex 14.1388 27.3121 8.52169
      vertex 12.6907 25.4622 8.29236
    endloop
  endfacet
  facet normal -0.740807 0.607809 -0.285959
    outer loop
      vertex 14.0523 27.3573 8.84299
      vertex 14.138 27.3128 8.52639
      vertex 12.6629 25.4867 8.4664
    endloop
  endfacet
  facet normal -0.59922 0.569381 -0.562797
    outer loop
      vertex 13.5954 27.4824 9.73321
      vertex 12.2633 25.5958 9.24285
      vertex 13.5924 27.4829 9.73691
    endloop
  endfacet
  facet normal -0.595914 0.568251 -0.567431
    outer loop
      vertex 12.2633 25.5958 9.24285
      vertex 13.5954 27.4824 9.73321
      vertex 12.3753 25.5765 9.1059
    endloop
  endfacet
  facet normal -0.414195 0.546003 -0.728233
    outer loop
      vertex 11.9992 25.6289 9.47834
      vertex 12.6041 27.6066 10.6171
      vertex 12.6081 27.6063 10.6146
    endloop
  endfacet
  facet normal -0.417745 0.545944 -0.726246
    outer loop
      vertex 12.6041 27.6066 10.6171
      vertex 11.9992 25.6289 9.47834
      vertex 11.85 25.6424 9.57431
    endloop
  endfacet
  facet normal -0.352903 0.540836 -0.763515
    outer loop
      vertex 11.85 25.6424 9.57431
      vertex 12.5998 27.6069 10.6193
      vertex 12.6041 27.6066 10.6171
    endloop
  endfacet
  facet normal -0.348391 0.540384 -0.765904
    outer loop
      vertex 12.5998 27.6069 10.6193
      vertex 11.85 25.6424 9.57431
      vertex 11.6915 25.6536 9.65431
    endloop
  endfacet
  facet normal -0.188217 0.531643 -0.82579
    outer loop
      vertex 11.5253 25.6625 9.71746
      vertex 11.9867 27.6448 10.8885
      vertex 11.9914 27.6446 10.8873
    endloop
  endfacet
  facet normal -0.19848 0.532343 -0.822932
    outer loop
      vertex 11.9867 27.6448 10.8885
      vertex 11.5253 25.6625 9.71746
      vertex 11.3534 25.6689 9.76306
    endloop
  endfacet
  facet normal -0.12002 0.530044 -0.839434
    outer loop
      vertex 11.3353 27.664 11.0254
      vertex 11.6623 27.6568 10.9741
      vertex 11.1777 25.6728 9.79063
    endloop
  endfacet
  facet normal 0.740819 0.607836 -0.285873
    outer loop
      vertex 7.94766 27.3573 8.84299
      vertex 9.33715 25.4867 8.4664
      vertex 7.862 27.3128 8.52639
    endloop
  endfacet
  facet normal 0.756646 0.618221 -0.212817
    outer loop
      vertex 9.33715 25.4867 8.4664
      vertex 7.86125 27.3121 8.52169
      vertex 7.862 27.3128 8.52639
    endloop
  endfacet
  facet normal 0.757475 0.618753 -0.208271
    outer loop
      vertex 7.86125 27.3121 8.52169
      vertex 9.33715 25.4867 8.4664
      vertex 9.30931 25.4622 8.29236
    endloop
  endfacet
  facet normal 0.716023 0.597194 -0.361484
    outer loop
      vertex 8.06925 27.4016 9.15804
      vertex 9.44697 25.5337 8.80112
      vertex 7.95063 27.3586 8.85204
    endloop
  endfacet
  facet normal 0.683406 0.587 -0.434035
    outer loop
      vertex 8.21951 27.4426 9.45008
      vertex 9.44697 25.5337 8.80112
      vertex 8.06925 27.4016 9.15804
    endloop
  endfacet
  facet normal 0.640712 0.576248 -0.507372
    outer loop
      vertex 9.62467 25.5765 9.1059
      vertex 8.2217 27.4432 9.45433
      vertex 8.22432 27.4438 9.45832
    endloop
  endfacet
  facet normal 0.64334 0.577363 -0.502758
    outer loop
      vertex 8.2217 27.4432 9.45433
      vertex 9.62467 25.5765 9.1059
      vertex 9.52776 25.5558 8.95812
    endloop
  endfacet
  facet normal 0.198468 0.532342 -0.822936
    outer loop
      vertex 10.333 27.6567 10.9733
      vertex 10.6466 25.6689 9.76306
      vertex 10.0133 27.6448 10.8885
    endloop
  endfacet
  facet normal 0.274767 0.535795 -0.79839
    outer loop
      vertex 10.0042 27.6444 10.8856
      vertex 10.3085 25.6536 9.65431
      vertex 9.69515 27.6278 10.7681
    endloop
  endfacet
  facet normal 0.417855 0.545948 -0.72618
    outer loop
      vertex 9.39191 27.6063 10.6146
      vertex 10.0008 25.6289 9.47834
      vertex 9.11432 27.5812 10.436
    endloop
  endfacet
  facet normal 0.542307 0.55998 -0.626359
    outer loop
      vertex 9.73665 25.5958 9.24285
      vertex 8.85336 27.5518 10.2268
      vertex 9.86248 25.6133 9.36744
    endloop
  endfacet
  facet normal 0.542295 0.55998 -0.626369
    outer loop
      vertex 8.85336 27.5518 10.2268
      vertex 9.73665 25.5958 9.24285
      vertex 8.61591 27.5187 9.99163
    endloop
  endfacet
  facet normal 0.482531 0.552486 -0.679649
    outer loop
      vertex 9.11059 27.5808 10.433
      vertex 9.86248 25.6133 9.36744
      vertex 8.85336 27.5518 10.2268
    endloop
  endfacet
  facet normal 0.75747 0.652193 0.0297298
    outer loop
      vertex 9.33715 25.3883 7.76638
      vertex 7.86125 27.1278 7.21008
      vertex 9.30931 25.4127 7.94043
    endloop
  endfacet
  facet normal 0.7585 0.651232 0.0239942
    outer loop
      vertex 7.86125 27.1278 7.21008
      vertex 9.33715 25.3883 7.76638
      vertex 7.862 27.1271 7.20537
    endloop
  endfacet
  facet normal 0.740819 0.663089 0.107236
    outer loop
      vertex 9.33715 25.3883 7.76638
      vertex 7.94766 27.0826 6.88877
      vertex 7.862 27.1271 7.20537
    endloop
  endfacet
  facet normal 0.595927 0.702646 0.388792
    outer loop
      vertex 9.73665 25.2792 6.98994
      vertex 8.40459 26.9575 5.99856
      vertex 9.62467 25.2984 7.12688
    endloop
  endfacet
  facet normal 0.594748 0.702708 0.390482
    outer loop
      vertex 8.40459 26.9575 5.99856
      vertex 9.73665 25.2792 6.98994
      vertex 8.40761 26.957 5.99486
    endloop
  endfacet
  facet normal 0.417824 0.72496 0.547591
    outer loop
      vertex 10.15 25.2326 6.65848
      vertex 9.39191 26.8337 5.11721
      vertex 10.0008 25.2461 6.75445
    endloop
  endfacet
  facet normal 0.42139 0.724544 0.545405
    outer loop
      vertex 9.39191 26.8337 5.11721
      vertex 10.15 25.2326 6.65848
      vertex 9.39595 26.8333 5.11462
    endloop
  endfacet
  facet normal 0.348484 0.73055 0.587244
    outer loop
      vertex 9.40023 26.833 5.11246
      vertex 10.15 25.2326 6.65848
      vertex 10.3085 25.2213 6.57848
    endloop
  endfacet
  facet normal 0.347768 0.730584 0.587626
    outer loop
      vertex 10.15 25.2326 6.65848
      vertex 9.40023 26.833 5.11246
      vertex 9.39595 26.8333 5.11462
    endloop
  endfacet
  facet normal 0.198419 0.73856 0.644328
    outer loop
      vertex 10.0133 26.7952 4.84325
      vertex 10.4747 25.2125 6.51533
      vertex 10.6466 25.2061 6.46973
    endloop
  endfacet
  facet normal 0.185318 0.738692 0.648068
    outer loop
      vertex 10.4747 25.2125 6.51533
      vertex 10.0133 26.7952 4.84325
      vertex 10.0086 26.7953 4.84448
    endloop
  endfacet
  facet normal 0.119924 0.740893 0.66083
    outer loop
      vertex 10.8223 25.2022 6.44216
      vertex 10.6647 26.7759 4.7064
      vertex 10.3377 26.7831 4.75767
    endloop
  endfacet
  facet normal -0.348193 0.73055 0.587417
    outer loop
      vertex 12.5998 26.833 5.11246
      vertex 12.3049 26.8121 4.96365
      vertex 11.6915 25.2213 6.57848
    endloop
  endfacet
  facet normal -0.121177 0.740902 0.660591
    outer loop
      vertex 11.6623 26.7831 4.75767
      vertex 11.3534 25.2061 6.46973
      vertex 11.667 26.7832 4.75842
    endloop
  endfacet
  facet normal -0.120132 0.740903 0.66078
    outer loop
      vertex 11.3534 25.2061 6.46973
      vertex 11.6623 26.7831 4.75767
      vertex 11.1777 25.2022 6.44216
    endloop
  endfacet
  facet normal -0.198667 0.73857 0.644241
    outer loop
      vertex 11.9867 26.7952 4.84325
      vertex 11.667 26.7832 4.75842
      vertex 11.3534 25.2061 6.46973
    endloop
  endfacet
  facet normal -0.482672 0.718409 0.500914
    outer loop
      vertex 12.8894 26.8592 5.29873
      vertex 11.9992 25.2461 6.75445
      vertex 12.1375 25.2617 6.86534
    endloop
  endfacet
  facet normal -0.48337 0.718313 0.500381
    outer loop
      vertex 11.9992 25.2461 6.75445
      vertex 12.8894 26.8592 5.29873
      vertex 12.8857 26.8588 5.29573
    endloop
  endfacet
  facet normal 0.0529522 0.528571 -0.847236
    outer loop
      vertex 11 25.6741 9.79985
      vertex 10.9952 27.6664 11.0425
      vertex 11 27.6664 11.0428
    endloop
  endfacet
  facet normal 0.040117 0.528865 -0.847757
    outer loop
      vertex 10.9952 27.6664 11.0425
      vertex 11 25.6741 9.79985
      vertex 10.8223 25.6728 9.79063
    endloop
  endfacet
  facet normal 0.19848 0.532343 -0.822932
    outer loop
      vertex 10.4747 25.6625 9.71746
      vertex 10.0133 27.6448 10.8885
      vertex 10.6466 25.6689 9.76306
    endloop
  endfacet
  facet normal 0.188217 0.531643 -0.82579
    outer loop
      vertex 10.0133 27.6448 10.8885
      vertex 10.4747 25.6625 9.71746
      vertex 10.0086 27.6446 10.8873
    endloop
  endfacet
  facet normal 0.274674 0.535814 -0.798409
    outer loop
      vertex 10.3085 25.6536 9.65431
      vertex 10.0086 27.6446 10.8873
      vertex 10.4747 25.6625 9.71746
    endloop
  endfacet
  facet normal 0.283102 0.535421 -0.795725
    outer loop
      vertex 10.0086 27.6446 10.8873
      vertex 10.3085 25.6536 9.65431
      vertex 10.0042 27.6444 10.8856
    endloop
  endfacet
  facet normal 0.417748 0.545937 -0.72625
    outer loop
      vertex 10.0008 25.6289 9.47834
      vertex 9.39595 27.6066 10.6171
      vertex 10.15 25.6424 9.57431
    endloop
  endfacet
  facet normal 0.411144 0.546038 -0.729933
    outer loop
      vertex 9.39595 27.6066 10.6171
      vertex 10.0008 25.6289 9.47834
      vertex 9.39191 27.6063 10.6146
    endloop
  endfacet
  facet normal 0.482577 0.552493 -0.679611
    outer loop
      vertex 9.86248 25.6133 9.36744
      vertex 9.11432 27.5812 10.436
      vertex 10.0008 25.6289 9.47834
    endloop
  endfacet
  facet normal 0.485621 0.552477 -0.677452
    outer loop
      vertex 9.11432 27.5812 10.436
      vertex 9.86248 25.6133 9.36744
      vertex 9.11059 27.5808 10.433
    endloop
  endfacet
  facet normal -0.417823 0.724961 0.54759
    outer loop
      vertex 12.6081 26.8337 5.11721
      vertex 11.85 25.2326 6.65848
      vertex 11.9992 25.2461 6.75445
    endloop
  endfacet
  facet normal -0.424375 0.724186 0.543562
    outer loop
      vertex 11.85 25.2326 6.65848
      vertex 12.6081 26.8337 5.11721
      vertex 12.6041 26.8333 5.11462
    endloop
  endfacet
  facet normal -0.185318 0.738692 0.648068
    outer loop
      vertex 11.9867 26.7952 4.84325
      vertex 11.5253 25.2125 6.51533
      vertex 11.9914 26.7953 4.84448
    endloop
  endfacet
  facet normal -0.198419 0.73856 0.644328
    outer loop
      vertex 11.5253 25.2125 6.51533
      vertex 11.9867 26.7952 4.84325
      vertex 11.3534 25.2061 6.46973
    endloop
  endfacet
  facet normal -0.0401469 0.742056 0.669135
    outer loop
      vertex 11.0048 26.7735 4.68925
      vertex 11 25.2009 6.43294
      vertex 11.1777 25.2022 6.44216
    endloop
  endfacet
  facet normal -0.0348581 0.742196 0.669276
    outer loop
      vertex 11 25.2009 6.43294
      vertex 11.0048 26.7735 4.68925
      vertex 11 26.7735 4.689
    endloop
  endfacet
  facet normal -0.0401107 0.742059 0.669134
    outer loop
      vertex 11.1777 25.2022 6.44216
      vertex 11.3353 26.7759 4.7064
      vertex 11.0048 26.7735 4.68925
    endloop
  endfacet
  facet normal 0.0400222 0.528873 -0.847757
    outer loop
      vertex 10.9952 27.6664 11.0425
      vertex 10.8223 25.6728 9.79063
      vertex 10.6647 27.664 11.0254
    endloop
  endfacet
  facet normal 0.12002 0.530044 -0.839434
    outer loop
      vertex 10.6647 27.664 11.0254
      vertex 10.8223 25.6728 9.79063
      vertex 10.3377 27.6568 10.9741
    endloop
  endfacet
  facet normal -0.998627 0.00728947 0.0518673
    outer loop
      vertex 15.2267 27.1581 7.42596
      vertex 15.25 44.4305 5.44709
      vertex 15.2267 44.5295 4.98457
    endloop
  endfacet
  facet normal -0.998627 0.0072893 0.0518658
    outer loop
      vertex 15.25 44.4305 5.44709
      vertex 15.2267 27.1581 7.42596
      vertex 15.25 27.22 7.86588
    endloop
  endfacet
  facet normal 0.99863 0.00728306 0.0518214
    outer loop
      vertex 6.77328 27.1581 7.42596
      vertex 6.75 44.4305 5.44709
      vertex 6.75 27.22 7.86588
    endloop
  endfacet
  facet normal 0.99863 0.00728323 0.0518229
    outer loop
      vertex 6.75 44.4305 5.44709
      vertex 6.77328 27.1581 7.42596
      vertex 6.77328 44.5295 4.98457
    endloop
  endfacet
  facet normal -0.0523397 0.138982 0.988911
    outer loop
      vertex 11 45.0613 1.06668
      vertex 11.4442 26.6317 3.6803
      vertex 11.4442 45.0613 1.09019
    endloop
  endfacet
  facet normal -0.0523391 0.138982 0.988911
    outer loop
      vertex 11.4442 26.6317 3.6803
      vertex 11 45.0613 1.06668
      vertex 11 26.6285 3.65724
    endloop
  endfacet
  facet normal 0.0522059 -0.138981 -0.988918
    outer loop
      vertex 10.5558 27.8082 12.0515
      vertex 11 43.4835 9.87196
      vertex 11 27.8114 12.0745
    endloop
  endfacet
  facet normal 0.0523379 -0.138984 -0.988911
    outer loop
      vertex 11 43.4835 9.87196
      vertex 10.5558 27.8082 12.0515
      vertex 10.5558 43.4887 9.84772
    endloop
  endfacet
  facet normal -0.70706 0.0984166 0.700271
    outer loop
      vertex 13.8438 26.7804 4.73825
      vertex 14.1584 45.0613 2.48669
      vertex 13.8438 45.0613 2.16904
    endloop
  endfacet
  facet normal -0.707067 0.0984159 0.700265
    outer loop
      vertex 14.1584 45.0613 2.48669
      vertex 13.8438 26.7804 4.73825
      vertex 14.1584 26.8242 5.04975
    endloop
  endfacet
  facet normal 0.629332 0.108156 0.769574
    outer loop
      vertex 8.1562 26.7804 4.73825
      vertex 8.50191 45.0613 1.88633
      vertex 8.1562 45.0613 2.16904
    endloop
  endfacet
  facet normal 0.629333 0.108156 0.769573
    outer loop
      vertex 8.50191 45.0613 1.88633
      vertex 8.1562 26.7804 4.73825
      vertex 8.50191 26.7414 4.46102
    endloop
  endfacet
  facet normal 0.258809 0.134431 0.956528
    outer loop
      vertex 9.68668 26.6574 3.86323
      vertex 10.1164 45.0613 1.16046
      vertex 9.68668 45.0613 1.27673
    endloop
  endfacet
  facet normal 0.258806 0.134431 0.956529
    outer loop
      vertex 10.1164 45.0613 1.16046
      vertex 9.68668 26.6574 3.86323
      vertex 10.1164 26.6414 3.74921
    endloop
  endfacet
  facet normal 0.987688 -0.0217718 -0.154914
    outer loop
      vertex 6.77328 27.2818 8.30581
      vertex 6.84287 44.2336 6.36707
      vertex 6.84287 27.3429 8.74091
    endloop
  endfacet
  facet normal 0.987688 -0.0217722 -0.154917
    outer loop
      vertex 6.84287 44.2336 6.36707
      vertex 6.77328 27.2818 8.30581
      vertex 6.77328 44.3316 5.90962
    endloop
  endfacet
  facet normal -7.04399e-05 0.990273 -0.139138
    outer loop
      vertex 11.0048 27.6664 11.0425
      vertex 11 27.8114 12.0745
      vertex 11.4442 27.8082 12.0515
    endloop
  endfacet
  facet normal 4.17382e-05 0.990272 -0.139148
    outer loop
      vertex 11.6623 27.6568 10.9741
      vertex 11.4442 27.8082 12.0515
      vertex 11.8836 27.7985 11.9826
    endloop
  endfacet
  facet normal -0.00869823 0.99023 -0.139172
    outer loop
      vertex 11 27.8114 12.0745
      vertex 11.0048 27.6664 11.0425
      vertex 11 27.6664 11.0428
    endloop
  endfacet
  facet normal -6.82046e-05 0.990275 -0.139121
    outer loop
      vertex 11.9867 27.6448 10.8885
      vertex 11.8836 27.7985 11.9826
      vertex 12.3133 27.7825 11.8685
    endloop
  endfacet
  facet normal 0.00869823 0.99023 -0.139172
    outer loop
      vertex 10.9952 27.6664 11.0425
      vertex 11 27.8114 12.0745
      vertex 11 27.6664 11.0428
    endloop
  endfacet
  facet normal 6.09331e-05 0.990271 -0.139155
    outer loop
      vertex 11.9958 27.6444 10.8856
      vertex 12.3133 27.7825 11.8685
      vertex 12.7286 27.7603 11.7107
    endloop
  endfacet
  facet normal 7.04399e-05 0.990273 -0.139138
    outer loop
      vertex 11 27.8114 12.0745
      vertex 10.9952 27.6664 11.0425
      vertex 10.5558 27.8082 12.0515
    endloop
  endfacet
  facet normal -2.51892e-05 0.990267 -0.139182
    outer loop
      vertex 12.5998 27.6069 10.6193
      vertex 12.7286 27.7603 11.7107
      vertex 13.125 27.7322 11.5107
    endloop
  endfacet
  facet normal 9.23509e-06 0.990269 -0.139164
    outer loop
      vertex 10.6647 27.664 11.0254
      vertex 10.5558 27.8082 12.0515
      vertex 10.9952 27.6664 11.0425
    endloop
  endfacet
  facet normal -4.88438e-05 0.990275 -0.139127
    outer loop
      vertex 12.8857 27.5812 10.436
      vertex 13.125 27.7322 11.5107
      vertex 13.4981 27.6985 11.2707
    endloop
  endfacet
  facet normal 2.76945e-05 0.99027 -0.139162
    outer loop
      vertex 10.3377 27.6568 10.9741
      vertex 10.5558 27.8082 12.0515
      vertex 10.6647 27.664 11.0254
    endloop
  endfacet
  facet normal 0.00251968 0.990346 -0.138596
    outer loop
      vertex 10.333 27.6567 10.9733
      vertex 10.1164 27.7985 11.9826
      vertex 10.3377 27.6568 10.9741
    endloop
  endfacet
  facet normal -4.17382e-05 0.990272 -0.139148
    outer loop
      vertex 10.5558 27.8082 12.0515
      vertex 10.3377 27.6568 10.9741
      vertex 10.1164 27.7985 11.9826
    endloop
  endfacet
  facet normal -9.23509e-06 0.990269 -0.139164
    outer loop
      vertex 11.4442 27.8082 12.0515
      vertex 11.3353 27.664 11.0254
      vertex 11.0048 27.6664 11.0425
    endloop
  endfacet
  facet normal 0.000101249 0.990265 -0.139197
    outer loop
      vertex 13.1466 27.5518 10.2268
      vertex 13.4981 27.6985 11.2707
      vertex 13.8438 27.6595 10.9935
    endloop
  endfacet
  facet normal -2.76945e-05 0.99027 -0.139162
    outer loop
      vertex 11.4442 27.8082 12.0515
      vertex 11.6623 27.6568 10.9741
      vertex 11.3353 27.664 11.0254
    endloop
  endfacet
  facet normal -0.00251968 0.990346 -0.138596
    outer loop
      vertex 11.8836 27.7985 11.9826
      vertex 11.667 27.6567 10.9733
      vertex 11.6623 27.6568 10.9741
    endloop
  endfacet
  facet normal -4.05645e-05 0.990276 -0.139119
    outer loop
      vertex 11.8836 27.7985 11.9826
      vertex 11.9867 27.6448 10.8885
      vertex 11.667 27.6567 10.9733
    endloop
  endfacet
  facet normal 0.00609284 0.989972 -0.141132
    outer loop
      vertex 12.3133 27.7825 11.8685
      vertex 11.9914 27.6446 10.8873
      vertex 11.9867 27.6448 10.8885
    endloop
  endfacet
  facet normal -0.00777684 0.990586 -0.136668
    outer loop
      vertex 12.3133 27.7825 11.8685
      vertex 11.9958 27.6444 10.8856
      vertex 11.9914 27.6446 10.8873
    endloop
  endfacet
  facet normal 0.000227604 0.99025 -0.1393
    outer loop
      vertex 12.7286 27.7603 11.7107
      vertex 12.3049 27.6278 10.7681
      vertex 11.9958 27.6444 10.8856
    endloop
  endfacet
  facet normal 4.90526e-05 0.990265 -0.139192
    outer loop
      vertex 13.3841 27.5187 9.99163
      vertex 13.8438 27.6595 10.9935
      vertex 14.1584 27.6157 10.682
    endloop
  endfacet
  facet normal -4.54742e-05 0.990267 -0.13918
    outer loop
      vertex 12.7286 27.7603 11.7107
      vertex 12.5998 27.6069 10.6193
      vertex 12.3049 27.6278 10.7681
    endloop
  endfacet
  facet normal -0.00163595 0.990396 -0.138252
    outer loop
      vertex 13.125 27.7322 11.5107
      vertex 12.6041 27.6066 10.6171
      vertex 12.5998 27.6069 10.6193
    endloop
  endfacet
  facet normal -0.00933116 0.990958 -0.133845
    outer loop
      vertex 13.125 27.7322 11.5107
      vertex 12.6081 27.6063 10.6146
      vertex 12.6041 27.6066 10.6171
    endloop
  endfacet
  facet normal 1.84945e-05 0.990272 -0.139142
    outer loop
      vertex 13.125 27.7322 11.5107
      vertex 12.8857 27.5812 10.436
      vertex 12.6081 27.6063 10.6146
    endloop
  endfacet
  facet normal -0.00362415 0.990626 -0.136553
    outer loop
      vertex 13.4981 27.6985 11.2707
      vertex 12.8894 27.5808 10.433
      vertex 12.8857 27.5812 10.436
    endloop
  endfacet
  facet normal 3.00146e-06 0.990271 -0.13915
    outer loop
      vertex 13.5924 27.4829 9.73691
      vertex 14.1584 27.6157 10.682
      vertex 14.4383 27.5676 10.3397
    endloop
  endfacet
  facet normal 6.84243e-05 0.990266 -0.139186
    outer loop
      vertex 13.4981 27.6985 11.2707
      vertex 13.1466 27.5518 10.2268
      vertex 12.8894 27.5808 10.433
    endloop
  endfacet
  facet normal 0.000142968 0.99026 -0.139234
    outer loop
      vertex 13.8438 27.6595 10.9935
      vertex 13.3841 27.5187 9.99163
      vertex 13.1466 27.5518 10.2268
    endloop
  endfacet
  facet normal -1.03265e-06 0.990279 -0.139095
    outer loop
      vertex 13.7757 27.4438 9.45832
      vertex 14.4383 27.5676 10.3397
      vertex 14.6806 27.5157 9.9702
    endloop
  endfacet
  facet normal 2.1505e-05 0.99027 -0.139161
    outer loop
      vertex 14.1584 27.6157 10.682
      vertex 13.5924 27.4829 9.73691
      vertex 13.3841 27.5187 9.99163
    endloop
  endfacet
  facet normal -0.0024065 0.990729 -0.135833
    outer loop
      vertex 14.4383 27.5676 10.3397
      vertex 13.5954 27.4824 9.73321
      vertex 13.5924 27.4829 9.73691
    endloop
  endfacet
  facet normal 9.9037e-05 0.990262 -0.139213
    outer loop
      vertex 13.9308 27.4016 9.15804
      vertex 14.6806 27.5157 9.9702
      vertex 14.8826 27.4605 9.57769
    endloop
  endfacet
  facet normal -2.93669e-05 0.990282 -0.139074
    outer loop
      vertex 14.4383 27.5676 10.3397
      vertex 13.7757 27.4438 9.45832
      vertex 13.5954 27.4824 9.73321
    endloop
  endfacet
  facet normal 0.00405338 0.989259 -0.146119
    outer loop
      vertex 14.6806 27.5157 9.9702
      vertex 13.7783 27.4432 9.45433
      vertex 13.7757 27.4438 9.45832
    endloop
  endfacet
  facet normal 0.00027835 0.990201 -0.139649
    outer loop
      vertex 14.6806 27.5157 9.9702
      vertex 13.7805 27.4426 9.45008
      vertex 13.7783 27.4432 9.45433
    endloop
  endfacet
  facet normal 7.37985e-05 0.990272 -0.139145
    outer loop
      vertex 14.0494 27.3586 8.85204
      vertex 14.8826 27.4605 9.57769
      vertex 15.042 27.4027 9.16642
    endloop
  endfacet
  facet normal -6.7378e-05 0.990284 -0.139062
    outer loop
      vertex 14.6806 27.5157 9.9702
      vertex 13.9308 27.4016 9.15804
      vertex 13.7805 27.4426 9.45008
    endloop
  endfacet
  facet normal 6.25779e-05 0.990274 -0.139132
    outer loop
      vertex 14.8826 27.4605 9.57769
      vertex 14.0494 27.3586 8.85204
      vertex 13.9308 27.4016 9.15804
    endloop
  endfacet
  facet normal 0.00475369 0.988119 -0.153618
    outer loop
      vertex 15.042 27.4027 9.16642
      vertex 14.0511 27.3579 8.84759
      vertex 14.0494 27.3586 8.85204
    endloop
  endfacet
  facet normal -0.00296642 0.991497 -0.130099
    outer loop
      vertex 15.042 27.4027 9.16642
      vertex 14.0523 27.3573 8.84299
      vertex 14.0511 27.3579 8.84759
    endloop
  endfacet
  facet normal 4.96049e-05 0.99027 -0.139156
    outer loop
      vertex 15.1571 27.3429 8.74091
      vertex 14.0523 27.3573 8.84299
      vertex 15.042 27.4027 9.16642
    endloop
  endfacet
  facet normal 4.78537e-05 0.990268 -0.139175
    outer loop
      vertex 15.1571 27.3429 8.74091
      vertex 14.138 27.3128 8.52639
      vertex 14.0523 27.3573 8.84299
    endloop
  endfacet
  facet normal 0.00173329 0.989132 -0.147022
    outer loop
      vertex 15.1571 27.3429 8.74091
      vertex 14.1388 27.3121 8.52169
      vertex 14.138 27.3128 8.52639
    endloop
  endfacet
  facet normal -1.45587e-05 0.990283 -0.139065
    outer loop
      vertex 15.2267 27.2818 8.30581
      vertex 14.1388 27.3121 8.52169
      vertex 15.1571 27.3429 8.74091
    endloop
  endfacet
  facet normal -3.92622e-05 0.990266 -0.139187
    outer loop
      vertex 15.2267 27.2818 8.30581
      vertex 14.1905 27.2666 8.19796
      vertex 14.1388 27.3121 8.52169
    endloop
  endfacet
  facet normal -4.11269e-05 0.990269 -0.13917
    outer loop
      vertex 15.2267 27.2818 8.30581
      vertex 14.2079 27.2206 7.87064
      vertex 14.1905 27.2666 8.19796
    endloop
  endfacet
  facet normal -6.52708e-05 0.990276 -0.139114
    outer loop
      vertex 15.25 27.22 7.86588
      vertex 14.2079 27.2206 7.87064
      vertex 15.2267 27.2818 8.30581
    endloop
  endfacet
  facet normal 0 0.992149 -0.125061
    outer loop
      vertex 15.25 27.22 7.86588
      vertex 14.2081 27.22 7.86588
      vertex 14.2079 27.2206 7.87064
    endloop
  endfacet
  facet normal 0 0.989315 -0.145794
    outer loop
      vertex 15.25 27.22 7.86588
      vertex 14.2079 27.2193 7.86113
      vertex 14.2081 27.22 7.86588
    endloop
  endfacet
  facet normal -3.08507e-05 0.990269 -0.139166
    outer loop
      vertex 15.25 27.22 7.86588
      vertex 14.1905 27.1733 7.53381
      vertex 14.2079 27.2193 7.86113
    endloop
  endfacet
  facet normal 2.34816e-05 0.990245 -0.139336
    outer loop
      vertex 15.2267 27.1581 7.42596
      vertex 14.1905 27.1733 7.53381
      vertex 15.25 27.22 7.86588
    endloop
  endfacet
  facet normal 3.92622e-05 0.990266 -0.139187
    outer loop
      vertex 15.2267 27.1581 7.42596
      vertex 14.1388 27.1278 7.21008
      vertex 14.1905 27.1733 7.53381
    endloop
  endfacet
  facet normal 1.45587e-05 0.990283 -0.139065
    outer loop
      vertex 15.1571 27.097 6.99086
      vertex 14.1388 27.1278 7.21008
      vertex 15.2267 27.1581 7.42596
    endloop
  endfacet
  facet normal -0.00166853 0.989175 -0.146728
    outer loop
      vertex 14.1388 27.1278 7.21008
      vertex 15.1571 27.097 6.99086
      vertex 14.138 27.1271 7.20537
    endloop
  endfacet
  facet normal -4.65616e-05 0.990268 -0.139175
    outer loop
      vertex 15.1571 27.097 6.99086
      vertex 14.0523 27.0826 6.88877
      vertex 14.138 27.1271 7.20537
    endloop
  endfacet
  facet normal -4.8623e-05 0.990271 -0.139154
    outer loop
      vertex 15.042 27.0372 6.56534
      vertex 14.0523 27.0826 6.88877
      vertex 15.1571 27.097 6.99086
    endloop
  endfacet
  facet normal 0.00296642 0.991497 -0.130099
    outer loop
      vertex 14.0523 27.0826 6.88877
      vertex 15.042 27.0372 6.56534
      vertex 14.0511 27.082 6.88417
    endloop
  endfacet
  facet normal 0.00161345 0.990949 -0.134228
    outer loop
      vertex 14.0511 27.082 6.88417
      vertex 15.042 27.0372 6.56534
      vertex 14.0494 27.0814 6.87972
    endloop
  endfacet
  facet normal 1.41044e-05 0.990267 -0.139181
    outer loop
      vertex 14.8826 26.9794 6.15408
      vertex 14.0494 27.0814 6.87972
      vertex 15.042 27.0372 6.56534
    endloop
  endfacet
  facet normal 2.45671e-05 0.990269 -0.139169
    outer loop
      vertex 14.0494 27.0814 6.87972
      vertex 14.8826 26.9794 6.15408
      vertex 13.9308 27.0384 6.57373
    endloop
  endfacet
  facet normal -1.29623e-05 0.990257 -0.139253
    outer loop
      vertex 14.6806 26.9242 5.76156
      vertex 13.9308 27.0384 6.57373
      vertex 14.8826 26.9794 6.15408
    endloop
  endfacet
  facet normal -8.15228e-05 0.990248 -0.139315
    outer loop
      vertex 13.9308 27.0384 6.57373
      vertex 14.6806 26.9242 5.76156
      vertex 13.7805 26.9973 6.28168
    endloop
  endfacet
  facet normal -0.000424754 0.990166 -0.139897
    outer loop
      vertex 13.7805 26.9973 6.28168
      vertex 14.6806 26.9242 5.76156
      vertex 13.7783 26.9967 6.27744
    endloop
  endfacet
  facet normal 0.00628864 0.991706 -0.128372
    outer loop
      vertex 13.7783 26.9967 6.27744
      vertex 14.6806 26.9242 5.76156
      vertex 13.7757 26.9962 6.27345
    endloop
  endfacet
  facet normal 7.1965e-05 0.99027 -0.139159
    outer loop
      vertex 14.4383 26.8723 5.39211
      vertex 13.7757 26.9962 6.27345
      vertex 14.6806 26.9242 5.76156
    endloop
  endfacet
  facet normal -0.000142236 0.990248 -0.139317
    outer loop
      vertex 13.7757 26.9962 6.27345
      vertex 14.4383 26.8723 5.39211
      vertex 13.5954 26.9575 5.99856
    endloop
  endfacet
  facet normal 0.00241057 0.990728 -0.135837
    outer loop
      vertex 13.5954 26.9575 5.99856
      vertex 14.4383 26.8723 5.39211
      vertex 13.5924 26.957 5.99486
    endloop
  endfacet
  facet normal 1.21366e-05 0.990273 -0.139139
    outer loop
      vertex 14.1584 26.8242 5.04975
      vertex 13.5924 26.957 5.99486
      vertex 14.4383 26.8723 5.39211
    endloop
  endfacet
  facet normal -1.97274e-05 0.99027 -0.139157
    outer loop
      vertex 13.5924 26.957 5.99486
      vertex 14.1584 26.8242 5.04975
      vertex 13.3841 26.9212 5.74013
    endloop
  endfacet
  facet normal -4.99985e-05 0.990266 -0.139191
    outer loop
      vertex 13.8438 26.7804 4.73825
      vertex 13.3841 26.9212 5.74013
      vertex 14.1584 26.8242 5.04975
    endloop
  endfacet
  facet normal 0.000126674 0.990277 -0.139111
    outer loop
      vertex 13.3841 26.9212 5.74013
      vertex 13.8438 26.7804 4.73825
      vertex 13.1466 26.8882 5.505
    endloop
  endfacet
  facet normal -3.85775e-05 0.990256 -0.139259
    outer loop
      vertex 13.4981 26.7414 4.46102
      vertex 13.1466 26.8882 5.505
      vertex 13.8438 26.7804 4.73825
    endloop
  endfacet
  facet normal 1.45657e-05 0.990259 -0.139241
    outer loop
      vertex 13.1466 26.8882 5.505
      vertex 13.4981 26.7414 4.46102
      vertex 12.8894 26.8592 5.29873
    endloop
  endfacet
  facet normal 0.00368362 0.990616 -0.136625
    outer loop
      vertex 12.8894 26.8592 5.29873
      vertex 13.4981 26.7414 4.46102
      vertex 12.8857 26.8588 5.29573
    endloop
  endfacet
  facet normal 8.22151e-05 0.990262 -0.139218
    outer loop
      vertex 13.125 26.7077 4.22109
      vertex 12.8857 26.8588 5.29573
      vertex 13.4981 26.7414 4.46102
    endloop
  endfacet
  facet normal 2.63651e-06 0.990259 -0.139235
    outer loop
      vertex 12.8857 26.8588 5.29573
      vertex 13.125 26.7077 4.22109
      vertex 12.6081 26.8337 5.11721
    endloop
  endfacet
  facet normal -0.00645465 0.989718 -0.142884
    outer loop
      vertex 12.6081 26.8337 5.11721
      vertex 13.125 26.7077 4.22109
      vertex 12.6041 26.8333 5.11462
    endloop
  endfacet
  facet normal 0.000645348 0.990316 -0.138829
    outer loop
      vertex 12.6041 26.8333 5.11462
      vertex 13.125 26.7077 4.22109
      vertex 12.5998 26.833 5.11246
    endloop
  endfacet
  facet normal 2.43044e-05 0.990266 -0.139188
    outer loop
      vertex 12.7286 26.6796 4.0211
      vertex 12.5998 26.833 5.11246
      vertex 13.125 26.7077 4.22109
    endloop
  endfacet
  facet normal 5.23579e-05 0.990266 -0.139184
    outer loop
      vertex 12.5998 26.833 5.11246
      vertex 12.7286 26.6796 4.0211
      vertex 12.3049 26.8121 4.96365
    endloop
  endfacet
  facet normal 3.30224e-05 0.990265 -0.139193
    outer loop
      vertex 12.3049 26.8121 4.96365
      vertex 12.7286 26.6796 4.0211
      vertex 11.9958 26.7956 4.84619
    endloop
  endfacet
  facet normal -8.81053e-06 0.99026 -0.139229
    outer loop
      vertex 12.3133 26.6574 3.86323
      vertex 11.9958 26.7956 4.84619
      vertex 12.7286 26.6796 4.0211
    endloop
  endfacet
  facet normal -0.0119065 0.989653 -0.142987
    outer loop
      vertex 11.9958 26.7956 4.84619
      vertex 12.3133 26.6574 3.86323
      vertex 11.9914 26.7953 4.84448
    endloop
  endfacet
  facet normal 0.0141447 0.990799 -0.134602
    outer loop
      vertex 11.9914 26.7953 4.84448
      vertex 12.3133 26.6574 3.86323
      vertex 11.9867 26.7952 4.84325
    endloop
  endfacet
  facet normal 6.83488e-05 0.990262 -0.139217
    outer loop
      vertex 11.8836 26.6414 3.74921
      vertex 11.9867 26.7952 4.84325
      vertex 12.3133 26.6574 3.86323
    endloop
  endfacet
  facet normal -0.000237029 0.990266 -0.139189
    outer loop
      vertex 11.9867 26.7952 4.84325
      vertex 11.8836 26.6414 3.74921
      vertex 11.667 26.7832 4.75842
    endloop
  endfacet
  facet normal 4.05645e-05 0.990276 -0.139119
    outer loop
      vertex 10.0133 27.6448 10.8885
      vertex 10.1164 27.7985 11.9826
      vertex 10.333 27.6567 10.9733
    endloop
  endfacet
  facet normal 6.82013e-05 0.990275 -0.139121
    outer loop
      vertex 10.1164 27.7985 11.9826
      vertex 10.0133 27.6448 10.8885
      vertex 9.68668 27.7825 11.8685
    endloop
  endfacet
  facet normal -0.00609281 0.989972 -0.141132
    outer loop
      vertex 10.0086 27.6446 10.8873
      vertex 9.68668 27.7825 11.8685
      vertex 10.0133 27.6448 10.8885
    endloop
  endfacet
  facet normal 0.00777678 0.990586 -0.136668
    outer loop
      vertex 10.0042 27.6444 10.8856
      vertex 9.68668 27.7825 11.8685
      vertex 10.0086 27.6446 10.8873
    endloop
  endfacet
  facet normal -6.09314e-05 0.990271 -0.139155
    outer loop
      vertex 9.68668 27.7825 11.8685
      vertex 10.0042 27.6444 10.8856
      vertex 9.27137 27.7603 11.7107
    endloop
  endfacet
  facet normal -0.00022763 0.99025 -0.1393
    outer loop
      vertex 9.69515 27.6278 10.7681
      vertex 9.27137 27.7603 11.7107
      vertex 10.0042 27.6444 10.8856
    endloop
  endfacet
  facet normal 4.54701e-05 0.990267 -0.13918
    outer loop
      vertex 9.40023 27.6069 10.6193
      vertex 9.27137 27.7603 11.7107
      vertex 9.69515 27.6278 10.7681
    endloop
  endfacet
  facet normal 2.51904e-05 0.990267 -0.139182
    outer loop
      vertex 9.27137 27.7603 11.7107
      vertex 9.40023 27.6069 10.6193
      vertex 8.875 27.7322 11.5107
    endloop
  endfacet
  facet normal 0.00164179 0.990396 -0.138248
    outer loop
      vertex 9.39595 27.6066 10.6171
      vertex 8.875 27.7322 11.5107
      vertex 9.40023 27.6069 10.6193
    endloop
  endfacet
  facet normal 0.00926299 0.990954 -0.133883
    outer loop
      vertex 9.39191 27.6063 10.6146
      vertex 8.875 27.7322 11.5107
      vertex 9.39595 27.6066 10.6171
    endloop
  endfacet
  facet normal -1.84949e-05 0.990272 -0.139142
    outer loop
      vertex 9.11432 27.5812 10.436
      vertex 8.875 27.7322 11.5107
      vertex 9.39191 27.6063 10.6146
    endloop
  endfacet
  facet normal 4.88444e-05 0.990275 -0.139127
    outer loop
      vertex 8.875 27.7322 11.5107
      vertex 9.11432 27.5812 10.436
      vertex 8.50191 27.6985 11.2707
    endloop
  endfacet
  facet normal 0.00360579 0.990624 -0.136566
    outer loop
      vertex 9.11059 27.5808 10.433
      vertex 8.50191 27.6985 11.2707
      vertex 9.11432 27.5812 10.436
    endloop
  endfacet
  facet normal -6.84201e-05 0.990266 -0.139186
    outer loop
      vertex 8.85336 27.5518 10.2268
      vertex 8.50191 27.6985 11.2707
      vertex 9.11059 27.5808 10.433
    endloop
  endfacet
  facet normal -0.00010125 0.990265 -0.139197
    outer loop
      vertex 8.50191 27.6985 11.2707
      vertex 8.85336 27.5518 10.2268
      vertex 8.1562 27.6595 10.9935
    endloop
  endfacet
  facet normal -0.000142988 0.99026 -0.139234
    outer loop
      vertex 8.61591 27.5187 9.99163
      vertex 8.1562 27.6595 10.9935
      vertex 8.85336 27.5518 10.2268
    endloop
  endfacet
  facet normal -4.90555e-05 0.990265 -0.139192
    outer loop
      vertex 8.1562 27.6595 10.9935
      vertex 8.61591 27.5187 9.99163
      vertex 7.84163 27.6157 10.682
    endloop
  endfacet
  facet normal -2.15053e-05 0.99027 -0.139161
    outer loop
      vertex 8.40761 27.4829 9.73691
      vertex 7.84163 27.6157 10.682
      vertex 8.61591 27.5187 9.99163
    endloop
  endfacet
  facet normal -3.0012e-06 0.990271 -0.13915
    outer loop
      vertex 7.84163 27.6157 10.682
      vertex 8.40761 27.4829 9.73691
      vertex 7.56168 27.5676 10.3397
    endloop
  endfacet
  facet normal 0.00240059 0.990728 -0.135842
    outer loop
      vertex 8.40459 27.4824 9.73321
      vertex 7.56168 27.5676 10.3397
      vertex 8.40761 27.4829 9.73691
    endloop
  endfacet
  facet normal 2.93682e-05 0.990282 -0.139074
    outer loop
      vertex 8.22432 27.4438 9.45832
      vertex 7.56168 27.5676 10.3397
      vertex 8.40459 27.4824 9.73321
    endloop
  endfacet
  facet normal 1.03263e-06 0.990279 -0.139095
    outer loop
      vertex 7.56168 27.5676 10.3397
      vertex 8.22432 27.4438 9.45832
      vertex 7.31939 27.5157 9.9702
    endloop
  endfacet
  facet normal -0.00404491 0.989261 -0.146105
    outer loop
      vertex 8.2217 27.4432 9.45433
      vertex 7.31939 27.5157 9.9702
      vertex 8.22432 27.4438 9.45832
    endloop
  endfacet
  facet normal -0.000278636 0.990201 -0.139649
    outer loop
      vertex 8.21951 27.4426 9.45008
      vertex 7.31939 27.5157 9.9702
      vertex 8.2217 27.4432 9.45433
    endloop
  endfacet
  facet normal 6.7381e-05 0.990284 -0.139062
    outer loop
      vertex 8.06925 27.4016 9.15804
      vertex 7.31939 27.5157 9.9702
      vertex 8.21951 27.4426 9.45008
    endloop
  endfacet
  facet normal -9.90389e-05 0.990262 -0.139213
    outer loop
      vertex 7.31939 27.5157 9.9702
      vertex 8.06925 27.4016 9.15804
      vertex 7.11743 27.4605 9.57769
    endloop
  endfacet
  facet normal -6.25753e-05 0.990274 -0.139132
    outer loop
      vertex 7.95063 27.3586 8.85204
      vertex 7.11743 27.4605 9.57769
      vertex 8.06925 27.4016 9.15804
    endloop
  endfacet
  facet normal -7.37962e-05 0.990272 -0.139145
    outer loop
      vertex 7.11743 27.4605 9.57769
      vertex 7.95063 27.3586 8.85204
      vertex 6.95801 27.4027 9.16642
    endloop
  endfacet
  facet normal -0.00474759 0.988122 -0.1536
    outer loop
      vertex 7.94891 27.3579 8.84759
      vertex 6.95801 27.4027 9.16642
      vertex 7.95063 27.3586 8.85204
    endloop
  endfacet
  facet normal 0.00295687 0.991493 -0.130129
    outer loop
      vertex 7.94766 27.3573 8.84299
      vertex 6.95801 27.4027 9.16642
      vertex 7.94891 27.3579 8.84759
    endloop
  endfacet
  facet normal -4.96058e-05 0.99027 -0.139156
    outer loop
      vertex 7.94766 27.3573 8.84299
      vertex 6.84287 27.3429 8.74091
      vertex 6.95801 27.4027 9.16642
    endloop
  endfacet
  facet normal -4.78536e-05 0.990268 -0.139175
    outer loop
      vertex 7.862 27.3128 8.52639
      vertex 6.84287 27.3429 8.74091
      vertex 7.94766 27.3573 8.84299
    endloop
  endfacet
  facet normal -0.00173699 0.989129 -0.14704
    outer loop
      vertex 7.86125 27.3121 8.52169
      vertex 6.84287 27.3429 8.74091
      vertex 7.862 27.3128 8.52639
    endloop
  endfacet
  facet normal 1.45576e-05 0.990283 -0.139065
    outer loop
      vertex 7.86125 27.3121 8.52169
      vertex 6.77328 27.2818 8.30581
      vertex 6.84287 27.3429 8.74091
    endloop
  endfacet
  facet normal 3.92616e-05 0.990266 -0.139187
    outer loop
      vertex 7.80947 27.2666 8.19796
      vertex 6.77328 27.2818 8.30581
      vertex 7.86125 27.3121 8.52169
    endloop
  endfacet
  facet normal 4.11283e-05 0.990269 -0.13917
    outer loop
      vertex 7.79214 27.2206 7.87064
      vertex 6.77328 27.2818 8.30581
      vertex 7.80947 27.2666 8.19796
    endloop
  endfacet
  facet normal 0 0.992149 -0.125061
    outer loop
      vertex 6.75 27.22 7.86588
      vertex 7.79214 27.2206 7.87064
      vertex 7.79189 27.22 7.86588
    endloop
  endfacet
  facet normal 6.52683e-05 0.990276 -0.139114
    outer loop
      vertex 7.79214 27.2206 7.87064
      vertex 6.75 27.22 7.86588
      vertex 6.77328 27.2818 8.30581
    endloop
  endfacet
  facet normal 0 0.989315 -0.145794
    outer loop
      vertex 7.79214 27.2193 7.86113
      vertex 6.75 27.22 7.86588
      vertex 7.79189 27.22 7.86588
    endloop
  endfacet
  facet normal 3.08495e-05 0.990269 -0.139166
    outer loop
      vertex 7.80947 27.1733 7.53381
      vertex 6.75 27.22 7.86588
      vertex 7.79214 27.2193 7.86113
    endloop
  endfacet
  facet normal -2.34819e-05 0.990245 -0.139336
    outer loop
      vertex 7.80947 27.1733 7.53381
      vertex 6.77328 27.1581 7.42596
      vertex 6.75 27.22 7.86588
    endloop
  endfacet
  facet normal -3.92616e-05 0.990266 -0.139187
    outer loop
      vertex 7.86125 27.1278 7.21008
      vertex 6.77328 27.1581 7.42596
      vertex 7.80947 27.1733 7.53381
    endloop
  endfacet
  facet normal 0.00167209 0.989173 -0.146745
    outer loop
      vertex 6.84287 27.097 6.99086
      vertex 7.86125 27.1278 7.21008
      vertex 7.862 27.1271 7.20537
    endloop
  endfacet
  facet normal -1.45576e-05 0.990283 -0.139065
    outer loop
      vertex 7.86125 27.1278 7.21008
      vertex 6.84287 27.097 6.99086
      vertex 6.77328 27.1581 7.42596
    endloop
  endfacet
  facet normal 4.65615e-05 0.990268 -0.139175
    outer loop
      vertex 7.94766 27.0826 6.88877
      vertex 6.84287 27.097 6.99086
      vertex 7.862 27.1271 7.20537
    endloop
  endfacet
  facet normal -0.00295687 0.991493 -0.130129
    outer loop
      vertex 6.95801 27.0372 6.56534
      vertex 7.94766 27.0826 6.88877
      vertex 7.94891 27.082 6.88417
    endloop
  endfacet
  facet normal -0.00161138 0.990948 -0.134234
    outer loop
      vertex 6.95801 27.0372 6.56534
      vertex 7.94891 27.082 6.88417
      vertex 7.95063 27.0814 6.87972
    endloop
  endfacet
  facet normal -2.45661e-05 0.990269 -0.139169
    outer loop
      vertex 7.11743 26.9794 6.15408
      vertex 7.95063 27.0814 6.87972
      vertex 8.06925 27.0384 6.57373
    endloop
  endfacet
  facet normal 4.86239e-05 0.990271 -0.139153
    outer loop
      vertex 7.94766 27.0826 6.88877
      vertex 6.95801 27.0372 6.56534
      vertex 6.84287 27.097 6.99086
    endloop
  endfacet
  facet normal 8.15263e-05 0.990248 -0.139315
    outer loop
      vertex 7.31939 26.9242 5.76156
      vertex 8.06925 27.0384 6.57373
      vertex 8.21951 26.9973 6.28168
    endloop
  endfacet
  facet normal 0.000425193 0.990166 -0.139898
    outer loop
      vertex 7.31939 26.9242 5.76156
      vertex 8.21951 26.9973 6.28168
      vertex 8.2217 26.9967 6.27744
    endloop
  endfacet
  facet normal -0.00627547 0.991703 -0.128394
    outer loop
      vertex 7.31939 26.9242 5.76156
      vertex 8.2217 26.9967 6.27744
      vertex 8.22432 26.9962 6.27345
    endloop
  endfacet
  facet normal -1.4104e-05 0.990267 -0.139181
    outer loop
      vertex 7.95063 27.0814 6.87972
      vertex 7.11743 26.9794 6.15408
      vertex 6.95801 27.0372 6.56534
    endloop
  endfacet
  facet normal 0.000142242 0.990248 -0.139317
    outer loop
      vertex 7.56168 26.8723 5.39211
      vertex 8.22432 26.9962 6.27345
      vertex 8.40459 26.9575 5.99856
    endloop
  endfacet
  facet normal -0.00240465 0.990727 -0.135845
    outer loop
      vertex 7.56168 26.8723 5.39211
      vertex 8.40459 26.9575 5.99856
      vertex 8.40761 26.957 5.99486
    endloop
  endfacet
  facet normal 1.29626e-05 0.990257 -0.139253
    outer loop
      vertex 8.06925 27.0384 6.57373
      vertex 7.31939 26.9242 5.76156
      vertex 7.11743 26.9794 6.15408
    endloop
  endfacet
  facet normal 1.97277e-05 0.99027 -0.139157
    outer loop
      vertex 7.84163 26.8242 5.04975
      vertex 8.40761 26.957 5.99486
      vertex 8.61591 26.9212 5.74013
    endloop
  endfacet
  facet normal -0.000126691 0.990277 -0.139111
    outer loop
      vertex 8.1562 26.7804 4.73825
      vertex 8.61591 26.9212 5.74013
      vertex 8.85336 26.8882 5.505
    endloop
  endfacet
  facet normal -7.19641e-05 0.99027 -0.139159
    outer loop
      vertex 8.22432 26.9962 6.27345
      vertex 7.56168 26.8723 5.39211
      vertex 7.31939 26.9242 5.76156
    endloop
  endfacet
  facet normal -1.45648e-05 0.990259 -0.139241
    outer loop
      vertex 8.50191 26.7414 4.46102
      vertex 8.85336 26.8882 5.505
      vertex 9.11059 26.8592 5.29873
    endloop
  endfacet
  facet normal -0.00366496 0.990614 -0.136639
    outer loop
      vertex 8.50191 26.7414 4.46102
      vertex 9.11059 26.8592 5.29873
      vertex 9.11432 26.8588 5.29573
    endloop
  endfacet
  facet normal -2.63657e-06 0.990259 -0.139235
    outer loop
      vertex 8.875 26.7077 4.22109
      vertex 9.11432 26.8588 5.29573
      vertex 9.39191 26.8337 5.11721
    endloop
  endfacet
  facet normal 0.00640799 0.989723 -0.142857
    outer loop
      vertex 8.875 26.7077 4.22109
      vertex 9.39191 26.8337 5.11721
      vertex 9.39595 26.8333 5.11462
    endloop
  endfacet
  facet normal -0.000647664 0.990316 -0.138827
    outer loop
      vertex 8.875 26.7077 4.22109
      vertex 9.39595 26.8333 5.11462
      vertex 9.40023 26.833 5.11246
    endloop
  endfacet
  facet normal -1.21356e-05 0.990273 -0.139139
    outer loop
      vertex 8.40761 26.957 5.99486
      vertex 7.84163 26.8242 5.04975
      vertex 7.56168 26.8723 5.39211
    endloop
  endfacet
  facet normal -5.23532e-05 0.990266 -0.139184
    outer loop
      vertex 9.27137 26.6796 4.0211
      vertex 9.40023 26.833 5.11246
      vertex 9.69515 26.8121 4.96365
    endloop
  endfacet
  facet normal -3.3026e-05 0.990265 -0.139193
    outer loop
      vertex 9.27137 26.6796 4.0211
      vertex 9.69515 26.8121 4.96365
      vertex 10.0042 26.7956 4.84619
    endloop
  endfacet
  facet normal 0.0119064 0.989653 -0.142987
    outer loop
      vertex 9.68668 26.6574 3.86323
      vertex 10.0042 26.7956 4.84619
      vertex 10.0086 26.7953 4.84448
    endloop
  endfacet
  facet normal -0.0141447 0.990799 -0.134601
    outer loop
      vertex 9.68668 26.6574 3.86323
      vertex 10.0086 26.7953 4.84448
      vertex 10.0133 26.7952 4.84325
    endloop
  endfacet
  facet normal 0.000237029 0.990266 -0.139189
    outer loop
      vertex 10.1164 26.6414 3.74921
      vertex 10.0133 26.7952 4.84325
      vertex 10.333 26.7832 4.75842
    endloop
  endfacet
  facet normal -0.00109593 0.990305 -0.138908
    outer loop
      vertex 10.1164 26.6414 3.74921
      vertex 10.333 26.7832 4.75842
      vertex 10.3377 26.7831 4.75767
    endloop
  endfacet
  facet normal 5.00014e-05 0.990266 -0.139191
    outer loop
      vertex 8.61591 26.9212 5.74013
      vertex 8.1562 26.7804 4.73825
      vertex 7.84163 26.8242 5.04975
    endloop
  endfacet
  facet normal -1.51363e-05 0.990269 -0.139163
    outer loop
      vertex 10.5558 26.6317 3.6803
      vertex 10.3377 26.7831 4.75767
      vertex 10.6647 26.7759 4.7064
    endloop
  endfacet
  facet normal -3.01733e-05 0.99027 -0.139161
    outer loop
      vertex 10.5558 26.6317 3.6803
      vertex 10.6647 26.7759 4.7064
      vertex 10.9952 26.7735 4.68925
    endloop
  endfacet
  facet normal -0.00724819 0.990243 -0.139165
    outer loop
      vertex 11 26.6285 3.65724
      vertex 10.9952 26.7735 4.68925
      vertex 11 26.7735 4.689
    endloop
  endfacet
  facet normal 0.00109593 0.990305 -0.138908
    outer loop
      vertex 11.667 26.7832 4.75842
      vertex 11.8836 26.6414 3.74921
      vertex 11.6623 26.7831 4.75767
    endloop
  endfacet
  facet normal 3.85778e-05 0.990256 -0.139259
    outer loop
      vertex 8.85336 26.8882 5.505
      vertex 8.50191 26.7414 4.46102
      vertex 8.1562 26.7804 4.73825
    endloop
  endfacet
  facet normal -3.784e-05 0.990271 -0.139153
    outer loop
      vertex 11.4442 26.6317 3.6803
      vertex 11.6623 26.7831 4.75767
      vertex 11.8836 26.6414 3.74921
    endloop
  endfacet
  facet normal -8.22162e-05 0.990262 -0.139218
    outer loop
      vertex 9.11432 26.8588 5.29573
      vertex 8.875 26.7077 4.22109
      vertex 8.50191 26.7414 4.46102
    endloop
  endfacet
  facet normal 1.51363e-05 0.990269 -0.139163
    outer loop
      vertex 11.6623 26.7831 4.75767
      vertex 11.4442 26.6317 3.6803
      vertex 11.3353 26.7759 4.7064
    endloop
  endfacet
  facet normal -2.43055e-05 0.990266 -0.139188
    outer loop
      vertex 9.40023 26.833 5.11246
      vertex 9.27137 26.6796 4.0211
      vertex 8.875 26.7077 4.22109
    endloop
  endfacet
  facet normal 3.01733e-05 0.99027 -0.139161
    outer loop
      vertex 11.3353 26.7759 4.7064
      vertex 11.4442 26.6317 3.6803
      vertex 11.0048 26.7735 4.68925
    endloop
  endfacet
  facet normal 8.81028e-06 0.99026 -0.139229
    outer loop
      vertex 10.0042 26.7956 4.84619
      vertex 9.68668 26.6574 3.86323
      vertex 9.27137 26.6796 4.0211
    endloop
  endfacet
  facet normal 8.91684e-05 0.990273 -0.139136
    outer loop
      vertex 11 26.6285 3.65724
      vertex 11.0048 26.7735 4.68925
      vertex 11.4442 26.6317 3.6803
    endloop
  endfacet
  facet normal -6.83456e-05 0.990262 -0.139217
    outer loop
      vertex 10.0133 26.7952 4.84325
      vertex 10.1164 26.6414 3.74921
      vertex 9.68668 26.6574 3.86323
    endloop
  endfacet
  facet normal 0.00724819 0.990243 -0.139165
    outer loop
      vertex 11.0048 26.7735 4.68925
      vertex 11 26.6285 3.65724
      vertex 11 26.7735 4.689
    endloop
  endfacet
  facet normal 3.784e-05 0.990271 -0.139153
    outer loop
      vertex 10.3377 26.7831 4.75767
      vertex 10.5558 26.6317 3.6803
      vertex 10.1164 26.6414 3.74921
    endloop
  endfacet
  facet normal -8.91684e-05 0.990273 -0.139136
    outer loop
      vertex 10.9952 26.7735 4.68925
      vertex 11 26.6285 3.65724
      vertex 10.5558 26.6317 3.6803
    endloop
  endfacet
  facet normal -0.890973 0.0631922 0.449638
    outer loop
      vertex 14.6806 26.9242 5.76156
      vertex 14.8826 44.8158 3.64734
      vertex 14.6806 44.9041 3.23466
    endloop
  endfacet
  facet normal -0.890976 0.0631914 0.449631
    outer loop
      vertex 14.8826 44.8158 3.64734
      vertex 14.6806 26.9242 5.76156
      vertex 14.8826 26.9794 6.15408
    endloop
  endfacet
  facet normal -0.838661 0.0758014 0.539354
    outer loop
      vertex 14.4383 26.8723 5.39211
      vertex 14.6806 44.9041 3.23466
      vertex 14.4383 44.9872 2.84622
    endloop
  endfacet
  facet normal -0.838649 0.0758033 0.539371
    outer loop
      vertex 14.6806 44.9041 3.23466
      vertex 14.4383 26.8723 5.39211
      vertex 14.6806 26.9242 5.76156
    endloop
  endfacet
  facet normal -0.358377 0.129929 0.924492
    outer loop
      vertex 12.3133 45.0613 1.27673
      vertex 12.7286 26.6796 4.0211
      vertex 12.7286 45.0613 1.43772
    endloop
  endfacet
  facet normal -0.358377 0.129929 0.924492
    outer loop
      vertex 12.7286 26.6796 4.0211
      vertex 12.3133 45.0613 1.27673
      vertex 12.3133 26.6574 3.86323
    endloop
  endfacet
  facet normal 0.83866 0.0758011 0.539355
    outer loop
      vertex 7.56168 26.8723 5.39211
      vertex 7.31939 44.9041 3.23466
      vertex 7.31939 26.9242 5.76156
    endloop
  endfacet
  facet normal 0.838671 0.0757992 0.539338
    outer loop
      vertex 7.31939 44.9041 3.23466
      vertex 7.56168 26.8723 5.39211
      vertex 7.56168 44.9872 2.84622
    endloop
  endfacet
  facet normal 0.777299 0.086733 0.623124
    outer loop
      vertex 7.56168 44.9872 2.84622
      vertex 7.84163 45.0613 2.48669
      vertex 7.83096 45.0613 2.5
    endloop
  endfacet
  facet normal 0.777157 0.0875827 0.623182
    outer loop
      vertex 7.84163 26.8242 5.04975
      vertex 7.56168 44.9872 2.84622
      vertex 7.56168 26.8723 5.39211
    endloop
  endfacet
  facet normal 0.777154 0.0875832 0.623186
    outer loop
      vertex 7.56168 44.9872 2.84622
      vertex 7.84163 26.8242 5.04975
      vertex 7.84163 45.0613 2.48669
    endloop
  endfacet
  facet normal 0.0523397 0.138982 0.988911
    outer loop
      vertex 10.5558 45.0613 1.09019
      vertex 11 26.6285 3.65724
      vertex 11 45.0613 1.06668
    endloop
  endfacet
  facet normal 0.0523391 0.138982 0.988911
    outer loop
      vertex 11 26.6285 3.65724
      vertex 10.5558 45.0613 1.09019
      vertex 10.5558 26.6317 3.6803
    endloop
  endfacet
  facet normal -0.890973 -0.0631924 -0.449638
    outer loop
      vertex 14.8826 27.4605 9.57769
      vertex 14.6806 43.957 7.65953
      vertex 14.8826 44.0453 7.24685
    endloop
  endfacet
  facet normal -0.890972 -0.0631926 -0.44964
    outer loop
      vertex 14.6806 43.957 7.65953
      vertex 14.8826 27.4605 9.57769
      vertex 14.6806 27.5157 9.9702
    endloop
  endfacet
  facet normal -0.258984 -0.134427 -0.956481
    outer loop
      vertex 11.8836 43.5042 9.77527
      vertex 12.3133 27.7825 11.8685
      vertex 11.8836 27.7985 11.9826
    endloop
  endfacet
  facet normal -0.258846 -0.134428 -0.956519
    outer loop
      vertex 12.3133 27.7825 11.8685
      vertex 11.8836 43.5042 9.77527
      vertex 12.3133 43.5298 9.65539
    endloop
  endfacet
  facet normal -0.707058 -0.0984163 -0.700273
    outer loop
      vertex 14.1584 27.6157 10.682
      vertex 13.8438 43.7267 8.73541
      vertex 14.1584 43.7968 8.40791
    endloop
  endfacet
  facet normal -0.707067 -0.0984155 -0.700265
    outer loop
      vertex 13.8438 43.7267 8.73541
      vertex 14.1584 27.6157 10.682
      vertex 13.8438 27.6595 10.9935
    endloop
  endfacet
  facet normal -0.965948 -0.0360092 -0.256218
    outer loop
      vertex 15.1571 27.3429 8.74091
      vertex 15.042 44.1379 6.81445
      vertex 15.1571 44.2336 6.36707
    endloop
  endfacet
  facet normal -0.965946 -0.0360102 -0.256227
    outer loop
      vertex 15.042 44.1379 6.81445
      vertex 15.1571 27.3429 8.74091
      vertex 15.042 27.4027 9.16642
    endloop
  endfacet
  facet normal 0.358233 -0.129935 -0.924546
    outer loop
      vertex 9.27137 27.7603 11.7107
      vertex 9.68668 43.5298 9.65539
      vertex 9.68668 27.7825 11.8685
    endloop
  endfacet
  facet normal 0.358343 -0.129932 -0.924504
    outer loop
      vertex 9.68668 43.5298 9.65539
      vertex 9.27137 27.7603 11.7107
      vertex 9.27137 43.5654 9.48941
    endloop
  endfacet
  facet normal 0.777105 -0.087591 -0.623247
    outer loop
      vertex 7.56168 27.5676 10.3397
      vertex 7.84163 43.7968 8.40791
      vertex 7.84163 27.6157 10.682
    endloop
  endfacet
  facet normal 0.777143 -0.087586 -0.623199
    outer loop
      vertex 7.84163 43.7968 8.40791
      vertex 7.56168 27.5676 10.3397
      vertex 7.56168 43.8739 8.04797
    endloop
  endfacet
  facet normal 0.838693 -0.0757953 -0.539305
    outer loop
      vertex 7.31939 27.5157 9.9702
      vertex 7.56168 43.8739 8.04797
      vertex 7.56168 27.5676 10.3397
    endloop
  endfacet
  facet normal 0.838671 -0.0757989 -0.539338
    outer loop
      vertex 7.56168 43.8739 8.04797
      vertex 7.31939 27.5157 9.9702
      vertex 7.31939 43.957 7.65953
    endloop
  endfacet
  facet normal 0.99863 -0.00728308 -0.0518219
    outer loop
      vertex 6.75 27.22 7.86588
      vertex 6.77328 44.3316 5.90962
      vertex 6.77328 27.2818 8.30581
    endloop
  endfacet
  facet normal 0.99863 -0.00728289 -0.0518202
    outer loop
      vertex 6.77328 44.3316 5.90962
      vertex 6.75 27.22 7.86588
      vertex 6.75 44.4305 5.44709
    endloop
  endfacet
  facet normal -0.965948 0.0360091 0.256218
    outer loop
      vertex 15.042 27.0372 6.56534
      vertex 15.1571 44.6275 4.52711
      vertex 15.042 44.7232 4.07973
    endloop
  endfacet
  facet normal -0.965947 0.0360095 0.256221
    outer loop
      vertex 15.1571 44.6275 4.52711
      vertex 15.042 27.0372 6.56534
      vertex 15.1571 27.097 6.99086
    endloop
  endfacet
  facet normal -0.987685 0.0217747 0.154935
    outer loop
      vertex 15.1571 27.097 6.99086
      vertex 15.2267 44.5295 4.98457
      vertex 15.1571 44.6275 4.52711
    endloop
  endfacet
  facet normal -0.987685 0.0217747 0.154935
    outer loop
      vertex 15.2267 44.5295 4.98457
      vertex 15.1571 27.097 6.99086
      vertex 15.2267 27.1581 7.42596
    endloop
  endfacet
  facet normal -0.933593 0.0498706 0.354848
    outer loop
      vertex 14.8826 26.9794 6.15408
      vertex 15.042 44.7232 4.07973
      vertex 14.8826 44.8158 3.64734
    endloop
  endfacet
  facet normal -0.933595 0.04987 0.354843
    outer loop
      vertex 15.042 44.7232 4.07973
      vertex 14.8826 26.9794 6.15408
      vertex 15.042 27.0372 6.56534
    endloop
  endfacet
  facet normal -0.780449 0.067696 0.621544
    outer loop
      vertex 14.1584 45.0613 2.48669
      vertex 14.4383 44.9872 2.84622
      vertex 14.169 45.0613 2.5
    endloop
  endfacet
  facet normal -0.777209 0.0875738 0.623119
    outer loop
      vertex 14.1584 26.8242 5.04975
      vertex 14.4383 44.9872 2.84622
      vertex 14.1584 45.0613 2.48669
    endloop
  endfacet
  facet normal -0.777212 0.0875733 0.623115
    outer loop
      vertex 14.4383 44.9872 2.84622
      vertex 14.1584 26.8242 5.04975
      vertex 14.4383 26.8723 5.39211
    endloop
  endfacet
  facet normal -0.258821 0.134431 0.956525
    outer loop
      vertex 11.8836 45.0613 1.16046
      vertex 12.3133 26.6574 3.86323
      vertex 12.3133 45.0613 1.27673
    endloop
  endfacet
  facet normal -0.258818 0.134431 0.956526
    outer loop
      vertex 12.3133 26.6574 3.86323
      vertex 11.8836 45.0613 1.16046
      vertex 11.8836 26.6414 3.74921
    endloop
  endfacet
  facet normal -0.156417 0.13746 0.978079
    outer loop
      vertex 11.4442 45.0613 1.09019
      vertex 11.8836 26.6414 3.74921
      vertex 11.8836 45.0613 1.16046
    endloop
  endfacet
  facet normal -0.156424 0.13746 0.978078
    outer loop
      vertex 11.8836 26.6414 3.74921
      vertex 11.4442 45.0613 1.09019
      vertex 11.4442 26.6317 3.6803
    endloop
  endfacet
  facet normal -0.544631 0.116721 0.830514
    outer loop
      vertex 13.125 45.0613 1.64166
      vertex 13.4981 26.7414 4.46102
      vertex 13.4981 45.0613 1.88633
    endloop
  endfacet
  facet normal -0.544625 0.116722 0.830518
    outer loop
      vertex 13.4981 26.7414 4.46102
      vertex 13.125 45.0613 1.64166
      vertex 13.125 26.7077 4.22109
    endloop
  endfacet
  facet normal -0.453954 0.124007 0.882354
    outer loop
      vertex 12.7286 45.0613 1.43772
      vertex 13.125 26.7077 4.22109
      vertex 13.125 45.0613 1.64166
    endloop
  endfacet
  facet normal -0.453952 0.124007 0.882355
    outer loop
      vertex 13.125 26.7077 4.22109
      vertex 12.7286 45.0613 1.43772
      vertex 12.7286 26.6796 4.0211
    endloop
  endfacet
  facet normal -0.629343 0.108155 0.769565
    outer loop
      vertex 13.4981 45.0613 1.88633
      vertex 13.8438 26.7804 4.73825
      vertex 13.8438 45.0613 2.16904
    endloop
  endfacet
  facet normal -0.629344 0.108155 0.769564
    outer loop
      vertex 13.8438 26.7804 4.73825
      vertex 13.4981 45.0613 1.88633
      vertex 13.4981 26.7414 4.46102
    endloop
  endfacet
  facet normal 0.965925 0.0360212 0.256304
    outer loop
      vertex 6.95801 27.0372 6.56534
      vertex 6.84287 44.6275 4.52711
      vertex 6.84287 27.097 6.99086
    endloop
  endfacet
  facet normal 0.965926 0.0360208 0.256301
    outer loop
      vertex 6.84287 44.6275 4.52711
      vertex 6.95801 27.0372 6.56534
      vertex 6.95801 44.7232 4.07973
    endloop
  endfacet
  facet normal 0.891013 0.0631815 0.44956
    outer loop
      vertex 7.31939 26.9242 5.76156
      vertex 7.11743 44.8158 3.64734
      vertex 7.11743 26.9794 6.15408
    endloop
  endfacet
  facet normal 0.891009 0.0631822 0.449567
    outer loop
      vertex 7.11743 44.8158 3.64734
      vertex 7.31939 26.9242 5.76156
      vertex 7.31939 44.9041 3.23466
    endloop
  endfacet
  facet normal 0.987688 0.0217717 0.154914
    outer loop
      vertex 6.84287 27.097 6.99086
      vertex 6.77328 44.5295 4.98457
      vertex 6.77328 27.1581 7.42596
    endloop
  endfacet
  facet normal 0.987688 0.0217717 0.154914
    outer loop
      vertex 6.77328 44.5295 4.98457
      vertex 6.84287 27.097 6.99086
      vertex 6.84287 44.6275 4.52711
    endloop
  endfacet
  facet normal 0.453981 0.124005 0.88234
    outer loop
      vertex 8.875 26.7077 4.22109
      vertex 9.27137 45.0613 1.43772
      vertex 8.875 45.0613 1.64166
    endloop
  endfacet
  facet normal 0.45398 0.124005 0.882341
    outer loop
      vertex 9.27137 45.0613 1.43772
      vertex 8.875 26.7077 4.22109
      vertex 9.27137 26.6796 4.0211
    endloop
  endfacet
  facet normal 0.156417 0.13746 0.978079
    outer loop
      vertex 10.1164 26.6414 3.74921
      vertex 10.5558 45.0613 1.09019
      vertex 10.1164 45.0613 1.16046
    endloop
  endfacet
  facet normal 0.156424 0.13746 0.978078
    outer loop
      vertex 10.5558 45.0613 1.09019
      vertex 10.1164 26.6414 3.74921
      vertex 10.5558 26.6317 3.6803
    endloop
  endfacet
  facet normal -0.998628 -0.00728912 -0.0518646
    outer loop
      vertex 15.25 27.22 7.86588
      vertex 15.2267 44.3316 5.90962
      vertex 15.25 44.4305 5.44709
    endloop
  endfacet
  facet normal -0.998627 -0.00728932 -0.0518663
    outer loop
      vertex 15.2267 44.3316 5.90962
      vertex 15.25 27.22 7.86588
      vertex 15.2267 27.2818 8.30581
    endloop
  endfacet
  facet normal -0.0522059 -0.138985 -0.988917
    outer loop
      vertex 11 27.8114 12.0745
      vertex 11.4442 43.4887 9.84772
      vertex 11.4442 27.8082 12.0515
    endloop
  endfacet
  facet normal -0.0523379 -0.13898 -0.988911
    outer loop
      vertex 11.4442 43.4887 9.84772
      vertex 11 27.8114 12.0745
      vertex 11 43.4835 9.87196
    endloop
  endfacet
  facet normal -0.45397 -0.124007 -0.882345
    outer loop
      vertex 12.7286 43.5654 9.48941
      vertex 13.125 27.7322 11.5107
      vertex 12.7286 27.7603 11.7107
    endloop
  endfacet
  facet normal -0.453964 -0.124007 -0.882349
    outer loop
      vertex 13.125 27.7322 11.5107
      vertex 12.7286 43.5654 9.48941
      vertex 13.125 43.6104 9.27914
    endloop
  endfacet
  facet normal -0.629304 -0.108157 -0.769597
    outer loop
      vertex 13.4981 43.6644 9.02689
      vertex 13.8438 27.6595 10.9935
      vertex 13.4981 27.6985 11.2707
    endloop
  endfacet
  facet normal -0.629362 -0.108153 -0.76955
    outer loop
      vertex 13.8438 27.6595 10.9935
      vertex 13.4981 43.6644 9.02689
      vertex 13.8438 43.7267 8.73541
    endloop
  endfacet
  facet normal -0.544735 -0.116713 -0.830447
    outer loop
      vertex 13.125 43.6104 9.27914
      vertex 13.4981 27.6985 11.2707
      vertex 13.125 27.7322 11.5107
    endloop
  endfacet
  facet normal -0.544617 -0.11672 -0.830523
    outer loop
      vertex 13.4981 27.6985 11.2707
      vertex 13.125 43.6104 9.27914
      vertex 13.4981 43.6644 9.02689
    endloop
  endfacet
  facet normal -0.777198 -0.0875765 -0.623132
    outer loop
      vertex 14.4383 27.5676 10.3397
      vertex 14.1584 43.7968 8.40791
      vertex 14.4383 43.8739 8.04797
    endloop
  endfacet
  facet normal -0.77716 -0.0875816 -0.623179
    outer loop
      vertex 14.1584 43.7968 8.40791
      vertex 14.4383 27.5676 10.3397
      vertex 14.1584 27.6157 10.682
    endloop
  endfacet
  facet normal -0.838661 -0.0758011 -0.539354
    outer loop
      vertex 14.6806 27.5157 9.9702
      vertex 14.4383 43.8739 8.04797
      vertex 14.6806 43.957 7.65953
    endloop
  endfacet
  facet normal -0.838682 -0.0757975 -0.53932
    outer loop
      vertex 14.4383 43.8739 8.04797
      vertex 14.6806 27.5157 9.9702
      vertex 14.4383 27.5676 10.3397
    endloop
  endfacet
  facet normal 0.7071 -0.0984108 -0.700232
    outer loop
      vertex 7.84163 27.6157 10.682
      vertex 8.1562 43.7267 8.73541
      vertex 8.1562 27.6595 10.9935
    endloop
  endfacet
  facet normal 0.707092 -0.0984116 -0.70024
    outer loop
      vertex 8.1562 43.7267 8.73541
      vertex 7.84163 27.6157 10.682
      vertex 7.84163 43.7968 8.40791
    endloop
  endfacet
  facet normal 0.629293 -0.108159 -0.769605
    outer loop
      vertex 8.1562 27.6595 10.9935
      vertex 8.50191 43.6644 9.02689
      vertex 8.50191 27.6985 11.2707
    endloop
  endfacet
  facet normal 0.629351 -0.108154 -0.769558
    outer loop
      vertex 8.50191 43.6644 9.02689
      vertex 8.1562 27.6595 10.9935
      vertex 8.1562 43.7267 8.73541
    endloop
  endfacet
  facet normal 0.544745 -0.116712 -0.83044
    outer loop
      vertex 8.50191 27.6985 11.2707
      vertex 8.875 43.6104 9.27914
      vertex 8.875 27.7322 11.5107
    endloop
  endfacet
  facet normal 0.544627 -0.116719 -0.830517
    outer loop
      vertex 8.875 43.6104 9.27914
      vertex 8.50191 27.6985 11.2707
      vertex 8.50191 43.6644 9.02689
    endloop
  endfacet
  facet normal 0.156402 -0.137462 -0.978081
    outer loop
      vertex 10.1164 27.7985 11.9826
      vertex 10.5558 43.4887 9.84772
      vertex 10.5558 27.8082 12.0515
    endloop
  endfacet
  facet normal 0.15642 -0.137462 -0.978078
    outer loop
      vertex 10.5558 43.4887 9.84772
      vertex 10.1164 27.7985 11.9826
      vertex 10.1164 43.5042 9.77527
    endloop
  endfacet
  facet normal 0.933583 -0.0498743 -0.354874
    outer loop
      vertex 6.95801 27.4027 9.16642
      vertex 7.11743 44.0453 7.24685
      vertex 7.11743 27.4605 9.57769
    endloop
  endfacet
  facet normal 0.933581 -0.0498749 -0.354879
    outer loop
      vertex 7.11743 44.0453 7.24685
      vertex 6.95801 27.4027 9.16642
      vertex 6.95801 44.1379 6.81445
    endloop
  endfacet
  facet normal 0.7071 0.0984112 0.700232
    outer loop
      vertex 8.1562 26.7804 4.73825
      vertex 7.84163 45.0613 2.48669
      vertex 7.84163 26.8242 5.04975
    endloop
  endfacet
  facet normal 0.707094 0.0984119 0.700238
    outer loop
      vertex 7.84163 45.0613 2.48669
      vertex 8.1562 26.7804 4.73825
      vertex 8.1562 45.0613 2.16904
    endloop
  endfacet
  facet normal 0.93358 0.0498754 0.354881
    outer loop
      vertex 7.11743 26.9794 6.15408
      vertex 6.95801 44.7232 4.07973
      vertex 6.95801 27.0372 6.56534
    endloop
  endfacet
  facet normal 0.933578 0.049876 0.354887
    outer loop
      vertex 6.95801 44.7232 4.07973
      vertex 7.11743 26.9794 6.15408
      vertex 7.11743 44.8158 3.64734
    endloop
  endfacet
  facet normal 0.544641 0.11672 0.830507
    outer loop
      vertex 8.50191 26.7414 4.46102
      vertex 8.875 45.0613 1.64166
      vertex 8.50191 45.0613 1.88633
    endloop
  endfacet
  facet normal 0.544635 0.116721 0.830511
    outer loop
      vertex 8.875 45.0613 1.64166
      vertex 8.50191 26.7414 4.46102
      vertex 8.875 26.7077 4.22109
    endloop
  endfacet
  facet normal 0.358369 0.129929 0.924494
    outer loop
      vertex 9.27137 26.6796 4.0211
      vertex 9.68668 45.0613 1.27673
      vertex 9.27137 45.0613 1.43772
    endloop
  endfacet
  facet normal 0.358369 0.129929 0.924494
    outer loop
      vertex 9.68668 45.0613 1.27673
      vertex 9.27137 26.6796 4.0211
      vertex 9.68668 26.6574 3.86323
    endloop
  endfacet
  facet normal -0.156402 -0.137462 -0.978081
    outer loop
      vertex 11.4442 43.4887 9.84772
      vertex 11.8836 27.7985 11.9826
      vertex 11.4442 27.8082 12.0515
    endloop
  endfacet
  facet normal -0.15642 -0.137462 -0.978078
    outer loop
      vertex 11.8836 27.7985 11.9826
      vertex 11.4442 43.4887 9.84772
      vertex 11.8836 43.5042 9.77527
    endloop
  endfacet
  facet normal -0.358241 -0.129934 -0.924543
    outer loop
      vertex 12.3133 43.5298 9.65539
      vertex 12.7286 27.7603 11.7107
      vertex 12.3133 27.7825 11.8685
    endloop
  endfacet
  facet normal -0.358351 -0.129932 -0.924501
    outer loop
      vertex 12.7286 27.7603 11.7107
      vertex 12.3133 43.5298 9.65539
      vertex 12.7286 43.5654 9.48941
    endloop
  endfacet
  facet normal -0.933596 -0.0498694 -0.354841
    outer loop
      vertex 15.042 27.4027 9.16642
      vertex 14.8826 44.0453 7.24685
      vertex 15.042 44.1379 6.81445
    endloop
  endfacet
  facet normal -0.933598 -0.0498688 -0.354835
    outer loop
      vertex 14.8826 44.0453 7.24685
      vertex 15.042 27.4027 9.16642
      vertex 14.8826 27.4605 9.57769
    endloop
  endfacet
  facet normal -0.987684 -0.0217752 -0.154939
    outer loop
      vertex 15.2267 27.2818 8.30581
      vertex 15.1571 44.2336 6.36707
      vertex 15.2267 44.3316 5.90962
    endloop
  endfacet
  facet normal -0.987685 -0.0217748 -0.154935
    outer loop
      vertex 15.1571 44.2336 6.36707
      vertex 15.2267 27.2818 8.30581
      vertex 15.1571 27.3429 8.74091
    endloop
  endfacet
  facet normal 0.453997 -0.124005 -0.882332
    outer loop
      vertex 8.875 27.7322 11.5107
      vertex 9.27137 43.5654 9.48941
      vertex 9.27137 27.7603 11.7107
    endloop
  endfacet
  facet normal 0.453991 -0.124005 -0.882335
    outer loop
      vertex 9.27137 43.5654 9.48941
      vertex 8.875 27.7322 11.5107
      vertex 8.875 43.6104 9.27914
    endloop
  endfacet
  facet normal 0.258973 -0.134427 -0.956484
    outer loop
      vertex 9.68668 27.7825 11.8685
      vertex 10.1164 43.5042 9.77527
      vertex 10.1164 27.7985 11.9826
    endloop
  endfacet
  facet normal 0.258835 -0.134429 -0.956522
    outer loop
      vertex 10.1164 43.5042 9.77527
      vertex 9.68668 27.7825 11.8685
      vertex 9.68668 43.5298 9.65539
    endloop
  endfacet
  facet normal 0.891008 -0.0631827 -0.449569
    outer loop
      vertex 7.11743 27.4605 9.57769
      vertex 7.31939 43.957 7.65953
      vertex 7.31939 27.5157 9.9702
    endloop
  endfacet
  facet normal 0.891009 -0.0631825 -0.449567
    outer loop
      vertex 7.31939 43.957 7.65953
      vertex 7.11743 27.4605 9.57769
      vertex 7.11743 44.0453 7.24685
    endloop
  endfacet
  facet normal 0.965923 -0.0360218 -0.25631
    outer loop
      vertex 6.84287 27.3429 8.74091
      vertex 6.95801 44.1379 6.81445
      vertex 6.95801 27.4027 9.16642
    endloop
  endfacet
  facet normal 0.965926 -0.0360208 -0.256301
    outer loop
      vertex 6.95801 44.1379 6.81445
      vertex 6.84287 27.3429 8.74091
      vertex 6.84287 44.2336 6.36707
    endloop
  endfacet
  facet normal -0.998633 0.00727392 0.0517555
    outer loop
      vertex 24.6907 25.4127 7.94043
      vertex 24.7 24.0511 8.31124
      vertex 24.7 25.4375 8.11639
    endloop
  endfacet
  facet normal -0.998633 0.00727423 0.0517566
    outer loop
      vertex 24.7 24.0511 8.31124
      vertex 24.6907 25.4127 7.94043
      vertex 24.6907 24.0264 8.13527
    endloop
  endfacet
  facet normal 0.998633 0.00727392 0.0517555
    outer loop
      vertex 21.3 24.0511 8.31124
      vertex 21.3093 25.4127 7.94043
      vertex 21.3 25.4375 8.11639
    endloop
  endfacet
  facet normal 0.998633 0.00727423 0.0517566
    outer loop
      vertex 21.3093 25.4127 7.94043
      vertex 21.3 24.0511 8.31124
      vertex 21.3093 24.0264 8.13527
    endloop
  endfacet
  facet normal 0.0523266 0.138978 0.988912
    outer loop
      vertex 22.8223 23.8158 6.637
      vertex 23 25.2009 6.43294
      vertex 22.8223 25.2022 6.44216
    endloop
  endfacet
  facet normal 0.0523266 0.138978 0.988912
    outer loop
      vertex 23 25.2009 6.43294
      vertex 22.8223 23.8158 6.637
      vertex 23 23.8145 6.62778
    endloop
  endfacet
  facet normal -0.707171 0.0984033 0.700161
    outer loop
      vertex 24.1375 25.2617 6.86534
      vertex 24.2633 23.8928 7.18479
      vertex 24.2633 25.2792 6.98994
    endloop
  endfacet
  facet normal -0.707171 0.0984033 0.700161
    outer loop
      vertex 24.2633 23.8928 7.18479
      vertex 24.1375 25.2617 6.86534
      vertex 24.1375 23.8753 7.06019
    endloop
  endfacet
  facet normal 0.707171 0.0984033 0.700161
    outer loop
      vertex 21.7367 23.8928 7.18479
      vertex 21.8625 25.2617 6.86534
      vertex 21.7367 25.2792 6.98994
    endloop
  endfacet
  facet normal 0.707171 0.0984033 0.700161
    outer loop
      vertex 21.8625 25.2617 6.86534
      vertex 21.7367 23.8928 7.18479
      vertex 21.8625 23.8753 7.06019
    endloop
  endfacet
  facet normal 0.358182 0.129945 0.924565
    outer loop
      vertex 22.3085 23.835 6.77332
      vertex 22.4747 25.2125 6.51533
      vertex 22.3085 25.2213 6.57848
    endloop
  endfacet
  facet normal 0.358201 0.129941 0.924558
    outer loop
      vertex 22.4747 25.2125 6.51533
      vertex 22.3085 23.835 6.77332
      vertex 22.4747 23.8261 6.71018
    endloop
  endfacet
  facet normal -0.933532 0.0498912 0.355005
    outer loop
      vertex 24.553 25.3412 7.43167
      vertex 24.6168 23.978 7.79102
      vertex 24.6168 25.3644 7.59618
    endloop
  endfacet
  facet normal -0.933522 0.0498984 0.35503
    outer loop
      vertex 24.6168 23.978 7.79102
      vertex 24.553 25.3412 7.43167
      vertex 24.553 23.9549 7.62651
    endloop
  endfacet
  facet normal -0.987633 0.0218209 0.155257
    outer loop
      vertex 24.6628 25.3883 7.76638
      vertex 24.6907 24.0264 8.13527
      vertex 24.6907 25.4127 7.94043
    endloop
  endfacet
  facet normal -0.987634 0.02182 0.155254
    outer loop
      vertex 24.6907 24.0264 8.13527
      vertex 24.6628 25.3883 7.76638
      vertex 24.6628 24.0019 7.96123
    endloop
  endfacet
  facet normal -0.358182 0.129945 0.924565
    outer loop
      vertex 23.5253 25.2125 6.51533
      vertex 23.6915 23.835 6.77332
      vertex 23.6915 25.2213 6.57848
    endloop
  endfacet
  facet normal -0.358201 0.129941 0.924558
    outer loop
      vertex 23.6915 23.835 6.77332
      vertex 23.5253 25.2125 6.51533
      vertex 23.5253 23.8261 6.71018
    endloop
  endfacet
  facet normal 0.838727 0.0757849 0.539254
    outer loop
      vertex 21.5278 23.9328 7.46951
      vertex 21.6247 25.2984 7.12688
      vertex 21.5278 25.3192 7.27467
    endloop
  endfacet
  facet normal 0.83871 0.0757922 0.539278
    outer loop
      vertex 21.6247 25.2984 7.12688
      vertex 21.5278 23.9328 7.46951
      vertex 21.6247 23.912 7.32173
    endloop
  endfacet
  facet normal 0.777081 0.0875974 0.623275
    outer loop
      vertex 21.6247 23.912 7.32173
      vertex 21.7367 25.2792 6.98994
      vertex 21.6247 25.2984 7.12688
    endloop
  endfacet
  facet normal 0.777081 0.0875974 0.623275
    outer loop
      vertex 21.7367 25.2792 6.98994
      vertex 21.6247 23.912 7.32173
      vertex 21.7367 23.8928 7.18479
    endloop
  endfacet
  facet normal 0.156437 0.137456 0.978076
    outer loop
      vertex 22.6465 23.8197 6.66457
      vertex 22.8223 25.2022 6.44216
      vertex 22.6465 25.2061 6.46973
    endloop
  endfacet
  facet normal 0.156437 0.137456 0.978076
    outer loop
      vertex 22.8223 25.2022 6.44216
      vertex 22.6465 23.8197 6.66457
      vertex 22.8223 23.8158 6.637
    endloop
  endfacet
  facet normal -0.156437 -0.137456 -0.978076
    outer loop
      vertex 23.1777 24.2864 9.98547
      vertex 23.3535 25.6689 9.76306
      vertex 23.3535 24.2825 9.9579
    endloop
  endfacet
  facet normal -0.156437 -0.137456 -0.978076
    outer loop
      vertex 23.3535 25.6689 9.76306
      vertex 23.1777 24.2864 9.98547
      vertex 23.1777 25.6728 9.79063
    endloop
  endfacet
  facet normal -0.965999 0.0359832 0.256028
    outer loop
      vertex 24.6168 25.3644 7.59618
      vertex 24.6628 24.0019 7.96123
      vertex 24.6628 25.3883 7.76638
    endloop
  endfacet
  facet normal -0.966003 0.0359794 0.256015
    outer loop
      vertex 24.6628 24.0019 7.96123
      vertex 24.6168 25.3644 7.59618
      vertex 24.6168 23.978 7.79102
    endloop
  endfacet
  facet normal -0.838727 0.0757849 0.539254
    outer loop
      vertex 24.3753 25.2984 7.12688
      vertex 24.4722 23.9328 7.46951
      vertex 24.4722 25.3192 7.27467
    endloop
  endfacet
  facet normal -0.83871 0.0757922 0.539278
    outer loop
      vertex 24.4722 23.9328 7.46951
      vertex 24.3753 25.2984 7.12688
      vertex 24.3753 23.912 7.32173
    endloop
  endfacet
  facet normal -0.777081 0.0875974 0.623275
    outer loop
      vertex 24.2633 25.2792 6.98994
      vertex 24.3753 23.912 7.32173
      vertex 24.3753 25.2984 7.12688
    endloop
  endfacet
  facet normal -0.777081 0.0875974 0.623275
    outer loop
      vertex 24.3753 23.912 7.32173
      vertex 24.2633 25.2792 6.98994
      vertex 24.2633 23.8928 7.18479
    endloop
  endfacet
  facet normal -0.890954 0.0632001 0.449673
    outer loop
      vertex 24.4722 25.3192 7.27467
      vertex 24.553 23.9549 7.62651
      vertex 24.553 25.3412 7.43167
    endloop
  endfacet
  facet normal -0.89097 0.0631913 0.449643
    outer loop
      vertex 24.553 23.9549 7.62651
      vertex 24.4722 25.3192 7.27467
      vertex 24.4722 23.9328 7.46951
    endloop
  endfacet
  facet normal -0.156437 0.137456 0.978076
    outer loop
      vertex 23.1777 25.2022 6.44216
      vertex 23.3535 23.8197 6.66457
      vertex 23.3535 25.2061 6.46973
    endloop
  endfacet
  facet normal -0.156437 0.137456 0.978076
    outer loop
      vertex 23.3535 23.8197 6.66457
      vertex 23.1777 25.2022 6.44216
      vertex 23.1777 23.8158 6.637
    endloop
  endfacet
  facet normal -0.629282 0.108164 0.769613
    outer loop
      vertex 23.9992 25.2461 6.75445
      vertex 24.1375 23.8753 7.06019
      vertex 24.1375 25.2617 6.86534
    endloop
  endfacet
  facet normal -0.629316 0.108155 0.769587
    outer loop
      vertex 24.1375 23.8753 7.06019
      vertex 23.9992 25.2461 6.75445
      vertex 23.9992 23.8597 6.94929
    endloop
  endfacet
  facet normal -0.454144 0.12399 0.882259
    outer loop
      vertex 23.6915 25.2213 6.57848
      vertex 23.85 23.8462 6.85332
      vertex 23.85 25.2326 6.65848
    endloop
  endfacet
  facet normal -0.454082 0.124003 0.882289
    outer loop
      vertex 23.85 23.8462 6.85332
      vertex 23.6915 25.2213 6.57848
      vertex 23.6915 23.835 6.77332
    endloop
  endfacet
  facet normal -0.544731 0.116709 0.83045
    outer loop
      vertex 23.85 25.2326 6.65848
      vertex 23.9992 23.8597 6.94929
      vertex 23.9992 25.2461 6.75445
    endloop
  endfacet
  facet normal -0.544731 0.116709 0.83045
    outer loop
      vertex 23.9992 23.8597 6.94929
      vertex 23.85 25.2326 6.65848
      vertex 23.85 23.8462 6.85332
    endloop
  endfacet
  facet normal 0.890954 0.0632001 0.449673
    outer loop
      vertex 21.447 23.9549 7.62651
      vertex 21.5278 25.3192 7.27467
      vertex 21.447 25.3412 7.43167
    endloop
  endfacet
  facet normal 0.89097 0.0631913 0.449643
    outer loop
      vertex 21.5278 25.3192 7.27467
      vertex 21.447 23.9549 7.62651
      vertex 21.5278 23.9328 7.46951
    endloop
  endfacet
  facet normal 0.933532 0.0498912 0.355005
    outer loop
      vertex 21.3832 23.978 7.79102
      vertex 21.447 25.3412 7.43167
      vertex 21.3832 25.3644 7.59618
    endloop
  endfacet
  facet normal 0.933522 0.0498984 0.35503
    outer loop
      vertex 21.447 25.3412 7.43167
      vertex 21.3832 23.978 7.79102
      vertex 21.447 23.9549 7.62651
    endloop
  endfacet
  facet normal 0.965999 0.0359832 0.256028
    outer loop
      vertex 21.3372 24.0019 7.96123
      vertex 21.3832 25.3644 7.59618
      vertex 21.3372 25.3883 7.76638
    endloop
  endfacet
  facet normal 0.966003 0.0359794 0.256015
    outer loop
      vertex 21.3832 25.3644 7.59618
      vertex 21.3372 24.0019 7.96123
      vertex 21.3832 23.978 7.79102
    endloop
  endfacet
  facet normal 0.987633 0.0218209 0.155257
    outer loop
      vertex 21.3093 24.0264 8.13527
      vertex 21.3372 25.3883 7.76638
      vertex 21.3093 25.4127 7.94043
    endloop
  endfacet
  facet normal 0.987634 0.02182 0.155254
    outer loop
      vertex 21.3372 25.3883 7.76638
      vertex 21.3093 24.0264 8.13527
      vertex 21.3372 24.0019 7.96123
    endloop
  endfacet
  facet normal 0.544731 0.116709 0.83045
    outer loop
      vertex 22.0008 23.8597 6.94929
      vertex 22.15 25.2326 6.65848
      vertex 22.0008 25.2461 6.75445
    endloop
  endfacet
  facet normal 0.544731 0.116709 0.83045
    outer loop
      vertex 22.15 25.2326 6.65848
      vertex 22.0008 23.8597 6.94929
      vertex 22.15 23.8462 6.85332
    endloop
  endfacet
  facet normal 0.629282 0.108164 0.769613
    outer loop
      vertex 21.8625 23.8753 7.06019
      vertex 22.0008 25.2461 6.75445
      vertex 21.8625 25.2617 6.86534
    endloop
  endfacet
  facet normal 0.629316 0.108155 0.769587
    outer loop
      vertex 22.0008 25.2461 6.75445
      vertex 21.8625 23.8753 7.06019
      vertex 22.0008 23.8597 6.94929
    endloop
  endfacet
  facet normal 0.258889 0.134431 0.956507
    outer loop
      vertex 22.4747 23.8261 6.71018
      vertex 22.6465 25.2061 6.46973
      vertex 22.4747 25.2125 6.51533
    endloop
  endfacet
  facet normal 0.258941 0.134422 0.956494
    outer loop
      vertex 22.6465 25.2061 6.46973
      vertex 22.4747 23.8261 6.71018
      vertex 22.6465 23.8197 6.66457
    endloop
  endfacet
  facet normal -0.998633 -0.00727408 -0.0517567
    outer loop
      vertex 24.7 25.4375 8.11639
      vertex 24.6907 24.0758 8.48721
      vertex 24.6907 25.4622 8.29236
    endloop
  endfacet
  facet normal -0.998633 -0.00727408 -0.0517567
    outer loop
      vertex 24.6907 24.0758 8.48721
      vertex 24.7 25.4375 8.11639
      vertex 24.7 24.0511 8.31124
    endloop
  endfacet
  facet normal 0.0523266 -0.138978 -0.988912
    outer loop
      vertex 22.8223 25.6728 9.79063
      vertex 23 24.2877 9.99469
      vertex 22.8223 24.2864 9.98547
    endloop
  endfacet
  facet normal 0.0523266 -0.138978 -0.988912
    outer loop
      vertex 23 24.2877 9.99469
      vertex 22.8223 25.6728 9.79063
      vertex 23 25.6741 9.79985
    endloop
  endfacet
  facet normal 0.933522 -0.0498949 -0.355031
    outer loop
      vertex 21.447 24.1473 8.99596
      vertex 21.3832 25.5106 8.63661
      vertex 21.447 25.5337 8.80112
    endloop
  endfacet
  facet normal 0.933522 -0.0498949 -0.355031
    outer loop
      vertex 21.3832 25.5106 8.63661
      vertex 21.447 24.1473 8.99596
      vertex 21.3832 24.1242 8.83145
    endloop
  endfacet
  facet normal -0.35825 -0.129932 -0.92454
    outer loop
      vertex 23.5253 24.2761 9.9123
      vertex 23.6915 25.6536 9.65431
      vertex 23.6915 24.2672 9.84915
    endloop
  endfacet
  facet normal -0.35825 -0.129932 -0.92454
    outer loop
      vertex 23.6915 25.6536 9.65431
      vertex 23.5253 24.2761 9.9123
      vertex 23.5253 25.6625 9.71746
    endloop
  endfacet
  facet normal -0.258889 -0.134424 -0.956508
    outer loop
      vertex 23.3535 24.2825 9.9579
      vertex 23.5253 25.6625 9.71746
      vertex 23.5253 24.2761 9.9123
    endloop
  endfacet
  facet normal -0.258889 -0.134424 -0.956508
    outer loop
      vertex 23.5253 25.6625 9.71746
      vertex 23.3535 24.2825 9.9579
      vertex 23.3535 25.6689 9.76306
    endloop
  endfacet
  facet normal -0.0523266 0.138978 0.988912
    outer loop
      vertex 23 25.2009 6.43294
      vertex 23.1777 23.8158 6.637
      vertex 23.1777 25.2022 6.44216
    endloop
  endfacet
  facet normal -0.0523266 0.138978 0.988912
    outer loop
      vertex 23.1777 23.8158 6.637
      vertex 23 25.2009 6.43294
      vertex 23 23.8145 6.62778
    endloop
  endfacet
  facet normal -0.258889 0.134431 0.956507
    outer loop
      vertex 23.3535 25.2061 6.46973
      vertex 23.5253 23.8261 6.71018
      vertex 23.5253 25.2125 6.51533
    endloop
  endfacet
  facet normal -0.258941 0.134422 0.956494
    outer loop
      vertex 23.5253 23.8261 6.71018
      vertex 23.3535 25.2061 6.46973
      vertex 23.3535 23.8197 6.66457
    endloop
  endfacet
  facet normal 0.454144 0.12399 0.882259
    outer loop
      vertex 22.15 23.8462 6.85332
      vertex 22.3085 25.2213 6.57848
      vertex 22.15 25.2326 6.65848
    endloop
  endfacet
  facet normal 0.454082 0.124003 0.882289
    outer loop
      vertex 22.3085 25.2213 6.57848
      vertex 22.15 23.8462 6.85332
      vertex 22.3085 23.835 6.77332
    endloop
  endfacet
  facet normal -0.933522 -0.0498949 -0.355031
    outer loop
      vertex 24.6168 25.5106 8.63661
      vertex 24.553 24.1473 8.99596
      vertex 24.553 25.5337 8.80112
    endloop
  endfacet
  facet normal -0.933522 -0.0498949 -0.355031
    outer loop
      vertex 24.553 24.1473 8.99596
      vertex 24.6168 25.5106 8.63661
      vertex 24.6168 24.1242 8.83145
    endloop
  endfacet
  facet normal -0.966003 -0.0359794 -0.256015
    outer loop
      vertex 24.6628 25.4867 8.4664
      vertex 24.6168 24.1242 8.83145
      vertex 24.6168 25.5106 8.63661
    endloop
  endfacet
  facet normal -0.965999 -0.0359832 -0.256028
    outer loop
      vertex 24.6168 24.1242 8.83145
      vertex 24.6628 25.4867 8.4664
      vertex 24.6628 24.1003 8.66125
    endloop
  endfacet
  facet normal -0.987634 -0.02182 -0.155254
    outer loop
      vertex 24.6907 25.4622 8.29236
      vertex 24.6628 24.1003 8.66125
      vertex 24.6628 25.4867 8.4664
    endloop
  endfacet
  facet normal -0.987634 -0.02182 -0.155254
    outer loop
      vertex 24.6628 24.1003 8.66125
      vertex 24.6907 25.4622 8.29236
      vertex 24.6907 24.0758 8.48721
    endloop
  endfacet
  facet normal -0.629282 -0.108164 -0.769613
    outer loop
      vertex 23.9992 24.2425 9.67318
      vertex 24.1375 25.6133 9.36744
      vertex 24.1375 24.2269 9.56229
    endloop
  endfacet
  facet normal -0.629316 -0.108155 -0.769587
    outer loop
      vertex 24.1375 25.6133 9.36744
      vertex 23.9992 24.2425 9.67318
      vertex 23.9992 25.6289 9.47834
    endloop
  endfacet
  facet normal -0.89097 -0.0631913 -0.449643
    outer loop
      vertex 24.553 25.5337 8.80112
      vertex 24.4722 24.1694 9.15296
      vertex 24.4722 25.5558 8.95812
    endloop
  endfacet
  facet normal -0.89097 -0.0631913 -0.449643
    outer loop
      vertex 24.4722 24.1694 9.15296
      vertex 24.553 25.5337 8.80112
      vertex 24.553 24.1473 8.99596
    endloop
  endfacet
  facet normal -0.777134 -0.0875839 -0.62321
    outer loop
      vertex 24.3753 25.5765 9.1059
      vertex 24.2633 24.2094 9.43769
      vertex 24.2633 25.5958 9.24285
    endloop
  endfacet
  facet normal -0.777081 -0.0876036 -0.623274
    outer loop
      vertex 24.2633 24.2094 9.43769
      vertex 24.3753 25.5765 9.1059
      vertex 24.3753 24.1902 9.30075
    endloop
  endfacet
  facet normal 0.35825 -0.129932 -0.92454
    outer loop
      vertex 22.3085 25.6536 9.65431
      vertex 22.4747 24.2761 9.9123
      vertex 22.3085 24.2672 9.84915
    endloop
  endfacet
  facet normal 0.35825 -0.129932 -0.92454
    outer loop
      vertex 22.4747 24.2761 9.9123
      vertex 22.3085 25.6536 9.65431
      vertex 22.4747 25.6625 9.71746
    endloop
  endfacet
  facet normal 0.966003 -0.0359794 -0.256015
    outer loop
      vertex 21.3832 24.1242 8.83145
      vertex 21.3372 25.4867 8.4664
      vertex 21.3832 25.5106 8.63661
    endloop
  endfacet
  facet normal 0.965999 -0.0359832 -0.256028
    outer loop
      vertex 21.3372 25.4867 8.4664
      vertex 21.3832 24.1242 8.83145
      vertex 21.3372 24.1003 8.66125
    endloop
  endfacet
  facet normal -0.838687 -0.0758026 -0.539313
    outer loop
      vertex 24.4722 25.5558 8.95812
      vertex 24.3753 24.1902 9.30075
      vertex 24.3753 25.5765 9.1059
    endloop
  endfacet
  facet normal -0.838727 -0.0757849 -0.539254
    outer loop
      vertex 24.3753 24.1902 9.30075
      vertex 24.4722 25.5558 8.95812
      vertex 24.4722 24.1694 9.15296
    endloop
  endfacet
  facet normal -0.0523266 -0.138978 -0.988912
    outer loop
      vertex 23 24.2877 9.99469
      vertex 23.1777 25.6728 9.79063
      vertex 23.1777 24.2864 9.98547
    endloop
  endfacet
  facet normal -0.0523266 -0.138978 -0.988912
    outer loop
      vertex 23.1777 25.6728 9.79063
      vertex 23 24.2877 9.99469
      vertex 23 25.6741 9.79985
    endloop
  endfacet
  facet normal 0.258889 -0.134424 -0.956508
    outer loop
      vertex 22.4747 25.6625 9.71746
      vertex 22.6465 24.2825 9.9579
      vertex 22.4747 24.2761 9.9123
    endloop
  endfacet
  facet normal 0.258889 -0.134424 -0.956508
    outer loop
      vertex 22.6465 24.2825 9.9579
      vertex 22.4747 25.6625 9.71746
      vertex 22.6465 25.6689 9.76306
    endloop
  endfacet
  facet normal 0.707143 -0.0984072 -0.700189
    outer loop
      vertex 21.8625 24.2269 9.56229
      vertex 21.7367 25.5958 9.24285
      vertex 21.8625 25.6133 9.36744
    endloop
  endfacet
  facet normal 0.707171 -0.0983984 -0.700162
    outer loop
      vertex 21.7367 25.5958 9.24285
      vertex 21.8625 24.2269 9.56229
      vertex 21.7367 24.2094 9.43769
    endloop
  endfacet
  facet normal 0.777134 -0.0875839 -0.62321
    outer loop
      vertex 21.7367 24.2094 9.43769
      vertex 21.6247 25.5765 9.1059
      vertex 21.7367 25.5958 9.24285
    endloop
  endfacet
  facet normal 0.777081 -0.0876036 -0.623274
    outer loop
      vertex 21.6247 25.5765 9.1059
      vertex 21.7367 24.2094 9.43769
      vertex 21.6247 24.1902 9.30075
    endloop
  endfacet
  facet normal 0.89097 -0.0631913 -0.449643
    outer loop
      vertex 21.5278 24.1694 9.15296
      vertex 21.447 25.5337 8.80112
      vertex 21.5278 25.5558 8.95812
    endloop
  endfacet
  facet normal 0.89097 -0.0631913 -0.449643
    outer loop
      vertex 21.447 25.5337 8.80112
      vertex 21.5278 24.1694 9.15296
      vertex 21.447 24.1473 8.99596
    endloop
  endfacet
  facet normal 0.987634 -0.02182 -0.155254
    outer loop
      vertex 21.3372 24.1003 8.66125
      vertex 21.3093 25.4622 8.29236
      vertex 21.3372 25.4867 8.4664
    endloop
  endfacet
  facet normal 0.987634 -0.02182 -0.155254
    outer loop
      vertex 21.3093 25.4622 8.29236
      vertex 21.3372 24.1003 8.66125
      vertex 21.3093 24.0758 8.48721
    endloop
  endfacet
  facet normal 0.998633 -0.00727408 -0.0517567
    outer loop
      vertex 21.3093 24.0758 8.48721
      vertex 21.3 25.4375 8.11639
      vertex 21.3093 25.4622 8.29236
    endloop
  endfacet
  facet normal 0.998633 -0.00727408 -0.0517567
    outer loop
      vertex 21.3 25.4375 8.11639
      vertex 21.3093 24.0758 8.48721
      vertex 21.3 24.0511 8.31124
    endloop
  endfacet
  facet normal -0.544731 -0.116709 -0.83045
    outer loop
      vertex 23.85 24.256 9.76915
      vertex 23.9992 25.6289 9.47834
      vertex 23.9992 24.2425 9.67318
    endloop
  endfacet
  facet normal -0.544731 -0.116709 -0.83045
    outer loop
      vertex 23.9992 25.6289 9.47834
      vertex 23.85 24.256 9.76915
      vertex 23.85 25.6424 9.57431
    endloop
  endfacet
  facet normal -0.454082 -0.123994 -0.88229
    outer loop
      vertex 23.6915 24.2672 9.84915
      vertex 23.85 25.6424 9.57431
      vertex 23.85 24.256 9.76915
    endloop
  endfacet
  facet normal -0.454082 -0.123994 -0.88229
    outer loop
      vertex 23.85 25.6424 9.57431
      vertex 23.6915 24.2672 9.84915
      vertex 23.6915 25.6536 9.65431
    endloop
  endfacet
  facet normal -0.707143 -0.0984072 -0.700189
    outer loop
      vertex 24.2633 25.5958 9.24285
      vertex 24.1375 24.2269 9.56229
      vertex 24.1375 25.6133 9.36744
    endloop
  endfacet
  facet normal -0.707171 -0.0983984 -0.700162
    outer loop
      vertex 24.1375 24.2269 9.56229
      vertex 24.2633 25.5958 9.24285
      vertex 24.2633 24.2094 9.43769
    endloop
  endfacet
  facet normal 0.156437 -0.137456 -0.978076
    outer loop
      vertex 22.6465 25.6689 9.76306
      vertex 22.8223 24.2864 9.98547
      vertex 22.6465 24.2825 9.9579
    endloop
  endfacet
  facet normal 0.156437 -0.137456 -0.978076
    outer loop
      vertex 22.8223 24.2864 9.98547
      vertex 22.6465 25.6689 9.76306
      vertex 22.8223 25.6728 9.79063
    endloop
  endfacet
  facet normal 0.454082 -0.123994 -0.88229
    outer loop
      vertex 22.15 25.6424 9.57431
      vertex 22.3085 24.2672 9.84915
      vertex 22.15 24.256 9.76915
    endloop
  endfacet
  facet normal 0.454082 -0.123994 -0.88229
    outer loop
      vertex 22.3085 24.2672 9.84915
      vertex 22.15 25.6424 9.57431
      vertex 22.3085 25.6536 9.65431
    endloop
  endfacet
  facet normal 0.544731 -0.116709 -0.83045
    outer loop
      vertex 22.0008 25.6289 9.47834
      vertex 22.15 24.256 9.76915
      vertex 22.0008 24.2425 9.67318
    endloop
  endfacet
  facet normal 0.544731 -0.116709 -0.83045
    outer loop
      vertex 22.15 24.256 9.76915
      vertex 22.0008 25.6289 9.47834
      vertex 22.15 25.6424 9.57431
    endloop
  endfacet
  facet normal 0.629282 -0.108164 -0.769613
    outer loop
      vertex 21.8625 25.6133 9.36744
      vertex 22.0008 24.2425 9.67318
      vertex 21.8625 24.2269 9.56229
    endloop
  endfacet
  facet normal 0.629316 -0.108155 -0.769587
    outer loop
      vertex 22.0008 24.2425 9.67318
      vertex 21.8625 25.6133 9.36744
      vertex 22.0008 25.6289 9.47834
    endloop
  endfacet
  facet normal 0.838687 -0.0758026 -0.539313
    outer loop
      vertex 21.6247 24.1902 9.30075
      vertex 21.5278 25.5558 8.95812
      vertex 21.6247 25.5765 9.1059
    endloop
  endfacet
  facet normal 0.838727 -0.0757849 -0.539254
    outer loop
      vertex 21.5278 25.5558 8.95812
      vertex 21.6247 24.1902 9.30075
      vertex 21.5278 24.1694 9.15296
    endloop
  endfacet
  facet normal -0.766233 0.639566 -0.0619894
    outer loop
      vertex 26.2079 27.2193 7.86113
      vertex 24.7 25.4375 8.11639
      vertex 26.2081 27.22 7.86588
    endloop
  endfacet
  facet normal -0.765901 0.641022 -0.0498663
    outer loop
      vertex 24.7 25.4375 8.11639
      vertex 26.2079 27.2193 7.86113
      vertex 24.6907 25.4127 7.94043
    endloop
  endfacet
  facet normal 0.482708 0.718402 0.500891
    outer loop
      vertex 21.8625 25.2617 6.86534
      vertex 21.1106 26.8592 5.29873
      vertex 20.8534 26.8882 5.505
    endloop
  endfacet
  facet normal -0.482566 0.552488 -0.679623
    outer loop
      vertex 24.8894 27.5808 10.433
      vertex 25.1466 27.5518 10.2268
      vertex 24.1375 25.6133 9.36744
    endloop
  endfacet
  facet normal 0.76589 0.629919 -0.128896
    outer loop
      vertex 21.3 25.4375 8.11639
      vertex 19.7921 27.2206 7.87064
      vertex 21.3093 25.4622 8.29236
    endloop
  endfacet
  facet normal 0.766326 0.632625 -0.111941
    outer loop
      vertex 19.7921 27.2206 7.87064
      vertex 21.3 25.4375 8.11639
      vertex 19.7919 27.22 7.86588
    endloop
  endfacet
  facet normal -0.757556 0.652111 0.0293286
    outer loop
      vertex 26.1905 27.1733 7.53381
      vertex 26.1388 27.1278 7.21008
      vertex 24.6907 25.4127 7.94043
    endloop
  endfacet
  facet normal -0.714374 0.596011 -0.366662
    outer loop
      vertex 26.0511 27.3579 8.84759
      vertex 24.553 25.5337 8.80112
      vertex 26.0494 27.3586 8.85204
    endloop
  endfacet
  facet normal -0.715989 0.597206 -0.361531
    outer loop
      vertex 24.553 25.5337 8.80112
      vertex 26.0511 27.3579 8.84759
      vertex 24.6168 25.5106 8.63661
    endloop
  endfacet
  facet normal -0.0400222 0.528873 -0.847757
    outer loop
      vertex 23.3353 27.664 11.0254
      vertex 23.1777 25.6728 9.79063
      vertex 23.0048 27.6664 11.0425
    endloop
  endfacet
  facet normal 0.765896 0.629844 -0.12923
    outer loop
      vertex 19.8095 27.2666 8.19796
      vertex 21.3093 25.4622 8.29236
      vertex 19.7921 27.2206 7.87064
    endloop
  endfacet
  facet normal 0.716069 0.673696 0.182697
    outer loop
      vertex 21.447 25.3412 7.43167
      vertex 19.9489 27.082 6.88417
      vertex 21.3832 25.3644 7.59618
    endloop
  endfacet
  facet normal 0.716063 0.673697 0.182717
    outer loop
      vertex 19.9489 27.082 6.88417
      vertex 21.447 25.3412 7.43167
      vertex 19.9506 27.0814 6.87972
    endloop
  endfacet
  facet normal 0.0401107 0.742059 0.669134
    outer loop
      vertex 22.8223 25.2022 6.44216
      vertex 22.9952 26.7735 4.68925
      vertex 22.6647 26.7759 4.7064
    endloop
  endfacet
  facet normal -0.596026 0.702648 0.388637
    outer loop
      vertex 25.5924 26.957 5.99486
      vertex 25.3841 26.9212 5.74013
      vertex 24.2633 25.2792 6.98994
    endloop
  endfacet
  facet normal -0.274764 0.735097 0.619788
    outer loop
      vertex 24.3049 26.8121 4.96365
      vertex 23.9958 26.7956 4.84619
      vertex 23.6915 25.2213 6.57848
    endloop
  endfacet
  facet normal -0.765909 0.64105 -0.0493752
    outer loop
      vertex 26.2079 27.2193 7.86113
      vertex 26.1905 27.1733 7.53381
      vertex 24.6907 25.4127 7.94043
    endloop
  endfacet
  facet normal -0.744333 0.609175 -0.273631
    outer loop
      vertex 26.0523 27.3573 8.84299
      vertex 24.6168 25.5106 8.63661
      vertex 26.0511 27.3579 8.84759
    endloop
  endfacet
  facet normal -0.740915 0.607853 -0.285587
    outer loop
      vertex 24.6168 25.5106 8.63661
      vertex 26.0523 27.3573 8.84299
      vertex 24.6628 25.4867 8.4664
    endloop
  endfacet
  facet normal -0.716024 0.597218 -0.361441
    outer loop
      vertex 25.9308 27.4016 9.15804
      vertex 26.0494 27.3586 8.85204
      vertex 24.553 25.5337 8.80112
    endloop
  endfacet
  facet normal -0.417844 0.54595 -0.726186
    outer loop
      vertex 24.6081 27.6063 10.6146
      vertex 24.8857 27.5812 10.436
      vertex 23.9992 25.6289 9.47834
    endloop
  endfacet
  facet normal -0.283102 0.535421 -0.795725
    outer loop
      vertex 23.6915 25.6536 9.65431
      vertex 23.9914 27.6446 10.8873
      vertex 23.9958 27.6444 10.8856
    endloop
  endfacet
  facet normal -0.274674 0.535814 -0.798409
    outer loop
      vertex 23.9914 27.6446 10.8873
      vertex 23.6915 25.6536 9.65431
      vertex 23.5253 25.6625 9.71746
    endloop
  endfacet
  facet normal -0.131252 0.530554 -0.837428
    outer loop
      vertex 23.3535 25.6689 9.76306
      vertex 23.6623 27.6568 10.9741
      vertex 23.667 27.6567 10.9733
    endloop
  endfacet
  facet normal -0.119891 0.530029 -0.839462
    outer loop
      vertex 23.6623 27.6568 10.9741
      vertex 23.3535 25.6689 9.76306
      vertex 23.1777 25.6728 9.79063
    endloop
  endfacet
  facet normal 0.714374 0.596011 -0.366662
    outer loop
      vertex 21.447 25.5337 8.80112
      vertex 19.9489 27.3579 8.84759
      vertex 19.9506 27.3586 8.85204
    endloop
  endfacet
  facet normal 0.715989 0.597206 -0.361531
    outer loop
      vertex 19.9489 27.3579 8.84759
      vertex 21.447 25.5337 8.80112
      vertex 21.3832 25.5106 8.63661
    endloop
  endfacet
  facet normal 0.643225 0.577317 -0.502957
    outer loop
      vertex 20.4046 27.4824 9.73321
      vertex 21.6247 25.5765 9.1059
      vertex 20.2243 27.4438 9.45832
    endloop
  endfacet
  facet normal 0.119891 0.530029 -0.839462
    outer loop
      vertex 22.6465 25.6689 9.76306
      vertex 22.3377 27.6568 10.9741
      vertex 22.8223 25.6728 9.79063
    endloop
  endfacet
  facet normal 0.131252 0.530554 -0.837428
    outer loop
      vertex 22.3377 27.6568 10.9741
      vertex 22.6465 25.6689 9.76306
      vertex 22.333 27.6567 10.9733
    endloop
  endfacet
  facet normal 0.757556 0.652111 0.0293286
    outer loop
      vertex 21.3093 25.4127 7.94043
      vertex 19.8612 27.1278 7.21008
      vertex 19.8095 27.1733 7.53381
    endloop
  endfacet
  facet normal 0.542327 0.710949 0.447698
    outer loop
      vertex 21.8625 25.2617 6.86534
      vertex 20.6159 26.9212 5.74013
      vertex 21.7367 25.2792 6.98994
    endloop
  endfacet
  facet normal 0.542182 0.710953 0.447866
    outer loop
      vertex 20.6159 26.9212 5.74013
      vertex 21.8625 25.2617 6.86534
      vertex 20.8534 26.8882 5.505
    endloop
  endfacet
  facet normal 0.740857 0.663066 0.107122
    outer loop
      vertex 21.3832 25.3644 7.59618
      vertex 19.9477 27.0826 6.88877
      vertex 21.3372 25.3883 7.76638
    endloop
  endfacet
  facet normal 0.740948 0.663014 0.106811
    outer loop
      vertex 19.9477 27.0826 6.88877
      vertex 21.3832 25.3644 7.59618
      vertex 19.9489 27.082 6.88417
    endloop
  endfacet
  facet normal 0.716022 0.673704 0.182852
    outer loop
      vertex 21.447 25.3412 7.43167
      vertex 20.0692 27.0384 6.57373
      vertex 19.9506 27.0814 6.87972
    endloop
  endfacet
  facet normal 0.417729 0.724977 0.54764
    outer loop
      vertex 22.0008 25.2461 6.75445
      vertex 21.3919 26.8337 5.11721
      vertex 21.1143 26.8588 5.29573
    endloop
  endfacet
  facet normal 0.274455 0.735136 0.619878
    outer loop
      vertex 22.4747 25.2125 6.51533
      vertex 22.0042 26.7956 4.84619
      vertex 22.3085 25.2213 6.57848
    endloop
  endfacet
  facet normal 0.288929 0.733956 0.614678
    outer loop
      vertex 22.0042 26.7956 4.84619
      vertex 22.4747 25.2125 6.51533
      vertex 22.0086 26.7953 4.84448
    endloop
  endfacet
  facet normal 0.120066 0.7409 0.660796
    outer loop
      vertex 22.3377 26.7831 4.75767
      vertex 22.6465 25.2061 6.46973
      vertex 22.8223 25.2022 6.44216
    endloop
  endfacet
  facet normal 0.121178 0.740899 0.660595
    outer loop
      vertex 22.6465 25.2061 6.46973
      vertex 22.3377 26.7831 4.75767
      vertex 22.333 26.7832 4.75842
    endloop
  endfacet
  facet normal -0.119924 0.740893 0.66083
    outer loop
      vertex 23.6623 26.7831 4.75767
      vertex 23.3353 26.7759 4.7064
      vertex 23.1777 25.2022 6.44216
    endloop
  endfacet
  facet normal -0.417729 0.724977 0.54764
    outer loop
      vertex 24.8857 26.8588 5.29573
      vertex 24.6081 26.8337 5.11721
      vertex 23.9992 25.2461 6.75445
    endloop
  endfacet
  facet normal -0.683385 0.683908 0.25545
    outer loop
      vertex 25.9308 27.0384 6.57373
      vertex 25.7805 26.9973 6.28168
      vertex 24.553 25.3412 7.43167
    endloop
  endfacet
  facet normal -0.740948 0.663014 0.106811
    outer loop
      vertex 24.6168 25.3644 7.59618
      vertex 26.0523 27.0826 6.88877
      vertex 26.0511 27.082 6.88417
    endloop
  endfacet
  facet normal -0.740857 0.663066 0.107122
    outer loop
      vertex 26.0523 27.0826 6.88877
      vertex 24.6168 25.3644 7.59618
      vertex 24.6628 25.3883 7.76638
    endloop
  endfacet
  facet normal -0.740788 0.663111 0.107319
    outer loop
      vertex 26.138 27.1271 7.20537
      vertex 26.0523 27.0826 6.88877
      vertex 24.6628 25.3883 7.76638
    endloop
  endfacet
  facet normal -0.766326 0.632625 -0.111941
    outer loop
      vertex 24.7 25.4375 8.11639
      vertex 26.2079 27.2206 7.87064
      vertex 26.2081 27.22 7.86588
    endloop
  endfacet
  facet normal -0.76589 0.629919 -0.128896
    outer loop
      vertex 26.2079 27.2206 7.87064
      vertex 24.7 25.4375 8.11639
      vertex 24.6907 25.4622 8.29236
    endloop
  endfacet
  facet normal -0.542233 0.559981 -0.626422
    outer loop
      vertex 24.2633 25.5958 9.24285
      vertex 25.1466 27.5518 10.2268
      vertex 25.3841 27.5187 9.99163
    endloop
  endfacet
  facet normal -0.542375 0.559982 -0.626298
    outer loop
      vertex 25.1466 27.5518 10.2268
      vertex 24.2633 25.5958 9.24285
      vertex 24.1375 25.6133 9.36744
    endloop
  endfacet
  facet normal -0.348214 0.540353 -0.766006
    outer loop
      vertex 24.3049 27.6278 10.7681
      vertex 24.5998 27.6069 10.6193
      vertex 23.6915 25.6536 9.65431
    endloop
  endfacet
  facet normal -0.040117 0.528865 -0.847757
    outer loop
      vertex 23 25.6741 9.79985
      vertex 23.0048 27.6664 11.0425
      vertex 23.1777 25.6728 9.79063
    endloop
  endfacet
  facet normal -0.0529522 0.528571 -0.847236
    outer loop
      vertex 23.0048 27.6664 11.0425
      vertex 23 25.6741 9.79985
      vertex 23 27.6664 11.0428
    endloop
  endfacet
  facet normal 0.596019 0.568298 -0.567273
    outer loop
      vertex 20.6159 27.5187 9.99163
      vertex 21.7367 25.5958 9.24285
      vertex 20.4076 27.4829 9.73691
    endloop
  endfacet
  facet normal 0.348214 0.540353 -0.766006
    outer loop
      vertex 21.6951 27.6278 10.7681
      vertex 22.3085 25.6536 9.65431
      vertex 21.4002 27.6069 10.6193
    endloop
  endfacet
  facet normal 0.348193 0.73055 0.587417
    outer loop
      vertex 22.3085 25.2213 6.57848
      vertex 21.6951 26.8121 4.96365
      vertex 21.4002 26.833 5.11246
    endloop
  endfacet
  facet normal 0.0401469 0.742056 0.669135
    outer loop
      vertex 23 25.2009 6.43294
      vertex 22.9952 26.7735 4.68925
      vertex 22.8223 25.2022 6.44216
    endloop
  endfacet
  facet normal 0.0348581 0.742196 0.669276
    outer loop
      vertex 22.9952 26.7735 4.68925
      vertex 23 25.2009 6.43294
      vertex 23 26.7735 4.689
    endloop
  endfacet
  facet normal -0.346494 0.730646 0.588301
    outer loop
      vertex 24.5998 26.833 5.11246
      vertex 23.85 25.2326 6.65848
      vertex 24.6041 26.8333 5.11462
    endloop
  endfacet
  facet normal -0.348483 0.730554 0.587241
    outer loop
      vertex 23.85 25.2326 6.65848
      vertex 24.5998 26.833 5.11246
      vertex 23.6915 25.2213 6.57848
    endloop
  endfacet
  facet normal -0.643264 0.693585 0.324271
    outer loop
      vertex 25.7757 26.9962 6.27345
      vertex 25.5954 26.9575 5.99856
      vertex 24.3753 25.2984 7.12688
    endloop
  endfacet
  facet normal -0.595884 0.702655 0.388842
    outer loop
      vertex 25.5954 26.9575 5.99856
      vertex 24.2633 25.2792 6.98994
      vertex 24.3753 25.2984 7.12688
    endloop
  endfacet
  facet normal -0.59617 0.70264 0.38843
    outer loop
      vertex 24.2633 25.2792 6.98994
      vertex 25.5954 26.9575 5.99856
      vertex 25.5924 26.957 5.99486
    endloop
  endfacet
  facet normal -0.716063 0.673697 0.182717
    outer loop
      vertex 24.553 25.3412 7.43167
      vertex 26.0511 27.082 6.88417
      vertex 26.0494 27.0814 6.87972
    endloop
  endfacet
  facet normal -0.716069 0.673696 0.182697
    outer loop
      vertex 26.0511 27.082 6.88417
      vertex 24.553 25.3412 7.43167
      vertex 24.6168 25.3644 7.59618
    endloop
  endfacet
  facet normal -0.757104 0.652529 0.0316164
    outer loop
      vertex 24.6628 25.3883 7.76638
      vertex 26.1388 27.1278 7.21008
      vertex 26.138 27.1271 7.20537
    endloop
  endfacet
  facet normal -0.757405 0.652258 0.0299713
    outer loop
      vertex 26.1388 27.1278 7.21008
      vertex 24.6628 25.3883 7.76638
      vertex 24.6907 25.4127 7.94043
    endloop
  endfacet
  facet normal -0.765896 0.629844 -0.12923
    outer loop
      vertex 26.1905 27.2666 8.19796
      vertex 26.2079 27.2206 7.87064
      vertex 24.6907 25.4622 8.29236
    endloop
  endfacet
  facet normal -0.75754 0.618781 -0.207949
    outer loop
      vertex 26.1388 27.3121 8.52169
      vertex 26.1905 27.2666 8.19796
      vertex 24.6907 25.4622 8.29236
    endloop
  endfacet
  facet normal -0.64201 0.576808 -0.50509
    outer loop
      vertex 25.7783 27.4432 9.45433
      vertex 24.3753 25.5765 9.1059
      vertex 25.7757 27.4438 9.45832
    endloop
  endfacet
  facet normal -0.643354 0.577377 -0.502725
    outer loop
      vertex 24.3753 25.5765 9.1059
      vertex 25.7783 27.4432 9.45433
      vertex 24.4722 25.5558 8.95812
    endloop
  endfacet
  facet normal -0.596019 0.568298 -0.567273
    outer loop
      vertex 25.3841 27.5187 9.99163
      vertex 25.5924 27.4829 9.73691
      vertex 24.2633 25.5958 9.24285
    endloop
  endfacet
  facet normal -0.643225 0.577317 -0.502957
    outer loop
      vertex 25.5954 27.4824 9.73321
      vertex 25.7757 27.4438 9.45832
      vertex 24.3753 25.5765 9.1059
    endloop
  endfacet
  facet normal -0.683357 0.587007 -0.434104
    outer loop
      vertex 25.7805 27.4426 9.45008
      vertex 25.9308 27.4016 9.15804
      vertex 24.553 25.5337 8.80112
    endloop
  endfacet
  facet normal -0.682305 0.586799 -0.436035
    outer loop
      vertex 25.7805 27.4426 9.45008
      vertex 24.4722 25.5558 8.95812
      vertex 25.7783 27.4432 9.45433
    endloop
  endfacet
  facet normal -0.683259 0.586999 -0.434268
    outer loop
      vertex 24.4722 25.5558 8.95812
      vertex 25.7805 27.4426 9.45008
      vertex 24.553 25.5337 8.80112
    endloop
  endfacet
  facet normal -0.488113 0.552466 -0.675668
    outer loop
      vertex 24.1375 25.6133 9.36744
      vertex 24.8857 27.5812 10.436
      vertex 24.8894 27.5808 10.433
    endloop
  endfacet
  facet normal -0.482618 0.552499 -0.679577
    outer loop
      vertex 24.8857 27.5812 10.436
      vertex 24.1375 25.6133 9.36744
      vertex 23.9992 25.6289 9.47834
    endloop
  endfacet
  facet normal -0.274727 0.535797 -0.798403
    outer loop
      vertex 23.9958 27.6444 10.8856
      vertex 24.3049 27.6278 10.7681
      vertex 23.6915 25.6536 9.65431
    endloop
  endfacet
  facet normal -0.198469 0.532335 -0.82294
    outer loop
      vertex 23.667 27.6567 10.9733
      vertex 23.9867 27.6448 10.8885
      vertex 23.3535 25.6689 9.76306
    endloop
  endfacet
  facet normal 0.75754 0.618781 -0.207949
    outer loop
      vertex 19.8612 27.3121 8.52169
      vertex 21.3093 25.4622 8.29236
      vertex 19.8095 27.2666 8.19796
    endloop
  endfacet
  facet normal 0.744333 0.609175 -0.273631
    outer loop
      vertex 21.3832 25.5106 8.63661
      vertex 19.9477 27.3573 8.84299
      vertex 19.9489 27.3579 8.84759
    endloop
  endfacet
  facet normal 0.740915 0.607853 -0.285587
    outer loop
      vertex 19.9477 27.3573 8.84299
      vertex 21.3832 25.5106 8.63661
      vertex 21.3372 25.4867 8.4664
    endloop
  endfacet
  facet normal 0.682305 0.586799 -0.436035
    outer loop
      vertex 21.5278 25.5558 8.95812
      vertex 20.2195 27.4426 9.45008
      vertex 20.2217 27.4432 9.45433
    endloop
  endfacet
  facet normal 0.683259 0.586999 -0.434268
    outer loop
      vertex 20.2195 27.4426 9.45008
      vertex 21.5278 25.5558 8.95812
      vertex 21.447 25.5337 8.80112
    endloop
  endfacet
  facet normal 0.59922 0.569381 -0.562797
    outer loop
      vertex 21.7367 25.5958 9.24285
      vertex 20.4046 27.4824 9.73321
      vertex 20.4076 27.4829 9.73691
    endloop
  endfacet
  facet normal 0.595914 0.568251 -0.567431
    outer loop
      vertex 20.4046 27.4824 9.73321
      vertex 21.7367 25.5958 9.24285
      vertex 21.6247 25.5765 9.1059
    endloop
  endfacet
  facet normal 0.348391 0.540384 -0.765904
    outer loop
      vertex 22.15 25.6424 9.57431
      vertex 21.4002 27.6069 10.6193
      vertex 22.3085 25.6536 9.65431
    endloop
  endfacet
  facet normal 0.352903 0.540836 -0.763515
    outer loop
      vertex 21.4002 27.6069 10.6193
      vertex 22.15 25.6424 9.57431
      vertex 21.3959 27.6066 10.6171
    endloop
  endfacet
  facet normal 0.766233 0.639566 -0.0619894
    outer loop
      vertex 21.3 25.4375 8.11639
      vertex 19.7921 27.2193 7.86113
      vertex 19.7919 27.22 7.86588
    endloop
  endfacet
  facet normal 0.765901 0.641022 -0.0498663
    outer loop
      vertex 19.7921 27.2193 7.86113
      vertex 21.3 25.4375 8.11639
      vertex 21.3093 25.4127 7.94043
    endloop
  endfacet
  facet normal 0.765909 0.64105 -0.0493752
    outer loop
      vertex 21.3093 25.4127 7.94043
      vertex 19.8095 27.1733 7.53381
      vertex 19.7921 27.2193 7.86113
    endloop
  endfacet
  facet normal 0.643306 0.693591 0.324174
    outer loop
      vertex 21.6247 25.2984 7.12688
      vertex 20.2217 26.9967 6.27744
      vertex 21.5278 25.3192 7.27467
    endloop
  endfacet
  facet normal 0.640015 0.693838 0.330105
    outer loop
      vertex 20.2217 26.9967 6.27744
      vertex 21.6247 25.2984 7.12688
      vertex 20.2243 26.9962 6.27345
    endloop
  endfacet
  facet normal 0.596026 0.702648 0.388637
    outer loop
      vertex 21.7367 25.2792 6.98994
      vertex 20.6159 26.9212 5.74013
      vertex 20.4076 26.957 5.99486
    endloop
  endfacet
  facet normal 0.643264 0.693585 0.324271
    outer loop
      vertex 21.6247 25.2984 7.12688
      vertex 20.4046 26.9575 5.99856
      vertex 20.2243 26.9962 6.27345
    endloop
  endfacet
  facet normal 0.683385 0.683908 0.25545
    outer loop
      vertex 21.447 25.3412 7.43167
      vertex 20.2195 26.9973 6.28168
      vertex 20.0692 27.0384 6.57373
    endloop
  endfacet
  facet normal 0.683194 0.683982 0.255761
    outer loop
      vertex 21.5278 25.3192 7.27467
      vertex 20.2195 26.9973 6.28168
      vertex 21.447 25.3412 7.43167
    endloop
  endfacet
  facet normal 0.682388 0.684231 0.257244
    outer loop
      vertex 20.2195 26.9973 6.28168
      vertex 21.5278 25.3192 7.27467
      vertex 20.2217 26.9967 6.27744
    endloop
  endfacet
  facet normal 0.482672 0.718409 0.500914
    outer loop
      vertex 22.0008 25.2461 6.75445
      vertex 21.1106 26.8592 5.29873
      vertex 21.8625 25.2617 6.86534
    endloop
  endfacet
  facet normal 0.48337 0.718313 0.500381
    outer loop
      vertex 21.1106 26.8592 5.29873
      vertex 22.0008 25.2461 6.75445
      vertex 21.1143 26.8588 5.29573
    endloop
  endfacet
  facet normal 0.274764 0.735097 0.619788
    outer loop
      vertex 22.3085 25.2213 6.57848
      vertex 22.0042 26.7956 4.84619
      vertex 21.6951 26.8121 4.96365
    endloop
  endfacet
  facet normal 0.198668 0.738564 0.644247
    outer loop
      vertex 22.6465 25.2061 6.46973
      vertex 22.333 26.7832 4.75842
      vertex 22.0133 26.7952 4.84325
    endloop
  endfacet
  facet normal -0.274455 0.735136 0.619878
    outer loop
      vertex 23.9958 26.7956 4.84619
      vertex 23.5253 25.2125 6.51533
      vertex 23.6915 25.2213 6.57848
    endloop
  endfacet
  facet normal -0.288929 0.733956 0.614678
    outer loop
      vertex 23.5253 25.2125 6.51533
      vertex 23.9958 26.7956 4.84619
      vertex 23.9914 26.7953 4.84448
    endloop
  endfacet
  facet normal -0.482708 0.718402 0.500891
    outer loop
      vertex 25.1466 26.8882 5.505
      vertex 24.8894 26.8592 5.29873
      vertex 24.1375 25.2617 6.86534
    endloop
  endfacet
  facet normal -0.542327 0.710949 0.447698
    outer loop
      vertex 25.3841 26.9212 5.74013
      vertex 24.1375 25.2617 6.86534
      vertex 24.2633 25.2792 6.98994
    endloop
  endfacet
  facet normal -0.542182 0.710953 0.447866
    outer loop
      vertex 24.1375 25.2617 6.86534
      vertex 25.3841 26.9212 5.74013
      vertex 25.1466 26.8882 5.505
    endloop
  endfacet
  facet normal -0.643306 0.693591 0.324174
    outer loop
      vertex 25.7783 26.9967 6.27744
      vertex 24.3753 25.2984 7.12688
      vertex 24.4722 25.3192 7.27467
    endloop
  endfacet
  facet normal -0.640015 0.693838 0.330105
    outer loop
      vertex 24.3753 25.2984 7.12688
      vertex 25.7783 26.9967 6.27744
      vertex 25.7757 26.9962 6.27345
    endloop
  endfacet
  facet normal -0.683194 0.683982 0.255761
    outer loop
      vertex 25.7805 26.9973 6.28168
      vertex 24.4722 25.3192 7.27467
      vertex 24.553 25.3412 7.43167
    endloop
  endfacet
  facet normal -0.682388 0.684231 0.257244
    outer loop
      vertex 24.4722 25.3192 7.27467
      vertex 25.7805 26.9973 6.28168
      vertex 25.7783 26.9967 6.27744
    endloop
  endfacet
  facet normal -0.716022 0.673704 0.182852
    outer loop
      vertex 26.0494 27.0814 6.87972
      vertex 25.9308 27.0384 6.57373
      vertex 24.553 25.3412 7.43167
    endloop
  endfacet
  facet normal -0.755188 0.617316 -0.220483
    outer loop
      vertex 26.1388 27.3121 8.52169
      vertex 24.6628 25.4867 8.4664
      vertex 26.138 27.3128 8.52639
    endloop
  endfacet
  facet normal -0.757409 0.618749 -0.208521
    outer loop
      vertex 24.6628 25.4867 8.4664
      vertex 26.1388 27.3121 8.52169
      vertex 24.6907 25.4622 8.29236
    endloop
  endfacet
  facet normal -0.740788 0.607834 -0.285957
    outer loop
      vertex 26.0523 27.3573 8.84299
      vertex 26.138 27.3128 8.52639
      vertex 24.6628 25.4867 8.4664
    endloop
  endfacet
  facet normal -0.59922 0.569381 -0.562797
    outer loop
      vertex 25.5954 27.4824 9.73321
      vertex 24.2633 25.5958 9.24285
      vertex 25.5924 27.4829 9.73691
    endloop
  endfacet
  facet normal -0.595914 0.568251 -0.567431
    outer loop
      vertex 24.2633 25.5958 9.24285
      vertex 25.5954 27.4824 9.73321
      vertex 24.3753 25.5765 9.1059
    endloop
  endfacet
  facet normal -0.414195 0.546003 -0.728233
    outer loop
      vertex 23.9992 25.6289 9.47834
      vertex 24.6041 27.6066 10.6171
      vertex 24.6081 27.6063 10.6146
    endloop
  endfacet
  facet normal -0.417745 0.545944 -0.726246
    outer loop
      vertex 24.6041 27.6066 10.6171
      vertex 23.9992 25.6289 9.47834
      vertex 23.85 25.6424 9.57431
    endloop
  endfacet
  facet normal -0.352903 0.540836 -0.763515
    outer loop
      vertex 23.85 25.6424 9.57431
      vertex 24.5998 27.6069 10.6193
      vertex 24.6041 27.6066 10.6171
    endloop
  endfacet
  facet normal -0.348391 0.540384 -0.765904
    outer loop
      vertex 24.5998 27.6069 10.6193
      vertex 23.85 25.6424 9.57431
      vertex 23.6915 25.6536 9.65431
    endloop
  endfacet
  facet normal -0.188217 0.531643 -0.82579
    outer loop
      vertex 23.5253 25.6625 9.71746
      vertex 23.9867 27.6448 10.8885
      vertex 23.9914 27.6446 10.8873
    endloop
  endfacet
  facet normal -0.198587 0.53235 -0.822901
    outer loop
      vertex 23.9867 27.6448 10.8885
      vertex 23.5253 25.6625 9.71746
      vertex 23.3535 25.6689 9.76306
    endloop
  endfacet
  facet normal -0.12002 0.530044 -0.839434
    outer loop
      vertex 23.3353 27.664 11.0254
      vertex 23.6623 27.6568 10.9741
      vertex 23.1777 25.6728 9.79063
    endloop
  endfacet
  facet normal 0.740788 0.607834 -0.285957
    outer loop
      vertex 19.9477 27.3573 8.84299
      vertex 21.3372 25.4867 8.4664
      vertex 19.862 27.3128 8.52639
    endloop
  endfacet
  facet normal 0.755188 0.617316 -0.220483
    outer loop
      vertex 21.3372 25.4867 8.4664
      vertex 19.8612 27.3121 8.52169
      vertex 19.862 27.3128 8.52639
    endloop
  endfacet
  facet normal 0.757409 0.618749 -0.208521
    outer loop
      vertex 19.8612 27.3121 8.52169
      vertex 21.3372 25.4867 8.4664
      vertex 21.3093 25.4622 8.29236
    endloop
  endfacet
  facet normal 0.716024 0.597218 -0.361441
    outer loop
      vertex 20.0692 27.4016 9.15804
      vertex 21.447 25.5337 8.80112
      vertex 19.9506 27.3586 8.85204
    endloop
  endfacet
  facet normal 0.683357 0.587007 -0.434104
    outer loop
      vertex 20.2195 27.4426 9.45008
      vertex 21.447 25.5337 8.80112
      vertex 20.0692 27.4016 9.15804
    endloop
  endfacet
  facet normal 0.64201 0.576808 -0.50509
    outer loop
      vertex 21.6247 25.5765 9.1059
      vertex 20.2217 27.4432 9.45433
      vertex 20.2243 27.4438 9.45832
    endloop
  endfacet
  facet normal 0.643354 0.577377 -0.502725
    outer loop
      vertex 20.2217 27.4432 9.45433
      vertex 21.6247 25.5765 9.1059
      vertex 21.5278 25.5558 8.95812
    endloop
  endfacet
  facet normal 0.198469 0.532335 -0.82294
    outer loop
      vertex 22.333 27.6567 10.9733
      vertex 22.6465 25.6689 9.76306
      vertex 22.0133 27.6448 10.8885
    endloop
  endfacet
  facet normal 0.274727 0.535797 -0.798403
    outer loop
      vertex 22.0042 27.6444 10.8856
      vertex 22.3085 25.6536 9.65431
      vertex 21.6951 27.6278 10.7681
    endloop
  endfacet
  facet normal 0.417844 0.54595 -0.726186
    outer loop
      vertex 21.3919 27.6063 10.6146
      vertex 22.0008 25.6289 9.47834
      vertex 21.1143 27.5812 10.436
    endloop
  endfacet
  facet normal 0.542375 0.559982 -0.626298
    outer loop
      vertex 21.7367 25.5958 9.24285
      vertex 20.8534 27.5518 10.2268
      vertex 21.8625 25.6133 9.36744
    endloop
  endfacet
  facet normal 0.542233 0.559981 -0.626422
    outer loop
      vertex 20.8534 27.5518 10.2268
      vertex 21.7367 25.5958 9.24285
      vertex 20.6159 27.5187 9.99163
    endloop
  endfacet
  facet normal 0.482566 0.552488 -0.679623
    outer loop
      vertex 21.1106 27.5808 10.433
      vertex 21.8625 25.6133 9.36744
      vertex 20.8534 27.5518 10.2268
    endloop
  endfacet
  facet normal 0.757405 0.652258 0.0299713
    outer loop
      vertex 21.3372 25.3883 7.76638
      vertex 19.8612 27.1278 7.21008
      vertex 21.3093 25.4127 7.94043
    endloop
  endfacet
  facet normal 0.757104 0.652529 0.0316164
    outer loop
      vertex 19.8612 27.1278 7.21008
      vertex 21.3372 25.3883 7.76638
      vertex 19.862 27.1271 7.20537
    endloop
  endfacet
  facet normal 0.740788 0.663111 0.107319
    outer loop
      vertex 21.3372 25.3883 7.76638
      vertex 19.9477 27.0826 6.88877
      vertex 19.862 27.1271 7.20537
    endloop
  endfacet
  facet normal 0.595884 0.702655 0.388842
    outer loop
      vertex 21.7367 25.2792 6.98994
      vertex 20.4046 26.9575 5.99856
      vertex 21.6247 25.2984 7.12688
    endloop
  endfacet
  facet normal 0.59617 0.70264 0.38843
    outer loop
      vertex 20.4046 26.9575 5.99856
      vertex 21.7367 25.2792 6.98994
      vertex 20.4076 26.957 5.99486
    endloop
  endfacet
  facet normal 0.417823 0.724961 0.54759
    outer loop
      vertex 22.15 25.2326 6.65848
      vertex 21.3919 26.8337 5.11721
      vertex 22.0008 25.2461 6.75445
    endloop
  endfacet
  facet normal 0.424375 0.724186 0.543562
    outer loop
      vertex 21.3919 26.8337 5.11721
      vertex 22.15 25.2326 6.65848
      vertex 21.3959 26.8333 5.11462
    endloop
  endfacet
  facet normal 0.348483 0.730554 0.587241
    outer loop
      vertex 21.4002 26.833 5.11246
      vertex 22.15 25.2326 6.65848
      vertex 22.3085 25.2213 6.57848
    endloop
  endfacet
  facet normal 0.346494 0.730646 0.588301
    outer loop
      vertex 22.15 25.2326 6.65848
      vertex 21.4002 26.833 5.11246
      vertex 21.3959 26.8333 5.11462
    endloop
  endfacet
  facet normal 0.198526 0.738558 0.644297
    outer loop
      vertex 22.0133 26.7952 4.84325
      vertex 22.4747 25.2125 6.51533
      vertex 22.6465 25.2061 6.46973
    endloop
  endfacet
  facet normal 0.185318 0.738692 0.648068
    outer loop
      vertex 22.4747 25.2125 6.51533
      vertex 22.0133 26.7952 4.84325
      vertex 22.0086 26.7953 4.84448
    endloop
  endfacet
  facet normal 0.119924 0.740893 0.66083
    outer loop
      vertex 22.8223 25.2022 6.44216
      vertex 22.6647 26.7759 4.7064
      vertex 22.3377 26.7831 4.75767
    endloop
  endfacet
  facet normal -0.348193 0.73055 0.587417
    outer loop
      vertex 24.5998 26.833 5.11246
      vertex 24.3049 26.8121 4.96365
      vertex 23.6915 25.2213 6.57848
    endloop
  endfacet
  facet normal -0.121178 0.740899 0.660595
    outer loop
      vertex 23.6623 26.7831 4.75767
      vertex 23.3535 25.2061 6.46973
      vertex 23.667 26.7832 4.75842
    endloop
  endfacet
  facet normal -0.120066 0.7409 0.660796
    outer loop
      vertex 23.3535 25.2061 6.46973
      vertex 23.6623 26.7831 4.75767
      vertex 23.1777 25.2022 6.44216
    endloop
  endfacet
  facet normal -0.198668 0.738564 0.644247
    outer loop
      vertex 23.9867 26.7952 4.84325
      vertex 23.667 26.7832 4.75842
      vertex 23.3535 25.2061 6.46973
    endloop
  endfacet
  facet normal -0.482672 0.718409 0.500914
    outer loop
      vertex 24.8894 26.8592 5.29873
      vertex 23.9992 25.2461 6.75445
      vertex 24.1375 25.2617 6.86534
    endloop
  endfacet
  facet normal -0.48337 0.718313 0.500381
    outer loop
      vertex 23.9992 25.2461 6.75445
      vertex 24.8894 26.8592 5.29873
      vertex 24.8857 26.8588 5.29573
    endloop
  endfacet
  facet normal 0.0529522 0.528571 -0.847236
    outer loop
      vertex 23 25.6741 9.79985
      vertex 22.9952 27.6664 11.0425
      vertex 23 27.6664 11.0428
    endloop
  endfacet
  facet normal 0.040117 0.528865 -0.847757
    outer loop
      vertex 22.9952 27.6664 11.0425
      vertex 23 25.6741 9.79985
      vertex 22.8223 25.6728 9.79063
    endloop
  endfacet
  facet normal 0.198587 0.53235 -0.822901
    outer loop
      vertex 22.4747 25.6625 9.71746
      vertex 22.0133 27.6448 10.8885
      vertex 22.6465 25.6689 9.76306
    endloop
  endfacet
  facet normal 0.188217 0.531643 -0.82579
    outer loop
      vertex 22.0133 27.6448 10.8885
      vertex 22.4747 25.6625 9.71746
      vertex 22.0086 27.6446 10.8873
    endloop
  endfacet
  facet normal 0.274674 0.535814 -0.798409
    outer loop
      vertex 22.3085 25.6536 9.65431
      vertex 22.0086 27.6446 10.8873
      vertex 22.4747 25.6625 9.71746
    endloop
  endfacet
  facet normal 0.283102 0.535421 -0.795725
    outer loop
      vertex 22.0086 27.6446 10.8873
      vertex 22.3085 25.6536 9.65431
      vertex 22.0042 27.6444 10.8856
    endloop
  endfacet
  facet normal 0.417745 0.545944 -0.726246
    outer loop
      vertex 22.0008 25.6289 9.47834
      vertex 21.3959 27.6066 10.6171
      vertex 22.15 25.6424 9.57431
    endloop
  endfacet
  facet normal 0.414195 0.546003 -0.728233
    outer loop
      vertex 21.3959 27.6066 10.6171
      vertex 22.0008 25.6289 9.47834
      vertex 21.3919 27.6063 10.6146
    endloop
  endfacet
  facet normal 0.482618 0.552499 -0.679577
    outer loop
      vertex 21.8625 25.6133 9.36744
      vertex 21.1143 27.5812 10.436
      vertex 22.0008 25.6289 9.47834
    endloop
  endfacet
  facet normal 0.488113 0.552466 -0.675668
    outer loop
      vertex 21.1143 27.5812 10.436
      vertex 21.8625 25.6133 9.36744
      vertex 21.1106 27.5808 10.433
    endloop
  endfacet
  facet normal -0.417823 0.724961 0.54759
    outer loop
      vertex 24.6081 26.8337 5.11721
      vertex 23.85 25.2326 6.65848
      vertex 23.9992 25.2461 6.75445
    endloop
  endfacet
  facet normal -0.424375 0.724186 0.543562
    outer loop
      vertex 23.85 25.2326 6.65848
      vertex 24.6081 26.8337 5.11721
      vertex 24.6041 26.8333 5.11462
    endloop
  endfacet
  facet normal -0.185318 0.738692 0.648068
    outer loop
      vertex 23.9867 26.7952 4.84325
      vertex 23.5253 25.2125 6.51533
      vertex 23.9914 26.7953 4.84448
    endloop
  endfacet
  facet normal -0.198526 0.738558 0.644297
    outer loop
      vertex 23.5253 25.2125 6.51533
      vertex 23.9867 26.7952 4.84325
      vertex 23.3535 25.2061 6.46973
    endloop
  endfacet
  facet normal -0.0401469 0.742056 0.669135
    outer loop
      vertex 23.0048 26.7735 4.68925
      vertex 23 25.2009 6.43294
      vertex 23.1777 25.2022 6.44216
    endloop
  endfacet
  facet normal -0.0348581 0.742196 0.669276
    outer loop
      vertex 23 25.2009 6.43294
      vertex 23.0048 26.7735 4.68925
      vertex 23 26.7735 4.689
    endloop
  endfacet
  facet normal -0.0401107 0.742059 0.669134
    outer loop
      vertex 23.1777 25.2022 6.44216
      vertex 23.3353 26.7759 4.7064
      vertex 23.0048 26.7735 4.68925
    endloop
  endfacet
  facet normal 0.0400222 0.528873 -0.847757
    outer loop
      vertex 22.9952 27.6664 11.0425
      vertex 22.8223 25.6728 9.79063
      vertex 22.6647 27.664 11.0254
    endloop
  endfacet
  facet normal 0.12002 0.530044 -0.839434
    outer loop
      vertex 22.6647 27.664 11.0254
      vertex 22.8223 25.6728 9.79063
      vertex 22.3377 27.6568 10.9741
    endloop
  endfacet
  facet normal -0.998627 0.00728947 0.0518673
    outer loop
      vertex 27.2267 27.1581 7.42596
      vertex 27.25 44.4305 5.44709
      vertex 27.2267 44.5295 4.98457
    endloop
  endfacet
  facet normal -0.998627 0.0072893 0.0518658
    outer loop
      vertex 27.25 44.4305 5.44709
      vertex 27.2267 27.1581 7.42596
      vertex 27.25 27.22 7.86588
    endloop
  endfacet
  facet normal 0.998627 0.0072893 0.0518658
    outer loop
      vertex 18.7733 27.1581 7.42596
      vertex 18.75 44.4305 5.44709
      vertex 18.75 27.22 7.86588
    endloop
  endfacet
  facet normal 0.998627 0.00728947 0.0518673
    outer loop
      vertex 18.75 44.4305 5.44709
      vertex 18.7733 27.1581 7.42596
      vertex 18.7733 44.5295 4.98457
    endloop
  endfacet
  facet normal -0.0523397 0.138982 0.988911
    outer loop
      vertex 23 45.0613 1.06668
      vertex 23.4442 26.6317 3.6803
      vertex 23.4442 45.0613 1.09019
    endloop
  endfacet
  facet normal -0.0523391 0.138982 0.988911
    outer loop
      vertex 23.4442 26.6317 3.6803
      vertex 23 45.0613 1.06668
      vertex 23 26.6285 3.65724
    endloop
  endfacet
  facet normal 0.0522059 -0.138981 -0.988918
    outer loop
      vertex 22.5558 27.8082 12.0515
      vertex 23 43.4835 9.87196
      vertex 23 27.8114 12.0745
    endloop
  endfacet
  facet normal 0.0523379 -0.138984 -0.988911
    outer loop
      vertex 23 43.4835 9.87196
      vertex 22.5558 27.8082 12.0515
      vertex 22.5558 43.4887 9.84772
    endloop
  endfacet
  facet normal -0.70706 0.0984166 0.700271
    outer loop
      vertex 25.8438 26.7804 4.73825
      vertex 26.1584 45.0613 2.48669
      vertex 25.8438 45.0613 2.16904
    endloop
  endfacet
  facet normal -0.707067 0.0984159 0.700265
    outer loop
      vertex 26.1584 45.0613 2.48669
      vertex 25.8438 26.7804 4.73825
      vertex 26.1584 26.8242 5.04975
    endloop
  endfacet
  facet normal 0.629343 0.108155 0.769565
    outer loop
      vertex 20.1562 26.7804 4.73825
      vertex 20.5019 45.0613 1.88633
      vertex 20.1562 45.0613 2.16904
    endloop
  endfacet
  facet normal 0.629344 0.108155 0.769564
    outer loop
      vertex 20.5019 45.0613 1.88633
      vertex 20.1562 26.7804 4.73825
      vertex 20.5019 26.7414 4.46102
    endloop
  endfacet
  facet normal 0.258821 0.134431 0.956525
    outer loop
      vertex 21.6867 26.6574 3.86323
      vertex 22.1164 45.0613 1.16046
      vertex 21.6867 45.0613 1.27673
    endloop
  endfacet
  facet normal 0.258818 0.134431 0.956526
    outer loop
      vertex 22.1164 45.0613 1.16046
      vertex 21.6867 26.6574 3.86323
      vertex 22.1164 26.6414 3.74921
    endloop
  endfacet
  facet normal 0.987685 -0.0217748 -0.154935
    outer loop
      vertex 18.7733 27.2818 8.30581
      vertex 18.8429 44.2336 6.36707
      vertex 18.8429 27.3429 8.74091
    endloop
  endfacet
  facet normal 0.987684 -0.0217752 -0.154939
    outer loop
      vertex 18.8429 44.2336 6.36707
      vertex 18.7733 27.2818 8.30581
      vertex 18.7733 44.3316 5.90962
    endloop
  endfacet
  facet normal -7.04399e-05 0.990273 -0.139138
    outer loop
      vertex 23.0048 27.6664 11.0425
      vertex 23 27.8114 12.0745
      vertex 23.4442 27.8082 12.0515
    endloop
  endfacet
  facet normal 4.17382e-05 0.990272 -0.139148
    outer loop
      vertex 23.6623 27.6568 10.9741
      vertex 23.4442 27.8082 12.0515
      vertex 23.8836 27.7985 11.9826
    endloop
  endfacet
  facet normal -0.00869823 0.99023 -0.139172
    outer loop
      vertex 23 27.8114 12.0745
      vertex 23.0048 27.6664 11.0425
      vertex 23 27.6664 11.0428
    endloop
  endfacet
  facet normal -6.82046e-05 0.990275 -0.139121
    outer loop
      vertex 23.9867 27.6448 10.8885
      vertex 23.8836 27.7985 11.9826
      vertex 24.3133 27.7825 11.8685
    endloop
  endfacet
  facet normal 0.00869823 0.99023 -0.139172
    outer loop
      vertex 22.9952 27.6664 11.0425
      vertex 23 27.8114 12.0745
      vertex 23 27.6664 11.0428
    endloop
  endfacet
  facet normal 6.09331e-05 0.990271 -0.139155
    outer loop
      vertex 23.9958 27.6444 10.8856
      vertex 24.3133 27.7825 11.8685
      vertex 24.7286 27.7603 11.7107
    endloop
  endfacet
  facet normal 7.04399e-05 0.990273 -0.139138
    outer loop
      vertex 23 27.8114 12.0745
      vertex 22.9952 27.6664 11.0425
      vertex 22.5558 27.8082 12.0515
    endloop
  endfacet
  facet normal -2.51892e-05 0.990267 -0.139182
    outer loop
      vertex 24.5998 27.6069 10.6193
      vertex 24.7286 27.7603 11.7107
      vertex 25.125 27.7322 11.5107
    endloop
  endfacet
  facet normal 9.23509e-06 0.990269 -0.139164
    outer loop
      vertex 22.6647 27.664 11.0254
      vertex 22.5558 27.8082 12.0515
      vertex 22.9952 27.6664 11.0425
    endloop
  endfacet
  facet normal -4.88438e-05 0.990275 -0.139127
    outer loop
      vertex 24.8857 27.5812 10.436
      vertex 25.125 27.7322 11.5107
      vertex 25.4981 27.6985 11.2707
    endloop
  endfacet
  facet normal 2.76945e-05 0.99027 -0.139162
    outer loop
      vertex 22.3377 27.6568 10.9741
      vertex 22.5558 27.8082 12.0515
      vertex 22.6647 27.664 11.0254
    endloop
  endfacet
  facet normal 0.00251968 0.990346 -0.138596
    outer loop
      vertex 22.333 27.6567 10.9733
      vertex 22.1164 27.7985 11.9826
      vertex 22.3377 27.6568 10.9741
    endloop
  endfacet
  facet normal -4.17382e-05 0.990272 -0.139148
    outer loop
      vertex 22.5558 27.8082 12.0515
      vertex 22.3377 27.6568 10.9741
      vertex 22.1164 27.7985 11.9826
    endloop
  endfacet
  facet normal -9.23509e-06 0.990269 -0.139164
    outer loop
      vertex 23.4442 27.8082 12.0515
      vertex 23.3353 27.664 11.0254
      vertex 23.0048 27.6664 11.0425
    endloop
  endfacet
  facet normal 0.000101249 0.990265 -0.139197
    outer loop
      vertex 25.1466 27.5518 10.2268
      vertex 25.4981 27.6985 11.2707
      vertex 25.8438 27.6595 10.9935
    endloop
  endfacet
  facet normal -2.76945e-05 0.99027 -0.139162
    outer loop
      vertex 23.4442 27.8082 12.0515
      vertex 23.6623 27.6568 10.9741
      vertex 23.3353 27.664 11.0254
    endloop
  endfacet
  facet normal -0.00251968 0.990346 -0.138596
    outer loop
      vertex 23.8836 27.7985 11.9826
      vertex 23.667 27.6567 10.9733
      vertex 23.6623 27.6568 10.9741
    endloop
  endfacet
  facet normal -4.05645e-05 0.990276 -0.139119
    outer loop
      vertex 23.8836 27.7985 11.9826
      vertex 23.9867 27.6448 10.8885
      vertex 23.667 27.6567 10.9733
    endloop
  endfacet
  facet normal 0.00609284 0.989972 -0.141132
    outer loop
      vertex 24.3133 27.7825 11.8685
      vertex 23.9914 27.6446 10.8873
      vertex 23.9867 27.6448 10.8885
    endloop
  endfacet
  facet normal -0.00777684 0.990586 -0.136668
    outer loop
      vertex 24.3133 27.7825 11.8685
      vertex 23.9958 27.6444 10.8856
      vertex 23.9914 27.6446 10.8873
    endloop
  endfacet
  facet normal 0.000227604 0.99025 -0.1393
    outer loop
      vertex 24.7286 27.7603 11.7107
      vertex 24.3049 27.6278 10.7681
      vertex 23.9958 27.6444 10.8856
    endloop
  endfacet
  facet normal 4.90526e-05 0.990265 -0.139192
    outer loop
      vertex 25.3841 27.5187 9.99163
      vertex 25.8438 27.6595 10.9935
      vertex 26.1584 27.6157 10.682
    endloop
  endfacet
  facet normal -4.54742e-05 0.990267 -0.13918
    outer loop
      vertex 24.7286 27.7603 11.7107
      vertex 24.5998 27.6069 10.6193
      vertex 24.3049 27.6278 10.7681
    endloop
  endfacet
  facet normal -0.00163595 0.990396 -0.138252
    outer loop
      vertex 25.125 27.7322 11.5107
      vertex 24.6041 27.6066 10.6171
      vertex 24.5998 27.6069 10.6193
    endloop
  endfacet
  facet normal -0.00933116 0.990958 -0.133845
    outer loop
      vertex 25.125 27.7322 11.5107
      vertex 24.6081 27.6063 10.6146
      vertex 24.6041 27.6066 10.6171
    endloop
  endfacet
  facet normal 1.84945e-05 0.990272 -0.139142
    outer loop
      vertex 25.125 27.7322 11.5107
      vertex 24.8857 27.5812 10.436
      vertex 24.6081 27.6063 10.6146
    endloop
  endfacet
  facet normal -0.00362415 0.990626 -0.136553
    outer loop
      vertex 25.4981 27.6985 11.2707
      vertex 24.8894 27.5808 10.433
      vertex 24.8857 27.5812 10.436
    endloop
  endfacet
  facet normal 3.00146e-06 0.990271 -0.13915
    outer loop
      vertex 25.5924 27.4829 9.73691
      vertex 26.1584 27.6157 10.682
      vertex 26.4383 27.5676 10.3397
    endloop
  endfacet
  facet normal 6.84243e-05 0.990266 -0.139186
    outer loop
      vertex 25.4981 27.6985 11.2707
      vertex 25.1466 27.5518 10.2268
      vertex 24.8894 27.5808 10.433
    endloop
  endfacet
  facet normal 0.000142968 0.99026 -0.139234
    outer loop
      vertex 25.8438 27.6595 10.9935
      vertex 25.3841 27.5187 9.99163
      vertex 25.1466 27.5518 10.2268
    endloop
  endfacet
  facet normal -1.03265e-06 0.990279 -0.139095
    outer loop
      vertex 25.7757 27.4438 9.45832
      vertex 26.4383 27.5676 10.3397
      vertex 26.6806 27.5157 9.9702
    endloop
  endfacet
  facet normal 2.1505e-05 0.99027 -0.139161
    outer loop
      vertex 26.1584 27.6157 10.682
      vertex 25.5924 27.4829 9.73691
      vertex 25.3841 27.5187 9.99163
    endloop
  endfacet
  facet normal -0.0024065 0.990729 -0.135833
    outer loop
      vertex 26.4383 27.5676 10.3397
      vertex 25.5954 27.4824 9.73321
      vertex 25.5924 27.4829 9.73691
    endloop
  endfacet
  facet normal 9.9037e-05 0.990262 -0.139213
    outer loop
      vertex 25.9308 27.4016 9.15804
      vertex 26.6806 27.5157 9.9702
      vertex 26.8826 27.4605 9.57769
    endloop
  endfacet
  facet normal -2.93669e-05 0.990282 -0.139074
    outer loop
      vertex 26.4383 27.5676 10.3397
      vertex 25.7757 27.4438 9.45832
      vertex 25.5954 27.4824 9.73321
    endloop
  endfacet
  facet normal 0.00405338 0.989259 -0.146119
    outer loop
      vertex 26.6806 27.5157 9.9702
      vertex 25.7783 27.4432 9.45433
      vertex 25.7757 27.4438 9.45832
    endloop
  endfacet
  facet normal 0.00027835 0.990201 -0.139649
    outer loop
      vertex 26.6806 27.5157 9.9702
      vertex 25.7805 27.4426 9.45008
      vertex 25.7783 27.4432 9.45433
    endloop
  endfacet
  facet normal 7.37985e-05 0.990272 -0.139145
    outer loop
      vertex 26.0494 27.3586 8.85204
      vertex 26.8826 27.4605 9.57769
      vertex 27.042 27.4027 9.16642
    endloop
  endfacet
  facet normal -6.7378e-05 0.990284 -0.139062
    outer loop
      vertex 26.6806 27.5157 9.9702
      vertex 25.9308 27.4016 9.15804
      vertex 25.7805 27.4426 9.45008
    endloop
  endfacet
  facet normal 6.25779e-05 0.990274 -0.139132
    outer loop
      vertex 26.8826 27.4605 9.57769
      vertex 26.0494 27.3586 8.85204
      vertex 25.9308 27.4016 9.15804
    endloop
  endfacet
  facet normal 0.00475369 0.988119 -0.153618
    outer loop
      vertex 27.042 27.4027 9.16642
      vertex 26.0511 27.3579 8.84759
      vertex 26.0494 27.3586 8.85204
    endloop
  endfacet
  facet normal -0.00296642 0.991497 -0.130099
    outer loop
      vertex 27.042 27.4027 9.16642
      vertex 26.0523 27.3573 8.84299
      vertex 26.0511 27.3579 8.84759
    endloop
  endfacet
  facet normal 4.96049e-05 0.99027 -0.139156
    outer loop
      vertex 27.1571 27.3429 8.74091
      vertex 26.0523 27.3573 8.84299
      vertex 27.042 27.4027 9.16642
    endloop
  endfacet
  facet normal 4.78537e-05 0.990268 -0.139175
    outer loop
      vertex 27.1571 27.3429 8.74091
      vertex 26.138 27.3128 8.52639
      vertex 26.0523 27.3573 8.84299
    endloop
  endfacet
  facet normal 0.00173329 0.989132 -0.147022
    outer loop
      vertex 27.1571 27.3429 8.74091
      vertex 26.1388 27.3121 8.52169
      vertex 26.138 27.3128 8.52639
    endloop
  endfacet
  facet normal -1.45587e-05 0.990283 -0.139065
    outer loop
      vertex 27.2267 27.2818 8.30581
      vertex 26.1388 27.3121 8.52169
      vertex 27.1571 27.3429 8.74091
    endloop
  endfacet
  facet normal -3.92622e-05 0.990266 -0.139187
    outer loop
      vertex 27.2267 27.2818 8.30581
      vertex 26.1905 27.2666 8.19796
      vertex 26.1388 27.3121 8.52169
    endloop
  endfacet
  facet normal -4.11269e-05 0.990269 -0.13917
    outer loop
      vertex 27.2267 27.2818 8.30581
      vertex 26.2079 27.2206 7.87064
      vertex 26.1905 27.2666 8.19796
    endloop
  endfacet
  facet normal -6.52708e-05 0.990276 -0.139114
    outer loop
      vertex 27.25 27.22 7.86588
      vertex 26.2079 27.2206 7.87064
      vertex 27.2267 27.2818 8.30581
    endloop
  endfacet
  facet normal 0 0.992149 -0.125061
    outer loop
      vertex 27.25 27.22 7.86588
      vertex 26.2081 27.22 7.86588
      vertex 26.2079 27.2206 7.87064
    endloop
  endfacet
  facet normal 0 0.989315 -0.145794
    outer loop
      vertex 27.25 27.22 7.86588
      vertex 26.2079 27.2193 7.86113
      vertex 26.2081 27.22 7.86588
    endloop
  endfacet
  facet normal -3.08507e-05 0.990269 -0.139166
    outer loop
      vertex 27.25 27.22 7.86588
      vertex 26.1905 27.1733 7.53381
      vertex 26.2079 27.2193 7.86113
    endloop
  endfacet
  facet normal 2.34816e-05 0.990245 -0.139336
    outer loop
      vertex 27.2267 27.1581 7.42596
      vertex 26.1905 27.1733 7.53381
      vertex 27.25 27.22 7.86588
    endloop
  endfacet
  facet normal 3.92622e-05 0.990266 -0.139187
    outer loop
      vertex 27.2267 27.1581 7.42596
      vertex 26.1388 27.1278 7.21008
      vertex 26.1905 27.1733 7.53381
    endloop
  endfacet
  facet normal 1.45587e-05 0.990283 -0.139065
    outer loop
      vertex 27.1571 27.097 6.99086
      vertex 26.1388 27.1278 7.21008
      vertex 27.2267 27.1581 7.42596
    endloop
  endfacet
  facet normal -0.00166853 0.989175 -0.146728
    outer loop
      vertex 26.1388 27.1278 7.21008
      vertex 27.1571 27.097 6.99086
      vertex 26.138 27.1271 7.20537
    endloop
  endfacet
  facet normal -4.65616e-05 0.990268 -0.139175
    outer loop
      vertex 27.1571 27.097 6.99086
      vertex 26.0523 27.0826 6.88877
      vertex 26.138 27.1271 7.20537
    endloop
  endfacet
  facet normal -4.8623e-05 0.990271 -0.139154
    outer loop
      vertex 27.042 27.0372 6.56534
      vertex 26.0523 27.0826 6.88877
      vertex 27.1571 27.097 6.99086
    endloop
  endfacet
  facet normal 0.00296642 0.991497 -0.130099
    outer loop
      vertex 26.0523 27.0826 6.88877
      vertex 27.042 27.0372 6.56534
      vertex 26.0511 27.082 6.88417
    endloop
  endfacet
  facet normal 0.00161345 0.990949 -0.134228
    outer loop
      vertex 26.0511 27.082 6.88417
      vertex 27.042 27.0372 6.56534
      vertex 26.0494 27.0814 6.87972
    endloop
  endfacet
  facet normal 1.41044e-05 0.990267 -0.139181
    outer loop
      vertex 26.8826 26.9794 6.15408
      vertex 26.0494 27.0814 6.87972
      vertex 27.042 27.0372 6.56534
    endloop
  endfacet
  facet normal 2.45671e-05 0.990269 -0.139169
    outer loop
      vertex 26.0494 27.0814 6.87972
      vertex 26.8826 26.9794 6.15408
      vertex 25.9308 27.0384 6.57373
    endloop
  endfacet
  facet normal -1.29623e-05 0.990257 -0.139253
    outer loop
      vertex 26.6806 26.9242 5.76156
      vertex 25.9308 27.0384 6.57373
      vertex 26.8826 26.9794 6.15408
    endloop
  endfacet
  facet normal -8.15228e-05 0.990248 -0.139315
    outer loop
      vertex 25.9308 27.0384 6.57373
      vertex 26.6806 26.9242 5.76156
      vertex 25.7805 26.9973 6.28168
    endloop
  endfacet
  facet normal -0.000424754 0.990166 -0.139897
    outer loop
      vertex 25.7805 26.9973 6.28168
      vertex 26.6806 26.9242 5.76156
      vertex 25.7783 26.9967 6.27744
    endloop
  endfacet
  facet normal 0.00628864 0.991706 -0.128372
    outer loop
      vertex 25.7783 26.9967 6.27744
      vertex 26.6806 26.9242 5.76156
      vertex 25.7757 26.9962 6.27345
    endloop
  endfacet
  facet normal 7.1965e-05 0.99027 -0.139159
    outer loop
      vertex 26.4383 26.8723 5.39211
      vertex 25.7757 26.9962 6.27345
      vertex 26.6806 26.9242 5.76156
    endloop
  endfacet
  facet normal -0.000142236 0.990248 -0.139317
    outer loop
      vertex 25.7757 26.9962 6.27345
      vertex 26.4383 26.8723 5.39211
      vertex 25.5954 26.9575 5.99856
    endloop
  endfacet
  facet normal 0.00241057 0.990728 -0.135837
    outer loop
      vertex 25.5954 26.9575 5.99856
      vertex 26.4383 26.8723 5.39211
      vertex 25.5924 26.957 5.99486
    endloop
  endfacet
  facet normal 1.21366e-05 0.990273 -0.139139
    outer loop
      vertex 26.1584 26.8242 5.04975
      vertex 25.5924 26.957 5.99486
      vertex 26.4383 26.8723 5.39211
    endloop
  endfacet
  facet normal -1.97274e-05 0.99027 -0.139157
    outer loop
      vertex 25.5924 26.957 5.99486
      vertex 26.1584 26.8242 5.04975
      vertex 25.3841 26.9212 5.74013
    endloop
  endfacet
  facet normal -4.99985e-05 0.990266 -0.139191
    outer loop
      vertex 25.8438 26.7804 4.73825
      vertex 25.3841 26.9212 5.74013
      vertex 26.1584 26.8242 5.04975
    endloop
  endfacet
  facet normal 0.000126674 0.990277 -0.139111
    outer loop
      vertex 25.3841 26.9212 5.74013
      vertex 25.8438 26.7804 4.73825
      vertex 25.1466 26.8882 5.505
    endloop
  endfacet
  facet normal -3.85775e-05 0.990256 -0.139259
    outer loop
      vertex 25.4981 26.7414 4.46102
      vertex 25.1466 26.8882 5.505
      vertex 25.8438 26.7804 4.73825
    endloop
  endfacet
  facet normal 1.45657e-05 0.990259 -0.139241
    outer loop
      vertex 25.1466 26.8882 5.505
      vertex 25.4981 26.7414 4.46102
      vertex 24.8894 26.8592 5.29873
    endloop
  endfacet
  facet normal 0.00368362 0.990616 -0.136625
    outer loop
      vertex 24.8894 26.8592 5.29873
      vertex 25.4981 26.7414 4.46102
      vertex 24.8857 26.8588 5.29573
    endloop
  endfacet
  facet normal 8.22151e-05 0.990262 -0.139218
    outer loop
      vertex 25.125 26.7077 4.22109
      vertex 24.8857 26.8588 5.29573
      vertex 25.4981 26.7414 4.46102
    endloop
  endfacet
  facet normal 2.63651e-06 0.990259 -0.139235
    outer loop
      vertex 24.8857 26.8588 5.29573
      vertex 25.125 26.7077 4.22109
      vertex 24.6081 26.8337 5.11721
    endloop
  endfacet
  facet normal -0.00645465 0.989718 -0.142884
    outer loop
      vertex 24.6081 26.8337 5.11721
      vertex 25.125 26.7077 4.22109
      vertex 24.6041 26.8333 5.11462
    endloop
  endfacet
  facet normal 0.000645348 0.990316 -0.138829
    outer loop
      vertex 24.6041 26.8333 5.11462
      vertex 25.125 26.7077 4.22109
      vertex 24.5998 26.833 5.11246
    endloop
  endfacet
  facet normal 2.43044e-05 0.990266 -0.139188
    outer loop
      vertex 24.7286 26.6796 4.0211
      vertex 24.5998 26.833 5.11246
      vertex 25.125 26.7077 4.22109
    endloop
  endfacet
  facet normal 5.23579e-05 0.990266 -0.139184
    outer loop
      vertex 24.5998 26.833 5.11246
      vertex 24.7286 26.6796 4.0211
      vertex 24.3049 26.8121 4.96365
    endloop
  endfacet
  facet normal 3.30224e-05 0.990265 -0.139193
    outer loop
      vertex 24.3049 26.8121 4.96365
      vertex 24.7286 26.6796 4.0211
      vertex 23.9958 26.7956 4.84619
    endloop
  endfacet
  facet normal -8.81053e-06 0.99026 -0.139229
    outer loop
      vertex 24.3133 26.6574 3.86323
      vertex 23.9958 26.7956 4.84619
      vertex 24.7286 26.6796 4.0211
    endloop
  endfacet
  facet normal -0.0119065 0.989653 -0.142987
    outer loop
      vertex 23.9958 26.7956 4.84619
      vertex 24.3133 26.6574 3.86323
      vertex 23.9914 26.7953 4.84448
    endloop
  endfacet
  facet normal 0.0141447 0.990799 -0.134602
    outer loop
      vertex 23.9914 26.7953 4.84448
      vertex 24.3133 26.6574 3.86323
      vertex 23.9867 26.7952 4.84325
    endloop
  endfacet
  facet normal 6.83488e-05 0.990262 -0.139217
    outer loop
      vertex 23.8836 26.6414 3.74921
      vertex 23.9867 26.7952 4.84325
      vertex 24.3133 26.6574 3.86323
    endloop
  endfacet
  facet normal -0.000237029 0.990266 -0.139189
    outer loop
      vertex 23.9867 26.7952 4.84325
      vertex 23.8836 26.6414 3.74921
      vertex 23.667 26.7832 4.75842
    endloop
  endfacet
  facet normal 4.05645e-05 0.990276 -0.139119
    outer loop
      vertex 22.0133 27.6448 10.8885
      vertex 22.1164 27.7985 11.9826
      vertex 22.333 27.6567 10.9733
    endloop
  endfacet
  facet normal 6.82046e-05 0.990275 -0.139121
    outer loop
      vertex 22.1164 27.7985 11.9826
      vertex 22.0133 27.6448 10.8885
      vertex 21.6867 27.7825 11.8685
    endloop
  endfacet
  facet normal -0.00609284 0.989972 -0.141132
    outer loop
      vertex 22.0086 27.6446 10.8873
      vertex 21.6867 27.7825 11.8685
      vertex 22.0133 27.6448 10.8885
    endloop
  endfacet
  facet normal 0.00777684 0.990586 -0.136668
    outer loop
      vertex 22.0042 27.6444 10.8856
      vertex 21.6867 27.7825 11.8685
      vertex 22.0086 27.6446 10.8873
    endloop
  endfacet
  facet normal -6.09331e-05 0.990271 -0.139155
    outer loop
      vertex 21.6867 27.7825 11.8685
      vertex 22.0042 27.6444 10.8856
      vertex 21.2714 27.7603 11.7107
    endloop
  endfacet
  facet normal -0.000227604 0.99025 -0.1393
    outer loop
      vertex 21.6951 27.6278 10.7681
      vertex 21.2714 27.7603 11.7107
      vertex 22.0042 27.6444 10.8856
    endloop
  endfacet
  facet normal 4.54742e-05 0.990267 -0.13918
    outer loop
      vertex 21.4002 27.6069 10.6193
      vertex 21.2714 27.7603 11.7107
      vertex 21.6951 27.6278 10.7681
    endloop
  endfacet
  facet normal 2.51892e-05 0.990267 -0.139182
    outer loop
      vertex 21.2714 27.7603 11.7107
      vertex 21.4002 27.6069 10.6193
      vertex 20.875 27.7322 11.5107
    endloop
  endfacet
  facet normal 0.00163595 0.990396 -0.138252
    outer loop
      vertex 21.3959 27.6066 10.6171
      vertex 20.875 27.7322 11.5107
      vertex 21.4002 27.6069 10.6193
    endloop
  endfacet
  facet normal 0.00933116 0.990958 -0.133845
    outer loop
      vertex 21.3919 27.6063 10.6146
      vertex 20.875 27.7322 11.5107
      vertex 21.3959 27.6066 10.6171
    endloop
  endfacet
  facet normal -1.84945e-05 0.990272 -0.139142
    outer loop
      vertex 21.1143 27.5812 10.436
      vertex 20.875 27.7322 11.5107
      vertex 21.3919 27.6063 10.6146
    endloop
  endfacet
  facet normal 4.88438e-05 0.990275 -0.139127
    outer loop
      vertex 20.875 27.7322 11.5107
      vertex 21.1143 27.5812 10.436
      vertex 20.5019 27.6985 11.2707
    endloop
  endfacet
  facet normal 0.00362415 0.990626 -0.136553
    outer loop
      vertex 21.1106 27.5808 10.433
      vertex 20.5019 27.6985 11.2707
      vertex 21.1143 27.5812 10.436
    endloop
  endfacet
  facet normal -6.84243e-05 0.990266 -0.139186
    outer loop
      vertex 20.8534 27.5518 10.2268
      vertex 20.5019 27.6985 11.2707
      vertex 21.1106 27.5808 10.433
    endloop
  endfacet
  facet normal -0.000101249 0.990265 -0.139197
    outer loop
      vertex 20.5019 27.6985 11.2707
      vertex 20.8534 27.5518 10.2268
      vertex 20.1562 27.6595 10.9935
    endloop
  endfacet
  facet normal -0.000142968 0.99026 -0.139234
    outer loop
      vertex 20.6159 27.5187 9.99163
      vertex 20.1562 27.6595 10.9935
      vertex 20.8534 27.5518 10.2268
    endloop
  endfacet
  facet normal -4.90526e-05 0.990265 -0.139192
    outer loop
      vertex 20.1562 27.6595 10.9935
      vertex 20.6159 27.5187 9.99163
      vertex 19.8416 27.6157 10.682
    endloop
  endfacet
  facet normal -2.1505e-05 0.99027 -0.139161
    outer loop
      vertex 20.4076 27.4829 9.73691
      vertex 19.8416 27.6157 10.682
      vertex 20.6159 27.5187 9.99163
    endloop
  endfacet
  facet normal -3.00146e-06 0.990271 -0.13915
    outer loop
      vertex 19.8416 27.6157 10.682
      vertex 20.4076 27.4829 9.73691
      vertex 19.5617 27.5676 10.3397
    endloop
  endfacet
  facet normal 0.0024065 0.990729 -0.135833
    outer loop
      vertex 20.4046 27.4824 9.73321
      vertex 19.5617 27.5676 10.3397
      vertex 20.4076 27.4829 9.73691
    endloop
  endfacet
  facet normal 2.93669e-05 0.990282 -0.139074
    outer loop
      vertex 20.2243 27.4438 9.45832
      vertex 19.5617 27.5676 10.3397
      vertex 20.4046 27.4824 9.73321
    endloop
  endfacet
  facet normal 1.03265e-06 0.990279 -0.139095
    outer loop
      vertex 19.5617 27.5676 10.3397
      vertex 20.2243 27.4438 9.45832
      vertex 19.3194 27.5157 9.9702
    endloop
  endfacet
  facet normal -0.00405338 0.989259 -0.146119
    outer loop
      vertex 20.2217 27.4432 9.45433
      vertex 19.3194 27.5157 9.9702
      vertex 20.2243 27.4438 9.45832
    endloop
  endfacet
  facet normal -0.00027835 0.990201 -0.139649
    outer loop
      vertex 20.2195 27.4426 9.45008
      vertex 19.3194 27.5157 9.9702
      vertex 20.2217 27.4432 9.45433
    endloop
  endfacet
  facet normal 6.7378e-05 0.990284 -0.139062
    outer loop
      vertex 20.0692 27.4016 9.15804
      vertex 19.3194 27.5157 9.9702
      vertex 20.2195 27.4426 9.45008
    endloop
  endfacet
  facet normal -9.9037e-05 0.990262 -0.139213
    outer loop
      vertex 19.3194 27.5157 9.9702
      vertex 20.0692 27.4016 9.15804
      vertex 19.1174 27.4605 9.57769
    endloop
  endfacet
  facet normal -6.25779e-05 0.990274 -0.139132
    outer loop
      vertex 19.9506 27.3586 8.85204
      vertex 19.1174 27.4605 9.57769
      vertex 20.0692 27.4016 9.15804
    endloop
  endfacet
  facet normal -7.37985e-05 0.990272 -0.139145
    outer loop
      vertex 19.1174 27.4605 9.57769
      vertex 19.9506 27.3586 8.85204
      vertex 18.958 27.4027 9.16642
    endloop
  endfacet
  facet normal -0.00475369 0.988119 -0.153618
    outer loop
      vertex 19.9489 27.3579 8.84759
      vertex 18.958 27.4027 9.16642
      vertex 19.9506 27.3586 8.85204
    endloop
  endfacet
  facet normal 0.00296642 0.991497 -0.130099
    outer loop
      vertex 19.9477 27.3573 8.84299
      vertex 18.958 27.4027 9.16642
      vertex 19.9489 27.3579 8.84759
    endloop
  endfacet
  facet normal -4.96049e-05 0.99027 -0.139156
    outer loop
      vertex 19.9477 27.3573 8.84299
      vertex 18.8429 27.3429 8.74091
      vertex 18.958 27.4027 9.16642
    endloop
  endfacet
  facet normal -4.78537e-05 0.990268 -0.139175
    outer loop
      vertex 19.862 27.3128 8.52639
      vertex 18.8429 27.3429 8.74091
      vertex 19.9477 27.3573 8.84299
    endloop
  endfacet
  facet normal -0.00173329 0.989132 -0.147022
    outer loop
      vertex 19.8612 27.3121 8.52169
      vertex 18.8429 27.3429 8.74091
      vertex 19.862 27.3128 8.52639
    endloop
  endfacet
  facet normal 1.45587e-05 0.990283 -0.139065
    outer loop
      vertex 19.8612 27.3121 8.52169
      vertex 18.7733 27.2818 8.30581
      vertex 18.8429 27.3429 8.74091
    endloop
  endfacet
  facet normal 3.92622e-05 0.990266 -0.139187
    outer loop
      vertex 19.8095 27.2666 8.19796
      vertex 18.7733 27.2818 8.30581
      vertex 19.8612 27.3121 8.52169
    endloop
  endfacet
  facet normal 4.11269e-05 0.990269 -0.13917
    outer loop
      vertex 19.7921 27.2206 7.87064
      vertex 18.7733 27.2818 8.30581
      vertex 19.8095 27.2666 8.19796
    endloop
  endfacet
  facet normal 0 0.992149 -0.125061
    outer loop
      vertex 18.75 27.22 7.86588
      vertex 19.7921 27.2206 7.87064
      vertex 19.7919 27.22 7.86588
    endloop
  endfacet
  facet normal 6.52708e-05 0.990276 -0.139114
    outer loop
      vertex 19.7921 27.2206 7.87064
      vertex 18.75 27.22 7.86588
      vertex 18.7733 27.2818 8.30581
    endloop
  endfacet
  facet normal 0 0.989315 -0.145794
    outer loop
      vertex 19.7921 27.2193 7.86113
      vertex 18.75 27.22 7.86588
      vertex 19.7919 27.22 7.86588
    endloop
  endfacet
  facet normal 3.08507e-05 0.990269 -0.139166
    outer loop
      vertex 19.8095 27.1733 7.53381
      vertex 18.75 27.22 7.86588
      vertex 19.7921 27.2193 7.86113
    endloop
  endfacet
  facet normal -2.34816e-05 0.990245 -0.139336
    outer loop
      vertex 19.8095 27.1733 7.53381
      vertex 18.7733 27.1581 7.42596
      vertex 18.75 27.22 7.86588
    endloop
  endfacet
  facet normal -3.92622e-05 0.990266 -0.139187
    outer loop
      vertex 19.8612 27.1278 7.21008
      vertex 18.7733 27.1581 7.42596
      vertex 19.8095 27.1733 7.53381
    endloop
  endfacet
  facet normal 0.00166853 0.989175 -0.146728
    outer loop
      vertex 18.8429 27.097 6.99086
      vertex 19.8612 27.1278 7.21008
      vertex 19.862 27.1271 7.20537
    endloop
  endfacet
  facet normal -1.45587e-05 0.990283 -0.139065
    outer loop
      vertex 19.8612 27.1278 7.21008
      vertex 18.8429 27.097 6.99086
      vertex 18.7733 27.1581 7.42596
    endloop
  endfacet
  facet normal 4.65616e-05 0.990268 -0.139175
    outer loop
      vertex 19.9477 27.0826 6.88877
      vertex 18.8429 27.097 6.99086
      vertex 19.862 27.1271 7.20537
    endloop
  endfacet
  facet normal -0.00296642 0.991497 -0.130099
    outer loop
      vertex 18.958 27.0372 6.56534
      vertex 19.9477 27.0826 6.88877
      vertex 19.9489 27.082 6.88417
    endloop
  endfacet
  facet normal -0.00161345 0.990949 -0.134228
    outer loop
      vertex 18.958 27.0372 6.56534
      vertex 19.9489 27.082 6.88417
      vertex 19.9506 27.0814 6.87972
    endloop
  endfacet
  facet normal -2.45671e-05 0.990269 -0.139169
    outer loop
      vertex 19.1174 26.9794 6.15408
      vertex 19.9506 27.0814 6.87972
      vertex 20.0692 27.0384 6.57373
    endloop
  endfacet
  facet normal 4.8623e-05 0.990271 -0.139154
    outer loop
      vertex 19.9477 27.0826 6.88877
      vertex 18.958 27.0372 6.56534
      vertex 18.8429 27.097 6.99086
    endloop
  endfacet
  facet normal 8.15228e-05 0.990248 -0.139315
    outer loop
      vertex 19.3194 26.9242 5.76156
      vertex 20.0692 27.0384 6.57373
      vertex 20.2195 26.9973 6.28168
    endloop
  endfacet
  facet normal 0.000424754 0.990166 -0.139897
    outer loop
      vertex 19.3194 26.9242 5.76156
      vertex 20.2195 26.9973 6.28168
      vertex 20.2217 26.9967 6.27744
    endloop
  endfacet
  facet normal -0.00628864 0.991706 -0.128372
    outer loop
      vertex 19.3194 26.9242 5.76156
      vertex 20.2217 26.9967 6.27744
      vertex 20.2243 26.9962 6.27345
    endloop
  endfacet
  facet normal -1.41044e-05 0.990267 -0.139181
    outer loop
      vertex 19.9506 27.0814 6.87972
      vertex 19.1174 26.9794 6.15408
      vertex 18.958 27.0372 6.56534
    endloop
  endfacet
  facet normal 0.000142236 0.990248 -0.139317
    outer loop
      vertex 19.5617 26.8723 5.39211
      vertex 20.2243 26.9962 6.27345
      vertex 20.4046 26.9575 5.99856
    endloop
  endfacet
  facet normal -0.00241057 0.990728 -0.135837
    outer loop
      vertex 19.5617 26.8723 5.39211
      vertex 20.4046 26.9575 5.99856
      vertex 20.4076 26.957 5.99486
    endloop
  endfacet
  facet normal 1.29623e-05 0.990257 -0.139253
    outer loop
      vertex 20.0692 27.0384 6.57373
      vertex 19.3194 26.9242 5.76156
      vertex 19.1174 26.9794 6.15408
    endloop
  endfacet
  facet normal 1.97274e-05 0.99027 -0.139157
    outer loop
      vertex 19.8416 26.8242 5.04975
      vertex 20.4076 26.957 5.99486
      vertex 20.6159 26.9212 5.74013
    endloop
  endfacet
  facet normal -0.000126674 0.990277 -0.139111
    outer loop
      vertex 20.1562 26.7804 4.73825
      vertex 20.6159 26.9212 5.74013
      vertex 20.8534 26.8882 5.505
    endloop
  endfacet
  facet normal -7.1965e-05 0.99027 -0.139159
    outer loop
      vertex 20.2243 26.9962 6.27345
      vertex 19.5617 26.8723 5.39211
      vertex 19.3194 26.9242 5.76156
    endloop
  endfacet
  facet normal -1.45657e-05 0.990259 -0.139241
    outer loop
      vertex 20.5019 26.7414 4.46102
      vertex 20.8534 26.8882 5.505
      vertex 21.1106 26.8592 5.29873
    endloop
  endfacet
  facet normal -0.00368362 0.990616 -0.136625
    outer loop
      vertex 20.5019 26.7414 4.46102
      vertex 21.1106 26.8592 5.29873
      vertex 21.1143 26.8588 5.29573
    endloop
  endfacet
  facet normal -2.63651e-06 0.990259 -0.139235
    outer loop
      vertex 20.875 26.7077 4.22109
      vertex 21.1143 26.8588 5.29573
      vertex 21.3919 26.8337 5.11721
    endloop
  endfacet
  facet normal 0.00645465 0.989718 -0.142884
    outer loop
      vertex 20.875 26.7077 4.22109
      vertex 21.3919 26.8337 5.11721
      vertex 21.3959 26.8333 5.11462
    endloop
  endfacet
  facet normal -0.000645348 0.990316 -0.138829
    outer loop
      vertex 20.875 26.7077 4.22109
      vertex 21.3959 26.8333 5.11462
      vertex 21.4002 26.833 5.11246
    endloop
  endfacet
  facet normal -1.21366e-05 0.990273 -0.139139
    outer loop
      vertex 20.4076 26.957 5.99486
      vertex 19.8416 26.8242 5.04975
      vertex 19.5617 26.8723 5.39211
    endloop
  endfacet
  facet normal -5.23579e-05 0.990266 -0.139184
    outer loop
      vertex 21.2714 26.6796 4.0211
      vertex 21.4002 26.833 5.11246
      vertex 21.6951 26.8121 4.96365
    endloop
  endfacet
  facet normal -3.30224e-05 0.990265 -0.139193
    outer loop
      vertex 21.2714 26.6796 4.0211
      vertex 21.6951 26.8121 4.96365
      vertex 22.0042 26.7956 4.84619
    endloop
  endfacet
  facet normal 0.0119065 0.989653 -0.142987
    outer loop
      vertex 21.6867 26.6574 3.86323
      vertex 22.0042 26.7956 4.84619
      vertex 22.0086 26.7953 4.84448
    endloop
  endfacet
  facet normal -0.0141447 0.990799 -0.134602
    outer loop
      vertex 21.6867 26.6574 3.86323
      vertex 22.0086 26.7953 4.84448
      vertex 22.0133 26.7952 4.84325
    endloop
  endfacet
  facet normal 0.000237029 0.990266 -0.139189
    outer loop
      vertex 22.1164 26.6414 3.74921
      vertex 22.0133 26.7952 4.84325
      vertex 22.333 26.7832 4.75842
    endloop
  endfacet
  facet normal -0.00109593 0.990305 -0.138908
    outer loop
      vertex 22.1164 26.6414 3.74921
      vertex 22.333 26.7832 4.75842
      vertex 22.3377 26.7831 4.75767
    endloop
  endfacet
  facet normal 4.99985e-05 0.990266 -0.139191
    outer loop
      vertex 20.6159 26.9212 5.74013
      vertex 20.1562 26.7804 4.73825
      vertex 19.8416 26.8242 5.04975
    endloop
  endfacet
  facet normal -1.51363e-05 0.990269 -0.139163
    outer loop
      vertex 22.5558 26.6317 3.6803
      vertex 22.3377 26.7831 4.75767
      vertex 22.6647 26.7759 4.7064
    endloop
  endfacet
  facet normal -3.01733e-05 0.99027 -0.139161
    outer loop
      vertex 22.5558 26.6317 3.6803
      vertex 22.6647 26.7759 4.7064
      vertex 22.9952 26.7735 4.68925
    endloop
  endfacet
  facet normal -0.00724819 0.990243 -0.139165
    outer loop
      vertex 23 26.6285 3.65724
      vertex 22.9952 26.7735 4.68925
      vertex 23 26.7735 4.689
    endloop
  endfacet
  facet normal 0.00109593 0.990305 -0.138908
    outer loop
      vertex 23.667 26.7832 4.75842
      vertex 23.8836 26.6414 3.74921
      vertex 23.6623 26.7831 4.75767
    endloop
  endfacet
  facet normal 3.85775e-05 0.990256 -0.139259
    outer loop
      vertex 20.8534 26.8882 5.505
      vertex 20.5019 26.7414 4.46102
      vertex 20.1562 26.7804 4.73825
    endloop
  endfacet
  facet normal -3.784e-05 0.990271 -0.139153
    outer loop
      vertex 23.4442 26.6317 3.6803
      vertex 23.6623 26.7831 4.75767
      vertex 23.8836 26.6414 3.74921
    endloop
  endfacet
  facet normal -8.22151e-05 0.990262 -0.139218
    outer loop
      vertex 21.1143 26.8588 5.29573
      vertex 20.875 26.7077 4.22109
      vertex 20.5019 26.7414 4.46102
    endloop
  endfacet
  facet normal 1.51363e-05 0.990269 -0.139163
    outer loop
      vertex 23.6623 26.7831 4.75767
      vertex 23.4442 26.6317 3.6803
      vertex 23.3353 26.7759 4.7064
    endloop
  endfacet
  facet normal -2.43044e-05 0.990266 -0.139188
    outer loop
      vertex 21.4002 26.833 5.11246
      vertex 21.2714 26.6796 4.0211
      vertex 20.875 26.7077 4.22109
    endloop
  endfacet
  facet normal 3.01733e-05 0.99027 -0.139161
    outer loop
      vertex 23.3353 26.7759 4.7064
      vertex 23.4442 26.6317 3.6803
      vertex 23.0048 26.7735 4.68925
    endloop
  endfacet
  facet normal 8.81053e-06 0.99026 -0.139229
    outer loop
      vertex 22.0042 26.7956 4.84619
      vertex 21.6867 26.6574 3.86323
      vertex 21.2714 26.6796 4.0211
    endloop
  endfacet
  facet normal 8.91684e-05 0.990273 -0.139136
    outer loop
      vertex 23 26.6285 3.65724
      vertex 23.0048 26.7735 4.68925
      vertex 23.4442 26.6317 3.6803
    endloop
  endfacet
  facet normal -6.83488e-05 0.990262 -0.139217
    outer loop
      vertex 22.0133 26.7952 4.84325
      vertex 22.1164 26.6414 3.74921
      vertex 21.6867 26.6574 3.86323
    endloop
  endfacet
  facet normal 0.00724819 0.990243 -0.139165
    outer loop
      vertex 23.0048 26.7735 4.68925
      vertex 23 26.6285 3.65724
      vertex 23 26.7735 4.689
    endloop
  endfacet
  facet normal 3.784e-05 0.990271 -0.139153
    outer loop
      vertex 22.3377 26.7831 4.75767
      vertex 22.5558 26.6317 3.6803
      vertex 22.1164 26.6414 3.74921
    endloop
  endfacet
  facet normal -8.91684e-05 0.990273 -0.139136
    outer loop
      vertex 22.9952 26.7735 4.68925
      vertex 23 26.6285 3.65724
      vertex 22.5558 26.6317 3.6803
    endloop
  endfacet
  facet normal -0.890973 0.0631922 0.449638
    outer loop
      vertex 26.6806 26.9242 5.76156
      vertex 26.8826 44.8158 3.64734
      vertex 26.6806 44.9041 3.23466
    endloop
  endfacet
  facet normal -0.890976 0.0631914 0.449631
    outer loop
      vertex 26.8826 44.8158 3.64734
      vertex 26.6806 26.9242 5.76156
      vertex 26.8826 26.9794 6.15408
    endloop
  endfacet
  facet normal -0.838661 0.0758014 0.539354
    outer loop
      vertex 26.4383 26.8723 5.39211
      vertex 26.6806 44.9041 3.23466
      vertex 26.4383 44.9872 2.84622
    endloop
  endfacet
  facet normal -0.838649 0.0758033 0.539371
    outer loop
      vertex 26.6806 44.9041 3.23466
      vertex 26.4383 26.8723 5.39211
      vertex 26.6806 26.9242 5.76156
    endloop
  endfacet
  facet normal -0.358377 0.129929 0.924492
    outer loop
      vertex 24.3133 45.0613 1.27673
      vertex 24.7286 26.6796 4.0211
      vertex 24.7286 45.0613 1.43772
    endloop
  endfacet
  facet normal -0.358377 0.129929 0.924492
    outer loop
      vertex 24.7286 26.6796 4.0211
      vertex 24.3133 45.0613 1.27673
      vertex 24.3133 26.6574 3.86323
    endloop
  endfacet
  facet normal 0.838649 0.0758033 0.539371
    outer loop
      vertex 19.5617 26.8723 5.39211
      vertex 19.3194 44.9041 3.23466
      vertex 19.3194 26.9242 5.76156
    endloop
  endfacet
  facet normal 0.838661 0.0758014 0.539354
    outer loop
      vertex 19.3194 44.9041 3.23466
      vertex 19.5617 26.8723 5.39211
      vertex 19.5617 44.9872 2.84622
    endloop
  endfacet
  facet normal 0.780449 0.067696 0.621544
    outer loop
      vertex 19.5617 44.9872 2.84622
      vertex 19.8416 45.0613 2.48669
      vertex 19.831 45.0613 2.5
    endloop
  endfacet
  facet normal 0.777212 0.0875733 0.623115
    outer loop
      vertex 19.8416 26.8242 5.04975
      vertex 19.5617 44.9872 2.84622
      vertex 19.5617 26.8723 5.39211
    endloop
  endfacet
  facet normal 0.777209 0.0875738 0.623119
    outer loop
      vertex 19.5617 44.9872 2.84622
      vertex 19.8416 26.8242 5.04975
      vertex 19.8416 45.0613 2.48669
    endloop
  endfacet
  facet normal 0.0523397 0.138982 0.988911
    outer loop
      vertex 22.5558 45.0613 1.09019
      vertex 23 26.6285 3.65724
      vertex 23 45.0613 1.06668
    endloop
  endfacet
  facet normal 0.0523391 0.138982 0.988911
    outer loop
      vertex 23 26.6285 3.65724
      vertex 22.5558 45.0613 1.09019
      vertex 22.5558 26.6317 3.6803
    endloop
  endfacet
  facet normal -0.890973 -0.0631924 -0.449638
    outer loop
      vertex 26.8826 27.4605 9.57769
      vertex 26.6806 43.957 7.65953
      vertex 26.8826 44.0453 7.24685
    endloop
  endfacet
  facet normal -0.890972 -0.0631926 -0.44964
    outer loop
      vertex 26.6806 43.957 7.65953
      vertex 26.8826 27.4605 9.57769
      vertex 26.6806 27.5157 9.9702
    endloop
  endfacet
  facet normal -0.258984 -0.134427 -0.956481
    outer loop
      vertex 23.8836 43.5042 9.77527
      vertex 24.3133 27.7825 11.8685
      vertex 23.8836 27.7985 11.9826
    endloop
  endfacet
  facet normal -0.258846 -0.134428 -0.956519
    outer loop
      vertex 24.3133 27.7825 11.8685
      vertex 23.8836 43.5042 9.77527
      vertex 24.3133 43.5298 9.65539
    endloop
  endfacet
  facet normal -0.707058 -0.0984163 -0.700273
    outer loop
      vertex 26.1584 27.6157 10.682
      vertex 25.8438 43.7267 8.73541
      vertex 26.1584 43.7968 8.40791
    endloop
  endfacet
  facet normal -0.707067 -0.0984155 -0.700265
    outer loop
      vertex 25.8438 43.7267 8.73541
      vertex 26.1584 27.6157 10.682
      vertex 25.8438 27.6595 10.9935
    endloop
  endfacet
  facet normal -0.965948 -0.0360092 -0.256218
    outer loop
      vertex 27.1571 27.3429 8.74091
      vertex 27.042 44.1379 6.81445
      vertex 27.1571 44.2336 6.36707
    endloop
  endfacet
  facet normal -0.965946 -0.0360102 -0.256227
    outer loop
      vertex 27.042 44.1379 6.81445
      vertex 27.1571 27.3429 8.74091
      vertex 27.042 27.4027 9.16642
    endloop
  endfacet
  facet normal 0.358241 -0.129934 -0.924543
    outer loop
      vertex 21.2714 27.7603 11.7107
      vertex 21.6867 43.5298 9.65539
      vertex 21.6867 27.7825 11.8685
    endloop
  endfacet
  facet normal 0.358351 -0.129932 -0.924501
    outer loop
      vertex 21.6867 43.5298 9.65539
      vertex 21.2714 27.7603 11.7107
      vertex 21.2714 43.5654 9.48941
    endloop
  endfacet
  facet normal 0.77716 -0.0875816 -0.623179
    outer loop
      vertex 19.5617 27.5676 10.3397
      vertex 19.8416 43.7968 8.40791
      vertex 19.8416 27.6157 10.682
    endloop
  endfacet
  facet normal 0.777198 -0.0875765 -0.623132
    outer loop
      vertex 19.8416 43.7968 8.40791
      vertex 19.5617 27.5676 10.3397
      vertex 19.5617 43.8739 8.04797
    endloop
  endfacet
  facet normal 0.838682 -0.0757975 -0.53932
    outer loop
      vertex 19.3194 27.5157 9.9702
      vertex 19.5617 43.8739 8.04797
      vertex 19.5617 27.5676 10.3397
    endloop
  endfacet
  facet normal 0.838661 -0.0758011 -0.539354
    outer loop
      vertex 19.5617 43.8739 8.04797
      vertex 19.3194 27.5157 9.9702
      vertex 19.3194 43.957 7.65953
    endloop
  endfacet
  facet normal 0.998627 -0.00728932 -0.0518663
    outer loop
      vertex 18.75 27.22 7.86588
      vertex 18.7733 44.3316 5.90962
      vertex 18.7733 27.2818 8.30581
    endloop
  endfacet
  facet normal 0.998628 -0.00728912 -0.0518646
    outer loop
      vertex 18.7733 44.3316 5.90962
      vertex 18.75 27.22 7.86588
      vertex 18.75 44.4305 5.44709
    endloop
  endfacet
  facet normal -0.965948 0.0360091 0.256218
    outer loop
      vertex 27.042 27.0372 6.56534
      vertex 27.1571 44.6275 4.52711
      vertex 27.042 44.7232 4.07973
    endloop
  endfacet
  facet normal -0.965947 0.0360095 0.256221
    outer loop
      vertex 27.1571 44.6275 4.52711
      vertex 27.042 27.0372 6.56534
      vertex 27.1571 27.097 6.99086
    endloop
  endfacet
  facet normal -0.987685 0.0217747 0.154935
    outer loop
      vertex 27.1571 27.097 6.99086
      vertex 27.2267 44.5295 4.98457
      vertex 27.1571 44.6275 4.52711
    endloop
  endfacet
  facet normal -0.987685 0.0217747 0.154935
    outer loop
      vertex 27.2267 44.5295 4.98457
      vertex 27.1571 27.097 6.99086
      vertex 27.2267 27.1581 7.42596
    endloop
  endfacet
  facet normal -0.933593 0.0498706 0.354848
    outer loop
      vertex 26.8826 26.9794 6.15408
      vertex 27.042 44.7232 4.07973
      vertex 26.8826 44.8158 3.64734
    endloop
  endfacet
  facet normal -0.933595 0.04987 0.354843
    outer loop
      vertex 27.042 44.7232 4.07973
      vertex 26.8826 26.9794 6.15408
      vertex 27.042 27.0372 6.56534
    endloop
  endfacet
  facet normal -0.780449 0.067696 0.621544
    outer loop
      vertex 26.1584 45.0613 2.48669
      vertex 26.4383 44.9872 2.84622
      vertex 26.169 45.0613 2.5
    endloop
  endfacet
  facet normal -0.777209 0.0875738 0.623119
    outer loop
      vertex 26.1584 26.8242 5.04975
      vertex 26.4383 44.9872 2.84622
      vertex 26.1584 45.0613 2.48669
    endloop
  endfacet
  facet normal -0.777212 0.0875733 0.623115
    outer loop
      vertex 26.4383 44.9872 2.84622
      vertex 26.1584 26.8242 5.04975
      vertex 26.4383 26.8723 5.39211
    endloop
  endfacet
  facet normal -0.258821 0.134431 0.956525
    outer loop
      vertex 23.8836 45.0613 1.16046
      vertex 24.3133 26.6574 3.86323
      vertex 24.3133 45.0613 1.27673
    endloop
  endfacet
  facet normal -0.258818 0.134431 0.956526
    outer loop
      vertex 24.3133 26.6574 3.86323
      vertex 23.8836 45.0613 1.16046
      vertex 23.8836 26.6414 3.74921
    endloop
  endfacet
  facet normal -0.156417 0.13746 0.978079
    outer loop
      vertex 23.4442 45.0613 1.09019
      vertex 23.8836 26.6414 3.74921
      vertex 23.8836 45.0613 1.16046
    endloop
  endfacet
  facet normal -0.156424 0.13746 0.978078
    outer loop
      vertex 23.8836 26.6414 3.74921
      vertex 23.4442 45.0613 1.09019
      vertex 23.4442 26.6317 3.6803
    endloop
  endfacet
  facet normal -0.544631 0.116721 0.830514
    outer loop
      vertex 25.125 45.0613 1.64166
      vertex 25.4981 26.7414 4.46102
      vertex 25.4981 45.0613 1.88633
    endloop
  endfacet
  facet normal -0.544625 0.116722 0.830518
    outer loop
      vertex 25.4981 26.7414 4.46102
      vertex 25.125 45.0613 1.64166
      vertex 25.125 26.7077 4.22109
    endloop
  endfacet
  facet normal -0.453954 0.124007 0.882354
    outer loop
      vertex 24.7286 45.0613 1.43772
      vertex 25.125 26.7077 4.22109
      vertex 25.125 45.0613 1.64166
    endloop
  endfacet
  facet normal -0.453952 0.124007 0.882355
    outer loop
      vertex 25.125 26.7077 4.22109
      vertex 24.7286 45.0613 1.43772
      vertex 24.7286 26.6796 4.0211
    endloop
  endfacet
  facet normal -0.629343 0.108155 0.769565
    outer loop
      vertex 25.4981 45.0613 1.88633
      vertex 25.8438 26.7804 4.73825
      vertex 25.8438 45.0613 2.16904
    endloop
  endfacet
  facet normal -0.629344 0.108155 0.769564
    outer loop
      vertex 25.8438 26.7804 4.73825
      vertex 25.4981 45.0613 1.88633
      vertex 25.4981 26.7414 4.46102
    endloop
  endfacet
  facet normal 0.965947 0.0360095 0.256221
    outer loop
      vertex 18.958 27.0372 6.56534
      vertex 18.8429 44.6275 4.52711
      vertex 18.8429 27.097 6.99086
    endloop
  endfacet
  facet normal 0.965948 0.0360091 0.256218
    outer loop
      vertex 18.8429 44.6275 4.52711
      vertex 18.958 27.0372 6.56534
      vertex 18.958 44.7232 4.07973
    endloop
  endfacet
  facet normal 0.890976 0.0631914 0.449631
    outer loop
      vertex 19.3194 26.9242 5.76156
      vertex 19.1174 44.8158 3.64734
      vertex 19.1174 26.9794 6.15408
    endloop
  endfacet
  facet normal 0.890973 0.0631922 0.449638
    outer loop
      vertex 19.1174 44.8158 3.64734
      vertex 19.3194 26.9242 5.76156
      vertex 19.3194 44.9041 3.23466
    endloop
  endfacet
  facet normal 0.987685 0.0217747 0.154935
    outer loop
      vertex 18.8429 27.097 6.99086
      vertex 18.7733 44.5295 4.98457
      vertex 18.7733 27.1581 7.42596
    endloop
  endfacet
  facet normal 0.987685 0.0217747 0.154935
    outer loop
      vertex 18.7733 44.5295 4.98457
      vertex 18.8429 27.097 6.99086
      vertex 18.8429 44.6275 4.52711
    endloop
  endfacet
  facet normal 0.453954 0.124007 0.882354
    outer loop
      vertex 20.875 26.7077 4.22109
      vertex 21.2714 45.0613 1.43772
      vertex 20.875 45.0613 1.64166
    endloop
  endfacet
  facet normal 0.453952 0.124007 0.882355
    outer loop
      vertex 21.2714 45.0613 1.43772
      vertex 20.875 26.7077 4.22109
      vertex 21.2714 26.6796 4.0211
    endloop
  endfacet
  facet normal 0.156417 0.13746 0.978079
    outer loop
      vertex 22.1164 26.6414 3.74921
      vertex 22.5558 45.0613 1.09019
      vertex 22.1164 45.0613 1.16046
    endloop
  endfacet
  facet normal 0.156424 0.13746 0.978078
    outer loop
      vertex 22.5558 45.0613 1.09019
      vertex 22.1164 26.6414 3.74921
      vertex 22.5558 26.6317 3.6803
    endloop
  endfacet
  facet normal -0.998628 -0.00728912 -0.0518646
    outer loop
      vertex 27.25 27.22 7.86588
      vertex 27.2267 44.3316 5.90962
      vertex 27.25 44.4305 5.44709
    endloop
  endfacet
  facet normal -0.998627 -0.00728932 -0.0518663
    outer loop
      vertex 27.2267 44.3316 5.90962
      vertex 27.25 27.22 7.86588
      vertex 27.2267 27.2818 8.30581
    endloop
  endfacet
  facet normal -0.0522059 -0.138985 -0.988917
    outer loop
      vertex 23 27.8114 12.0745
      vertex 23.4442 43.4887 9.84772
      vertex 23.4442 27.8082 12.0515
    endloop
  endfacet
  facet normal -0.0523379 -0.13898 -0.988911
    outer loop
      vertex 23.4442 43.4887 9.84772
      vertex 23 27.8114 12.0745
      vertex 23 43.4835 9.87196
    endloop
  endfacet
  facet normal -0.45397 -0.124007 -0.882345
    outer loop
      vertex 24.7286 43.5654 9.48941
      vertex 25.125 27.7322 11.5107
      vertex 24.7286 27.7603 11.7107
    endloop
  endfacet
  facet normal -0.453964 -0.124007 -0.882349
    outer loop
      vertex 25.125 27.7322 11.5107
      vertex 24.7286 43.5654 9.48941
      vertex 25.125 43.6104 9.27914
    endloop
  endfacet
  facet normal -0.629304 -0.108157 -0.769597
    outer loop
      vertex 25.4981 43.6644 9.02689
      vertex 25.8438 27.6595 10.9935
      vertex 25.4981 27.6985 11.2707
    endloop
  endfacet
  facet normal -0.629362 -0.108153 -0.76955
    outer loop
      vertex 25.8438 27.6595 10.9935
      vertex 25.4981 43.6644 9.02689
      vertex 25.8438 43.7267 8.73541
    endloop
  endfacet
  facet normal -0.544735 -0.116713 -0.830447
    outer loop
      vertex 25.125 43.6104 9.27914
      vertex 25.4981 27.6985 11.2707
      vertex 25.125 27.7322 11.5107
    endloop
  endfacet
  facet normal -0.544617 -0.11672 -0.830523
    outer loop
      vertex 25.4981 27.6985 11.2707
      vertex 25.125 43.6104 9.27914
      vertex 25.4981 43.6644 9.02689
    endloop
  endfacet
  facet normal -0.777198 -0.0875765 -0.623132
    outer loop
      vertex 26.4383 27.5676 10.3397
      vertex 26.1584 43.7968 8.40791
      vertex 26.4383 43.8739 8.04797
    endloop
  endfacet
  facet normal -0.77716 -0.0875816 -0.623179
    outer loop
      vertex 26.1584 43.7968 8.40791
      vertex 26.4383 27.5676 10.3397
      vertex 26.1584 27.6157 10.682
    endloop
  endfacet
  facet normal -0.838661 -0.0758011 -0.539354
    outer loop
      vertex 26.6806 27.5157 9.9702
      vertex 26.4383 43.8739 8.04797
      vertex 26.6806 43.957 7.65953
    endloop
  endfacet
  facet normal -0.838682 -0.0757975 -0.53932
    outer loop
      vertex 26.4383 43.8739 8.04797
      vertex 26.6806 27.5157 9.9702
      vertex 26.4383 27.5676 10.3397
    endloop
  endfacet
  facet normal 0.707067 -0.0984155 -0.700265
    outer loop
      vertex 19.8416 27.6157 10.682
      vertex 20.1562 43.7267 8.73541
      vertex 20.1562 27.6595 10.9935
    endloop
  endfacet
  facet normal 0.707058 -0.0984163 -0.700273
    outer loop
      vertex 20.1562 43.7267 8.73541
      vertex 19.8416 27.6157 10.682
      vertex 19.8416 43.7968 8.40791
    endloop
  endfacet
  facet normal 0.629304 -0.108157 -0.769597
    outer loop
      vertex 20.1562 27.6595 10.9935
      vertex 20.5019 43.6644 9.02689
      vertex 20.5019 27.6985 11.2707
    endloop
  endfacet
  facet normal 0.629362 -0.108153 -0.76955
    outer loop
      vertex 20.5019 43.6644 9.02689
      vertex 20.1562 27.6595 10.9935
      vertex 20.1562 43.7267 8.73541
    endloop
  endfacet
  facet normal 0.544735 -0.116713 -0.830447
    outer loop
      vertex 20.5019 27.6985 11.2707
      vertex 20.875 43.6104 9.27914
      vertex 20.875 27.7322 11.5107
    endloop
  endfacet
  facet normal 0.544617 -0.11672 -0.830523
    outer loop
      vertex 20.875 43.6104 9.27914
      vertex 20.5019 27.6985 11.2707
      vertex 20.5019 43.6644 9.02689
    endloop
  endfacet
  facet normal 0.156402 -0.137462 -0.978081
    outer loop
      vertex 22.1164 27.7985 11.9826
      vertex 22.5558 43.4887 9.84772
      vertex 22.5558 27.8082 12.0515
    endloop
  endfacet
  facet normal 0.15642 -0.137462 -0.978078
    outer loop
      vertex 22.5558 43.4887 9.84772
      vertex 22.1164 27.7985 11.9826
      vertex 22.1164 43.5042 9.77527
    endloop
  endfacet
  facet normal 0.933598 -0.0498688 -0.354835
    outer loop
      vertex 18.958 27.4027 9.16642
      vertex 19.1174 44.0453 7.24685
      vertex 19.1174 27.4605 9.57769
    endloop
  endfacet
  facet normal 0.933596 -0.0498694 -0.354841
    outer loop
      vertex 19.1174 44.0453 7.24685
      vertex 18.958 27.4027 9.16642
      vertex 18.958 44.1379 6.81445
    endloop
  endfacet
  facet normal 0.707067 0.0984159 0.700265
    outer loop
      vertex 20.1562 26.7804 4.73825
      vertex 19.8416 45.0613 2.48669
      vertex 19.8416 26.8242 5.04975
    endloop
  endfacet
  facet normal 0.70706 0.0984166 0.700271
    outer loop
      vertex 19.8416 45.0613 2.48669
      vertex 20.1562 26.7804 4.73825
      vertex 20.1562 45.0613 2.16904
    endloop
  endfacet
  facet normal 0.933595 0.04987 0.354843
    outer loop
      vertex 19.1174 26.9794 6.15408
      vertex 18.958 44.7232 4.07973
      vertex 18.958 27.0372 6.56534
    endloop
  endfacet
  facet normal 0.933593 0.0498706 0.354848
    outer loop
      vertex 18.958 44.7232 4.07973
      vertex 19.1174 26.9794 6.15408
      vertex 19.1174 44.8158 3.64734
    endloop
  endfacet
  facet normal 0.544631 0.116721 0.830514
    outer loop
      vertex 20.5019 26.7414 4.46102
      vertex 20.875 45.0613 1.64166
      vertex 20.5019 45.0613 1.88633
    endloop
  endfacet
  facet normal 0.544625 0.116722 0.830518
    outer loop
      vertex 20.875 45.0613 1.64166
      vertex 20.5019 26.7414 4.46102
      vertex 20.875 26.7077 4.22109
    endloop
  endfacet
  facet normal 0.358377 0.129929 0.924492
    outer loop
      vertex 21.2714 26.6796 4.0211
      vertex 21.6867 45.0613 1.27673
      vertex 21.2714 45.0613 1.43772
    endloop
  endfacet
  facet normal 0.358377 0.129929 0.924492
    outer loop
      vertex 21.6867 45.0613 1.27673
      vertex 21.2714 26.6796 4.0211
      vertex 21.6867 26.6574 3.86323
    endloop
  endfacet
  facet normal -0.156402 -0.137462 -0.978081
    outer loop
      vertex 23.4442 43.4887 9.84772
      vertex 23.8836 27.7985 11.9826
      vertex 23.4442 27.8082 12.0515
    endloop
  endfacet
  facet normal -0.15642 -0.137462 -0.978078
    outer loop
      vertex 23.8836 27.7985 11.9826
      vertex 23.4442 43.4887 9.84772
      vertex 23.8836 43.5042 9.77527
    endloop
  endfacet
  facet normal -0.358241 -0.129934 -0.924543
    outer loop
      vertex 24.3133 43.5298 9.65539
      vertex 24.7286 27.7603 11.7107
      vertex 24.3133 27.7825 11.8685
    endloop
  endfacet
  facet normal -0.358351 -0.129932 -0.924501
    outer loop
      vertex 24.7286 27.7603 11.7107
      vertex 24.3133 43.5298 9.65539
      vertex 24.7286 43.5654 9.48941
    endloop
  endfacet
  facet normal -0.933596 -0.0498694 -0.354841
    outer loop
      vertex 27.042 27.4027 9.16642
      vertex 26.8826 44.0453 7.24685
      vertex 27.042 44.1379 6.81445
    endloop
  endfacet
  facet normal -0.933598 -0.0498688 -0.354835
    outer loop
      vertex 26.8826 44.0453 7.24685
      vertex 27.042 27.4027 9.16642
      vertex 26.8826 27.4605 9.57769
    endloop
  endfacet
  facet normal -0.987684 -0.0217752 -0.154939
    outer loop
      vertex 27.2267 27.2818 8.30581
      vertex 27.1571 44.2336 6.36707
      vertex 27.2267 44.3316 5.90962
    endloop
  endfacet
  facet normal -0.987685 -0.0217748 -0.154935
    outer loop
      vertex 27.1571 44.2336 6.36707
      vertex 27.2267 27.2818 8.30581
      vertex 27.1571 27.3429 8.74091
    endloop
  endfacet
  facet normal 0.45397 -0.124007 -0.882345
    outer loop
      vertex 20.875 27.7322 11.5107
      vertex 21.2714 43.5654 9.48941
      vertex 21.2714 27.7603 11.7107
    endloop
  endfacet
  facet normal 0.453964 -0.124007 -0.882349
    outer loop
      vertex 21.2714 43.5654 9.48941
      vertex 20.875 27.7322 11.5107
      vertex 20.875 43.6104 9.27914
    endloop
  endfacet
  facet normal 0.258984 -0.134427 -0.956481
    outer loop
      vertex 21.6867 27.7825 11.8685
      vertex 22.1164 43.5042 9.77527
      vertex 22.1164 27.7985 11.9826
    endloop
  endfacet
  facet normal 0.258846 -0.134428 -0.956519
    outer loop
      vertex 22.1164 43.5042 9.77527
      vertex 21.6867 27.7825 11.8685
      vertex 21.6867 43.5298 9.65539
    endloop
  endfacet
  facet normal 0.890972 -0.0631926 -0.44964
    outer loop
      vertex 19.1174 27.4605 9.57769
      vertex 19.3194 43.957 7.65953
      vertex 19.3194 27.5157 9.9702
    endloop
  endfacet
  facet normal 0.890973 -0.0631924 -0.449638
    outer loop
      vertex 19.3194 43.957 7.65953
      vertex 19.1174 27.4605 9.57769
      vertex 19.1174 44.0453 7.24685
    endloop
  endfacet
  facet normal 0.965946 -0.0360102 -0.256227
    outer loop
      vertex 18.8429 27.3429 8.74091
      vertex 18.958 44.1379 6.81445
      vertex 18.958 27.4027 9.16642
    endloop
  endfacet
  facet normal 0.965948 -0.0360092 -0.256218
    outer loop
      vertex 18.958 44.1379 6.81445
      vertex 18.8429 27.3429 8.74091
      vertex 18.8429 44.2336 6.36707
    endloop
  endfacet
  facet normal -1 0 0
    outer loop
      vertex 3 23.2161 2.36963
      vertex 3 45.0613 2.5
      vertex 3 45.0613 0
    endloop
  endfacet
  facet normal -1 0 0
    outer loop
      vertex 3 45.0613 2.5
      vertex 3 26.2473 23.938
      vertex 3 35.0613 49.2216
    endloop
  endfacet
  facet normal -1 0 0
    outer loop
      vertex 3 45.0613 2.5
      vertex 3 27.2315 19.3079
      vertex 3 26.2473 23.938
    endloop
  endfacet
  facet normal -1 -0 0
    outer loop
      vertex 3 45.0613 2.5
      vertex 3 23.2161 2.36963
      vertex 3 27.2315 19.3079
    endloop
  endfacet
  facet normal -1 0 0
    outer loop
      vertex 3 27.2315 19.3079
      vertex 3 23.2161 2.36963
      vertex 3 25.5462 18.9497
    endloop
  endfacet
  facet normal -1 0 0
    outer loop
      vertex 3 0 0
      vertex 3 23.2161 2.36963
      vertex 3 45.0613 0
    endloop
  endfacet
  facet normal -1 0 0
    outer loop
      vertex 3 0 0
      vertex 3 4.5 5
      vertex 3 23.2161 2.36963
    endloop
  endfacet
  facet normal -1 0 0
    outer loop
      vertex 3 4.5 5
      vertex 3 0 16.3881
      vertex 3 4.83188 14.5467
    endloop
  endfacet
  facet normal -1 0 0
    outer loop
      vertex 3 4.83188 14.5467
      vertex 3 0 16.3881
      vertex 3 4.44048 16.3881
    endloop
  endfacet
  facet normal -1 -0 0
    outer loop
      vertex 3 35.0613 49.2216
      vertex 3 26.2473 23.938
      vertex 3 29.8007 49.2216
    endloop
  endfacet
  facet normal -1 0 0
    outer loop
      vertex 3 4.5 5
      vertex 3 4.83188 14.5467
      vertex 3 5.8728 14.768
    endloop
  endfacet
  facet normal -1 0 0
    outer loop
      vertex 3 0 16.3881
      vertex 3 4.5 5
      vertex 3 0 0
    endloop
  endfacet
  facet normal 1 -0 0
    outer loop
      vertex 31 4.83188 14.5467
      vertex 31 4.5 5
      vertex 31 5.8728 14.768
    endloop
  endfacet
  facet normal 1 -0 0
    outer loop
      vertex 31 0 16.3881
      vertex 31 4.83188 14.5467
      vertex 31 4.44048 16.3881
    endloop
  endfacet
  facet normal 1 0 0
    outer loop
      vertex 31 45.0613 2.5
      vertex 31 26.2473 23.938
      vertex 31 27.2315 19.3079
    endloop
  endfacet
  facet normal 1 -0 0
    outer loop
      vertex 31 26.2473 23.938
      vertex 31 45.0613 2.5
      vertex 31 35.0613 49.2216
    endloop
  endfacet
  facet normal 1 0 0
    outer loop
      vertex 31 26.2473 23.938
      vertex 31 35.0613 49.2216
      vertex 31 29.8007 49.2216
    endloop
  endfacet
  facet normal 1 0 0
    outer loop
      vertex 31 23.2161 2.36963
      vertex 31 45.0613 2.5
      vertex 31 27.2315 19.3079
    endloop
  endfacet
  facet normal 1 0 0
    outer loop
      vertex 31 23.2161 2.36963
      vertex 31 27.2315 19.3079
      vertex 31 25.5462 18.9497
    endloop
  endfacet
  facet normal 1 0 0
    outer loop
      vertex 31 45.0613 2.5
      vertex 31 23.2161 2.36963
      vertex 31 45.0613 0
    endloop
  endfacet
  facet normal 1 0 0
    outer loop
      vertex 31 4.83188 14.5467
      vertex 31 0 16.3881
      vertex 31 4.5 5
    endloop
  endfacet
  facet normal 1 0 0
    outer loop
      vertex 31 23.2161 2.36963
      vertex 31 0 0
      vertex 31 45.0613 0
    endloop
  endfacet
  facet normal 1 0 0
    outer loop
      vertex 31 4.5 5
      vertex 31 0 0
      vertex 31 23.2161 2.36963
    endloop
  endfacet
  facet normal 1 0 0
    outer loop
      vertex 31 0 0
      vertex 31 4.5 5
      vertex 31 0 16.3881
    endloop
  endfacet
  facet normal 0 0.977853 0.209295
    outer loop
      vertex 31 35.0613 49.2216
      vertex 22.1164 43.5042 9.77527
      vertex 3 35.0613 49.2216
    endloop
  endfacet
  facet normal -2.62493e-05 0.977854 0.20929
    outer loop
      vertex 3 35.0613 49.2216
      vertex 11.4442 43.4887 9.84772
      vertex 11 43.4835 9.87196
    endloop
  endfacet
  facet normal -0 0.977853 0.209295
    outer loop
      vertex 11.8836 43.5042 9.77527
      vertex 3 35.0613 49.2216
      vertex 22.1164 43.5042 9.77527
    endloop
  endfacet
  facet normal 1.58193e-05 0.977852 0.209298
    outer loop
      vertex 3 35.0613 49.2216
      vertex 11.8836 43.5042 9.77527
      vertex 11.4442 43.4887 9.84772
    endloop
  endfacet
  facet normal 0 0.97795 0.208838
    outer loop
      vertex 21.6867 43.5298 9.65539
      vertex 11.8836 43.5042 9.77527
      vertex 22.1164 43.5042 9.77527
    endloop
  endfacet
  facet normal 0 0.97795 0.208838
    outer loop
      vertex 21.6867 43.5298 9.65539
      vertex 12.3133 43.5298 9.65539
      vertex 11.8836 43.5042 9.77527
    endloop
  endfacet
  facet normal 0 0.977763 0.209714
    outer loop
      vertex 21.2714 43.5654 9.48941
      vertex 12.3133 43.5298 9.65539
      vertex 21.6867 43.5298 9.65539
    endloop
  endfacet
  facet normal 0 0.977763 0.209714
    outer loop
      vertex 21.2714 43.5654 9.48941
      vertex 12.7286 43.5654 9.48941
      vertex 12.3133 43.5298 9.65539
    endloop
  endfacet
  facet normal 0 0.977858 0.209272
    outer loop
      vertex 20.875 43.6104 9.27914
      vertex 12.7286 43.5654 9.48941
      vertex 21.2714 43.5654 9.48941
    endloop
  endfacet
  facet normal 0 0.977858 0.209272
    outer loop
      vertex 20.875 43.6104 9.27914
      vertex 13.125 43.6104 9.27914
      vertex 12.7286 43.5654 9.48941
    endloop
  endfacet
  facet normal 0 0.977845 0.209331
    outer loop
      vertex 20.5019 43.6644 9.02689
      vertex 13.125 43.6104 9.27914
      vertex 20.875 43.6104 9.27914
    endloop
  endfacet
  facet normal 0 0.977845 0.209331
    outer loop
      vertex 20.5019 43.6644 9.02689
      vertex 13.4981 43.6644 9.02689
      vertex 13.125 43.6104 9.27914
    endloop
  endfacet
  facet normal 0 0.977912 0.209016
    outer loop
      vertex 20.1562 43.7267 8.73541
      vertex 13.4981 43.6644 9.02689
      vertex 20.5019 43.6644 9.02689
    endloop
  endfacet
  facet normal 0 0.977912 0.209016
    outer loop
      vertex 20.1562 43.7267 8.73541
      vertex 13.8438 43.7267 8.73541
      vertex 13.4981 43.6644 9.02689
    endloop
  endfacet
  facet normal 0 0.97785 0.209305
    outer loop
      vertex 19.8416 43.7968 8.40791
      vertex 13.8438 43.7267 8.73541
      vertex 20.1562 43.7267 8.73541
    endloop
  endfacet
  facet normal 0 0.97785 0.209305
    outer loop
      vertex 19.8416 43.7968 8.40791
      vertex 14.1584 43.7968 8.40791
      vertex 13.8438 43.7267 8.73541
    endloop
  endfacet
  facet normal 0 0.977819 0.209451
    outer loop
      vertex 19.5617 43.8739 8.04797
      vertex 14.1584 43.7968 8.40791
      vertex 19.8416 43.7968 8.40791
    endloop
  endfacet
  facet normal 0 0.977819 0.209451
    outer loop
      vertex 19.5617 43.8739 8.04797
      vertex 14.4383 43.8739 8.04797
      vertex 14.1584 43.7968 8.40791
    endloop
  endfacet
  facet normal 0 0.977873 0.209199
    outer loop
      vertex 19.3194 43.957 7.65953
      vertex 14.4383 43.8739 8.04797
      vertex 19.5617 43.8739 8.04797
    endloop
  endfacet
  facet normal 0 0.977873 0.209199
    outer loop
      vertex 19.3194 43.957 7.65953
      vertex 14.6806 43.957 7.65953
      vertex 14.4383 43.8739 8.04797
    endloop
  endfacet
  facet normal 0 0.977866 0.209231
    outer loop
      vertex 19.1174 44.0453 7.24685
      vertex 14.6806 43.957 7.65953
      vertex 19.3194 43.957 7.65953
    endloop
  endfacet
  facet normal 0 0.977866 0.209231
    outer loop
      vertex 19.1174 44.0453 7.24685
      vertex 14.8826 44.0453 7.24685
      vertex 14.6806 43.957 7.65953
    endloop
  endfacet
  facet normal 0 0.977829 0.209406
    outer loop
      vertex 18.958 44.1379 6.81445
      vertex 14.8826 44.0453 7.24685
      vertex 19.1174 44.0453 7.24685
    endloop
  endfacet
  facet normal 0 0.977829 0.209406
    outer loop
      vertex 18.958 44.1379 6.81445
      vertex 15.042 44.1379 6.81445
      vertex 14.8826 44.0453 7.24685
    endloop
  endfacet
  facet normal 0 0.977877 0.20918
    outer loop
      vertex 18.8429 44.2336 6.36707
      vertex 15.042 44.1379 6.81445
      vertex 18.958 44.1379 6.81445
    endloop
  endfacet
  facet normal 0 0.977877 0.20918
    outer loop
      vertex 18.8429 44.2336 6.36707
      vertex 15.1571 44.2336 6.36707
      vertex 15.042 44.1379 6.81445
    endloop
  endfacet
  facet normal 0 0.977813 0.209478
    outer loop
      vertex 18.7733 44.3316 5.90962
      vertex 15.1571 44.2336 6.36707
      vertex 18.8429 44.2336 6.36707
    endloop
  endfacet
  facet normal 0 0.977813 0.209478
    outer loop
      vertex 18.7733 44.3316 5.90962
      vertex 15.2267 44.3316 5.90962
      vertex 15.1571 44.2336 6.36707
    endloop
  endfacet
  facet normal 0 0.977895 0.209097
    outer loop
      vertex 18.75 44.4305 5.44709
      vertex 15.2267 44.3316 5.90962
      vertex 18.7733 44.3316 5.90962
    endloop
  endfacet
  facet normal 0 0.977895 0.209097
    outer loop
      vertex 18.75 44.4305 5.44709
      vertex 15.25 44.4305 5.44709
      vertex 15.2267 44.3316 5.90962
    endloop
  endfacet
  facet normal 0 0.977851 0.209304
    outer loop
      vertex 18.7733 44.5295 4.98457
      vertex 15.25 44.4305 5.44709
      vertex 18.75 44.4305 5.44709
    endloop
  endfacet
  facet normal 0 0.977851 0.209304
    outer loop
      vertex 18.7733 44.5295 4.98457
      vertex 15.2267 44.5295 4.98457
      vertex 15.25 44.4305 5.44709
    endloop
  endfacet
  facet normal 0 0.977814 0.209474
    outer loop
      vertex 18.8429 44.6275 4.52711
      vertex 15.2267 44.5295 4.98457
      vertex 18.7733 44.5295 4.98457
    endloop
  endfacet
  facet normal 0 0.977814 0.209474
    outer loop
      vertex 18.8429 44.6275 4.52711
      vertex 15.1571 44.6275 4.52711
      vertex 15.2267 44.5295 4.98457
    endloop
  endfacet
  facet normal 0 0.977877 0.20918
    outer loop
      vertex 18.958 44.7232 4.07973
      vertex 15.1571 44.6275 4.52711
      vertex 18.8429 44.6275 4.52711
    endloop
  endfacet
  facet normal 0 0.977877 0.20918
    outer loop
      vertex 18.958 44.7232 4.07973
      vertex 15.042 44.7232 4.07973
      vertex 15.1571 44.6275 4.52711
    endloop
  endfacet
  facet normal 0 0.977828 0.20941
    outer loop
      vertex 19.1174 44.8158 3.64734
      vertex 15.042 44.7232 4.07973
      vertex 18.958 44.7232 4.07973
    endloop
  endfacet
  facet normal 0 0.977828 0.20941
    outer loop
      vertex 19.1174 44.8158 3.64734
      vertex 14.8826 44.8158 3.64734
      vertex 15.042 44.7232 4.07973
    endloop
  endfacet
  facet normal 0 0.977866 0.209231
    outer loop
      vertex 19.3194 44.9041 3.23466
      vertex 14.8826 44.8158 3.64734
      vertex 19.1174 44.8158 3.64734
    endloop
  endfacet
  facet normal 0 0.977866 0.209231
    outer loop
      vertex 19.3194 44.9041 3.23466
      vertex 14.6806 44.9041 3.23466
      vertex 14.8826 44.8158 3.64734
    endloop
  endfacet
  facet normal 0 0.977873 0.209199
    outer loop
      vertex 19.5617 44.9872 2.84622
      vertex 14.6806 44.9041 3.23466
      vertex 19.3194 44.9041 3.23466
    endloop
  endfacet
  facet normal 0 0.977873 0.209199
    outer loop
      vertex 19.5617 44.9872 2.84622
      vertex 14.4383 44.9872 2.84622
      vertex 14.6806 44.9041 3.23466
    endloop
  endfacet
  facet normal 0 0.977854 0.209286
    outer loop
      vertex 19.831 45.0613 2.5
      vertex 14.4383 44.9872 2.84622
      vertex 19.5617 44.9872 2.84622
    endloop
  endfacet
  facet normal 0 0.977854 0.209286
    outer loop
      vertex 14.4383 44.9872 2.84622
      vertex 19.831 45.0613 2.5
      vertex 14.169 45.0613 2.5
    endloop
  endfacet
  facet normal 2.62493e-05 0.977854 0.20929
    outer loop
      vertex 22.5558 43.4887 9.84772
      vertex 31 35.0613 49.2216
      vertex 23 43.4835 9.87196
    endloop
  endfacet
  facet normal -2.56732e-05 0.977852 0.2093
    outer loop
      vertex 31 35.0613 49.2216
      vertex 23.4442 43.4887 9.84772
      vertex 23 43.4835 9.87196
    endloop
  endfacet
  facet normal 1.47919e-05 0.977853 0.209292
    outer loop
      vertex 31 35.0613 49.2216
      vertex 23.8836 43.5042 9.77527
      vertex 23.4442 43.4887 9.84772
    endloop
  endfacet
  facet normal 0.000126813 0.977857 0.209273
    outer loop
      vertex 31 35.0613 49.2216
      vertex 24.3133 43.5298 9.65539
      vertex 23.8836 43.5042 9.77527
    endloop
  endfacet
  facet normal -0.000164749 0.977847 0.20932
    outer loop
      vertex 31 35.0613 49.2216
      vertex 24.7286 43.5654 9.48941
      vertex 24.3133 43.5298 9.65539
    endloop
  endfacet
  facet normal 1.19482e-05 0.977853 0.209293
    outer loop
      vertex 31 35.0613 49.2216
      vertex 25.125 43.6104 9.27914
      vertex 24.7286 43.5654 9.48941
    endloop
  endfacet
  facet normal -2.28201e-05 0.977852 0.209298
    outer loop
      vertex 31 35.0613 49.2216
      vertex 25.4981 43.6644 9.02689
      vertex 25.125 43.6104 9.27914
    endloop
  endfacet
  facet normal 0.000220894 0.977859 0.209266
    outer loop
      vertex 31 35.0613 49.2216
      vertex 25.8438 43.7267 8.73541
      vertex 25.4981 43.6644 9.02689
    endloop
  endfacet
  facet normal -1.10775e-05 0.977853 0.209295
    outer loop
      vertex 31 35.0613 49.2216
      vertex 26.1584 43.7968 8.40791
      vertex 25.8438 43.7267 8.73541
    endloop
  endfacet
  facet normal -0.000184158 0.977848 0.209314
    outer loop
      vertex 31 35.0613 49.2216
      vertex 26.4383 43.8739 8.04797
      vertex 26.1584 43.7968 8.40791
    endloop
  endfacet
  facet normal 1.13424e-05 0.977853 0.209294
    outer loop
      vertex 31 45.0613 2.5
      vertex 26.4383 43.8739 8.04797
      vertex 31 35.0613 49.2216
    endloop
  endfacet
  facet normal -0.000451264 0.977931 0.20893
    outer loop
      vertex 26.4383 43.8739 8.04797
      vertex 31 45.0613 2.5
      vertex 26.6806 43.957 7.65953
    endloop
  endfacet
  facet normal -0.000179678 0.977884 0.209147
    outer loop
      vertex 26.6806 43.957 7.65953
      vertex 31 45.0613 2.5
      vertex 26.8826 44.0453 7.24685
    endloop
  endfacet
  facet normal 0.000229152 0.977812 0.209486
    outer loop
      vertex 26.8826 44.0453 7.24685
      vertex 31 45.0613 2.5
      vertex 27.042 44.1379 6.81445
    endloop
  endfacet
  facet normal -0.00016718 0.977886 0.209139
    outer loop
      vertex 27.042 44.1379 6.81445
      vertex 31 45.0613 2.5
      vertex 27.1571 44.2336 6.36707
    endloop
  endfacet
  facet normal 0.000224287 0.977806 0.209511
    outer loop
      vertex 27.1571 44.2336 6.36707
      vertex 31 45.0613 2.5
      vertex 27.2267 44.3316 5.90962
    endloop
  endfacet
  facet normal -0.000174187 0.977897 0.209089
    outer loop
      vertex 27.2267 44.3316 5.90962
      vertex 31 45.0613 2.5
      vertex 27.25 44.4305 5.44709
    endloop
  endfacet
  facet normal 2.32868e-06 0.977851 0.209304
    outer loop
      vertex 27.25 44.4305 5.44709
      vertex 31 45.0613 2.5
      vertex 27.2267 44.5295 4.98457
    endloop
  endfacet
  facet normal 0.000108454 0.977818 0.209458
    outer loop
      vertex 31 45.0613 2.5
      vertex 27.1571 44.6275 4.52711
      vertex 27.2267 44.5295 4.98457
    endloop
  endfacet
  facet normal -3.95731e-05 0.977875 0.20919
    outer loop
      vertex 31 45.0613 2.5
      vertex 27.042 44.7232 4.07973
      vertex 27.1571 44.6275 4.52711
    endloop
  endfacet
  facet normal 4.57928e-05 0.977831 0.209394
    outer loop
      vertex 31 45.0613 2.5
      vertex 26.8826 44.8158 3.64734
      vertex 27.042 44.7232 4.07973
    endloop
  endfacet
  facet normal -1.4271e-06 0.977866 0.209232
    outer loop
      vertex 31 45.0613 2.5
      vertex 26.6806 44.9041 3.23466
      vertex 26.8826 44.8158 3.64734
    endloop
  endfacet
  facet normal -6.59806e-06 0.977872 0.209203
    outer loop
      vertex 31 45.0613 2.5
      vertex 26.4383 44.9872 2.84622
      vertex 26.6806 44.9041 3.23466
    endloop
  endfacet
  facet normal 0 0.977854 0.209286
    outer loop
      vertex 26.4383 44.9872 2.84622
      vertex 31 45.0613 2.5
      vertex 26.169 45.0613 2.5
    endloop
  endfacet
  facet normal -1.58193e-05 0.977852 0.209298
    outer loop
      vertex 22.1164 43.5042 9.77527
      vertex 31 35.0613 49.2216
      vertex 22.5558 43.4887 9.84772
    endloop
  endfacet
  facet normal 2.56732e-05 0.977852 0.2093
    outer loop
      vertex 10.5558 43.4887 9.84772
      vertex 3 35.0613 49.2216
      vertex 11 43.4835 9.87196
    endloop
  endfacet
  facet normal -1.47919e-05 0.977853 0.209292
    outer loop
      vertex 10.1164 43.5042 9.77527
      vertex 3 35.0613 49.2216
      vertex 10.5558 43.4887 9.84772
    endloop
  endfacet
  facet normal -0.000126808 0.977857 0.209273
    outer loop
      vertex 9.68668 43.5298 9.65539
      vertex 3 35.0613 49.2216
      vertex 10.1164 43.5042 9.77527
    endloop
  endfacet
  facet normal 0.000164745 0.977847 0.20932
    outer loop
      vertex 9.27137 43.5654 9.48941
      vertex 3 35.0613 49.2216
      vertex 9.68668 43.5298 9.65539
    endloop
  endfacet
  facet normal -1.1949e-05 0.977853 0.209293
    outer loop
      vertex 8.875 43.6104 9.27914
      vertex 3 35.0613 49.2216
      vertex 9.27137 43.5654 9.48941
    endloop
  endfacet
  facet normal 2.28207e-05 0.977852 0.209298
    outer loop
      vertex 8.50191 43.6644 9.02689
      vertex 3 35.0613 49.2216
      vertex 8.875 43.6104 9.27914
    endloop
  endfacet
  facet normal -0.000220888 0.977859 0.209266
    outer loop
      vertex 8.1562 43.7267 8.73541
      vertex 3 35.0613 49.2216
      vertex 8.50191 43.6644 9.02689
    endloop
  endfacet
  facet normal 1.10784e-05 0.977853 0.209295
    outer loop
      vertex 7.84163 43.7968 8.40791
      vertex 3 35.0613 49.2216
      vertex 8.1562 43.7267 8.73541
    endloop
  endfacet
  facet normal 0.000184129 0.977848 0.209314
    outer loop
      vertex 7.56168 43.8739 8.04797
      vertex 3 35.0613 49.2216
      vertex 7.84163 43.7968 8.40791
    endloop
  endfacet
  facet normal 0.000451213 0.977931 0.20893
    outer loop
      vertex 3 45.0613 2.5
      vertex 7.56168 43.8739 8.04797
      vertex 7.31939 43.957 7.65953
    endloop
  endfacet
  facet normal 0.000179629 0.977884 0.209147
    outer loop
      vertex 3 45.0613 2.5
      vertex 7.31939 43.957 7.65953
      vertex 7.11743 44.0453 7.24685
    endloop
  endfacet
  facet normal -0.000229171 0.977812 0.209486
    outer loop
      vertex 3 45.0613 2.5
      vertex 7.11743 44.0453 7.24685
      vertex 6.95801 44.1379 6.81445
    endloop
  endfacet
  facet normal 0.000167202 0.977886 0.209139
    outer loop
      vertex 3 45.0613 2.5
      vertex 6.95801 44.1379 6.81445
      vertex 6.84287 44.2336 6.36707
    endloop
  endfacet
  facet normal -0.000224284 0.977806 0.209511
    outer loop
      vertex 3 45.0613 2.5
      vertex 6.84287 44.2336 6.36707
      vertex 6.77328 44.3316 5.90962
    endloop
  endfacet
  facet normal 0.000174181 0.977897 0.209089
    outer loop
      vertex 3 45.0613 2.5
      vertex 6.77328 44.3316 5.90962
      vertex 6.75 44.4305 5.44709
    endloop
  endfacet
  facet normal -2.32876e-06 0.977851 0.209304
    outer loop
      vertex 3 45.0613 2.5
      vertex 6.75 44.4305 5.44709
      vertex 6.77328 44.5295 4.98457
    endloop
  endfacet
  facet normal -1.13425e-05 0.977853 0.209294
    outer loop
      vertex 7.56168 43.8739 8.04797
      vertex 3 45.0613 2.5
      vertex 3 35.0613 49.2216
    endloop
  endfacet
  facet normal -0.000108455 0.977818 0.209458
    outer loop
      vertex 6.84287 44.6275 4.52711
      vertex 3 45.0613 2.5
      vertex 6.77328 44.5295 4.98457
    endloop
  endfacet
  facet normal 3.95717e-05 0.977875 0.20919
    outer loop
      vertex 6.95801 44.7232 4.07973
      vertex 3 45.0613 2.5
      vertex 6.84287 44.6275 4.52711
    endloop
  endfacet
  facet normal -4.5792e-05 0.977831 0.209394
    outer loop
      vertex 7.11743 44.8158 3.64734
      vertex 3 45.0613 2.5
      vertex 6.95801 44.7232 4.07973
    endloop
  endfacet
  facet normal 1.42712e-06 0.977866 0.209232
    outer loop
      vertex 7.31939 44.9041 3.23466
      vertex 3 45.0613 2.5
      vertex 7.11743 44.8158 3.64734
    endloop
  endfacet
  facet normal 6.5981e-06 0.977872 0.209203
    outer loop
      vertex 7.56168 44.9872 2.84622
      vertex 3 45.0613 2.5
      vertex 7.31939 44.9041 3.23466
    endloop
  endfacet
  facet normal -0 0.977854 0.209286
    outer loop
      vertex 3 45.0613 2.5
      vertex 7.56168 44.9872 2.84622
      vertex 7.83096 45.0613 2.5
    endloop
  endfacet
  facet normal -0 0 1
    outer loop
      vertex 3 35.0613 49.2216
      vertex 31 29.8007 49.2216
      vertex 31 35.0613 49.2216
    endloop
  endfacet
  facet normal 0 0 1
    outer loop
      vertex 31 29.8007 49.2216
      vertex 3 35.0613 49.2216
      vertex 3 29.8007 49.2216
    endloop
  endfacet
  facet normal -0 0 1
    outer loop
      vertex 3 4.44048 16.3881
      vertex 31 0 16.3881
      vertex 31 4.44048 16.3881
    endloop
  endfacet
  facet normal 0 0 1
    outer loop
      vertex 31 0 16.3881
      vertex 3 4.44048 16.3881
      vertex 3 0 16.3881
    endloop
  endfacet
  facet normal 0 -1 0
    outer loop
      vertex 3 0 0
      vertex 31 0 16.3881
      vertex 3 0 16.3881
    endloop
  endfacet
  facet normal 0 -1 -0
    outer loop
      vertex 31 0 16.3881
      vertex 3 0 0
      vertex 31 0 0
    endloop
  endfacet
  facet normal 0 0 -1
    outer loop
      vertex 23.1819 11.0086 0
      vertex 31 0 0
      vertex 23.358 10.3514 0
    endloop
  endfacet
  facet normal 0 0 -1
    outer loop
      vertex 31 45.0613 0
      vertex 23.4644 35.3819 0
      vertex 23.5 36.0613 0
    endloop
  endfacet
  facet normal 0 0 -1
    outer loop
      vertex 22.938 11.6438 0
      vertex 31 0 0
      vertex 23.1819 11.0086 0
    endloop
  endfacet
  facet normal 0 0 -1
    outer loop
      vertex 31 45.0613 0
      vertex 23.358 34.7099 0
      vertex 23.4644 35.3819 0
    endloop
  endfacet
  facet normal 0 0 -1
    outer loop
      vertex 31 0 0
      vertex 22.938 11.6438 0
      vertex 31 45.0613 0
    endloop
  endfacet
  facet normal 0 0 -1
    outer loop
      vertex 31 45.0613 0
      vertex 23.1819 34.0527 0
      vertex 23.358 34.7099 0
    endloop
  endfacet
  facet normal 0 0 -1
    outer loop
      vertex 22.938 33.4175 0
      vertex 31 45.0613 0
      vertex 22.938 11.6438 0
    endloop
  endfacet
  facet normal 0 0 -1
    outer loop
      vertex 31 45.0613 0
      vertex 22.938 33.4175 0
      vertex 23.1819 34.0527 0
    endloop
  endfacet
  facet normal 0 0 -1
    outer loop
      vertex 22.6292 12.25 0
      vertex 22.938 33.4175 0
      vertex 22.938 11.6438 0
    endloop
  endfacet
  facet normal 0 0 -1
    outer loop
      vertex 22.6292 12.25 0
      vertex 22.6292 32.8113 0
      vertex 22.938 33.4175 0
    endloop
  endfacet
  facet normal 0 0 -1
    outer loop
      vertex 22.2586 12.8206 0
      vertex 22.6292 32.8113 0
      vertex 22.6292 12.25 0
    endloop
  endfacet
  facet normal 0 0 -1
    outer loop
      vertex 22.2586 12.8206 0
      vertex 22.2586 32.2407 0
      vertex 22.6292 32.8113 0
    endloop
  endfacet
  facet normal 0 0 -1
    outer loop
      vertex 21.8304 13.3493 0
      vertex 22.2586 32.2407 0
      vertex 22.2586 12.8206 0
    endloop
  endfacet
  facet normal 0 0 -1
    outer loop
      vertex 21.8304 13.3493 0
      vertex 21.8304 31.712 0
      vertex 22.2586 32.2407 0
    endloop
  endfacet
  facet normal 0 0 -1
    outer loop
      vertex 21.3493 13.8304 0
      vertex 21.8304 31.712 0
      vertex 21.8304 13.3493 0
    endloop
  endfacet
  facet normal 0 0 -1
    outer loop
      vertex 21.3493 13.8304 0
      vertex 21.3493 31.2309 0
      vertex 21.8304 31.712 0
    endloop
  endfacet
  facet normal 0 0 -1
    outer loop
      vertex 20.8206 14.2586 0
      vertex 21.3493 31.2309 0
      vertex 21.3493 13.8304 0
    endloop
  endfacet
  facet normal 0 0 -1
    outer loop
      vertex 20.8206 14.2586 0
      vertex 20.8206 30.8027 0
      vertex 21.3493 31.2309 0
    endloop
  endfacet
  facet normal 0 0 -1
    outer loop
      vertex 20.25 14.6292 0
      vertex 20.8206 30.8027 0
      vertex 20.8206 14.2586 0
    endloop
  endfacet
  facet normal 0 0 -1
    outer loop
      vertex 20.25 14.6292 0
      vertex 20.25 30.4322 0
      vertex 20.8206 30.8027 0
    endloop
  endfacet
  facet normal 0 0 -1
    outer loop
      vertex 19.6438 14.938 0
      vertex 20.25 30.4322 0
      vertex 20.25 14.6292 0
    endloop
  endfacet
  facet normal 0 0 -1
    outer loop
      vertex 19.6438 14.938 0
      vertex 19.6438 30.1233 0
      vertex 20.25 30.4322 0
    endloop
  endfacet
  facet normal 0 0 -1
    outer loop
      vertex 19.0086 15.1819 0
      vertex 19.6438 30.1233 0
      vertex 19.6438 14.938 0
    endloop
  endfacet
  facet normal 0 0 -1
    outer loop
      vertex 19.0086 15.1819 0
      vertex 19.0086 29.8795 0
      vertex 19.6438 30.1233 0
    endloop
  endfacet
  facet normal 0 0 -1
    outer loop
      vertex 18.3514 15.358 0
      vertex 19.0086 29.8795 0
      vertex 19.0086 15.1819 0
    endloop
  endfacet
  facet normal 0 0 -1
    outer loop
      vertex 18.3514 15.358 0
      vertex 18.3514 29.7034 0
      vertex 19.0086 29.8795 0
    endloop
  endfacet
  facet normal 0 0 -1
    outer loop
      vertex 17.6794 15.4644 0
      vertex 18.3514 29.7034 0
      vertex 18.3514 15.358 0
    endloop
  endfacet
  facet normal 0 0 -1
    outer loop
      vertex 17.6794 15.4644 0
      vertex 17.6794 29.5969 0
      vertex 18.3514 29.7034 0
    endloop
  endfacet
  facet normal 0 0 -1
    outer loop
      vertex 17 15.5 0
      vertex 17.6794 29.5969 0
      vertex 17.6794 15.4644 0
    endloop
  endfacet
  facet normal 0 0 -1
    outer loop
      vertex 17 15.5 0
      vertex 17 29.5613 0
      vertex 17.6794 29.5969 0
    endloop
  endfacet
  facet normal 0 0 -1
    outer loop
      vertex 16.3206 15.4644 0
      vertex 17 29.5613 0
      vertex 17 15.5 0
    endloop
  endfacet
  facet normal 0 0 -1
    outer loop
      vertex 16.3206 15.4644 0
      vertex 16.3206 29.5969 0
      vertex 17 29.5613 0
    endloop
  endfacet
  facet normal 0 0 -1
    outer loop
      vertex 15.6486 15.358 0
      vertex 16.3206 29.5969 0
      vertex 16.3206 15.4644 0
    endloop
  endfacet
  facet normal 0 0 -1
    outer loop
      vertex 15.6486 15.358 0
      vertex 15.6486 29.7034 0
      vertex 16.3206 29.5969 0
    endloop
  endfacet
  facet normal 0 0 -1
    outer loop
      vertex 14.9914 15.1819 0
      vertex 15.6486 29.7034 0
      vertex 15.6486 15.358 0
    endloop
  endfacet
  facet normal 0 0 -1
    outer loop
      vertex 14.9914 15.1819 0
      vertex 14.9914 29.8795 0
      vertex 15.6486 29.7034 0
    endloop
  endfacet
  facet normal 0 0 -1
    outer loop
      vertex 14.3562 14.938 0
      vertex 14.9914 29.8795 0
      vertex 14.9914 15.1819 0
    endloop
  endfacet
  facet normal 0 0 -1
    outer loop
      vertex 14.3562 14.938 0
      vertex 14.3562 30.1233 0
      vertex 14.9914 29.8795 0
    endloop
  endfacet
  facet normal 0 0 -1
    outer loop
      vertex 13.75 14.6292 0
      vertex 14.3562 30.1233 0
      vertex 14.3562 14.938 0
    endloop
  endfacet
  facet normal 0 0 -1
    outer loop
      vertex 13.75 14.6292 0
      vertex 13.75 30.4322 0
      vertex 14.3562 30.1233 0
    endloop
  endfacet
  facet normal 0 0 -1
    outer loop
      vertex 13.1794 14.2586 0
      vertex 13.75 30.4322 0
      vertex 13.75 14.6292 0
    endloop
  endfacet
  facet normal 0 0 -1
    outer loop
      vertex 13.1794 14.2586 0
      vertex 13.1794 30.8027 0
      vertex 13.75 30.4322 0
    endloop
  endfacet
  facet normal 0 0 -1
    outer loop
      vertex 12.6507 13.8304 0
      vertex 13.1794 30.8027 0
      vertex 13.1794 14.2586 0
    endloop
  endfacet
  facet normal 0 0 -1
    outer loop
      vertex 12.6507 13.8304 0
      vertex 12.6507 31.2309 0
      vertex 13.1794 30.8027 0
    endloop
  endfacet
  facet normal 0 0 -1
    outer loop
      vertex 12.1696 13.3493 0
      vertex 12.6507 31.2309 0
      vertex 12.6507 13.8304 0
    endloop
  endfacet
  facet normal 0 0 -1
    outer loop
      vertex 12.1696 13.3493 0
      vertex 12.1696 31.712 0
      vertex 12.6507 31.2309 0
    endloop
  endfacet
  facet normal 0 0 -1
    outer loop
      vertex 11.7414 12.8206 0
      vertex 12.1696 31.712 0
      vertex 12.1696 13.3493 0
    endloop
  endfacet
  facet normal 0 0 -1
    outer loop
      vertex 11.7414 12.8206 0
      vertex 11.7414 32.2407 0
      vertex 12.1696 31.712 0
    endloop
  endfacet
  facet normal 0 0 -1
    outer loop
      vertex 11.3708 12.25 0
      vertex 11.7414 32.2407 0
      vertex 11.7414 12.8206 0
    endloop
  endfacet
  facet normal 0 0 -1
    outer loop
      vertex 11.3708 12.25 0
      vertex 11.3708 32.8113 0
      vertex 11.7414 32.2407 0
    endloop
  endfacet
  facet normal 0 0 -1
    outer loop
      vertex 11.062 11.6438 0
      vertex 11.3708 32.8113 0
      vertex 11.3708 12.25 0
    endloop
  endfacet
  facet normal 0 0 -1
    outer loop
      vertex 11.062 11.6438 0
      vertex 11.062 33.4175 0
      vertex 11.3708 32.8113 0
    endloop
  endfacet
  facet normal 0 0 -1
    outer loop
      vertex 3 0 0
      vertex 11.062 11.6438 0
      vertex 10.8181 11.0086 0
    endloop
  endfacet
  facet normal -0 0 -1
    outer loop
      vertex 11.062 11.6438 0
      vertex 3 0 0
      vertex 11.062 33.4175 0
    endloop
  endfacet
  facet normal 0 0 -1
    outer loop
      vertex 3 0 0
      vertex 10.8181 11.0086 0
      vertex 10.642 10.3514 0
    endloop
  endfacet
  facet normal 0 0 -1
    outer loop
      vertex 3 45.0613 0
      vertex 11.062 33.4175 0
      vertex 3 0 0
    endloop
  endfacet
  facet normal 0 0 -1
    outer loop
      vertex 3 0 0
      vertex 10.642 10.3514 0
      vertex 10.5356 9.67943 0
    endloop
  endfacet
  facet normal 0 0 -1
    outer loop
      vertex 11.062 33.4175 0
      vertex 3 45.0613 0
      vertex 10.8181 34.0527 0
    endloop
  endfacet
  facet normal 0 0 -1
    outer loop
      vertex 3 0 0
      vertex 10.5356 9.67943 0
      vertex 10.5 9 0
    endloop
  endfacet
  facet normal 0 0 -1
    outer loop
      vertex 10.8181 34.0527 0
      vertex 3 45.0613 0
      vertex 10.642 34.7099 0
    endloop
  endfacet
  facet normal 0 0 -1
    outer loop
      vertex 23.4644 9.67943 0
      vertex 31 0 0
      vertex 23.5 9 0
    endloop
  endfacet
  facet normal 0 0 -1
    outer loop
      vertex 31 0 0
      vertex 23.4644 8.32056 0
      vertex 23.5 9 0
    endloop
  endfacet
  facet normal 0 0 -1
    outer loop
      vertex 31 0 0
      vertex 23.358 7.64857 0
      vertex 23.4644 8.32056 0
    endloop
  endfacet
  facet normal 0 0 -1
    outer loop
      vertex 31 0 0
      vertex 23.1819 6.99139 0
      vertex 23.358 7.64857 0
    endloop
  endfacet
  facet normal 0 0 -1
    outer loop
      vertex 31 0 0
      vertex 22.938 6.35621 0
      vertex 23.1819 6.99139 0
    endloop
  endfacet
  facet normal 0 0 -1
    outer loop
      vertex 31 0 0
      vertex 22.6292 5.75 0
      vertex 22.938 6.35621 0
    endloop
  endfacet
  facet normal 0 0 -1
    outer loop
      vertex 31 0 0
      vertex 22.2586 5.1794 0
      vertex 22.6292 5.75 0
    endloop
  endfacet
  facet normal 0 0 -1
    outer loop
      vertex 31 0 0
      vertex 21.8304 4.65065 0
      vertex 22.2586 5.1794 0
    endloop
  endfacet
  facet normal 0 0 -1
    outer loop
      vertex 31 0 0
      vertex 21.3493 4.16956 0
      vertex 21.8304 4.65065 0
    endloop
  endfacet
  facet normal 0 0 -1
    outer loop
      vertex 31 0 0
      vertex 20.8206 3.74139 0
      vertex 21.3493 4.16956 0
    endloop
  endfacet
  facet normal 0 0 -1
    outer loop
      vertex 31 0 0
      vertex 20.25 3.37083 0
      vertex 20.8206 3.74139 0
    endloop
  endfacet
  facet normal 0 0 -1
    outer loop
      vertex 31 0 0
      vertex 19.6438 3.06195 0
      vertex 20.25 3.37083 0
    endloop
  endfacet
  facet normal 0 0 -1
    outer loop
      vertex 31 0 0
      vertex 19.0086 2.81813 0
      vertex 19.6438 3.06195 0
    endloop
  endfacet
  facet normal 0 0 -1
    outer loop
      vertex 31 0 0
      vertex 18.3514 2.64204 0
      vertex 19.0086 2.81813 0
    endloop
  endfacet
  facet normal 0 0 -1
    outer loop
      vertex 31 0 0
      vertex 17.6794 2.53561 0
      vertex 18.3514 2.64204 0
    endloop
  endfacet
  facet normal 0 0 -1
    outer loop
      vertex 31 0 0
      vertex 17 2.5 0
      vertex 17.6794 2.53561 0
    endloop
  endfacet
  facet normal 0 0 -1
    outer loop
      vertex 3 0 0
      vertex 17 2.5 0
      vertex 31 0 0
    endloop
  endfacet
  facet normal -0 0 -1
    outer loop
      vertex 17 2.5 0
      vertex 3 0 0
      vertex 16.3206 2.53561 0
    endloop
  endfacet
  facet normal 0 0 -1
    outer loop
      vertex 10.642 34.7099 0
      vertex 3 45.0613 0
      vertex 10.5356 35.3819 0
    endloop
  endfacet
  facet normal -0 0 -1
    outer loop
      vertex 10.5356 8.32056 0
      vertex 3 0 0
      vertex 10.5 9 0
    endloop
  endfacet
  facet normal -0 0 -1
    outer loop
      vertex 10.642 7.64857 0
      vertex 3 0 0
      vertex 10.5356 8.32056 0
    endloop
  endfacet
  facet normal -0 0 -1
    outer loop
      vertex 10.8181 6.99139 0
      vertex 3 0 0
      vertex 10.642 7.64857 0
    endloop
  endfacet
  facet normal -0 0 -1
    outer loop
      vertex 11.062 6.35621 0
      vertex 3 0 0
      vertex 10.8181 6.99139 0
    endloop
  endfacet
  facet normal -0 0 -1
    outer loop
      vertex 11.3708 5.75 0
      vertex 3 0 0
      vertex 11.062 6.35621 0
    endloop
  endfacet
  facet normal -0 0 -1
    outer loop
      vertex 11.7414 5.1794 0
      vertex 3 0 0
      vertex 11.3708 5.75 0
    endloop
  endfacet
  facet normal -0 0 -1
    outer loop
      vertex 12.1696 4.65065 0
      vertex 3 0 0
      vertex 11.7414 5.1794 0
    endloop
  endfacet
  facet normal -0 0 -1
    outer loop
      vertex 12.6507 4.16956 0
      vertex 3 0 0
      vertex 12.1696 4.65065 0
    endloop
  endfacet
  facet normal -0 0 -1
    outer loop
      vertex 13.1794 3.74139 0
      vertex 3 0 0
      vertex 12.6507 4.16956 0
    endloop
  endfacet
  facet normal -0 0 -1
    outer loop
      vertex 13.75 3.37083 0
      vertex 3 0 0
      vertex 13.1794 3.74139 0
    endloop
  endfacet
  facet normal -0 0 -1
    outer loop
      vertex 14.3562 3.06195 0
      vertex 3 0 0
      vertex 13.75 3.37083 0
    endloop
  endfacet
  facet normal -0 0 -1
    outer loop
      vertex 14.9914 2.81813 0
      vertex 3 0 0
      vertex 14.3562 3.06195 0
    endloop
  endfacet
  facet normal -0 0 -1
    outer loop
      vertex 15.6486 2.64204 0
      vertex 3 0 0
      vertex 14.9914 2.81813 0
    endloop
  endfacet
  facet normal -0 0 -1
    outer loop
      vertex 16.3206 2.53561 0
      vertex 3 0 0
      vertex 15.6486 2.64204 0
    endloop
  endfacet
  facet normal 0 0 -1
    outer loop
      vertex 23.358 10.3514 0
      vertex 31 0 0
      vertex 23.4644 9.67943 0
    endloop
  endfacet
  facet normal 0 0 -1
    outer loop
      vertex 23.4644 36.7408 0
      vertex 31 45.0613 0
      vertex 23.5 36.0613 0
    endloop
  endfacet
  facet normal 0 0 -1
    outer loop
      vertex 23.358 37.4128 0
      vertex 31 45.0613 0
      vertex 23.4644 36.7408 0
    endloop
  endfacet
  facet normal 0 0 -1
    outer loop
      vertex 23.1819 38.0699 0
      vertex 31 45.0613 0
      vertex 23.358 37.4128 0
    endloop
  endfacet
  facet normal 0 0 -1
    outer loop
      vertex 22.938 38.7051 0
      vertex 31 45.0613 0
      vertex 23.1819 38.0699 0
    endloop
  endfacet
  facet normal 0 0 -1
    outer loop
      vertex 22.6292 39.3113 0
      vertex 31 45.0613 0
      vertex 22.938 38.7051 0
    endloop
  endfacet
  facet normal 0 0 -1
    outer loop
      vertex 22.2586 39.8819 0
      vertex 31 45.0613 0
      vertex 22.6292 39.3113 0
    endloop
  endfacet
  facet normal 0 0 -1
    outer loop
      vertex 21.8304 40.4107 0
      vertex 31 45.0613 0
      vertex 22.2586 39.8819 0
    endloop
  endfacet
  facet normal 0 0 -1
    outer loop
      vertex 21.3493 40.8918 0
      vertex 31 45.0613 0
      vertex 21.8304 40.4107 0
    endloop
  endfacet
  facet normal 0 0 -1
    outer loop
      vertex 20.8206 41.3199 0
      vertex 31 45.0613 0
      vertex 21.3493 40.8918 0
    endloop
  endfacet
  facet normal 0 0 -1
    outer loop
      vertex 20.25 41.6905 0
      vertex 31 45.0613 0
      vertex 20.8206 41.3199 0
    endloop
  endfacet
  facet normal 0 0 -1
    outer loop
      vertex 19.6438 41.9994 0
      vertex 31 45.0613 0
      vertex 20.25 41.6905 0
    endloop
  endfacet
  facet normal 0 0 -1
    outer loop
      vertex 19.0086 42.2432 0
      vertex 31 45.0613 0
      vertex 19.6438 41.9994 0
    endloop
  endfacet
  facet normal 0 0 -1
    outer loop
      vertex 18.3514 42.4193 0
      vertex 31 45.0613 0
      vertex 19.0086 42.2432 0
    endloop
  endfacet
  facet normal 0 0 -1
    outer loop
      vertex 17.6794 42.5257 0
      vertex 31 45.0613 0
      vertex 18.3514 42.4193 0
    endloop
  endfacet
  facet normal 0 0 -1
    outer loop
      vertex 17 42.5613 0
      vertex 31 45.0613 0
      vertex 17.6794 42.5257 0
    endloop
  endfacet
  facet normal 0 0 -1
    outer loop
      vertex 3 45.0613 0
      vertex 17 42.5613 0
      vertex 16.3206 42.5257 0
    endloop
  endfacet
  facet normal 0 0 -1
    outer loop
      vertex 3 45.0613 0
      vertex 16.3206 42.5257 0
      vertex 15.6486 42.4193 0
    endloop
  endfacet
  facet normal 0 0 -1
    outer loop
      vertex 10.5356 35.3819 0
      vertex 3 45.0613 0
      vertex 10.5 36.0613 0
    endloop
  endfacet
  facet normal 0 0 -1
    outer loop
      vertex 10.5 36.0613 0
      vertex 3 45.0613 0
      vertex 10.5356 36.7408 0
    endloop
  endfacet
  facet normal 0 0 -1
    outer loop
      vertex 17 42.5613 0
      vertex 3 45.0613 0
      vertex 31 45.0613 0
    endloop
  endfacet
  facet normal 0 0 -1
    outer loop
      vertex 14.9914 42.2432 0
      vertex 3 45.0613 0
      vertex 15.6486 42.4193 0
    endloop
  endfacet
  facet normal 0 0 -1
    outer loop
      vertex 14.3562 41.9994 0
      vertex 3 45.0613 0
      vertex 14.9914 42.2432 0
    endloop
  endfacet
  facet normal 0 0 -1
    outer loop
      vertex 13.75 41.6905 0
      vertex 3 45.0613 0
      vertex 14.3562 41.9994 0
    endloop
  endfacet
  facet normal 0 0 -1
    outer loop
      vertex 13.1794 41.3199 0
      vertex 3 45.0613 0
      vertex 13.75 41.6905 0
    endloop
  endfacet
  facet normal 0 0 -1
    outer loop
      vertex 12.6507 40.8918 0
      vertex 3 45.0613 0
      vertex 13.1794 41.3199 0
    endloop
  endfacet
  facet normal 0 0 -1
    outer loop
      vertex 12.1696 40.4107 0
      vertex 3 45.0613 0
      vertex 12.6507 40.8918 0
    endloop
  endfacet
  facet normal 0 0 -1
    outer loop
      vertex 11.7414 39.8819 0
      vertex 3 45.0613 0
      vertex 12.1696 40.4107 0
    endloop
  endfacet
  facet normal 0 0 -1
    outer loop
      vertex 11.3708 39.3113 0
      vertex 3 45.0613 0
      vertex 11.7414 39.8819 0
    endloop
  endfacet
  facet normal 0 0 -1
    outer loop
      vertex 11.062 38.7051 0
      vertex 3 45.0613 0
      vertex 11.3708 39.3113 0
    endloop
  endfacet
  facet normal 0 0 -1
    outer loop
      vertex 10.8181 38.0699 0
      vertex 3 45.0613 0
      vertex 11.062 38.7051 0
    endloop
  endfacet
  facet normal 0 0 -1
    outer loop
      vertex 10.642 37.4128 0
      vertex 3 45.0613 0
      vertex 10.8181 38.0699 0
    endloop
  endfacet
  facet normal 0 0 -1
    outer loop
      vertex 10.5356 36.7408 0
      vertex 3 45.0613 0
      vertex 10.642 37.4128 0
    endloop
  endfacet
  facet normal 0 1 -0
    outer loop
      vertex 31 45.0613 0
      vertex 26.169 45.0613 2.5
      vertex 31 45.0613 2.5
    endloop
  endfacet
  facet normal 0 1 0
    outer loop
      vertex 26.169 45.0613 2.5
      vertex 31 45.0613 0
      vertex 26.1584 45.0613 2.48669
    endloop
  endfacet
  facet normal 0 1 0
    outer loop
      vertex 26.1584 45.0613 2.48669
      vertex 31 45.0613 0
      vertex 25.8438 45.0613 2.16904
    endloop
  endfacet
  facet normal 0 1 0
    outer loop
      vertex 25.8438 45.0613 2.16904
      vertex 31 45.0613 0
      vertex 25.4981 45.0613 1.88633
    endloop
  endfacet
  facet normal 0 1 0
    outer loop
      vertex 25.4981 45.0613 1.88633
      vertex 31 45.0613 0
      vertex 25.125 45.0613 1.64166
    endloop
  endfacet
  facet normal 0 1 0
    outer loop
      vertex 25.125 45.0613 1.64166
      vertex 31 45.0613 0
      vertex 24.7286 45.0613 1.43772
    endloop
  endfacet
  facet normal 0 1 0
    outer loop
      vertex 24.7286 45.0613 1.43772
      vertex 31 45.0613 0
      vertex 24.3133 45.0613 1.27673
    endloop
  endfacet
  facet normal 0 1 0
    outer loop
      vertex 3 45.0613 0
      vertex 11.4442 45.0613 1.09019
      vertex 31 45.0613 0
    endloop
  endfacet
  facet normal 0 1 0
    outer loop
      vertex 23.4442 45.0613 1.09019
      vertex 31 45.0613 0
      vertex 23 45.0613 1.06668
    endloop
  endfacet
  facet normal 0 1 0
    outer loop
      vertex 23.8836 45.0613 1.16046
      vertex 31 45.0613 0
      vertex 23.4442 45.0613 1.09019
    endloop
  endfacet
  facet normal 0 1 0
    outer loop
      vertex 24.3133 45.0613 1.27673
      vertex 31 45.0613 0
      vertex 23.8836 45.0613 1.16046
    endloop
  endfacet
  facet normal 0 1 0
    outer loop
      vertex 19.8416 45.0613 2.48669
      vertex 14.169 45.0613 2.5
      vertex 19.831 45.0613 2.5
    endloop
  endfacet
  facet normal 0 1 0
    outer loop
      vertex 19.8416 45.0613 2.48669
      vertex 14.1584 45.0613 2.48669
      vertex 14.169 45.0613 2.5
    endloop
  endfacet
  facet normal 0 1 0
    outer loop
      vertex 20.1562 45.0613 2.16904
      vertex 14.1584 45.0613 2.48669
      vertex 19.8416 45.0613 2.48669
    endloop
  endfacet
  facet normal 0 1 0
    outer loop
      vertex 20.1562 45.0613 2.16904
      vertex 13.8438 45.0613 2.16904
      vertex 14.1584 45.0613 2.48669
    endloop
  endfacet
  facet normal 0 1 0
    outer loop
      vertex 20.5019 45.0613 1.88633
      vertex 13.8438 45.0613 2.16904
      vertex 20.1562 45.0613 2.16904
    endloop
  endfacet
  facet normal 0 1 0
    outer loop
      vertex 20.5019 45.0613 1.88633
      vertex 13.4981 45.0613 1.88633
      vertex 13.8438 45.0613 2.16904
    endloop
  endfacet
  facet normal 0 1 0
    outer loop
      vertex 20.875 45.0613 1.64166
      vertex 13.4981 45.0613 1.88633
      vertex 20.5019 45.0613 1.88633
    endloop
  endfacet
  facet normal 0 1 0
    outer loop
      vertex 20.875 45.0613 1.64166
      vertex 13.125 45.0613 1.64166
      vertex 13.4981 45.0613 1.88633
    endloop
  endfacet
  facet normal 0 1 0
    outer loop
      vertex 21.2714 45.0613 1.43772
      vertex 13.125 45.0613 1.64166
      vertex 20.875 45.0613 1.64166
    endloop
  endfacet
  facet normal 0 1 0
    outer loop
      vertex 21.2714 45.0613 1.43772
      vertex 12.7286 45.0613 1.43772
      vertex 13.125 45.0613 1.64166
    endloop
  endfacet
  facet normal 0 1 0
    outer loop
      vertex 21.6867 45.0613 1.27673
      vertex 12.7286 45.0613 1.43772
      vertex 21.2714 45.0613 1.43772
    endloop
  endfacet
  facet normal 0 1 0
    outer loop
      vertex 21.6867 45.0613 1.27673
      vertex 12.3133 45.0613 1.27673
      vertex 12.7286 45.0613 1.43772
    endloop
  endfacet
  facet normal 0 1 0
    outer loop
      vertex 22.1164 45.0613 1.16046
      vertex 12.3133 45.0613 1.27673
      vertex 21.6867 45.0613 1.27673
    endloop
  endfacet
  facet normal 0 1 0
    outer loop
      vertex 22.1164 45.0613 1.16046
      vertex 11.8836 45.0613 1.16046
      vertex 12.3133 45.0613 1.27673
    endloop
  endfacet
  facet normal 0 1 0
    outer loop
      vertex 22.5558 45.0613 1.09019
      vertex 11.8836 45.0613 1.16046
      vertex 22.1164 45.0613 1.16046
    endloop
  endfacet
  facet normal 0 1 0
    outer loop
      vertex 22.5558 45.0613 1.09019
      vertex 11.4442 45.0613 1.09019
      vertex 11.8836 45.0613 1.16046
    endloop
  endfacet
  facet normal 0 1 0
    outer loop
      vertex 31 45.0613 0
      vertex 22.5558 45.0613 1.09019
      vertex 23 45.0613 1.06668
    endloop
  endfacet
  facet normal 0 1 0
    outer loop
      vertex 22.5558 45.0613 1.09019
      vertex 31 45.0613 0
      vertex 11.4442 45.0613 1.09019
    endloop
  endfacet
  facet normal 0 1 0
    outer loop
      vertex 3 45.0613 0
      vertex 7.83096 45.0613 2.5
      vertex 7.84163 45.0613 2.48669
    endloop
  endfacet
  facet normal 0 1 0
    outer loop
      vertex 3 45.0613 0
      vertex 7.84163 45.0613 2.48669
      vertex 8.1562 45.0613 2.16904
    endloop
  endfacet
  facet normal 0 1 0
    outer loop
      vertex 3 45.0613 0
      vertex 8.1562 45.0613 2.16904
      vertex 8.50191 45.0613 1.88633
    endloop
  endfacet
  facet normal 0 1 0
    outer loop
      vertex 3 45.0613 0
      vertex 8.50191 45.0613 1.88633
      vertex 8.875 45.0613 1.64166
    endloop
  endfacet
  facet normal 0 1 0
    outer loop
      vertex 3 45.0613 0
      vertex 8.875 45.0613 1.64166
      vertex 9.27137 45.0613 1.43772
    endloop
  endfacet
  facet normal 0 1 0
    outer loop
      vertex 3 45.0613 0
      vertex 9.27137 45.0613 1.43772
      vertex 9.68668 45.0613 1.27673
    endloop
  endfacet
  facet normal 0 1 0
    outer loop
      vertex 3 45.0613 0
      vertex 9.68668 45.0613 1.27673
      vertex 10.1164 45.0613 1.16046
    endloop
  endfacet
  facet normal 0 1 0
    outer loop
      vertex 11.4442 45.0613 1.09019
      vertex 3 45.0613 0
      vertex 11 45.0613 1.06668
    endloop
  endfacet
  facet normal 0 1 0
    outer loop
      vertex 7.83096 45.0613 2.5
      vertex 3 45.0613 0
      vertex 3 45.0613 2.5
    endloop
  endfacet
  facet normal 0 1 0
    outer loop
      vertex 10.5558 45.0613 1.09019
      vertex 3 45.0613 0
      vertex 10.1164 45.0613 1.16046
    endloop
  endfacet
  facet normal 0 1 0
    outer loop
      vertex 11 45.0613 1.06668
      vertex 3 45.0613 0
      vertex 10.5558 45.0613 1.09019
    endloop
  endfacet
endsolid OpenSCAD_Model
