solid OpenSCAD_Model
  facet normal -1 0 0
    outer loop
      vertex -14 8.45 0
      vertex -14 5.94497 3
      vertex -14 8.45 10
    endloop
  endfacet
  facet normal -1 0 0
    outer loop
      vertex -14 8.45 0
      vertex -14 5.45 2.50502
      vertex -14 5.94497 3
    endloop
  endfacet
  facet normal -1 0 0
    outer loop
      vertex -14 5.45 2.50502
      vertex -14 -12.955 3
      vertex -14 4.95502 3
    endloop
  endfacet
  facet normal -1 0 0
    outer loop
      vertex -14 -13.45 2.50502
      vertex -14 5.45 2.50502
      vertex -14 8.45 0
    endloop
  endfacet
  facet normal -1 0 0
    outer loop
      vertex -14 5.45 2.50502
      vertex -14 -13.45 2.50502
      vertex -14 -12.955 3
    endloop
  endfacet
  facet normal -1 -0 0
    outer loop
      vertex -14 -13.45 2.50502
      vertex -14 -16.45 0
      vertex -14 -13.945 3
    endloop
  endfacet
  facet normal -1 0 0
    outer loop
      vertex -14 -16.45 0
      vertex -14 -13.45 2.50502
      vertex -14 8.45 0
    endloop
  endfacet
  facet normal -1 0 0
    outer loop
      vertex -14 5.45 3.49497
      vertex -14 8.45 10
      vertex -14 5.94497 3
    endloop
  endfacet
  facet normal -1 -0 0
    outer loop
      vertex -14 8.45 10
      vertex -14 5.45 3.49497
      vertex -14 5.45 10
    endloop
  endfacet
  facet normal -1 0 0
    outer loop
      vertex -14 -16.45 17.5
      vertex -14 -13.45 3.49497
      vertex -14 -13.945 3
    endloop
  endfacet
  facet normal -1 0 0
    outer loop
      vertex -14 -16.45 17.5
      vertex -14 -13.945 3
      vertex -14 -16.45 0
    endloop
  endfacet
  facet normal -1 0 0
    outer loop
      vertex -14 -13.45 3.49497
      vertex -14 -16.45 17.5
      vertex -14 -13.45 17.5
    endloop
  endfacet
  facet normal -0 0 1
    outer loop
      vertex -14 4.95502 3
      vertex 14 -12.955 3
      vertex 14 4.95502 3
    endloop
  endfacet
  facet normal 0 0 1
    outer loop
      vertex 14 -12.955 3
      vertex -14 4.95502 3
      vertex -14 -12.955 3
    endloop
  endfacet
  facet normal 1 -0 0
    outer loop
      vertex 14 -16.45 17.5
      vertex 14 -13.45 3.49497
      vertex 14 -13.45 17.5
    endloop
  endfacet
  facet normal 1 0 0
    outer loop
      vertex 14 -13.45 3.49497
      vertex 14 -16.45 17.5
      vertex 14 -13.945 3
    endloop
  endfacet
  facet normal 1 0 0
    outer loop
      vertex 14 8.45 10
      vertex 14 5.94497 3
      vertex 14 8.45 0
    endloop
  endfacet
  facet normal 1 0 0
    outer loop
      vertex 14 5.45 3.49497
      vertex 14 8.45 10
      vertex 14 5.45 10
    endloop
  endfacet
  facet normal 1 0 0
    outer loop
      vertex 14 8.45 10
      vertex 14 5.45 3.49497
      vertex 14 5.94497 3
    endloop
  endfacet
  facet normal 1 -0 0
    outer loop
      vertex 14 5.45 2.50502
      vertex 14 8.45 0
      vertex 14 5.94497 3
    endloop
  endfacet
  facet normal 1 -0 0
    outer loop
      vertex 14 -12.955 3
      vertex 14 5.45 2.50502
      vertex 14 4.95502 3
    endloop
  endfacet
  facet normal 1 0 0
    outer loop
      vertex 14 -13.45 2.50502
      vertex 14 5.45 2.50502
      vertex 14 -12.955 3
    endloop
  endfacet
  facet normal 1 0 0
    outer loop
      vertex 14 5.45 2.50502
      vertex 14 -13.45 2.50502
      vertex 14 8.45 0
    endloop
  endfacet
  facet normal 1 0 0
    outer loop
      vertex 14 -13.45 2.50502
      vertex 14 -16.45 0
      vertex 14 8.45 0
    endloop
  endfacet
  facet normal 1 0 0
    outer loop
      vertex 14 -13.945 3
      vertex 14 -16.45 0
      vertex 14 -13.45 2.50502
    endloop
  endfacet
  facet normal 1 0 0
    outer loop
      vertex 14 -16.45 0
      vertex 14 -13.945 3
      vertex 14 -16.45 17.5
    endloop
  endfacet
  facet normal 0 1 0
    outer loop
      vertex 14 8.45 10
      vertex 11.5 8.45 12.5
      vertex 11.7613 8.45 12.4863
    endloop
  endfacet
  facet normal 0 1 0
    outer loop
      vertex 11.5 8.45 12.5
      vertex 14 8.45 0
      vertex -11.5 8.45 12.5
    endloop
  endfacet
  facet normal 0 1 0
    outer loop
      vertex 14 8.45 10
      vertex 11.7613 8.45 12.4863
      vertex 12.0198 8.45 12.4454
    endloop
  endfacet
  facet normal 0 1 0
    outer loop
      vertex -14 8.45 0
      vertex -11.5 8.45 12.5
      vertex 14 8.45 0
    endloop
  endfacet
  facet normal 0 1 0
    outer loop
      vertex 14 8.45 10
      vertex 12.0198 8.45 12.4454
      vertex 12.2725 8.45 12.3776
    endloop
  endfacet
  facet normal -0 1 0
    outer loop
      vertex -14 8.45 10
      vertex -11.5 8.45 12.5
      vertex -14 8.45 0
    endloop
  endfacet
  facet normal 0 1 0
    outer loop
      vertex 14 8.45 10
      vertex 12.2725 8.45 12.3776
      vertex 12.5168 8.45 12.2839
    endloop
  endfacet
  facet normal 0 1 0
    outer loop
      vertex -11.5 8.45 12.5
      vertex -14 8.45 10
      vertex -11.7613 8.45 12.4863
    endloop
  endfacet
  facet normal 0 1 0
    outer loop
      vertex 14 8.45 10
      vertex 12.5168 8.45 12.2839
      vertex 12.75 8.45 12.1651
    endloop
  endfacet
  facet normal 0 1 0
    outer loop
      vertex -11.7613 8.45 12.4863
      vertex -14 8.45 10
      vertex -12.0198 8.45 12.4454
    endloop
  endfacet
  facet normal 0 1 0
    outer loop
      vertex 14 8.45 10
      vertex 12.75 8.45 12.1651
      vertex 12.9695 8.45 12.0225
    endloop
  endfacet
  facet normal 0 1 0
    outer loop
      vertex -12.0198 8.45 12.4454
      vertex -14 8.45 10
      vertex -12.2725 8.45 12.3776
    endloop
  endfacet
  facet normal 0 1 0
    outer loop
      vertex 14 8.45 10
      vertex 12.9695 8.45 12.0225
      vertex 13.1728 8.45 11.8579
    endloop
  endfacet
  facet normal 0 1 0
    outer loop
      vertex 11.5 8.45 12.5
      vertex 14 8.45 10
      vertex 14 8.45 0
    endloop
  endfacet
  facet normal 0 1 0
    outer loop
      vertex 14 8.45 10
      vertex 13.1728 8.45 11.8579
      vertex 13.3579 8.45 11.6728
    endloop
  endfacet
  facet normal 0 1 0
    outer loop
      vertex -12.2725 8.45 12.3776
      vertex -14 8.45 10
      vertex -12.5168 8.45 12.2839
    endloop
  endfacet
  facet normal 0 1 0
    outer loop
      vertex 14 8.45 10
      vertex 13.3579 8.45 11.6728
      vertex 13.5225 8.45 11.4695
    endloop
  endfacet
  facet normal 0 1 0
    outer loop
      vertex -12.9695 8.45 12.0225
      vertex -14 8.45 10
      vertex -13.1728 8.45 11.8579
    endloop
  endfacet
  facet normal 0 1 0
    outer loop
      vertex 14 8.45 10
      vertex 13.5225 8.45 11.4695
      vertex 13.6651 8.45 11.25
    endloop
  endfacet
  facet normal 0 1 0
    outer loop
      vertex -13.1728 8.45 11.8579
      vertex -14 8.45 10
      vertex -13.3579 8.45 11.6728
    endloop
  endfacet
  facet normal 0 1 0
    outer loop
      vertex 14 8.45 10
      vertex 13.6651 8.45 11.25
      vertex 13.7839 8.45 11.0168
    endloop
  endfacet
  facet normal 0 1 0
    outer loop
      vertex -13.3579 8.45 11.6728
      vertex -14 8.45 10
      vertex -13.5225 8.45 11.4695
    endloop
  endfacet
  facet normal 0 1 0
    outer loop
      vertex 14 8.45 10
      vertex 13.7839 8.45 11.0168
      vertex 13.8776 8.45 10.7725
    endloop
  endfacet
  facet normal 0 1 0
    outer loop
      vertex -13.5225 8.45 11.4695
      vertex -14 8.45 10
      vertex -13.6651 8.45 11.25
    endloop
  endfacet
  facet normal 0 1 0
    outer loop
      vertex 14 8.45 10
      vertex 13.8776 8.45 10.7725
      vertex 13.9454 8.45 10.5198
    endloop
  endfacet
  facet normal 0 1 0
    outer loop
      vertex -13.6651 8.45 11.25
      vertex -14 8.45 10
      vertex -13.7839 8.45 11.0168
    endloop
  endfacet
  facet normal 0 1 0
    outer loop
      vertex 14 8.45 10
      vertex 13.9454 8.45 10.5198
      vertex 13.9863 8.45 10.2613
    endloop
  endfacet
  facet normal 0 1 0
    outer loop
      vertex -13.7839 8.45 11.0168
      vertex -14 8.45 10
      vertex -13.8776 8.45 10.7725
    endloop
  endfacet
  facet normal 0 1 0
    outer loop
      vertex -13.8776 8.45 10.7725
      vertex -14 8.45 10
      vertex -13.9454 8.45 10.5198
    endloop
  endfacet
  facet normal 0 1 0
    outer loop
      vertex -13.9454 8.45 10.5198
      vertex -14 8.45 10
      vertex -13.9863 8.45 10.2613
    endloop
  endfacet
  facet normal 0 1 0
    outer loop
      vertex -12.5168 8.45 12.2839
      vertex -14 8.45 10
      vertex -12.75 8.45 12.1651
    endloop
  endfacet
  facet normal 0 1 0
    outer loop
      vertex -12.75 8.45 12.1651
      vertex -14 8.45 10
      vertex -12.9695 8.45 12.0225
    endloop
  endfacet
  facet normal 0 0 -1
    outer loop
      vertex -14 -16.45 0
      vertex 14 8.45 0
      vertex 14 -16.45 0
    endloop
  endfacet
  facet normal -0 0 -1
    outer loop
      vertex 14 8.45 0
      vertex -14 -16.45 0
      vertex -14 8.45 0
    endloop
  endfacet
  facet normal 0 -1 0
    outer loop
      vertex -5.3505 -16.45 12.1006
      vertex -11.5 -16.45 20
      vertex -5.66881 -16.45 12.1511
    endloop
  endfacet
  facet normal 0 -1 0
    outer loop
      vertex 11.5 -16.45 20
      vertex 5.99065 -16.45 12.1679
      vertex 6 -16.45 12.1684
    endloop
  endfacet
  facet normal 0 -1 0
    outer loop
      vertex -5.34125 -16.45 12.0992
      vertex -11.5 -16.45 20
      vertex -5.3505 -16.45 12.1006
    endloop
  endfacet
  facet normal 0 -1 0
    outer loop
      vertex 11.5 -16.45 20
      vertex 5.66881 -16.45 12.1511
      vertex 5.99065 -16.45 12.1679
    endloop
  endfacet
  facet normal 0 -1 0
    outer loop
      vertex -5.02995 -16.45 12.0158
      vertex -11.5 -16.45 20
      vertex -5.34125 -16.45 12.0992
    endloop
  endfacet
  facet normal 0 -1 0
    outer loop
      vertex 11.5 -16.45 20
      vertex 5.3505 -16.45 12.1006
      vertex 5.66881 -16.45 12.1511
    endloop
  endfacet
  facet normal 0 -1 0
    outer loop
      vertex -5.0209 -16.45 12.0133
      vertex -11.5 -16.45 20
      vertex -5.02995 -16.45 12.0158
    endloop
  endfacet
  facet normal 0 -1 0
    outer loop
      vertex 11.5 -16.45 20
      vertex 5.34125 -16.45 12.0992
      vertex 5.3505 -16.45 12.1006
    endloop
  endfacet
  facet normal 0 -1 0
    outer loop
      vertex -5.01216 -16.45 12.01
      vertex -11.5 -16.45 20
      vertex -5.0209 -16.45 12.0133
    endloop
  endfacet
  facet normal 0 -1 0
    outer loop
      vertex 11.5 -16.45 20
      vertex 5.02995 -16.45 12.0158
      vertex 5.34125 -16.45 12.0992
    endloop
  endfacet
  facet normal 0 -1 0
    outer loop
      vertex -4.71129 -16.45 11.8945
      vertex -11.5 -16.45 20
      vertex -5.01216 -16.45 12.01
    endloop
  endfacet
  facet normal 0 -1 0
    outer loop
      vertex 11.5 -16.45 20
      vertex 5.0209 -16.45 12.0133
      vertex 5.02995 -16.45 12.0158
    endloop
  endfacet
  facet normal 0 -1 0
    outer loop
      vertex -11.5 -16.45 20
      vertex -4.71129 -16.45 11.8945
      vertex 11.5 -16.45 20
    endloop
  endfacet
  facet normal 0 -1 0
    outer loop
      vertex 11.5 -16.45 20
      vertex 5.01216 -16.45 12.01
      vertex 5.0209 -16.45 12.0133
    endloop
  endfacet
  facet normal 0 -1 0
    outer loop
      vertex 4.71129 -16.45 11.8945
      vertex 11.5 -16.45 20
      vertex -4.71129 -16.45 11.8945
    endloop
  endfacet
  facet normal 0 -1 0
    outer loop
      vertex 11.5 -16.45 20
      vertex 4.71129 -16.45 11.8945
      vertex 5.01216 -16.45 12.01
    endloop
  endfacet
  facet normal 0 -1 0
    outer loop
      vertex -4.42413 -16.45 11.7482
      vertex 4.71129 -16.45 11.8945
      vertex -4.71129 -16.45 11.8945
    endloop
  endfacet
  facet normal 0 -1 0
    outer loop
      vertex -4.42413 -16.45 11.7482
      vertex 4.42413 -16.45 11.7482
      vertex 4.71129 -16.45 11.8945
    endloop
  endfacet
  facet normal 0 -1 0
    outer loop
      vertex -4.41579 -16.45 11.7439
      vertex 4.42413 -16.45 11.7482
      vertex -4.42413 -16.45 11.7482
    endloop
  endfacet
  facet normal 0 -1 0
    outer loop
      vertex -4.41579 -16.45 11.7439
      vertex 4.41579 -16.45 11.7439
      vertex 4.42413 -16.45 11.7482
    endloop
  endfacet
  facet normal 0 -1 0
    outer loop
      vertex -4.40794 -16.45 11.7388
      vertex 4.41579 -16.45 11.7439
      vertex -4.41579 -16.45 11.7439
    endloop
  endfacet
  facet normal 0 -1 0
    outer loop
      vertex -4.40794 -16.45 11.7388
      vertex 4.40794 -16.45 11.7388
      vertex 4.41579 -16.45 11.7439
    endloop
  endfacet
  facet normal 0 -1 0
    outer loop
      vertex -4.13765 -16.45 11.5633
      vertex 4.40794 -16.45 11.7388
      vertex -4.40794 -16.45 11.7388
    endloop
  endfacet
  facet normal 0 -1 0
    outer loop
      vertex -4.13765 -16.45 11.5633
      vertex 4.13765 -16.45 11.5633
      vertex 4.40794 -16.45 11.7388
    endloop
  endfacet
  facet normal 0 -1 0
    outer loop
      vertex -4.13037 -16.45 11.5574
      vertex 4.13765 -16.45 11.5633
      vertex -4.13765 -16.45 11.5633
    endloop
  endfacet
  facet normal 0 -1 0
    outer loop
      vertex -4.13037 -16.45 11.5574
      vertex 4.13037 -16.45 11.5574
      vertex 4.13765 -16.45 11.5633
    endloop
  endfacet
  facet normal 0 -1 0
    outer loop
      vertex -3.87991 -16.45 11.3546
      vertex 4.13037 -16.45 11.5574
      vertex -4.13037 -16.45 11.5574
    endloop
  endfacet
  facet normal 0 -1 0
    outer loop
      vertex -3.87991 -16.45 11.3546
      vertex 3.87991 -16.45 11.3546
      vertex 4.13037 -16.45 11.5574
    endloop
  endfacet
  facet normal 0 -1 0
    outer loop
      vertex -3.6454 -16.45 11.1201
      vertex 3.87991 -16.45 11.3546
      vertex -3.87991 -16.45 11.3546
    endloop
  endfacet
  facet normal 0 -1 0
    outer loop
      vertex -3.6454 -16.45 11.1201
      vertex 3.6454 -16.45 11.1201
      vertex 3.87991 -16.45 11.3546
    endloop
  endfacet
  facet normal 0 -1 0
    outer loop
      vertex -3.44259 -16.45 10.8696
      vertex 3.6454 -16.45 11.1201
      vertex -3.6454 -16.45 11.1201
    endloop
  endfacet
  facet normal 0 -1 0
    outer loop
      vertex -3.44259 -16.45 10.8696
      vertex 3.44259 -16.45 10.8696
      vertex 3.6454 -16.45 11.1201
    endloop
  endfacet
  facet normal 0 -1 0
    outer loop
      vertex -3.43669 -16.45 10.8624
      vertex 3.44259 -16.45 10.8696
      vertex -3.44259 -16.45 10.8696
    endloop
  endfacet
  facet normal 0 -1 0
    outer loop
      vertex -3.43669 -16.45 10.8624
      vertex 3.43669 -16.45 10.8624
      vertex 3.44259 -16.45 10.8696
    endloop
  endfacet
  facet normal 0 -1 0
    outer loop
      vertex -3.26117 -16.45 10.5921
      vertex 3.43669 -16.45 10.8624
      vertex -3.43669 -16.45 10.8624
    endloop
  endfacet
  facet normal 0 -1 0
    outer loop
      vertex -3.26117 -16.45 10.5921
      vertex 3.26117 -16.45 10.5921
      vertex 3.43669 -16.45 10.8624
    endloop
  endfacet
  facet normal 0 -1 0
    outer loop
      vertex -3.25607 -16.45 10.5842
      vertex 3.26117 -16.45 10.5921
      vertex -3.26117 -16.45 10.5921
    endloop
  endfacet
  facet normal 0 -1 0
    outer loop
      vertex -3.25607 -16.45 10.5842
      vertex 3.25607 -16.45 10.5842
      vertex 3.26117 -16.45 10.5921
    endloop
  endfacet
  facet normal 0 -1 0
    outer loop
      vertex -3.25182 -16.45 10.5759
      vertex 3.25607 -16.45 10.5842
      vertex -3.25607 -16.45 10.5842
    endloop
  endfacet
  facet normal 0 -1 0
    outer loop
      vertex -3.25182 -16.45 10.5759
      vertex 3.25182 -16.45 10.5759
      vertex 3.25607 -16.45 10.5842
    endloop
  endfacet
  facet normal 0 -1 0
    outer loop
      vertex -3.1055 -16.45 10.2887
      vertex 3.25182 -16.45 10.5759
      vertex -3.25182 -16.45 10.5759
    endloop
  endfacet
  facet normal 0 -1 0
    outer loop
      vertex -3.1055 -16.45 10.2887
      vertex 3.1055 -16.45 10.2887
      vertex 3.25182 -16.45 10.5759
    endloop
  endfacet
  facet normal 0 -1 0
    outer loop
      vertex -2.99001 -16.45 9.98784
      vertex 3.1055 -16.45 10.2887
      vertex -3.1055 -16.45 10.2887
    endloop
  endfacet
  facet normal 0 -1 0
    outer loop
      vertex -2.99001 -16.45 9.98784
      vertex 2.99001 -16.45 9.98784
      vertex 3.1055 -16.45 10.2887
    endloop
  endfacet
  facet normal 0 -1 0
    outer loop
      vertex -2.98665 -16.45 9.9791
      vertex 2.99001 -16.45 9.98784
      vertex -2.99001 -16.45 9.98784
    endloop
  endfacet
  facet normal 0 -1 0
    outer loop
      vertex -2.98665 -16.45 9.9791
      vertex 2.98665 -16.45 9.9791
      vertex 2.99001 -16.45 9.98784
    endloop
  endfacet
  facet normal 0 -1 0
    outer loop
      vertex -2.98423 -16.45 9.97005
      vertex 2.98665 -16.45 9.9791
      vertex -2.98665 -16.45 9.9791
    endloop
  endfacet
  facet normal 0 -1 0
    outer loop
      vertex -2.98423 -16.45 9.97005
      vertex 2.98423 -16.45 9.97005
      vertex 2.98665 -16.45 9.9791
    endloop
  endfacet
  facet normal 0 -1 0
    outer loop
      vertex -2.90082 -16.45 9.65875
      vertex 2.98423 -16.45 9.97005
      vertex -2.98423 -16.45 9.97005
    endloop
  endfacet
  facet normal 0 -1 0
    outer loop
      vertex -2.90082 -16.45 9.65875
      vertex 2.90082 -16.45 9.65875
      vertex 2.98423 -16.45 9.97005
    endloop
  endfacet
  facet normal 0 -1 0
    outer loop
      vertex -2.89935 -16.45 9.6495
      vertex 2.90082 -16.45 9.65875
      vertex -2.90082 -16.45 9.65875
    endloop
  endfacet
  facet normal 0 -1 0
    outer loop
      vertex -2.89935 -16.45 9.6495
      vertex 2.89935 -16.45 9.6495
      vertex 2.90082 -16.45 9.65875
    endloop
  endfacet
  facet normal 0 -1 0
    outer loop
      vertex -2.84894 -16.45 9.33119
      vertex 2.89935 -16.45 9.6495
      vertex -2.89935 -16.45 9.6495
    endloop
  endfacet
  facet normal 0 -1 0
    outer loop
      vertex -2.84894 -16.45 9.33119
      vertex 2.84894 -16.45 9.33119
      vertex 2.89935 -16.45 9.6495
    endloop
  endfacet
  facet normal 0 -1 0
    outer loop
      vertex -2.83207 -16.45 9.00935
      vertex 2.84894 -16.45 9.33119
      vertex -2.84894 -16.45 9.33119
    endloop
  endfacet
  facet normal 0 -1 0
    outer loop
      vertex -2.83207 -16.45 9.00935
      vertex 2.83207 -16.45 9.00935
      vertex 2.84894 -16.45 9.33119
    endloop
  endfacet
  facet normal 0 -1 0
    outer loop
      vertex -2.83158 -16.45 9
      vertex 2.83207 -16.45 9.00935
      vertex -2.83207 -16.45 9.00935
    endloop
  endfacet
  facet normal 0 -1 0
    outer loop
      vertex -2.83158 -16.45 9
      vertex 2.83158 -16.45 9
      vertex 2.83207 -16.45 9.00935
    endloop
  endfacet
  facet normal 0 -1 0
    outer loop
      vertex -2.83207 -16.45 8.99065
      vertex 2.83158 -16.45 9
      vertex -2.83158 -16.45 9
    endloop
  endfacet
  facet normal 0 -1 0
    outer loop
      vertex -2.83207 -16.45 8.99065
      vertex 2.83207 -16.45 8.99065
      vertex 2.83158 -16.45 9
    endloop
  endfacet
  facet normal 0 -1 0
    outer loop
      vertex -2.84894 -16.45 8.66881
      vertex 2.83207 -16.45 8.99065
      vertex -2.83207 -16.45 8.99065
    endloop
  endfacet
  facet normal 0 -1 0
    outer loop
      vertex -2.84894 -16.45 8.66881
      vertex 2.84894 -16.45 8.66881
      vertex 2.83207 -16.45 8.99065
    endloop
  endfacet
  facet normal 0 -1 0
    outer loop
      vertex -2.89935 -16.45 8.3505
      vertex 2.84894 -16.45 8.66881
      vertex -2.84894 -16.45 8.66881
    endloop
  endfacet
  facet normal 0 -1 0
    outer loop
      vertex -2.89935 -16.45 8.3505
      vertex 2.89935 -16.45 8.3505
      vertex 2.84894 -16.45 8.66881
    endloop
  endfacet
  facet normal 0 -1 0
    outer loop
      vertex -2.90082 -16.45 8.34125
      vertex 2.89935 -16.45 8.3505
      vertex -2.89935 -16.45 8.3505
    endloop
  endfacet
  facet normal 0 -1 0
    outer loop
      vertex -2.90082 -16.45 8.34125
      vertex 2.90082 -16.45 8.34125
      vertex 2.89935 -16.45 8.3505
    endloop
  endfacet
  facet normal 0 -1 0
    outer loop
      vertex -2.98423 -16.45 8.02995
      vertex 2.90082 -16.45 8.34125
      vertex -2.90082 -16.45 8.34125
    endloop
  endfacet
  facet normal 0 -1 0
    outer loop
      vertex -2.98423 -16.45 8.02995
      vertex 2.98423 -16.45 8.02995
      vertex 2.90082 -16.45 8.34125
    endloop
  endfacet
  facet normal 0 -1 0
    outer loop
      vertex -2.98665 -16.45 8.0209
      vertex 2.98423 -16.45 8.02995
      vertex -2.98423 -16.45 8.02995
    endloop
  endfacet
  facet normal 0 -1 0
    outer loop
      vertex -2.98665 -16.45 8.0209
      vertex 2.98665 -16.45 8.0209
      vertex 2.98423 -16.45 8.02995
    endloop
  endfacet
  facet normal 0 -1 0
    outer loop
      vertex -2.99001 -16.45 8.01216
      vertex 2.98665 -16.45 8.0209
      vertex -2.98665 -16.45 8.0209
    endloop
  endfacet
  facet normal 0 -1 0
    outer loop
      vertex -2.99001 -16.45 8.01216
      vertex 2.99001 -16.45 8.01216
      vertex 2.98665 -16.45 8.0209
    endloop
  endfacet
  facet normal 0 -1 0
    outer loop
      vertex -3.1055 -16.45 7.71129
      vertex 2.99001 -16.45 8.01216
      vertex -2.99001 -16.45 8.01216
    endloop
  endfacet
  facet normal 0 -1 0
    outer loop
      vertex -3.1055 -16.45 7.71129
      vertex 3.1055 -16.45 7.71129
      vertex 2.99001 -16.45 8.01216
    endloop
  endfacet
  facet normal 0 -1 0
    outer loop
      vertex -3.25182 -16.45 7.42413
      vertex 3.1055 -16.45 7.71129
      vertex -3.1055 -16.45 7.71129
    endloop
  endfacet
  facet normal 0 -1 0
    outer loop
      vertex -3.25182 -16.45 7.42413
      vertex 3.25182 -16.45 7.42413
      vertex 3.1055 -16.45 7.71129
    endloop
  endfacet
  facet normal 0 -1 0
    outer loop
      vertex -3.25607 -16.45 7.41579
      vertex 3.25182 -16.45 7.42413
      vertex -3.25182 -16.45 7.42413
    endloop
  endfacet
  facet normal 0 -1 0
    outer loop
      vertex -3.25607 -16.45 7.41579
      vertex 3.25607 -16.45 7.41579
      vertex 3.25182 -16.45 7.42413
    endloop
  endfacet
  facet normal 0 -1 0
    outer loop
      vertex -3.26117 -16.45 7.40794
      vertex 3.25607 -16.45 7.41579
      vertex -3.25607 -16.45 7.41579
    endloop
  endfacet
  facet normal 0 -1 0
    outer loop
      vertex -3.26117 -16.45 7.40794
      vertex 3.26117 -16.45 7.40794
      vertex 3.25607 -16.45 7.41579
    endloop
  endfacet
  facet normal 0 -1 0
    outer loop
      vertex -3.43669 -16.45 7.13765
      vertex 3.26117 -16.45 7.40794
      vertex -3.26117 -16.45 7.40794
    endloop
  endfacet
  facet normal 0 -1 0
    outer loop
      vertex -3.43669 -16.45 7.13765
      vertex 3.43669 -16.45 7.13765
      vertex 3.26117 -16.45 7.40794
    endloop
  endfacet
  facet normal 0 -1 0
    outer loop
      vertex -3.44259 -16.45 7.13037
      vertex 3.43669 -16.45 7.13765
      vertex -3.43669 -16.45 7.13765
    endloop
  endfacet
  facet normal 0 -1 0
    outer loop
      vertex -3.44259 -16.45 7.13037
      vertex 3.44259 -16.45 7.13037
      vertex 3.43669 -16.45 7.13765
    endloop
  endfacet
  facet normal 0 -1 0
    outer loop
      vertex -3.6454 -16.45 6.87991
      vertex 3.44259 -16.45 7.13037
      vertex -3.44259 -16.45 7.13037
    endloop
  endfacet
  facet normal 0 -1 0
    outer loop
      vertex -3.6454 -16.45 6.87991
      vertex 3.6454 -16.45 6.87991
      vertex 3.44259 -16.45 7.13037
    endloop
  endfacet
  facet normal 0 -1 0
    outer loop
      vertex -3.87991 -16.45 6.6454
      vertex 3.6454 -16.45 6.87991
      vertex -3.6454 -16.45 6.87991
    endloop
  endfacet
  facet normal 0 -1 0
    outer loop
      vertex -3.87991 -16.45 6.6454
      vertex 3.87991 -16.45 6.6454
      vertex 3.6454 -16.45 6.87991
    endloop
  endfacet
  facet normal 0 -1 0
    outer loop
      vertex -4.13037 -16.45 6.44259
      vertex 3.87991 -16.45 6.6454
      vertex -3.87991 -16.45 6.6454
    endloop
  endfacet
  facet normal 0 -1 0
    outer loop
      vertex -4.13037 -16.45 6.44259
      vertex 4.13037 -16.45 6.44259
      vertex 3.87991 -16.45 6.6454
    endloop
  endfacet
  facet normal 0 -1 0
    outer loop
      vertex -4.13765 -16.45 6.43669
      vertex 4.13037 -16.45 6.44259
      vertex -4.13037 -16.45 6.44259
    endloop
  endfacet
  facet normal 0 -1 0
    outer loop
      vertex -4.13765 -16.45 6.43669
      vertex 4.13765 -16.45 6.43669
      vertex 4.13037 -16.45 6.44259
    endloop
  endfacet
  facet normal 0 -1 0
    outer loop
      vertex -4.40794 -16.45 6.26117
      vertex 4.13765 -16.45 6.43669
      vertex -4.13765 -16.45 6.43669
    endloop
  endfacet
  facet normal 0 -1 0
    outer loop
      vertex -4.40794 -16.45 6.26117
      vertex 4.40794 -16.45 6.26117
      vertex 4.13765 -16.45 6.43669
    endloop
  endfacet
  facet normal 0 -1 0
    outer loop
      vertex -4.41579 -16.45 6.25607
      vertex 4.40794 -16.45 6.26117
      vertex -4.40794 -16.45 6.26117
    endloop
  endfacet
  facet normal 0 -1 0
    outer loop
      vertex -4.41579 -16.45 6.25607
      vertex 4.41579 -16.45 6.25607
      vertex 4.40794 -16.45 6.26117
    endloop
  endfacet
  facet normal 0 -1 0
    outer loop
      vertex -4.42413 -16.45 6.25182
      vertex 4.41579 -16.45 6.25607
      vertex -4.41579 -16.45 6.25607
    endloop
  endfacet
  facet normal 0 -1 0
    outer loop
      vertex -4.42413 -16.45 6.25182
      vertex 4.42413 -16.45 6.25182
      vertex 4.41579 -16.45 6.25607
    endloop
  endfacet
  facet normal 0 -1 0
    outer loop
      vertex -4.71129 -16.45 6.1055
      vertex 4.42413 -16.45 6.25182
      vertex -4.42413 -16.45 6.25182
    endloop
  endfacet
  facet normal 0 -1 0
    outer loop
      vertex -4.71129 -16.45 6.1055
      vertex 4.71129 -16.45 6.1055
      vertex 4.42413 -16.45 6.25182
    endloop
  endfacet
  facet normal 0 -1 0
    outer loop
      vertex -5.01216 -16.45 5.99001
      vertex 4.71129 -16.45 6.1055
      vertex -4.71129 -16.45 6.1055
    endloop
  endfacet
  facet normal 0 -1 0
    outer loop
      vertex -5.01216 -16.45 5.99001
      vertex 5.01216 -16.45 5.99001
      vertex 4.71129 -16.45 6.1055
    endloop
  endfacet
  facet normal 0 -1 0
    outer loop
      vertex -5.0209 -16.45 5.98665
      vertex 5.01216 -16.45 5.99001
      vertex -5.01216 -16.45 5.99001
    endloop
  endfacet
  facet normal 0 -1 0
    outer loop
      vertex -5.0209 -16.45 5.98665
      vertex 5.0209 -16.45 5.98665
      vertex 5.01216 -16.45 5.99001
    endloop
  endfacet
  facet normal 0 -1 0
    outer loop
      vertex -14 -16.45 0
      vertex -5.0209 -16.45 5.98665
      vertex -5.02995 -16.45 5.98423
    endloop
  endfacet
  facet normal 0 -1 -0
    outer loop
      vertex -5.0209 -16.45 5.98665
      vertex -14 -16.45 0
      vertex 5.0209 -16.45 5.98665
    endloop
  endfacet
  facet normal 0 -1 0
    outer loop
      vertex -14 -16.45 0
      vertex -5.02995 -16.45 5.98423
      vertex -5.34125 -16.45 5.90082
    endloop
  endfacet
  facet normal 0 -1 0
    outer loop
      vertex 14 -16.45 0
      vertex 5.0209 -16.45 5.98665
      vertex -14 -16.45 0
    endloop
  endfacet
  facet normal 0 -1 0
    outer loop
      vertex -14 -16.45 0
      vertex -5.34125 -16.45 5.90082
      vertex -5.3505 -16.45 5.89935
    endloop
  endfacet
  facet normal 0 -1 0
    outer loop
      vertex 5.0209 -16.45 5.98665
      vertex 14 -16.45 0
      vertex 5.02995 -16.45 5.98423
    endloop
  endfacet
  facet normal 0 -1 0
    outer loop
      vertex -14 -16.45 0
      vertex -5.3505 -16.45 5.89935
      vertex -5.66881 -16.45 5.84894
    endloop
  endfacet
  facet normal 0 -1 0
    outer loop
      vertex 5.02995 -16.45 5.98423
      vertex 14 -16.45 0
      vertex 5.34125 -16.45 5.90082
    endloop
  endfacet
  facet normal 0 -1 0
    outer loop
      vertex -14 -16.45 0
      vertex -5.66881 -16.45 5.84894
      vertex -5.99065 -16.45 5.83207
    endloop
  endfacet
  facet normal 0 -1 0
    outer loop
      vertex 5.34125 -16.45 5.90082
      vertex 14 -16.45 0
      vertex 5.3505 -16.45 5.89935
    endloop
  endfacet
  facet normal 0 -1 0
    outer loop
      vertex -14 -16.45 0
      vertex -5.99065 -16.45 5.83207
      vertex -6 -16.45 5.83158
    endloop
  endfacet
  facet normal 0 -1 0
    outer loop
      vertex 5.3505 -16.45 5.89935
      vertex 14 -16.45 0
      vertex 5.66881 -16.45 5.84894
    endloop
  endfacet
  facet normal 0 -1 0
    outer loop
      vertex -14 -16.45 17.5
      vertex -11.5 -16.45 20
      vertex -11.7613 -16.45 19.9863
    endloop
  endfacet
  facet normal 0 -1 0
    outer loop
      vertex -5.99065 -16.45 12.1679
      vertex -11.5 -16.45 20
      vertex -6 -16.45 12.1684
    endloop
  endfacet
  facet normal 0 -1 0
    outer loop
      vertex -14 -16.45 17.5
      vertex -11.7613 -16.45 19.9863
      vertex -12.0198 -16.45 19.9454
    endloop
  endfacet
  facet normal 0 -1 0
    outer loop
      vertex -5.66881 -16.45 12.1511
      vertex -11.5 -16.45 20
      vertex -5.99065 -16.45 12.1679
    endloop
  endfacet
  facet normal 0 -1 0
    outer loop
      vertex -14 -16.45 17.5
      vertex -12.0198 -16.45 19.9454
      vertex -12.2725 -16.45 19.8776
    endloop
  endfacet
  facet normal 0 -1 0
    outer loop
      vertex 6.00935 -16.45 12.1679
      vertex 11.5 -16.45 20
      vertex 6 -16.45 12.1684
    endloop
  endfacet
  facet normal 0 -1 0
    outer loop
      vertex -14 -16.45 17.5
      vertex -12.2725 -16.45 19.8776
      vertex -12.5168 -16.45 19.7839
    endloop
  endfacet
  facet normal 0 -1 0
    outer loop
      vertex 6.33119 -16.45 12.1511
      vertex 11.5 -16.45 20
      vertex 6.00935 -16.45 12.1679
    endloop
  endfacet
  facet normal 0 -1 0
    outer loop
      vertex -14 -16.45 17.5
      vertex -12.5168 -16.45 19.7839
      vertex -12.75 -16.45 19.6651
    endloop
  endfacet
  facet normal 0 -1 0
    outer loop
      vertex 6.6495 -16.45 12.1006
      vertex 11.5 -16.45 20
      vertex 6.33119 -16.45 12.1511
    endloop
  endfacet
  facet normal 0 -1 0
    outer loop
      vertex -14 -16.45 17.5
      vertex -12.75 -16.45 19.6651
      vertex -12.9695 -16.45 19.5225
    endloop
  endfacet
  facet normal 0 -1 0
    outer loop
      vertex 6.65875 -16.45 12.0992
      vertex 11.5 -16.45 20
      vertex 6.6495 -16.45 12.1006
    endloop
  endfacet
  facet normal 0 -1 0
    outer loop
      vertex -14 -16.45 17.5
      vertex -12.9695 -16.45 19.5225
      vertex -13.1728 -16.45 19.3579
    endloop
  endfacet
  facet normal 0 -1 0
    outer loop
      vertex 6.97005 -16.45 12.0158
      vertex 11.5 -16.45 20
      vertex 6.65875 -16.45 12.0992
    endloop
  endfacet
  facet normal 0 -1 0
    outer loop
      vertex -14 -16.45 17.5
      vertex -13.1728 -16.45 19.3579
      vertex -13.3579 -16.45 19.1728
    endloop
  endfacet
  facet normal 0 -1 0
    outer loop
      vertex 6.9791 -16.45 12.0133
      vertex 11.5 -16.45 20
      vertex 6.97005 -16.45 12.0158
    endloop
  endfacet
  facet normal 0 -1 0
    outer loop
      vertex -14 -16.45 17.5
      vertex -13.3579 -16.45 19.1728
      vertex -13.5225 -16.45 18.9695
    endloop
  endfacet
  facet normal 0 -1 0
    outer loop
      vertex 6.98784 -16.45 12.01
      vertex 11.5 -16.45 20
      vertex 6.9791 -16.45 12.0133
    endloop
  endfacet
  facet normal 0 -1 0
    outer loop
      vertex -14 -16.45 17.5
      vertex -13.5225 -16.45 18.9695
      vertex -13.6651 -16.45 18.75
    endloop
  endfacet
  facet normal 0 -1 0
    outer loop
      vertex 7.28871 -16.45 11.8945
      vertex 11.5 -16.45 20
      vertex 6.98784 -16.45 12.01
    endloop
  endfacet
  facet normal 0 -1 0
    outer loop
      vertex -14 -16.45 17.5
      vertex -13.6651 -16.45 18.75
      vertex -13.7839 -16.45 18.5168
    endloop
  endfacet
  facet normal 0 -1 0
    outer loop
      vertex 7.57587 -16.45 11.7482
      vertex 11.5 -16.45 20
      vertex 7.28871 -16.45 11.8945
    endloop
  endfacet
  facet normal 0 -1 0
    outer loop
      vertex -14 -16.45 17.5
      vertex -13.7839 -16.45 18.5168
      vertex -13.8776 -16.45 18.2725
    endloop
  endfacet
  facet normal 0 -1 0
    outer loop
      vertex 7.58421 -16.45 11.7439
      vertex 11.5 -16.45 20
      vertex 7.57587 -16.45 11.7482
    endloop
  endfacet
  facet normal 0 -1 0
    outer loop
      vertex -14 -16.45 17.5
      vertex -13.8776 -16.45 18.2725
      vertex -13.9454 -16.45 18.0198
    endloop
  endfacet
  facet normal 0 -1 0
    outer loop
      vertex 11.5 -16.45 20
      vertex 14 -16.45 17.5
      vertex 11.7613 -16.45 19.9863
    endloop
  endfacet
  facet normal 0 -1 0
    outer loop
      vertex -14 -16.45 17.5
      vertex -13.9454 -16.45 18.0198
      vertex -13.9863 -16.45 17.7613
    endloop
  endfacet
  facet normal 0 -1 0
    outer loop
      vertex 12.0198 -16.45 19.9454
      vertex 14 -16.45 17.5
      vertex 12.2725 -16.45 19.8776
    endloop
  endfacet
  facet normal 0 -1 0
    outer loop
      vertex -7.58421 -16.45 11.7439
      vertex -11.5 -16.45 20
      vertex -14 -16.45 17.5
    endloop
  endfacet
  facet normal 0 -1 0
    outer loop
      vertex 12.2725 -16.45 19.8776
      vertex 14 -16.45 17.5
      vertex 12.5168 -16.45 19.7839
    endloop
  endfacet
  facet normal 0 -1 0
    outer loop
      vertex 12.5168 -16.45 19.7839
      vertex 14 -16.45 17.5
      vertex 12.75 -16.45 19.6651
    endloop
  endfacet
  facet normal 0 -1 0
    outer loop
      vertex -11.5 -16.45 20
      vertex -6.00935 -16.45 12.1679
      vertex -6 -16.45 12.1684
    endloop
  endfacet
  facet normal 0 -1 0
    outer loop
      vertex -11.5 -16.45 20
      vertex -6.33119 -16.45 12.1511
      vertex -6.00935 -16.45 12.1679
    endloop
  endfacet
  facet normal 0 -1 0
    outer loop
      vertex -11.5 -16.45 20
      vertex -6.6495 -16.45 12.1006
      vertex -6.33119 -16.45 12.1511
    endloop
  endfacet
  facet normal 0 -1 0
    outer loop
      vertex -11.5 -16.45 20
      vertex -6.65875 -16.45 12.0992
      vertex -6.6495 -16.45 12.1006
    endloop
  endfacet
  facet normal 0 -1 0
    outer loop
      vertex -11.5 -16.45 20
      vertex -6.97005 -16.45 12.0158
      vertex -6.65875 -16.45 12.0992
    endloop
  endfacet
  facet normal 0 -1 0
    outer loop
      vertex -11.5 -16.45 20
      vertex -6.9791 -16.45 12.0133
      vertex -6.97005 -16.45 12.0158
    endloop
  endfacet
  facet normal 0 -1 0
    outer loop
      vertex -11.5 -16.45 20
      vertex -6.98784 -16.45 12.01
      vertex -6.9791 -16.45 12.0133
    endloop
  endfacet
  facet normal 0 -1 0
    outer loop
      vertex -11.5 -16.45 20
      vertex -7.28871 -16.45 11.8945
      vertex -6.98784 -16.45 12.01
    endloop
  endfacet
  facet normal 0 -1 0
    outer loop
      vertex -11.5 -16.45 20
      vertex -7.57587 -16.45 11.7482
      vertex -7.28871 -16.45 11.8945
    endloop
  endfacet
  facet normal 0 -1 0
    outer loop
      vertex -11.5 -16.45 20
      vertex -7.58421 -16.45 11.7439
      vertex -7.57587 -16.45 11.7482
    endloop
  endfacet
  facet normal 0 -1 0
    outer loop
      vertex -14 -16.45 17.5
      vertex -7.59206 -16.45 11.7388
      vertex -7.58421 -16.45 11.7439
    endloop
  endfacet
  facet normal 0 -1 0
    outer loop
      vertex -14 -16.45 17.5
      vertex -7.86235 -16.45 11.5633
      vertex -7.59206 -16.45 11.7388
    endloop
  endfacet
  facet normal 0 -1 0
    outer loop
      vertex -14 -16.45 17.5
      vertex -7.86963 -16.45 11.5574
      vertex -7.86235 -16.45 11.5633
    endloop
  endfacet
  facet normal 0 -1 0
    outer loop
      vertex -14 -16.45 17.5
      vertex -8.12009 -16.45 11.3546
      vertex -7.86963 -16.45 11.5574
    endloop
  endfacet
  facet normal 0 -1 0
    outer loop
      vertex -14 -16.45 17.5
      vertex -8.3546 -16.45 11.1201
      vertex -8.12009 -16.45 11.3546
    endloop
  endfacet
  facet normal 0 -1 0
    outer loop
      vertex -14 -16.45 17.5
      vertex -8.55741 -16.45 10.8696
      vertex -8.3546 -16.45 11.1201
    endloop
  endfacet
  facet normal 0 -1 0
    outer loop
      vertex -14 -16.45 17.5
      vertex -8.56331 -16.45 10.8624
      vertex -8.55741 -16.45 10.8696
    endloop
  endfacet
  facet normal 0 -1 0
    outer loop
      vertex -14 -16.45 17.5
      vertex -8.73883 -16.45 10.5921
      vertex -8.56331 -16.45 10.8624
    endloop
  endfacet
  facet normal 0 -1 0
    outer loop
      vertex -14 -16.45 17.5
      vertex -8.74393 -16.45 10.5842
      vertex -8.73883 -16.45 10.5921
    endloop
  endfacet
  facet normal 0 -1 0
    outer loop
      vertex -14 -16.45 17.5
      vertex -8.74818 -16.45 10.5759
      vertex -8.74393 -16.45 10.5842
    endloop
  endfacet
  facet normal 0 -1 0
    outer loop
      vertex -14 -16.45 17.5
      vertex -8.8945 -16.45 10.2887
      vertex -8.74818 -16.45 10.5759
    endloop
  endfacet
  facet normal 0 -1 0
    outer loop
      vertex -14 -16.45 17.5
      vertex -9.00999 -16.45 9.98784
      vertex -8.8945 -16.45 10.2887
    endloop
  endfacet
  facet normal 0 -1 0
    outer loop
      vertex -14 -16.45 17.5
      vertex -9.01335 -16.45 9.9791
      vertex -9.00999 -16.45 9.98784
    endloop
  endfacet
  facet normal 0 -1 0
    outer loop
      vertex -14 -16.45 17.5
      vertex -9.01577 -16.45 9.97005
      vertex -9.01335 -16.45 9.9791
    endloop
  endfacet
  facet normal 0 -1 0
    outer loop
      vertex -14 -16.45 17.5
      vertex -9.09918 -16.45 9.65875
      vertex -9.01577 -16.45 9.97005
    endloop
  endfacet
  facet normal 0 -1 0
    outer loop
      vertex -14 -16.45 17.5
      vertex -9.10065 -16.45 9.6495
      vertex -9.09918 -16.45 9.65875
    endloop
  endfacet
  facet normal 0 -1 0
    outer loop
      vertex -14 -16.45 17.5
      vertex -9.15106 -16.45 9.33119
      vertex -9.10065 -16.45 9.6495
    endloop
  endfacet
  facet normal 0 -1 0
    outer loop
      vertex -14 -16.45 17.5
      vertex -9.16793 -16.45 9.00935
      vertex -9.15106 -16.45 9.33119
    endloop
  endfacet
  facet normal 0 -1 0
    outer loop
      vertex -14 -16.45 17.5
      vertex -9.16842 -16.45 9
      vertex -9.16793 -16.45 9.00935
    endloop
  endfacet
  facet normal 0 -1 0
    outer loop
      vertex -14 -16.45 0
      vertex -9.16842 -16.45 9
      vertex -14 -16.45 17.5
    endloop
  endfacet
  facet normal 0 -1 -0
    outer loop
      vertex -9.16842 -16.45 9
      vertex -14 -16.45 0
      vertex -9.16793 -16.45 8.99065
    endloop
  endfacet
  facet normal 0 -1 -0
    outer loop
      vertex -9.16793 -16.45 8.99065
      vertex -14 -16.45 0
      vertex -9.15106 -16.45 8.66881
    endloop
  endfacet
  facet normal 0 -1 -0
    outer loop
      vertex -9.15106 -16.45 8.66881
      vertex -14 -16.45 0
      vertex -9.10065 -16.45 8.3505
    endloop
  endfacet
  facet normal 0 -1 -0
    outer loop
      vertex -9.10065 -16.45 8.3505
      vertex -14 -16.45 0
      vertex -9.09918 -16.45 8.34125
    endloop
  endfacet
  facet normal 0 -1 -0
    outer loop
      vertex -9.09918 -16.45 8.34125
      vertex -14 -16.45 0
      vertex -9.01577 -16.45 8.02995
    endloop
  endfacet
  facet normal 0 -1 -0
    outer loop
      vertex -9.01577 -16.45 8.02995
      vertex -14 -16.45 0
      vertex -9.01335 -16.45 8.0209
    endloop
  endfacet
  facet normal 0 -1 -0
    outer loop
      vertex -9.01335 -16.45 8.0209
      vertex -14 -16.45 0
      vertex -9.00999 -16.45 8.01216
    endloop
  endfacet
  facet normal 0 -1 -0
    outer loop
      vertex -9.00999 -16.45 8.01216
      vertex -14 -16.45 0
      vertex -8.8945 -16.45 7.71129
    endloop
  endfacet
  facet normal 0 -1 -0
    outer loop
      vertex -8.8945 -16.45 7.71129
      vertex -14 -16.45 0
      vertex -8.74818 -16.45 7.42413
    endloop
  endfacet
  facet normal 0 -1 0
    outer loop
      vertex -14 -16.45 0
      vertex -8.73883 -16.45 7.40794
      vertex -8.74393 -16.45 7.41579
    endloop
  endfacet
  facet normal 0 -1 0
    outer loop
      vertex -14 -16.45 0
      vertex -8.55741 -16.45 7.13037
      vertex -8.56331 -16.45 7.13765
    endloop
  endfacet
  facet normal 0 -1 0
    outer loop
      vertex -14 -16.45 0
      vertex -7.86963 -16.45 6.44259
      vertex -8.12009 -16.45 6.6454
    endloop
  endfacet
  facet normal 0 -1 0
    outer loop
      vertex -14 -16.45 0
      vertex -6.98784 -16.45 5.99001
      vertex -7.28871 -16.45 6.1055
    endloop
  endfacet
  facet normal 0 -1 0
    outer loop
      vertex -14 -16.45 0
      vertex -6.97005 -16.45 5.98423
      vertex -6.9791 -16.45 5.98665
    endloop
  endfacet
  facet normal 0 -1 0
    outer loop
      vertex 5.66881 -16.45 5.84894
      vertex 14 -16.45 0
      vertex 5.99065 -16.45 5.83207
    endloop
  endfacet
  facet normal 0 -1 -0
    outer loop
      vertex -6.00935 -16.45 5.83207
      vertex -14 -16.45 0
      vertex -6 -16.45 5.83158
    endloop
  endfacet
  facet normal 0 -1 -0
    outer loop
      vertex -6.33119 -16.45 5.84894
      vertex -14 -16.45 0
      vertex -6.00935 -16.45 5.83207
    endloop
  endfacet
  facet normal 0 -1 -0
    outer loop
      vertex -6.6495 -16.45 5.89935
      vertex -14 -16.45 0
      vertex -6.33119 -16.45 5.84894
    endloop
  endfacet
  facet normal 0 -1 -0
    outer loop
      vertex -6.65875 -16.45 5.90082
      vertex -14 -16.45 0
      vertex -6.6495 -16.45 5.89935
    endloop
  endfacet
  facet normal 0 -1 -0
    outer loop
      vertex -6.97005 -16.45 5.98423
      vertex -14 -16.45 0
      vertex -6.65875 -16.45 5.90082
    endloop
  endfacet
  facet normal 0 -1 -0
    outer loop
      vertex -6.98784 -16.45 5.99001
      vertex -14 -16.45 0
      vertex -6.9791 -16.45 5.98665
    endloop
  endfacet
  facet normal 0 -1 -0
    outer loop
      vertex -7.57587 -16.45 6.25182
      vertex -14 -16.45 0
      vertex -7.28871 -16.45 6.1055
    endloop
  endfacet
  facet normal 0 -1 -0
    outer loop
      vertex -7.58421 -16.45 6.25607
      vertex -14 -16.45 0
      vertex -7.57587 -16.45 6.25182
    endloop
  endfacet
  facet normal 0 -1 -0
    outer loop
      vertex -7.59206 -16.45 6.26117
      vertex -14 -16.45 0
      vertex -7.58421 -16.45 6.25607
    endloop
  endfacet
  facet normal 0 -1 -0
    outer loop
      vertex -7.86235 -16.45 6.43669
      vertex -14 -16.45 0
      vertex -7.59206 -16.45 6.26117
    endloop
  endfacet
  facet normal 0 -1 -0
    outer loop
      vertex -7.86963 -16.45 6.44259
      vertex -14 -16.45 0
      vertex -7.86235 -16.45 6.43669
    endloop
  endfacet
  facet normal 0 -1 -0
    outer loop
      vertex -8.3546 -16.45 6.87991
      vertex -14 -16.45 0
      vertex -8.12009 -16.45 6.6454
    endloop
  endfacet
  facet normal 0 -1 -0
    outer loop
      vertex -8.55741 -16.45 7.13037
      vertex -14 -16.45 0
      vertex -8.3546 -16.45 6.87991
    endloop
  endfacet
  facet normal 0 -1 -0
    outer loop
      vertex -8.73883 -16.45 7.40794
      vertex -14 -16.45 0
      vertex -8.56331 -16.45 7.13765
    endloop
  endfacet
  facet normal 0 -1 -0
    outer loop
      vertex -8.74818 -16.45 7.42413
      vertex -14 -16.45 0
      vertex -8.74393 -16.45 7.41579
    endloop
  endfacet
  facet normal 0 -1 0
    outer loop
      vertex 12.75 -16.45 19.6651
      vertex 14 -16.45 17.5
      vertex 12.9695 -16.45 19.5225
    endloop
  endfacet
  facet normal 0 -1 0
    outer loop
      vertex 12.9695 -16.45 19.5225
      vertex 14 -16.45 17.5
      vertex 13.1728 -16.45 19.3579
    endloop
  endfacet
  facet normal 0 -1 0
    outer loop
      vertex 13.3579 -16.45 19.1728
      vertex 14 -16.45 17.5
      vertex 13.5225 -16.45 18.9695
    endloop
  endfacet
  facet normal 0 -1 0
    outer loop
      vertex 13.6651 -16.45 18.75
      vertex 14 -16.45 17.5
      vertex 13.7839 -16.45 18.5168
    endloop
  endfacet
  facet normal 0 -1 0
    outer loop
      vertex 13.7839 -16.45 18.5168
      vertex 14 -16.45 17.5
      vertex 13.8776 -16.45 18.2725
    endloop
  endfacet
  facet normal 0 -1 0
    outer loop
      vertex 13.8776 -16.45 18.2725
      vertex 14 -16.45 17.5
      vertex 13.9454 -16.45 18.0198
    endloop
  endfacet
  facet normal 0 -1 0
    outer loop
      vertex 13.9454 -16.45 18.0198
      vertex 14 -16.45 17.5
      vertex 13.9863 -16.45 17.7613
    endloop
  endfacet
  facet normal 0 -1 0
    outer loop
      vertex 13.5225 -16.45 18.9695
      vertex 14 -16.45 17.5
      vertex 13.6651 -16.45 18.75
    endloop
  endfacet
  facet normal 0 -1 0
    outer loop
      vertex 13.1728 -16.45 19.3579
      vertex 14 -16.45 17.5
      vertex 13.3579 -16.45 19.1728
    endloop
  endfacet
  facet normal 0 -1 0
    outer loop
      vertex 11.7613 -16.45 19.9863
      vertex 14 -16.45 17.5
      vertex 12.0198 -16.45 19.9454
    endloop
  endfacet
  facet normal 0 -1 -0
    outer loop
      vertex 11.5 -16.45 20
      vertex 7.58421 -16.45 11.7439
      vertex 14 -16.45 17.5
    endloop
  endfacet
  facet normal 0 -1 0
    outer loop
      vertex 7.59206 -16.45 11.7388
      vertex 14 -16.45 17.5
      vertex 7.58421 -16.45 11.7439
    endloop
  endfacet
  facet normal 0 -1 0
    outer loop
      vertex 7.86235 -16.45 11.5633
      vertex 14 -16.45 17.5
      vertex 7.59206 -16.45 11.7388
    endloop
  endfacet
  facet normal 0 -1 0
    outer loop
      vertex 7.86963 -16.45 11.5574
      vertex 14 -16.45 17.5
      vertex 7.86235 -16.45 11.5633
    endloop
  endfacet
  facet normal 0 -1 0
    outer loop
      vertex 8.12009 -16.45 11.3546
      vertex 14 -16.45 17.5
      vertex 7.86963 -16.45 11.5574
    endloop
  endfacet
  facet normal 0 -1 0
    outer loop
      vertex 8.3546 -16.45 11.1201
      vertex 14 -16.45 17.5
      vertex 8.12009 -16.45 11.3546
    endloop
  endfacet
  facet normal 0 -1 0
    outer loop
      vertex 8.55741 -16.45 10.8696
      vertex 14 -16.45 17.5
      vertex 8.3546 -16.45 11.1201
    endloop
  endfacet
  facet normal 0 -1 0
    outer loop
      vertex 8.56331 -16.45 10.8624
      vertex 14 -16.45 17.5
      vertex 8.55741 -16.45 10.8696
    endloop
  endfacet
  facet normal 0 -1 0
    outer loop
      vertex 8.73883 -16.45 10.5921
      vertex 14 -16.45 17.5
      vertex 8.56331 -16.45 10.8624
    endloop
  endfacet
  facet normal 0 -1 0
    outer loop
      vertex 8.74393 -16.45 10.5842
      vertex 14 -16.45 17.5
      vertex 8.73883 -16.45 10.5921
    endloop
  endfacet
  facet normal 0 -1 0
    outer loop
      vertex 8.74818 -16.45 10.5759
      vertex 14 -16.45 17.5
      vertex 8.74393 -16.45 10.5842
    endloop
  endfacet
  facet normal 0 -1 0
    outer loop
      vertex 8.8945 -16.45 10.2887
      vertex 14 -16.45 17.5
      vertex 8.74818 -16.45 10.5759
    endloop
  endfacet
  facet normal 0 -1 0
    outer loop
      vertex 9.00999 -16.45 9.98784
      vertex 14 -16.45 17.5
      vertex 8.8945 -16.45 10.2887
    endloop
  endfacet
  facet normal 0 -1 0
    outer loop
      vertex 9.01335 -16.45 9.9791
      vertex 14 -16.45 17.5
      vertex 9.00999 -16.45 9.98784
    endloop
  endfacet
  facet normal 0 -1 0
    outer loop
      vertex 9.01577 -16.45 9.97005
      vertex 14 -16.45 17.5
      vertex 9.01335 -16.45 9.9791
    endloop
  endfacet
  facet normal 0 -1 0
    outer loop
      vertex 9.09918 -16.45 9.65875
      vertex 14 -16.45 17.5
      vertex 9.01577 -16.45 9.97005
    endloop
  endfacet
  facet normal 0 -1 0
    outer loop
      vertex 9.10065 -16.45 9.6495
      vertex 14 -16.45 17.5
      vertex 9.09918 -16.45 9.65875
    endloop
  endfacet
  facet normal 0 -1 0
    outer loop
      vertex 9.15106 -16.45 9.33119
      vertex 14 -16.45 17.5
      vertex 9.10065 -16.45 9.6495
    endloop
  endfacet
  facet normal 0 -1 0
    outer loop
      vertex 9.16793 -16.45 9.00935
      vertex 14 -16.45 17.5
      vertex 9.15106 -16.45 9.33119
    endloop
  endfacet
  facet normal 0 -1 0
    outer loop
      vertex 9.16842 -16.45 9
      vertex 14 -16.45 17.5
      vertex 9.16793 -16.45 9.00935
    endloop
  endfacet
  facet normal 0 -1 0
    outer loop
      vertex 14 -16.45 0
      vertex 9.16842 -16.45 9
      vertex 9.16793 -16.45 8.99065
    endloop
  endfacet
  facet normal 0 -1 0
    outer loop
      vertex 14 -16.45 0
      vertex 9.16793 -16.45 8.99065
      vertex 9.15106 -16.45 8.66881
    endloop
  endfacet
  facet normal 0 -1 0
    outer loop
      vertex 14 -16.45 0
      vertex 9.15106 -16.45 8.66881
      vertex 9.10065 -16.45 8.3505
    endloop
  endfacet
  facet normal 0 -1 0
    outer loop
      vertex 14 -16.45 0
      vertex 9.10065 -16.45 8.3505
      vertex 9.09918 -16.45 8.34125
    endloop
  endfacet
  facet normal 0 -1 0
    outer loop
      vertex 14 -16.45 0
      vertex 9.09918 -16.45 8.34125
      vertex 9.01577 -16.45 8.02995
    endloop
  endfacet
  facet normal 0 -1 0
    outer loop
      vertex 14 -16.45 0
      vertex 9.01577 -16.45 8.02995
      vertex 9.01335 -16.45 8.0209
    endloop
  endfacet
  facet normal 0 -1 0
    outer loop
      vertex 14 -16.45 0
      vertex 9.01335 -16.45 8.0209
      vertex 9.00999 -16.45 8.01216
    endloop
  endfacet
  facet normal 0 -1 0
    outer loop
      vertex 14 -16.45 0
      vertex 9.00999 -16.45 8.01216
      vertex 8.8945 -16.45 7.71129
    endloop
  endfacet
  facet normal 0 -1 0
    outer loop
      vertex 14 -16.45 0
      vertex 8.8945 -16.45 7.71129
      vertex 8.74818 -16.45 7.42413
    endloop
  endfacet
  facet normal 0 -1 0
    outer loop
      vertex 14 -16.45 0
      vertex 8.74818 -16.45 7.42413
      vertex 8.74393 -16.45 7.41579
    endloop
  endfacet
  facet normal 0 -1 0
    outer loop
      vertex 14 -16.45 0
      vertex 8.73883 -16.45 7.40794
      vertex 8.56331 -16.45 7.13765
    endloop
  endfacet
  facet normal 0 -1 0
    outer loop
      vertex 14 -16.45 0
      vertex 8.55741 -16.45 7.13037
      vertex 8.3546 -16.45 6.87991
    endloop
  endfacet
  facet normal 0 -1 0
    outer loop
      vertex 14 -16.45 0
      vertex 7.86963 -16.45 6.44259
      vertex 7.86235 -16.45 6.43669
    endloop
  endfacet
  facet normal 0 -1 0
    outer loop
      vertex 14 -16.45 0
      vertex 6.98784 -16.45 5.99001
      vertex 6.9791 -16.45 5.98665
    endloop
  endfacet
  facet normal 0 -1 0
    outer loop
      vertex 14 -16.45 0
      vertex 6.97005 -16.45 5.98423
      vertex 6.65875 -16.45 5.90082
    endloop
  endfacet
  facet normal 0 -1 0
    outer loop
      vertex 5.99065 -16.45 5.83207
      vertex 14 -16.45 0
      vertex 6 -16.45 5.83158
    endloop
  endfacet
  facet normal 0 -1 0
    outer loop
      vertex 6 -16.45 5.83158
      vertex 14 -16.45 0
      vertex 6.00935 -16.45 5.83207
    endloop
  endfacet
  facet normal 0 -1 0
    outer loop
      vertex 6.00935 -16.45 5.83207
      vertex 14 -16.45 0
      vertex 6.33119 -16.45 5.84894
    endloop
  endfacet
  facet normal 0 -1 0
    outer loop
      vertex 6.33119 -16.45 5.84894
      vertex 14 -16.45 0
      vertex 6.6495 -16.45 5.89935
    endloop
  endfacet
  facet normal 0 -1 0
    outer loop
      vertex 6.6495 -16.45 5.89935
      vertex 14 -16.45 0
      vertex 6.65875 -16.45 5.90082
    endloop
  endfacet
  facet normal 0 -1 0
    outer loop
      vertex 9.16842 -16.45 9
      vertex 14 -16.45 0
      vertex 14 -16.45 17.5
    endloop
  endfacet
  facet normal 0 -1 0
    outer loop
      vertex 8.73883 -16.45 7.40794
      vertex 14 -16.45 0
      vertex 8.74393 -16.45 7.41579
    endloop
  endfacet
  facet normal 0 -1 0
    outer loop
      vertex 8.55741 -16.45 7.13037
      vertex 14 -16.45 0
      vertex 8.56331 -16.45 7.13765
    endloop
  endfacet
  facet normal 0 -1 0
    outer loop
      vertex 8.12009 -16.45 6.6454
      vertex 14 -16.45 0
      vertex 8.3546 -16.45 6.87991
    endloop
  endfacet
  facet normal 0 -1 0
    outer loop
      vertex 7.86963 -16.45 6.44259
      vertex 14 -16.45 0
      vertex 8.12009 -16.45 6.6454
    endloop
  endfacet
  facet normal 0 -1 0
    outer loop
      vertex 7.59206 -16.45 6.26117
      vertex 14 -16.45 0
      vertex 7.86235 -16.45 6.43669
    endloop
  endfacet
  facet normal 0 -1 0
    outer loop
      vertex 7.58421 -16.45 6.25607
      vertex 14 -16.45 0
      vertex 7.59206 -16.45 6.26117
    endloop
  endfacet
  facet normal 0 -1 0
    outer loop
      vertex 7.57587 -16.45 6.25182
      vertex 14 -16.45 0
      vertex 7.58421 -16.45 6.25607
    endloop
  endfacet
  facet normal 0 -1 0
    outer loop
      vertex 7.28871 -16.45 6.1055
      vertex 14 -16.45 0
      vertex 7.57587 -16.45 6.25182
    endloop
  endfacet
  facet normal 0 -1 0
    outer loop
      vertex 6.98784 -16.45 5.99001
      vertex 14 -16.45 0
      vertex 7.28871 -16.45 6.1055
    endloop
  endfacet
  facet normal 0 -1 0
    outer loop
      vertex 6.97005 -16.45 5.98423
      vertex 14 -16.45 0
      vertex 6.9791 -16.45 5.98665
    endloop
  endfacet
  facet normal 0 1 0
    outer loop
      vertex 5.47467 -13.45 10.6168
      vertex 11.5 -13.45 20
      vertex 5.64655 -13.45 10.6629
    endloop
  endfacet
  facet normal 0 1 0
    outer loop
      vertex -11.5 -13.45 20
      vertex -5.8223 -13.45 10.6907
      vertex -6 -13.45 10.7
    endloop
  endfacet
  facet normal 0 1 0
    outer loop
      vertex 5.30855 -13.45 10.553
      vertex 11.5 -13.45 20
      vertex 5.47467 -13.45 10.6168
    endloop
  endfacet
  facet normal 0 1 0
    outer loop
      vertex -11.5 -13.45 20
      vertex -5.64655 -13.45 10.6629
      vertex -5.8223 -13.45 10.6907
    endloop
  endfacet
  facet normal 0 1 0
    outer loop
      vertex 11.5 -13.45 20
      vertex 5.30855 -13.45 10.553
      vertex -11.5 -13.45 20
    endloop
  endfacet
  facet normal 0 1 0
    outer loop
      vertex -11.5 -13.45 20
      vertex -5.47467 -13.45 10.6168
      vertex -5.64655 -13.45 10.6629
    endloop
  endfacet
  facet normal 0 1 -0
    outer loop
      vertex -5.30855 -13.45 10.553
      vertex -11.5 -13.45 20
      vertex 5.30855 -13.45 10.553
    endloop
  endfacet
  facet normal 0 1 0
    outer loop
      vertex -11.5 -13.45 20
      vertex -5.30855 -13.45 10.553
      vertex -5.47467 -13.45 10.6168
    endloop
  endfacet
  facet normal 0 1 -0
    outer loop
      vertex 5.15 -13.45 10.4722
      vertex -5.30855 -13.45 10.553
      vertex 5.30855 -13.45 10.553
    endloop
  endfacet
  facet normal 0 1 0
    outer loop
      vertex 5.15 -13.45 10.4722
      vertex -5.15 -13.45 10.4722
      vertex -5.30855 -13.45 10.553
    endloop
  endfacet
  facet normal 0 1 -0
    outer loop
      vertex 5.00077 -13.45 10.3753
      vertex -5.15 -13.45 10.4722
      vertex 5.15 -13.45 10.4722
    endloop
  endfacet
  facet normal 0 1 0
    outer loop
      vertex 5.00077 -13.45 10.3753
      vertex -5.00077 -13.45 10.3753
      vertex -5.15 -13.45 10.4722
    endloop
  endfacet
  facet normal 0 1 -0
    outer loop
      vertex 4.86248 -13.45 10.2633
      vertex -5.00077 -13.45 10.3753
      vertex 5.00077 -13.45 10.3753
    endloop
  endfacet
  facet normal 0 1 0
    outer loop
      vertex 4.86248 -13.45 10.2633
      vertex -4.86248 -13.45 10.2633
      vertex -5.00077 -13.45 10.3753
    endloop
  endfacet
  facet normal 0 1 -0
    outer loop
      vertex 4.73665 -13.45 10.1375
      vertex -4.86248 -13.45 10.2633
      vertex 4.86248 -13.45 10.2633
    endloop
  endfacet
  facet normal 0 1 0
    outer loop
      vertex 4.73665 -13.45 10.1375
      vertex -4.73665 -13.45 10.1375
      vertex -4.86248 -13.45 10.2633
    endloop
  endfacet
  facet normal 0 1 -0
    outer loop
      vertex 4.62467 -13.45 9.99923
      vertex -4.73665 -13.45 10.1375
      vertex 4.73665 -13.45 10.1375
    endloop
  endfacet
  facet normal 0 1 0
    outer loop
      vertex 4.62467 -13.45 9.99923
      vertex -4.62467 -13.45 9.99923
      vertex -4.73665 -13.45 10.1375
    endloop
  endfacet
  facet normal 0 1 -0
    outer loop
      vertex 4.52776 -13.45 9.85
      vertex -4.62467 -13.45 9.99923
      vertex 4.62467 -13.45 9.99923
    endloop
  endfacet
  facet normal 0 1 0
    outer loop
      vertex 4.52776 -13.45 9.85
      vertex -4.52776 -13.45 9.85
      vertex -4.62467 -13.45 9.99923
    endloop
  endfacet
  facet normal 0 1 -0
    outer loop
      vertex 4.44697 -13.45 9.69145
      vertex -4.52776 -13.45 9.85
      vertex 4.52776 -13.45 9.85
    endloop
  endfacet
  facet normal 0 1 0
    outer loop
      vertex 4.44697 -13.45 9.69145
      vertex -4.44697 -13.45 9.69145
      vertex -4.52776 -13.45 9.85
    endloop
  endfacet
  facet normal 0 1 -0
    outer loop
      vertex 4.3832 -13.45 9.52533
      vertex -4.44697 -13.45 9.69145
      vertex 4.44697 -13.45 9.69145
    endloop
  endfacet
  facet normal 0 1 0
    outer loop
      vertex 4.3832 -13.45 9.52533
      vertex -4.3832 -13.45 9.52533
      vertex -4.44697 -13.45 9.69145
    endloop
  endfacet
  facet normal 0 1 -0
    outer loop
      vertex 4.33715 -13.45 9.35345
      vertex -4.3832 -13.45 9.52533
      vertex 4.3832 -13.45 9.52533
    endloop
  endfacet
  facet normal 0 1 0
    outer loop
      vertex 4.33715 -13.45 9.35345
      vertex -4.33715 -13.45 9.35345
      vertex -4.3832 -13.45 9.52533
    endloop
  endfacet
  facet normal 0 1 -0
    outer loop
      vertex 4.30931 -13.45 9.1777
      vertex -4.33715 -13.45 9.35345
      vertex 4.33715 -13.45 9.35345
    endloop
  endfacet
  facet normal 0 1 0
    outer loop
      vertex 4.30931 -13.45 9.1777
      vertex -4.30931 -13.45 9.1777
      vertex -4.33715 -13.45 9.35345
    endloop
  endfacet
  facet normal 0 1 -0
    outer loop
      vertex 4.3 -13.45 9
      vertex -4.30931 -13.45 9.1777
      vertex 4.30931 -13.45 9.1777
    endloop
  endfacet
  facet normal 0 1 0
    outer loop
      vertex 4.3 -13.45 9
      vertex -4.3 -13.45 9
      vertex -4.30931 -13.45 9.1777
    endloop
  endfacet
  facet normal 0 1 0
    outer loop
      vertex 4.30931 -13.45 8.8223
      vertex -4.3 -13.45 9
      vertex 4.3 -13.45 9
    endloop
  endfacet
  facet normal 0 1 0
    outer loop
      vertex 4.30931 -13.45 8.8223
      vertex -4.30931 -13.45 8.8223
      vertex -4.3 -13.45 9
    endloop
  endfacet
  facet normal 0 1 0
    outer loop
      vertex 4.33715 -13.45 8.64655
      vertex -4.30931 -13.45 8.8223
      vertex 4.30931 -13.45 8.8223
    endloop
  endfacet
  facet normal 0 1 0
    outer loop
      vertex 4.33715 -13.45 8.64655
      vertex -4.33715 -13.45 8.64655
      vertex -4.30931 -13.45 8.8223
    endloop
  endfacet
  facet normal 0 1 0
    outer loop
      vertex 4.3832 -13.45 8.47467
      vertex -4.33715 -13.45 8.64655
      vertex 4.33715 -13.45 8.64655
    endloop
  endfacet
  facet normal 0 1 0
    outer loop
      vertex 4.3832 -13.45 8.47467
      vertex -4.3832 -13.45 8.47467
      vertex -4.33715 -13.45 8.64655
    endloop
  endfacet
  facet normal 0 1 0
    outer loop
      vertex 4.44697 -13.45 8.30855
      vertex -4.3832 -13.45 8.47467
      vertex 4.3832 -13.45 8.47467
    endloop
  endfacet
  facet normal 0 1 0
    outer loop
      vertex 4.44697 -13.45 8.30855
      vertex -4.44697 -13.45 8.30855
      vertex -4.3832 -13.45 8.47467
    endloop
  endfacet
  facet normal 0 1 0
    outer loop
      vertex 4.52776 -13.45 8.15
      vertex -4.44697 -13.45 8.30855
      vertex 4.44697 -13.45 8.30855
    endloop
  endfacet
  facet normal 0 1 0
    outer loop
      vertex 4.52776 -13.45 8.15
      vertex -4.52776 -13.45 8.15
      vertex -4.44697 -13.45 8.30855
    endloop
  endfacet
  facet normal 0 1 0
    outer loop
      vertex 4.62467 -13.45 8.00077
      vertex -4.52776 -13.45 8.15
      vertex 4.52776 -13.45 8.15
    endloop
  endfacet
  facet normal 0 1 0
    outer loop
      vertex 4.62467 -13.45 8.00077
      vertex -4.62467 -13.45 8.00077
      vertex -4.52776 -13.45 8.15
    endloop
  endfacet
  facet normal 0 1 0
    outer loop
      vertex 4.73665 -13.45 7.86248
      vertex -4.62467 -13.45 8.00077
      vertex 4.62467 -13.45 8.00077
    endloop
  endfacet
  facet normal 0 1 0
    outer loop
      vertex 4.73665 -13.45 7.86248
      vertex -4.73665 -13.45 7.86248
      vertex -4.62467 -13.45 8.00077
    endloop
  endfacet
  facet normal 0 1 0
    outer loop
      vertex 4.86248 -13.45 7.73665
      vertex -4.73665 -13.45 7.86248
      vertex 4.73665 -13.45 7.86248
    endloop
  endfacet
  facet normal 0 1 0
    outer loop
      vertex 4.86248 -13.45 7.73665
      vertex -4.86248 -13.45 7.73665
      vertex -4.73665 -13.45 7.86248
    endloop
  endfacet
  facet normal 0 1 0
    outer loop
      vertex 5.00077 -13.45 7.62467
      vertex -4.86248 -13.45 7.73665
      vertex 4.86248 -13.45 7.73665
    endloop
  endfacet
  facet normal 0 1 0
    outer loop
      vertex 5.00077 -13.45 7.62467
      vertex -5.00077 -13.45 7.62467
      vertex -4.86248 -13.45 7.73665
    endloop
  endfacet
  facet normal 0 1 0
    outer loop
      vertex 5.15 -13.45 7.52776
      vertex -5.00077 -13.45 7.62467
      vertex 5.00077 -13.45 7.62467
    endloop
  endfacet
  facet normal 0 1 0
    outer loop
      vertex 5.15 -13.45 7.52776
      vertex -5.15 -13.45 7.52776
      vertex -5.00077 -13.45 7.62467
    endloop
  endfacet
  facet normal 0 1 0
    outer loop
      vertex 5.30855 -13.45 7.44697
      vertex -5.15 -13.45 7.52776
      vertex 5.15 -13.45 7.52776
    endloop
  endfacet
  facet normal 0 1 0
    outer loop
      vertex 5.30855 -13.45 7.44697
      vertex -5.30855 -13.45 7.44697
      vertex -5.15 -13.45 7.52776
    endloop
  endfacet
  facet normal 0 1 0
    outer loop
      vertex 5.47467 -13.45 7.3832
      vertex -5.30855 -13.45 7.44697
      vertex 5.30855 -13.45 7.44697
    endloop
  endfacet
  facet normal 0 1 0
    outer loop
      vertex 5.47467 -13.45 7.3832
      vertex -5.47467 -13.45 7.3832
      vertex -5.30855 -13.45 7.44697
    endloop
  endfacet
  facet normal 0 1 0
    outer loop
      vertex 5.64655 -13.45 7.33715
      vertex -5.47467 -13.45 7.3832
      vertex 5.47467 -13.45 7.3832
    endloop
  endfacet
  facet normal 0 1 0
    outer loop
      vertex 5.64655 -13.45 7.33715
      vertex -5.64655 -13.45 7.33715
      vertex -5.47467 -13.45 7.3832
    endloop
  endfacet
  facet normal 0 1 0
    outer loop
      vertex 14 -13.45 3.49497
      vertex 5.64655 -13.45 7.33715
      vertex 5.8223 -13.45 7.30931
    endloop
  endfacet
  facet normal 0 1 0
    outer loop
      vertex 5.64655 -13.45 7.33715
      vertex 14 -13.45 3.49497
      vertex -5.64655 -13.45 7.33715
    endloop
  endfacet
  facet normal 0 1 0
    outer loop
      vertex 14 -13.45 3.49497
      vertex 5.8223 -13.45 7.30931
      vertex 6 -13.45 7.3
    endloop
  endfacet
  facet normal 0 1 0
    outer loop
      vertex -14 -13.45 3.49497
      vertex -5.64655 -13.45 7.33715
      vertex 14 -13.45 3.49497
    endloop
  endfacet
  facet normal 0 1 0
    outer loop
      vertex 14 -13.45 17.5
      vertex 11.5 -13.45 20
      vertex 11.7613 -13.45 19.9863
    endloop
  endfacet
  facet normal 0 1 0
    outer loop
      vertex 5.8223 -13.45 10.6907
      vertex 11.5 -13.45 20
      vertex 6 -13.45 10.7
    endloop
  endfacet
  facet normal 0 1 0
    outer loop
      vertex 14 -13.45 17.5
      vertex 11.7613 -13.45 19.9863
      vertex 12.0198 -13.45 19.9454
    endloop
  endfacet
  facet normal 0 1 0
    outer loop
      vertex 5.64655 -13.45 10.6629
      vertex 11.5 -13.45 20
      vertex 5.8223 -13.45 10.6907
    endloop
  endfacet
  facet normal 0 1 0
    outer loop
      vertex 14 -13.45 17.5
      vertex 12.0198 -13.45 19.9454
      vertex 12.2725 -13.45 19.8776
    endloop
  endfacet
  facet normal 0 1 -0
    outer loop
      vertex -6.1777 -13.45 10.6907
      vertex -11.5 -13.45 20
      vertex -6 -13.45 10.7
    endloop
  endfacet
  facet normal 0 1 0
    outer loop
      vertex 14 -13.45 17.5
      vertex 12.2725 -13.45 19.8776
      vertex 12.5168 -13.45 19.7839
    endloop
  endfacet
  facet normal 0 1 -0
    outer loop
      vertex -6.35345 -13.45 10.6629
      vertex -11.5 -13.45 20
      vertex -6.1777 -13.45 10.6907
    endloop
  endfacet
  facet normal 0 1 0
    outer loop
      vertex 14 -13.45 17.5
      vertex 12.5168 -13.45 19.7839
      vertex 12.75 -13.45 19.6651
    endloop
  endfacet
  facet normal 0 1 -0
    outer loop
      vertex -6.52533 -13.45 10.6168
      vertex -11.5 -13.45 20
      vertex -6.35345 -13.45 10.6629
    endloop
  endfacet
  facet normal 0 1 0
    outer loop
      vertex 14 -13.45 17.5
      vertex 12.75 -13.45 19.6651
      vertex 12.9695 -13.45 19.5225
    endloop
  endfacet
  facet normal 0 1 -0
    outer loop
      vertex -6.69145 -13.45 10.553
      vertex -11.5 -13.45 20
      vertex -6.52533 -13.45 10.6168
    endloop
  endfacet
  facet normal 0 1 0
    outer loop
      vertex 14 -13.45 17.5
      vertex 12.9695 -13.45 19.5225
      vertex 13.1728 -13.45 19.3579
    endloop
  endfacet
  facet normal -0 1 0
    outer loop
      vertex -14 -13.45 17.5
      vertex -11.5 -13.45 20
      vertex -6.69145 -13.45 10.553
    endloop
  endfacet
  facet normal 0 1 0
    outer loop
      vertex 14 -13.45 17.5
      vertex 13.1728 -13.45 19.3579
      vertex 13.3579 -13.45 19.1728
    endloop
  endfacet
  facet normal 0 1 0
    outer loop
      vertex -11.5 -13.45 20
      vertex -14 -13.45 17.5
      vertex -11.7613 -13.45 19.9863
    endloop
  endfacet
  facet normal 0 1 0
    outer loop
      vertex 14 -13.45 17.5
      vertex 13.3579 -13.45 19.1728
      vertex 13.5225 -13.45 18.9695
    endloop
  endfacet
  facet normal 0 1 0
    outer loop
      vertex -11.7613 -13.45 19.9863
      vertex -14 -13.45 17.5
      vertex -12.0198 -13.45 19.9454
    endloop
  endfacet
  facet normal 0 1 0
    outer loop
      vertex 14 -13.45 17.5
      vertex 13.5225 -13.45 18.9695
      vertex 13.6651 -13.45 18.75
    endloop
  endfacet
  facet normal 0 1 0
    outer loop
      vertex -12.0198 -13.45 19.9454
      vertex -14 -13.45 17.5
      vertex -12.2725 -13.45 19.8776
    endloop
  endfacet
  facet normal 0 1 0
    outer loop
      vertex 14 -13.45 17.5
      vertex 13.6651 -13.45 18.75
      vertex 13.7839 -13.45 18.5168
    endloop
  endfacet
  facet normal 0 1 0
    outer loop
      vertex -12.5168 -13.45 19.7839
      vertex -14 -13.45 17.5
      vertex -12.75 -13.45 19.6651
    endloop
  endfacet
  facet normal 0 1 0
    outer loop
      vertex 14 -13.45 17.5
      vertex 13.7839 -13.45 18.5168
      vertex 13.8776 -13.45 18.2725
    endloop
  endfacet
  facet normal 0 1 0
    outer loop
      vertex -12.75 -13.45 19.6651
      vertex -14 -13.45 17.5
      vertex -12.9695 -13.45 19.5225
    endloop
  endfacet
  facet normal 0 1 0
    outer loop
      vertex 14 -13.45 17.5
      vertex 13.8776 -13.45 18.2725
      vertex 13.9454 -13.45 18.0198
    endloop
  endfacet
  facet normal 0 1 0
    outer loop
      vertex -12.9695 -13.45 19.5225
      vertex -14 -13.45 17.5
      vertex -13.1728 -13.45 19.3579
    endloop
  endfacet
  facet normal 0 1 0
    outer loop
      vertex 14 -13.45 17.5
      vertex 13.9454 -13.45 18.0198
      vertex 13.9863 -13.45 17.7613
    endloop
  endfacet
  facet normal 0 1 0
    outer loop
      vertex -13.1728 -13.45 19.3579
      vertex -14 -13.45 17.5
      vertex -13.3579 -13.45 19.1728
    endloop
  endfacet
  facet normal 0 1 0
    outer loop
      vertex 11.5 -13.45 20
      vertex 14 -13.45 17.5
      vertex 6.69145 -13.45 10.553
    endloop
  endfacet
  facet normal 0 1 0
    outer loop
      vertex -13.5225 -13.45 18.9695
      vertex -14 -13.45 17.5
      vertex -13.6651 -13.45 18.75
    endloop
  endfacet
  facet normal 0 1 0
    outer loop
      vertex -13.6651 -13.45 18.75
      vertex -14 -13.45 17.5
      vertex -13.7839 -13.45 18.5168
    endloop
  endfacet
  facet normal 0 1 0
    outer loop
      vertex 11.5 -13.45 20
      vertex 6.1777 -13.45 10.6907
      vertex 6 -13.45 10.7
    endloop
  endfacet
  facet normal 0 1 0
    outer loop
      vertex 11.5 -13.45 20
      vertex 6.35345 -13.45 10.6629
      vertex 6.1777 -13.45 10.6907
    endloop
  endfacet
  facet normal 0 1 0
    outer loop
      vertex 11.5 -13.45 20
      vertex 6.52533 -13.45 10.6168
      vertex 6.35345 -13.45 10.6629
    endloop
  endfacet
  facet normal 0 1 0
    outer loop
      vertex 11.5 -13.45 20
      vertex 6.69145 -13.45 10.553
      vertex 6.52533 -13.45 10.6168
    endloop
  endfacet
  facet normal 0 1 0
    outer loop
      vertex 14 -13.45 17.5
      vertex 6.85 -13.45 10.4722
      vertex 6.69145 -13.45 10.553
    endloop
  endfacet
  facet normal 0 1 0
    outer loop
      vertex 14 -13.45 17.5
      vertex 6.99923 -13.45 10.3753
      vertex 6.85 -13.45 10.4722
    endloop
  endfacet
  facet normal 0 1 0
    outer loop
      vertex 14 -13.45 17.5
      vertex 7.13752 -13.45 10.2633
      vertex 6.99923 -13.45 10.3753
    endloop
  endfacet
  facet normal 0 1 0
    outer loop
      vertex 14 -13.45 17.5
      vertex 7.26335 -13.45 10.1375
      vertex 7.13752 -13.45 10.2633
    endloop
  endfacet
  facet normal 0 1 0
    outer loop
      vertex 14 -13.45 17.5
      vertex 7.37533 -13.45 9.99923
      vertex 7.26335 -13.45 10.1375
    endloop
  endfacet
  facet normal 0 1 0
    outer loop
      vertex 14 -13.45 17.5
      vertex 7.47224 -13.45 9.85
      vertex 7.37533 -13.45 9.99923
    endloop
  endfacet
  facet normal 0 1 0
    outer loop
      vertex 14 -13.45 17.5
      vertex 7.55303 -13.45 9.69145
      vertex 7.47224 -13.45 9.85
    endloop
  endfacet
  facet normal 0 1 0
    outer loop
      vertex 14 -13.45 17.5
      vertex 7.6168 -13.45 9.52533
      vertex 7.55303 -13.45 9.69145
    endloop
  endfacet
  facet normal 0 1 0
    outer loop
      vertex 14 -13.45 17.5
      vertex 7.66285 -13.45 9.35345
      vertex 7.6168 -13.45 9.52533
    endloop
  endfacet
  facet normal 0 1 -0
    outer loop
      vertex 14 -13.45 3.49497
      vertex 7.66285 -13.45 9.35345
      vertex 14 -13.45 17.5
    endloop
  endfacet
  facet normal 0 1 0
    outer loop
      vertex 7.66285 -13.45 9.35345
      vertex 14 -13.45 3.49497
      vertex 7.69069 -13.45 9.1777
    endloop
  endfacet
  facet normal 0 1 0
    outer loop
      vertex 7.69069 -13.45 9.1777
      vertex 14 -13.45 3.49497
      vertex 7.7 -13.45 9
    endloop
  endfacet
  facet normal 0 1 0
    outer loop
      vertex 7.7 -13.45 9
      vertex 14 -13.45 3.49497
      vertex 7.69069 -13.45 8.8223
    endloop
  endfacet
  facet normal 0 1 0
    outer loop
      vertex 7.69069 -13.45 8.8223
      vertex 14 -13.45 3.49497
      vertex 7.66285 -13.45 8.64655
    endloop
  endfacet
  facet normal 0 1 0
    outer loop
      vertex 7.66285 -13.45 8.64655
      vertex 14 -13.45 3.49497
      vertex 7.6168 -13.45 8.47467
    endloop
  endfacet
  facet normal 0 1 0
    outer loop
      vertex 7.6168 -13.45 8.47467
      vertex 14 -13.45 3.49497
      vertex 7.55303 -13.45 8.30855
    endloop
  endfacet
  facet normal 0 1 0
    outer loop
      vertex 7.55303 -13.45 8.30855
      vertex 14 -13.45 3.49497
      vertex 7.47224 -13.45 8.15
    endloop
  endfacet
  facet normal 0 1 0
    outer loop
      vertex -5.64655 -13.45 7.33715
      vertex -14 -13.45 3.49497
      vertex -5.8223 -13.45 7.30931
    endloop
  endfacet
  facet normal 0 1 0
    outer loop
      vertex 6.1777 -13.45 7.30931
      vertex 14 -13.45 3.49497
      vertex 6 -13.45 7.3
    endloop
  endfacet
  facet normal 0 1 0
    outer loop
      vertex 6.35345 -13.45 7.33715
      vertex 14 -13.45 3.49497
      vertex 6.1777 -13.45 7.30931
    endloop
  endfacet
  facet normal 0 1 0
    outer loop
      vertex 6.52533 -13.45 7.3832
      vertex 14 -13.45 3.49497
      vertex 6.35345 -13.45 7.33715
    endloop
  endfacet
  facet normal 0 1 0
    outer loop
      vertex 6.69145 -13.45 7.44697
      vertex 14 -13.45 3.49497
      vertex 6.52533 -13.45 7.3832
    endloop
  endfacet
  facet normal 0 1 0
    outer loop
      vertex 6.85 -13.45 7.52776
      vertex 14 -13.45 3.49497
      vertex 6.69145 -13.45 7.44697
    endloop
  endfacet
  facet normal 0 1 0
    outer loop
      vertex 6.99923 -13.45 7.62467
      vertex 14 -13.45 3.49497
      vertex 6.85 -13.45 7.52776
    endloop
  endfacet
  facet normal 0 1 0
    outer loop
      vertex 7.13752 -13.45 7.73665
      vertex 14 -13.45 3.49497
      vertex 6.99923 -13.45 7.62467
    endloop
  endfacet
  facet normal 0 1 0
    outer loop
      vertex 7.26335 -13.45 7.86248
      vertex 14 -13.45 3.49497
      vertex 7.13752 -13.45 7.73665
    endloop
  endfacet
  facet normal 0 1 0
    outer loop
      vertex 7.37533 -13.45 8.00077
      vertex 14 -13.45 3.49497
      vertex 7.26335 -13.45 7.86248
    endloop
  endfacet
  facet normal 0 1 0
    outer loop
      vertex 7.47224 -13.45 8.15
      vertex 14 -13.45 3.49497
      vertex 7.37533 -13.45 8.00077
    endloop
  endfacet
  facet normal 0 1 0
    outer loop
      vertex -13.7839 -13.45 18.5168
      vertex -14 -13.45 17.5
      vertex -13.8776 -13.45 18.2725
    endloop
  endfacet
  facet normal 0 1 0
    outer loop
      vertex -13.9454 -13.45 18.0198
      vertex -14 -13.45 17.5
      vertex -13.9863 -13.45 17.7613
    endloop
  endfacet
  facet normal 0 1 0
    outer loop
      vertex -13.8776 -13.45 18.2725
      vertex -14 -13.45 17.5
      vertex -13.9454 -13.45 18.0198
    endloop
  endfacet
  facet normal 0 1 0
    outer loop
      vertex -13.3579 -13.45 19.1728
      vertex -14 -13.45 17.5
      vertex -13.5225 -13.45 18.9695
    endloop
  endfacet
  facet normal 0 1 0
    outer loop
      vertex -12.2725 -13.45 19.8776
      vertex -14 -13.45 17.5
      vertex -12.5168 -13.45 19.7839
    endloop
  endfacet
  facet normal 0 1 -0
    outer loop
      vertex -6.85 -13.45 10.4722
      vertex -14 -13.45 17.5
      vertex -6.69145 -13.45 10.553
    endloop
  endfacet
  facet normal 0 1 -0
    outer loop
      vertex -6.99923 -13.45 10.3753
      vertex -14 -13.45 17.5
      vertex -6.85 -13.45 10.4722
    endloop
  endfacet
  facet normal 0 1 -0
    outer loop
      vertex -7.13752 -13.45 10.2633
      vertex -14 -13.45 17.5
      vertex -6.99923 -13.45 10.3753
    endloop
  endfacet
  facet normal 0 1 -0
    outer loop
      vertex -7.26335 -13.45 10.1375
      vertex -14 -13.45 17.5
      vertex -7.13752 -13.45 10.2633
    endloop
  endfacet
  facet normal 0 1 -0
    outer loop
      vertex -7.37533 -13.45 9.99923
      vertex -14 -13.45 17.5
      vertex -7.26335 -13.45 10.1375
    endloop
  endfacet
  facet normal 0 1 -0
    outer loop
      vertex -7.47224 -13.45 9.85
      vertex -14 -13.45 17.5
      vertex -7.37533 -13.45 9.99923
    endloop
  endfacet
  facet normal 0 1 -0
    outer loop
      vertex -7.55303 -13.45 9.69145
      vertex -14 -13.45 17.5
      vertex -7.47224 -13.45 9.85
    endloop
  endfacet
  facet normal 0 1 -0
    outer loop
      vertex -7.6168 -13.45 9.52533
      vertex -14 -13.45 17.5
      vertex -7.55303 -13.45 9.69145
    endloop
  endfacet
  facet normal 0 1 -0
    outer loop
      vertex -7.66285 -13.45 9.35345
      vertex -14 -13.45 17.5
      vertex -7.6168 -13.45 9.52533
    endloop
  endfacet
  facet normal 0 1 0
    outer loop
      vertex -14 -13.45 3.49497
      vertex -7.66285 -13.45 9.35345
      vertex -7.69069 -13.45 9.1777
    endloop
  endfacet
  facet normal 0 1 0
    outer loop
      vertex -14 -13.45 3.49497
      vertex -7.69069 -13.45 9.1777
      vertex -7.7 -13.45 9
    endloop
  endfacet
  facet normal 0 1 0
    outer loop
      vertex -14 -13.45 3.49497
      vertex -7.7 -13.45 9
      vertex -7.69069 -13.45 8.8223
    endloop
  endfacet
  facet normal 0 1 0
    outer loop
      vertex -14 -13.45 3.49497
      vertex -7.69069 -13.45 8.8223
      vertex -7.66285 -13.45 8.64655
    endloop
  endfacet
  facet normal 0 1 0
    outer loop
      vertex -14 -13.45 3.49497
      vertex -7.66285 -13.45 8.64655
      vertex -7.6168 -13.45 8.47467
    endloop
  endfacet
  facet normal 0 1 0
    outer loop
      vertex -14 -13.45 3.49497
      vertex -7.6168 -13.45 8.47467
      vertex -7.55303 -13.45 8.30855
    endloop
  endfacet
  facet normal 0 1 0
    outer loop
      vertex -14 -13.45 3.49497
      vertex -7.55303 -13.45 8.30855
      vertex -7.47224 -13.45 8.15
    endloop
  endfacet
  facet normal 0 1 0
    outer loop
      vertex -14 -13.45 3.49497
      vertex -7.47224 -13.45 8.15
      vertex -7.37533 -13.45 8.00077
    endloop
  endfacet
  facet normal 0 1 0
    outer loop
      vertex -5.8223 -13.45 7.30931
      vertex -14 -13.45 3.49497
      vertex -6 -13.45 7.3
    endloop
  endfacet
  facet normal 0 1 0
    outer loop
      vertex -6 -13.45 7.3
      vertex -14 -13.45 3.49497
      vertex -6.1777 -13.45 7.30931
    endloop
  endfacet
  facet normal 0 1 0
    outer loop
      vertex -7.66285 -13.45 9.35345
      vertex -14 -13.45 3.49497
      vertex -14 -13.45 17.5
    endloop
  endfacet
  facet normal 0 1 0
    outer loop
      vertex -7.26335 -13.45 7.86248
      vertex -14 -13.45 3.49497
      vertex -7.37533 -13.45 8.00077
    endloop
  endfacet
  facet normal 0 1 0
    outer loop
      vertex -7.13752 -13.45 7.73665
      vertex -14 -13.45 3.49497
      vertex -7.26335 -13.45 7.86248
    endloop
  endfacet
  facet normal 0 1 0
    outer loop
      vertex -6.99923 -13.45 7.62467
      vertex -14 -13.45 3.49497
      vertex -7.13752 -13.45 7.73665
    endloop
  endfacet
  facet normal 0 1 0
    outer loop
      vertex -6.85 -13.45 7.52776
      vertex -14 -13.45 3.49497
      vertex -6.99923 -13.45 7.62467
    endloop
  endfacet
  facet normal 0 1 0
    outer loop
      vertex -6.69145 -13.45 7.44697
      vertex -14 -13.45 3.49497
      vertex -6.85 -13.45 7.52776
    endloop
  endfacet
  facet normal 0 1 0
    outer loop
      vertex -6.52533 -13.45 7.3832
      vertex -14 -13.45 3.49497
      vertex -6.69145 -13.45 7.44697
    endloop
  endfacet
  facet normal 0 1 0
    outer loop
      vertex -6.35345 -13.45 7.33715
      vertex -14 -13.45 3.49497
      vertex -6.52533 -13.45 7.3832
    endloop
  endfacet
  facet normal 0 1 0
    outer loop
      vertex -6.1777 -13.45 7.30931
      vertex -14 -13.45 3.49497
      vertex -6.35345 -13.45 7.33715
    endloop
  endfacet
  facet normal 0.998628 -0 0.0523582
    outer loop
      vertex 13.9863 -16.45 17.7613
      vertex 14 -13.45 17.5
      vertex 13.9863 -13.45 17.7613
    endloop
  endfacet
  facet normal 0.998628 0 0.0523582
    outer loop
      vertex 14 -13.45 17.5
      vertex 13.9863 -16.45 17.7613
      vertex 14 -16.45 17.5
    endloop
  endfacet
  facet normal 0.891039 -0 0.453926
    outer loop
      vertex 13.6651 -16.45 18.75
      vertex 13.7839 -13.45 18.5168
      vertex 13.6651 -13.45 18.75
    endloop
  endfacet
  facet normal 0.891039 0 0.453926
    outer loop
      vertex 13.7839 -13.45 18.5168
      vertex 13.6651 -16.45 18.75
      vertex 13.7839 -16.45 18.5168
    endloop
  endfacet
  facet normal 0.987713 -0 0.156277
    outer loop
      vertex 13.9454 -16.45 18.0198
      vertex 13.9863 -13.45 17.7613
      vertex 13.9454 -13.45 18.0198
    endloop
  endfacet
  facet normal 0.987713 0 0.156277
    outer loop
      vertex 13.9863 -13.45 17.7613
      vertex 13.9454 -16.45 18.0198
      vertex 13.9863 -16.45 17.7613
    endloop
  endfacet
  facet normal 0.7772 -0 0.629253
    outer loop
      vertex 13.3579 -16.45 19.1728
      vertex 13.5225 -13.45 18.9695
      vertex 13.3579 -13.45 19.1728
    endloop
  endfacet
  facet normal 0.7772 0 0.629253
    outer loop
      vertex 13.5225 -13.45 18.9695
      vertex 13.3579 -16.45 19.1728
      vertex 13.5225 -16.45 18.9695
    endloop
  endfacet
  facet normal 0.93368 -0 0.358108
    outer loop
      vertex 13.7839 -16.45 18.5168
      vertex 13.8776 -13.45 18.2725
      vertex 13.7839 -13.45 18.5168
    endloop
  endfacet
  facet normal 0.93368 0 0.358108
    outer loop
      vertex 13.8776 -13.45 18.2725
      vertex 13.7839 -16.45 18.5168
      vertex 13.8776 -16.45 18.2725
    endloop
  endfacet
  facet normal 0.0523582 0 0.998628
    outer loop
      vertex 11.5 -13.45 20
      vertex 11.7613 -16.45 19.9863
      vertex 11.7613 -13.45 19.9863
    endloop
  endfacet
  facet normal 0.0523582 0 0.998628
    outer loop
      vertex 11.7613 -16.45 19.9863
      vertex 11.5 -13.45 20
      vertex 11.5 -16.45 20
    endloop
  endfacet
  facet normal 0.544787 0 0.838575
    outer loop
      vertex 12.75 -13.45 19.6651
      vertex 12.9695 -16.45 19.5225
      vertex 12.9695 -13.45 19.5225
    endloop
  endfacet
  facet normal 0.544787 0 0.838575
    outer loop
      vertex 12.9695 -16.45 19.5225
      vertex 12.75 -13.45 19.6651
      vertex 12.75 -16.45 19.6651
    endloop
  endfacet
  facet normal 0.707107 -0 0.707107
    outer loop
      vertex 13.1728 -16.45 19.3579
      vertex 13.3579 -13.45 19.1728
      vertex 13.1728 -13.45 19.3579
    endloop
  endfacet
  facet normal 0.707107 0 0.707107
    outer loop
      vertex 13.3579 -13.45 19.1728
      vertex 13.1728 -16.45 19.3579
      vertex 13.3579 -16.45 19.1728
    endloop
  endfacet
  facet normal 0.838575 -0 0.544787
    outer loop
      vertex 13.5225 -16.45 18.9695
      vertex 13.6651 -13.45 18.75
      vertex 13.5225 -13.45 18.9695
    endloop
  endfacet
  facet normal 0.838575 0 0.544787
    outer loop
      vertex 13.6651 -13.45 18.75
      vertex 13.5225 -16.45 18.9695
      vertex 13.6651 -16.45 18.75
    endloop
  endfacet
  facet normal 0.965841 -0 0.259137
    outer loop
      vertex 13.8776 -16.45 18.2725
      vertex 13.9454 -13.45 18.0198
      vertex 13.8776 -13.45 18.2725
    endloop
  endfacet
  facet normal 0.965841 0 0.259137
    outer loop
      vertex 13.9454 -13.45 18.0198
      vertex 13.8776 -16.45 18.2725
      vertex 13.9454 -16.45 18.0198
    endloop
  endfacet
  facet normal -0 0 1
    outer loop
      vertex -11.5 -13.45 20
      vertex 11.5 -16.45 20
      vertex 11.5 -13.45 20
    endloop
  endfacet
  facet normal 0 0 1
    outer loop
      vertex 11.5 -16.45 20
      vertex -11.5 -13.45 20
      vertex -11.5 -16.45 20
    endloop
  endfacet
  facet normal 0.629253 0 0.7772
    outer loop
      vertex 12.9695 -13.45 19.5225
      vertex 13.1728 -16.45 19.3579
      vertex 13.1728 -13.45 19.3579
    endloop
  endfacet
  facet normal 0.629253 0 0.7772
    outer loop
      vertex 13.1728 -16.45 19.3579
      vertex 12.9695 -13.45 19.5225
      vertex 12.9695 -16.45 19.5225
    endloop
  endfacet
  facet normal -0.998628 0 0.0523582
    outer loop
      vertex -14 -16.45 17.5
      vertex -13.9863 -13.45 17.7613
      vertex -14 -13.45 17.5
    endloop
  endfacet
  facet normal -0.998628 0 0.0523582
    outer loop
      vertex -13.9863 -13.45 17.7613
      vertex -14 -16.45 17.5
      vertex -13.9863 -16.45 17.7613
    endloop
  endfacet
  facet normal 0.259137 0 0.965841
    outer loop
      vertex 12.0198 -13.45 19.9454
      vertex 12.2725 -16.45 19.8776
      vertex 12.2725 -13.45 19.8776
    endloop
  endfacet
  facet normal 0.259137 0 0.965841
    outer loop
      vertex 12.2725 -16.45 19.8776
      vertex 12.0198 -13.45 19.9454
      vertex 12.0198 -16.45 19.9454
    endloop
  endfacet
  facet normal -0.259137 0 0.965841
    outer loop
      vertex -12.2725 -13.45 19.8776
      vertex -12.0198 -16.45 19.9454
      vertex -12.0198 -13.45 19.9454
    endloop
  endfacet
  facet normal -0.259137 0 0.965841
    outer loop
      vertex -12.0198 -16.45 19.9454
      vertex -12.2725 -13.45 19.8776
      vertex -12.2725 -16.45 19.8776
    endloop
  endfacet
  facet normal -0.544787 0 0.838575
    outer loop
      vertex -12.9695 -13.45 19.5225
      vertex -12.75 -16.45 19.6651
      vertex -12.75 -13.45 19.6651
    endloop
  endfacet
  facet normal -0.544787 0 0.838575
    outer loop
      vertex -12.75 -16.45 19.6651
      vertex -12.9695 -13.45 19.5225
      vertex -12.9695 -16.45 19.5225
    endloop
  endfacet
  facet normal -0.987713 0 0.156277
    outer loop
      vertex -13.9863 -16.45 17.7613
      vertex -13.9454 -13.45 18.0198
      vertex -13.9863 -13.45 17.7613
    endloop
  endfacet
  facet normal -0.987713 0 0.156277
    outer loop
      vertex -13.9454 -13.45 18.0198
      vertex -13.9863 -16.45 17.7613
      vertex -13.9454 -16.45 18.0198
    endloop
  endfacet
  facet normal -0.93368 0 0.358108
    outer loop
      vertex -13.8776 -16.45 18.2725
      vertex -13.7839 -13.45 18.5168
      vertex -13.8776 -13.45 18.2725
    endloop
  endfacet
  facet normal -0.93368 0 0.358108
    outer loop
      vertex -13.7839 -13.45 18.5168
      vertex -13.8776 -16.45 18.2725
      vertex -13.7839 -16.45 18.5168
    endloop
  endfacet
  facet normal -0.838575 0 0.544787
    outer loop
      vertex -13.6651 -16.45 18.75
      vertex -13.5225 -13.45 18.9695
      vertex -13.6651 -13.45 18.75
    endloop
  endfacet
  facet normal -0.838575 0 0.544787
    outer loop
      vertex -13.5225 -13.45 18.9695
      vertex -13.6651 -16.45 18.75
      vertex -13.5225 -16.45 18.9695
    endloop
  endfacet
  facet normal -0.707107 0 0.707107
    outer loop
      vertex -13.3579 -16.45 19.1728
      vertex -13.1728 -13.45 19.3579
      vertex -13.3579 -13.45 19.1728
    endloop
  endfacet
  facet normal -0.707107 0 0.707107
    outer loop
      vertex -13.1728 -13.45 19.3579
      vertex -13.3579 -16.45 19.1728
      vertex -13.1728 -16.45 19.3579
    endloop
  endfacet
  facet normal 0.156277 0 0.987713
    outer loop
      vertex 11.7613 -13.45 19.9863
      vertex 12.0198 -16.45 19.9454
      vertex 12.0198 -13.45 19.9454
    endloop
  endfacet
  facet normal 0.156277 0 0.987713
    outer loop
      vertex 12.0198 -16.45 19.9454
      vertex 11.7613 -13.45 19.9863
      vertex 11.7613 -16.45 19.9863
    endloop
  endfacet
  facet normal 0.453926 0 0.891039
    outer loop
      vertex 12.5168 -13.45 19.7839
      vertex 12.75 -16.45 19.6651
      vertex 12.75 -13.45 19.6651
    endloop
  endfacet
  facet normal 0.453926 0 0.891039
    outer loop
      vertex 12.75 -16.45 19.6651
      vertex 12.5168 -13.45 19.7839
      vertex 12.5168 -16.45 19.7839
    endloop
  endfacet
  facet normal -0.156277 0 0.987713
    outer loop
      vertex -12.0198 -13.45 19.9454
      vertex -11.7613 -16.45 19.9863
      vertex -11.7613 -13.45 19.9863
    endloop
  endfacet
  facet normal -0.156277 0 0.987713
    outer loop
      vertex -11.7613 -16.45 19.9863
      vertex -12.0198 -13.45 19.9454
      vertex -12.0198 -16.45 19.9454
    endloop
  endfacet
  facet normal -0.453926 0 0.891039
    outer loop
      vertex -12.75 -13.45 19.6651
      vertex -12.5168 -16.45 19.7839
      vertex -12.5168 -13.45 19.7839
    endloop
  endfacet
  facet normal -0.453926 0 0.891039
    outer loop
      vertex -12.5168 -16.45 19.7839
      vertex -12.75 -13.45 19.6651
      vertex -12.75 -16.45 19.6651
    endloop
  endfacet
  facet normal -0.965841 0 0.259137
    outer loop
      vertex -13.9454 -16.45 18.0198
      vertex -13.8776 -13.45 18.2725
      vertex -13.9454 -13.45 18.0198
    endloop
  endfacet
  facet normal -0.965841 0 0.259137
    outer loop
      vertex -13.8776 -13.45 18.2725
      vertex -13.9454 -16.45 18.0198
      vertex -13.8776 -16.45 18.2725
    endloop
  endfacet
  facet normal -0.891039 0 0.453926
    outer loop
      vertex -13.7839 -16.45 18.5168
      vertex -13.6651 -13.45 18.75
      vertex -13.7839 -13.45 18.5168
    endloop
  endfacet
  facet normal -0.891039 0 0.453926
    outer loop
      vertex -13.6651 -13.45 18.75
      vertex -13.7839 -16.45 18.5168
      vertex -13.6651 -16.45 18.75
    endloop
  endfacet
  facet normal -0.7772 0 0.629253
    outer loop
      vertex -13.5225 -16.45 18.9695
      vertex -13.3579 -13.45 19.1728
      vertex -13.5225 -13.45 18.9695
    endloop
  endfacet
  facet normal -0.7772 0 0.629253
    outer loop
      vertex -13.3579 -13.45 19.1728
      vertex -13.5225 -16.45 18.9695
      vertex -13.3579 -16.45 19.1728
    endloop
  endfacet
  facet normal -0.629253 0 0.7772
    outer loop
      vertex -13.1728 -13.45 19.3579
      vertex -12.9695 -16.45 19.5225
      vertex -12.9695 -13.45 19.5225
    endloop
  endfacet
  facet normal -0.629253 0 0.7772
    outer loop
      vertex -12.9695 -16.45 19.5225
      vertex -13.1728 -13.45 19.3579
      vertex -13.1728 -16.45 19.3579
    endloop
  endfacet
  facet normal 0.358108 0 0.93368
    outer loop
      vertex 12.2725 -13.45 19.8776
      vertex 12.5168 -16.45 19.7839
      vertex 12.5168 -13.45 19.7839
    endloop
  endfacet
  facet normal 0.358108 0 0.93368
    outer loop
      vertex 12.5168 -16.45 19.7839
      vertex 12.2725 -13.45 19.8776
      vertex 12.2725 -16.45 19.8776
    endloop
  endfacet
  facet normal -0.0523582 0 0.998628
    outer loop
      vertex -11.7613 -13.45 19.9863
      vertex -11.5 -16.45 20
      vertex -11.5 -13.45 20
    endloop
  endfacet
  facet normal -0.0523582 0 0.998628
    outer loop
      vertex -11.5 -16.45 20
      vertex -11.7613 -13.45 19.9863
      vertex -11.7613 -16.45 19.9863
    endloop
  endfacet
  facet normal -0.358108 0 0.93368
    outer loop
      vertex -12.5168 -13.45 19.7839
      vertex -12.2725 -16.45 19.8776
      vertex -12.2725 -13.45 19.8776
    endloop
  endfacet
  facet normal -0.358108 0 0.93368
    outer loop
      vertex -12.2725 -16.45 19.8776
      vertex -12.5168 -13.45 19.7839
      vertex -12.5168 -16.45 19.7839
    endloop
  endfacet
  facet normal 0.0523582 -0 0.998628
    outer loop
      vertex 11.5 6.43995 12.5
      vertex 11.7613 8.45 12.4863
      vertex 11.5 8.45 12.5
    endloop
  endfacet
  facet normal 0.0523582 0 0.998628
    outer loop
      vertex 11.7613 8.45 12.4863
      vertex 11.5 6.43995 12.5
      vertex 11.7613 6.42625 12.4863
    endloop
  endfacet
  facet normal 0.544787 -0 0.838575
    outer loop
      vertex 12.75 6.10501 12.1651
      vertex 12.9695 8.45 12.0225
      vertex 12.75 8.45 12.1651
    endloop
  endfacet
  facet normal 0.544787 0 0.838575
    outer loop
      vertex 12.9695 8.45 12.0225
      vertex 12.75 6.10501 12.1651
      vertex 12.9695 5.96249 12.0225
    endloop
  endfacet
  facet normal 0.259137 -0 0.965841
    outer loop
      vertex 12.0198 6.38532 12.4454
      vertex 12.2725 8.45 12.3776
      vertex 12.0198 8.45 12.4454
    endloop
  endfacet
  facet normal 0.259137 0 0.965841
    outer loop
      vertex 12.2725 8.45 12.3776
      vertex 12.0198 6.38532 12.4454
      vertex 12.2725 6.31759 12.3776
    endloop
  endfacet
  facet normal 0.453926 -0 0.891039
    outer loop
      vertex 12.5168 6.22381 12.2839
      vertex 12.75 8.45 12.1651
      vertex 12.5168 8.45 12.2839
    endloop
  endfacet
  facet normal 0.453926 0 0.891039
    outer loop
      vertex 12.75 8.45 12.1651
      vertex 12.5168 6.22381 12.2839
      vertex 12.75 6.10501 12.1651
    endloop
  endfacet
  facet normal 0.7772 -0 0.629253
    outer loop
      vertex 13.3579 5.61278 11.6728
      vertex 13.5225 8.45 11.4695
      vertex 13.3579 8.45 11.6728
    endloop
  endfacet
  facet normal 0.777111 -0.00022868 0.629364
    outer loop
      vertex 13.5225 5.45 11.4695
      vertex 13.3579 5.61278 11.6728
      vertex 13.4897 5.45 11.51
    endloop
  endfacet
  facet normal 0.7772 0 0.629253
    outer loop
      vertex 13.3579 5.61278 11.6728
      vertex 13.5225 5.45 11.4695
      vertex 13.5225 8.45 11.4695
    endloop
  endfacet
  facet normal -0.156277 0 0.987713
    outer loop
      vertex -12.0198 8.45 12.4454
      vertex -11.7613 6.42625 12.4863
      vertex -11.7613 8.45 12.4863
    endloop
  endfacet
  facet normal -0.156277 0 0.987713
    outer loop
      vertex -11.7613 6.42625 12.4863
      vertex -12.0198 8.45 12.4454
      vertex -12.0198 6.38532 12.4454
    endloop
  endfacet
  facet normal 0.156277 -0 0.987713
    outer loop
      vertex 11.7613 6.42625 12.4863
      vertex 12.0198 8.45 12.4454
      vertex 11.7613 8.45 12.4863
    endloop
  endfacet
  facet normal 0.156277 0 0.987713
    outer loop
      vertex 12.0198 8.45 12.4454
      vertex 11.7613 6.42625 12.4863
      vertex 12.0198 6.38532 12.4454
    endloop
  endfacet
  facet normal 0.707107 -0 0.707107
    outer loop
      vertex 13.1728 5.79781 11.8579
      vertex 13.3579 8.45 11.6728
      vertex 13.1728 8.45 11.8579
    endloop
  endfacet
  facet normal 0.707107 0 0.707107
    outer loop
      vertex 13.3579 8.45 11.6728
      vertex 13.1728 5.79781 11.8579
      vertex 13.3579 5.61278 11.6728
    endloop
  endfacet
  facet normal 0 -1 0
    outer loop
      vertex -13.6651 5.45 11.25
      vertex -13.4897 5.45 11.51
      vertex -13.5225 5.45 11.4695
    endloop
  endfacet
  facet normal 0 -1 -0
    outer loop
      vertex -13.4897 5.45 11.51
      vertex -14 5.45 3.49497
      vertex 13.4897 5.45 11.51
    endloop
  endfacet
  facet normal 0 -1 0
    outer loop
      vertex -13.4897 5.45 11.51
      vertex -13.6651 5.45 11.25
      vertex -14 5.45 10
    endloop
  endfacet
  facet normal 0 -1 0
    outer loop
      vertex -13.4897 5.45 11.51
      vertex -14 5.45 10
      vertex -14 5.45 3.49497
    endloop
  endfacet
  facet normal 0 -1 0
    outer loop
      vertex -14 5.45 10
      vertex -13.6651 5.45 11.25
      vertex -13.7839 5.45 11.0168
    endloop
  endfacet
  facet normal 0 -1 0
    outer loop
      vertex 14 5.45 3.49497
      vertex 13.4897 5.45 11.51
      vertex -14 5.45 3.49497
    endloop
  endfacet
  facet normal 0 -1 0
    outer loop
      vertex -14 5.45 10
      vertex -13.7839 5.45 11.0168
      vertex -13.8776 5.45 10.7725
    endloop
  endfacet
  facet normal 0 -1 0
    outer loop
      vertex 13.4897 5.45 11.51
      vertex 13.6651 5.45 11.25
      vertex 13.5225 5.45 11.4695
    endloop
  endfacet
  facet normal 0 -1 0
    outer loop
      vertex -14 5.45 10
      vertex -13.8776 5.45 10.7725
      vertex -13.9454 5.45 10.5198
    endloop
  endfacet
  facet normal 0 -1 0
    outer loop
      vertex 13.6651 5.45 11.25
      vertex 14 5.45 10
      vertex 13.7839 5.45 11.0168
    endloop
  endfacet
  facet normal 0 -1 0
    outer loop
      vertex -14 5.45 10
      vertex -13.9454 5.45 10.5198
      vertex -13.9863 5.45 10.2613
    endloop
  endfacet
  facet normal 0 -1 0
    outer loop
      vertex 13.7839 5.45 11.0168
      vertex 14 5.45 10
      vertex 13.8776 5.45 10.7725
    endloop
  endfacet
  facet normal 0 -1 0
    outer loop
      vertex 13.8776 5.45 10.7725
      vertex 14 5.45 10
      vertex 13.9454 5.45 10.5198
    endloop
  endfacet
  facet normal 0 -1 0
    outer loop
      vertex 13.9454 5.45 10.5198
      vertex 14 5.45 10
      vertex 13.9863 5.45 10.2613
    endloop
  endfacet
  facet normal -0 -1 -0
    outer loop
      vertex 14 5.45 10
      vertex 13.4897 5.45 11.51
      vertex 14 5.45 3.49497
    endloop
  endfacet
  facet normal -0 -1 -0
    outer loop
      vertex 13.6651 5.45 11.25
      vertex 13.4897 5.45 11.51
      vertex 14 5.45 10
    endloop
  endfacet
  facet normal 0.998628 -0 0.0523582
    outer loop
      vertex 13.9863 5.45 10.2613
      vertex 14 8.45 10
      vertex 13.9863 8.45 10.2613
    endloop
  endfacet
  facet normal 0.998628 0 0.0523582
    outer loop
      vertex 14 8.45 10
      vertex 13.9863 5.45 10.2613
      vertex 14 5.45 10
    endloop
  endfacet
  facet normal 0.358108 -0 0.93368
    outer loop
      vertex 12.2725 6.31759 12.3776
      vertex 12.5168 8.45 12.2839
      vertex 12.2725 8.45 12.3776
    endloop
  endfacet
  facet normal 0.358108 0 0.93368
    outer loop
      vertex 12.5168 8.45 12.2839
      vertex 12.2725 6.31759 12.3776
      vertex 12.5168 6.22381 12.2839
    endloop
  endfacet
  facet normal 0.629253 -0 0.7772
    outer loop
      vertex 12.9695 5.96249 12.0225
      vertex 13.1728 8.45 11.8579
      vertex 12.9695 8.45 12.0225
    endloop
  endfacet
  facet normal 0.629253 0 0.7772
    outer loop
      vertex 13.1728 8.45 11.8579
      vertex 12.9695 5.96249 12.0225
      vertex 13.1728 5.79781 11.8579
    endloop
  endfacet
  facet normal 0.891039 -0 0.453926
    outer loop
      vertex 13.6651 5.45 11.25
      vertex 13.7839 8.45 11.0168
      vertex 13.6651 8.45 11.25
    endloop
  endfacet
  facet normal 0.891039 0 0.453926
    outer loop
      vertex 13.7839 8.45 11.0168
      vertex 13.6651 5.45 11.25
      vertex 13.7839 5.45 11.0168
    endloop
  endfacet
  facet normal -0 0 1
    outer loop
      vertex -11.5 8.45 12.5
      vertex 11.5 6.43995 12.5
      vertex 11.5 8.45 12.5
    endloop
  endfacet
  facet normal 0 0 1
    outer loop
      vertex 11.5 6.43995 12.5
      vertex -11.5 8.45 12.5
      vertex -11.5 6.43995 12.5
    endloop
  endfacet
  facet normal -0.453926 0 0.891039
    outer loop
      vertex -12.75 8.45 12.1651
      vertex -12.5168 6.22381 12.2839
      vertex -12.5168 8.45 12.2839
    endloop
  endfacet
  facet normal -0.453926 0 0.891039
    outer loop
      vertex -12.5168 6.22381 12.2839
      vertex -12.75 8.45 12.1651
      vertex -12.75 6.10501 12.1651
    endloop
  endfacet
  facet normal 0.987713 -0 0.156277
    outer loop
      vertex 13.9454 5.45 10.5198
      vertex 13.9863 8.45 10.2613
      vertex 13.9454 8.45 10.5198
    endloop
  endfacet
  facet normal 0.987713 0 0.156277
    outer loop
      vertex 13.9863 8.45 10.2613
      vertex 13.9454 5.45 10.5198
      vertex 13.9863 5.45 10.2613
    endloop
  endfacet
  facet normal 0.838575 -0 0.544787
    outer loop
      vertex 13.5225 5.45 11.4695
      vertex 13.6651 8.45 11.25
      vertex 13.5225 8.45 11.4695
    endloop
  endfacet
  facet normal 0.838575 0 0.544787
    outer loop
      vertex 13.6651 8.45 11.25
      vertex 13.5225 5.45 11.4695
      vertex 13.6651 5.45 11.25
    endloop
  endfacet
  facet normal -0.358108 0 0.93368
    outer loop
      vertex -12.5168 8.45 12.2839
      vertex -12.2725 6.31759 12.3776
      vertex -12.2725 8.45 12.3776
    endloop
  endfacet
  facet normal -0.358108 0 0.93368
    outer loop
      vertex -12.2725 6.31759 12.3776
      vertex -12.5168 8.45 12.2839
      vertex -12.5168 6.22381 12.2839
    endloop
  endfacet
  facet normal -0.0523582 0 0.998628
    outer loop
      vertex -11.7613 8.45 12.4863
      vertex -11.5 6.43995 12.5
      vertex -11.5 8.45 12.5
    endloop
  endfacet
  facet normal -0.0523582 0 0.998628
    outer loop
      vertex -11.5 6.43995 12.5
      vertex -11.7613 8.45 12.4863
      vertex -11.7613 6.42625 12.4863
    endloop
  endfacet
  facet normal -0.998628 0 0.0523582
    outer loop
      vertex -14 5.45 10
      vertex -13.9863 8.45 10.2613
      vertex -14 8.45 10
    endloop
  endfacet
  facet normal -0.998628 0 0.0523582
    outer loop
      vertex -13.9863 8.45 10.2613
      vertex -14 5.45 10
      vertex -13.9863 5.45 10.2613
    endloop
  endfacet
  facet normal -0.259137 0 0.965841
    outer loop
      vertex -12.2725 8.45 12.3776
      vertex -12.0198 6.38532 12.4454
      vertex -12.0198 8.45 12.4454
    endloop
  endfacet
  facet normal -0.259137 0 0.965841
    outer loop
      vertex -12.0198 6.38532 12.4454
      vertex -12.2725 8.45 12.3776
      vertex -12.2725 6.31759 12.3776
    endloop
  endfacet
  facet normal -0.544787 0 0.838575
    outer loop
      vertex -12.9695 8.45 12.0225
      vertex -12.75 6.10501 12.1651
      vertex -12.75 8.45 12.1651
    endloop
  endfacet
  facet normal -0.544787 0 0.838575
    outer loop
      vertex -12.75 6.10501 12.1651
      vertex -12.9695 8.45 12.0225
      vertex -12.9695 5.96249 12.0225
    endloop
  endfacet
  facet normal -0.93368 0 0.358108
    outer loop
      vertex -13.8776 5.45 10.7725
      vertex -13.7839 8.45 11.0168
      vertex -13.8776 8.45 10.7725
    endloop
  endfacet
  facet normal -0.93368 0 0.358108
    outer loop
      vertex -13.7839 8.45 11.0168
      vertex -13.8776 5.45 10.7725
      vertex -13.7839 5.45 11.0168
    endloop
  endfacet
  facet normal -0.838575 0 0.544787
    outer loop
      vertex -13.6651 5.45 11.25
      vertex -13.5225 8.45 11.4695
      vertex -13.6651 8.45 11.25
    endloop
  endfacet
  facet normal -0.838575 0 0.544787
    outer loop
      vertex -13.5225 8.45 11.4695
      vertex -13.6651 5.45 11.25
      vertex -13.5225 5.45 11.4695
    endloop
  endfacet
  facet normal 0.93368 -0 0.358108
    outer loop
      vertex 13.7839 5.45 11.0168
      vertex 13.8776 8.45 10.7725
      vertex 13.7839 8.45 11.0168
    endloop
  endfacet
  facet normal 0.93368 0 0.358108
    outer loop
      vertex 13.8776 8.45 10.7725
      vertex 13.7839 5.45 11.0168
      vertex 13.8776 5.45 10.7725
    endloop
  endfacet
  facet normal -0.629253 0 0.7772
    outer loop
      vertex -13.1728 8.45 11.8579
      vertex -12.9695 5.96249 12.0225
      vertex -12.9695 8.45 12.0225
    endloop
  endfacet
  facet normal -0.629253 0 0.7772
    outer loop
      vertex -12.9695 5.96249 12.0225
      vertex -13.1728 8.45 11.8579
      vertex -13.1728 5.79781 11.8579
    endloop
  endfacet
  facet normal -0.965841 0 0.259137
    outer loop
      vertex -13.9454 5.45 10.5198
      vertex -13.8776 8.45 10.7725
      vertex -13.9454 8.45 10.5198
    endloop
  endfacet
  facet normal -0.965841 0 0.259137
    outer loop
      vertex -13.8776 8.45 10.7725
      vertex -13.9454 5.45 10.5198
      vertex -13.8776 5.45 10.7725
    endloop
  endfacet
  facet normal -0.987713 0 0.156277
    outer loop
      vertex -13.9863 5.45 10.2613
      vertex -13.9454 8.45 10.5198
      vertex -13.9863 8.45 10.2613
    endloop
  endfacet
  facet normal -0.987713 0 0.156277
    outer loop
      vertex -13.9454 8.45 10.5198
      vertex -13.9863 5.45 10.2613
      vertex -13.9454 5.45 10.5198
    endloop
  endfacet
  facet normal 0.965841 -0 0.259137
    outer loop
      vertex 13.8776 5.45 10.7725
      vertex 13.9454 8.45 10.5198
      vertex 13.8776 8.45 10.7725
    endloop
  endfacet
  facet normal 0.965841 0 0.259137
    outer loop
      vertex 13.9454 8.45 10.5198
      vertex 13.8776 5.45 10.7725
      vertex 13.9454 5.45 10.5198
    endloop
  endfacet
  facet normal -0.707107 0 0.707107
    outer loop
      vertex -13.3579 8.45 11.6728
      vertex -13.1728 5.79781 11.8579
      vertex -13.1728 8.45 11.8579
    endloop
  endfacet
  facet normal -0.707107 0 0.707107
    outer loop
      vertex -13.1728 5.79781 11.8579
      vertex -13.3579 8.45 11.6728
      vertex -13.3579 5.61278 11.6728
    endloop
  endfacet
  facet normal -0.7772 0 0.629253
    outer loop
      vertex -13.5225 8.45 11.4695
      vertex -13.3579 5.61278 11.6728
      vertex -13.3579 8.45 11.6728
    endloop
  endfacet
  facet normal -0.7772 0 0.629253
    outer loop
      vertex -13.5225 5.45 11.4695
      vertex -13.3579 5.61278 11.6728
      vertex -13.5225 8.45 11.4695
    endloop
  endfacet
  facet normal -0.777111 -0.00022868 0.629364
    outer loop
      vertex -13.3579 5.61278 11.6728
      vertex -13.5225 5.45 11.4695
      vertex -13.4897 5.45 11.51
    endloop
  endfacet
  facet normal -0.891039 0 0.453926
    outer loop
      vertex -13.7839 5.45 11.0168
      vertex -13.6651 8.45 11.25
      vertex -13.7839 8.45 11.0168
    endloop
  endfacet
  facet normal -0.891039 0 0.453926
    outer loop
      vertex -13.6651 8.45 11.25
      vertex -13.7839 5.45 11.0168
      vertex -13.6651 5.45 11.25
    endloop
  endfacet
  facet normal -0.890996 0 0.454012
    outer loop
      vertex -4.52776 -14.65 8.15
      vertex -4.44697 -13.45 8.30855
      vertex -4.52776 -13.45 8.15
    endloop
  endfacet
  facet normal -0.890996 0 0.454012
    outer loop
      vertex -4.44697 -13.45 8.30855
      vertex -4.52776 -14.65 8.15
      vertex -4.44697 -14.65 8.30855
    endloop
  endfacet
  facet normal -0.35838 0 0.933576
    outer loop
      vertex -5.47467 -13.45 7.3832
      vertex -5.30855 -14.65 7.44697
      vertex -5.30855 -13.45 7.44697
    endloop
  endfacet
  facet normal -0.35838 0 0.933576
    outer loop
      vertex -5.30855 -14.65 7.44697
      vertex -5.47467 -13.45 7.3832
      vertex -5.47467 -14.65 7.3832
    endloop
  endfacet
  facet normal 0.35838 0 0.933576
    outer loop
      vertex -6.69145 -13.45 7.44697
      vertex -6.52533 -14.65 7.3832
      vertex -6.52533 -13.45 7.3832
    endloop
  endfacet
  facet normal 0.35838 0 0.933576
    outer loop
      vertex -6.52533 -14.65 7.3832
      vertex -6.69145 -13.45 7.44697
      vertex -6.69145 -14.65 7.44697
    endloop
  endfacet
  facet normal 0.890996 -0 0.454012
    outer loop
      vertex -7.55303 -14.65 8.30855
      vertex -7.47224 -13.45 8.15
      vertex -7.55303 -13.45 8.30855
    endloop
  endfacet
  facet normal 0.890996 0 0.454012
    outer loop
      vertex -7.47224 -13.45 8.15
      vertex -7.55303 -14.65 8.30855
      vertex -7.47224 -14.65 8.15
    endloop
  endfacet
  facet normal -0.99863 0 -0.0523199
    outer loop
      vertex -4.3 -14.65 9
      vertex -4.30931 -13.45 9.1777
      vertex -4.3 -13.45 9
    endloop
  endfacet
  facet normal -0.99863 -0 -0.0523199
    outer loop
      vertex -4.30931 -13.45 9.1777
      vertex -4.3 -14.65 9
      vertex -4.30931 -14.65 9.1777
    endloop
  endfacet
  facet normal -0.987685 0 0.156456
    outer loop
      vertex -4.33715 -14.65 8.64655
      vertex -4.30931 -13.45 8.8223
      vertex -4.33715 -13.45 8.64655
    endloop
  endfacet
  facet normal -0.987685 0 0.156456
    outer loop
      vertex -4.30931 -13.45 8.8223
      vertex -4.33715 -14.65 8.64655
      vertex -4.30931 -14.65 8.8223
    endloop
  endfacet
  facet normal -0.544635 0 0.838673
    outer loop
      vertex -5.15 -13.45 7.52776
      vertex -5.00077 -14.65 7.62467
      vertex -5.00077 -13.45 7.62467
    endloop
  endfacet
  facet normal -0.544635 0 0.838673
    outer loop
      vertex -5.00077 -14.65 7.62467
      vertex -5.15 -13.45 7.52776
      vertex -5.15 -14.65 7.52776
    endloop
  endfacet
  facet normal 0.987685 -0 0.156456
    outer loop
      vertex -7.69069 -14.65 8.8223
      vertex -7.66285 -13.45 8.64655
      vertex -7.69069 -13.45 8.8223
    endloop
  endfacet
  facet normal 0.987685 0 0.156456
    outer loop
      vertex -7.66285 -13.45 8.64655
      vertex -7.69069 -14.65 8.8223
      vertex -7.66285 -14.65 8.64655
    endloop
  endfacet
  facet normal 0.77716 -0 0.629303
    outer loop
      vertex -7.37533 -14.65 8.00077
      vertex -7.26335 -13.45 7.86248
      vertex -7.37533 -13.45 8.00077
    endloop
  endfacet
  facet normal 0.77716 0 0.629303
    outer loop
      vertex -7.26335 -13.45 7.86248
      vertex -7.37533 -14.65 8.00077
      vertex -7.26335 -14.65 7.86248
    endloop
  endfacet
  facet normal 0.156456 0 0.987685
    outer loop
      vertex -6.35345 -13.45 7.33715
      vertex -6.1777 -14.65 7.30931
      vertex -6.1777 -13.45 7.30931
    endloop
  endfacet
  facet normal 0.156456 0 0.987685
    outer loop
      vertex -6.1777 -14.65 7.30931
      vertex -6.35345 -13.45 7.33715
      vertex -6.35345 -14.65 7.33715
    endloop
  endfacet
  facet normal -0.454056 0 -0.890973
    outer loop
      vertex -5.30855 -14.65 10.553
      vertex -5.15 -13.45 10.4722
      vertex -5.15 -14.65 10.4722
    endloop
  endfacet
  facet normal -0.454056 0 -0.890973
    outer loop
      vertex -5.15 -13.45 10.4722
      vertex -5.30855 -14.65 10.553
      vertex -5.30855 -13.45 10.553
    endloop
  endfacet
  facet normal -0.838673 0 0.544635
    outer loop
      vertex -4.62467 -14.65 8.00077
      vertex -4.52776 -13.45 8.15
      vertex -4.62467 -13.45 8.00077
    endloop
  endfacet
  facet normal -0.838673 0 0.544635
    outer loop
      vertex -4.52776 -13.45 8.15
      vertex -4.62467 -14.65 8.00077
      vertex -4.52776 -14.65 8.15
    endloop
  endfacet
  facet normal -0.707107 0 0.707107
    outer loop
      vertex -4.86248 -14.65 7.73665
      vertex -4.73665 -13.45 7.86248
      vertex -4.86248 -13.45 7.73665
    endloop
  endfacet
  facet normal -0.707107 0 0.707107
    outer loop
      vertex -4.73665 -13.45 7.86248
      vertex -4.86248 -14.65 7.73665
      vertex -4.73665 -14.65 7.86248
    endloop
  endfacet
  facet normal 0.0523199 0 0.99863
    outer loop
      vertex -6.1777 -13.45 7.30931
      vertex -6 -14.65 7.3
      vertex -6 -13.45 7.3
    endloop
  endfacet
  facet normal 0.0523199 0 0.99863
    outer loop
      vertex -6 -14.65 7.3
      vertex -6.1777 -13.45 7.30931
      vertex -6.1777 -14.65 7.30931
    endloop
  endfacet
  facet normal -0.258792 0 0.965933
    outer loop
      vertex -5.64655 -13.45 7.33715
      vertex -5.47467 -14.65 7.3832
      vertex -5.47467 -13.45 7.3832
    endloop
  endfacet
  facet normal -0.258792 0 0.965933
    outer loop
      vertex -5.47467 -14.65 7.3832
      vertex -5.64655 -13.45 7.33715
      vertex -5.64655 -14.65 7.33715
    endloop
  endfacet
  facet normal -0.156456 0 0.987685
    outer loop
      vertex -5.8223 -13.45 7.30931
      vertex -5.64655 -14.65 7.33715
      vertex -5.64655 -13.45 7.33715
    endloop
  endfacet
  facet normal -0.156456 0 0.987685
    outer loop
      vertex -5.64655 -14.65 7.33715
      vertex -5.8223 -13.45 7.30931
      vertex -5.8223 -14.65 7.30931
    endloop
  endfacet
  facet normal -0.454012 0 0.890996
    outer loop
      vertex -5.30855 -13.45 7.44697
      vertex -5.15 -14.65 7.52776
      vertex -5.15 -13.45 7.52776
    endloop
  endfacet
  facet normal -0.454012 0 0.890996
    outer loop
      vertex -5.15 -14.65 7.52776
      vertex -5.30855 -13.45 7.44697
      vertex -5.30855 -14.65 7.44697
    endloop
  endfacet
  facet normal -0.629303 0 0.77716
    outer loop
      vertex -5.00077 -13.45 7.62467
      vertex -4.86248 -14.65 7.73665
      vertex -4.86248 -13.45 7.73665
    endloop
  endfacet
  facet normal -0.629303 0 0.77716
    outer loop
      vertex -4.86248 -14.65 7.73665
      vertex -5.00077 -13.45 7.62467
      vertex -5.00077 -14.65 7.62467
    endloop
  endfacet
  facet normal 0.99863 -0 0.0523199
    outer loop
      vertex -7.7 -14.65 9
      vertex -7.69069 -13.45 8.8223
      vertex -7.7 -13.45 9
    endloop
  endfacet
  facet normal 0.99863 0 0.0523199
    outer loop
      vertex -7.69069 -13.45 8.8223
      vertex -7.7 -14.65 9
      vertex -7.69069 -14.65 8.8223
    endloop
  endfacet
  facet normal 0.933576 -0 0.35838
    outer loop
      vertex -7.6168 -14.65 8.47467
      vertex -7.55303 -13.45 8.30855
      vertex -7.6168 -13.45 8.47467
    endloop
  endfacet
  facet normal 0.933576 0 0.35838
    outer loop
      vertex -7.55303 -13.45 8.30855
      vertex -7.6168 -14.65 8.47467
      vertex -7.55303 -14.65 8.30855
    endloop
  endfacet
  facet normal 0.965933 -0 0.258792
    outer loop
      vertex -7.66285 -14.65 8.64655
      vertex -7.6168 -13.45 8.47467
      vertex -7.66285 -13.45 8.64655
    endloop
  endfacet
  facet normal 0.965933 0 0.258792
    outer loop
      vertex -7.6168 -13.45 8.47467
      vertex -7.66285 -14.65 8.64655
      vertex -7.6168 -14.65 8.47467
    endloop
  endfacet
  facet normal 0.838673 -0 0.544635
    outer loop
      vertex -7.47224 -14.65 8.15
      vertex -7.37533 -13.45 8.00077
      vertex -7.47224 -13.45 8.15
    endloop
  endfacet
  facet normal 0.838673 0 0.544635
    outer loop
      vertex -7.37533 -13.45 8.00077
      vertex -7.47224 -14.65 8.15
      vertex -7.37533 -14.65 8.00077
    endloop
  endfacet
  facet normal 0.258792 0 0.965933
    outer loop
      vertex -6.52533 -13.45 7.3832
      vertex -6.35345 -14.65 7.33715
      vertex -6.35345 -13.45 7.33715
    endloop
  endfacet
  facet normal 0.258792 0 0.965933
    outer loop
      vertex -6.35345 -14.65 7.33715
      vertex -6.52533 -13.45 7.3832
      vertex -6.52533 -14.65 7.3832
    endloop
  endfacet
  facet normal 0.544635 0 0.838673
    outer loop
      vertex -6.99923 -13.45 7.62467
      vertex -6.85 -14.65 7.52776
      vertex -6.85 -13.45 7.52776
    endloop
  endfacet
  facet normal 0.544635 0 0.838673
    outer loop
      vertex -6.85 -14.65 7.52776
      vertex -6.99923 -13.45 7.62467
      vertex -6.99923 -14.65 7.62467
    endloop
  endfacet
  facet normal 0.629303 0 0.77716
    outer loop
      vertex -7.13752 -13.45 7.73665
      vertex -6.99923 -14.65 7.62467
      vertex -6.99923 -13.45 7.62467
    endloop
  endfacet
  facet normal 0.629303 0 0.77716
    outer loop
      vertex -6.99923 -14.65 7.62467
      vertex -7.13752 -13.45 7.73665
      vertex -7.13752 -14.65 7.73665
    endloop
  endfacet
  facet normal 0.454012 0 0.890996
    outer loop
      vertex -6.85 -13.45 7.52776
      vertex -6.69145 -14.65 7.44697
      vertex -6.69145 -13.45 7.44697
    endloop
  endfacet
  facet normal 0.454012 0 0.890996
    outer loop
      vertex -6.69145 -14.65 7.44697
      vertex -6.85 -13.45 7.52776
      vertex -6.85 -14.65 7.52776
    endloop
  endfacet
  facet normal 0.707107 -0 0.707107
    outer loop
      vertex -7.26335 -14.65 7.86248
      vertex -7.13752 -13.45 7.73665
      vertex -7.26335 -13.45 7.86248
    endloop
  endfacet
  facet normal 0.707107 0 0.707107
    outer loop
      vertex -7.13752 -13.45 7.73665
      vertex -7.26335 -14.65 7.86248
      vertex -7.13752 -14.65 7.73665
    endloop
  endfacet
  facet normal -0.99863 0 0.0523199
    outer loop
      vertex -4.30931 -14.65 8.8223
      vertex -4.3 -13.45 9
      vertex -4.30931 -13.45 8.8223
    endloop
  endfacet
  facet normal -0.99863 0 0.0523199
    outer loop
      vertex -4.3 -13.45 9
      vertex -4.30931 -14.65 8.8223
      vertex -4.3 -14.65 9
    endloop
  endfacet
  facet normal -0.965933 0 -0.258792
    outer loop
      vertex -4.33715 -14.65 9.35345
      vertex -4.3832 -13.45 9.52533
      vertex -4.33715 -13.45 9.35345
    endloop
  endfacet
  facet normal -0.965933 -0 -0.258792
    outer loop
      vertex -4.3832 -13.45 9.52533
      vertex -4.33715 -14.65 9.35345
      vertex -4.3832 -14.65 9.52533
    endloop
  endfacet
  facet normal 0.890996 0 -0.454012
    outer loop
      vertex -7.47224 -14.65 9.85
      vertex -7.55303 -13.45 9.69145
      vertex -7.47224 -13.45 9.85
    endloop
  endfacet
  facet normal 0.890996 0 -0.454012
    outer loop
      vertex -7.55303 -13.45 9.69145
      vertex -7.47224 -14.65 9.85
      vertex -7.55303 -14.65 9.69145
    endloop
  endfacet
  facet normal -0.156237 0 -0.98772
    outer loop
      vertex -5.8223 -14.65 10.6907
      vertex -5.64655 -13.45 10.6629
      vertex -5.64655 -14.65 10.6629
    endloop
  endfacet
  facet normal -0.156237 0 -0.98772
    outer loop
      vertex -5.64655 -13.45 10.6629
      vertex -5.8223 -14.65 10.6907
      vertex -5.8223 -13.45 10.6907
    endloop
  endfacet
  facet normal -0.933576 0 0.35838
    outer loop
      vertex -4.44697 -14.65 8.30855
      vertex -4.3832 -13.45 8.47467
      vertex -4.44697 -13.45 8.30855
    endloop
  endfacet
  facet normal -0.933576 0 0.35838
    outer loop
      vertex -4.3832 -13.45 8.47467
      vertex -4.44697 -14.65 8.30855
      vertex -4.3832 -14.65 8.47467
    endloop
  endfacet
  facet normal -0.965933 0 0.258792
    outer loop
      vertex -4.3832 -14.65 8.47467
      vertex -4.33715 -13.45 8.64655
      vertex -4.3832 -13.45 8.47467
    endloop
  endfacet
  facet normal -0.965933 0 0.258792
    outer loop
      vertex -4.33715 -13.45 8.64655
      vertex -4.3832 -14.65 8.47467
      vertex -4.33715 -14.65 8.64655
    endloop
  endfacet
  facet normal -0.77716 0 0.629303
    outer loop
      vertex -4.73665 -14.65 7.86248
      vertex -4.62467 -13.45 8.00077
      vertex -4.73665 -13.45 7.86248
    endloop
  endfacet
  facet normal -0.77716 0 0.629303
    outer loop
      vertex -4.62467 -13.45 8.00077
      vertex -4.73665 -14.65 7.86248
      vertex -4.62467 -14.65 8.00077
    endloop
  endfacet
  facet normal -0.0523199 0 0.99863
    outer loop
      vertex -6 -13.45 7.3
      vertex -5.8223 -14.65 7.30931
      vertex -5.8223 -13.45 7.30931
    endloop
  endfacet
  facet normal -0.0523199 0 0.99863
    outer loop
      vertex -5.8223 -14.65 7.30931
      vertex -6 -13.45 7.3
      vertex -6 -14.65 7.3
    endloop
  endfacet
  facet normal -0.777115 0 -0.629358
    outer loop
      vertex -4.62467 -14.65 9.99923
      vertex -4.73665 -13.45 10.1375
      vertex -4.62467 -13.45 9.99923
    endloop
  endfacet
  facet normal -0.777115 -0 -0.629358
    outer loop
      vertex -4.73665 -13.45 10.1375
      vertex -4.62467 -14.65 9.99923
      vertex -4.73665 -14.65 10.1375
    endloop
  endfacet
  facet normal -0.890996 0 -0.454012
    outer loop
      vertex -4.44697 -14.65 9.69145
      vertex -4.52776 -13.45 9.85
      vertex -4.44697 -13.45 9.69145
    endloop
  endfacet
  facet normal -0.890996 -0 -0.454012
    outer loop
      vertex -4.52776 -13.45 9.85
      vertex -4.44697 -14.65 9.69145
      vertex -4.52776 -14.65 9.85
    endloop
  endfacet
  facet normal -0.838673 0 -0.544635
    outer loop
      vertex -4.52776 -14.65 9.85
      vertex -4.62467 -13.45 9.99923
      vertex -4.52776 -13.45 9.85
    endloop
  endfacet
  facet normal -0.838673 -0 -0.544635
    outer loop
      vertex -4.62467 -13.45 9.99923
      vertex -4.52776 -14.65 9.85
      vertex -4.62467 -14.65 9.99923
    endloop
  endfacet
  facet normal 0.0522639 0 -0.998633
    outer loop
      vertex -6.1777 -14.65 10.6907
      vertex -6 -13.45 10.7
      vertex -6 -14.65 10.7
    endloop
  endfacet
  facet normal 0.0522639 0 -0.998633
    outer loop
      vertex -6 -13.45 10.7
      vertex -6.1777 -14.65 10.6907
      vertex -6.1777 -13.45 10.6907
    endloop
  endfacet
  facet normal 0.99863 0 -0.0523199
    outer loop
      vertex -7.69069 -14.65 9.1777
      vertex -7.7 -13.45 9
      vertex -7.69069 -13.45 9.1777
    endloop
  endfacet
  facet normal 0.99863 0 -0.0523199
    outer loop
      vertex -7.7 -13.45 9
      vertex -7.69069 -14.65 9.1777
      vertex -7.7 -14.65 9
    endloop
  endfacet
  facet normal 0.933576 0 -0.35838
    outer loop
      vertex -7.55303 -14.65 9.69145
      vertex -7.6168 -13.45 9.52533
      vertex -7.55303 -13.45 9.69145
    endloop
  endfacet
  facet normal 0.933576 0 -0.35838
    outer loop
      vertex -7.6168 -13.45 9.52533
      vertex -7.55303 -14.65 9.69145
      vertex -7.6168 -14.65 9.52533
    endloop
  endfacet
  facet normal 0.965933 0 -0.258792
    outer loop
      vertex -7.6168 -14.65 9.52533
      vertex -7.66285 -13.45 9.35345
      vertex -7.6168 -13.45 9.52533
    endloop
  endfacet
  facet normal 0.965933 0 -0.258792
    outer loop
      vertex -7.66285 -13.45 9.35345
      vertex -7.6168 -14.65 9.52533
      vertex -7.66285 -14.65 9.35345
    endloop
  endfacet
  facet normal -0.358527 0 -0.933519
    outer loop
      vertex -5.47467 -14.65 10.6168
      vertex -5.30855 -13.45 10.553
      vertex -5.30855 -14.65 10.553
    endloop
  endfacet
  facet normal -0.358527 0 -0.933519
    outer loop
      vertex -5.30855 -13.45 10.553
      vertex -5.47467 -14.65 10.6168
      vertex -5.47467 -13.45 10.6168
    endloop
  endfacet
  facet normal -0.259054 0 -0.965863
    outer loop
      vertex -5.64655 -14.65 10.6629
      vertex -5.47467 -13.45 10.6168
      vertex -5.47467 -14.65 10.6168
    endloop
  endfacet
  facet normal -0.259054 0 -0.965863
    outer loop
      vertex -5.47467 -13.45 10.6168
      vertex -5.64655 -14.65 10.6629
      vertex -5.64655 -13.45 10.6629
    endloop
  endfacet
  facet normal -0.987685 0 -0.156456
    outer loop
      vertex -4.30931 -14.65 9.1777
      vertex -4.33715 -13.45 9.35345
      vertex -4.30931 -13.45 9.1777
    endloop
  endfacet
  facet normal -0.987685 -0 -0.156456
    outer loop
      vertex -4.33715 -13.45 9.35345
      vertex -4.30931 -14.65 9.1777
      vertex -4.33715 -14.65 9.35345
    endloop
  endfacet
  facet normal -0.629371 0 -0.777105
    outer loop
      vertex -5.00077 -14.65 10.3753
      vertex -4.86248 -13.45 10.2633
      vertex -4.86248 -14.65 10.2633
    endloop
  endfacet
  facet normal -0.629371 0 -0.777105
    outer loop
      vertex -4.86248 -13.45 10.2633
      vertex -5.00077 -14.65 10.3753
      vertex -5.00077 -13.45 10.3753
    endloop
  endfacet
  facet normal -0.933576 0 -0.35838
    outer loop
      vertex -4.3832 -14.65 9.52533
      vertex -4.44697 -13.45 9.69145
      vertex -4.3832 -13.45 9.52533
    endloop
  endfacet
  facet normal -0.933576 -0 -0.35838
    outer loop
      vertex -4.44697 -13.45 9.69145
      vertex -4.3832 -14.65 9.52533
      vertex -4.44697 -14.65 9.69145
    endloop
  endfacet
  facet normal -0.0522639 0 -0.998633
    outer loop
      vertex -6 -14.65 10.7
      vertex -5.8223 -13.45 10.6907
      vertex -5.8223 -14.65 10.6907
    endloop
  endfacet
  facet normal -0.0522639 0 -0.998633
    outer loop
      vertex -5.8223 -13.45 10.6907
      vertex -6 -14.65 10.7
      vertex -6 -13.45 10.7
    endloop
  endfacet
  facet normal 0.777115 0 -0.629358
    outer loop
      vertex -7.26335 -14.65 10.1375
      vertex -7.37533 -13.45 9.99923
      vertex -7.26335 -13.45 10.1375
    endloop
  endfacet
  facet normal 0.777115 0 -0.629358
    outer loop
      vertex -7.37533 -13.45 9.99923
      vertex -7.26335 -14.65 10.1375
      vertex -7.37533 -14.65 9.99923
    endloop
  endfacet
  facet normal 0.707022 0 -0.707191
    outer loop
      vertex -7.13752 -14.65 10.2633
      vertex -7.26335 -13.45 10.1375
      vertex -7.13752 -13.45 10.2633
    endloop
  endfacet
  facet normal 0.707022 0 -0.707191
    outer loop
      vertex -7.26335 -13.45 10.1375
      vertex -7.13752 -14.65 10.2633
      vertex -7.26335 -14.65 10.1375
    endloop
  endfacet
  facet normal 0.987685 0 -0.156456
    outer loop
      vertex -7.66285 -14.65 9.35345
      vertex -7.69069 -13.45 9.1777
      vertex -7.66285 -13.45 9.35345
    endloop
  endfacet
  facet normal 0.987685 0 -0.156456
    outer loop
      vertex -7.69069 -13.45 9.1777
      vertex -7.66285 -14.65 9.35345
      vertex -7.69069 -14.65 9.1777
    endloop
  endfacet
  facet normal -0.707022 0 -0.707191
    outer loop
      vertex -4.73665 -14.65 10.1375
      vertex -4.86248 -13.45 10.2633
      vertex -4.73665 -13.45 10.1375
    endloop
  endfacet
  facet normal -0.707022 -0 -0.707191
    outer loop
      vertex -4.86248 -13.45 10.2633
      vertex -4.73665 -14.65 10.1375
      vertex -4.86248 -14.65 10.2633
    endloop
  endfacet
  facet normal -0.544595 0 -0.838699
    outer loop
      vertex -5.15 -14.65 10.4722
      vertex -5.00077 -13.45 10.3753
      vertex -5.00077 -14.65 10.3753
    endloop
  endfacet
  facet normal -0.544595 0 -0.838699
    outer loop
      vertex -5.00077 -13.45 10.3753
      vertex -5.15 -14.65 10.4722
      vertex -5.15 -13.45 10.4722
    endloop
  endfacet
  facet normal 0.454056 0 -0.890973
    outer loop
      vertex -6.85 -14.65 10.4722
      vertex -6.69145 -13.45 10.553
      vertex -6.69145 -14.65 10.553
    endloop
  endfacet
  facet normal 0.454056 0 -0.890973
    outer loop
      vertex -6.69145 -13.45 10.553
      vertex -6.85 -14.65 10.4722
      vertex -6.85 -13.45 10.4722
    endloop
  endfacet
  facet normal 0.838673 0 -0.544635
    outer loop
      vertex -7.37533 -14.65 9.99923
      vertex -7.47224 -13.45 9.85
      vertex -7.37533 -13.45 9.99923
    endloop
  endfacet
  facet normal 0.838673 0 -0.544635
    outer loop
      vertex -7.47224 -13.45 9.85
      vertex -7.37533 -14.65 9.99923
      vertex -7.47224 -14.65 9.85
    endloop
  endfacet
  facet normal 0.544595 0 -0.838699
    outer loop
      vertex -6.99923 -14.65 10.3753
      vertex -6.85 -13.45 10.4722
      vertex -6.85 -14.65 10.4722
    endloop
  endfacet
  facet normal 0.544595 0 -0.838699
    outer loop
      vertex -6.85 -13.45 10.4722
      vertex -6.99923 -14.65 10.3753
      vertex -6.99923 -13.45 10.3753
    endloop
  endfacet
  facet normal 0.629371 0 -0.777105
    outer loop
      vertex -7.13752 -14.65 10.2633
      vertex -6.99923 -13.45 10.3753
      vertex -6.99923 -14.65 10.3753
    endloop
  endfacet
  facet normal 0.629371 0 -0.777105
    outer loop
      vertex -6.99923 -13.45 10.3753
      vertex -7.13752 -14.65 10.2633
      vertex -7.13752 -13.45 10.2633
    endloop
  endfacet
  facet normal 0.358527 0 -0.933519
    outer loop
      vertex -6.69145 -14.65 10.553
      vertex -6.52533 -13.45 10.6168
      vertex -6.52533 -14.65 10.6168
    endloop
  endfacet
  facet normal 0.358527 0 -0.933519
    outer loop
      vertex -6.52533 -13.45 10.6168
      vertex -6.69145 -14.65 10.553
      vertex -6.69145 -13.45 10.553
    endloop
  endfacet
  facet normal 0.156237 0 -0.98772
    outer loop
      vertex -6.35345 -14.65 10.6629
      vertex -6.1777 -13.45 10.6907
      vertex -6.1777 -14.65 10.6907
    endloop
  endfacet
  facet normal 0.156237 0 -0.98772
    outer loop
      vertex -6.1777 -13.45 10.6907
      vertex -6.35345 -14.65 10.6629
      vertex -6.35345 -13.45 10.6629
    endloop
  endfacet
  facet normal 0.259054 0 -0.965863
    outer loop
      vertex -6.52533 -14.65 10.6168
      vertex -6.35345 -13.45 10.6629
      vertex -6.35345 -14.65 10.6629
    endloop
  endfacet
  facet normal 0.259054 0 -0.965863
    outer loop
      vertex -6.35345 -13.45 10.6629
      vertex -6.52533 -14.65 10.6168
      vertex -6.52533 -13.45 10.6168
    endloop
  endfacet
  facet normal -0.774228 -0.631606 0.0405631
    outer loop
      vertex -2.83207 -16.45 8.99065
      vertex -4.3 -14.65 9
      vertex -4.30931 -14.65 8.8223
    endloop
  endfacet
  facet normal -0.774227 -0.631606 0.0405745
    outer loop
      vertex -4.3 -14.65 9
      vertex -2.83207 -16.45 8.99065
      vertex -2.83158 -16.45 9
    endloop
  endfacet
  facet normal -0.774228 -0.631605 0.040583
    outer loop
      vertex -2.84894 -16.45 8.66881
      vertex -2.83207 -16.45 8.99065
      vertex -4.30931 -14.65 8.8223
    endloop
  endfacet
  facet normal 0.548195 -0.631617 -0.548218
    outer loop
      vertex -8.3546 -16.45 11.1201
      vertex -7.13752 -14.65 10.2633
      vertex -8.12009 -16.45 11.3546
    endloop
  endfacet
  facet normal 0.548145 -0.63161 -0.548275
    outer loop
      vertex -7.13752 -14.65 10.2633
      vertex -8.3546 -16.45 11.1201
      vertex -7.26335 -14.65 10.1375
    endloop
  endfacet
  facet normal -0.602559 -0.63161 -0.487844
    outer loop
      vertex -3.44259 -16.45 10.8696
      vertex -3.6454 -16.45 11.1201
      vertex -4.73665 -14.65 10.1375
    endloop
  endfacet
  facet normal -0.487893 -0.631607 0.602523
    outer loop
      vertex -4.13037 -16.45 6.44259
      vertex -3.87991 -16.45 6.6454
      vertex -4.86248 -14.65 7.73665
    endloop
  endfacet
  facet normal 0.548212 -0.631607 0.548212
    outer loop
      vertex -8.3546 -16.45 6.87991
      vertex -7.13752 -14.65 7.73665
      vertex -7.26335 -14.65 7.86248
    endloop
  endfacet
  facet normal 0.548212 -0.631607 0.548212
    outer loop
      vertex -7.13752 -14.65 7.73665
      vertex -8.3546 -16.45 6.87991
      vertex -8.12009 -16.45 6.6454
    endloop
  endfacet
  facet normal 0.774227 -0.631606 0.0405745
    outer loop
      vertex -9.16793 -16.45 8.99065
      vertex -7.7 -14.65 9
      vertex -9.16842 -16.45 9
    endloop
  endfacet
  facet normal 0.774228 -0.631606 0.0405631
    outer loop
      vertex -7.7 -14.65 9
      vertex -9.16793 -16.45 8.99065
      vertex -7.69069 -14.65 8.8223
    endloop
  endfacet
  facet normal -0.548212 -0.631607 0.548212
    outer loop
      vertex -4.86248 -14.65 7.73665
      vertex -3.6454 -16.45 6.87991
      vertex -4.73665 -14.65 7.86248
    endloop
  endfacet
  facet normal -0.548212 -0.631607 0.548212
    outer loop
      vertex -3.6454 -16.45 6.87991
      vertex -4.86248 -14.65 7.73665
      vertex -3.87991 -16.45 6.6454
    endloop
  endfacet
  facet normal -0.487892 -0.631607 0.602523
    outer loop
      vertex -5.00077 -14.65 7.62467
      vertex -4.13037 -16.45 6.44259
      vertex -4.86248 -14.65 7.73665
    endloop
  endfacet
  facet normal -0.488147 -0.631599 0.602324
    outer loop
      vertex -4.13037 -16.45 6.44259
      vertex -5.00077 -14.65 7.62467
      vertex -4.13765 -16.45 6.43669
    endloop
  endfacet
  facet normal -0.422238 -0.631607 0.650221
    outer loop
      vertex -4.40794 -16.45 6.26117
      vertex -4.13765 -16.45 6.43669
      vertex -5.00077 -14.65 7.62467
    endloop
  endfacet
  facet normal -0.72368 -0.631574 0.278211
    outer loop
      vertex -2.98665 -16.45 8.0209
      vertex -4.44697 -14.65 8.30855
      vertex -2.99001 -16.45 8.01216
    endloop
  endfacet
  facet normal -0.723792 -0.631606 0.277848
    outer loop
      vertex -4.44697 -14.65 8.30855
      vertex -2.98665 -16.45 8.0209
      vertex -4.3832 -14.65 8.47467
    endloop
  endfacet
  facet normal -0.690784 -0.631606 0.351983
    outer loop
      vertex -3.25182 -16.45 7.42413
      vertex -3.1055 -16.45 7.71129
      vertex -4.44697 -14.65 8.30855
    endloop
  endfacet
  facet normal 0.651232 -0.631781 -0.420416
    outer loop
      vertex -8.74393 -16.45 10.5842
      vertex -7.37533 -14.65 9.99923
      vertex -8.73883 -16.45 10.5921
    endloop
  endfacet
  facet normal 0.650216 -0.631605 -0.42225
    outer loop
      vertex -7.37533 -14.65 9.99923
      vertex -8.74393 -16.45 10.5842
      vertex -7.47224 -14.65 9.85
    endloop
  endfacet
  facet normal 0.765673 -0.631616 -0.12168
    outer loop
      vertex -9.10065 -16.45 9.6495
      vertex -7.66285 -14.65 9.35345
      vertex -9.09918 -16.45 9.65875
    endloop
  endfacet
  facet normal 0.765741 -0.631607 -0.121299
    outer loop
      vertex -7.66285 -14.65 9.35345
      vertex -9.10065 -16.45 9.6495
      vertex -7.69069 -14.65 9.1777
    endloop
  endfacet
  facet normal 0.748874 -0.631606 -0.200654
    outer loop
      vertex -7.66285 -14.65 9.35345
      vertex -9.01577 -16.45 9.97005
      vertex -9.09918 -16.45 9.65875
    endloop
  endfacet
  facet normal -0.422384 -0.631593 -0.65014
    outer loop
      vertex -4.41579 -16.45 11.7439
      vertex -5.00077 -14.65 10.3753
      vertex -4.40794 -16.45 11.7388
    endloop
  endfacet
  facet normal -0.422217 -0.631609 -0.650232
    outer loop
      vertex -5.00077 -14.65 10.3753
      vertex -4.41579 -16.45 11.7439
      vertex -5.15 -14.65 10.4722
    endloop
  endfacet
  facet normal -0.765748 -0.631605 -0.12127
    outer loop
      vertex -2.84894 -16.45 9.33119
      vertex -2.89935 -16.45 9.6495
      vertex -4.30931 -14.65 9.1777
    endloop
  endfacet
  facet normal -0.116039 -0.631452 -0.766683
    outer loop
      vertex -5.3505 -16.45 12.1006
      vertex -5.64655 -14.65 10.6629
      vertex -5.34125 -16.45 12.0992
    endloop
  endfacet
  facet normal -0.121132 -0.631578 -0.765792
    outer loop
      vertex -5.64655 -14.65 10.6629
      vertex -5.3505 -16.45 12.1006
      vertex -5.8223 -14.65 10.6907
    endloop
  endfacet
  facet normal -0.200633 -0.631599 -0.748886
    outer loop
      vertex -5.02995 -16.45 12.0158
      vertex -5.34125 -16.45 12.0992
      vertex -5.64655 -14.65 10.6629
    endloop
  endfacet
  facet normal -0.774228 -0.631605 -0.040583
    outer loop
      vertex -2.83207 -16.45 9.00935
      vertex -2.84894 -16.45 9.33119
      vertex -4.30931 -14.65 9.1777
    endloop
  endfacet
  facet normal -0.774227 -0.631606 -0.0405745
    outer loop
      vertex -2.83207 -16.45 9.00935
      vertex -4.3 -14.65 9
      vertex -2.83158 -16.45 9
    endloop
  endfacet
  facet normal -0.774228 -0.631606 -0.0405631
    outer loop
      vertex -4.3 -14.65 9
      vertex -2.83207 -16.45 9.00935
      vertex -4.30931 -14.65 9.1777
    endloop
  endfacet
  facet normal -0.765748 -0.631605 0.12127
    outer loop
      vertex -2.89935 -16.45 8.3505
      vertex -2.84894 -16.45 8.66881
      vertex -4.30931 -14.65 8.8223
    endloop
  endfacet
  facet normal 0.774228 -0.631605 0.040583
    outer loop
      vertex -9.15106 -16.45 8.66881
      vertex -7.69069 -14.65 8.8223
      vertex -9.16793 -16.45 8.99065
    endloop
  endfacet
  facet normal 0.12127 -0.631605 0.765748
    outer loop
      vertex -6.33119 -16.45 5.84894
      vertex -6.1777 -14.65 7.30931
      vertex -6.6495 -16.45 5.89935
    endloop
  endfacet
  facet normal -0.0405631 -0.631606 0.774228
    outer loop
      vertex -6 -14.65 7.3
      vertex -5.99065 -16.45 5.83207
      vertex -5.8223 -14.65 7.30931
    endloop
  endfacet
  facet normal -0.0405745 -0.631606 0.774227
    outer loop
      vertex -5.99065 -16.45 5.83207
      vertex -6 -14.65 7.3
      vertex -6 -16.45 5.83158
    endloop
  endfacet
  facet normal -0.65014 -0.631593 0.422384
    outer loop
      vertex -3.25607 -16.45 7.41579
      vertex -4.62467 -14.65 8.00077
      vertex -3.26117 -16.45 7.40794
    endloop
  endfacet
  facet normal -0.650215 -0.631606 0.422249
    outer loop
      vertex -4.62467 -14.65 8.00077
      vertex -3.25607 -16.45 7.41579
      vertex -4.52776 -14.65 8.15
    endloop
  endfacet
  facet normal -0.765673 -0.631616 0.12168
    outer loop
      vertex -2.89935 -16.45 8.3505
      vertex -4.33715 -14.65 8.64655
      vertex -2.90082 -16.45 8.34125
    endloop
  endfacet
  facet normal -0.765741 -0.631607 0.121299
    outer loop
      vertex -4.33715 -14.65 8.64655
      vertex -2.89935 -16.45 8.3505
      vertex -4.30931 -14.65 8.8223
    endloop
  endfacet
  facet normal -0.748874 -0.631606 0.200654
    outer loop
      vertex -2.98423 -16.45 8.02995
      vertex -2.90082 -16.45 8.34125
      vertex -4.33715 -14.65 8.64655
    endloop
  endfacet
  facet normal -0.723798 -0.631606 0.277832
    outer loop
      vertex -3.1055 -16.45 7.71129
      vertex -2.99001 -16.45 8.01216
      vertex -4.44697 -14.65 8.30855
    endloop
  endfacet
  facet normal 0.602559 -0.63161 -0.487844
    outer loop
      vertex -7.26335 -14.65 10.1375
      vertex -8.3546 -16.45 11.1201
      vertex -8.55741 -16.45 10.8696
    endloop
  endfacet
  facet normal 0.487873 -0.631616 -0.602528
    outer loop
      vertex -7.13752 -14.65 10.2633
      vertex -7.86963 -16.45 11.5574
      vertex -8.12009 -16.45 11.3546
    endloop
  endfacet
  facet normal 0.72368 -0.631574 -0.278211
    outer loop
      vertex -9.01335 -16.45 9.9791
      vertex -7.55303 -14.65 9.69145
      vertex -9.00999 -16.45 9.98784
    endloop
  endfacet
  facet normal 0.723792 -0.631606 -0.277848
    outer loop
      vertex -7.55303 -14.65 9.69145
      vertex -9.01335 -16.45 9.9791
      vertex -7.6168 -14.65 9.52533
    endloop
  endfacet
  facet normal 0.774228 -0.631606 -0.0405631
    outer loop
      vertex -9.16793 -16.45 9.00935
      vertex -7.7 -14.65 9
      vertex -7.69069 -14.65 9.1777
    endloop
  endfacet
  facet normal 0.774227 -0.631606 -0.0405745
    outer loop
      vertex -7.7 -14.65 9
      vertex -9.16793 -16.45 9.00935
      vertex -9.16842 -16.45 9
    endloop
  endfacet
  facet normal 0.774228 -0.631605 -0.040583
    outer loop
      vertex -7.69069 -14.65 9.1777
      vertex -9.15106 -16.45 9.33119
      vertex -9.16793 -16.45 9.00935
    endloop
  endfacet
  facet normal 0.765748 -0.631605 -0.12127
    outer loop
      vertex -7.69069 -14.65 9.1777
      vertex -9.10065 -16.45 9.6495
      vertex -9.15106 -16.45 9.33119
    endloop
  endfacet
  facet normal -0.487873 -0.631616 -0.602528
    outer loop
      vertex -3.87991 -16.45 11.3546
      vertex -4.13037 -16.45 11.5574
      vertex -4.86248 -14.65 10.2633
    endloop
  endfacet
  facet normal -0.548195 -0.631617 -0.548218
    outer loop
      vertex -4.86248 -14.65 10.2633
      vertex -3.6454 -16.45 11.1201
      vertex -3.87991 -16.45 11.3546
    endloop
  endfacet
  facet normal -0.548145 -0.63161 -0.548275
    outer loop
      vertex -3.6454 -16.45 11.1201
      vertex -4.86248 -14.65 10.2633
      vertex -4.73665 -14.65 10.1375
    endloop
  endfacet
  facet normal -0.690803 -0.631606 -0.351944
    outer loop
      vertex -3.1055 -16.45 10.2887
      vertex -3.25182 -16.45 10.5759
      vertex -4.44697 -14.65 9.69145
    endloop
  endfacet
  facet normal -0.273757 -0.631958 -0.725042
    outer loop
      vertex -5.0209 -16.45 12.0133
      vertex -5.30855 -14.65 10.553
      vertex -5.01216 -16.45 12.01
    endloop
  endfacet
  facet normal -0.277967 -0.631591 -0.723759
    outer loop
      vertex -5.30855 -14.65 10.553
      vertex -5.0209 -16.45 12.0133
      vertex -5.47467 -14.65 10.6168
    endloop
  endfacet
  facet normal -0.0414013 -0.631579 -0.774205
    outer loop
      vertex -6 -14.65 10.7
      vertex -5.99065 -16.45 12.1679
      vertex -6 -16.45 12.1684
    endloop
  endfacet
  facet normal -0.0405199 -0.631599 -0.774235
    outer loop
      vertex -5.99065 -16.45 12.1679
      vertex -6 -14.65 10.7
      vertex -5.8223 -14.65 10.6907
    endloop
  endfacet
  facet normal -0.0404149 -0.631608 -0.774234
    outer loop
      vertex -5.8223 -14.65 10.6907
      vertex -5.66881 -16.45 12.1511
      vertex -5.99065 -16.45 12.1679
    endloop
  endfacet
  facet normal -0.121481 -0.631607 -0.765712
    outer loop
      vertex -5.3505 -16.45 12.1006
      vertex -5.66881 -16.45 12.1511
      vertex -5.8223 -14.65 10.6907
    endloop
  endfacet
  facet normal -0.765741 -0.631607 -0.121299
    outer loop
      vertex -2.89935 -16.45 9.6495
      vertex -4.33715 -14.65 9.35345
      vertex -4.30931 -14.65 9.1777
    endloop
  endfacet
  facet normal -0.765673 -0.631616 -0.12168
    outer loop
      vertex -4.33715 -14.65 9.35345
      vertex -2.89935 -16.45 9.6495
      vertex -2.90082 -16.45 9.65875
    endloop
  endfacet
  facet normal 0.765741 -0.631607 0.121299
    outer loop
      vertex -9.10065 -16.45 8.3505
      vertex -7.66285 -14.65 8.64655
      vertex -7.69069 -14.65 8.8223
    endloop
  endfacet
  facet normal 0.765673 -0.631616 0.12168
    outer loop
      vertex -7.66285 -14.65 8.64655
      vertex -9.10065 -16.45 8.3505
      vertex -9.09918 -16.45 8.34125
    endloop
  endfacet
  facet normal 0.602324 -0.631599 0.488147
    outer loop
      vertex -8.55741 -16.45 7.13037
      vertex -7.37533 -14.65 8.00077
      vertex -8.56331 -16.45 7.13765
    endloop
  endfacet
  facet normal 0.602523 -0.631607 0.487892
    outer loop
      vertex -7.37533 -14.65 8.00077
      vertex -8.55741 -16.45 7.13037
      vertex -7.26335 -14.65 7.86248
    endloop
  endfacet
  facet normal 0.602523 -0.631607 0.487893
    outer loop
      vertex -8.3546 -16.45 6.87991
      vertex -7.26335 -14.65 7.86248
      vertex -8.55741 -16.45 7.13037
    endloop
  endfacet
  facet normal 0.487892 -0.631607 0.602523
    outer loop
      vertex -7.86963 -16.45 6.44259
      vertex -6.99923 -14.65 7.62467
      vertex -7.13752 -14.65 7.73665
    endloop
  endfacet
  facet normal 0.488147 -0.631599 0.602324
    outer loop
      vertex -6.99923 -14.65 7.62467
      vertex -7.86963 -16.45 6.44259
      vertex -7.86235 -16.45 6.43669
    endloop
  endfacet
  facet normal 0.121299 -0.631607 0.765741
    outer loop
      vertex -6.35345 -14.65 7.33715
      vertex -6.6495 -16.45 5.89935
      vertex -6.1777 -14.65 7.30931
    endloop
  endfacet
  facet normal 0.12168 -0.631616 0.765673
    outer loop
      vertex -6.6495 -16.45 5.89935
      vertex -6.35345 -14.65 7.33715
      vertex -6.65875 -16.45 5.90082
    endloop
  endfacet
  facet normal 0.200654 -0.631606 0.748874
    outer loop
      vertex -6.65875 -16.45 5.90082
      vertex -6.35345 -14.65 7.33715
      vertex -6.97005 -16.45 5.98423
    endloop
  endfacet
  facet normal 0.200639 -0.631604 0.748879
    outer loop
      vertex -6.52533 -14.65 7.3832
      vertex -6.97005 -16.45 5.98423
      vertex -6.35345 -14.65 7.33715
    endloop
  endfacet
  facet normal 0.20028 -0.631596 0.748982
    outer loop
      vertex -6.97005 -16.45 5.98423
      vertex -6.52533 -14.65 7.3832
      vertex -6.9791 -16.45 5.98665
    endloop
  endfacet
  facet normal 0.040583 -0.631605 0.774228
    outer loop
      vertex -6.00935 -16.45 5.83207
      vertex -6.1777 -14.65 7.30931
      vertex -6.33119 -16.45 5.84894
    endloop
  endfacet
  facet normal -0.277832 -0.631606 0.723798
    outer loop
      vertex -5.01216 -16.45 5.99001
      vertex -4.71129 -16.45 6.1055
      vertex -5.30855 -14.65 7.44697
    endloop
  endfacet
  facet normal -0.040583 -0.631605 0.774228
    outer loop
      vertex -5.66881 -16.45 5.84894
      vertex -5.8223 -14.65 7.30931
      vertex -5.99065 -16.45 5.83207
    endloop
  endfacet
  facet normal -0.12127 -0.631605 0.765748
    outer loop
      vertex -5.66881 -16.45 5.84894
      vertex -5.3505 -16.45 5.89935
      vertex -5.8223 -14.65 7.30931
    endloop
  endfacet
  facet normal 0.0405745 -0.631606 0.774227
    outer loop
      vertex -6 -14.65 7.3
      vertex -6.00935 -16.45 5.83207
      vertex -6 -16.45 5.83158
    endloop
  endfacet
  facet normal 0.0405631 -0.631606 0.774228
    outer loop
      vertex -6.00935 -16.45 5.83207
      vertex -6 -14.65 7.3
      vertex -6.1777 -14.65 7.30931
    endloop
  endfacet
  facet normal -0.602523 -0.631607 0.487892
    outer loop
      vertex -3.44259 -16.45 7.13037
      vertex -4.62467 -14.65 8.00077
      vertex -4.73665 -14.65 7.86248
    endloop
  endfacet
  facet normal -0.602324 -0.631599 0.488147
    outer loop
      vertex -4.62467 -14.65 8.00077
      vertex -3.44259 -16.45 7.13037
      vertex -3.43669 -16.45 7.13765
    endloop
  endfacet
  facet normal -0.650221 -0.631607 0.422238
    outer loop
      vertex -3.43669 -16.45 7.13765
      vertex -3.26117 -16.45 7.40794
      vertex -4.62467 -14.65 8.00077
    endloop
  endfacet
  facet normal -0.602523 -0.631607 0.487893
    outer loop
      vertex -3.6454 -16.45 6.87991
      vertex -3.44259 -16.45 7.13037
      vertex -4.73665 -14.65 7.86248
    endloop
  endfacet
  facet normal -0.690768 -0.631607 0.35201
    outer loop
      vertex -3.25182 -16.45 7.42413
      vertex -4.52776 -14.65 8.15
      vertex -3.25607 -16.45 7.41579
    endloop
  endfacet
  facet normal -0.690779 -0.631607 0.35199
    outer loop
      vertex -4.52776 -14.65 8.15
      vertex -3.25182 -16.45 7.42413
      vertex -4.44697 -14.65 8.30855
    endloop
  endfacet
  facet normal -0.748982 -0.631596 0.20028
    outer loop
      vertex -2.98423 -16.45 8.02995
      vertex -4.3832 -14.65 8.47467
      vertex -2.98665 -16.45 8.0209
    endloop
  endfacet
  facet normal -0.748879 -0.631604 0.200639
    outer loop
      vertex -4.3832 -14.65 8.47467
      vertex -2.98423 -16.45 8.02995
      vertex -4.33715 -14.65 8.64655
    endloop
  endfacet
  facet normal 0.0414013 -0.631579 -0.774205
    outer loop
      vertex -6.00935 -16.45 12.1679
      vertex -6 -14.65 10.7
      vertex -6 -16.45 12.1684
    endloop
  endfacet
  facet normal 0.0405199 -0.631599 -0.774235
    outer loop
      vertex -6 -14.65 10.7
      vertex -6.00935 -16.45 12.1679
      vertex -6.1777 -14.65 10.6907
    endloop
  endfacet
  facet normal 0.121481 -0.631607 -0.765712
    outer loop
      vertex -6.1777 -14.65 10.6907
      vertex -6.33119 -16.45 12.1511
      vertex -6.6495 -16.45 12.1006
    endloop
  endfacet
  facet normal 0.0404149 -0.631608 -0.774234
    outer loop
      vertex -6.1777 -14.65 10.6907
      vertex -6.00935 -16.45 12.1679
      vertex -6.33119 -16.45 12.1511
    endloop
  endfacet
  facet normal 0.690803 -0.631606 -0.351944
    outer loop
      vertex -7.55303 -14.65 9.69145
      vertex -8.74818 -16.45 10.5759
      vertex -8.8945 -16.45 10.2887
    endloop
  endfacet
  facet normal 0.723795 -0.631605 -0.277841
    outer loop
      vertex -7.55303 -14.65 9.69145
      vertex -8.8945 -16.45 10.2887
      vertex -9.00999 -16.45 9.98784
    endloop
  endfacet
  facet normal 0.650224 -0.631613 -0.422224
    outer loop
      vertex -7.37533 -14.65 9.99923
      vertex -8.56331 -16.45 10.8624
      vertex -8.73883 -16.45 10.5921
    endloop
  endfacet
  facet normal 0.599741 -0.631494 -0.491454
    outer loop
      vertex -7.37533 -14.65 9.99923
      vertex -8.55741 -16.45 10.8696
      vertex -8.56331 -16.45 10.8624
    endloop
  endfacet
  facet normal 0.602493 -0.631601 -0.487938
    outer loop
      vertex -8.55741 -16.45 10.8696
      vertex -7.37533 -14.65 9.99923
      vertex -7.26335 -14.65 10.1375
    endloop
  endfacet
  facet normal 0.748982 -0.631596 -0.20028
    outer loop
      vertex -9.01577 -16.45 9.97005
      vertex -7.6168 -14.65 9.52533
      vertex -9.01335 -16.45 9.9791
    endloop
  endfacet
  facet normal 0.748879 -0.631604 -0.200639
    outer loop
      vertex -7.6168 -14.65 9.52533
      vertex -9.01577 -16.45 9.97005
      vertex -7.66285 -14.65 9.35345
    endloop
  endfacet
  facet normal -0.650224 -0.631613 -0.422224
    outer loop
      vertex -3.26117 -16.45 10.5921
      vertex -3.43669 -16.45 10.8624
      vertex -4.62467 -14.65 9.99923
    endloop
  endfacet
  facet normal -0.690777 -0.63161 -0.351989
    outer loop
      vertex -3.25182 -16.45 10.5759
      vertex -4.52776 -14.65 9.85
      vertex -4.44697 -14.65 9.69145
    endloop
  endfacet
  facet normal -0.690055 -0.631644 -0.353341
    outer loop
      vertex -4.52776 -14.65 9.85
      vertex -3.25182 -16.45 10.5759
      vertex -3.25607 -16.45 10.5842
    endloop
  endfacet
  facet normal -0.650216 -0.631605 -0.42225
    outer loop
      vertex -3.25607 -16.45 10.5842
      vertex -4.62467 -14.65 9.99923
      vertex -4.52776 -14.65 9.85
    endloop
  endfacet
  facet normal -0.651232 -0.631781 -0.420416
    outer loop
      vertex -4.62467 -14.65 9.99923
      vertex -3.25607 -16.45 10.5842
      vertex -3.26117 -16.45 10.5921
    endloop
  endfacet
  facet normal -0.723795 -0.631605 -0.277841
    outer loop
      vertex -2.99001 -16.45 9.98784
      vertex -3.1055 -16.45 10.2887
      vertex -4.44697 -14.65 9.69145
    endloop
  endfacet
  facet normal -0.723792 -0.631606 -0.277848
    outer loop
      vertex -2.98665 -16.45 9.9791
      vertex -4.44697 -14.65 9.69145
      vertex -4.3832 -14.65 9.52533
    endloop
  endfacet
  facet normal -0.72368 -0.631574 -0.278211
    outer loop
      vertex -4.44697 -14.65 9.69145
      vertex -2.98665 -16.45 9.9791
      vertex -2.99001 -16.45 9.98784
    endloop
  endfacet
  facet normal -0.351942 -0.631614 -0.690797
    outer loop
      vertex -4.42413 -16.45 11.7482
      vertex -4.71129 -16.45 11.8945
      vertex -5.30855 -14.65 10.553
    endloop
  endfacet
  facet normal -0.277851 -0.631614 -0.723784
    outer loop
      vertex -4.71129 -16.45 11.8945
      vertex -5.01216 -16.45 12.01
      vertex -5.30855 -14.65 10.553
    endloop
  endfacet
  facet normal -0.422203 -0.63161 -0.650241
    outer loop
      vertex -4.13765 -16.45 11.5633
      vertex -4.40794 -16.45 11.7388
      vertex -5.00077 -14.65 10.3753
    endloop
  endfacet
  facet normal -0.488145 -0.631603 -0.602322
    outer loop
      vertex -5.00077 -14.65 10.3753
      vertex -4.13037 -16.45 11.5574
      vertex -4.13765 -16.45 11.5633
    endloop
  endfacet
  facet normal -0.487943 -0.631609 -0.602479
    outer loop
      vertex -4.13037 -16.45 11.5574
      vertex -5.00077 -14.65 10.3753
      vertex -4.86248 -14.65 10.2633
    endloop
  endfacet
  facet normal -0.206408 -0.631736 -0.747198
    outer loop
      vertex -5.02995 -16.45 12.0158
      vertex -5.47467 -14.65 10.6168
      vertex -5.0209 -16.45 12.0133
    endloop
  endfacet
  facet normal -0.20084 -0.631617 -0.748815
    outer loop
      vertex -5.47467 -14.65 10.6168
      vertex -5.02995 -16.45 12.0158
      vertex -5.64655 -14.65 10.6629
    endloop
  endfacet
  facet normal -0.748879 -0.631604 -0.200639
    outer loop
      vertex -2.98423 -16.45 9.97005
      vertex -4.3832 -14.65 9.52533
      vertex -4.33715 -14.65 9.35345
    endloop
  endfacet
  facet normal -0.748982 -0.631596 -0.20028
    outer loop
      vertex -4.3832 -14.65 9.52533
      vertex -2.98423 -16.45 9.97005
      vertex -2.98665 -16.45 9.9791
    endloop
  endfacet
  facet normal -0.748874 -0.631606 -0.200654
    outer loop
      vertex -2.90082 -16.45 9.65875
      vertex -2.98423 -16.45 9.97005
      vertex -4.33715 -14.65 9.35345
    endloop
  endfacet
  facet normal 0.765748 -0.631605 0.12127
    outer loop
      vertex -9.10065 -16.45 8.3505
      vertex -7.69069 -14.65 8.8223
      vertex -9.15106 -16.45 8.66881
    endloop
  endfacet
  facet normal 0.748874 -0.631606 0.200654
    outer loop
      vertex -9.01577 -16.45 8.02995
      vertex -7.66285 -14.65 8.64655
      vertex -9.09918 -16.45 8.34125
    endloop
  endfacet
  facet normal 0.650221 -0.631607 0.422238
    outer loop
      vertex -8.56331 -16.45 7.13765
      vertex -7.37533 -14.65 8.00077
      vertex -8.73883 -16.45 7.40794
    endloop
  endfacet
  facet normal 0.723798 -0.631606 0.277832
    outer loop
      vertex -8.8945 -16.45 7.71129
      vertex -7.55303 -14.65 8.30855
      vertex -9.00999 -16.45 8.01216
    endloop
  endfacet
  facet normal 0.487893 -0.631607 0.602523
    outer loop
      vertex -7.86963 -16.45 6.44259
      vertex -7.13752 -14.65 7.73665
      vertex -8.12009 -16.45 6.6454
    endloop
  endfacet
  facet normal 0.277848 -0.631606 0.723792
    outer loop
      vertex -6.69145 -14.65 7.44697
      vertex -6.9791 -16.45 5.98665
      vertex -6.52533 -14.65 7.3832
    endloop
  endfacet
  facet normal 0.278211 -0.631574 0.72368
    outer loop
      vertex -6.9791 -16.45 5.98665
      vertex -6.69145 -14.65 7.44697
      vertex -6.98784 -16.45 5.99001
    endloop
  endfacet
  facet normal 0.277832 -0.631606 0.723798
    outer loop
      vertex -6.98784 -16.45 5.99001
      vertex -6.69145 -14.65 7.44697
      vertex -7.28871 -16.45 6.1055
    endloop
  endfacet
  facet normal 0.35199 -0.631607 0.690779
    outer loop
      vertex -6.85 -14.65 7.52776
      vertex -7.57587 -16.45 6.25182
      vertex -6.69145 -14.65 7.44697
    endloop
  endfacet
  facet normal 0.35201 -0.631607 0.690768
    outer loop
      vertex -7.57587 -16.45 6.25182
      vertex -6.85 -14.65 7.52776
      vertex -7.58421 -16.45 6.25607
    endloop
  endfacet
  facet normal 0.351983 -0.631606 0.690784
    outer loop
      vertex -7.28871 -16.45 6.1055
      vertex -6.69145 -14.65 7.44697
      vertex -7.57587 -16.45 6.25182
    endloop
  endfacet
  facet normal -0.35201 -0.631607 0.690768
    outer loop
      vertex -5.15 -14.65 7.52776
      vertex -4.42413 -16.45 6.25182
      vertex -4.41579 -16.45 6.25607
    endloop
  endfacet
  facet normal -0.35199 -0.631607 0.690779
    outer loop
      vertex -4.42413 -16.45 6.25182
      vertex -5.15 -14.65 7.52776
      vertex -5.30855 -14.65 7.44697
    endloop
  endfacet
  facet normal -0.351983 -0.631606 0.690784
    outer loop
      vertex -4.71129 -16.45 6.1055
      vertex -4.42413 -16.45 6.25182
      vertex -5.30855 -14.65 7.44697
    endloop
  endfacet
  facet normal -0.20028 -0.631596 0.748982
    outer loop
      vertex -5.47467 -14.65 7.3832
      vertex -5.02995 -16.45 5.98423
      vertex -5.0209 -16.45 5.98665
    endloop
  endfacet
  facet normal -0.200639 -0.631604 0.748879
    outer loop
      vertex -5.02995 -16.45 5.98423
      vertex -5.47467 -14.65 7.3832
      vertex -5.64655 -14.65 7.33715
    endloop
  endfacet
  facet normal 0.422203 -0.63161 -0.650241
    outer loop
      vertex -6.99923 -14.65 10.3753
      vertex -7.59206 -16.45 11.7388
      vertex -7.86235 -16.45 11.5633
    endloop
  endfacet
  facet normal 0.422217 -0.631609 -0.650232
    outer loop
      vertex -7.58421 -16.45 11.7439
      vertex -6.99923 -14.65 10.3753
      vertex -6.85 -14.65 10.4722
    endloop
  endfacet
  facet normal 0.422384 -0.631593 -0.65014
    outer loop
      vertex -6.99923 -14.65 10.3753
      vertex -7.58421 -16.45 11.7439
      vertex -7.59206 -16.45 11.7388
    endloop
  endfacet
  facet normal 0.277851 -0.631614 -0.723784
    outer loop
      vertex -6.69145 -14.65 10.553
      vertex -6.98784 -16.45 12.01
      vertex -7.28871 -16.45 11.8945
    endloop
  endfacet
  facet normal 0.121132 -0.631578 -0.765792
    outer loop
      vertex -6.6495 -16.45 12.1006
      vertex -6.35345 -14.65 10.6629
      vertex -6.1777 -14.65 10.6907
    endloop
  endfacet
  facet normal 0.116039 -0.631452 -0.766683
    outer loop
      vertex -6.35345 -14.65 10.6629
      vertex -6.6495 -16.45 12.1006
      vertex -6.65875 -16.45 12.0992
    endloop
  endfacet
  facet normal 0.690055 -0.631644 -0.353341
    outer loop
      vertex -8.74818 -16.45 10.5759
      vertex -7.47224 -14.65 9.85
      vertex -8.74393 -16.45 10.5842
    endloop
  endfacet
  facet normal 0.690777 -0.63161 -0.351989
    outer loop
      vertex -7.47224 -14.65 9.85
      vertex -8.74818 -16.45 10.5759
      vertex -7.55303 -14.65 9.69145
    endloop
  endfacet
  facet normal -0.602493 -0.631601 -0.487938
    outer loop
      vertex -4.62467 -14.65 9.99923
      vertex -3.44259 -16.45 10.8696
      vertex -4.73665 -14.65 10.1375
    endloop
  endfacet
  facet normal -0.599741 -0.631494 -0.491454
    outer loop
      vertex -3.44259 -16.45 10.8696
      vertex -4.62467 -14.65 9.99923
      vertex -3.43669 -16.45 10.8624
    endloop
  endfacet
  facet normal -0.355251 -0.6317 -0.689023
    outer loop
      vertex -4.42413 -16.45 11.7482
      vertex -5.15 -14.65 10.4722
      vertex -4.41579 -16.45 11.7439
    endloop
  endfacet
  facet normal -0.352019 -0.631621 -0.690751
    outer loop
      vertex -5.15 -14.65 10.4722
      vertex -4.42413 -16.45 11.7482
      vertex -5.30855 -14.65 10.553
    endloop
  endfacet
  facet normal 0.748879 -0.631604 0.200639
    outer loop
      vertex -9.01577 -16.45 8.02995
      vertex -7.6168 -14.65 8.47467
      vertex -7.66285 -14.65 8.64655
    endloop
  endfacet
  facet normal 0.748982 -0.631596 0.20028
    outer loop
      vertex -7.6168 -14.65 8.47467
      vertex -9.01577 -16.45 8.02995
      vertex -9.01335 -16.45 8.0209
    endloop
  endfacet
  facet normal 0.690779 -0.631607 0.35199
    outer loop
      vertex -8.74818 -16.45 7.42413
      vertex -7.47224 -14.65 8.15
      vertex -7.55303 -14.65 8.30855
    endloop
  endfacet
  facet normal 0.690768 -0.631607 0.35201
    outer loop
      vertex -7.47224 -14.65 8.15
      vertex -8.74818 -16.45 7.42413
      vertex -8.74393 -16.45 7.41579
    endloop
  endfacet
  facet normal 0.690784 -0.631606 0.351983
    outer loop
      vertex -8.74818 -16.45 7.42413
      vertex -7.55303 -14.65 8.30855
      vertex -8.8945 -16.45 7.71129
    endloop
  endfacet
  facet normal 0.422249 -0.631606 0.650215
    outer loop
      vertex -6.99923 -14.65 7.62467
      vertex -7.58421 -16.45 6.25607
      vertex -6.85 -14.65 7.52776
    endloop
  endfacet
  facet normal 0.422384 -0.631593 0.65014
    outer loop
      vertex -7.58421 -16.45 6.25607
      vertex -6.99923 -14.65 7.62467
      vertex -7.59206 -16.45 6.26117
    endloop
  endfacet
  facet normal 0.422238 -0.631607 0.650221
    outer loop
      vertex -7.59206 -16.45 6.26117
      vertex -6.99923 -14.65 7.62467
      vertex -7.86235 -16.45 6.43669
    endloop
  endfacet
  facet normal -0.422384 -0.631593 0.65014
    outer loop
      vertex -5.00077 -14.65 7.62467
      vertex -4.41579 -16.45 6.25607
      vertex -4.40794 -16.45 6.26117
    endloop
  endfacet
  facet normal -0.422249 -0.631606 0.650215
    outer loop
      vertex -4.41579 -16.45 6.25607
      vertex -5.00077 -14.65 7.62467
      vertex -5.15 -14.65 7.52776
    endloop
  endfacet
  facet normal -0.12168 -0.631616 0.765673
    outer loop
      vertex -5.64655 -14.65 7.33715
      vertex -5.3505 -16.45 5.89935
      vertex -5.34125 -16.45 5.90082
    endloop
  endfacet
  facet normal -0.121299 -0.631607 0.765741
    outer loop
      vertex -5.3505 -16.45 5.89935
      vertex -5.64655 -14.65 7.33715
      vertex -5.8223 -14.65 7.30931
    endloop
  endfacet
  facet normal -0.200654 -0.631606 0.748874
    outer loop
      vertex -5.34125 -16.45 5.90082
      vertex -5.02995 -16.45 5.98423
      vertex -5.64655 -14.65 7.33715
    endloop
  endfacet
  facet normal -0.278211 -0.631574 0.72368
    outer loop
      vertex -5.30855 -14.65 7.44697
      vertex -5.0209 -16.45 5.98665
      vertex -5.01216 -16.45 5.99001
    endloop
  endfacet
  facet normal -0.277848 -0.631606 0.723792
    outer loop
      vertex -5.0209 -16.45 5.98665
      vertex -5.30855 -14.65 7.44697
      vertex -5.47467 -14.65 7.3832
    endloop
  endfacet
  facet normal 0.488145 -0.631603 -0.602322
    outer loop
      vertex -7.86963 -16.45 11.5574
      vertex -6.99923 -14.65 10.3753
      vertex -7.86235 -16.45 11.5633
    endloop
  endfacet
  facet normal 0.487943 -0.631609 -0.602479
    outer loop
      vertex -6.99923 -14.65 10.3753
      vertex -7.86963 -16.45 11.5574
      vertex -7.13752 -14.65 10.2633
    endloop
  endfacet
  facet normal 0.277967 -0.631591 -0.723759
    outer loop
      vertex -6.9791 -16.45 12.0133
      vertex -6.69145 -14.65 10.553
      vertex -6.52533 -14.65 10.6168
    endloop
  endfacet
  facet normal 0.273757 -0.631958 -0.725042
    outer loop
      vertex -6.69145 -14.65 10.553
      vertex -6.9791 -16.45 12.0133
      vertex -6.98784 -16.45 12.01
    endloop
  endfacet
  facet normal 0.352019 -0.631621 -0.690751
    outer loop
      vertex -7.57587 -16.45 11.7482
      vertex -6.85 -14.65 10.4722
      vertex -6.69145 -14.65 10.553
    endloop
  endfacet
  facet normal 0.355251 -0.6317 -0.689023
    outer loop
      vertex -6.85 -14.65 10.4722
      vertex -7.57587 -16.45 11.7482
      vertex -7.58421 -16.45 11.7439
    endloop
  endfacet
  facet normal 0.351942 -0.631614 -0.690797
    outer loop
      vertex -6.69145 -14.65 10.553
      vertex -7.28871 -16.45 11.8945
      vertex -7.57587 -16.45 11.7482
    endloop
  endfacet
  facet normal 0.20084 -0.631617 -0.748815
    outer loop
      vertex -6.97005 -16.45 12.0158
      vertex -6.52533 -14.65 10.6168
      vertex -6.35345 -14.65 10.6629
    endloop
  endfacet
  facet normal 0.206408 -0.631736 -0.747198
    outer loop
      vertex -6.52533 -14.65 10.6168
      vertex -6.97005 -16.45 12.0158
      vertex -6.9791 -16.45 12.0133
    endloop
  endfacet
  facet normal 0.200633 -0.631599 -0.748886
    outer loop
      vertex -6.35345 -14.65 10.6629
      vertex -6.65875 -16.45 12.0992
      vertex -6.97005 -16.45 12.0158
    endloop
  endfacet
  facet normal 0.723792 -0.631606 0.277848
    outer loop
      vertex -9.01335 -16.45 8.0209
      vertex -7.55303 -14.65 8.30855
      vertex -7.6168 -14.65 8.47467
    endloop
  endfacet
  facet normal 0.72368 -0.631574 0.278211
    outer loop
      vertex -7.55303 -14.65 8.30855
      vertex -9.01335 -16.45 8.0209
      vertex -9.00999 -16.45 8.01216
    endloop
  endfacet
  facet normal 0.650215 -0.631606 0.422249
    outer loop
      vertex -8.74393 -16.45 7.41579
      vertex -7.37533 -14.65 8.00077
      vertex -7.47224 -14.65 8.15
    endloop
  endfacet
  facet normal 0.65014 -0.631593 0.422384
    outer loop
      vertex -7.37533 -14.65 8.00077
      vertex -8.74393 -16.45 7.41579
      vertex -8.73883 -16.45 7.40794
    endloop
  endfacet
  facet normal -0.890996 0 0.454012
    outer loop
      vertex 7.47224 -14.65 8.15
      vertex 7.55303 -13.45 8.30855
      vertex 7.47224 -13.45 8.15
    endloop
  endfacet
  facet normal -0.890996 0 0.454012
    outer loop
      vertex 7.55303 -13.45 8.30855
      vertex 7.47224 -14.65 8.15
      vertex 7.55303 -14.65 8.30855
    endloop
  endfacet
  facet normal -0.35838 0 0.933576
    outer loop
      vertex 6.52533 -13.45 7.3832
      vertex 6.69145 -14.65 7.44697
      vertex 6.69145 -13.45 7.44697
    endloop
  endfacet
  facet normal -0.35838 0 0.933576
    outer loop
      vertex 6.69145 -14.65 7.44697
      vertex 6.52533 -13.45 7.3832
      vertex 6.52533 -14.65 7.3832
    endloop
  endfacet
  facet normal 0.35838 0 0.933576
    outer loop
      vertex 5.30855 -13.45 7.44697
      vertex 5.47467 -14.65 7.3832
      vertex 5.47467 -13.45 7.3832
    endloop
  endfacet
  facet normal 0.35838 0 0.933576
    outer loop
      vertex 5.47467 -14.65 7.3832
      vertex 5.30855 -13.45 7.44697
      vertex 5.30855 -14.65 7.44697
    endloop
  endfacet
  facet normal 0.890996 -0 0.454012
    outer loop
      vertex 4.44697 -14.65 8.30855
      vertex 4.52776 -13.45 8.15
      vertex 4.44697 -13.45 8.30855
    endloop
  endfacet
  facet normal 0.890996 0 0.454012
    outer loop
      vertex 4.52776 -13.45 8.15
      vertex 4.44697 -14.65 8.30855
      vertex 4.52776 -14.65 8.15
    endloop
  endfacet
  facet normal -0.99863 0 -0.0523199
    outer loop
      vertex 7.7 -14.65 9
      vertex 7.69069 -13.45 9.1777
      vertex 7.7 -13.45 9
    endloop
  endfacet
  facet normal -0.99863 -0 -0.0523199
    outer loop
      vertex 7.69069 -13.45 9.1777
      vertex 7.7 -14.65 9
      vertex 7.69069 -14.65 9.1777
    endloop
  endfacet
  facet normal -0.987685 0 0.156456
    outer loop
      vertex 7.66285 -14.65 8.64655
      vertex 7.69069 -13.45 8.8223
      vertex 7.66285 -13.45 8.64655
    endloop
  endfacet
  facet normal -0.987685 0 0.156456
    outer loop
      vertex 7.69069 -13.45 8.8223
      vertex 7.66285 -14.65 8.64655
      vertex 7.69069 -14.65 8.8223
    endloop
  endfacet
  facet normal -0.544635 0 0.838673
    outer loop
      vertex 6.85 -13.45 7.52776
      vertex 6.99923 -14.65 7.62467
      vertex 6.99923 -13.45 7.62467
    endloop
  endfacet
  facet normal -0.544635 0 0.838673
    outer loop
      vertex 6.99923 -14.65 7.62467
      vertex 6.85 -13.45 7.52776
      vertex 6.85 -14.65 7.52776
    endloop
  endfacet
  facet normal 0.987685 -0 0.156456
    outer loop
      vertex 4.30931 -14.65 8.8223
      vertex 4.33715 -13.45 8.64655
      vertex 4.30931 -13.45 8.8223
    endloop
  endfacet
  facet normal 0.987685 0 0.156456
    outer loop
      vertex 4.33715 -13.45 8.64655
      vertex 4.30931 -14.65 8.8223
      vertex 4.33715 -14.65 8.64655
    endloop
  endfacet
  facet normal 0.77716 -0 0.629303
    outer loop
      vertex 4.62467 -14.65 8.00077
      vertex 4.73665 -13.45 7.86248
      vertex 4.62467 -13.45 8.00077
    endloop
  endfacet
  facet normal 0.77716 0 0.629303
    outer loop
      vertex 4.73665 -13.45 7.86248
      vertex 4.62467 -14.65 8.00077
      vertex 4.73665 -14.65 7.86248
    endloop
  endfacet
  facet normal 0.156456 0 0.987685
    outer loop
      vertex 5.64655 -13.45 7.33715
      vertex 5.8223 -14.65 7.30931
      vertex 5.8223 -13.45 7.30931
    endloop
  endfacet
  facet normal 0.156456 0 0.987685
    outer loop
      vertex 5.8223 -14.65 7.30931
      vertex 5.64655 -13.45 7.33715
      vertex 5.64655 -14.65 7.33715
    endloop
  endfacet
  facet normal -0.454056 0 -0.890973
    outer loop
      vertex 6.69145 -14.65 10.553
      vertex 6.85 -13.45 10.4722
      vertex 6.85 -14.65 10.4722
    endloop
  endfacet
  facet normal -0.454056 0 -0.890973
    outer loop
      vertex 6.85 -13.45 10.4722
      vertex 6.69145 -14.65 10.553
      vertex 6.69145 -13.45 10.553
    endloop
  endfacet
  facet normal -0.838673 0 0.544635
    outer loop
      vertex 7.37533 -14.65 8.00077
      vertex 7.47224 -13.45 8.15
      vertex 7.37533 -13.45 8.00077
    endloop
  endfacet
  facet normal -0.838673 0 0.544635
    outer loop
      vertex 7.47224 -13.45 8.15
      vertex 7.37533 -14.65 8.00077
      vertex 7.47224 -14.65 8.15
    endloop
  endfacet
  facet normal -0.707107 0 0.707107
    outer loop
      vertex 7.13752 -14.65 7.73665
      vertex 7.26335 -13.45 7.86248
      vertex 7.13752 -13.45 7.73665
    endloop
  endfacet
  facet normal -0.707107 0 0.707107
    outer loop
      vertex 7.26335 -13.45 7.86248
      vertex 7.13752 -14.65 7.73665
      vertex 7.26335 -14.65 7.86248
    endloop
  endfacet
  facet normal 0.0523199 0 0.99863
    outer loop
      vertex 5.8223 -13.45 7.30931
      vertex 6 -14.65 7.3
      vertex 6 -13.45 7.3
    endloop
  endfacet
  facet normal 0.0523199 0 0.99863
    outer loop
      vertex 6 -14.65 7.3
      vertex 5.8223 -13.45 7.30931
      vertex 5.8223 -14.65 7.30931
    endloop
  endfacet
  facet normal -0.258792 0 0.965933
    outer loop
      vertex 6.35345 -13.45 7.33715
      vertex 6.52533 -14.65 7.3832
      vertex 6.52533 -13.45 7.3832
    endloop
  endfacet
  facet normal -0.258792 0 0.965933
    outer loop
      vertex 6.52533 -14.65 7.3832
      vertex 6.35345 -13.45 7.33715
      vertex 6.35345 -14.65 7.33715
    endloop
  endfacet
  facet normal -0.156456 0 0.987685
    outer loop
      vertex 6.1777 -13.45 7.30931
      vertex 6.35345 -14.65 7.33715
      vertex 6.35345 -13.45 7.33715
    endloop
  endfacet
  facet normal -0.156456 0 0.987685
    outer loop
      vertex 6.35345 -14.65 7.33715
      vertex 6.1777 -13.45 7.30931
      vertex 6.1777 -14.65 7.30931
    endloop
  endfacet
  facet normal -0.454012 0 0.890996
    outer loop
      vertex 6.69145 -13.45 7.44697
      vertex 6.85 -14.65 7.52776
      vertex 6.85 -13.45 7.52776
    endloop
  endfacet
  facet normal -0.454012 0 0.890996
    outer loop
      vertex 6.85 -14.65 7.52776
      vertex 6.69145 -13.45 7.44697
      vertex 6.69145 -14.65 7.44697
    endloop
  endfacet
  facet normal -0.629303 0 0.77716
    outer loop
      vertex 6.99923 -13.45 7.62467
      vertex 7.13752 -14.65 7.73665
      vertex 7.13752 -13.45 7.73665
    endloop
  endfacet
  facet normal -0.629303 0 0.77716
    outer loop
      vertex 7.13752 -14.65 7.73665
      vertex 6.99923 -13.45 7.62467
      vertex 6.99923 -14.65 7.62467
    endloop
  endfacet
  facet normal 0.99863 -0 0.0523199
    outer loop
      vertex 4.3 -14.65 9
      vertex 4.30931 -13.45 8.8223
      vertex 4.3 -13.45 9
    endloop
  endfacet
  facet normal 0.99863 0 0.0523199
    outer loop
      vertex 4.30931 -13.45 8.8223
      vertex 4.3 -14.65 9
      vertex 4.30931 -14.65 8.8223
    endloop
  endfacet
  facet normal 0.933576 -0 0.35838
    outer loop
      vertex 4.3832 -14.65 8.47467
      vertex 4.44697 -13.45 8.30855
      vertex 4.3832 -13.45 8.47467
    endloop
  endfacet
  facet normal 0.933576 0 0.35838
    outer loop
      vertex 4.44697 -13.45 8.30855
      vertex 4.3832 -14.65 8.47467
      vertex 4.44697 -14.65 8.30855
    endloop
  endfacet
  facet normal 0.965933 -0 0.258792
    outer loop
      vertex 4.33715 -14.65 8.64655
      vertex 4.3832 -13.45 8.47467
      vertex 4.33715 -13.45 8.64655
    endloop
  endfacet
  facet normal 0.965933 0 0.258792
    outer loop
      vertex 4.3832 -13.45 8.47467
      vertex 4.33715 -14.65 8.64655
      vertex 4.3832 -14.65 8.47467
    endloop
  endfacet
  facet normal 0.838673 -0 0.544635
    outer loop
      vertex 4.52776 -14.65 8.15
      vertex 4.62467 -13.45 8.00077
      vertex 4.52776 -13.45 8.15
    endloop
  endfacet
  facet normal 0.838673 0 0.544635
    outer loop
      vertex 4.62467 -13.45 8.00077
      vertex 4.52776 -14.65 8.15
      vertex 4.62467 -14.65 8.00077
    endloop
  endfacet
  facet normal 0.258792 0 0.965933
    outer loop
      vertex 5.47467 -13.45 7.3832
      vertex 5.64655 -14.65 7.33715
      vertex 5.64655 -13.45 7.33715
    endloop
  endfacet
  facet normal 0.258792 0 0.965933
    outer loop
      vertex 5.64655 -14.65 7.33715
      vertex 5.47467 -13.45 7.3832
      vertex 5.47467 -14.65 7.3832
    endloop
  endfacet
  facet normal 0.544635 0 0.838673
    outer loop
      vertex 5.00077 -13.45 7.62467
      vertex 5.15 -14.65 7.52776
      vertex 5.15 -13.45 7.52776
    endloop
  endfacet
  facet normal 0.544635 0 0.838673
    outer loop
      vertex 5.15 -14.65 7.52776
      vertex 5.00077 -13.45 7.62467
      vertex 5.00077 -14.65 7.62467
    endloop
  endfacet
  facet normal 0.629303 0 0.77716
    outer loop
      vertex 4.86248 -13.45 7.73665
      vertex 5.00077 -14.65 7.62467
      vertex 5.00077 -13.45 7.62467
    endloop
  endfacet
  facet normal 0.629303 0 0.77716
    outer loop
      vertex 5.00077 -14.65 7.62467
      vertex 4.86248 -13.45 7.73665
      vertex 4.86248 -14.65 7.73665
    endloop
  endfacet
  facet normal 0.454012 0 0.890996
    outer loop
      vertex 5.15 -13.45 7.52776
      vertex 5.30855 -14.65 7.44697
      vertex 5.30855 -13.45 7.44697
    endloop
  endfacet
  facet normal 0.454012 0 0.890996
    outer loop
      vertex 5.30855 -14.65 7.44697
      vertex 5.15 -13.45 7.52776
      vertex 5.15 -14.65 7.52776
    endloop
  endfacet
  facet normal 0.707107 -0 0.707107
    outer loop
      vertex 4.73665 -14.65 7.86248
      vertex 4.86248 -13.45 7.73665
      vertex 4.73665 -13.45 7.86248
    endloop
  endfacet
  facet normal 0.707107 0 0.707107
    outer loop
      vertex 4.86248 -13.45 7.73665
      vertex 4.73665 -14.65 7.86248
      vertex 4.86248 -14.65 7.73665
    endloop
  endfacet
  facet normal -0.99863 0 0.0523199
    outer loop
      vertex 7.69069 -14.65 8.8223
      vertex 7.7 -13.45 9
      vertex 7.69069 -13.45 8.8223
    endloop
  endfacet
  facet normal -0.99863 0 0.0523199
    outer loop
      vertex 7.7 -13.45 9
      vertex 7.69069 -14.65 8.8223
      vertex 7.7 -14.65 9
    endloop
  endfacet
  facet normal -0.965933 0 -0.258792
    outer loop
      vertex 7.66285 -14.65 9.35345
      vertex 7.6168 -13.45 9.52533
      vertex 7.66285 -13.45 9.35345
    endloop
  endfacet
  facet normal -0.965933 -0 -0.258792
    outer loop
      vertex 7.6168 -13.45 9.52533
      vertex 7.66285 -14.65 9.35345
      vertex 7.6168 -14.65 9.52533
    endloop
  endfacet
  facet normal 0.890996 0 -0.454012
    outer loop
      vertex 4.52776 -14.65 9.85
      vertex 4.44697 -13.45 9.69145
      vertex 4.52776 -13.45 9.85
    endloop
  endfacet
  facet normal 0.890996 0 -0.454012
    outer loop
      vertex 4.44697 -13.45 9.69145
      vertex 4.52776 -14.65 9.85
      vertex 4.44697 -14.65 9.69145
    endloop
  endfacet
  facet normal -0.156237 0 -0.98772
    outer loop
      vertex 6.1777 -14.65 10.6907
      vertex 6.35345 -13.45 10.6629
      vertex 6.35345 -14.65 10.6629
    endloop
  endfacet
  facet normal -0.156237 0 -0.98772
    outer loop
      vertex 6.35345 -13.45 10.6629
      vertex 6.1777 -14.65 10.6907
      vertex 6.1777 -13.45 10.6907
    endloop
  endfacet
  facet normal -0.933576 0 0.35838
    outer loop
      vertex 7.55303 -14.65 8.30855
      vertex 7.6168 -13.45 8.47467
      vertex 7.55303 -13.45 8.30855
    endloop
  endfacet
  facet normal -0.933576 0 0.35838
    outer loop
      vertex 7.6168 -13.45 8.47467
      vertex 7.55303 -14.65 8.30855
      vertex 7.6168 -14.65 8.47467
    endloop
  endfacet
  facet normal -0.965933 0 0.258792
    outer loop
      vertex 7.6168 -14.65 8.47467
      vertex 7.66285 -13.45 8.64655
      vertex 7.6168 -13.45 8.47467
    endloop
  endfacet
  facet normal -0.965933 0 0.258792
    outer loop
      vertex 7.66285 -13.45 8.64655
      vertex 7.6168 -14.65 8.47467
      vertex 7.66285 -14.65 8.64655
    endloop
  endfacet
  facet normal -0.77716 0 0.629303
    outer loop
      vertex 7.26335 -14.65 7.86248
      vertex 7.37533 -13.45 8.00077
      vertex 7.26335 -13.45 7.86248
    endloop
  endfacet
  facet normal -0.77716 0 0.629303
    outer loop
      vertex 7.37533 -13.45 8.00077
      vertex 7.26335 -14.65 7.86248
      vertex 7.37533 -14.65 8.00077
    endloop
  endfacet
  facet normal -0.0523199 0 0.99863
    outer loop
      vertex 6 -13.45 7.3
      vertex 6.1777 -14.65 7.30931
      vertex 6.1777 -13.45 7.30931
    endloop
  endfacet
  facet normal -0.0523199 0 0.99863
    outer loop
      vertex 6.1777 -14.65 7.30931
      vertex 6 -13.45 7.3
      vertex 6 -14.65 7.3
    endloop
  endfacet
  facet normal -0.777115 0 -0.629358
    outer loop
      vertex 7.37533 -14.65 9.99923
      vertex 7.26335 -13.45 10.1375
      vertex 7.37533 -13.45 9.99923
    endloop
  endfacet
  facet normal -0.777115 -0 -0.629358
    outer loop
      vertex 7.26335 -13.45 10.1375
      vertex 7.37533 -14.65 9.99923
      vertex 7.26335 -14.65 10.1375
    endloop
  endfacet
  facet normal -0.890996 0 -0.454012
    outer loop
      vertex 7.55303 -14.65 9.69145
      vertex 7.47224 -13.45 9.85
      vertex 7.55303 -13.45 9.69145
    endloop
  endfacet
  facet normal -0.890996 -0 -0.454012
    outer loop
      vertex 7.47224 -13.45 9.85
      vertex 7.55303 -14.65 9.69145
      vertex 7.47224 -14.65 9.85
    endloop
  endfacet
  facet normal -0.838673 0 -0.544635
    outer loop
      vertex 7.47224 -14.65 9.85
      vertex 7.37533 -13.45 9.99923
      vertex 7.47224 -13.45 9.85
    endloop
  endfacet
  facet normal -0.838673 -0 -0.544635
    outer loop
      vertex 7.37533 -13.45 9.99923
      vertex 7.47224 -14.65 9.85
      vertex 7.37533 -14.65 9.99923
    endloop
  endfacet
  facet normal 0.0522639 0 -0.998633
    outer loop
      vertex 5.8223 -14.65 10.6907
      vertex 6 -13.45 10.7
      vertex 6 -14.65 10.7
    endloop
  endfacet
  facet normal 0.0522639 0 -0.998633
    outer loop
      vertex 6 -13.45 10.7
      vertex 5.8223 -14.65 10.6907
      vertex 5.8223 -13.45 10.6907
    endloop
  endfacet
  facet normal 0.99863 0 -0.0523199
    outer loop
      vertex 4.30931 -14.65 9.1777
      vertex 4.3 -13.45 9
      vertex 4.30931 -13.45 9.1777
    endloop
  endfacet
  facet normal 0.99863 0 -0.0523199
    outer loop
      vertex 4.3 -13.45 9
      vertex 4.30931 -14.65 9.1777
      vertex 4.3 -14.65 9
    endloop
  endfacet
  facet normal 0.933576 0 -0.35838
    outer loop
      vertex 4.44697 -14.65 9.69145
      vertex 4.3832 -13.45 9.52533
      vertex 4.44697 -13.45 9.69145
    endloop
  endfacet
  facet normal 0.933576 0 -0.35838
    outer loop
      vertex 4.3832 -13.45 9.52533
      vertex 4.44697 -14.65 9.69145
      vertex 4.3832 -14.65 9.52533
    endloop
  endfacet
  facet normal 0.965933 0 -0.258792
    outer loop
      vertex 4.3832 -14.65 9.52533
      vertex 4.33715 -13.45 9.35345
      vertex 4.3832 -13.45 9.52533
    endloop
  endfacet
  facet normal 0.965933 0 -0.258792
    outer loop
      vertex 4.33715 -13.45 9.35345
      vertex 4.3832 -14.65 9.52533
      vertex 4.33715 -14.65 9.35345
    endloop
  endfacet
  facet normal -0.358527 0 -0.933519
    outer loop
      vertex 6.52533 -14.65 10.6168
      vertex 6.69145 -13.45 10.553
      vertex 6.69145 -14.65 10.553
    endloop
  endfacet
  facet normal -0.358527 0 -0.933519
    outer loop
      vertex 6.69145 -13.45 10.553
      vertex 6.52533 -14.65 10.6168
      vertex 6.52533 -13.45 10.6168
    endloop
  endfacet
  facet normal -0.259054 0 -0.965863
    outer loop
      vertex 6.35345 -14.65 10.6629
      vertex 6.52533 -13.45 10.6168
      vertex 6.52533 -14.65 10.6168
    endloop
  endfacet
  facet normal -0.259054 0 -0.965863
    outer loop
      vertex 6.52533 -13.45 10.6168
      vertex 6.35345 -14.65 10.6629
      vertex 6.35345 -13.45 10.6629
    endloop
  endfacet
  facet normal -0.987685 0 -0.156456
    outer loop
      vertex 7.69069 -14.65 9.1777
      vertex 7.66285 -13.45 9.35345
      vertex 7.69069 -13.45 9.1777
    endloop
  endfacet
  facet normal -0.987685 -0 -0.156456
    outer loop
      vertex 7.66285 -13.45 9.35345
      vertex 7.69069 -14.65 9.1777
      vertex 7.66285 -14.65 9.35345
    endloop
  endfacet
  facet normal -0.629371 0 -0.777105
    outer loop
      vertex 6.99923 -14.65 10.3753
      vertex 7.13752 -13.45 10.2633
      vertex 7.13752 -14.65 10.2633
    endloop
  endfacet
  facet normal -0.629371 0 -0.777105
    outer loop
      vertex 7.13752 -13.45 10.2633
      vertex 6.99923 -14.65 10.3753
      vertex 6.99923 -13.45 10.3753
    endloop
  endfacet
  facet normal -0.933576 0 -0.35838
    outer loop
      vertex 7.6168 -14.65 9.52533
      vertex 7.55303 -13.45 9.69145
      vertex 7.6168 -13.45 9.52533
    endloop
  endfacet
  facet normal -0.933576 -0 -0.35838
    outer loop
      vertex 7.55303 -13.45 9.69145
      vertex 7.6168 -14.65 9.52533
      vertex 7.55303 -14.65 9.69145
    endloop
  endfacet
  facet normal -0.0522639 0 -0.998633
    outer loop
      vertex 6 -14.65 10.7
      vertex 6.1777 -13.45 10.6907
      vertex 6.1777 -14.65 10.6907
    endloop
  endfacet
  facet normal -0.0522639 0 -0.998633
    outer loop
      vertex 6.1777 -13.45 10.6907
      vertex 6 -14.65 10.7
      vertex 6 -13.45 10.7
    endloop
  endfacet
  facet normal 0.777115 0 -0.629358
    outer loop
      vertex 4.73665 -14.65 10.1375
      vertex 4.62467 -13.45 9.99923
      vertex 4.73665 -13.45 10.1375
    endloop
  endfacet
  facet normal 0.777115 0 -0.629358
    outer loop
      vertex 4.62467 -13.45 9.99923
      vertex 4.73665 -14.65 10.1375
      vertex 4.62467 -14.65 9.99923
    endloop
  endfacet
  facet normal 0.707022 0 -0.707191
    outer loop
      vertex 4.86248 -14.65 10.2633
      vertex 4.73665 -13.45 10.1375
      vertex 4.86248 -13.45 10.2633
    endloop
  endfacet
  facet normal 0.707022 0 -0.707191
    outer loop
      vertex 4.73665 -13.45 10.1375
      vertex 4.86248 -14.65 10.2633
      vertex 4.73665 -14.65 10.1375
    endloop
  endfacet
  facet normal 0.987685 0 -0.156456
    outer loop
      vertex 4.33715 -14.65 9.35345
      vertex 4.30931 -13.45 9.1777
      vertex 4.33715 -13.45 9.35345
    endloop
  endfacet
  facet normal 0.987685 0 -0.156456
    outer loop
      vertex 4.30931 -13.45 9.1777
      vertex 4.33715 -14.65 9.35345
      vertex 4.30931 -14.65 9.1777
    endloop
  endfacet
  facet normal -0.707022 0 -0.707191
    outer loop
      vertex 7.26335 -14.65 10.1375
      vertex 7.13752 -13.45 10.2633
      vertex 7.26335 -13.45 10.1375
    endloop
  endfacet
  facet normal -0.707022 -0 -0.707191
    outer loop
      vertex 7.13752 -13.45 10.2633
      vertex 7.26335 -14.65 10.1375
      vertex 7.13752 -14.65 10.2633
    endloop
  endfacet
  facet normal -0.544595 0 -0.838699
    outer loop
      vertex 6.85 -14.65 10.4722
      vertex 6.99923 -13.45 10.3753
      vertex 6.99923 -14.65 10.3753
    endloop
  endfacet
  facet normal -0.544595 0 -0.838699
    outer loop
      vertex 6.99923 -13.45 10.3753
      vertex 6.85 -14.65 10.4722
      vertex 6.85 -13.45 10.4722
    endloop
  endfacet
  facet normal 0.454056 0 -0.890973
    outer loop
      vertex 5.15 -14.65 10.4722
      vertex 5.30855 -13.45 10.553
      vertex 5.30855 -14.65 10.553
    endloop
  endfacet
  facet normal 0.454056 0 -0.890973
    outer loop
      vertex 5.30855 -13.45 10.553
      vertex 5.15 -14.65 10.4722
      vertex 5.15 -13.45 10.4722
    endloop
  endfacet
  facet normal 0.838673 0 -0.544635
    outer loop
      vertex 4.62467 -14.65 9.99923
      vertex 4.52776 -13.45 9.85
      vertex 4.62467 -13.45 9.99923
    endloop
  endfacet
  facet normal 0.838673 0 -0.544635
    outer loop
      vertex 4.52776 -13.45 9.85
      vertex 4.62467 -14.65 9.99923
      vertex 4.52776 -14.65 9.85
    endloop
  endfacet
  facet normal 0.544595 0 -0.838699
    outer loop
      vertex 5.00077 -14.65 10.3753
      vertex 5.15 -13.45 10.4722
      vertex 5.15 -14.65 10.4722
    endloop
  endfacet
  facet normal 0.544595 0 -0.838699
    outer loop
      vertex 5.15 -13.45 10.4722
      vertex 5.00077 -14.65 10.3753
      vertex 5.00077 -13.45 10.3753
    endloop
  endfacet
  facet normal 0.629371 0 -0.777105
    outer loop
      vertex 4.86248 -14.65 10.2633
      vertex 5.00077 -13.45 10.3753
      vertex 5.00077 -14.65 10.3753
    endloop
  endfacet
  facet normal 0.629371 0 -0.777105
    outer loop
      vertex 5.00077 -13.45 10.3753
      vertex 4.86248 -14.65 10.2633
      vertex 4.86248 -13.45 10.2633
    endloop
  endfacet
  facet normal 0.358527 0 -0.933519
    outer loop
      vertex 5.30855 -14.65 10.553
      vertex 5.47467 -13.45 10.6168
      vertex 5.47467 -14.65 10.6168
    endloop
  endfacet
  facet normal 0.358527 0 -0.933519
    outer loop
      vertex 5.47467 -13.45 10.6168
      vertex 5.30855 -14.65 10.553
      vertex 5.30855 -13.45 10.553
    endloop
  endfacet
  facet normal 0.156237 0 -0.98772
    outer loop
      vertex 5.64655 -14.65 10.6629
      vertex 5.8223 -13.45 10.6907
      vertex 5.8223 -14.65 10.6907
    endloop
  endfacet
  facet normal 0.156237 0 -0.98772
    outer loop
      vertex 5.8223 -13.45 10.6907
      vertex 5.64655 -14.65 10.6629
      vertex 5.64655 -13.45 10.6629
    endloop
  endfacet
  facet normal 0.259054 0 -0.965863
    outer loop
      vertex 5.47467 -14.65 10.6168
      vertex 5.64655 -13.45 10.6629
      vertex 5.64655 -14.65 10.6629
    endloop
  endfacet
  facet normal 0.259054 0 -0.965863
    outer loop
      vertex 5.64655 -13.45 10.6629
      vertex 5.47467 -14.65 10.6168
      vertex 5.47467 -13.45 10.6168
    endloop
  endfacet
  facet normal -0.774228 -0.631606 0.0405631
    outer loop
      vertex 9.16793 -16.45 8.99065
      vertex 7.7 -14.65 9
      vertex 7.69069 -14.65 8.8223
    endloop
  endfacet
  facet normal -0.774227 -0.631606 0.0405745
    outer loop
      vertex 7.7 -14.65 9
      vertex 9.16793 -16.45 8.99065
      vertex 9.16842 -16.45 9
    endloop
  endfacet
  facet normal -0.774228 -0.631605 0.040583
    outer loop
      vertex 9.15106 -16.45 8.66881
      vertex 9.16793 -16.45 8.99065
      vertex 7.69069 -14.65 8.8223
    endloop
  endfacet
  facet normal 0.548195 -0.631617 -0.548218
    outer loop
      vertex 3.6454 -16.45 11.1201
      vertex 4.86248 -14.65 10.2633
      vertex 3.87991 -16.45 11.3546
    endloop
  endfacet
  facet normal 0.548145 -0.63161 -0.548275
    outer loop
      vertex 4.86248 -14.65 10.2633
      vertex 3.6454 -16.45 11.1201
      vertex 4.73665 -14.65 10.1375
    endloop
  endfacet
  facet normal -0.602559 -0.63161 -0.487844
    outer loop
      vertex 8.55741 -16.45 10.8696
      vertex 8.3546 -16.45 11.1201
      vertex 7.26335 -14.65 10.1375
    endloop
  endfacet
  facet normal -0.487893 -0.631607 0.602523
    outer loop
      vertex 7.86963 -16.45 6.44259
      vertex 8.12009 -16.45 6.6454
      vertex 7.13752 -14.65 7.73665
    endloop
  endfacet
  facet normal 0.548212 -0.631607 0.548212
    outer loop
      vertex 3.6454 -16.45 6.87991
      vertex 4.86248 -14.65 7.73665
      vertex 4.73665 -14.65 7.86248
    endloop
  endfacet
  facet normal 0.548212 -0.631607 0.548212
    outer loop
      vertex 4.86248 -14.65 7.73665
      vertex 3.6454 -16.45 6.87991
      vertex 3.87991 -16.45 6.6454
    endloop
  endfacet
  facet normal 0.774227 -0.631606 0.0405745
    outer loop
      vertex 2.83207 -16.45 8.99065
      vertex 4.3 -14.65 9
      vertex 2.83158 -16.45 9
    endloop
  endfacet
  facet normal 0.774228 -0.631606 0.0405631
    outer loop
      vertex 4.3 -14.65 9
      vertex 2.83207 -16.45 8.99065
      vertex 4.30931 -14.65 8.8223
    endloop
  endfacet
  facet normal -0.548212 -0.631607 0.548212
    outer loop
      vertex 7.13752 -14.65 7.73665
      vertex 8.3546 -16.45 6.87991
      vertex 7.26335 -14.65 7.86248
    endloop
  endfacet
  facet normal -0.548212 -0.631607 0.548212
    outer loop
      vertex 8.3546 -16.45 6.87991
      vertex 7.13752 -14.65 7.73665
      vertex 8.12009 -16.45 6.6454
    endloop
  endfacet
  facet normal -0.487892 -0.631607 0.602523
    outer loop
      vertex 6.99923 -14.65 7.62467
      vertex 7.86963 -16.45 6.44259
      vertex 7.13752 -14.65 7.73665
    endloop
  endfacet
  facet normal -0.488147 -0.631599 0.602324
    outer loop
      vertex 7.86963 -16.45 6.44259
      vertex 6.99923 -14.65 7.62467
      vertex 7.86235 -16.45 6.43669
    endloop
  endfacet
  facet normal -0.422238 -0.631607 0.650221
    outer loop
      vertex 7.59206 -16.45 6.26117
      vertex 7.86235 -16.45 6.43669
      vertex 6.99923 -14.65 7.62467
    endloop
  endfacet
  facet normal -0.72368 -0.631574 0.278211
    outer loop
      vertex 9.01335 -16.45 8.0209
      vertex 7.55303 -14.65 8.30855
      vertex 9.00999 -16.45 8.01216
    endloop
  endfacet
  facet normal -0.723792 -0.631606 0.277848
    outer loop
      vertex 7.55303 -14.65 8.30855
      vertex 9.01335 -16.45 8.0209
      vertex 7.6168 -14.65 8.47467
    endloop
  endfacet
  facet normal -0.690784 -0.631606 0.351983
    outer loop
      vertex 8.74818 -16.45 7.42413
      vertex 8.8945 -16.45 7.71129
      vertex 7.55303 -14.65 8.30855
    endloop
  endfacet
  facet normal 0.651232 -0.631781 -0.420416
    outer loop
      vertex 3.25607 -16.45 10.5842
      vertex 4.62467 -14.65 9.99923
      vertex 3.26117 -16.45 10.5921
    endloop
  endfacet
  facet normal 0.650216 -0.631605 -0.42225
    outer loop
      vertex 4.62467 -14.65 9.99923
      vertex 3.25607 -16.45 10.5842
      vertex 4.52776 -14.65 9.85
    endloop
  endfacet
  facet normal 0.765673 -0.631616 -0.12168
    outer loop
      vertex 2.89935 -16.45 9.6495
      vertex 4.33715 -14.65 9.35345
      vertex 2.90082 -16.45 9.65875
    endloop
  endfacet
  facet normal 0.765741 -0.631607 -0.121299
    outer loop
      vertex 4.33715 -14.65 9.35345
      vertex 2.89935 -16.45 9.6495
      vertex 4.30931 -14.65 9.1777
    endloop
  endfacet
  facet normal 0.748874 -0.631606 -0.200654
    outer loop
      vertex 4.33715 -14.65 9.35345
      vertex 2.98423 -16.45 9.97005
      vertex 2.90082 -16.45 9.65875
    endloop
  endfacet
  facet normal -0.422384 -0.631593 -0.65014
    outer loop
      vertex 7.58421 -16.45 11.7439
      vertex 6.99923 -14.65 10.3753
      vertex 7.59206 -16.45 11.7388
    endloop
  endfacet
  facet normal -0.422217 -0.631609 -0.650232
    outer loop
      vertex 6.99923 -14.65 10.3753
      vertex 7.58421 -16.45 11.7439
      vertex 6.85 -14.65 10.4722
    endloop
  endfacet
  facet normal -0.765748 -0.631605 -0.12127
    outer loop
      vertex 9.15106 -16.45 9.33119
      vertex 9.10065 -16.45 9.6495
      vertex 7.69069 -14.65 9.1777
    endloop
  endfacet
  facet normal -0.116039 -0.631452 -0.766683
    outer loop
      vertex 6.6495 -16.45 12.1006
      vertex 6.35345 -14.65 10.6629
      vertex 6.65875 -16.45 12.0992
    endloop
  endfacet
  facet normal -0.121132 -0.631578 -0.765792
    outer loop
      vertex 6.35345 -14.65 10.6629
      vertex 6.6495 -16.45 12.1006
      vertex 6.1777 -14.65 10.6907
    endloop
  endfacet
  facet normal -0.200633 -0.631599 -0.748886
    outer loop
      vertex 6.97005 -16.45 12.0158
      vertex 6.65875 -16.45 12.0992
      vertex 6.35345 -14.65 10.6629
    endloop
  endfacet
  facet normal -0.774228 -0.631605 -0.040583
    outer loop
      vertex 9.16793 -16.45 9.00935
      vertex 9.15106 -16.45 9.33119
      vertex 7.69069 -14.65 9.1777
    endloop
  endfacet
  facet normal -0.774227 -0.631606 -0.0405745
    outer loop
      vertex 9.16793 -16.45 9.00935
      vertex 7.7 -14.65 9
      vertex 9.16842 -16.45 9
    endloop
  endfacet
  facet normal -0.774228 -0.631606 -0.0405631
    outer loop
      vertex 7.7 -14.65 9
      vertex 9.16793 -16.45 9.00935
      vertex 7.69069 -14.65 9.1777
    endloop
  endfacet
  facet normal -0.765748 -0.631605 0.12127
    outer loop
      vertex 9.10065 -16.45 8.3505
      vertex 9.15106 -16.45 8.66881
      vertex 7.69069 -14.65 8.8223
    endloop
  endfacet
  facet normal 0.774228 -0.631605 0.040583
    outer loop
      vertex 2.84894 -16.45 8.66881
      vertex 4.30931 -14.65 8.8223
      vertex 2.83207 -16.45 8.99065
    endloop
  endfacet
  facet normal 0.12127 -0.631605 0.765748
    outer loop
      vertex 5.66881 -16.45 5.84894
      vertex 5.8223 -14.65 7.30931
      vertex 5.3505 -16.45 5.89935
    endloop
  endfacet
  facet normal -0.0405631 -0.631606 0.774228
    outer loop
      vertex 6 -14.65 7.3
      vertex 6.00935 -16.45 5.83207
      vertex 6.1777 -14.65 7.30931
    endloop
  endfacet
  facet normal -0.0405745 -0.631606 0.774227
    outer loop
      vertex 6.00935 -16.45 5.83207
      vertex 6 -14.65 7.3
      vertex 6 -16.45 5.83158
    endloop
  endfacet
  facet normal -0.65014 -0.631593 0.422384
    outer loop
      vertex 8.74393 -16.45 7.41579
      vertex 7.37533 -14.65 8.00077
      vertex 8.73883 -16.45 7.40794
    endloop
  endfacet
  facet normal -0.650215 -0.631606 0.422249
    outer loop
      vertex 7.37533 -14.65 8.00077
      vertex 8.74393 -16.45 7.41579
      vertex 7.47224 -14.65 8.15
    endloop
  endfacet
  facet normal -0.765673 -0.631616 0.12168
    outer loop
      vertex 9.10065 -16.45 8.3505
      vertex 7.66285 -14.65 8.64655
      vertex 9.09918 -16.45 8.34125
    endloop
  endfacet
  facet normal -0.765741 -0.631607 0.121299
    outer loop
      vertex 7.66285 -14.65 8.64655
      vertex 9.10065 -16.45 8.3505
      vertex 7.69069 -14.65 8.8223
    endloop
  endfacet
  facet normal -0.748874 -0.631606 0.200654
    outer loop
      vertex 9.01577 -16.45 8.02995
      vertex 9.09918 -16.45 8.34125
      vertex 7.66285 -14.65 8.64655
    endloop
  endfacet
  facet normal -0.723798 -0.631606 0.277832
    outer loop
      vertex 8.8945 -16.45 7.71129
      vertex 9.00999 -16.45 8.01216
      vertex 7.55303 -14.65 8.30855
    endloop
  endfacet
  facet normal 0.602559 -0.63161 -0.487844
    outer loop
      vertex 4.73665 -14.65 10.1375
      vertex 3.6454 -16.45 11.1201
      vertex 3.44259 -16.45 10.8696
    endloop
  endfacet
  facet normal 0.487873 -0.631616 -0.602528
    outer loop
      vertex 4.86248 -14.65 10.2633
      vertex 4.13037 -16.45 11.5574
      vertex 3.87991 -16.45 11.3546
    endloop
  endfacet
  facet normal 0.72368 -0.631574 -0.278211
    outer loop
      vertex 2.98665 -16.45 9.9791
      vertex 4.44697 -14.65 9.69145
      vertex 2.99001 -16.45 9.98784
    endloop
  endfacet
  facet normal 0.723792 -0.631606 -0.277848
    outer loop
      vertex 4.44697 -14.65 9.69145
      vertex 2.98665 -16.45 9.9791
      vertex 4.3832 -14.65 9.52533
    endloop
  endfacet
  facet normal 0.774228 -0.631606 -0.0405631
    outer loop
      vertex 2.83207 -16.45 9.00935
      vertex 4.3 -14.65 9
      vertex 4.30931 -14.65 9.1777
    endloop
  endfacet
  facet normal 0.774227 -0.631606 -0.0405745
    outer loop
      vertex 4.3 -14.65 9
      vertex 2.83207 -16.45 9.00935
      vertex 2.83158 -16.45 9
    endloop
  endfacet
  facet normal 0.774228 -0.631605 -0.040583
    outer loop
      vertex 4.30931 -14.65 9.1777
      vertex 2.84894 -16.45 9.33119
      vertex 2.83207 -16.45 9.00935
    endloop
  endfacet
  facet normal 0.765748 -0.631605 -0.12127
    outer loop
      vertex 4.30931 -14.65 9.1777
      vertex 2.89935 -16.45 9.6495
      vertex 2.84894 -16.45 9.33119
    endloop
  endfacet
  facet normal -0.487873 -0.631616 -0.602528
    outer loop
      vertex 8.12009 -16.45 11.3546
      vertex 7.86963 -16.45 11.5574
      vertex 7.13752 -14.65 10.2633
    endloop
  endfacet
  facet normal -0.548195 -0.631617 -0.548218
    outer loop
      vertex 7.13752 -14.65 10.2633
      vertex 8.3546 -16.45 11.1201
      vertex 8.12009 -16.45 11.3546
    endloop
  endfacet
  facet normal -0.548145 -0.63161 -0.548275
    outer loop
      vertex 8.3546 -16.45 11.1201
      vertex 7.13752 -14.65 10.2633
      vertex 7.26335 -14.65 10.1375
    endloop
  endfacet
  facet normal -0.690803 -0.631606 -0.351944
    outer loop
      vertex 8.8945 -16.45 10.2887
      vertex 8.74818 -16.45 10.5759
      vertex 7.55303 -14.65 9.69145
    endloop
  endfacet
  facet normal -0.273757 -0.631958 -0.725042
    outer loop
      vertex 6.9791 -16.45 12.0133
      vertex 6.69145 -14.65 10.553
      vertex 6.98784 -16.45 12.01
    endloop
  endfacet
  facet normal -0.277967 -0.631591 -0.723759
    outer loop
      vertex 6.69145 -14.65 10.553
      vertex 6.9791 -16.45 12.0133
      vertex 6.52533 -14.65 10.6168
    endloop
  endfacet
  facet normal -0.0414013 -0.631579 -0.774205
    outer loop
      vertex 6 -14.65 10.7
      vertex 6.00935 -16.45 12.1679
      vertex 6 -16.45 12.1684
    endloop
  endfacet
  facet normal -0.0405199 -0.631599 -0.774235
    outer loop
      vertex 6.00935 -16.45 12.1679
      vertex 6 -14.65 10.7
      vertex 6.1777 -14.65 10.6907
    endloop
  endfacet
  facet normal -0.0404149 -0.631608 -0.774234
    outer loop
      vertex 6.1777 -14.65 10.6907
      vertex 6.33119 -16.45 12.1511
      vertex 6.00935 -16.45 12.1679
    endloop
  endfacet
  facet normal -0.121481 -0.631607 -0.765712
    outer loop
      vertex 6.6495 -16.45 12.1006
      vertex 6.33119 -16.45 12.1511
      vertex 6.1777 -14.65 10.6907
    endloop
  endfacet
  facet normal -0.765741 -0.631607 -0.121299
    outer loop
      vertex 9.10065 -16.45 9.6495
      vertex 7.66285 -14.65 9.35345
      vertex 7.69069 -14.65 9.1777
    endloop
  endfacet
  facet normal -0.765673 -0.631616 -0.12168
    outer loop
      vertex 7.66285 -14.65 9.35345
      vertex 9.10065 -16.45 9.6495
      vertex 9.09918 -16.45 9.65875
    endloop
  endfacet
  facet normal 0.765741 -0.631607 0.121299
    outer loop
      vertex 2.89935 -16.45 8.3505
      vertex 4.33715 -14.65 8.64655
      vertex 4.30931 -14.65 8.8223
    endloop
  endfacet
  facet normal 0.765673 -0.631616 0.12168
    outer loop
      vertex 4.33715 -14.65 8.64655
      vertex 2.89935 -16.45 8.3505
      vertex 2.90082 -16.45 8.34125
    endloop
  endfacet
  facet normal 0.602324 -0.631599 0.488147
    outer loop
      vertex 3.44259 -16.45 7.13037
      vertex 4.62467 -14.65 8.00077
      vertex 3.43669 -16.45 7.13765
    endloop
  endfacet
  facet normal 0.602523 -0.631607 0.487892
    outer loop
      vertex 4.62467 -14.65 8.00077
      vertex 3.44259 -16.45 7.13037
      vertex 4.73665 -14.65 7.86248
    endloop
  endfacet
  facet normal 0.602523 -0.631607 0.487893
    outer loop
      vertex 3.6454 -16.45 6.87991
      vertex 4.73665 -14.65 7.86248
      vertex 3.44259 -16.45 7.13037
    endloop
  endfacet
  facet normal 0.487892 -0.631607 0.602523
    outer loop
      vertex 4.13037 -16.45 6.44259
      vertex 5.00077 -14.65 7.62467
      vertex 4.86248 -14.65 7.73665
    endloop
  endfacet
  facet normal 0.488147 -0.631599 0.602324
    outer loop
      vertex 5.00077 -14.65 7.62467
      vertex 4.13037 -16.45 6.44259
      vertex 4.13765 -16.45 6.43669
    endloop
  endfacet
  facet normal 0.121299 -0.631607 0.765741
    outer loop
      vertex 5.64655 -14.65 7.33715
      vertex 5.3505 -16.45 5.89935
      vertex 5.8223 -14.65 7.30931
    endloop
  endfacet
  facet normal 0.12168 -0.631616 0.765673
    outer loop
      vertex 5.3505 -16.45 5.89935
      vertex 5.64655 -14.65 7.33715
      vertex 5.34125 -16.45 5.90082
    endloop
  endfacet
  facet normal 0.200654 -0.631606 0.748874
    outer loop
      vertex 5.34125 -16.45 5.90082
      vertex 5.64655 -14.65 7.33715
      vertex 5.02995 -16.45 5.98423
    endloop
  endfacet
  facet normal 0.200639 -0.631604 0.748879
    outer loop
      vertex 5.47467 -14.65 7.3832
      vertex 5.02995 -16.45 5.98423
      vertex 5.64655 -14.65 7.33715
    endloop
  endfacet
  facet normal 0.20028 -0.631596 0.748982
    outer loop
      vertex 5.02995 -16.45 5.98423
      vertex 5.47467 -14.65 7.3832
      vertex 5.0209 -16.45 5.98665
    endloop
  endfacet
  facet normal 0.040583 -0.631605 0.774228
    outer loop
      vertex 5.99065 -16.45 5.83207
      vertex 5.8223 -14.65 7.30931
      vertex 5.66881 -16.45 5.84894
    endloop
  endfacet
  facet normal -0.277832 -0.631606 0.723798
    outer loop
      vertex 6.98784 -16.45 5.99001
      vertex 7.28871 -16.45 6.1055
      vertex 6.69145 -14.65 7.44697
    endloop
  endfacet
  facet normal -0.040583 -0.631605 0.774228
    outer loop
      vertex 6.33119 -16.45 5.84894
      vertex 6.1777 -14.65 7.30931
      vertex 6.00935 -16.45 5.83207
    endloop
  endfacet
  facet normal -0.12127 -0.631605 0.765748
    outer loop
      vertex 6.33119 -16.45 5.84894
      vertex 6.6495 -16.45 5.89935
      vertex 6.1777 -14.65 7.30931
    endloop
  endfacet
  facet normal 0.0405745 -0.631606 0.774227
    outer loop
      vertex 6 -14.65 7.3
      vertex 5.99065 -16.45 5.83207
      vertex 6 -16.45 5.83158
    endloop
  endfacet
  facet normal 0.0405631 -0.631606 0.774228
    outer loop
      vertex 5.99065 -16.45 5.83207
      vertex 6 -14.65 7.3
      vertex 5.8223 -14.65 7.30931
    endloop
  endfacet
  facet normal -0.602523 -0.631607 0.487892
    outer loop
      vertex 8.55741 -16.45 7.13037
      vertex 7.37533 -14.65 8.00077
      vertex 7.26335 -14.65 7.86248
    endloop
  endfacet
  facet normal -0.602324 -0.631599 0.488147
    outer loop
      vertex 7.37533 -14.65 8.00077
      vertex 8.55741 -16.45 7.13037
      vertex 8.56331 -16.45 7.13765
    endloop
  endfacet
  facet normal -0.650221 -0.631607 0.422238
    outer loop
      vertex 8.56331 -16.45 7.13765
      vertex 8.73883 -16.45 7.40794
      vertex 7.37533 -14.65 8.00077
    endloop
  endfacet
  facet normal -0.602523 -0.631607 0.487893
    outer loop
      vertex 8.3546 -16.45 6.87991
      vertex 8.55741 -16.45 7.13037
      vertex 7.26335 -14.65 7.86248
    endloop
  endfacet
  facet normal -0.690768 -0.631607 0.35201
    outer loop
      vertex 8.74818 -16.45 7.42413
      vertex 7.47224 -14.65 8.15
      vertex 8.74393 -16.45 7.41579
    endloop
  endfacet
  facet normal -0.690779 -0.631607 0.35199
    outer loop
      vertex 7.47224 -14.65 8.15
      vertex 8.74818 -16.45 7.42413
      vertex 7.55303 -14.65 8.30855
    endloop
  endfacet
  facet normal -0.748982 -0.631596 0.20028
    outer loop
      vertex 9.01577 -16.45 8.02995
      vertex 7.6168 -14.65 8.47467
      vertex 9.01335 -16.45 8.0209
    endloop
  endfacet
  facet normal -0.748879 -0.631604 0.200639
    outer loop
      vertex 7.6168 -14.65 8.47467
      vertex 9.01577 -16.45 8.02995
      vertex 7.66285 -14.65 8.64655
    endloop
  endfacet
  facet normal 0.0414013 -0.631579 -0.774205
    outer loop
      vertex 5.99065 -16.45 12.1679
      vertex 6 -14.65 10.7
      vertex 6 -16.45 12.1684
    endloop
  endfacet
  facet normal 0.0405199 -0.631599 -0.774235
    outer loop
      vertex 6 -14.65 10.7
      vertex 5.99065 -16.45 12.1679
      vertex 5.8223 -14.65 10.6907
    endloop
  endfacet
  facet normal 0.121481 -0.631607 -0.765712
    outer loop
      vertex 5.8223 -14.65 10.6907
      vertex 5.66881 -16.45 12.1511
      vertex 5.3505 -16.45 12.1006
    endloop
  endfacet
  facet normal 0.0404149 -0.631608 -0.774234
    outer loop
      vertex 5.8223 -14.65 10.6907
      vertex 5.99065 -16.45 12.1679
      vertex 5.66881 -16.45 12.1511
    endloop
  endfacet
  facet normal 0.690803 -0.631606 -0.351944
    outer loop
      vertex 4.44697 -14.65 9.69145
      vertex 3.25182 -16.45 10.5759
      vertex 3.1055 -16.45 10.2887
    endloop
  endfacet
  facet normal 0.723795 -0.631605 -0.277841
    outer loop
      vertex 4.44697 -14.65 9.69145
      vertex 3.1055 -16.45 10.2887
      vertex 2.99001 -16.45 9.98784
    endloop
  endfacet
  facet normal 0.650224 -0.631613 -0.422224
    outer loop
      vertex 4.62467 -14.65 9.99923
      vertex 3.43669 -16.45 10.8624
      vertex 3.26117 -16.45 10.5921
    endloop
  endfacet
  facet normal 0.599741 -0.631494 -0.491454
    outer loop
      vertex 4.62467 -14.65 9.99923
      vertex 3.44259 -16.45 10.8696
      vertex 3.43669 -16.45 10.8624
    endloop
  endfacet
  facet normal 0.602493 -0.631601 -0.487938
    outer loop
      vertex 3.44259 -16.45 10.8696
      vertex 4.62467 -14.65 9.99923
      vertex 4.73665 -14.65 10.1375
    endloop
  endfacet
  facet normal 0.748982 -0.631596 -0.20028
    outer loop
      vertex 2.98423 -16.45 9.97005
      vertex 4.3832 -14.65 9.52533
      vertex 2.98665 -16.45 9.9791
    endloop
  endfacet
  facet normal 0.748879 -0.631604 -0.200639
    outer loop
      vertex 4.3832 -14.65 9.52533
      vertex 2.98423 -16.45 9.97005
      vertex 4.33715 -14.65 9.35345
    endloop
  endfacet
  facet normal -0.650224 -0.631613 -0.422224
    outer loop
      vertex 8.73883 -16.45 10.5921
      vertex 8.56331 -16.45 10.8624
      vertex 7.37533 -14.65 9.99923
    endloop
  endfacet
  facet normal -0.690777 -0.63161 -0.351989
    outer loop
      vertex 8.74818 -16.45 10.5759
      vertex 7.47224 -14.65 9.85
      vertex 7.55303 -14.65 9.69145
    endloop
  endfacet
  facet normal -0.690055 -0.631644 -0.353341
    outer loop
      vertex 7.47224 -14.65 9.85
      vertex 8.74818 -16.45 10.5759
      vertex 8.74393 -16.45 10.5842
    endloop
  endfacet
  facet normal -0.650216 -0.631605 -0.42225
    outer loop
      vertex 8.74393 -16.45 10.5842
      vertex 7.37533 -14.65 9.99923
      vertex 7.47224 -14.65 9.85
    endloop
  endfacet
  facet normal -0.651232 -0.631781 -0.420416
    outer loop
      vertex 7.37533 -14.65 9.99923
      vertex 8.74393 -16.45 10.5842
      vertex 8.73883 -16.45 10.5921
    endloop
  endfacet
  facet normal -0.723795 -0.631605 -0.277841
    outer loop
      vertex 9.00999 -16.45 9.98784
      vertex 8.8945 -16.45 10.2887
      vertex 7.55303 -14.65 9.69145
    endloop
  endfacet
  facet normal -0.723792 -0.631606 -0.277848
    outer loop
      vertex 9.01335 -16.45 9.9791
      vertex 7.55303 -14.65 9.69145
      vertex 7.6168 -14.65 9.52533
    endloop
  endfacet
  facet normal -0.72368 -0.631574 -0.278211
    outer loop
      vertex 7.55303 -14.65 9.69145
      vertex 9.01335 -16.45 9.9791
      vertex 9.00999 -16.45 9.98784
    endloop
  endfacet
  facet normal -0.351942 -0.631614 -0.690797
    outer loop
      vertex 7.57587 -16.45 11.7482
      vertex 7.28871 -16.45 11.8945
      vertex 6.69145 -14.65 10.553
    endloop
  endfacet
  facet normal -0.277851 -0.631614 -0.723784
    outer loop
      vertex 7.28871 -16.45 11.8945
      vertex 6.98784 -16.45 12.01
      vertex 6.69145 -14.65 10.553
    endloop
  endfacet
  facet normal -0.422203 -0.63161 -0.650241
    outer loop
      vertex 7.86235 -16.45 11.5633
      vertex 7.59206 -16.45 11.7388
      vertex 6.99923 -14.65 10.3753
    endloop
  endfacet
  facet normal -0.488145 -0.631603 -0.602322
    outer loop
      vertex 6.99923 -14.65 10.3753
      vertex 7.86963 -16.45 11.5574
      vertex 7.86235 -16.45 11.5633
    endloop
  endfacet
  facet normal -0.487943 -0.631609 -0.602479
    outer loop
      vertex 7.86963 -16.45 11.5574
      vertex 6.99923 -14.65 10.3753
      vertex 7.13752 -14.65 10.2633
    endloop
  endfacet
  facet normal -0.206408 -0.631736 -0.747198
    outer loop
      vertex 6.97005 -16.45 12.0158
      vertex 6.52533 -14.65 10.6168
      vertex 6.9791 -16.45 12.0133
    endloop
  endfacet
  facet normal -0.20084 -0.631617 -0.748815
    outer loop
      vertex 6.52533 -14.65 10.6168
      vertex 6.97005 -16.45 12.0158
      vertex 6.35345 -14.65 10.6629
    endloop
  endfacet
  facet normal -0.748879 -0.631604 -0.200639
    outer loop
      vertex 9.01577 -16.45 9.97005
      vertex 7.6168 -14.65 9.52533
      vertex 7.66285 -14.65 9.35345
    endloop
  endfacet
  facet normal -0.748982 -0.631596 -0.20028
    outer loop
      vertex 7.6168 -14.65 9.52533
      vertex 9.01577 -16.45 9.97005
      vertex 9.01335 -16.45 9.9791
    endloop
  endfacet
  facet normal -0.748874 -0.631606 -0.200654
    outer loop
      vertex 9.09918 -16.45 9.65875
      vertex 9.01577 -16.45 9.97005
      vertex 7.66285 -14.65 9.35345
    endloop
  endfacet
  facet normal 0.765748 -0.631605 0.12127
    outer loop
      vertex 2.89935 -16.45 8.3505
      vertex 4.30931 -14.65 8.8223
      vertex 2.84894 -16.45 8.66881
    endloop
  endfacet
  facet normal 0.748874 -0.631606 0.200654
    outer loop
      vertex 2.98423 -16.45 8.02995
      vertex 4.33715 -14.65 8.64655
      vertex 2.90082 -16.45 8.34125
    endloop
  endfacet
  facet normal 0.650221 -0.631607 0.422238
    outer loop
      vertex 3.43669 -16.45 7.13765
      vertex 4.62467 -14.65 8.00077
      vertex 3.26117 -16.45 7.40794
    endloop
  endfacet
  facet normal 0.723798 -0.631606 0.277832
    outer loop
      vertex 3.1055 -16.45 7.71129
      vertex 4.44697 -14.65 8.30855
      vertex 2.99001 -16.45 8.01216
    endloop
  endfacet
  facet normal 0.487893 -0.631607 0.602523
    outer loop
      vertex 4.13037 -16.45 6.44259
      vertex 4.86248 -14.65 7.73665
      vertex 3.87991 -16.45 6.6454
    endloop
  endfacet
  facet normal 0.277848 -0.631606 0.723792
    outer loop
      vertex 5.30855 -14.65 7.44697
      vertex 5.0209 -16.45 5.98665
      vertex 5.47467 -14.65 7.3832
    endloop
  endfacet
  facet normal 0.278211 -0.631574 0.72368
    outer loop
      vertex 5.0209 -16.45 5.98665
      vertex 5.30855 -14.65 7.44697
      vertex 5.01216 -16.45 5.99001
    endloop
  endfacet
  facet normal 0.277832 -0.631606 0.723798
    outer loop
      vertex 5.01216 -16.45 5.99001
      vertex 5.30855 -14.65 7.44697
      vertex 4.71129 -16.45 6.1055
    endloop
  endfacet
  facet normal 0.35199 -0.631607 0.690779
    outer loop
      vertex 5.15 -14.65 7.52776
      vertex 4.42413 -16.45 6.25182
      vertex 5.30855 -14.65 7.44697
    endloop
  endfacet
  facet normal 0.35201 -0.631607 0.690768
    outer loop
      vertex 4.42413 -16.45 6.25182
      vertex 5.15 -14.65 7.52776
      vertex 4.41579 -16.45 6.25607
    endloop
  endfacet
  facet normal 0.351983 -0.631606 0.690784
    outer loop
      vertex 4.71129 -16.45 6.1055
      vertex 5.30855 -14.65 7.44697
      vertex 4.42413 -16.45 6.25182
    endloop
  endfacet
  facet normal -0.35201 -0.631607 0.690768
    outer loop
      vertex 6.85 -14.65 7.52776
      vertex 7.57587 -16.45 6.25182
      vertex 7.58421 -16.45 6.25607
    endloop
  endfacet
  facet normal -0.35199 -0.631607 0.690779
    outer loop
      vertex 7.57587 -16.45 6.25182
      vertex 6.85 -14.65 7.52776
      vertex 6.69145 -14.65 7.44697
    endloop
  endfacet
  facet normal -0.351983 -0.631606 0.690784
    outer loop
      vertex 7.28871 -16.45 6.1055
      vertex 7.57587 -16.45 6.25182
      vertex 6.69145 -14.65 7.44697
    endloop
  endfacet
  facet normal -0.20028 -0.631596 0.748982
    outer loop
      vertex 6.52533 -14.65 7.3832
      vertex 6.97005 -16.45 5.98423
      vertex 6.9791 -16.45 5.98665
    endloop
  endfacet
  facet normal -0.200639 -0.631604 0.748879
    outer loop
      vertex 6.97005 -16.45 5.98423
      vertex 6.52533 -14.65 7.3832
      vertex 6.35345 -14.65 7.33715
    endloop
  endfacet
  facet normal 0.422203 -0.63161 -0.650241
    outer loop
      vertex 5.00077 -14.65 10.3753
      vertex 4.40794 -16.45 11.7388
      vertex 4.13765 -16.45 11.5633
    endloop
  endfacet
  facet normal 0.422217 -0.631609 -0.650232
    outer loop
      vertex 4.41579 -16.45 11.7439
      vertex 5.00077 -14.65 10.3753
      vertex 5.15 -14.65 10.4722
    endloop
  endfacet
  facet normal 0.422384 -0.631593 -0.65014
    outer loop
      vertex 5.00077 -14.65 10.3753
      vertex 4.41579 -16.45 11.7439
      vertex 4.40794 -16.45 11.7388
    endloop
  endfacet
  facet normal 0.277851 -0.631614 -0.723784
    outer loop
      vertex 5.30855 -14.65 10.553
      vertex 5.01216 -16.45 12.01
      vertex 4.71129 -16.45 11.8945
    endloop
  endfacet
  facet normal 0.121132 -0.631578 -0.765792
    outer loop
      vertex 5.3505 -16.45 12.1006
      vertex 5.64655 -14.65 10.6629
      vertex 5.8223 -14.65 10.6907
    endloop
  endfacet
  facet normal 0.116039 -0.631452 -0.766683
    outer loop
      vertex 5.64655 -14.65 10.6629
      vertex 5.3505 -16.45 12.1006
      vertex 5.34125 -16.45 12.0992
    endloop
  endfacet
  facet normal 0.690055 -0.631644 -0.353341
    outer loop
      vertex 3.25182 -16.45 10.5759
      vertex 4.52776 -14.65 9.85
      vertex 3.25607 -16.45 10.5842
    endloop
  endfacet
  facet normal 0.690777 -0.63161 -0.351989
    outer loop
      vertex 4.52776 -14.65 9.85
      vertex 3.25182 -16.45 10.5759
      vertex 4.44697 -14.65 9.69145
    endloop
  endfacet
  facet normal -0.602493 -0.631601 -0.487938
    outer loop
      vertex 7.37533 -14.65 9.99923
      vertex 8.55741 -16.45 10.8696
      vertex 7.26335 -14.65 10.1375
    endloop
  endfacet
  facet normal -0.599741 -0.631494 -0.491454
    outer loop
      vertex 8.55741 -16.45 10.8696
      vertex 7.37533 -14.65 9.99923
      vertex 8.56331 -16.45 10.8624
    endloop
  endfacet
  facet normal -0.355251 -0.6317 -0.689023
    outer loop
      vertex 7.57587 -16.45 11.7482
      vertex 6.85 -14.65 10.4722
      vertex 7.58421 -16.45 11.7439
    endloop
  endfacet
  facet normal -0.352019 -0.631621 -0.690751
    outer loop
      vertex 6.85 -14.65 10.4722
      vertex 7.57587 -16.45 11.7482
      vertex 6.69145 -14.65 10.553
    endloop
  endfacet
  facet normal 0.748879 -0.631604 0.200639
    outer loop
      vertex 2.98423 -16.45 8.02995
      vertex 4.3832 -14.65 8.47467
      vertex 4.33715 -14.65 8.64655
    endloop
  endfacet
  facet normal 0.748982 -0.631596 0.20028
    outer loop
      vertex 4.3832 -14.65 8.47467
      vertex 2.98423 -16.45 8.02995
      vertex 2.98665 -16.45 8.0209
    endloop
  endfacet
  facet normal 0.690779 -0.631607 0.35199
    outer loop
      vertex 3.25182 -16.45 7.42413
      vertex 4.52776 -14.65 8.15
      vertex 4.44697 -14.65 8.30855
    endloop
  endfacet
  facet normal 0.690768 -0.631607 0.35201
    outer loop
      vertex 4.52776 -14.65 8.15
      vertex 3.25182 -16.45 7.42413
      vertex 3.25607 -16.45 7.41579
    endloop
  endfacet
  facet normal 0.690784 -0.631606 0.351983
    outer loop
      vertex 3.25182 -16.45 7.42413
      vertex 4.44697 -14.65 8.30855
      vertex 3.1055 -16.45 7.71129
    endloop
  endfacet
  facet normal 0.422249 -0.631606 0.650215
    outer loop
      vertex 5.00077 -14.65 7.62467
      vertex 4.41579 -16.45 6.25607
      vertex 5.15 -14.65 7.52776
    endloop
  endfacet
  facet normal 0.422384 -0.631593 0.65014
    outer loop
      vertex 4.41579 -16.45 6.25607
      vertex 5.00077 -14.65 7.62467
      vertex 4.40794 -16.45 6.26117
    endloop
  endfacet
  facet normal 0.422238 -0.631607 0.650221
    outer loop
      vertex 4.40794 -16.45 6.26117
      vertex 5.00077 -14.65 7.62467
      vertex 4.13765 -16.45 6.43669
    endloop
  endfacet
  facet normal -0.422384 -0.631593 0.65014
    outer loop
      vertex 6.99923 -14.65 7.62467
      vertex 7.58421 -16.45 6.25607
      vertex 7.59206 -16.45 6.26117
    endloop
  endfacet
  facet normal -0.422249 -0.631606 0.650215
    outer loop
      vertex 7.58421 -16.45 6.25607
      vertex 6.99923 -14.65 7.62467
      vertex 6.85 -14.65 7.52776
    endloop
  endfacet
  facet normal -0.12168 -0.631616 0.765673
    outer loop
      vertex 6.35345 -14.65 7.33715
      vertex 6.6495 -16.45 5.89935
      vertex 6.65875 -16.45 5.90082
    endloop
  endfacet
  facet normal -0.121299 -0.631607 0.765741
    outer loop
      vertex 6.6495 -16.45 5.89935
      vertex 6.35345 -14.65 7.33715
      vertex 6.1777 -14.65 7.30931
    endloop
  endfacet
  facet normal -0.200654 -0.631606 0.748874
    outer loop
      vertex 6.65875 -16.45 5.90082
      vertex 6.97005 -16.45 5.98423
      vertex 6.35345 -14.65 7.33715
    endloop
  endfacet
  facet normal -0.278211 -0.631574 0.72368
    outer loop
      vertex 6.69145 -14.65 7.44697
      vertex 6.9791 -16.45 5.98665
      vertex 6.98784 -16.45 5.99001
    endloop
  endfacet
  facet normal -0.277848 -0.631606 0.723792
    outer loop
      vertex 6.9791 -16.45 5.98665
      vertex 6.69145 -14.65 7.44697
      vertex 6.52533 -14.65 7.3832
    endloop
  endfacet
  facet normal 0.488145 -0.631603 -0.602322
    outer loop
      vertex 4.13037 -16.45 11.5574
      vertex 5.00077 -14.65 10.3753
      vertex 4.13765 -16.45 11.5633
    endloop
  endfacet
  facet normal 0.487943 -0.631609 -0.602479
    outer loop
      vertex 5.00077 -14.65 10.3753
      vertex 4.13037 -16.45 11.5574
      vertex 4.86248 -14.65 10.2633
    endloop
  endfacet
  facet normal 0.277967 -0.631591 -0.723759
    outer loop
      vertex 5.0209 -16.45 12.0133
      vertex 5.30855 -14.65 10.553
      vertex 5.47467 -14.65 10.6168
    endloop
  endfacet
  facet normal 0.273757 -0.631958 -0.725042
    outer loop
      vertex 5.30855 -14.65 10.553
      vertex 5.0209 -16.45 12.0133
      vertex 5.01216 -16.45 12.01
    endloop
  endfacet
  facet normal 0.352019 -0.631621 -0.690751
    outer loop
      vertex 4.42413 -16.45 11.7482
      vertex 5.15 -14.65 10.4722
      vertex 5.30855 -14.65 10.553
    endloop
  endfacet
  facet normal 0.355251 -0.6317 -0.689023
    outer loop
      vertex 5.15 -14.65 10.4722
      vertex 4.42413 -16.45 11.7482
      vertex 4.41579 -16.45 11.7439
    endloop
  endfacet
  facet normal 0.351942 -0.631614 -0.690797
    outer loop
      vertex 5.30855 -14.65 10.553
      vertex 4.71129 -16.45 11.8945
      vertex 4.42413 -16.45 11.7482
    endloop
  endfacet
  facet normal 0.20084 -0.631617 -0.748815
    outer loop
      vertex 5.02995 -16.45 12.0158
      vertex 5.47467 -14.65 10.6168
      vertex 5.64655 -14.65 10.6629
    endloop
  endfacet
  facet normal 0.206408 -0.631736 -0.747198
    outer loop
      vertex 5.47467 -14.65 10.6168
      vertex 5.02995 -16.45 12.0158
      vertex 5.0209 -16.45 12.0133
    endloop
  endfacet
  facet normal 0.200633 -0.631599 -0.748886
    outer loop
      vertex 5.64655 -14.65 10.6629
      vertex 5.34125 -16.45 12.0992
      vertex 5.02995 -16.45 12.0158
    endloop
  endfacet
  facet normal 0.723792 -0.631606 0.277848
    outer loop
      vertex 2.98665 -16.45 8.0209
      vertex 4.44697 -14.65 8.30855
      vertex 4.3832 -14.65 8.47467
    endloop
  endfacet
  facet normal 0.72368 -0.631574 0.278211
    outer loop
      vertex 4.44697 -14.65 8.30855
      vertex 2.98665 -16.45 8.0209
      vertex 2.99001 -16.45 8.01216
    endloop
  endfacet
  facet normal 0.650215 -0.631606 0.422249
    outer loop
      vertex 3.25607 -16.45 7.41579
      vertex 4.62467 -14.65 8.00077
      vertex 4.52776 -14.65 8.15
    endloop
  endfacet
  facet normal 0.65014 -0.631593 0.422384
    outer loop
      vertex 4.62467 -14.65 8.00077
      vertex 3.25607 -16.45 7.41579
      vertex 3.26117 -16.45 7.40794
    endloop
  endfacet
  facet normal 0 0.707085 -0.707128
    outer loop
      vertex -14 -13.945 3
      vertex 14 -13.45 3.49497
      vertex 14 -13.945 3
    endloop
  endfacet
  facet normal 0 0.707085 -0.707128
    outer loop
      vertex 14 -13.45 3.49497
      vertex -14 -13.945 3
      vertex -14 -13.45 3.49497
    endloop
  endfacet
  facet normal 0 -0.707092 0.707121
    outer loop
      vertex -14 -13.45 2.50502
      vertex 14 -12.955 3
      vertex -14 -12.955 3
    endloop
  endfacet
  facet normal 0 -0.707092 0.707121
    outer loop
      vertex 14 -12.955 3
      vertex -14 -13.45 2.50502
      vertex 14 -13.45 2.50502
    endloop
  endfacet
  facet normal 0 0.707092 0.707121
    outer loop
      vertex 14 -13.45 2.50502
      vertex -14 -13.945 3
      vertex 14 -13.945 3
    endloop
  endfacet
  facet normal 0 0.707092 0.707121
    outer loop
      vertex -14 -13.945 3
      vertex 14 -13.45 2.50502
      vertex -14 -13.45 2.50502
    endloop
  endfacet
  facet normal 0 -0.707114 0.7071
    outer loop
      vertex -14 5.45 2.50502
      vertex 14 5.94497 3
      vertex -14 5.94497 3
    endloop
  endfacet
  facet normal 0 -0.707114 0.7071
    outer loop
      vertex 14 5.94497 3
      vertex -14 5.45 2.50502
      vertex 14 5.45 2.50502
    endloop
  endfacet
  facet normal 0 -0.707107 -0.707107
    outer loop
      vertex -14 5.45 3.49497
      vertex 14 5.94497 3
      vertex 14 5.45 3.49497
    endloop
  endfacet
  facet normal -0 -0.707107 -0.707107
    outer loop
      vertex 14 5.94497 3
      vertex -14 5.45 3.49497
      vertex -14 5.94497 3
    endloop
  endfacet
  facet normal 0 0.707107 0.707107
    outer loop
      vertex 14 5.45 2.50502
      vertex -14 4.95502 3
      vertex 14 4.95502 3
    endloop
  endfacet
  facet normal 0 0.707107 0.707107
    outer loop
      vertex -14 4.95502 3
      vertex 14 5.45 2.50502
      vertex -14 5.45 2.50502
    endloop
  endfacet
  facet normal 2.09301e-06 -0.707127 0.707087
    outer loop
      vertex -13.4897 5.45 11.51
      vertex -11.5 6.43995 12.5
      vertex -11.7613 6.42625 12.4863
    endloop
  endfacet
  facet normal 0 -0.707125 0.707089
    outer loop
      vertex -11.5 6.43995 12.5
      vertex -13.4897 5.45 11.51
      vertex 11.5 6.43995 12.5
    endloop
  endfacet
  facet normal 0.000121974 -0.707233 0.706981
    outer loop
      vertex -13.4897 5.45 11.51
      vertex -11.7613 6.42625 12.4863
      vertex -12.0198 6.38532 12.4454
    endloop
  endfacet
  facet normal 0 -0.707125 0.707089
    outer loop
      vertex 13.4897 5.45 11.51
      vertex 11.5 6.43995 12.5
      vertex -13.4897 5.45 11.51
    endloop
  endfacet
  facet normal -0.00031051 -0.706893 0.70732
    outer loop
      vertex -13.4897 5.45 11.51
      vertex -12.0198 6.38532 12.4454
      vertex -12.2725 6.31759 12.3776
    endloop
  endfacet
  facet normal -2.09301e-06 -0.707127 0.707087
    outer loop
      vertex 11.5 6.43995 12.5
      vertex 13.4897 5.45 11.51
      vertex 11.7613 6.42625 12.4863
    endloop
  endfacet
  facet normal 0.000508327 -0.707467 0.706746
    outer loop
      vertex -13.4897 5.45 11.51
      vertex -12.2725 6.31759 12.3776
      vertex -12.5168 6.22381 12.2839
    endloop
  endfacet
  facet normal -0.000121974 -0.707233 0.706981
    outer loop
      vertex 11.7613 6.42625 12.4863
      vertex 13.4897 5.45 11.51
      vertex 12.0198 6.38532 12.4454
    endloop
  endfacet
  facet normal 0.000116524 -0.707221 0.706992
    outer loop
      vertex -13.4897 5.45 11.51
      vertex -12.5168 6.22381 12.2839
      vertex -12.75 6.10501 12.1651
    endloop
  endfacet
  facet normal 0.00031051 -0.706893 0.70732
    outer loop
      vertex 12.0198 6.38532 12.4454
      vertex 13.4897 5.45 11.51
      vertex 12.2725 6.31759 12.3776
    endloop
  endfacet
  facet normal -0.00073 -0.706743 0.70747
    outer loop
      vertex -13.4897 5.45 11.51
      vertex -12.75 6.10501 12.1651
      vertex -12.9695 5.96249 12.0225
    endloop
  endfacet
  facet normal -0.000508327 -0.707467 0.706746
    outer loop
      vertex 12.2725 6.31759 12.3776
      vertex 13.4897 5.45 11.51
      vertex 12.5168 6.22381 12.2839
    endloop
  endfacet
  facet normal 0.0016261 -0.707938 0.706273
    outer loop
      vertex -13.4897 5.45 11.51
      vertex -12.9695 5.96249 12.0225
      vertex -13.1728 5.79781 11.8579
    endloop
  endfacet
  facet normal -0.000116524 -0.707221 0.706992
    outer loop
      vertex 12.5168 6.22381 12.2839
      vertex 13.4897 5.45 11.51
      vertex 12.75 6.10501 12.1651
    endloop
  endfacet
  facet normal -0.000947676 -0.706766 0.707447
    outer loop
      vertex -13.4897 5.45 11.51
      vertex -13.1728 5.79781 11.8579
      vertex -13.3579 5.61278 11.6728
    endloop
  endfacet
  facet normal 0.00073 -0.706743 0.70747
    outer loop
      vertex 12.75 6.10501 12.1651
      vertex 13.4897 5.45 11.51
      vertex 12.9695 5.96249 12.0225
    endloop
  endfacet
  facet normal -0.0016261 -0.707938 0.706273
    outer loop
      vertex 12.9695 5.96249 12.0225
      vertex 13.4897 5.45 11.51
      vertex 13.1728 5.79781 11.8579
    endloop
  endfacet
  facet normal 0.000947676 -0.706766 0.707447
    outer loop
      vertex 13.1728 5.79781 11.8579
      vertex 13.4897 5.45 11.51
      vertex 13.3579 5.61278 11.6728
    endloop
  endfacet
  facet normal -1 0 0
    outer loop
      vertex -14 41.35 0
      vertex -14 38.845 3
      vertex -14 41.35 10
    endloop
  endfacet
  facet normal -1 0 0
    outer loop
      vertex -14 41.35 0
      vertex -14 38.35 2.50502
      vertex -14 38.845 3
    endloop
  endfacet
  facet normal -1 0 0
    outer loop
      vertex -14 38.35 2.50502
      vertex -14 19.945 3
      vertex -14 37.855 3
    endloop
  endfacet
  facet normal -1 0 0
    outer loop
      vertex -14 19.45 2.50502
      vertex -14 38.35 2.50502
      vertex -14 41.35 0
    endloop
  endfacet
  facet normal -1 0 0
    outer loop
      vertex -14 38.35 2.50502
      vertex -14 19.45 2.50502
      vertex -14 19.945 3
    endloop
  endfacet
  facet normal -1 -0 0
    outer loop
      vertex -14 19.45 2.50502
      vertex -14 16.45 0
      vertex -14 18.955 3
    endloop
  endfacet
  facet normal -1 0 0
    outer loop
      vertex -14 16.45 0
      vertex -14 19.45 2.50502
      vertex -14 41.35 0
    endloop
  endfacet
  facet normal -1 0 0
    outer loop
      vertex -14 38.35 3.49497
      vertex -14 41.35 10
      vertex -14 38.845 3
    endloop
  endfacet
  facet normal -1 -0 0
    outer loop
      vertex -14 41.35 10
      vertex -14 38.35 3.49497
      vertex -14 38.35 10
    endloop
  endfacet
  facet normal -1 0 0
    outer loop
      vertex -14 16.45 17.5
      vertex -14 19.45 3.49497
      vertex -14 18.955 3
    endloop
  endfacet
  facet normal -1 0 0
    outer loop
      vertex -14 16.45 17.5
      vertex -14 18.955 3
      vertex -14 16.45 0
    endloop
  endfacet
  facet normal -1 0 0
    outer loop
      vertex -14 19.45 3.49497
      vertex -14 16.45 17.5
      vertex -14 19.45 17.5
    endloop
  endfacet
  facet normal -0 0 1
    outer loop
      vertex -14 37.855 3
      vertex 14 19.945 3
      vertex 14 37.855 3
    endloop
  endfacet
  facet normal 0 0 1
    outer loop
      vertex 14 19.945 3
      vertex -14 37.855 3
      vertex -14 19.945 3
    endloop
  endfacet
  facet normal 1 -0 0
    outer loop
      vertex 14 16.45 17.5
      vertex 14 19.45 3.49497
      vertex 14 19.45 17.5
    endloop
  endfacet
  facet normal 1 0 0
    outer loop
      vertex 14 19.45 3.49497
      vertex 14 16.45 17.5
      vertex 14 18.955 3
    endloop
  endfacet
  facet normal 1 0 0
    outer loop
      vertex 14 41.35 10
      vertex 14 38.845 3
      vertex 14 41.35 0
    endloop
  endfacet
  facet normal 1 0 0
    outer loop
      vertex 14 38.35 3.49497
      vertex 14 41.35 10
      vertex 14 38.35 10
    endloop
  endfacet
  facet normal 1 0 0
    outer loop
      vertex 14 41.35 10
      vertex 14 38.35 3.49497
      vertex 14 38.845 3
    endloop
  endfacet
  facet normal 1 -0 0
    outer loop
      vertex 14 38.35 2.50502
      vertex 14 41.35 0
      vertex 14 38.845 3
    endloop
  endfacet
  facet normal 1 -0 0
    outer loop
      vertex 14 19.945 3
      vertex 14 38.35 2.50502
      vertex 14 37.855 3
    endloop
  endfacet
  facet normal 1 0 0
    outer loop
      vertex 14 19.45 2.50502
      vertex 14 38.35 2.50502
      vertex 14 19.945 3
    endloop
  endfacet
  facet normal 1 0 0
    outer loop
      vertex 14 38.35 2.50502
      vertex 14 19.45 2.50502
      vertex 14 41.35 0
    endloop
  endfacet
  facet normal 1 0 0
    outer loop
      vertex 14 19.45 2.50502
      vertex 14 16.45 0
      vertex 14 41.35 0
    endloop
  endfacet
  facet normal 1 0 0
    outer loop
      vertex 14 18.955 3
      vertex 14 16.45 0
      vertex 14 19.45 2.50502
    endloop
  endfacet
  facet normal 1 0 0
    outer loop
      vertex 14 16.45 0
      vertex 14 18.955 3
      vertex 14 16.45 17.5
    endloop
  endfacet
  facet normal 0 1 0
    outer loop
      vertex 14 41.35 10
      vertex 11.5 41.35 12.5
      vertex 11.7613 41.35 12.4863
    endloop
  endfacet
  facet normal 0 1 0
    outer loop
      vertex 11.5 41.35 12.5
      vertex 14 41.35 0
      vertex -11.5 41.35 12.5
    endloop
  endfacet
  facet normal 0 1 0
    outer loop
      vertex 14 41.35 10
      vertex 11.7613 41.35 12.4863
      vertex 12.0198 41.35 12.4454
    endloop
  endfacet
  facet normal 0 1 0
    outer loop
      vertex -14 41.35 0
      vertex -11.5 41.35 12.5
      vertex 14 41.35 0
    endloop
  endfacet
  facet normal 0 1 0
    outer loop
      vertex 14 41.35 10
      vertex 12.0198 41.35 12.4454
      vertex 12.2725 41.35 12.3776
    endloop
  endfacet
  facet normal -0 1 0
    outer loop
      vertex -14 41.35 10
      vertex -11.5 41.35 12.5
      vertex -14 41.35 0
    endloop
  endfacet
  facet normal 0 1 0
    outer loop
      vertex 14 41.35 10
      vertex 12.2725 41.35 12.3776
      vertex 12.5168 41.35 12.2839
    endloop
  endfacet
  facet normal 0 1 0
    outer loop
      vertex -11.5 41.35 12.5
      vertex -14 41.35 10
      vertex -11.7613 41.35 12.4863
    endloop
  endfacet
  facet normal 0 1 0
    outer loop
      vertex 14 41.35 10
      vertex 12.5168 41.35 12.2839
      vertex 12.75 41.35 12.1651
    endloop
  endfacet
  facet normal 0 1 0
    outer loop
      vertex -11.7613 41.35 12.4863
      vertex -14 41.35 10
      vertex -12.0198 41.35 12.4454
    endloop
  endfacet
  facet normal 0 1 0
    outer loop
      vertex 14 41.35 10
      vertex 12.75 41.35 12.1651
      vertex 12.9695 41.35 12.0225
    endloop
  endfacet
  facet normal 0 1 0
    outer loop
      vertex -12.0198 41.35 12.4454
      vertex -14 41.35 10
      vertex -12.2725 41.35 12.3776
    endloop
  endfacet
  facet normal 0 1 0
    outer loop
      vertex 14 41.35 10
      vertex 12.9695 41.35 12.0225
      vertex 13.1728 41.35 11.8579
    endloop
  endfacet
  facet normal 0 1 0
    outer loop
      vertex 11.5 41.35 12.5
      vertex 14 41.35 10
      vertex 14 41.35 0
    endloop
  endfacet
  facet normal 0 1 0
    outer loop
      vertex 14 41.35 10
      vertex 13.1728 41.35 11.8579
      vertex 13.3579 41.35 11.6728
    endloop
  endfacet
  facet normal 0 1 0
    outer loop
      vertex -12.2725 41.35 12.3776
      vertex -14 41.35 10
      vertex -12.5168 41.35 12.2839
    endloop
  endfacet
  facet normal 0 1 0
    outer loop
      vertex 14 41.35 10
      vertex 13.3579 41.35 11.6728
      vertex 13.5225 41.35 11.4695
    endloop
  endfacet
  facet normal 0 1 0
    outer loop
      vertex -12.9695 41.35 12.0225
      vertex -14 41.35 10
      vertex -13.1728 41.35 11.8579
    endloop
  endfacet
  facet normal 0 1 0
    outer loop
      vertex 14 41.35 10
      vertex 13.5225 41.35 11.4695
      vertex 13.6651 41.35 11.25
    endloop
  endfacet
  facet normal 0 1 0
    outer loop
      vertex -13.1728 41.35 11.8579
      vertex -14 41.35 10
      vertex -13.3579 41.35 11.6728
    endloop
  endfacet
  facet normal 0 1 0
    outer loop
      vertex 14 41.35 10
      vertex 13.6651 41.35 11.25
      vertex 13.7839 41.35 11.0168
    endloop
  endfacet
  facet normal 0 1 0
    outer loop
      vertex -13.3579 41.35 11.6728
      vertex -14 41.35 10
      vertex -13.5225 41.35 11.4695
    endloop
  endfacet
  facet normal 0 1 0
    outer loop
      vertex 14 41.35 10
      vertex 13.7839 41.35 11.0168
      vertex 13.8776 41.35 10.7725
    endloop
  endfacet
  facet normal 0 1 0
    outer loop
      vertex -13.5225 41.35 11.4695
      vertex -14 41.35 10
      vertex -13.6651 41.35 11.25
    endloop
  endfacet
  facet normal 0 1 0
    outer loop
      vertex 14 41.35 10
      vertex 13.8776 41.35 10.7725
      vertex 13.9454 41.35 10.5198
    endloop
  endfacet
  facet normal 0 1 0
    outer loop
      vertex -13.6651 41.35 11.25
      vertex -14 41.35 10
      vertex -13.7839 41.35 11.0168
    endloop
  endfacet
  facet normal 0 1 0
    outer loop
      vertex 14 41.35 10
      vertex 13.9454 41.35 10.5198
      vertex 13.9863 41.35 10.2613
    endloop
  endfacet
  facet normal 0 1 0
    outer loop
      vertex -13.7839 41.35 11.0168
      vertex -14 41.35 10
      vertex -13.8776 41.35 10.7725
    endloop
  endfacet
  facet normal 0 1 0
    outer loop
      vertex -13.8776 41.35 10.7725
      vertex -14 41.35 10
      vertex -13.9454 41.35 10.5198
    endloop
  endfacet
  facet normal 0 1 0
    outer loop
      vertex -13.9454 41.35 10.5198
      vertex -14 41.35 10
      vertex -13.9863 41.35 10.2613
    endloop
  endfacet
  facet normal 0 1 0
    outer loop
      vertex -12.5168 41.35 12.2839
      vertex -14 41.35 10
      vertex -12.75 41.35 12.1651
    endloop
  endfacet
  facet normal 0 1 0
    outer loop
      vertex -12.75 41.35 12.1651
      vertex -14 41.35 10
      vertex -12.9695 41.35 12.0225
    endloop
  endfacet
  facet normal 0 0 -1
    outer loop
      vertex -14 16.45 0
      vertex 14 41.35 0
      vertex 14 16.45 0
    endloop
  endfacet
  facet normal -0 0 -1
    outer loop
      vertex 14 41.35 0
      vertex -14 16.45 0
      vertex -14 41.35 0
    endloop
  endfacet
  facet normal 0 -1 0
    outer loop
      vertex -5.3505 16.45 12.1006
      vertex -11.5 16.45 20
      vertex -5.66881 16.45 12.1511
    endloop
  endfacet
  facet normal 0 -1 0
    outer loop
      vertex 11.5 16.45 20
      vertex 5.99065 16.45 12.1679
      vertex 6 16.45 12.1684
    endloop
  endfacet
  facet normal 0 -1 0
    outer loop
      vertex -5.34125 16.45 12.0992
      vertex -11.5 16.45 20
      vertex -5.3505 16.45 12.1006
    endloop
  endfacet
  facet normal 0 -1 0
    outer loop
      vertex 11.5 16.45 20
      vertex 5.66881 16.45 12.1511
      vertex 5.99065 16.45 12.1679
    endloop
  endfacet
  facet normal 0 -1 0
    outer loop
      vertex -5.02995 16.45 12.0158
      vertex -11.5 16.45 20
      vertex -5.34125 16.45 12.0992
    endloop
  endfacet
  facet normal 0 -1 0
    outer loop
      vertex 11.5 16.45 20
      vertex 5.3505 16.45 12.1006
      vertex 5.66881 16.45 12.1511
    endloop
  endfacet
  facet normal 0 -1 0
    outer loop
      vertex -5.0209 16.45 12.0133
      vertex -11.5 16.45 20
      vertex -5.02995 16.45 12.0158
    endloop
  endfacet
  facet normal 0 -1 0
    outer loop
      vertex 11.5 16.45 20
      vertex 5.34125 16.45 12.0992
      vertex 5.3505 16.45 12.1006
    endloop
  endfacet
  facet normal 0 -1 0
    outer loop
      vertex -5.01216 16.45 12.01
      vertex -11.5 16.45 20
      vertex -5.0209 16.45 12.0133
    endloop
  endfacet
  facet normal 0 -1 0
    outer loop
      vertex 11.5 16.45 20
      vertex 5.02995 16.45 12.0158
      vertex 5.34125 16.45 12.0992
    endloop
  endfacet
  facet normal 0 -1 0
    outer loop
      vertex -4.71129 16.45 11.8945
      vertex -11.5 16.45 20
      vertex -5.01216 16.45 12.01
    endloop
  endfacet
  facet normal 0 -1 0
    outer loop
      vertex 11.5 16.45 20
      vertex 5.0209 16.45 12.0133
      vertex 5.02995 16.45 12.0158
    endloop
  endfacet
  facet normal 0 -1 0
    outer loop
      vertex -11.5 16.45 20
      vertex -4.71129 16.45 11.8945
      vertex 11.5 16.45 20
    endloop
  endfacet
  facet normal 0 -1 0
    outer loop
      vertex 11.5 16.45 20
      vertex 5.01216 16.45 12.01
      vertex 5.0209 16.45 12.0133
    endloop
  endfacet
  facet normal 0 -1 0
    outer loop
      vertex 4.71129 16.45 11.8945
      vertex 11.5 16.45 20
      vertex -4.71129 16.45 11.8945
    endloop
  endfacet
  facet normal 0 -1 0
    outer loop
      vertex 11.5 16.45 20
      vertex 4.71129 16.45 11.8945
      vertex 5.01216 16.45 12.01
    endloop
  endfacet
  facet normal 0 -1 0
    outer loop
      vertex -4.42413 16.45 11.7482
      vertex 4.71129 16.45 11.8945
      vertex -4.71129 16.45 11.8945
    endloop
  endfacet
  facet normal 0 -1 0
    outer loop
      vertex -4.42413 16.45 11.7482
      vertex 4.42413 16.45 11.7482
      vertex 4.71129 16.45 11.8945
    endloop
  endfacet
  facet normal 0 -1 0
    outer loop
      vertex -4.41579 16.45 11.7439
      vertex 4.42413 16.45 11.7482
      vertex -4.42413 16.45 11.7482
    endloop
  endfacet
  facet normal 0 -1 0
    outer loop
      vertex -4.41579 16.45 11.7439
      vertex 4.41579 16.45 11.7439
      vertex 4.42413 16.45 11.7482
    endloop
  endfacet
  facet normal 0 -1 0
    outer loop
      vertex -4.40794 16.45 11.7388
      vertex 4.41579 16.45 11.7439
      vertex -4.41579 16.45 11.7439
    endloop
  endfacet
  facet normal 0 -1 0
    outer loop
      vertex -4.40794 16.45 11.7388
      vertex 4.40794 16.45 11.7388
      vertex 4.41579 16.45 11.7439
    endloop
  endfacet
  facet normal 0 -1 0
    outer loop
      vertex -4.13765 16.45 11.5633
      vertex 4.40794 16.45 11.7388
      vertex -4.40794 16.45 11.7388
    endloop
  endfacet
  facet normal 0 -1 0
    outer loop
      vertex -4.13765 16.45 11.5633
      vertex 4.13765 16.45 11.5633
      vertex 4.40794 16.45 11.7388
    endloop
  endfacet
  facet normal 0 -1 0
    outer loop
      vertex -4.13037 16.45 11.5574
      vertex 4.13765 16.45 11.5633
      vertex -4.13765 16.45 11.5633
    endloop
  endfacet
  facet normal 0 -1 0
    outer loop
      vertex -4.13037 16.45 11.5574
      vertex 4.13037 16.45 11.5574
      vertex 4.13765 16.45 11.5633
    endloop
  endfacet
  facet normal 0 -1 0
    outer loop
      vertex -3.87991 16.45 11.3546
      vertex 4.13037 16.45 11.5574
      vertex -4.13037 16.45 11.5574
    endloop
  endfacet
  facet normal 0 -1 0
    outer loop
      vertex -3.87991 16.45 11.3546
      vertex 3.87991 16.45 11.3546
      vertex 4.13037 16.45 11.5574
    endloop
  endfacet
  facet normal 0 -1 0
    outer loop
      vertex -3.6454 16.45 11.1201
      vertex 3.87991 16.45 11.3546
      vertex -3.87991 16.45 11.3546
    endloop
  endfacet
  facet normal 0 -1 0
    outer loop
      vertex -3.6454 16.45 11.1201
      vertex 3.6454 16.45 11.1201
      vertex 3.87991 16.45 11.3546
    endloop
  endfacet
  facet normal 0 -1 0
    outer loop
      vertex -3.44259 16.45 10.8696
      vertex 3.6454 16.45 11.1201
      vertex -3.6454 16.45 11.1201
    endloop
  endfacet
  facet normal 0 -1 0
    outer loop
      vertex -3.44259 16.45 10.8696
      vertex 3.44259 16.45 10.8696
      vertex 3.6454 16.45 11.1201
    endloop
  endfacet
  facet normal 0 -1 0
    outer loop
      vertex -3.43669 16.45 10.8624
      vertex 3.44259 16.45 10.8696
      vertex -3.44259 16.45 10.8696
    endloop
  endfacet
  facet normal 0 -1 0
    outer loop
      vertex -3.43669 16.45 10.8624
      vertex 3.43669 16.45 10.8624
      vertex 3.44259 16.45 10.8696
    endloop
  endfacet
  facet normal 0 -1 0
    outer loop
      vertex -3.26117 16.45 10.5921
      vertex 3.43669 16.45 10.8624
      vertex -3.43669 16.45 10.8624
    endloop
  endfacet
  facet normal 0 -1 0
    outer loop
      vertex -3.26117 16.45 10.5921
      vertex 3.26117 16.45 10.5921
      vertex 3.43669 16.45 10.8624
    endloop
  endfacet
  facet normal 0 -1 0
    outer loop
      vertex -3.25607 16.45 10.5842
      vertex 3.26117 16.45 10.5921
      vertex -3.26117 16.45 10.5921
    endloop
  endfacet
  facet normal 0 -1 0
    outer loop
      vertex -3.25607 16.45 10.5842
      vertex 3.25607 16.45 10.5842
      vertex 3.26117 16.45 10.5921
    endloop
  endfacet
  facet normal 0 -1 0
    outer loop
      vertex -3.25182 16.45 10.5759
      vertex 3.25607 16.45 10.5842
      vertex -3.25607 16.45 10.5842
    endloop
  endfacet
  facet normal 0 -1 0
    outer loop
      vertex -3.25182 16.45 10.5759
      vertex 3.25182 16.45 10.5759
      vertex 3.25607 16.45 10.5842
    endloop
  endfacet
  facet normal 0 -1 0
    outer loop
      vertex -3.1055 16.45 10.2887
      vertex 3.25182 16.45 10.5759
      vertex -3.25182 16.45 10.5759
    endloop
  endfacet
  facet normal 0 -1 0
    outer loop
      vertex -3.1055 16.45 10.2887
      vertex 3.1055 16.45 10.2887
      vertex 3.25182 16.45 10.5759
    endloop
  endfacet
  facet normal 0 -1 0
    outer loop
      vertex -2.99001 16.45 9.98784
      vertex 3.1055 16.45 10.2887
      vertex -3.1055 16.45 10.2887
    endloop
  endfacet
  facet normal 0 -1 0
    outer loop
      vertex -2.99001 16.45 9.98784
      vertex 2.99001 16.45 9.98784
      vertex 3.1055 16.45 10.2887
    endloop
  endfacet
  facet normal 0 -1 0
    outer loop
      vertex -2.98665 16.45 9.9791
      vertex 2.99001 16.45 9.98784
      vertex -2.99001 16.45 9.98784
    endloop
  endfacet
  facet normal 0 -1 0
    outer loop
      vertex -2.98665 16.45 9.9791
      vertex 2.98665 16.45 9.9791
      vertex 2.99001 16.45 9.98784
    endloop
  endfacet
  facet normal 0 -1 0
    outer loop
      vertex -2.98423 16.45 9.97005
      vertex 2.98665 16.45 9.9791
      vertex -2.98665 16.45 9.9791
    endloop
  endfacet
  facet normal 0 -1 0
    outer loop
      vertex -2.98423 16.45 9.97005
      vertex 2.98423 16.45 9.97005
      vertex 2.98665 16.45 9.9791
    endloop
  endfacet
  facet normal 0 -1 0
    outer loop
      vertex -2.90082 16.45 9.65875
      vertex 2.98423 16.45 9.97005
      vertex -2.98423 16.45 9.97005
    endloop
  endfacet
  facet normal 0 -1 0
    outer loop
      vertex -2.90082 16.45 9.65875
      vertex 2.90082 16.45 9.65875
      vertex 2.98423 16.45 9.97005
    endloop
  endfacet
  facet normal 0 -1 0
    outer loop
      vertex -2.89935 16.45 9.6495
      vertex 2.90082 16.45 9.65875
      vertex -2.90082 16.45 9.65875
    endloop
  endfacet
  facet normal 0 -1 0
    outer loop
      vertex -2.89935 16.45 9.6495
      vertex 2.89935 16.45 9.6495
      vertex 2.90082 16.45 9.65875
    endloop
  endfacet
  facet normal 0 -1 0
    outer loop
      vertex -2.84894 16.45 9.33119
      vertex 2.89935 16.45 9.6495
      vertex -2.89935 16.45 9.6495
    endloop
  endfacet
  facet normal 0 -1 0
    outer loop
      vertex -2.84894 16.45 9.33119
      vertex 2.84894 16.45 9.33119
      vertex 2.89935 16.45 9.6495
    endloop
  endfacet
  facet normal 0 -1 0
    outer loop
      vertex -2.83207 16.45 9.00935
      vertex 2.84894 16.45 9.33119
      vertex -2.84894 16.45 9.33119
    endloop
  endfacet
  facet normal 0 -1 0
    outer loop
      vertex -2.83207 16.45 9.00935
      vertex 2.83207 16.45 9.00935
      vertex 2.84894 16.45 9.33119
    endloop
  endfacet
  facet normal 0 -1 0
    outer loop
      vertex -2.83158 16.45 9
      vertex 2.83207 16.45 9.00935
      vertex -2.83207 16.45 9.00935
    endloop
  endfacet
  facet normal 0 -1 0
    outer loop
      vertex -2.83158 16.45 9
      vertex 2.83158 16.45 9
      vertex 2.83207 16.45 9.00935
    endloop
  endfacet
  facet normal 0 -1 0
    outer loop
      vertex -2.83207 16.45 8.99065
      vertex 2.83158 16.45 9
      vertex -2.83158 16.45 9
    endloop
  endfacet
  facet normal 0 -1 0
    outer loop
      vertex -2.83207 16.45 8.99065
      vertex 2.83207 16.45 8.99065
      vertex 2.83158 16.45 9
    endloop
  endfacet
  facet normal 0 -1 0
    outer loop
      vertex -2.84894 16.45 8.66881
      vertex 2.83207 16.45 8.99065
      vertex -2.83207 16.45 8.99065
    endloop
  endfacet
  facet normal 0 -1 0
    outer loop
      vertex -2.84894 16.45 8.66881
      vertex 2.84894 16.45 8.66881
      vertex 2.83207 16.45 8.99065
    endloop
  endfacet
  facet normal 0 -1 0
    outer loop
      vertex -2.89935 16.45 8.3505
      vertex 2.84894 16.45 8.66881
      vertex -2.84894 16.45 8.66881
    endloop
  endfacet
  facet normal 0 -1 0
    outer loop
      vertex -2.89935 16.45 8.3505
      vertex 2.89935 16.45 8.3505
      vertex 2.84894 16.45 8.66881
    endloop
  endfacet
  facet normal 0 -1 0
    outer loop
      vertex -2.90082 16.45 8.34125
      vertex 2.89935 16.45 8.3505
      vertex -2.89935 16.45 8.3505
    endloop
  endfacet
  facet normal 0 -1 0
    outer loop
      vertex -2.90082 16.45 8.34125
      vertex 2.90082 16.45 8.34125
      vertex 2.89935 16.45 8.3505
    endloop
  endfacet
  facet normal 0 -1 0
    outer loop
      vertex -2.98423 16.45 8.02995
      vertex 2.90082 16.45 8.34125
      vertex -2.90082 16.45 8.34125
    endloop
  endfacet
  facet normal 0 -1 0
    outer loop
      vertex -2.98423 16.45 8.02995
      vertex 2.98423 16.45 8.02995
      vertex 2.90082 16.45 8.34125
    endloop
  endfacet
  facet normal 0 -1 0
    outer loop
      vertex -2.98665 16.45 8.0209
      vertex 2.98423 16.45 8.02995
      vertex -2.98423 16.45 8.02995
    endloop
  endfacet
  facet normal 0 -1 0
    outer loop
      vertex -2.98665 16.45 8.0209
      vertex 2.98665 16.45 8.0209
      vertex 2.98423 16.45 8.02995
    endloop
  endfacet
  facet normal 0 -1 0
    outer loop
      vertex -2.99001 16.45 8.01216
      vertex 2.98665 16.45 8.0209
      vertex -2.98665 16.45 8.0209
    endloop
  endfacet
  facet normal 0 -1 0
    outer loop
      vertex -2.99001 16.45 8.01216
      vertex 2.99001 16.45 8.01216
      vertex 2.98665 16.45 8.0209
    endloop
  endfacet
  facet normal 0 -1 0
    outer loop
      vertex -3.1055 16.45 7.71129
      vertex 2.99001 16.45 8.01216
      vertex -2.99001 16.45 8.01216
    endloop
  endfacet
  facet normal 0 -1 0
    outer loop
      vertex -3.1055 16.45 7.71129
      vertex 3.1055 16.45 7.71129
      vertex 2.99001 16.45 8.01216
    endloop
  endfacet
  facet normal 0 -1 0
    outer loop
      vertex -3.25182 16.45 7.42413
      vertex 3.1055 16.45 7.71129
      vertex -3.1055 16.45 7.71129
    endloop
  endfacet
  facet normal 0 -1 0
    outer loop
      vertex -3.25182 16.45 7.42413
      vertex 3.25182 16.45 7.42413
      vertex 3.1055 16.45 7.71129
    endloop
  endfacet
  facet normal 0 -1 0
    outer loop
      vertex -3.25607 16.45 7.41579
      vertex 3.25182 16.45 7.42413
      vertex -3.25182 16.45 7.42413
    endloop
  endfacet
  facet normal 0 -1 0
    outer loop
      vertex -3.25607 16.45 7.41579
      vertex 3.25607 16.45 7.41579
      vertex 3.25182 16.45 7.42413
    endloop
  endfacet
  facet normal 0 -1 0
    outer loop
      vertex -3.26117 16.45 7.40794
      vertex 3.25607 16.45 7.41579
      vertex -3.25607 16.45 7.41579
    endloop
  endfacet
  facet normal 0 -1 0
    outer loop
      vertex -3.26117 16.45 7.40794
      vertex 3.26117 16.45 7.40794
      vertex 3.25607 16.45 7.41579
    endloop
  endfacet
  facet normal 0 -1 0
    outer loop
      vertex -3.43669 16.45 7.13765
      vertex 3.26117 16.45 7.40794
      vertex -3.26117 16.45 7.40794
    endloop
  endfacet
  facet normal 0 -1 0
    outer loop
      vertex -3.43669 16.45 7.13765
      vertex 3.43669 16.45 7.13765
      vertex 3.26117 16.45 7.40794
    endloop
  endfacet
  facet normal 0 -1 0
    outer loop
      vertex -3.44259 16.45 7.13037
      vertex 3.43669 16.45 7.13765
      vertex -3.43669 16.45 7.13765
    endloop
  endfacet
  facet normal 0 -1 0
    outer loop
      vertex -3.44259 16.45 7.13037
      vertex 3.44259 16.45 7.13037
      vertex 3.43669 16.45 7.13765
    endloop
  endfacet
  facet normal 0 -1 0
    outer loop
      vertex -3.6454 16.45 6.87991
      vertex 3.44259 16.45 7.13037
      vertex -3.44259 16.45 7.13037
    endloop
  endfacet
  facet normal 0 -1 0
    outer loop
      vertex -3.6454 16.45 6.87991
      vertex 3.6454 16.45 6.87991
      vertex 3.44259 16.45 7.13037
    endloop
  endfacet
  facet normal 0 -1 0
    outer loop
      vertex -3.87991 16.45 6.6454
      vertex 3.6454 16.45 6.87991
      vertex -3.6454 16.45 6.87991
    endloop
  endfacet
  facet normal 0 -1 0
    outer loop
      vertex -3.87991 16.45 6.6454
      vertex 3.87991 16.45 6.6454
      vertex 3.6454 16.45 6.87991
    endloop
  endfacet
  facet normal 0 -1 0
    outer loop
      vertex -4.13037 16.45 6.44259
      vertex 3.87991 16.45 6.6454
      vertex -3.87991 16.45 6.6454
    endloop
  endfacet
  facet normal 0 -1 0
    outer loop
      vertex -4.13037 16.45 6.44259
      vertex 4.13037 16.45 6.44259
      vertex 3.87991 16.45 6.6454
    endloop
  endfacet
  facet normal 0 -1 0
    outer loop
      vertex -4.13765 16.45 6.43669
      vertex 4.13037 16.45 6.44259
      vertex -4.13037 16.45 6.44259
    endloop
  endfacet
  facet normal 0 -1 0
    outer loop
      vertex -4.13765 16.45 6.43669
      vertex 4.13765 16.45 6.43669
      vertex 4.13037 16.45 6.44259
    endloop
  endfacet
  facet normal 0 -1 0
    outer loop
      vertex -4.40794 16.45 6.26117
      vertex 4.13765 16.45 6.43669
      vertex -4.13765 16.45 6.43669
    endloop
  endfacet
  facet normal 0 -1 0
    outer loop
      vertex -4.40794 16.45 6.26117
      vertex 4.40794 16.45 6.26117
      vertex 4.13765 16.45 6.43669
    endloop
  endfacet
  facet normal 0 -1 0
    outer loop
      vertex -4.41579 16.45 6.25607
      vertex 4.40794 16.45 6.26117
      vertex -4.40794 16.45 6.26117
    endloop
  endfacet
  facet normal 0 -1 0
    outer loop
      vertex -4.41579 16.45 6.25607
      vertex 4.41579 16.45 6.25607
      vertex 4.40794 16.45 6.26117
    endloop
  endfacet
  facet normal 0 -1 0
    outer loop
      vertex -4.42413 16.45 6.25182
      vertex 4.41579 16.45 6.25607
      vertex -4.41579 16.45 6.25607
    endloop
  endfacet
  facet normal 0 -1 0
    outer loop
      vertex -4.42413 16.45 6.25182
      vertex 4.42413 16.45 6.25182
      vertex 4.41579 16.45 6.25607
    endloop
  endfacet
  facet normal 0 -1 0
    outer loop
      vertex -4.71129 16.45 6.1055
      vertex 4.42413 16.45 6.25182
      vertex -4.42413 16.45 6.25182
    endloop
  endfacet
  facet normal 0 -1 0
    outer loop
      vertex -4.71129 16.45 6.1055
      vertex 4.71129 16.45 6.1055
      vertex 4.42413 16.45 6.25182
    endloop
  endfacet
  facet normal 0 -1 0
    outer loop
      vertex -5.01216 16.45 5.99001
      vertex 4.71129 16.45 6.1055
      vertex -4.71129 16.45 6.1055
    endloop
  endfacet
  facet normal 0 -1 0
    outer loop
      vertex -5.01216 16.45 5.99001
      vertex 5.01216 16.45 5.99001
      vertex 4.71129 16.45 6.1055
    endloop
  endfacet
  facet normal 0 -1 0
    outer loop
      vertex -5.0209 16.45 5.98665
      vertex 5.01216 16.45 5.99001
      vertex -5.01216 16.45 5.99001
    endloop
  endfacet
  facet normal 0 -1 0
    outer loop
      vertex -5.0209 16.45 5.98665
      vertex 5.0209 16.45 5.98665
      vertex 5.01216 16.45 5.99001
    endloop
  endfacet
  facet normal 0 -1 0
    outer loop
      vertex -14 16.45 0
      vertex -5.0209 16.45 5.98665
      vertex -5.02995 16.45 5.98423
    endloop
  endfacet
  facet normal 0 -1 -0
    outer loop
      vertex -5.0209 16.45 5.98665
      vertex -14 16.45 0
      vertex 5.0209 16.45 5.98665
    endloop
  endfacet
  facet normal 0 -1 0
    outer loop
      vertex -14 16.45 0
      vertex -5.02995 16.45 5.98423
      vertex -5.34125 16.45 5.90082
    endloop
  endfacet
  facet normal 0 -1 0
    outer loop
      vertex 14 16.45 0
      vertex 5.0209 16.45 5.98665
      vertex -14 16.45 0
    endloop
  endfacet
  facet normal 0 -1 0
    outer loop
      vertex -14 16.45 0
      vertex -5.34125 16.45 5.90082
      vertex -5.3505 16.45 5.89935
    endloop
  endfacet
  facet normal 0 -1 0
    outer loop
      vertex 5.0209 16.45 5.98665
      vertex 14 16.45 0
      vertex 5.02995 16.45 5.98423
    endloop
  endfacet
  facet normal 0 -1 0
    outer loop
      vertex -14 16.45 0
      vertex -5.3505 16.45 5.89935
      vertex -5.66881 16.45 5.84894
    endloop
  endfacet
  facet normal 0 -1 0
    outer loop
      vertex 5.02995 16.45 5.98423
      vertex 14 16.45 0
      vertex 5.34125 16.45 5.90082
    endloop
  endfacet
  facet normal 0 -1 0
    outer loop
      vertex -14 16.45 0
      vertex -5.66881 16.45 5.84894
      vertex -5.99065 16.45 5.83207
    endloop
  endfacet
  facet normal 0 -1 0
    outer loop
      vertex 5.34125 16.45 5.90082
      vertex 14 16.45 0
      vertex 5.3505 16.45 5.89935
    endloop
  endfacet
  facet normal 0 -1 0
    outer loop
      vertex -14 16.45 0
      vertex -5.99065 16.45 5.83207
      vertex -6 16.45 5.83158
    endloop
  endfacet
  facet normal 0 -1 0
    outer loop
      vertex 5.3505 16.45 5.89935
      vertex 14 16.45 0
      vertex 5.66881 16.45 5.84894
    endloop
  endfacet
  facet normal 0 -1 0
    outer loop
      vertex -14 16.45 17.5
      vertex -11.5 16.45 20
      vertex -11.7613 16.45 19.9863
    endloop
  endfacet
  facet normal 0 -1 0
    outer loop
      vertex -5.99065 16.45 12.1679
      vertex -11.5 16.45 20
      vertex -6 16.45 12.1684
    endloop
  endfacet
  facet normal 0 -1 0
    outer loop
      vertex -14 16.45 17.5
      vertex -11.7613 16.45 19.9863
      vertex -12.0198 16.45 19.9454
    endloop
  endfacet
  facet normal 0 -1 0
    outer loop
      vertex -5.66881 16.45 12.1511
      vertex -11.5 16.45 20
      vertex -5.99065 16.45 12.1679
    endloop
  endfacet
  facet normal 0 -1 0
    outer loop
      vertex -14 16.45 17.5
      vertex -12.0198 16.45 19.9454
      vertex -12.2725 16.45 19.8776
    endloop
  endfacet
  facet normal 0 -1 0
    outer loop
      vertex 6.00935 16.45 12.1679
      vertex 11.5 16.45 20
      vertex 6 16.45 12.1684
    endloop
  endfacet
  facet normal 0 -1 0
    outer loop
      vertex -14 16.45 17.5
      vertex -12.2725 16.45 19.8776
      vertex -12.5168 16.45 19.7839
    endloop
  endfacet
  facet normal 0 -1 0
    outer loop
      vertex 6.33119 16.45 12.1511
      vertex 11.5 16.45 20
      vertex 6.00935 16.45 12.1679
    endloop
  endfacet
  facet normal 0 -1 0
    outer loop
      vertex -14 16.45 17.5
      vertex -12.5168 16.45 19.7839
      vertex -12.75 16.45 19.6651
    endloop
  endfacet
  facet normal 0 -1 0
    outer loop
      vertex 6.6495 16.45 12.1006
      vertex 11.5 16.45 20
      vertex 6.33119 16.45 12.1511
    endloop
  endfacet
  facet normal 0 -1 0
    outer loop
      vertex -14 16.45 17.5
      vertex -12.75 16.45 19.6651
      vertex -12.9695 16.45 19.5225
    endloop
  endfacet
  facet normal 0 -1 0
    outer loop
      vertex 6.65875 16.45 12.0992
      vertex 11.5 16.45 20
      vertex 6.6495 16.45 12.1006
    endloop
  endfacet
  facet normal 0 -1 0
    outer loop
      vertex -14 16.45 17.5
      vertex -12.9695 16.45 19.5225
      vertex -13.1728 16.45 19.3579
    endloop
  endfacet
  facet normal 0 -1 0
    outer loop
      vertex 6.97005 16.45 12.0158
      vertex 11.5 16.45 20
      vertex 6.65875 16.45 12.0992
    endloop
  endfacet
  facet normal 0 -1 0
    outer loop
      vertex -14 16.45 17.5
      vertex -13.1728 16.45 19.3579
      vertex -13.3579 16.45 19.1728
    endloop
  endfacet
  facet normal 0 -1 0
    outer loop
      vertex 6.9791 16.45 12.0133
      vertex 11.5 16.45 20
      vertex 6.97005 16.45 12.0158
    endloop
  endfacet
  facet normal 0 -1 0
    outer loop
      vertex -14 16.45 17.5
      vertex -13.3579 16.45 19.1728
      vertex -13.5225 16.45 18.9695
    endloop
  endfacet
  facet normal 0 -1 0
    outer loop
      vertex 6.98784 16.45 12.01
      vertex 11.5 16.45 20
      vertex 6.9791 16.45 12.0133
    endloop
  endfacet
  facet normal 0 -1 0
    outer loop
      vertex -14 16.45 17.5
      vertex -13.5225 16.45 18.9695
      vertex -13.6651 16.45 18.75
    endloop
  endfacet
  facet normal 0 -1 0
    outer loop
      vertex 7.28871 16.45 11.8945
      vertex 11.5 16.45 20
      vertex 6.98784 16.45 12.01
    endloop
  endfacet
  facet normal 0 -1 0
    outer loop
      vertex -14 16.45 17.5
      vertex -13.6651 16.45 18.75
      vertex -13.7839 16.45 18.5168
    endloop
  endfacet
  facet normal 0 -1 0
    outer loop
      vertex 7.57587 16.45 11.7482
      vertex 11.5 16.45 20
      vertex 7.28871 16.45 11.8945
    endloop
  endfacet
  facet normal 0 -1 0
    outer loop
      vertex -14 16.45 17.5
      vertex -13.7839 16.45 18.5168
      vertex -13.8776 16.45 18.2725
    endloop
  endfacet
  facet normal 0 -1 0
    outer loop
      vertex 7.58421 16.45 11.7439
      vertex 11.5 16.45 20
      vertex 7.57587 16.45 11.7482
    endloop
  endfacet
  facet normal 0 -1 0
    outer loop
      vertex -14 16.45 17.5
      vertex -13.8776 16.45 18.2725
      vertex -13.9454 16.45 18.0198
    endloop
  endfacet
  facet normal 0 -1 0
    outer loop
      vertex 11.5 16.45 20
      vertex 14 16.45 17.5
      vertex 11.7613 16.45 19.9863
    endloop
  endfacet
  facet normal 0 -1 0
    outer loop
      vertex -14 16.45 17.5
      vertex -13.9454 16.45 18.0198
      vertex -13.9863 16.45 17.7613
    endloop
  endfacet
  facet normal 0 -1 0
    outer loop
      vertex 12.0198 16.45 19.9454
      vertex 14 16.45 17.5
      vertex 12.2725 16.45 19.8776
    endloop
  endfacet
  facet normal 0 -1 0
    outer loop
      vertex -7.58421 16.45 11.7439
      vertex -11.5 16.45 20
      vertex -14 16.45 17.5
    endloop
  endfacet
  facet normal 0 -1 0
    outer loop
      vertex 12.2725 16.45 19.8776
      vertex 14 16.45 17.5
      vertex 12.5168 16.45 19.7839
    endloop
  endfacet
  facet normal 0 -1 0
    outer loop
      vertex 12.5168 16.45 19.7839
      vertex 14 16.45 17.5
      vertex 12.75 16.45 19.6651
    endloop
  endfacet
  facet normal 0 -1 0
    outer loop
      vertex -11.5 16.45 20
      vertex -6.00935 16.45 12.1679
      vertex -6 16.45 12.1684
    endloop
  endfacet
  facet normal 0 -1 0
    outer loop
      vertex -11.5 16.45 20
      vertex -6.33119 16.45 12.1511
      vertex -6.00935 16.45 12.1679
    endloop
  endfacet
  facet normal 0 -1 0
    outer loop
      vertex -11.5 16.45 20
      vertex -6.6495 16.45 12.1006
      vertex -6.33119 16.45 12.1511
    endloop
  endfacet
  facet normal 0 -1 0
    outer loop
      vertex -11.5 16.45 20
      vertex -6.65875 16.45 12.0992
      vertex -6.6495 16.45 12.1006
    endloop
  endfacet
  facet normal 0 -1 0
    outer loop
      vertex -11.5 16.45 20
      vertex -6.97005 16.45 12.0158
      vertex -6.65875 16.45 12.0992
    endloop
  endfacet
  facet normal 0 -1 0
    outer loop
      vertex -11.5 16.45 20
      vertex -6.9791 16.45 12.0133
      vertex -6.97005 16.45 12.0158
    endloop
  endfacet
  facet normal 0 -1 0
    outer loop
      vertex -11.5 16.45 20
      vertex -6.98784 16.45 12.01
      vertex -6.9791 16.45 12.0133
    endloop
  endfacet
  facet normal 0 -1 0
    outer loop
      vertex -11.5 16.45 20
      vertex -7.28871 16.45 11.8945
      vertex -6.98784 16.45 12.01
    endloop
  endfacet
  facet normal 0 -1 0
    outer loop
      vertex -11.5 16.45 20
      vertex -7.57587 16.45 11.7482
      vertex -7.28871 16.45 11.8945
    endloop
  endfacet
  facet normal 0 -1 0
    outer loop
      vertex -11.5 16.45 20
      vertex -7.58421 16.45 11.7439
      vertex -7.57587 16.45 11.7482
    endloop
  endfacet
  facet normal 0 -1 0
    outer loop
      vertex -14 16.45 17.5
      vertex -7.59206 16.45 11.7388
      vertex -7.58421 16.45 11.7439
    endloop
  endfacet
  facet normal 0 -1 0
    outer loop
      vertex -14 16.45 17.5
      vertex -7.86235 16.45 11.5633
      vertex -7.59206 16.45 11.7388
    endloop
  endfacet
  facet normal 0 -1 0
    outer loop
      vertex -14 16.45 17.5
      vertex -7.86963 16.45 11.5574
      vertex -7.86235 16.45 11.5633
    endloop
  endfacet
  facet normal 0 -1 0
    outer loop
      vertex -14 16.45 17.5
      vertex -8.12009 16.45 11.3546
      vertex -7.86963 16.45 11.5574
    endloop
  endfacet
  facet normal 0 -1 0
    outer loop
      vertex -14 16.45 17.5
      vertex -8.3546 16.45 11.1201
      vertex -8.12009 16.45 11.3546
    endloop
  endfacet
  facet normal 0 -1 0
    outer loop
      vertex -14 16.45 17.5
      vertex -8.55741 16.45 10.8696
      vertex -8.3546 16.45 11.1201
    endloop
  endfacet
  facet normal 0 -1 0
    outer loop
      vertex -14 16.45 17.5
      vertex -8.56331 16.45 10.8624
      vertex -8.55741 16.45 10.8696
    endloop
  endfacet
  facet normal 0 -1 0
    outer loop
      vertex -14 16.45 17.5
      vertex -8.73883 16.45 10.5921
      vertex -8.56331 16.45 10.8624
    endloop
  endfacet
  facet normal 0 -1 0
    outer loop
      vertex -14 16.45 17.5
      vertex -8.74393 16.45 10.5842
      vertex -8.73883 16.45 10.5921
    endloop
  endfacet
  facet normal 0 -1 0
    outer loop
      vertex -14 16.45 17.5
      vertex -8.74818 16.45 10.5759
      vertex -8.74393 16.45 10.5842
    endloop
  endfacet
  facet normal 0 -1 0
    outer loop
      vertex -14 16.45 17.5
      vertex -8.8945 16.45 10.2887
      vertex -8.74818 16.45 10.5759
    endloop
  endfacet
  facet normal 0 -1 0
    outer loop
      vertex -14 16.45 17.5
      vertex -9.00999 16.45 9.98784
      vertex -8.8945 16.45 10.2887
    endloop
  endfacet
  facet normal 0 -1 0
    outer loop
      vertex -14 16.45 17.5
      vertex -9.01335 16.45 9.9791
      vertex -9.00999 16.45 9.98784
    endloop
  endfacet
  facet normal 0 -1 0
    outer loop
      vertex -14 16.45 17.5
      vertex -9.01577 16.45 9.97005
      vertex -9.01335 16.45 9.9791
    endloop
  endfacet
  facet normal 0 -1 0
    outer loop
      vertex -14 16.45 17.5
      vertex -9.09918 16.45 9.65875
      vertex -9.01577 16.45 9.97005
    endloop
  endfacet
  facet normal 0 -1 0
    outer loop
      vertex -14 16.45 17.5
      vertex -9.10065 16.45 9.6495
      vertex -9.09918 16.45 9.65875
    endloop
  endfacet
  facet normal 0 -1 0
    outer loop
      vertex -14 16.45 17.5
      vertex -9.15106 16.45 9.33119
      vertex -9.10065 16.45 9.6495
    endloop
  endfacet
  facet normal 0 -1 0
    outer loop
      vertex -14 16.45 17.5
      vertex -9.16793 16.45 9.00935
      vertex -9.15106 16.45 9.33119
    endloop
  endfacet
  facet normal 0 -1 0
    outer loop
      vertex -14 16.45 17.5
      vertex -9.16842 16.45 9
      vertex -9.16793 16.45 9.00935
    endloop
  endfacet
  facet normal 0 -1 0
    outer loop
      vertex -14 16.45 0
      vertex -9.16842 16.45 9
      vertex -14 16.45 17.5
    endloop
  endfacet
  facet normal 0 -1 -0
    outer loop
      vertex -9.16842 16.45 9
      vertex -14 16.45 0
      vertex -9.16793 16.45 8.99065
    endloop
  endfacet
  facet normal 0 -1 -0
    outer loop
      vertex -9.16793 16.45 8.99065
      vertex -14 16.45 0
      vertex -9.15106 16.45 8.66881
    endloop
  endfacet
  facet normal 0 -1 -0
    outer loop
      vertex -9.15106 16.45 8.66881
      vertex -14 16.45 0
      vertex -9.10065 16.45 8.3505
    endloop
  endfacet
  facet normal 0 -1 -0
    outer loop
      vertex -9.10065 16.45 8.3505
      vertex -14 16.45 0
      vertex -9.09918 16.45 8.34125
    endloop
  endfacet
  facet normal 0 -1 -0
    outer loop
      vertex -9.09918 16.45 8.34125
      vertex -14 16.45 0
      vertex -9.01577 16.45 8.02995
    endloop
  endfacet
  facet normal 0 -1 -0
    outer loop
      vertex -9.01577 16.45 8.02995
      vertex -14 16.45 0
      vertex -9.01335 16.45 8.0209
    endloop
  endfacet
  facet normal 0 -1 -0
    outer loop
      vertex -9.01335 16.45 8.0209
      vertex -14 16.45 0
      vertex -9.00999 16.45 8.01216
    endloop
  endfacet
  facet normal 0 -1 -0
    outer loop
      vertex -9.00999 16.45 8.01216
      vertex -14 16.45 0
      vertex -8.8945 16.45 7.71129
    endloop
  endfacet
  facet normal 0 -1 -0
    outer loop
      vertex -8.8945 16.45 7.71129
      vertex -14 16.45 0
      vertex -8.74818 16.45 7.42413
    endloop
  endfacet
  facet normal 0 -1 0
    outer loop
      vertex -14 16.45 0
      vertex -8.73883 16.45 7.40794
      vertex -8.74393 16.45 7.41579
    endloop
  endfacet
  facet normal 0 -1 0
    outer loop
      vertex -14 16.45 0
      vertex -8.55741 16.45 7.13037
      vertex -8.56331 16.45 7.13765
    endloop
  endfacet
  facet normal 0 -1 0
    outer loop
      vertex -14 16.45 0
      vertex -7.86963 16.45 6.44259
      vertex -8.12009 16.45 6.6454
    endloop
  endfacet
  facet normal 0 -1 0
    outer loop
      vertex -14 16.45 0
      vertex -6.98784 16.45 5.99001
      vertex -7.28871 16.45 6.1055
    endloop
  endfacet
  facet normal 0 -1 0
    outer loop
      vertex -14 16.45 0
      vertex -6.97005 16.45 5.98423
      vertex -6.9791 16.45 5.98665
    endloop
  endfacet
  facet normal 0 -1 0
    outer loop
      vertex 5.66881 16.45 5.84894
      vertex 14 16.45 0
      vertex 5.99065 16.45 5.83207
    endloop
  endfacet
  facet normal 0 -1 -0
    outer loop
      vertex -6.00935 16.45 5.83207
      vertex -14 16.45 0
      vertex -6 16.45 5.83158
    endloop
  endfacet
  facet normal 0 -1 -0
    outer loop
      vertex -6.33119 16.45 5.84894
      vertex -14 16.45 0
      vertex -6.00935 16.45 5.83207
    endloop
  endfacet
  facet normal 0 -1 -0
    outer loop
      vertex -6.6495 16.45 5.89935
      vertex -14 16.45 0
      vertex -6.33119 16.45 5.84894
    endloop
  endfacet
  facet normal 0 -1 -0
    outer loop
      vertex -6.65875 16.45 5.90082
      vertex -14 16.45 0
      vertex -6.6495 16.45 5.89935
    endloop
  endfacet
  facet normal 0 -1 -0
    outer loop
      vertex -6.97005 16.45 5.98423
      vertex -14 16.45 0
      vertex -6.65875 16.45 5.90082
    endloop
  endfacet
  facet normal 0 -1 -0
    outer loop
      vertex -6.98784 16.45 5.99001
      vertex -14 16.45 0
      vertex -6.9791 16.45 5.98665
    endloop
  endfacet
  facet normal 0 -1 -0
    outer loop
      vertex -7.57587 16.45 6.25182
      vertex -14 16.45 0
      vertex -7.28871 16.45 6.1055
    endloop
  endfacet
  facet normal 0 -1 -0
    outer loop
      vertex -7.58421 16.45 6.25607
      vertex -14 16.45 0
      vertex -7.57587 16.45 6.25182
    endloop
  endfacet
  facet normal 0 -1 -0
    outer loop
      vertex -7.59206 16.45 6.26117
      vertex -14 16.45 0
      vertex -7.58421 16.45 6.25607
    endloop
  endfacet
  facet normal 0 -1 -0
    outer loop
      vertex -7.86235 16.45 6.43669
      vertex -14 16.45 0
      vertex -7.59206 16.45 6.26117
    endloop
  endfacet
  facet normal 0 -1 -0
    outer loop
      vertex -7.86963 16.45 6.44259
      vertex -14 16.45 0
      vertex -7.86235 16.45 6.43669
    endloop
  endfacet
  facet normal 0 -1 -0
    outer loop
      vertex -8.3546 16.45 6.87991
      vertex -14 16.45 0
      vertex -8.12009 16.45 6.6454
    endloop
  endfacet
  facet normal 0 -1 -0
    outer loop
      vertex -8.55741 16.45 7.13037
      vertex -14 16.45 0
      vertex -8.3546 16.45 6.87991
    endloop
  endfacet
  facet normal 0 -1 -0
    outer loop
      vertex -8.73883 16.45 7.40794
      vertex -14 16.45 0
      vertex -8.56331 16.45 7.13765
    endloop
  endfacet
  facet normal 0 -1 -0
    outer loop
      vertex -8.74818 16.45 7.42413
      vertex -14 16.45 0
      vertex -8.74393 16.45 7.41579
    endloop
  endfacet
  facet normal 0 -1 0
    outer loop
      vertex 12.75 16.45 19.6651
      vertex 14 16.45 17.5
      vertex 12.9695 16.45 19.5225
    endloop
  endfacet
  facet normal 0 -1 0
    outer loop
      vertex 12.9695 16.45 19.5225
      vertex 14 16.45 17.5
      vertex 13.1728 16.45 19.3579
    endloop
  endfacet
  facet normal 0 -1 0
    outer loop
      vertex 13.3579 16.45 19.1728
      vertex 14 16.45 17.5
      vertex 13.5225 16.45 18.9695
    endloop
  endfacet
  facet normal 0 -1 0
    outer loop
      vertex 13.6651 16.45 18.75
      vertex 14 16.45 17.5
      vertex 13.7839 16.45 18.5168
    endloop
  endfacet
  facet normal 0 -1 0
    outer loop
      vertex 13.7839 16.45 18.5168
      vertex 14 16.45 17.5
      vertex 13.8776 16.45 18.2725
    endloop
  endfacet
  facet normal 0 -1 0
    outer loop
      vertex 13.8776 16.45 18.2725
      vertex 14 16.45 17.5
      vertex 13.9454 16.45 18.0198
    endloop
  endfacet
  facet normal 0 -1 0
    outer loop
      vertex 13.9454 16.45 18.0198
      vertex 14 16.45 17.5
      vertex 13.9863 16.45 17.7613
    endloop
  endfacet
  facet normal 0 -1 0
    outer loop
      vertex 13.5225 16.45 18.9695
      vertex 14 16.45 17.5
      vertex 13.6651 16.45 18.75
    endloop
  endfacet
  facet normal 0 -1 0
    outer loop
      vertex 13.1728 16.45 19.3579
      vertex 14 16.45 17.5
      vertex 13.3579 16.45 19.1728
    endloop
  endfacet
  facet normal 0 -1 0
    outer loop
      vertex 11.7613 16.45 19.9863
      vertex 14 16.45 17.5
      vertex 12.0198 16.45 19.9454
    endloop
  endfacet
  facet normal 0 -1 -0
    outer loop
      vertex 11.5 16.45 20
      vertex 7.58421 16.45 11.7439
      vertex 14 16.45 17.5
    endloop
  endfacet
  facet normal 0 -1 0
    outer loop
      vertex 7.59206 16.45 11.7388
      vertex 14 16.45 17.5
      vertex 7.58421 16.45 11.7439
    endloop
  endfacet
  facet normal 0 -1 0
    outer loop
      vertex 7.86235 16.45 11.5633
      vertex 14 16.45 17.5
      vertex 7.59206 16.45 11.7388
    endloop
  endfacet
  facet normal 0 -1 0
    outer loop
      vertex 7.86963 16.45 11.5574
      vertex 14 16.45 17.5
      vertex 7.86235 16.45 11.5633
    endloop
  endfacet
  facet normal 0 -1 0
    outer loop
      vertex 8.12009 16.45 11.3546
      vertex 14 16.45 17.5
      vertex 7.86963 16.45 11.5574
    endloop
  endfacet
  facet normal 0 -1 0
    outer loop
      vertex 8.3546 16.45 11.1201
      vertex 14 16.45 17.5
      vertex 8.12009 16.45 11.3546
    endloop
  endfacet
  facet normal 0 -1 0
    outer loop
      vertex 8.55741 16.45 10.8696
      vertex 14 16.45 17.5
      vertex 8.3546 16.45 11.1201
    endloop
  endfacet
  facet normal 0 -1 0
    outer loop
      vertex 8.56331 16.45 10.8624
      vertex 14 16.45 17.5
      vertex 8.55741 16.45 10.8696
    endloop
  endfacet
  facet normal 0 -1 0
    outer loop
      vertex 8.73883 16.45 10.5921
      vertex 14 16.45 17.5
      vertex 8.56331 16.45 10.8624
    endloop
  endfacet
  facet normal 0 -1 0
    outer loop
      vertex 8.74393 16.45 10.5842
      vertex 14 16.45 17.5
      vertex 8.73883 16.45 10.5921
    endloop
  endfacet
  facet normal 0 -1 0
    outer loop
      vertex 8.74818 16.45 10.5759
      vertex 14 16.45 17.5
      vertex 8.74393 16.45 10.5842
    endloop
  endfacet
  facet normal 0 -1 0
    outer loop
      vertex 8.8945 16.45 10.2887
      vertex 14 16.45 17.5
      vertex 8.74818 16.45 10.5759
    endloop
  endfacet
  facet normal 0 -1 0
    outer loop
      vertex 9.00999 16.45 9.98784
      vertex 14 16.45 17.5
      vertex 8.8945 16.45 10.2887
    endloop
  endfacet
  facet normal 0 -1 0
    outer loop
      vertex 9.01335 16.45 9.9791
      vertex 14 16.45 17.5
      vertex 9.00999 16.45 9.98784
    endloop
  endfacet
  facet normal 0 -1 0
    outer loop
      vertex 9.01577 16.45 9.97005
      vertex 14 16.45 17.5
      vertex 9.01335 16.45 9.9791
    endloop
  endfacet
  facet normal 0 -1 0
    outer loop
      vertex 9.09918 16.45 9.65875
      vertex 14 16.45 17.5
      vertex 9.01577 16.45 9.97005
    endloop
  endfacet
  facet normal 0 -1 0
    outer loop
      vertex 9.10065 16.45 9.6495
      vertex 14 16.45 17.5
      vertex 9.09918 16.45 9.65875
    endloop
  endfacet
  facet normal 0 -1 0
    outer loop
      vertex 9.15106 16.45 9.33119
      vertex 14 16.45 17.5
      vertex 9.10065 16.45 9.6495
    endloop
  endfacet
  facet normal 0 -1 0
    outer loop
      vertex 9.16793 16.45 9.00935
      vertex 14 16.45 17.5
      vertex 9.15106 16.45 9.33119
    endloop
  endfacet
  facet normal 0 -1 0
    outer loop
      vertex 9.16842 16.45 9
      vertex 14 16.45 17.5
      vertex 9.16793 16.45 9.00935
    endloop
  endfacet
  facet normal 0 -1 0
    outer loop
      vertex 14 16.45 0
      vertex 9.16842 16.45 9
      vertex 9.16793 16.45 8.99065
    endloop
  endfacet
  facet normal 0 -1 0
    outer loop
      vertex 14 16.45 0
      vertex 9.16793 16.45 8.99065
      vertex 9.15106 16.45 8.66881
    endloop
  endfacet
  facet normal 0 -1 0
    outer loop
      vertex 14 16.45 0
      vertex 9.15106 16.45 8.66881
      vertex 9.10065 16.45 8.3505
    endloop
  endfacet
  facet normal 0 -1 0
    outer loop
      vertex 14 16.45 0
      vertex 9.10065 16.45 8.3505
      vertex 9.09918 16.45 8.34125
    endloop
  endfacet
  facet normal 0 -1 0
    outer loop
      vertex 14 16.45 0
      vertex 9.09918 16.45 8.34125
      vertex 9.01577 16.45 8.02995
    endloop
  endfacet
  facet normal 0 -1 0
    outer loop
      vertex 14 16.45 0
      vertex 9.01577 16.45 8.02995
      vertex 9.01335 16.45 8.0209
    endloop
  endfacet
  facet normal 0 -1 0
    outer loop
      vertex 14 16.45 0
      vertex 9.01335 16.45 8.0209
      vertex 9.00999 16.45 8.01216
    endloop
  endfacet
  facet normal 0 -1 0
    outer loop
      vertex 14 16.45 0
      vertex 9.00999 16.45 8.01216
      vertex 8.8945 16.45 7.71129
    endloop
  endfacet
  facet normal 0 -1 0
    outer loop
      vertex 14 16.45 0
      vertex 8.8945 16.45 7.71129
      vertex 8.74818 16.45 7.42413
    endloop
  endfacet
  facet normal 0 -1 0
    outer loop
      vertex 14 16.45 0
      vertex 8.74818 16.45 7.42413
      vertex 8.74393 16.45 7.41579
    endloop
  endfacet
  facet normal 0 -1 0
    outer loop
      vertex 14 16.45 0
      vertex 8.73883 16.45 7.40794
      vertex 8.56331 16.45 7.13765
    endloop
  endfacet
  facet normal 0 -1 0
    outer loop
      vertex 14 16.45 0
      vertex 8.55741 16.45 7.13037
      vertex 8.3546 16.45 6.87991
    endloop
  endfacet
  facet normal 0 -1 0
    outer loop
      vertex 14 16.45 0
      vertex 7.86963 16.45 6.44259
      vertex 7.86235 16.45 6.43669
    endloop
  endfacet
  facet normal 0 -1 0
    outer loop
      vertex 14 16.45 0
      vertex 6.98784 16.45 5.99001
      vertex 6.9791 16.45 5.98665
    endloop
  endfacet
  facet normal 0 -1 0
    outer loop
      vertex 14 16.45 0
      vertex 6.97005 16.45 5.98423
      vertex 6.65875 16.45 5.90082
    endloop
  endfacet
  facet normal 0 -1 0
    outer loop
      vertex 5.99065 16.45 5.83207
      vertex 14 16.45 0
      vertex 6 16.45 5.83158
    endloop
  endfacet
  facet normal 0 -1 0
    outer loop
      vertex 6 16.45 5.83158
      vertex 14 16.45 0
      vertex 6.00935 16.45 5.83207
    endloop
  endfacet
  facet normal 0 -1 0
    outer loop
      vertex 6.00935 16.45 5.83207
      vertex 14 16.45 0
      vertex 6.33119 16.45 5.84894
    endloop
  endfacet
  facet normal 0 -1 0
    outer loop
      vertex 6.33119 16.45 5.84894
      vertex 14 16.45 0
      vertex 6.6495 16.45 5.89935
    endloop
  endfacet
  facet normal 0 -1 0
    outer loop
      vertex 6.6495 16.45 5.89935
      vertex 14 16.45 0
      vertex 6.65875 16.45 5.90082
    endloop
  endfacet
  facet normal 0 -1 0
    outer loop
      vertex 9.16842 16.45 9
      vertex 14 16.45 0
      vertex 14 16.45 17.5
    endloop
  endfacet
  facet normal 0 -1 0
    outer loop
      vertex 8.73883 16.45 7.40794
      vertex 14 16.45 0
      vertex 8.74393 16.45 7.41579
    endloop
  endfacet
  facet normal 0 -1 0
    outer loop
      vertex 8.55741 16.45 7.13037
      vertex 14 16.45 0
      vertex 8.56331 16.45 7.13765
    endloop
  endfacet
  facet normal 0 -1 0
    outer loop
      vertex 8.12009 16.45 6.6454
      vertex 14 16.45 0
      vertex 8.3546 16.45 6.87991
    endloop
  endfacet
  facet normal 0 -1 0
    outer loop
      vertex 7.86963 16.45 6.44259
      vertex 14 16.45 0
      vertex 8.12009 16.45 6.6454
    endloop
  endfacet
  facet normal 0 -1 0
    outer loop
      vertex 7.59206 16.45 6.26117
      vertex 14 16.45 0
      vertex 7.86235 16.45 6.43669
    endloop
  endfacet
  facet normal 0 -1 0
    outer loop
      vertex 7.58421 16.45 6.25607
      vertex 14 16.45 0
      vertex 7.59206 16.45 6.26117
    endloop
  endfacet
  facet normal 0 -1 0
    outer loop
      vertex 7.57587 16.45 6.25182
      vertex 14 16.45 0
      vertex 7.58421 16.45 6.25607
    endloop
  endfacet
  facet normal 0 -1 0
    outer loop
      vertex 7.28871 16.45 6.1055
      vertex 14 16.45 0
      vertex 7.57587 16.45 6.25182
    endloop
  endfacet
  facet normal 0 -1 0
    outer loop
      vertex 6.98784 16.45 5.99001
      vertex 14 16.45 0
      vertex 7.28871 16.45 6.1055
    endloop
  endfacet
  facet normal 0 -1 0
    outer loop
      vertex 6.97005 16.45 5.98423
      vertex 14 16.45 0
      vertex 6.9791 16.45 5.98665
    endloop
  endfacet
  facet normal 0 1 0
    outer loop
      vertex 5.47467 19.45 10.6168
      vertex 11.5 19.45 20
      vertex 5.64655 19.45 10.6629
    endloop
  endfacet
  facet normal 0 1 0
    outer loop
      vertex -11.5 19.45 20
      vertex -5.8223 19.45 10.6907
      vertex -6 19.45 10.7
    endloop
  endfacet
  facet normal 0 1 0
    outer loop
      vertex 5.30855 19.45 10.553
      vertex 11.5 19.45 20
      vertex 5.47467 19.45 10.6168
    endloop
  endfacet
  facet normal 0 1 0
    outer loop
      vertex -11.5 19.45 20
      vertex -5.64655 19.45 10.6629
      vertex -5.8223 19.45 10.6907
    endloop
  endfacet
  facet normal 0 1 0
    outer loop
      vertex 11.5 19.45 20
      vertex 5.30855 19.45 10.553
      vertex -11.5 19.45 20
    endloop
  endfacet
  facet normal 0 1 0
    outer loop
      vertex -11.5 19.45 20
      vertex -5.47467 19.45 10.6168
      vertex -5.64655 19.45 10.6629
    endloop
  endfacet
  facet normal 0 1 -0
    outer loop
      vertex -5.30855 19.45 10.553
      vertex -11.5 19.45 20
      vertex 5.30855 19.45 10.553
    endloop
  endfacet
  facet normal 0 1 0
    outer loop
      vertex -11.5 19.45 20
      vertex -5.30855 19.45 10.553
      vertex -5.47467 19.45 10.6168
    endloop
  endfacet
  facet normal 0 1 -0
    outer loop
      vertex 5.15 19.45 10.4722
      vertex -5.30855 19.45 10.553
      vertex 5.30855 19.45 10.553
    endloop
  endfacet
  facet normal 0 1 0
    outer loop
      vertex 5.15 19.45 10.4722
      vertex -5.15 19.45 10.4722
      vertex -5.30855 19.45 10.553
    endloop
  endfacet
  facet normal 0 1 -0
    outer loop
      vertex 5.00077 19.45 10.3753
      vertex -5.15 19.45 10.4722
      vertex 5.15 19.45 10.4722
    endloop
  endfacet
  facet normal 0 1 0
    outer loop
      vertex 5.00077 19.45 10.3753
      vertex -5.00077 19.45 10.3753
      vertex -5.15 19.45 10.4722
    endloop
  endfacet
  facet normal 0 1 -0
    outer loop
      vertex 4.86248 19.45 10.2633
      vertex -5.00077 19.45 10.3753
      vertex 5.00077 19.45 10.3753
    endloop
  endfacet
  facet normal 0 1 0
    outer loop
      vertex 4.86248 19.45 10.2633
      vertex -4.86248 19.45 10.2633
      vertex -5.00077 19.45 10.3753
    endloop
  endfacet
  facet normal 0 1 -0
    outer loop
      vertex 4.73665 19.45 10.1375
      vertex -4.86248 19.45 10.2633
      vertex 4.86248 19.45 10.2633
    endloop
  endfacet
  facet normal 0 1 0
    outer loop
      vertex 4.73665 19.45 10.1375
      vertex -4.73665 19.45 10.1375
      vertex -4.86248 19.45 10.2633
    endloop
  endfacet
  facet normal 0 1 -0
    outer loop
      vertex 4.62467 19.45 9.99923
      vertex -4.73665 19.45 10.1375
      vertex 4.73665 19.45 10.1375
    endloop
  endfacet
  facet normal 0 1 0
    outer loop
      vertex 4.62467 19.45 9.99923
      vertex -4.62467 19.45 9.99923
      vertex -4.73665 19.45 10.1375
    endloop
  endfacet
  facet normal 0 1 -0
    outer loop
      vertex 4.52776 19.45 9.85
      vertex -4.62467 19.45 9.99923
      vertex 4.62467 19.45 9.99923
    endloop
  endfacet
  facet normal 0 1 0
    outer loop
      vertex 4.52776 19.45 9.85
      vertex -4.52776 19.45 9.85
      vertex -4.62467 19.45 9.99923
    endloop
  endfacet
  facet normal 0 1 -0
    outer loop
      vertex 4.44697 19.45 9.69145
      vertex -4.52776 19.45 9.85
      vertex 4.52776 19.45 9.85
    endloop
  endfacet
  facet normal 0 1 0
    outer loop
      vertex 4.44697 19.45 9.69145
      vertex -4.44697 19.45 9.69145
      vertex -4.52776 19.45 9.85
    endloop
  endfacet
  facet normal 0 1 -0
    outer loop
      vertex 4.3832 19.45 9.52533
      vertex -4.44697 19.45 9.69145
      vertex 4.44697 19.45 9.69145
    endloop
  endfacet
  facet normal 0 1 0
    outer loop
      vertex 4.3832 19.45 9.52533
      vertex -4.3832 19.45 9.52533
      vertex -4.44697 19.45 9.69145
    endloop
  endfacet
  facet normal 0 1 -0
    outer loop
      vertex 4.33715 19.45 9.35345
      vertex -4.3832 19.45 9.52533
      vertex 4.3832 19.45 9.52533
    endloop
  endfacet
  facet normal 0 1 0
    outer loop
      vertex 4.33715 19.45 9.35345
      vertex -4.33715 19.45 9.35345
      vertex -4.3832 19.45 9.52533
    endloop
  endfacet
  facet normal 0 1 -0
    outer loop
      vertex 4.30931 19.45 9.1777
      vertex -4.33715 19.45 9.35345
      vertex 4.33715 19.45 9.35345
    endloop
  endfacet
  facet normal 0 1 0
    outer loop
      vertex 4.30931 19.45 9.1777
      vertex -4.30931 19.45 9.1777
      vertex -4.33715 19.45 9.35345
    endloop
  endfacet
  facet normal 0 1 -0
    outer loop
      vertex 4.3 19.45 9
      vertex -4.30931 19.45 9.1777
      vertex 4.30931 19.45 9.1777
    endloop
  endfacet
  facet normal 0 1 0
    outer loop
      vertex 4.3 19.45 9
      vertex -4.3 19.45 9
      vertex -4.30931 19.45 9.1777
    endloop
  endfacet
  facet normal 0 1 0
    outer loop
      vertex 4.30931 19.45 8.8223
      vertex -4.3 19.45 9
      vertex 4.3 19.45 9
    endloop
  endfacet
  facet normal 0 1 0
    outer loop
      vertex 4.30931 19.45 8.8223
      vertex -4.30931 19.45 8.8223
      vertex -4.3 19.45 9
    endloop
  endfacet
  facet normal 0 1 0
    outer loop
      vertex 4.33715 19.45 8.64655
      vertex -4.30931 19.45 8.8223
      vertex 4.30931 19.45 8.8223
    endloop
  endfacet
  facet normal 0 1 0
    outer loop
      vertex 4.33715 19.45 8.64655
      vertex -4.33715 19.45 8.64655
      vertex -4.30931 19.45 8.8223
    endloop
  endfacet
  facet normal 0 1 0
    outer loop
      vertex 4.3832 19.45 8.47467
      vertex -4.33715 19.45 8.64655
      vertex 4.33715 19.45 8.64655
    endloop
  endfacet
  facet normal 0 1 0
    outer loop
      vertex 4.3832 19.45 8.47467
      vertex -4.3832 19.45 8.47467
      vertex -4.33715 19.45 8.64655
    endloop
  endfacet
  facet normal 0 1 0
    outer loop
      vertex 4.44697 19.45 8.30855
      vertex -4.3832 19.45 8.47467
      vertex 4.3832 19.45 8.47467
    endloop
  endfacet
  facet normal 0 1 0
    outer loop
      vertex 4.44697 19.45 8.30855
      vertex -4.44697 19.45 8.30855
      vertex -4.3832 19.45 8.47467
    endloop
  endfacet
  facet normal 0 1 0
    outer loop
      vertex 4.52776 19.45 8.15
      vertex -4.44697 19.45 8.30855
      vertex 4.44697 19.45 8.30855
    endloop
  endfacet
  facet normal 0 1 0
    outer loop
      vertex 4.52776 19.45 8.15
      vertex -4.52776 19.45 8.15
      vertex -4.44697 19.45 8.30855
    endloop
  endfacet
  facet normal 0 1 0
    outer loop
      vertex 4.62467 19.45 8.00077
      vertex -4.52776 19.45 8.15
      vertex 4.52776 19.45 8.15
    endloop
  endfacet
  facet normal 0 1 0
    outer loop
      vertex 4.62467 19.45 8.00077
      vertex -4.62467 19.45 8.00077
      vertex -4.52776 19.45 8.15
    endloop
  endfacet
  facet normal 0 1 0
    outer loop
      vertex 4.73665 19.45 7.86248
      vertex -4.62467 19.45 8.00077
      vertex 4.62467 19.45 8.00077
    endloop
  endfacet
  facet normal 0 1 0
    outer loop
      vertex 4.73665 19.45 7.86248
      vertex -4.73665 19.45 7.86248
      vertex -4.62467 19.45 8.00077
    endloop
  endfacet
  facet normal 0 1 0
    outer loop
      vertex 4.86248 19.45 7.73665
      vertex -4.73665 19.45 7.86248
      vertex 4.73665 19.45 7.86248
    endloop
  endfacet
  facet normal 0 1 0
    outer loop
      vertex 4.86248 19.45 7.73665
      vertex -4.86248 19.45 7.73665
      vertex -4.73665 19.45 7.86248
    endloop
  endfacet
  facet normal 0 1 0
    outer loop
      vertex 5.00077 19.45 7.62467
      vertex -4.86248 19.45 7.73665
      vertex 4.86248 19.45 7.73665
    endloop
  endfacet
  facet normal 0 1 0
    outer loop
      vertex 5.00077 19.45 7.62467
      vertex -5.00077 19.45 7.62467
      vertex -4.86248 19.45 7.73665
    endloop
  endfacet
  facet normal 0 1 0
    outer loop
      vertex 5.15 19.45 7.52776
      vertex -5.00077 19.45 7.62467
      vertex 5.00077 19.45 7.62467
    endloop
  endfacet
  facet normal 0 1 0
    outer loop
      vertex 5.15 19.45 7.52776
      vertex -5.15 19.45 7.52776
      vertex -5.00077 19.45 7.62467
    endloop
  endfacet
  facet normal 0 1 0
    outer loop
      vertex 5.30855 19.45 7.44697
      vertex -5.15 19.45 7.52776
      vertex 5.15 19.45 7.52776
    endloop
  endfacet
  facet normal 0 1 0
    outer loop
      vertex 5.30855 19.45 7.44697
      vertex -5.30855 19.45 7.44697
      vertex -5.15 19.45 7.52776
    endloop
  endfacet
  facet normal 0 1 0
    outer loop
      vertex 5.47467 19.45 7.3832
      vertex -5.30855 19.45 7.44697
      vertex 5.30855 19.45 7.44697
    endloop
  endfacet
  facet normal 0 1 0
    outer loop
      vertex 5.47467 19.45 7.3832
      vertex -5.47467 19.45 7.3832
      vertex -5.30855 19.45 7.44697
    endloop
  endfacet
  facet normal 0 1 0
    outer loop
      vertex 5.64655 19.45 7.33715
      vertex -5.47467 19.45 7.3832
      vertex 5.47467 19.45 7.3832
    endloop
  endfacet
  facet normal 0 1 0
    outer loop
      vertex 5.64655 19.45 7.33715
      vertex -5.64655 19.45 7.33715
      vertex -5.47467 19.45 7.3832
    endloop
  endfacet
  facet normal 0 1 0
    outer loop
      vertex 14 19.45 3.49497
      vertex 5.64655 19.45 7.33715
      vertex 5.8223 19.45 7.30931
    endloop
  endfacet
  facet normal 0 1 0
    outer loop
      vertex 5.64655 19.45 7.33715
      vertex 14 19.45 3.49497
      vertex -5.64655 19.45 7.33715
    endloop
  endfacet
  facet normal 0 1 0
    outer loop
      vertex 14 19.45 3.49497
      vertex 5.8223 19.45 7.30931
      vertex 6 19.45 7.3
    endloop
  endfacet
  facet normal 0 1 0
    outer loop
      vertex -14 19.45 3.49497
      vertex -5.64655 19.45 7.33715
      vertex 14 19.45 3.49497
    endloop
  endfacet
  facet normal 0 1 0
    outer loop
      vertex 14 19.45 17.5
      vertex 11.5 19.45 20
      vertex 11.7613 19.45 19.9863
    endloop
  endfacet
  facet normal 0 1 0
    outer loop
      vertex 5.8223 19.45 10.6907
      vertex 11.5 19.45 20
      vertex 6 19.45 10.7
    endloop
  endfacet
  facet normal 0 1 0
    outer loop
      vertex 14 19.45 17.5
      vertex 11.7613 19.45 19.9863
      vertex 12.0198 19.45 19.9454
    endloop
  endfacet
  facet normal 0 1 0
    outer loop
      vertex 5.64655 19.45 10.6629
      vertex 11.5 19.45 20
      vertex 5.8223 19.45 10.6907
    endloop
  endfacet
  facet normal 0 1 0
    outer loop
      vertex 14 19.45 17.5
      vertex 12.0198 19.45 19.9454
      vertex 12.2725 19.45 19.8776
    endloop
  endfacet
  facet normal 0 1 -0
    outer loop
      vertex -6.1777 19.45 10.6907
      vertex -11.5 19.45 20
      vertex -6 19.45 10.7
    endloop
  endfacet
  facet normal 0 1 0
    outer loop
      vertex 14 19.45 17.5
      vertex 12.2725 19.45 19.8776
      vertex 12.5168 19.45 19.7839
    endloop
  endfacet
  facet normal 0 1 -0
    outer loop
      vertex -6.35345 19.45 10.6629
      vertex -11.5 19.45 20
      vertex -6.1777 19.45 10.6907
    endloop
  endfacet
  facet normal 0 1 0
    outer loop
      vertex 14 19.45 17.5
      vertex 12.5168 19.45 19.7839
      vertex 12.75 19.45 19.6651
    endloop
  endfacet
  facet normal 0 1 -0
    outer loop
      vertex -6.52533 19.45 10.6168
      vertex -11.5 19.45 20
      vertex -6.35345 19.45 10.6629
    endloop
  endfacet
  facet normal 0 1 0
    outer loop
      vertex 14 19.45 17.5
      vertex 12.75 19.45 19.6651
      vertex 12.9695 19.45 19.5225
    endloop
  endfacet
  facet normal 0 1 -0
    outer loop
      vertex -6.69145 19.45 10.553
      vertex -11.5 19.45 20
      vertex -6.52533 19.45 10.6168
    endloop
  endfacet
  facet normal 0 1 0
    outer loop
      vertex 14 19.45 17.5
      vertex 12.9695 19.45 19.5225
      vertex 13.1728 19.45 19.3579
    endloop
  endfacet
  facet normal -0 1 0
    outer loop
      vertex -14 19.45 17.5
      vertex -11.5 19.45 20
      vertex -6.69145 19.45 10.553
    endloop
  endfacet
  facet normal 0 1 0
    outer loop
      vertex 14 19.45 17.5
      vertex 13.1728 19.45 19.3579
      vertex 13.3579 19.45 19.1728
    endloop
  endfacet
  facet normal 0 1 0
    outer loop
      vertex -11.5 19.45 20
      vertex -14 19.45 17.5
      vertex -11.7613 19.45 19.9863
    endloop
  endfacet
  facet normal 0 1 0
    outer loop
      vertex 14 19.45 17.5
      vertex 13.3579 19.45 19.1728
      vertex 13.5225 19.45 18.9695
    endloop
  endfacet
  facet normal 0 1 0
    outer loop
      vertex -11.7613 19.45 19.9863
      vertex -14 19.45 17.5
      vertex -12.0198 19.45 19.9454
    endloop
  endfacet
  facet normal 0 1 0
    outer loop
      vertex 14 19.45 17.5
      vertex 13.5225 19.45 18.9695
      vertex 13.6651 19.45 18.75
    endloop
  endfacet
  facet normal 0 1 0
    outer loop
      vertex -12.0198 19.45 19.9454
      vertex -14 19.45 17.5
      vertex -12.2725 19.45 19.8776
    endloop
  endfacet
  facet normal 0 1 0
    outer loop
      vertex 14 19.45 17.5
      vertex 13.6651 19.45 18.75
      vertex 13.7839 19.45 18.5168
    endloop
  endfacet
  facet normal 0 1 0
    outer loop
      vertex -12.5168 19.45 19.7839
      vertex -14 19.45 17.5
      vertex -12.75 19.45 19.6651
    endloop
  endfacet
  facet normal 0 1 0
    outer loop
      vertex 14 19.45 17.5
      vertex 13.7839 19.45 18.5168
      vertex 13.8776 19.45 18.2725
    endloop
  endfacet
  facet normal 0 1 0
    outer loop
      vertex -12.75 19.45 19.6651
      vertex -14 19.45 17.5
      vertex -12.9695 19.45 19.5225
    endloop
  endfacet
  facet normal 0 1 0
    outer loop
      vertex 14 19.45 17.5
      vertex 13.8776 19.45 18.2725
      vertex 13.9454 19.45 18.0198
    endloop
  endfacet
  facet normal 0 1 0
    outer loop
      vertex -12.9695 19.45 19.5225
      vertex -14 19.45 17.5
      vertex -13.1728 19.45 19.3579
    endloop
  endfacet
  facet normal 0 1 0
    outer loop
      vertex 14 19.45 17.5
      vertex 13.9454 19.45 18.0198
      vertex 13.9863 19.45 17.7613
    endloop
  endfacet
  facet normal 0 1 0
    outer loop
      vertex -13.1728 19.45 19.3579
      vertex -14 19.45 17.5
      vertex -13.3579 19.45 19.1728
    endloop
  endfacet
  facet normal 0 1 0
    outer loop
      vertex 11.5 19.45 20
      vertex 14 19.45 17.5
      vertex 6.69145 19.45 10.553
    endloop
  endfacet
  facet normal 0 1 0
    outer loop
      vertex -13.5225 19.45 18.9695
      vertex -14 19.45 17.5
      vertex -13.6651 19.45 18.75
    endloop
  endfacet
  facet normal 0 1 0
    outer loop
      vertex -13.6651 19.45 18.75
      vertex -14 19.45 17.5
      vertex -13.7839 19.45 18.5168
    endloop
  endfacet
  facet normal 0 1 0
    outer loop
      vertex 11.5 19.45 20
      vertex 6.1777 19.45 10.6907
      vertex 6 19.45 10.7
    endloop
  endfacet
  facet normal 0 1 0
    outer loop
      vertex 11.5 19.45 20
      vertex 6.35345 19.45 10.6629
      vertex 6.1777 19.45 10.6907
    endloop
  endfacet
  facet normal 0 1 0
    outer loop
      vertex 11.5 19.45 20
      vertex 6.52533 19.45 10.6168
      vertex 6.35345 19.45 10.6629
    endloop
  endfacet
  facet normal 0 1 0
    outer loop
      vertex 11.5 19.45 20
      vertex 6.69145 19.45 10.553
      vertex 6.52533 19.45 10.6168
    endloop
  endfacet
  facet normal 0 1 0
    outer loop
      vertex 14 19.45 17.5
      vertex 6.85 19.45 10.4722
      vertex 6.69145 19.45 10.553
    endloop
  endfacet
  facet normal 0 1 0
    outer loop
      vertex 14 19.45 17.5
      vertex 6.99923 19.45 10.3753
      vertex 6.85 19.45 10.4722
    endloop
  endfacet
  facet normal 0 1 0
    outer loop
      vertex 14 19.45 17.5
      vertex 7.13752 19.45 10.2633
      vertex 6.99923 19.45 10.3753
    endloop
  endfacet
  facet normal 0 1 0
    outer loop
      vertex 14 19.45 17.5
      vertex 7.26335 19.45 10.1375
      vertex 7.13752 19.45 10.2633
    endloop
  endfacet
  facet normal 0 1 0
    outer loop
      vertex 14 19.45 17.5
      vertex 7.37533 19.45 9.99923
      vertex 7.26335 19.45 10.1375
    endloop
  endfacet
  facet normal 0 1 0
    outer loop
      vertex 14 19.45 17.5
      vertex 7.47224 19.45 9.85
      vertex 7.37533 19.45 9.99923
    endloop
  endfacet
  facet normal 0 1 0
    outer loop
      vertex 14 19.45 17.5
      vertex 7.55303 19.45 9.69145
      vertex 7.47224 19.45 9.85
    endloop
  endfacet
  facet normal 0 1 0
    outer loop
      vertex 14 19.45 17.5
      vertex 7.6168 19.45 9.52533
      vertex 7.55303 19.45 9.69145
    endloop
  endfacet
  facet normal 0 1 0
    outer loop
      vertex 14 19.45 17.5
      vertex 7.66285 19.45 9.35345
      vertex 7.6168 19.45 9.52533
    endloop
  endfacet
  facet normal 0 1 -0
    outer loop
      vertex 14 19.45 3.49497
      vertex 7.66285 19.45 9.35345
      vertex 14 19.45 17.5
    endloop
  endfacet
  facet normal 0 1 0
    outer loop
      vertex 7.66285 19.45 9.35345
      vertex 14 19.45 3.49497
      vertex 7.69069 19.45 9.1777
    endloop
  endfacet
  facet normal 0 1 0
    outer loop
      vertex 7.69069 19.45 9.1777
      vertex 14 19.45 3.49497
      vertex 7.7 19.45 9
    endloop
  endfacet
  facet normal 0 1 0
    outer loop
      vertex 7.7 19.45 9
      vertex 14 19.45 3.49497
      vertex 7.69069 19.45 8.8223
    endloop
  endfacet
  facet normal 0 1 0
    outer loop
      vertex 7.69069 19.45 8.8223
      vertex 14 19.45 3.49497
      vertex 7.66285 19.45 8.64655
    endloop
  endfacet
  facet normal 0 1 0
    outer loop
      vertex 7.66285 19.45 8.64655
      vertex 14 19.45 3.49497
      vertex 7.6168 19.45 8.47467
    endloop
  endfacet
  facet normal 0 1 0
    outer loop
      vertex 7.6168 19.45 8.47467
      vertex 14 19.45 3.49497
      vertex 7.55303 19.45 8.30855
    endloop
  endfacet
  facet normal 0 1 0
    outer loop
      vertex 7.55303 19.45 8.30855
      vertex 14 19.45 3.49497
      vertex 7.47224 19.45 8.15
    endloop
  endfacet
  facet normal 0 1 0
    outer loop
      vertex -5.64655 19.45 7.33715
      vertex -14 19.45 3.49497
      vertex -5.8223 19.45 7.30931
    endloop
  endfacet
  facet normal 0 1 0
    outer loop
      vertex 6.1777 19.45 7.30931
      vertex 14 19.45 3.49497
      vertex 6 19.45 7.3
    endloop
  endfacet
  facet normal 0 1 0
    outer loop
      vertex 6.35345 19.45 7.33715
      vertex 14 19.45 3.49497
      vertex 6.1777 19.45 7.30931
    endloop
  endfacet
  facet normal 0 1 0
    outer loop
      vertex 6.52533 19.45 7.3832
      vertex 14 19.45 3.49497
      vertex 6.35345 19.45 7.33715
    endloop
  endfacet
  facet normal 0 1 0
    outer loop
      vertex 6.69145 19.45 7.44697
      vertex 14 19.45 3.49497
      vertex 6.52533 19.45 7.3832
    endloop
  endfacet
  facet normal 0 1 0
    outer loop
      vertex 6.85 19.45 7.52776
      vertex 14 19.45 3.49497
      vertex 6.69145 19.45 7.44697
    endloop
  endfacet
  facet normal 0 1 0
    outer loop
      vertex 6.99923 19.45 7.62467
      vertex 14 19.45 3.49497
      vertex 6.85 19.45 7.52776
    endloop
  endfacet
  facet normal 0 1 0
    outer loop
      vertex 7.13752 19.45 7.73665
      vertex 14 19.45 3.49497
      vertex 6.99923 19.45 7.62467
    endloop
  endfacet
  facet normal 0 1 0
    outer loop
      vertex 7.26335 19.45 7.86248
      vertex 14 19.45 3.49497
      vertex 7.13752 19.45 7.73665
    endloop
  endfacet
  facet normal 0 1 0
    outer loop
      vertex 7.37533 19.45 8.00077
      vertex 14 19.45 3.49497
      vertex 7.26335 19.45 7.86248
    endloop
  endfacet
  facet normal 0 1 0
    outer loop
      vertex 7.47224 19.45 8.15
      vertex 14 19.45 3.49497
      vertex 7.37533 19.45 8.00077
    endloop
  endfacet
  facet normal 0 1 0
    outer loop
      vertex -13.7839 19.45 18.5168
      vertex -14 19.45 17.5
      vertex -13.8776 19.45 18.2725
    endloop
  endfacet
  facet normal 0 1 0
    outer loop
      vertex -13.9454 19.45 18.0198
      vertex -14 19.45 17.5
      vertex -13.9863 19.45 17.7613
    endloop
  endfacet
  facet normal 0 1 0
    outer loop
      vertex -13.8776 19.45 18.2725
      vertex -14 19.45 17.5
      vertex -13.9454 19.45 18.0198
    endloop
  endfacet
  facet normal 0 1 0
    outer loop
      vertex -13.3579 19.45 19.1728
      vertex -14 19.45 17.5
      vertex -13.5225 19.45 18.9695
    endloop
  endfacet
  facet normal 0 1 0
    outer loop
      vertex -12.2725 19.45 19.8776
      vertex -14 19.45 17.5
      vertex -12.5168 19.45 19.7839
    endloop
  endfacet
  facet normal 0 1 -0
    outer loop
      vertex -6.85 19.45 10.4722
      vertex -14 19.45 17.5
      vertex -6.69145 19.45 10.553
    endloop
  endfacet
  facet normal 0 1 -0
    outer loop
      vertex -6.99923 19.45 10.3753
      vertex -14 19.45 17.5
      vertex -6.85 19.45 10.4722
    endloop
  endfacet
  facet normal 0 1 -0
    outer loop
      vertex -7.13752 19.45 10.2633
      vertex -14 19.45 17.5
      vertex -6.99923 19.45 10.3753
    endloop
  endfacet
  facet normal 0 1 -0
    outer loop
      vertex -7.26335 19.45 10.1375
      vertex -14 19.45 17.5
      vertex -7.13752 19.45 10.2633
    endloop
  endfacet
  facet normal 0 1 -0
    outer loop
      vertex -7.37533 19.45 9.99923
      vertex -14 19.45 17.5
      vertex -7.26335 19.45 10.1375
    endloop
  endfacet
  facet normal 0 1 -0
    outer loop
      vertex -7.47224 19.45 9.85
      vertex -14 19.45 17.5
      vertex -7.37533 19.45 9.99923
    endloop
  endfacet
  facet normal 0 1 -0
    outer loop
      vertex -7.55303 19.45 9.69145
      vertex -14 19.45 17.5
      vertex -7.47224 19.45 9.85
    endloop
  endfacet
  facet normal 0 1 -0
    outer loop
      vertex -7.6168 19.45 9.52533
      vertex -14 19.45 17.5
      vertex -7.55303 19.45 9.69145
    endloop
  endfacet
  facet normal 0 1 -0
    outer loop
      vertex -7.66285 19.45 9.35345
      vertex -14 19.45 17.5
      vertex -7.6168 19.45 9.52533
    endloop
  endfacet
  facet normal 0 1 0
    outer loop
      vertex -14 19.45 3.49497
      vertex -7.66285 19.45 9.35345
      vertex -7.69069 19.45 9.1777
    endloop
  endfacet
  facet normal 0 1 0
    outer loop
      vertex -14 19.45 3.49497
      vertex -7.69069 19.45 9.1777
      vertex -7.7 19.45 9
    endloop
  endfacet
  facet normal 0 1 0
    outer loop
      vertex -14 19.45 3.49497
      vertex -7.7 19.45 9
      vertex -7.69069 19.45 8.8223
    endloop
  endfacet
  facet normal 0 1 0
    outer loop
      vertex -14 19.45 3.49497
      vertex -7.69069 19.45 8.8223
      vertex -7.66285 19.45 8.64655
    endloop
  endfacet
  facet normal 0 1 0
    outer loop
      vertex -14 19.45 3.49497
      vertex -7.66285 19.45 8.64655
      vertex -7.6168 19.45 8.47467
    endloop
  endfacet
  facet normal 0 1 0
    outer loop
      vertex -14 19.45 3.49497
      vertex -7.6168 19.45 8.47467
      vertex -7.55303 19.45 8.30855
    endloop
  endfacet
  facet normal 0 1 0
    outer loop
      vertex -14 19.45 3.49497
      vertex -7.55303 19.45 8.30855
      vertex -7.47224 19.45 8.15
    endloop
  endfacet
  facet normal 0 1 0
    outer loop
      vertex -14 19.45 3.49497
      vertex -7.47224 19.45 8.15
      vertex -7.37533 19.45 8.00077
    endloop
  endfacet
  facet normal 0 1 0
    outer loop
      vertex -5.8223 19.45 7.30931
      vertex -14 19.45 3.49497
      vertex -6 19.45 7.3
    endloop
  endfacet
  facet normal 0 1 0
    outer loop
      vertex -6 19.45 7.3
      vertex -14 19.45 3.49497
      vertex -6.1777 19.45 7.30931
    endloop
  endfacet
  facet normal 0 1 0
    outer loop
      vertex -7.66285 19.45 9.35345
      vertex -14 19.45 3.49497
      vertex -14 19.45 17.5
    endloop
  endfacet
  facet normal 0 1 0
    outer loop
      vertex -7.26335 19.45 7.86248
      vertex -14 19.45 3.49497
      vertex -7.37533 19.45 8.00077
    endloop
  endfacet
  facet normal 0 1 0
    outer loop
      vertex -7.13752 19.45 7.73665
      vertex -14 19.45 3.49497
      vertex -7.26335 19.45 7.86248
    endloop
  endfacet
  facet normal 0 1 0
    outer loop
      vertex -6.99923 19.45 7.62467
      vertex -14 19.45 3.49497
      vertex -7.13752 19.45 7.73665
    endloop
  endfacet
  facet normal 0 1 0
    outer loop
      vertex -6.85 19.45 7.52776
      vertex -14 19.45 3.49497
      vertex -6.99923 19.45 7.62467
    endloop
  endfacet
  facet normal 0 1 0
    outer loop
      vertex -6.69145 19.45 7.44697
      vertex -14 19.45 3.49497
      vertex -6.85 19.45 7.52776
    endloop
  endfacet
  facet normal 0 1 0
    outer loop
      vertex -6.52533 19.45 7.3832
      vertex -14 19.45 3.49497
      vertex -6.69145 19.45 7.44697
    endloop
  endfacet
  facet normal 0 1 0
    outer loop
      vertex -6.35345 19.45 7.33715
      vertex -14 19.45 3.49497
      vertex -6.52533 19.45 7.3832
    endloop
  endfacet
  facet normal 0 1 0
    outer loop
      vertex -6.1777 19.45 7.30931
      vertex -14 19.45 3.49497
      vertex -6.35345 19.45 7.33715
    endloop
  endfacet
  facet normal 0.998628 -0 0.0523582
    outer loop
      vertex 13.9863 16.45 17.7613
      vertex 14 19.45 17.5
      vertex 13.9863 19.45 17.7613
    endloop
  endfacet
  facet normal 0.998628 0 0.0523582
    outer loop
      vertex 14 19.45 17.5
      vertex 13.9863 16.45 17.7613
      vertex 14 16.45 17.5
    endloop
  endfacet
  facet normal 0.891039 -0 0.453926
    outer loop
      vertex 13.6651 16.45 18.75
      vertex 13.7839 19.45 18.5168
      vertex 13.6651 19.45 18.75
    endloop
  endfacet
  facet normal 0.891039 0 0.453926
    outer loop
      vertex 13.7839 19.45 18.5168
      vertex 13.6651 16.45 18.75
      vertex 13.7839 16.45 18.5168
    endloop
  endfacet
  facet normal 0.987713 -0 0.156277
    outer loop
      vertex 13.9454 16.45 18.0198
      vertex 13.9863 19.45 17.7613
      vertex 13.9454 19.45 18.0198
    endloop
  endfacet
  facet normal 0.987713 0 0.156277
    outer loop
      vertex 13.9863 19.45 17.7613
      vertex 13.9454 16.45 18.0198
      vertex 13.9863 16.45 17.7613
    endloop
  endfacet
  facet normal 0.7772 -0 0.629253
    outer loop
      vertex 13.3579 16.45 19.1728
      vertex 13.5225 19.45 18.9695
      vertex 13.3579 19.45 19.1728
    endloop
  endfacet
  facet normal 0.7772 0 0.629253
    outer loop
      vertex 13.5225 19.45 18.9695
      vertex 13.3579 16.45 19.1728
      vertex 13.5225 16.45 18.9695
    endloop
  endfacet
  facet normal 0.93368 -0 0.358108
    outer loop
      vertex 13.7839 16.45 18.5168
      vertex 13.8776 19.45 18.2725
      vertex 13.7839 19.45 18.5168
    endloop
  endfacet
  facet normal 0.93368 0 0.358108
    outer loop
      vertex 13.8776 19.45 18.2725
      vertex 13.7839 16.45 18.5168
      vertex 13.8776 16.45 18.2725
    endloop
  endfacet
  facet normal 0.0523582 0 0.998628
    outer loop
      vertex 11.5 19.45 20
      vertex 11.7613 16.45 19.9863
      vertex 11.7613 19.45 19.9863
    endloop
  endfacet
  facet normal 0.0523582 0 0.998628
    outer loop
      vertex 11.7613 16.45 19.9863
      vertex 11.5 19.45 20
      vertex 11.5 16.45 20
    endloop
  endfacet
  facet normal 0.544787 0 0.838575
    outer loop
      vertex 12.75 19.45 19.6651
      vertex 12.9695 16.45 19.5225
      vertex 12.9695 19.45 19.5225
    endloop
  endfacet
  facet normal 0.544787 0 0.838575
    outer loop
      vertex 12.9695 16.45 19.5225
      vertex 12.75 19.45 19.6651
      vertex 12.75 16.45 19.6651
    endloop
  endfacet
  facet normal 0.707107 -0 0.707107
    outer loop
      vertex 13.1728 16.45 19.3579
      vertex 13.3579 19.45 19.1728
      vertex 13.1728 19.45 19.3579
    endloop
  endfacet
  facet normal 0.707107 0 0.707107
    outer loop
      vertex 13.3579 19.45 19.1728
      vertex 13.1728 16.45 19.3579
      vertex 13.3579 16.45 19.1728
    endloop
  endfacet
  facet normal 0.838575 -0 0.544787
    outer loop
      vertex 13.5225 16.45 18.9695
      vertex 13.6651 19.45 18.75
      vertex 13.5225 19.45 18.9695
    endloop
  endfacet
  facet normal 0.838575 0 0.544787
    outer loop
      vertex 13.6651 19.45 18.75
      vertex 13.5225 16.45 18.9695
      vertex 13.6651 16.45 18.75
    endloop
  endfacet
  facet normal 0.965841 -0 0.259137
    outer loop
      vertex 13.8776 16.45 18.2725
      vertex 13.9454 19.45 18.0198
      vertex 13.8776 19.45 18.2725
    endloop
  endfacet
  facet normal 0.965841 0 0.259137
    outer loop
      vertex 13.9454 19.45 18.0198
      vertex 13.8776 16.45 18.2725
      vertex 13.9454 16.45 18.0198
    endloop
  endfacet
  facet normal -0 0 1
    outer loop
      vertex -11.5 19.45 20
      vertex 11.5 16.45 20
      vertex 11.5 19.45 20
    endloop
  endfacet
  facet normal 0 0 1
    outer loop
      vertex 11.5 16.45 20
      vertex -11.5 19.45 20
      vertex -11.5 16.45 20
    endloop
  endfacet
  facet normal 0.629253 0 0.7772
    outer loop
      vertex 12.9695 19.45 19.5225
      vertex 13.1728 16.45 19.3579
      vertex 13.1728 19.45 19.3579
    endloop
  endfacet
  facet normal 0.629253 0 0.7772
    outer loop
      vertex 13.1728 16.45 19.3579
      vertex 12.9695 19.45 19.5225
      vertex 12.9695 16.45 19.5225
    endloop
  endfacet
  facet normal -0.998628 0 0.0523582
    outer loop
      vertex -14 16.45 17.5
      vertex -13.9863 19.45 17.7613
      vertex -14 19.45 17.5
    endloop
  endfacet
  facet normal -0.998628 0 0.0523582
    outer loop
      vertex -13.9863 19.45 17.7613
      vertex -14 16.45 17.5
      vertex -13.9863 16.45 17.7613
    endloop
  endfacet
  facet normal 0.259137 0 0.965841
    outer loop
      vertex 12.0198 19.45 19.9454
      vertex 12.2725 16.45 19.8776
      vertex 12.2725 19.45 19.8776
    endloop
  endfacet
  facet normal 0.259137 0 0.965841
    outer loop
      vertex 12.2725 16.45 19.8776
      vertex 12.0198 19.45 19.9454
      vertex 12.0198 16.45 19.9454
    endloop
  endfacet
  facet normal -0.259137 0 0.965841
    outer loop
      vertex -12.2725 19.45 19.8776
      vertex -12.0198 16.45 19.9454
      vertex -12.0198 19.45 19.9454
    endloop
  endfacet
  facet normal -0.259137 0 0.965841
    outer loop
      vertex -12.0198 16.45 19.9454
      vertex -12.2725 19.45 19.8776
      vertex -12.2725 16.45 19.8776
    endloop
  endfacet
  facet normal -0.544787 0 0.838575
    outer loop
      vertex -12.9695 19.45 19.5225
      vertex -12.75 16.45 19.6651
      vertex -12.75 19.45 19.6651
    endloop
  endfacet
  facet normal -0.544787 0 0.838575
    outer loop
      vertex -12.75 16.45 19.6651
      vertex -12.9695 19.45 19.5225
      vertex -12.9695 16.45 19.5225
    endloop
  endfacet
  facet normal -0.987713 0 0.156277
    outer loop
      vertex -13.9863 16.45 17.7613
      vertex -13.9454 19.45 18.0198
      vertex -13.9863 19.45 17.7613
    endloop
  endfacet
  facet normal -0.987713 0 0.156277
    outer loop
      vertex -13.9454 19.45 18.0198
      vertex -13.9863 16.45 17.7613
      vertex -13.9454 16.45 18.0198
    endloop
  endfacet
  facet normal -0.93368 0 0.358108
    outer loop
      vertex -13.8776 16.45 18.2725
      vertex -13.7839 19.45 18.5168
      vertex -13.8776 19.45 18.2725
    endloop
  endfacet
  facet normal -0.93368 0 0.358108
    outer loop
      vertex -13.7839 19.45 18.5168
      vertex -13.8776 16.45 18.2725
      vertex -13.7839 16.45 18.5168
    endloop
  endfacet
  facet normal -0.838575 0 0.544787
    outer loop
      vertex -13.6651 16.45 18.75
      vertex -13.5225 19.45 18.9695
      vertex -13.6651 19.45 18.75
    endloop
  endfacet
  facet normal -0.838575 0 0.544787
    outer loop
      vertex -13.5225 19.45 18.9695
      vertex -13.6651 16.45 18.75
      vertex -13.5225 16.45 18.9695
    endloop
  endfacet
  facet normal -0.707107 0 0.707107
    outer loop
      vertex -13.3579 16.45 19.1728
      vertex -13.1728 19.45 19.3579
      vertex -13.3579 19.45 19.1728
    endloop
  endfacet
  facet normal -0.707107 0 0.707107
    outer loop
      vertex -13.1728 19.45 19.3579
      vertex -13.3579 16.45 19.1728
      vertex -13.1728 16.45 19.3579
    endloop
  endfacet
  facet normal 0.156277 0 0.987713
    outer loop
      vertex 11.7613 19.45 19.9863
      vertex 12.0198 16.45 19.9454
      vertex 12.0198 19.45 19.9454
    endloop
  endfacet
  facet normal 0.156277 0 0.987713
    outer loop
      vertex 12.0198 16.45 19.9454
      vertex 11.7613 19.45 19.9863
      vertex 11.7613 16.45 19.9863
    endloop
  endfacet
  facet normal 0.453926 0 0.891039
    outer loop
      vertex 12.5168 19.45 19.7839
      vertex 12.75 16.45 19.6651
      vertex 12.75 19.45 19.6651
    endloop
  endfacet
  facet normal 0.453926 0 0.891039
    outer loop
      vertex 12.75 16.45 19.6651
      vertex 12.5168 19.45 19.7839
      vertex 12.5168 16.45 19.7839
    endloop
  endfacet
  facet normal -0.156277 0 0.987713
    outer loop
      vertex -12.0198 19.45 19.9454
      vertex -11.7613 16.45 19.9863
      vertex -11.7613 19.45 19.9863
    endloop
  endfacet
  facet normal -0.156277 0 0.987713
    outer loop
      vertex -11.7613 16.45 19.9863
      vertex -12.0198 19.45 19.9454
      vertex -12.0198 16.45 19.9454
    endloop
  endfacet
  facet normal -0.453926 0 0.891039
    outer loop
      vertex -12.75 19.45 19.6651
      vertex -12.5168 16.45 19.7839
      vertex -12.5168 19.45 19.7839
    endloop
  endfacet
  facet normal -0.453926 0 0.891039
    outer loop
      vertex -12.5168 16.45 19.7839
      vertex -12.75 19.45 19.6651
      vertex -12.75 16.45 19.6651
    endloop
  endfacet
  facet normal -0.965841 0 0.259137
    outer loop
      vertex -13.9454 16.45 18.0198
      vertex -13.8776 19.45 18.2725
      vertex -13.9454 19.45 18.0198
    endloop
  endfacet
  facet normal -0.965841 0 0.259137
    outer loop
      vertex -13.8776 19.45 18.2725
      vertex -13.9454 16.45 18.0198
      vertex -13.8776 16.45 18.2725
    endloop
  endfacet
  facet normal -0.891039 0 0.453926
    outer loop
      vertex -13.7839 16.45 18.5168
      vertex -13.6651 19.45 18.75
      vertex -13.7839 19.45 18.5168
    endloop
  endfacet
  facet normal -0.891039 0 0.453926
    outer loop
      vertex -13.6651 19.45 18.75
      vertex -13.7839 16.45 18.5168
      vertex -13.6651 16.45 18.75
    endloop
  endfacet
  facet normal -0.7772 0 0.629253
    outer loop
      vertex -13.5225 16.45 18.9695
      vertex -13.3579 19.45 19.1728
      vertex -13.5225 19.45 18.9695
    endloop
  endfacet
  facet normal -0.7772 0 0.629253
    outer loop
      vertex -13.3579 19.45 19.1728
      vertex -13.5225 16.45 18.9695
      vertex -13.3579 16.45 19.1728
    endloop
  endfacet
  facet normal -0.629253 0 0.7772
    outer loop
      vertex -13.1728 19.45 19.3579
      vertex -12.9695 16.45 19.5225
      vertex -12.9695 19.45 19.5225
    endloop
  endfacet
  facet normal -0.629253 0 0.7772
    outer loop
      vertex -12.9695 16.45 19.5225
      vertex -13.1728 19.45 19.3579
      vertex -13.1728 16.45 19.3579
    endloop
  endfacet
  facet normal 0.358108 0 0.93368
    outer loop
      vertex 12.2725 19.45 19.8776
      vertex 12.5168 16.45 19.7839
      vertex 12.5168 19.45 19.7839
    endloop
  endfacet
  facet normal 0.358108 0 0.93368
    outer loop
      vertex 12.5168 16.45 19.7839
      vertex 12.2725 19.45 19.8776
      vertex 12.2725 16.45 19.8776
    endloop
  endfacet
  facet normal -0.0523582 0 0.998628
    outer loop
      vertex -11.7613 19.45 19.9863
      vertex -11.5 16.45 20
      vertex -11.5 19.45 20
    endloop
  endfacet
  facet normal -0.0523582 0 0.998628
    outer loop
      vertex -11.5 16.45 20
      vertex -11.7613 19.45 19.9863
      vertex -11.7613 16.45 19.9863
    endloop
  endfacet
  facet normal -0.358108 0 0.93368
    outer loop
      vertex -12.5168 19.45 19.7839
      vertex -12.2725 16.45 19.8776
      vertex -12.2725 19.45 19.8776
    endloop
  endfacet
  facet normal -0.358108 0 0.93368
    outer loop
      vertex -12.2725 16.45 19.8776
      vertex -12.5168 19.45 19.7839
      vertex -12.5168 16.45 19.7839
    endloop
  endfacet
  facet normal 0.0523582 -0 0.998628
    outer loop
      vertex 11.5 39.34 12.5
      vertex 11.7613 41.35 12.4863
      vertex 11.5 41.35 12.5
    endloop
  endfacet
  facet normal 0.0523582 0 0.998628
    outer loop
      vertex 11.7613 41.35 12.4863
      vertex 11.5 39.34 12.5
      vertex 11.7613 39.3263 12.4863
    endloop
  endfacet
  facet normal 0.544787 -0 0.838575
    outer loop
      vertex 12.75 39.005 12.1651
      vertex 12.9695 41.35 12.0225
      vertex 12.75 41.35 12.1651
    endloop
  endfacet
  facet normal 0.544787 0 0.838575
    outer loop
      vertex 12.9695 41.35 12.0225
      vertex 12.75 39.005 12.1651
      vertex 12.9695 38.8625 12.0225
    endloop
  endfacet
  facet normal 0.259137 -0 0.965841
    outer loop
      vertex 12.0198 39.2853 12.4454
      vertex 12.2725 41.35 12.3776
      vertex 12.0198 41.35 12.4454
    endloop
  endfacet
  facet normal 0.259137 0 0.965841
    outer loop
      vertex 12.2725 41.35 12.3776
      vertex 12.0198 39.2853 12.4454
      vertex 12.2725 39.2176 12.3776
    endloop
  endfacet
  facet normal 0.453926 -0 0.891039
    outer loop
      vertex 12.5168 39.1238 12.2839
      vertex 12.75 41.35 12.1651
      vertex 12.5168 41.35 12.2839
    endloop
  endfacet
  facet normal 0.453926 0 0.891039
    outer loop
      vertex 12.75 41.35 12.1651
      vertex 12.5168 39.1238 12.2839
      vertex 12.75 39.005 12.1651
    endloop
  endfacet
  facet normal 0.7772 -0 0.629253
    outer loop
      vertex 13.3579 38.5128 11.6728
      vertex 13.5225 41.35 11.4695
      vertex 13.3579 41.35 11.6728
    endloop
  endfacet
  facet normal 0.777111 -0.000228652 0.629364
    outer loop
      vertex 13.5225 38.35 11.4695
      vertex 13.3579 38.5128 11.6728
      vertex 13.4897 38.35 11.51
    endloop
  endfacet
  facet normal 0.7772 0 0.629253
    outer loop
      vertex 13.3579 38.5128 11.6728
      vertex 13.5225 38.35 11.4695
      vertex 13.5225 41.35 11.4695
    endloop
  endfacet
  facet normal -0.156277 0 0.987713
    outer loop
      vertex -12.0198 41.35 12.4454
      vertex -11.7613 39.3263 12.4863
      vertex -11.7613 41.35 12.4863
    endloop
  endfacet
  facet normal -0.156277 0 0.987713
    outer loop
      vertex -11.7613 39.3263 12.4863
      vertex -12.0198 41.35 12.4454
      vertex -12.0198 39.2853 12.4454
    endloop
  endfacet
  facet normal 0.156277 -0 0.987713
    outer loop
      vertex 11.7613 39.3263 12.4863
      vertex 12.0198 41.35 12.4454
      vertex 11.7613 41.35 12.4863
    endloop
  endfacet
  facet normal 0.156277 0 0.987713
    outer loop
      vertex 12.0198 41.35 12.4454
      vertex 11.7613 39.3263 12.4863
      vertex 12.0198 39.2853 12.4454
    endloop
  endfacet
  facet normal 0.707107 -0 0.707107
    outer loop
      vertex 13.1728 38.6978 11.8579
      vertex 13.3579 41.35 11.6728
      vertex 13.1728 41.35 11.8579
    endloop
  endfacet
  facet normal 0.707107 0 0.707107
    outer loop
      vertex 13.3579 41.35 11.6728
      vertex 13.1728 38.6978 11.8579
      vertex 13.3579 38.5128 11.6728
    endloop
  endfacet
  facet normal 0 -1 0
    outer loop
      vertex -13.6651 38.35 11.25
      vertex -13.4897 38.35 11.51
      vertex -13.5225 38.35 11.4695
    endloop
  endfacet
  facet normal 0 -1 -0
    outer loop
      vertex -13.4897 38.35 11.51
      vertex -14 38.35 3.49497
      vertex 13.4897 38.35 11.51
    endloop
  endfacet
  facet normal 0 -1 0
    outer loop
      vertex -13.4897 38.35 11.51
      vertex -13.6651 38.35 11.25
      vertex -14 38.35 10
    endloop
  endfacet
  facet normal 0 -1 0
    outer loop
      vertex -13.4897 38.35 11.51
      vertex -14 38.35 10
      vertex -14 38.35 3.49497
    endloop
  endfacet
  facet normal 0 -1 0
    outer loop
      vertex -14 38.35 10
      vertex -13.6651 38.35 11.25
      vertex -13.7839 38.35 11.0168
    endloop
  endfacet
  facet normal 0 -1 0
    outer loop
      vertex 14 38.35 3.49497
      vertex 13.4897 38.35 11.51
      vertex -14 38.35 3.49497
    endloop
  endfacet
  facet normal 0 -1 0
    outer loop
      vertex -14 38.35 10
      vertex -13.7839 38.35 11.0168
      vertex -13.8776 38.35 10.7725
    endloop
  endfacet
  facet normal 0 -1 0
    outer loop
      vertex 13.4897 38.35 11.51
      vertex 13.6651 38.35 11.25
      vertex 13.5225 38.35 11.4695
    endloop
  endfacet
  facet normal 0 -1 0
    outer loop
      vertex -14 38.35 10
      vertex -13.8776 38.35 10.7725
      vertex -13.9454 38.35 10.5198
    endloop
  endfacet
  facet normal 0 -1 0
    outer loop
      vertex 13.6651 38.35 11.25
      vertex 14 38.35 10
      vertex 13.7839 38.35 11.0168
    endloop
  endfacet
  facet normal 0 -1 0
    outer loop
      vertex -14 38.35 10
      vertex -13.9454 38.35 10.5198
      vertex -13.9863 38.35 10.2613
    endloop
  endfacet
  facet normal 0 -1 0
    outer loop
      vertex 13.7839 38.35 11.0168
      vertex 14 38.35 10
      vertex 13.8776 38.35 10.7725
    endloop
  endfacet
  facet normal 0 -1 0
    outer loop
      vertex 13.8776 38.35 10.7725
      vertex 14 38.35 10
      vertex 13.9454 38.35 10.5198
    endloop
  endfacet
  facet normal 0 -1 0
    outer loop
      vertex 13.9454 38.35 10.5198
      vertex 14 38.35 10
      vertex 13.9863 38.35 10.2613
    endloop
  endfacet
  facet normal -0 -1 -0
    outer loop
      vertex 14 38.35 10
      vertex 13.4897 38.35 11.51
      vertex 14 38.35 3.49497
    endloop
  endfacet
  facet normal -0 -1 -0
    outer loop
      vertex 13.6651 38.35 11.25
      vertex 13.4897 38.35 11.51
      vertex 14 38.35 10
    endloop
  endfacet
  facet normal 0.998628 -0 0.0523582
    outer loop
      vertex 13.9863 38.35 10.2613
      vertex 14 41.35 10
      vertex 13.9863 41.35 10.2613
    endloop
  endfacet
  facet normal 0.998628 0 0.0523582
    outer loop
      vertex 14 41.35 10
      vertex 13.9863 38.35 10.2613
      vertex 14 38.35 10
    endloop
  endfacet
  facet normal 0.358108 -0 0.93368
    outer loop
      vertex 12.2725 39.2176 12.3776
      vertex 12.5168 41.35 12.2839
      vertex 12.2725 41.35 12.3776
    endloop
  endfacet
  facet normal 0.358108 0 0.93368
    outer loop
      vertex 12.5168 41.35 12.2839
      vertex 12.2725 39.2176 12.3776
      vertex 12.5168 39.1238 12.2839
    endloop
  endfacet
  facet normal 0.629253 -0 0.7772
    outer loop
      vertex 12.9695 38.8625 12.0225
      vertex 13.1728 41.35 11.8579
      vertex 12.9695 41.35 12.0225
    endloop
  endfacet
  facet normal 0.629253 0 0.7772
    outer loop
      vertex 13.1728 41.35 11.8579
      vertex 12.9695 38.8625 12.0225
      vertex 13.1728 38.6978 11.8579
    endloop
  endfacet
  facet normal 0.891039 -0 0.453926
    outer loop
      vertex 13.6651 38.35 11.25
      vertex 13.7839 41.35 11.0168
      vertex 13.6651 41.35 11.25
    endloop
  endfacet
  facet normal 0.891039 0 0.453926
    outer loop
      vertex 13.7839 41.35 11.0168
      vertex 13.6651 38.35 11.25
      vertex 13.7839 38.35 11.0168
    endloop
  endfacet
  facet normal -0 0 1
    outer loop
      vertex -11.5 41.35 12.5
      vertex 11.5 39.34 12.5
      vertex 11.5 41.35 12.5
    endloop
  endfacet
  facet normal 0 0 1
    outer loop
      vertex 11.5 39.34 12.5
      vertex -11.5 41.35 12.5
      vertex -11.5 39.34 12.5
    endloop
  endfacet
  facet normal -0.453926 0 0.891039
    outer loop
      vertex -12.75 41.35 12.1651
      vertex -12.5168 39.1238 12.2839
      vertex -12.5168 41.35 12.2839
    endloop
  endfacet
  facet normal -0.453926 0 0.891039
    outer loop
      vertex -12.5168 39.1238 12.2839
      vertex -12.75 41.35 12.1651
      vertex -12.75 39.005 12.1651
    endloop
  endfacet
  facet normal 0.987713 -0 0.156277
    outer loop
      vertex 13.9454 38.35 10.5198
      vertex 13.9863 41.35 10.2613
      vertex 13.9454 41.35 10.5198
    endloop
  endfacet
  facet normal 0.987713 0 0.156277
    outer loop
      vertex 13.9863 41.35 10.2613
      vertex 13.9454 38.35 10.5198
      vertex 13.9863 38.35 10.2613
    endloop
  endfacet
  facet normal 0.838575 -0 0.544787
    outer loop
      vertex 13.5225 38.35 11.4695
      vertex 13.6651 41.35 11.25
      vertex 13.5225 41.35 11.4695
    endloop
  endfacet
  facet normal 0.838575 0 0.544787
    outer loop
      vertex 13.6651 41.35 11.25
      vertex 13.5225 38.35 11.4695
      vertex 13.6651 38.35 11.25
    endloop
  endfacet
  facet normal -0.358108 0 0.93368
    outer loop
      vertex -12.5168 41.35 12.2839
      vertex -12.2725 39.2176 12.3776
      vertex -12.2725 41.35 12.3776
    endloop
  endfacet
  facet normal -0.358108 0 0.93368
    outer loop
      vertex -12.2725 39.2176 12.3776
      vertex -12.5168 41.35 12.2839
      vertex -12.5168 39.1238 12.2839
    endloop
  endfacet
  facet normal -0.0523582 0 0.998628
    outer loop
      vertex -11.7613 41.35 12.4863
      vertex -11.5 39.34 12.5
      vertex -11.5 41.35 12.5
    endloop
  endfacet
  facet normal -0.0523582 0 0.998628
    outer loop
      vertex -11.5 39.34 12.5
      vertex -11.7613 41.35 12.4863
      vertex -11.7613 39.3263 12.4863
    endloop
  endfacet
  facet normal -0.998628 0 0.0523582
    outer loop
      vertex -14 38.35 10
      vertex -13.9863 41.35 10.2613
      vertex -14 41.35 10
    endloop
  endfacet
  facet normal -0.998628 0 0.0523582
    outer loop
      vertex -13.9863 41.35 10.2613
      vertex -14 38.35 10
      vertex -13.9863 38.35 10.2613
    endloop
  endfacet
  facet normal -0.259137 0 0.965841
    outer loop
      vertex -12.2725 41.35 12.3776
      vertex -12.0198 39.2853 12.4454
      vertex -12.0198 41.35 12.4454
    endloop
  endfacet
  facet normal -0.259137 0 0.965841
    outer loop
      vertex -12.0198 39.2853 12.4454
      vertex -12.2725 41.35 12.3776
      vertex -12.2725 39.2176 12.3776
    endloop
  endfacet
  facet normal -0.544787 0 0.838575
    outer loop
      vertex -12.9695 41.35 12.0225
      vertex -12.75 39.005 12.1651
      vertex -12.75 41.35 12.1651
    endloop
  endfacet
  facet normal -0.544787 0 0.838575
    outer loop
      vertex -12.75 39.005 12.1651
      vertex -12.9695 41.35 12.0225
      vertex -12.9695 38.8625 12.0225
    endloop
  endfacet
  facet normal -0.93368 0 0.358108
    outer loop
      vertex -13.8776 38.35 10.7725
      vertex -13.7839 41.35 11.0168
      vertex -13.8776 41.35 10.7725
    endloop
  endfacet
  facet normal -0.93368 0 0.358108
    outer loop
      vertex -13.7839 41.35 11.0168
      vertex -13.8776 38.35 10.7725
      vertex -13.7839 38.35 11.0168
    endloop
  endfacet
  facet normal -0.838575 0 0.544787
    outer loop
      vertex -13.6651 38.35 11.25
      vertex -13.5225 41.35 11.4695
      vertex -13.6651 41.35 11.25
    endloop
  endfacet
  facet normal -0.838575 0 0.544787
    outer loop
      vertex -13.5225 41.35 11.4695
      vertex -13.6651 38.35 11.25
      vertex -13.5225 38.35 11.4695
    endloop
  endfacet
  facet normal 0.93368 -0 0.358108
    outer loop
      vertex 13.7839 38.35 11.0168
      vertex 13.8776 41.35 10.7725
      vertex 13.7839 41.35 11.0168
    endloop
  endfacet
  facet normal 0.93368 0 0.358108
    outer loop
      vertex 13.8776 41.35 10.7725
      vertex 13.7839 38.35 11.0168
      vertex 13.8776 38.35 10.7725
    endloop
  endfacet
  facet normal -0.629253 0 0.7772
    outer loop
      vertex -13.1728 41.35 11.8579
      vertex -12.9695 38.8625 12.0225
      vertex -12.9695 41.35 12.0225
    endloop
  endfacet
  facet normal -0.629253 0 0.7772
    outer loop
      vertex -12.9695 38.8625 12.0225
      vertex -13.1728 41.35 11.8579
      vertex -13.1728 38.6978 11.8579
    endloop
  endfacet
  facet normal -0.965841 0 0.259137
    outer loop
      vertex -13.9454 38.35 10.5198
      vertex -13.8776 41.35 10.7725
      vertex -13.9454 41.35 10.5198
    endloop
  endfacet
  facet normal -0.965841 0 0.259137
    outer loop
      vertex -13.8776 41.35 10.7725
      vertex -13.9454 38.35 10.5198
      vertex -13.8776 38.35 10.7725
    endloop
  endfacet
  facet normal -0.987713 0 0.156277
    outer loop
      vertex -13.9863 38.35 10.2613
      vertex -13.9454 41.35 10.5198
      vertex -13.9863 41.35 10.2613
    endloop
  endfacet
  facet normal -0.987713 0 0.156277
    outer loop
      vertex -13.9454 41.35 10.5198
      vertex -13.9863 38.35 10.2613
      vertex -13.9454 38.35 10.5198
    endloop
  endfacet
  facet normal 0.965841 -0 0.259137
    outer loop
      vertex 13.8776 38.35 10.7725
      vertex 13.9454 41.35 10.5198
      vertex 13.8776 41.35 10.7725
    endloop
  endfacet
  facet normal 0.965841 0 0.259137
    outer loop
      vertex 13.9454 41.35 10.5198
      vertex 13.8776 38.35 10.7725
      vertex 13.9454 38.35 10.5198
    endloop
  endfacet
  facet normal -0.707107 0 0.707107
    outer loop
      vertex -13.3579 41.35 11.6728
      vertex -13.1728 38.6978 11.8579
      vertex -13.1728 41.35 11.8579
    endloop
  endfacet
  facet normal -0.707107 0 0.707107
    outer loop
      vertex -13.1728 38.6978 11.8579
      vertex -13.3579 41.35 11.6728
      vertex -13.3579 38.5128 11.6728
    endloop
  endfacet
  facet normal -0.7772 0 0.629253
    outer loop
      vertex -13.5225 41.35 11.4695
      vertex -13.3579 38.5128 11.6728
      vertex -13.3579 41.35 11.6728
    endloop
  endfacet
  facet normal -0.7772 0 0.629253
    outer loop
      vertex -13.5225 38.35 11.4695
      vertex -13.3579 38.5128 11.6728
      vertex -13.5225 41.35 11.4695
    endloop
  endfacet
  facet normal -0.777111 -0.000228652 0.629364
    outer loop
      vertex -13.3579 38.5128 11.6728
      vertex -13.5225 38.35 11.4695
      vertex -13.4897 38.35 11.51
    endloop
  endfacet
  facet normal -0.891039 0 0.453926
    outer loop
      vertex -13.7839 38.35 11.0168
      vertex -13.6651 41.35 11.25
      vertex -13.7839 41.35 11.0168
    endloop
  endfacet
  facet normal -0.891039 0 0.453926
    outer loop
      vertex -13.6651 41.35 11.25
      vertex -13.7839 38.35 11.0168
      vertex -13.6651 38.35 11.25
    endloop
  endfacet
  facet normal -0.890996 0 0.454012
    outer loop
      vertex -4.52776 18.25 8.15
      vertex -4.44697 19.45 8.30855
      vertex -4.52776 19.45 8.15
    endloop
  endfacet
  facet normal -0.890996 0 0.454012
    outer loop
      vertex -4.44697 19.45 8.30855
      vertex -4.52776 18.25 8.15
      vertex -4.44697 18.25 8.30855
    endloop
  endfacet
  facet normal -0.35838 0 0.933576
    outer loop
      vertex -5.47467 19.45 7.3832
      vertex -5.30855 18.25 7.44697
      vertex -5.30855 19.45 7.44697
    endloop
  endfacet
  facet normal -0.35838 0 0.933576
    outer loop
      vertex -5.30855 18.25 7.44697
      vertex -5.47467 19.45 7.3832
      vertex -5.47467 18.25 7.3832
    endloop
  endfacet
  facet normal 0.35838 0 0.933576
    outer loop
      vertex -6.69145 19.45 7.44697
      vertex -6.52533 18.25 7.3832
      vertex -6.52533 19.45 7.3832
    endloop
  endfacet
  facet normal 0.35838 0 0.933576
    outer loop
      vertex -6.52533 18.25 7.3832
      vertex -6.69145 19.45 7.44697
      vertex -6.69145 18.25 7.44697
    endloop
  endfacet
  facet normal 0.890996 -0 0.454012
    outer loop
      vertex -7.55303 18.25 8.30855
      vertex -7.47224 19.45 8.15
      vertex -7.55303 19.45 8.30855
    endloop
  endfacet
  facet normal 0.890996 0 0.454012
    outer loop
      vertex -7.47224 19.45 8.15
      vertex -7.55303 18.25 8.30855
      vertex -7.47224 18.25 8.15
    endloop
  endfacet
  facet normal -0.99863 0 -0.0523199
    outer loop
      vertex -4.3 18.25 9
      vertex -4.30931 19.45 9.1777
      vertex -4.3 19.45 9
    endloop
  endfacet
  facet normal -0.99863 -0 -0.0523199
    outer loop
      vertex -4.30931 19.45 9.1777
      vertex -4.3 18.25 9
      vertex -4.30931 18.25 9.1777
    endloop
  endfacet
  facet normal -0.987685 0 0.156456
    outer loop
      vertex -4.33715 18.25 8.64655
      vertex -4.30931 19.45 8.8223
      vertex -4.33715 19.45 8.64655
    endloop
  endfacet
  facet normal -0.987685 0 0.156456
    outer loop
      vertex -4.30931 19.45 8.8223
      vertex -4.33715 18.25 8.64655
      vertex -4.30931 18.25 8.8223
    endloop
  endfacet
  facet normal -0.544635 0 0.838673
    outer loop
      vertex -5.15 19.45 7.52776
      vertex -5.00077 18.25 7.62467
      vertex -5.00077 19.45 7.62467
    endloop
  endfacet
  facet normal -0.544635 0 0.838673
    outer loop
      vertex -5.00077 18.25 7.62467
      vertex -5.15 19.45 7.52776
      vertex -5.15 18.25 7.52776
    endloop
  endfacet
  facet normal 0.987685 -0 0.156456
    outer loop
      vertex -7.69069 18.25 8.8223
      vertex -7.66285 19.45 8.64655
      vertex -7.69069 19.45 8.8223
    endloop
  endfacet
  facet normal 0.987685 0 0.156456
    outer loop
      vertex -7.66285 19.45 8.64655
      vertex -7.69069 18.25 8.8223
      vertex -7.66285 18.25 8.64655
    endloop
  endfacet
  facet normal 0.77716 -0 0.629303
    outer loop
      vertex -7.37533 18.25 8.00077
      vertex -7.26335 19.45 7.86248
      vertex -7.37533 19.45 8.00077
    endloop
  endfacet
  facet normal 0.77716 0 0.629303
    outer loop
      vertex -7.26335 19.45 7.86248
      vertex -7.37533 18.25 8.00077
      vertex -7.26335 18.25 7.86248
    endloop
  endfacet
  facet normal 0.156456 0 0.987685
    outer loop
      vertex -6.35345 19.45 7.33715
      vertex -6.1777 18.25 7.30931
      vertex -6.1777 19.45 7.30931
    endloop
  endfacet
  facet normal 0.156456 0 0.987685
    outer loop
      vertex -6.1777 18.25 7.30931
      vertex -6.35345 19.45 7.33715
      vertex -6.35345 18.25 7.33715
    endloop
  endfacet
  facet normal -0.454056 0 -0.890973
    outer loop
      vertex -5.30855 18.25 10.553
      vertex -5.15 19.45 10.4722
      vertex -5.15 18.25 10.4722
    endloop
  endfacet
  facet normal -0.454056 0 -0.890973
    outer loop
      vertex -5.15 19.45 10.4722
      vertex -5.30855 18.25 10.553
      vertex -5.30855 19.45 10.553
    endloop
  endfacet
  facet normal -0.838673 0 0.544635
    outer loop
      vertex -4.62467 18.25 8.00077
      vertex -4.52776 19.45 8.15
      vertex -4.62467 19.45 8.00077
    endloop
  endfacet
  facet normal -0.838673 0 0.544635
    outer loop
      vertex -4.52776 19.45 8.15
      vertex -4.62467 18.25 8.00077
      vertex -4.52776 18.25 8.15
    endloop
  endfacet
  facet normal -0.707107 0 0.707107
    outer loop
      vertex -4.86248 18.25 7.73665
      vertex -4.73665 19.45 7.86248
      vertex -4.86248 19.45 7.73665
    endloop
  endfacet
  facet normal -0.707107 0 0.707107
    outer loop
      vertex -4.73665 19.45 7.86248
      vertex -4.86248 18.25 7.73665
      vertex -4.73665 18.25 7.86248
    endloop
  endfacet
  facet normal 0.0523199 0 0.99863
    outer loop
      vertex -6.1777 19.45 7.30931
      vertex -6 18.25 7.3
      vertex -6 19.45 7.3
    endloop
  endfacet
  facet normal 0.0523199 0 0.99863
    outer loop
      vertex -6 18.25 7.3
      vertex -6.1777 19.45 7.30931
      vertex -6.1777 18.25 7.30931
    endloop
  endfacet
  facet normal -0.258792 0 0.965933
    outer loop
      vertex -5.64655 19.45 7.33715
      vertex -5.47467 18.25 7.3832
      vertex -5.47467 19.45 7.3832
    endloop
  endfacet
  facet normal -0.258792 0 0.965933
    outer loop
      vertex -5.47467 18.25 7.3832
      vertex -5.64655 19.45 7.33715
      vertex -5.64655 18.25 7.33715
    endloop
  endfacet
  facet normal -0.156456 0 0.987685
    outer loop
      vertex -5.8223 19.45 7.30931
      vertex -5.64655 18.25 7.33715
      vertex -5.64655 19.45 7.33715
    endloop
  endfacet
  facet normal -0.156456 0 0.987685
    outer loop
      vertex -5.64655 18.25 7.33715
      vertex -5.8223 19.45 7.30931
      vertex -5.8223 18.25 7.30931
    endloop
  endfacet
  facet normal -0.454012 0 0.890996
    outer loop
      vertex -5.30855 19.45 7.44697
      vertex -5.15 18.25 7.52776
      vertex -5.15 19.45 7.52776
    endloop
  endfacet
  facet normal -0.454012 0 0.890996
    outer loop
      vertex -5.15 18.25 7.52776
      vertex -5.30855 19.45 7.44697
      vertex -5.30855 18.25 7.44697
    endloop
  endfacet
  facet normal -0.629303 0 0.77716
    outer loop
      vertex -5.00077 19.45 7.62467
      vertex -4.86248 18.25 7.73665
      vertex -4.86248 19.45 7.73665
    endloop
  endfacet
  facet normal -0.629303 0 0.77716
    outer loop
      vertex -4.86248 18.25 7.73665
      vertex -5.00077 19.45 7.62467
      vertex -5.00077 18.25 7.62467
    endloop
  endfacet
  facet normal 0.99863 -0 0.0523199
    outer loop
      vertex -7.7 18.25 9
      vertex -7.69069 19.45 8.8223
      vertex -7.7 19.45 9
    endloop
  endfacet
  facet normal 0.99863 0 0.0523199
    outer loop
      vertex -7.69069 19.45 8.8223
      vertex -7.7 18.25 9
      vertex -7.69069 18.25 8.8223
    endloop
  endfacet
  facet normal 0.933576 -0 0.35838
    outer loop
      vertex -7.6168 18.25 8.47467
      vertex -7.55303 19.45 8.30855
      vertex -7.6168 19.45 8.47467
    endloop
  endfacet
  facet normal 0.933576 0 0.35838
    outer loop
      vertex -7.55303 19.45 8.30855
      vertex -7.6168 18.25 8.47467
      vertex -7.55303 18.25 8.30855
    endloop
  endfacet
  facet normal 0.965933 -0 0.258792
    outer loop
      vertex -7.66285 18.25 8.64655
      vertex -7.6168 19.45 8.47467
      vertex -7.66285 19.45 8.64655
    endloop
  endfacet
  facet normal 0.965933 0 0.258792
    outer loop
      vertex -7.6168 19.45 8.47467
      vertex -7.66285 18.25 8.64655
      vertex -7.6168 18.25 8.47467
    endloop
  endfacet
  facet normal 0.838673 -0 0.544635
    outer loop
      vertex -7.47224 18.25 8.15
      vertex -7.37533 19.45 8.00077
      vertex -7.47224 19.45 8.15
    endloop
  endfacet
  facet normal 0.838673 0 0.544635
    outer loop
      vertex -7.37533 19.45 8.00077
      vertex -7.47224 18.25 8.15
      vertex -7.37533 18.25 8.00077
    endloop
  endfacet
  facet normal 0.258792 0 0.965933
    outer loop
      vertex -6.52533 19.45 7.3832
      vertex -6.35345 18.25 7.33715
      vertex -6.35345 19.45 7.33715
    endloop
  endfacet
  facet normal 0.258792 0 0.965933
    outer loop
      vertex -6.35345 18.25 7.33715
      vertex -6.52533 19.45 7.3832
      vertex -6.52533 18.25 7.3832
    endloop
  endfacet
  facet normal 0.544635 0 0.838673
    outer loop
      vertex -6.99923 19.45 7.62467
      vertex -6.85 18.25 7.52776
      vertex -6.85 19.45 7.52776
    endloop
  endfacet
  facet normal 0.544635 0 0.838673
    outer loop
      vertex -6.85 18.25 7.52776
      vertex -6.99923 19.45 7.62467
      vertex -6.99923 18.25 7.62467
    endloop
  endfacet
  facet normal 0.629303 0 0.77716
    outer loop
      vertex -7.13752 19.45 7.73665
      vertex -6.99923 18.25 7.62467
      vertex -6.99923 19.45 7.62467
    endloop
  endfacet
  facet normal 0.629303 0 0.77716
    outer loop
      vertex -6.99923 18.25 7.62467
      vertex -7.13752 19.45 7.73665
      vertex -7.13752 18.25 7.73665
    endloop
  endfacet
  facet normal 0.454012 0 0.890996
    outer loop
      vertex -6.85 19.45 7.52776
      vertex -6.69145 18.25 7.44697
      vertex -6.69145 19.45 7.44697
    endloop
  endfacet
  facet normal 0.454012 0 0.890996
    outer loop
      vertex -6.69145 18.25 7.44697
      vertex -6.85 19.45 7.52776
      vertex -6.85 18.25 7.52776
    endloop
  endfacet
  facet normal 0.707107 -0 0.707107
    outer loop
      vertex -7.26335 18.25 7.86248
      vertex -7.13752 19.45 7.73665
      vertex -7.26335 19.45 7.86248
    endloop
  endfacet
  facet normal 0.707107 0 0.707107
    outer loop
      vertex -7.13752 19.45 7.73665
      vertex -7.26335 18.25 7.86248
      vertex -7.13752 18.25 7.73665
    endloop
  endfacet
  facet normal -0.99863 0 0.0523199
    outer loop
      vertex -4.30931 18.25 8.8223
      vertex -4.3 19.45 9
      vertex -4.30931 19.45 8.8223
    endloop
  endfacet
  facet normal -0.99863 0 0.0523199
    outer loop
      vertex -4.3 19.45 9
      vertex -4.30931 18.25 8.8223
      vertex -4.3 18.25 9
    endloop
  endfacet
  facet normal -0.965933 0 -0.258792
    outer loop
      vertex -4.33715 18.25 9.35345
      vertex -4.3832 19.45 9.52533
      vertex -4.33715 19.45 9.35345
    endloop
  endfacet
  facet normal -0.965933 -0 -0.258792
    outer loop
      vertex -4.3832 19.45 9.52533
      vertex -4.33715 18.25 9.35345
      vertex -4.3832 18.25 9.52533
    endloop
  endfacet
  facet normal 0.890996 0 -0.454012
    outer loop
      vertex -7.47224 18.25 9.85
      vertex -7.55303 19.45 9.69145
      vertex -7.47224 19.45 9.85
    endloop
  endfacet
  facet normal 0.890996 0 -0.454012
    outer loop
      vertex -7.55303 19.45 9.69145
      vertex -7.47224 18.25 9.85
      vertex -7.55303 18.25 9.69145
    endloop
  endfacet
  facet normal -0.156237 0 -0.98772
    outer loop
      vertex -5.8223 18.25 10.6907
      vertex -5.64655 19.45 10.6629
      vertex -5.64655 18.25 10.6629
    endloop
  endfacet
  facet normal -0.156237 0 -0.98772
    outer loop
      vertex -5.64655 19.45 10.6629
      vertex -5.8223 18.25 10.6907
      vertex -5.8223 19.45 10.6907
    endloop
  endfacet
  facet normal -0.933576 0 0.35838
    outer loop
      vertex -4.44697 18.25 8.30855
      vertex -4.3832 19.45 8.47467
      vertex -4.44697 19.45 8.30855
    endloop
  endfacet
  facet normal -0.933576 0 0.35838
    outer loop
      vertex -4.3832 19.45 8.47467
      vertex -4.44697 18.25 8.30855
      vertex -4.3832 18.25 8.47467
    endloop
  endfacet
  facet normal -0.965933 0 0.258792
    outer loop
      vertex -4.3832 18.25 8.47467
      vertex -4.33715 19.45 8.64655
      vertex -4.3832 19.45 8.47467
    endloop
  endfacet
  facet normal -0.965933 0 0.258792
    outer loop
      vertex -4.33715 19.45 8.64655
      vertex -4.3832 18.25 8.47467
      vertex -4.33715 18.25 8.64655
    endloop
  endfacet
  facet normal -0.77716 0 0.629303
    outer loop
      vertex -4.73665 18.25 7.86248
      vertex -4.62467 19.45 8.00077
      vertex -4.73665 19.45 7.86248
    endloop
  endfacet
  facet normal -0.77716 0 0.629303
    outer loop
      vertex -4.62467 19.45 8.00077
      vertex -4.73665 18.25 7.86248
      vertex -4.62467 18.25 8.00077
    endloop
  endfacet
  facet normal -0.0523199 0 0.99863
    outer loop
      vertex -6 19.45 7.3
      vertex -5.8223 18.25 7.30931
      vertex -5.8223 19.45 7.30931
    endloop
  endfacet
  facet normal -0.0523199 0 0.99863
    outer loop
      vertex -5.8223 18.25 7.30931
      vertex -6 19.45 7.3
      vertex -6 18.25 7.3
    endloop
  endfacet
  facet normal -0.777115 0 -0.629358
    outer loop
      vertex -4.62467 18.25 9.99923
      vertex -4.73665 19.45 10.1375
      vertex -4.62467 19.45 9.99923
    endloop
  endfacet
  facet normal -0.777115 -0 -0.629358
    outer loop
      vertex -4.73665 19.45 10.1375
      vertex -4.62467 18.25 9.99923
      vertex -4.73665 18.25 10.1375
    endloop
  endfacet
  facet normal -0.890996 0 -0.454012
    outer loop
      vertex -4.44697 18.25 9.69145
      vertex -4.52776 19.45 9.85
      vertex -4.44697 19.45 9.69145
    endloop
  endfacet
  facet normal -0.890996 -0 -0.454012
    outer loop
      vertex -4.52776 19.45 9.85
      vertex -4.44697 18.25 9.69145
      vertex -4.52776 18.25 9.85
    endloop
  endfacet
  facet normal -0.838673 0 -0.544635
    outer loop
      vertex -4.52776 18.25 9.85
      vertex -4.62467 19.45 9.99923
      vertex -4.52776 19.45 9.85
    endloop
  endfacet
  facet normal -0.838673 -0 -0.544635
    outer loop
      vertex -4.62467 19.45 9.99923
      vertex -4.52776 18.25 9.85
      vertex -4.62467 18.25 9.99923
    endloop
  endfacet
  facet normal 0.0522639 0 -0.998633
    outer loop
      vertex -6.1777 18.25 10.6907
      vertex -6 19.45 10.7
      vertex -6 18.25 10.7
    endloop
  endfacet
  facet normal 0.0522639 0 -0.998633
    outer loop
      vertex -6 19.45 10.7
      vertex -6.1777 18.25 10.6907
      vertex -6.1777 19.45 10.6907
    endloop
  endfacet
  facet normal 0.99863 0 -0.0523199
    outer loop
      vertex -7.69069 18.25 9.1777
      vertex -7.7 19.45 9
      vertex -7.69069 19.45 9.1777
    endloop
  endfacet
  facet normal 0.99863 0 -0.0523199
    outer loop
      vertex -7.7 19.45 9
      vertex -7.69069 18.25 9.1777
      vertex -7.7 18.25 9
    endloop
  endfacet
  facet normal 0.933576 0 -0.35838
    outer loop
      vertex -7.55303 18.25 9.69145
      vertex -7.6168 19.45 9.52533
      vertex -7.55303 19.45 9.69145
    endloop
  endfacet
  facet normal 0.933576 0 -0.35838
    outer loop
      vertex -7.6168 19.45 9.52533
      vertex -7.55303 18.25 9.69145
      vertex -7.6168 18.25 9.52533
    endloop
  endfacet
  facet normal 0.965933 0 -0.258792
    outer loop
      vertex -7.6168 18.25 9.52533
      vertex -7.66285 19.45 9.35345
      vertex -7.6168 19.45 9.52533
    endloop
  endfacet
  facet normal 0.965933 0 -0.258792
    outer loop
      vertex -7.66285 19.45 9.35345
      vertex -7.6168 18.25 9.52533
      vertex -7.66285 18.25 9.35345
    endloop
  endfacet
  facet normal -0.358527 0 -0.933519
    outer loop
      vertex -5.47467 18.25 10.6168
      vertex -5.30855 19.45 10.553
      vertex -5.30855 18.25 10.553
    endloop
  endfacet
  facet normal -0.358527 0 -0.933519
    outer loop
      vertex -5.30855 19.45 10.553
      vertex -5.47467 18.25 10.6168
      vertex -5.47467 19.45 10.6168
    endloop
  endfacet
  facet normal -0.259054 0 -0.965863
    outer loop
      vertex -5.64655 18.25 10.6629
      vertex -5.47467 19.45 10.6168
      vertex -5.47467 18.25 10.6168
    endloop
  endfacet
  facet normal -0.259054 0 -0.965863
    outer loop
      vertex -5.47467 19.45 10.6168
      vertex -5.64655 18.25 10.6629
      vertex -5.64655 19.45 10.6629
    endloop
  endfacet
  facet normal -0.987685 0 -0.156456
    outer loop
      vertex -4.30931 18.25 9.1777
      vertex -4.33715 19.45 9.35345
      vertex -4.30931 19.45 9.1777
    endloop
  endfacet
  facet normal -0.987685 -0 -0.156456
    outer loop
      vertex -4.33715 19.45 9.35345
      vertex -4.30931 18.25 9.1777
      vertex -4.33715 18.25 9.35345
    endloop
  endfacet
  facet normal -0.629371 0 -0.777105
    outer loop
      vertex -5.00077 18.25 10.3753
      vertex -4.86248 19.45 10.2633
      vertex -4.86248 18.25 10.2633
    endloop
  endfacet
  facet normal -0.629371 0 -0.777105
    outer loop
      vertex -4.86248 19.45 10.2633
      vertex -5.00077 18.25 10.3753
      vertex -5.00077 19.45 10.3753
    endloop
  endfacet
  facet normal -0.933576 0 -0.35838
    outer loop
      vertex -4.3832 18.25 9.52533
      vertex -4.44697 19.45 9.69145
      vertex -4.3832 19.45 9.52533
    endloop
  endfacet
  facet normal -0.933576 -0 -0.35838
    outer loop
      vertex -4.44697 19.45 9.69145
      vertex -4.3832 18.25 9.52533
      vertex -4.44697 18.25 9.69145
    endloop
  endfacet
  facet normal -0.0522639 0 -0.998633
    outer loop
      vertex -6 18.25 10.7
      vertex -5.8223 19.45 10.6907
      vertex -5.8223 18.25 10.6907
    endloop
  endfacet
  facet normal -0.0522639 0 -0.998633
    outer loop
      vertex -5.8223 19.45 10.6907
      vertex -6 18.25 10.7
      vertex -6 19.45 10.7
    endloop
  endfacet
  facet normal 0.777115 0 -0.629358
    outer loop
      vertex -7.26335 18.25 10.1375
      vertex -7.37533 19.45 9.99923
      vertex -7.26335 19.45 10.1375
    endloop
  endfacet
  facet normal 0.777115 0 -0.629358
    outer loop
      vertex -7.37533 19.45 9.99923
      vertex -7.26335 18.25 10.1375
      vertex -7.37533 18.25 9.99923
    endloop
  endfacet
  facet normal 0.707022 0 -0.707191
    outer loop
      vertex -7.13752 18.25 10.2633
      vertex -7.26335 19.45 10.1375
      vertex -7.13752 19.45 10.2633
    endloop
  endfacet
  facet normal 0.707022 0 -0.707191
    outer loop
      vertex -7.26335 19.45 10.1375
      vertex -7.13752 18.25 10.2633
      vertex -7.26335 18.25 10.1375
    endloop
  endfacet
  facet normal 0.987685 0 -0.156456
    outer loop
      vertex -7.66285 18.25 9.35345
      vertex -7.69069 19.45 9.1777
      vertex -7.66285 19.45 9.35345
    endloop
  endfacet
  facet normal 0.987685 0 -0.156456
    outer loop
      vertex -7.69069 19.45 9.1777
      vertex -7.66285 18.25 9.35345
      vertex -7.69069 18.25 9.1777
    endloop
  endfacet
  facet normal -0.707022 0 -0.707191
    outer loop
      vertex -4.73665 18.25 10.1375
      vertex -4.86248 19.45 10.2633
      vertex -4.73665 19.45 10.1375
    endloop
  endfacet
  facet normal -0.707022 -0 -0.707191
    outer loop
      vertex -4.86248 19.45 10.2633
      vertex -4.73665 18.25 10.1375
      vertex -4.86248 18.25 10.2633
    endloop
  endfacet
  facet normal -0.544595 0 -0.838699
    outer loop
      vertex -5.15 18.25 10.4722
      vertex -5.00077 19.45 10.3753
      vertex -5.00077 18.25 10.3753
    endloop
  endfacet
  facet normal -0.544595 0 -0.838699
    outer loop
      vertex -5.00077 19.45 10.3753
      vertex -5.15 18.25 10.4722
      vertex -5.15 19.45 10.4722
    endloop
  endfacet
  facet normal 0.454056 0 -0.890973
    outer loop
      vertex -6.85 18.25 10.4722
      vertex -6.69145 19.45 10.553
      vertex -6.69145 18.25 10.553
    endloop
  endfacet
  facet normal 0.454056 0 -0.890973
    outer loop
      vertex -6.69145 19.45 10.553
      vertex -6.85 18.25 10.4722
      vertex -6.85 19.45 10.4722
    endloop
  endfacet
  facet normal 0.838673 0 -0.544635
    outer loop
      vertex -7.37533 18.25 9.99923
      vertex -7.47224 19.45 9.85
      vertex -7.37533 19.45 9.99923
    endloop
  endfacet
  facet normal 0.838673 0 -0.544635
    outer loop
      vertex -7.47224 19.45 9.85
      vertex -7.37533 18.25 9.99923
      vertex -7.47224 18.25 9.85
    endloop
  endfacet
  facet normal 0.544595 0 -0.838699
    outer loop
      vertex -6.99923 18.25 10.3753
      vertex -6.85 19.45 10.4722
      vertex -6.85 18.25 10.4722
    endloop
  endfacet
  facet normal 0.544595 0 -0.838699
    outer loop
      vertex -6.85 19.45 10.4722
      vertex -6.99923 18.25 10.3753
      vertex -6.99923 19.45 10.3753
    endloop
  endfacet
  facet normal 0.629371 0 -0.777105
    outer loop
      vertex -7.13752 18.25 10.2633
      vertex -6.99923 19.45 10.3753
      vertex -6.99923 18.25 10.3753
    endloop
  endfacet
  facet normal 0.629371 0 -0.777105
    outer loop
      vertex -6.99923 19.45 10.3753
      vertex -7.13752 18.25 10.2633
      vertex -7.13752 19.45 10.2633
    endloop
  endfacet
  facet normal 0.358527 0 -0.933519
    outer loop
      vertex -6.69145 18.25 10.553
      vertex -6.52533 19.45 10.6168
      vertex -6.52533 18.25 10.6168
    endloop
  endfacet
  facet normal 0.358527 0 -0.933519
    outer loop
      vertex -6.52533 19.45 10.6168
      vertex -6.69145 18.25 10.553
      vertex -6.69145 19.45 10.553
    endloop
  endfacet
  facet normal 0.156237 0 -0.98772
    outer loop
      vertex -6.35345 18.25 10.6629
      vertex -6.1777 19.45 10.6907
      vertex -6.1777 18.25 10.6907
    endloop
  endfacet
  facet normal 0.156237 0 -0.98772
    outer loop
      vertex -6.1777 19.45 10.6907
      vertex -6.35345 18.25 10.6629
      vertex -6.35345 19.45 10.6629
    endloop
  endfacet
  facet normal 0.259054 0 -0.965863
    outer loop
      vertex -6.52533 18.25 10.6168
      vertex -6.35345 19.45 10.6629
      vertex -6.35345 18.25 10.6629
    endloop
  endfacet
  facet normal 0.259054 0 -0.965863
    outer loop
      vertex -6.35345 19.45 10.6629
      vertex -6.52533 18.25 10.6168
      vertex -6.52533 19.45 10.6168
    endloop
  endfacet
  facet normal -0.774228 -0.631606 0.0405631
    outer loop
      vertex -2.83207 16.45 8.99065
      vertex -4.3 18.25 9
      vertex -4.30931 18.25 8.8223
    endloop
  endfacet
  facet normal -0.774227 -0.631606 0.0405745
    outer loop
      vertex -4.3 18.25 9
      vertex -2.83207 16.45 8.99065
      vertex -2.83158 16.45 9
    endloop
  endfacet
  facet normal -0.774228 -0.631605 0.040583
    outer loop
      vertex -2.84894 16.45 8.66881
      vertex -2.83207 16.45 8.99065
      vertex -4.30931 18.25 8.8223
    endloop
  endfacet
  facet normal 0.548195 -0.631617 -0.548218
    outer loop
      vertex -8.3546 16.45 11.1201
      vertex -7.13752 18.25 10.2633
      vertex -8.12009 16.45 11.3546
    endloop
  endfacet
  facet normal 0.548145 -0.63161 -0.548275
    outer loop
      vertex -7.13752 18.25 10.2633
      vertex -8.3546 16.45 11.1201
      vertex -7.26335 18.25 10.1375
    endloop
  endfacet
  facet normal -0.602559 -0.63161 -0.487844
    outer loop
      vertex -3.44259 16.45 10.8696
      vertex -3.6454 16.45 11.1201
      vertex -4.73665 18.25 10.1375
    endloop
  endfacet
  facet normal -0.487893 -0.631607 0.602523
    outer loop
      vertex -4.13037 16.45 6.44259
      vertex -3.87991 16.45 6.6454
      vertex -4.86248 18.25 7.73665
    endloop
  endfacet
  facet normal 0.548212 -0.631607 0.548212
    outer loop
      vertex -8.3546 16.45 6.87991
      vertex -7.13752 18.25 7.73665
      vertex -7.26335 18.25 7.86248
    endloop
  endfacet
  facet normal 0.548212 -0.631607 0.548212
    outer loop
      vertex -7.13752 18.25 7.73665
      vertex -8.3546 16.45 6.87991
      vertex -8.12009 16.45 6.6454
    endloop
  endfacet
  facet normal 0.774227 -0.631606 0.0405745
    outer loop
      vertex -9.16793 16.45 8.99065
      vertex -7.7 18.25 9
      vertex -9.16842 16.45 9
    endloop
  endfacet
  facet normal 0.774228 -0.631606 0.0405631
    outer loop
      vertex -7.7 18.25 9
      vertex -9.16793 16.45 8.99065
      vertex -7.69069 18.25 8.8223
    endloop
  endfacet
  facet normal -0.548212 -0.631607 0.548212
    outer loop
      vertex -4.86248 18.25 7.73665
      vertex -3.6454 16.45 6.87991
      vertex -4.73665 18.25 7.86248
    endloop
  endfacet
  facet normal -0.548212 -0.631607 0.548212
    outer loop
      vertex -3.6454 16.45 6.87991
      vertex -4.86248 18.25 7.73665
      vertex -3.87991 16.45 6.6454
    endloop
  endfacet
  facet normal -0.487892 -0.631607 0.602523
    outer loop
      vertex -5.00077 18.25 7.62467
      vertex -4.13037 16.45 6.44259
      vertex -4.86248 18.25 7.73665
    endloop
  endfacet
  facet normal -0.488147 -0.631599 0.602324
    outer loop
      vertex -4.13037 16.45 6.44259
      vertex -5.00077 18.25 7.62467
      vertex -4.13765 16.45 6.43669
    endloop
  endfacet
  facet normal -0.422238 -0.631607 0.650221
    outer loop
      vertex -4.40794 16.45 6.26117
      vertex -4.13765 16.45 6.43669
      vertex -5.00077 18.25 7.62467
    endloop
  endfacet
  facet normal -0.72368 -0.631574 0.278211
    outer loop
      vertex -2.98665 16.45 8.0209
      vertex -4.44697 18.25 8.30855
      vertex -2.99001 16.45 8.01216
    endloop
  endfacet
  facet normal -0.723792 -0.631606 0.277848
    outer loop
      vertex -4.44697 18.25 8.30855
      vertex -2.98665 16.45 8.0209
      vertex -4.3832 18.25 8.47467
    endloop
  endfacet
  facet normal -0.690784 -0.631606 0.351983
    outer loop
      vertex -3.25182 16.45 7.42413
      vertex -3.1055 16.45 7.71129
      vertex -4.44697 18.25 8.30855
    endloop
  endfacet
  facet normal 0.651232 -0.631781 -0.420416
    outer loop
      vertex -8.74393 16.45 10.5842
      vertex -7.37533 18.25 9.99923
      vertex -8.73883 16.45 10.5921
    endloop
  endfacet
  facet normal 0.650216 -0.631605 -0.42225
    outer loop
      vertex -7.37533 18.25 9.99923
      vertex -8.74393 16.45 10.5842
      vertex -7.47224 18.25 9.85
    endloop
  endfacet
  facet normal 0.765673 -0.631616 -0.12168
    outer loop
      vertex -9.10065 16.45 9.6495
      vertex -7.66285 18.25 9.35345
      vertex -9.09918 16.45 9.65875
    endloop
  endfacet
  facet normal 0.765741 -0.631607 -0.121299
    outer loop
      vertex -7.66285 18.25 9.35345
      vertex -9.10065 16.45 9.6495
      vertex -7.69069 18.25 9.1777
    endloop
  endfacet
  facet normal 0.748874 -0.631606 -0.200654
    outer loop
      vertex -7.66285 18.25 9.35345
      vertex -9.01577 16.45 9.97005
      vertex -9.09918 16.45 9.65875
    endloop
  endfacet
  facet normal -0.422384 -0.631593 -0.65014
    outer loop
      vertex -4.41579 16.45 11.7439
      vertex -5.00077 18.25 10.3753
      vertex -4.40794 16.45 11.7388
    endloop
  endfacet
  facet normal -0.422217 -0.631609 -0.650232
    outer loop
      vertex -5.00077 18.25 10.3753
      vertex -4.41579 16.45 11.7439
      vertex -5.15 18.25 10.4722
    endloop
  endfacet
  facet normal -0.765748 -0.631605 -0.12127
    outer loop
      vertex -2.84894 16.45 9.33119
      vertex -2.89935 16.45 9.6495
      vertex -4.30931 18.25 9.1777
    endloop
  endfacet
  facet normal -0.116039 -0.631452 -0.766683
    outer loop
      vertex -5.3505 16.45 12.1006
      vertex -5.64655 18.25 10.6629
      vertex -5.34125 16.45 12.0992
    endloop
  endfacet
  facet normal -0.121132 -0.631578 -0.765792
    outer loop
      vertex -5.64655 18.25 10.6629
      vertex -5.3505 16.45 12.1006
      vertex -5.8223 18.25 10.6907
    endloop
  endfacet
  facet normal -0.200633 -0.631599 -0.748886
    outer loop
      vertex -5.02995 16.45 12.0158
      vertex -5.34125 16.45 12.0992
      vertex -5.64655 18.25 10.6629
    endloop
  endfacet
  facet normal -0.774228 -0.631605 -0.040583
    outer loop
      vertex -2.83207 16.45 9.00935
      vertex -2.84894 16.45 9.33119
      vertex -4.30931 18.25 9.1777
    endloop
  endfacet
  facet normal -0.774227 -0.631606 -0.0405745
    outer loop
      vertex -2.83207 16.45 9.00935
      vertex -4.3 18.25 9
      vertex -2.83158 16.45 9
    endloop
  endfacet
  facet normal -0.774228 -0.631606 -0.0405631
    outer loop
      vertex -4.3 18.25 9
      vertex -2.83207 16.45 9.00935
      vertex -4.30931 18.25 9.1777
    endloop
  endfacet
  facet normal -0.765748 -0.631605 0.12127
    outer loop
      vertex -2.89935 16.45 8.3505
      vertex -2.84894 16.45 8.66881
      vertex -4.30931 18.25 8.8223
    endloop
  endfacet
  facet normal 0.774228 -0.631605 0.040583
    outer loop
      vertex -9.15106 16.45 8.66881
      vertex -7.69069 18.25 8.8223
      vertex -9.16793 16.45 8.99065
    endloop
  endfacet
  facet normal 0.12127 -0.631605 0.765748
    outer loop
      vertex -6.33119 16.45 5.84894
      vertex -6.1777 18.25 7.30931
      vertex -6.6495 16.45 5.89935
    endloop
  endfacet
  facet normal -0.0405631 -0.631606 0.774228
    outer loop
      vertex -6 18.25 7.3
      vertex -5.99065 16.45 5.83207
      vertex -5.8223 18.25 7.30931
    endloop
  endfacet
  facet normal -0.0405745 -0.631606 0.774227
    outer loop
      vertex -5.99065 16.45 5.83207
      vertex -6 18.25 7.3
      vertex -6 16.45 5.83158
    endloop
  endfacet
  facet normal -0.65014 -0.631593 0.422384
    outer loop
      vertex -3.25607 16.45 7.41579
      vertex -4.62467 18.25 8.00077
      vertex -3.26117 16.45 7.40794
    endloop
  endfacet
  facet normal -0.650215 -0.631606 0.422249
    outer loop
      vertex -4.62467 18.25 8.00077
      vertex -3.25607 16.45 7.41579
      vertex -4.52776 18.25 8.15
    endloop
  endfacet
  facet normal -0.765673 -0.631616 0.12168
    outer loop
      vertex -2.89935 16.45 8.3505
      vertex -4.33715 18.25 8.64655
      vertex -2.90082 16.45 8.34125
    endloop
  endfacet
  facet normal -0.765741 -0.631607 0.121299
    outer loop
      vertex -4.33715 18.25 8.64655
      vertex -2.89935 16.45 8.3505
      vertex -4.30931 18.25 8.8223
    endloop
  endfacet
  facet normal -0.748874 -0.631606 0.200654
    outer loop
      vertex -2.98423 16.45 8.02995
      vertex -2.90082 16.45 8.34125
      vertex -4.33715 18.25 8.64655
    endloop
  endfacet
  facet normal -0.723798 -0.631606 0.277832
    outer loop
      vertex -3.1055 16.45 7.71129
      vertex -2.99001 16.45 8.01216
      vertex -4.44697 18.25 8.30855
    endloop
  endfacet
  facet normal 0.602559 -0.63161 -0.487844
    outer loop
      vertex -7.26335 18.25 10.1375
      vertex -8.3546 16.45 11.1201
      vertex -8.55741 16.45 10.8696
    endloop
  endfacet
  facet normal 0.487873 -0.631616 -0.602528
    outer loop
      vertex -7.13752 18.25 10.2633
      vertex -7.86963 16.45 11.5574
      vertex -8.12009 16.45 11.3546
    endloop
  endfacet
  facet normal 0.72368 -0.631574 -0.278211
    outer loop
      vertex -9.01335 16.45 9.9791
      vertex -7.55303 18.25 9.69145
      vertex -9.00999 16.45 9.98784
    endloop
  endfacet
  facet normal 0.723792 -0.631606 -0.277848
    outer loop
      vertex -7.55303 18.25 9.69145
      vertex -9.01335 16.45 9.9791
      vertex -7.6168 18.25 9.52533
    endloop
  endfacet
  facet normal 0.774228 -0.631606 -0.0405631
    outer loop
      vertex -9.16793 16.45 9.00935
      vertex -7.7 18.25 9
      vertex -7.69069 18.25 9.1777
    endloop
  endfacet
  facet normal 0.774227 -0.631606 -0.0405745
    outer loop
      vertex -7.7 18.25 9
      vertex -9.16793 16.45 9.00935
      vertex -9.16842 16.45 9
    endloop
  endfacet
  facet normal 0.774228 -0.631605 -0.040583
    outer loop
      vertex -7.69069 18.25 9.1777
      vertex -9.15106 16.45 9.33119
      vertex -9.16793 16.45 9.00935
    endloop
  endfacet
  facet normal 0.765748 -0.631605 -0.12127
    outer loop
      vertex -7.69069 18.25 9.1777
      vertex -9.10065 16.45 9.6495
      vertex -9.15106 16.45 9.33119
    endloop
  endfacet
  facet normal -0.487873 -0.631616 -0.602528
    outer loop
      vertex -3.87991 16.45 11.3546
      vertex -4.13037 16.45 11.5574
      vertex -4.86248 18.25 10.2633
    endloop
  endfacet
  facet normal -0.548195 -0.631617 -0.548218
    outer loop
      vertex -4.86248 18.25 10.2633
      vertex -3.6454 16.45 11.1201
      vertex -3.87991 16.45 11.3546
    endloop
  endfacet
  facet normal -0.548145 -0.63161 -0.548275
    outer loop
      vertex -3.6454 16.45 11.1201
      vertex -4.86248 18.25 10.2633
      vertex -4.73665 18.25 10.1375
    endloop
  endfacet
  facet normal -0.690803 -0.631606 -0.351944
    outer loop
      vertex -3.1055 16.45 10.2887
      vertex -3.25182 16.45 10.5759
      vertex -4.44697 18.25 9.69145
    endloop
  endfacet
  facet normal -0.273757 -0.631958 -0.725042
    outer loop
      vertex -5.0209 16.45 12.0133
      vertex -5.30855 18.25 10.553
      vertex -5.01216 16.45 12.01
    endloop
  endfacet
  facet normal -0.277967 -0.631591 -0.723759
    outer loop
      vertex -5.30855 18.25 10.553
      vertex -5.0209 16.45 12.0133
      vertex -5.47467 18.25 10.6168
    endloop
  endfacet
  facet normal -0.0414013 -0.631579 -0.774205
    outer loop
      vertex -6 18.25 10.7
      vertex -5.99065 16.45 12.1679
      vertex -6 16.45 12.1684
    endloop
  endfacet
  facet normal -0.0405199 -0.631599 -0.774235
    outer loop
      vertex -5.99065 16.45 12.1679
      vertex -6 18.25 10.7
      vertex -5.8223 18.25 10.6907
    endloop
  endfacet
  facet normal -0.0404149 -0.631608 -0.774234
    outer loop
      vertex -5.8223 18.25 10.6907
      vertex -5.66881 16.45 12.1511
      vertex -5.99065 16.45 12.1679
    endloop
  endfacet
  facet normal -0.121481 -0.631607 -0.765712
    outer loop
      vertex -5.3505 16.45 12.1006
      vertex -5.66881 16.45 12.1511
      vertex -5.8223 18.25 10.6907
    endloop
  endfacet
  facet normal -0.765741 -0.631607 -0.121299
    outer loop
      vertex -2.89935 16.45 9.6495
      vertex -4.33715 18.25 9.35345
      vertex -4.30931 18.25 9.1777
    endloop
  endfacet
  facet normal -0.765673 -0.631616 -0.12168
    outer loop
      vertex -4.33715 18.25 9.35345
      vertex -2.89935 16.45 9.6495
      vertex -2.90082 16.45 9.65875
    endloop
  endfacet
  facet normal 0.765741 -0.631607 0.121299
    outer loop
      vertex -9.10065 16.45 8.3505
      vertex -7.66285 18.25 8.64655
      vertex -7.69069 18.25 8.8223
    endloop
  endfacet
  facet normal 0.765673 -0.631616 0.12168
    outer loop
      vertex -7.66285 18.25 8.64655
      vertex -9.10065 16.45 8.3505
      vertex -9.09918 16.45 8.34125
    endloop
  endfacet
  facet normal 0.602324 -0.631599 0.488147
    outer loop
      vertex -8.55741 16.45 7.13037
      vertex -7.37533 18.25 8.00077
      vertex -8.56331 16.45 7.13765
    endloop
  endfacet
  facet normal 0.602523 -0.631607 0.487892
    outer loop
      vertex -7.37533 18.25 8.00077
      vertex -8.55741 16.45 7.13037
      vertex -7.26335 18.25 7.86248
    endloop
  endfacet
  facet normal 0.602523 -0.631607 0.487893
    outer loop
      vertex -8.3546 16.45 6.87991
      vertex -7.26335 18.25 7.86248
      vertex -8.55741 16.45 7.13037
    endloop
  endfacet
  facet normal 0.487892 -0.631607 0.602523
    outer loop
      vertex -7.86963 16.45 6.44259
      vertex -6.99923 18.25 7.62467
      vertex -7.13752 18.25 7.73665
    endloop
  endfacet
  facet normal 0.488147 -0.631599 0.602324
    outer loop
      vertex -6.99923 18.25 7.62467
      vertex -7.86963 16.45 6.44259
      vertex -7.86235 16.45 6.43669
    endloop
  endfacet
  facet normal 0.121299 -0.631607 0.765741
    outer loop
      vertex -6.35345 18.25 7.33715
      vertex -6.6495 16.45 5.89935
      vertex -6.1777 18.25 7.30931
    endloop
  endfacet
  facet normal 0.12168 -0.631616 0.765673
    outer loop
      vertex -6.6495 16.45 5.89935
      vertex -6.35345 18.25 7.33715
      vertex -6.65875 16.45 5.90082
    endloop
  endfacet
  facet normal 0.200654 -0.631606 0.748874
    outer loop
      vertex -6.65875 16.45 5.90082
      vertex -6.35345 18.25 7.33715
      vertex -6.97005 16.45 5.98423
    endloop
  endfacet
  facet normal 0.200639 -0.631604 0.748879
    outer loop
      vertex -6.52533 18.25 7.3832
      vertex -6.97005 16.45 5.98423
      vertex -6.35345 18.25 7.33715
    endloop
  endfacet
  facet normal 0.20028 -0.631596 0.748982
    outer loop
      vertex -6.97005 16.45 5.98423
      vertex -6.52533 18.25 7.3832
      vertex -6.9791 16.45 5.98665
    endloop
  endfacet
  facet normal 0.040583 -0.631605 0.774228
    outer loop
      vertex -6.00935 16.45 5.83207
      vertex -6.1777 18.25 7.30931
      vertex -6.33119 16.45 5.84894
    endloop
  endfacet
  facet normal -0.277832 -0.631606 0.723798
    outer loop
      vertex -5.01216 16.45 5.99001
      vertex -4.71129 16.45 6.1055
      vertex -5.30855 18.25 7.44697
    endloop
  endfacet
  facet normal -0.040583 -0.631605 0.774228
    outer loop
      vertex -5.66881 16.45 5.84894
      vertex -5.8223 18.25 7.30931
      vertex -5.99065 16.45 5.83207
    endloop
  endfacet
  facet normal -0.12127 -0.631605 0.765748
    outer loop
      vertex -5.66881 16.45 5.84894
      vertex -5.3505 16.45 5.89935
      vertex -5.8223 18.25 7.30931
    endloop
  endfacet
  facet normal 0.0405745 -0.631606 0.774227
    outer loop
      vertex -6 18.25 7.3
      vertex -6.00935 16.45 5.83207
      vertex -6 16.45 5.83158
    endloop
  endfacet
  facet normal 0.0405631 -0.631606 0.774228
    outer loop
      vertex -6.00935 16.45 5.83207
      vertex -6 18.25 7.3
      vertex -6.1777 18.25 7.30931
    endloop
  endfacet
  facet normal -0.602523 -0.631607 0.487892
    outer loop
      vertex -3.44259 16.45 7.13037
      vertex -4.62467 18.25 8.00077
      vertex -4.73665 18.25 7.86248
    endloop
  endfacet
  facet normal -0.602324 -0.631599 0.488147
    outer loop
      vertex -4.62467 18.25 8.00077
      vertex -3.44259 16.45 7.13037
      vertex -3.43669 16.45 7.13765
    endloop
  endfacet
  facet normal -0.650221 -0.631607 0.422238
    outer loop
      vertex -3.43669 16.45 7.13765
      vertex -3.26117 16.45 7.40794
      vertex -4.62467 18.25 8.00077
    endloop
  endfacet
  facet normal -0.602523 -0.631607 0.487893
    outer loop
      vertex -3.6454 16.45 6.87991
      vertex -3.44259 16.45 7.13037
      vertex -4.73665 18.25 7.86248
    endloop
  endfacet
  facet normal -0.690768 -0.631607 0.35201
    outer loop
      vertex -3.25182 16.45 7.42413
      vertex -4.52776 18.25 8.15
      vertex -3.25607 16.45 7.41579
    endloop
  endfacet
  facet normal -0.690779 -0.631607 0.35199
    outer loop
      vertex -4.52776 18.25 8.15
      vertex -3.25182 16.45 7.42413
      vertex -4.44697 18.25 8.30855
    endloop
  endfacet
  facet normal -0.748982 -0.631596 0.20028
    outer loop
      vertex -2.98423 16.45 8.02995
      vertex -4.3832 18.25 8.47467
      vertex -2.98665 16.45 8.0209
    endloop
  endfacet
  facet normal -0.748879 -0.631604 0.200639
    outer loop
      vertex -4.3832 18.25 8.47467
      vertex -2.98423 16.45 8.02995
      vertex -4.33715 18.25 8.64655
    endloop
  endfacet
  facet normal 0.0414013 -0.631579 -0.774205
    outer loop
      vertex -6.00935 16.45 12.1679
      vertex -6 18.25 10.7
      vertex -6 16.45 12.1684
    endloop
  endfacet
  facet normal 0.0405199 -0.631599 -0.774235
    outer loop
      vertex -6 18.25 10.7
      vertex -6.00935 16.45 12.1679
      vertex -6.1777 18.25 10.6907
    endloop
  endfacet
  facet normal 0.121481 -0.631607 -0.765712
    outer loop
      vertex -6.1777 18.25 10.6907
      vertex -6.33119 16.45 12.1511
      vertex -6.6495 16.45 12.1006
    endloop
  endfacet
  facet normal 0.0404149 -0.631608 -0.774234
    outer loop
      vertex -6.1777 18.25 10.6907
      vertex -6.00935 16.45 12.1679
      vertex -6.33119 16.45 12.1511
    endloop
  endfacet
  facet normal 0.690803 -0.631606 -0.351944
    outer loop
      vertex -7.55303 18.25 9.69145
      vertex -8.74818 16.45 10.5759
      vertex -8.8945 16.45 10.2887
    endloop
  endfacet
  facet normal 0.723795 -0.631605 -0.277841
    outer loop
      vertex -7.55303 18.25 9.69145
      vertex -8.8945 16.45 10.2887
      vertex -9.00999 16.45 9.98784
    endloop
  endfacet
  facet normal 0.650224 -0.631613 -0.422224
    outer loop
      vertex -7.37533 18.25 9.99923
      vertex -8.56331 16.45 10.8624
      vertex -8.73883 16.45 10.5921
    endloop
  endfacet
  facet normal 0.599741 -0.631494 -0.491454
    outer loop
      vertex -7.37533 18.25 9.99923
      vertex -8.55741 16.45 10.8696
      vertex -8.56331 16.45 10.8624
    endloop
  endfacet
  facet normal 0.602493 -0.631601 -0.487938
    outer loop
      vertex -8.55741 16.45 10.8696
      vertex -7.37533 18.25 9.99923
      vertex -7.26335 18.25 10.1375
    endloop
  endfacet
  facet normal 0.748982 -0.631596 -0.20028
    outer loop
      vertex -9.01577 16.45 9.97005
      vertex -7.6168 18.25 9.52533
      vertex -9.01335 16.45 9.9791
    endloop
  endfacet
  facet normal 0.748879 -0.631604 -0.200639
    outer loop
      vertex -7.6168 18.25 9.52533
      vertex -9.01577 16.45 9.97005
      vertex -7.66285 18.25 9.35345
    endloop
  endfacet
  facet normal -0.650224 -0.631613 -0.422224
    outer loop
      vertex -3.26117 16.45 10.5921
      vertex -3.43669 16.45 10.8624
      vertex -4.62467 18.25 9.99923
    endloop
  endfacet
  facet normal -0.690777 -0.63161 -0.351989
    outer loop
      vertex -3.25182 16.45 10.5759
      vertex -4.52776 18.25 9.85
      vertex -4.44697 18.25 9.69145
    endloop
  endfacet
  facet normal -0.690055 -0.631644 -0.353341
    outer loop
      vertex -4.52776 18.25 9.85
      vertex -3.25182 16.45 10.5759
      vertex -3.25607 16.45 10.5842
    endloop
  endfacet
  facet normal -0.650216 -0.631605 -0.42225
    outer loop
      vertex -3.25607 16.45 10.5842
      vertex -4.62467 18.25 9.99923
      vertex -4.52776 18.25 9.85
    endloop
  endfacet
  facet normal -0.651232 -0.631781 -0.420416
    outer loop
      vertex -4.62467 18.25 9.99923
      vertex -3.25607 16.45 10.5842
      vertex -3.26117 16.45 10.5921
    endloop
  endfacet
  facet normal -0.723795 -0.631605 -0.277841
    outer loop
      vertex -2.99001 16.45 9.98784
      vertex -3.1055 16.45 10.2887
      vertex -4.44697 18.25 9.69145
    endloop
  endfacet
  facet normal -0.723792 -0.631606 -0.277848
    outer loop
      vertex -2.98665 16.45 9.9791
      vertex -4.44697 18.25 9.69145
      vertex -4.3832 18.25 9.52533
    endloop
  endfacet
  facet normal -0.72368 -0.631574 -0.278211
    outer loop
      vertex -4.44697 18.25 9.69145
      vertex -2.98665 16.45 9.9791
      vertex -2.99001 16.45 9.98784
    endloop
  endfacet
  facet normal -0.351942 -0.631614 -0.690797
    outer loop
      vertex -4.42413 16.45 11.7482
      vertex -4.71129 16.45 11.8945
      vertex -5.30855 18.25 10.553
    endloop
  endfacet
  facet normal -0.277851 -0.631614 -0.723784
    outer loop
      vertex -4.71129 16.45 11.8945
      vertex -5.01216 16.45 12.01
      vertex -5.30855 18.25 10.553
    endloop
  endfacet
  facet normal -0.422203 -0.63161 -0.650241
    outer loop
      vertex -4.13765 16.45 11.5633
      vertex -4.40794 16.45 11.7388
      vertex -5.00077 18.25 10.3753
    endloop
  endfacet
  facet normal -0.488145 -0.631603 -0.602322
    outer loop
      vertex -5.00077 18.25 10.3753
      vertex -4.13037 16.45 11.5574
      vertex -4.13765 16.45 11.5633
    endloop
  endfacet
  facet normal -0.487943 -0.631609 -0.602479
    outer loop
      vertex -4.13037 16.45 11.5574
      vertex -5.00077 18.25 10.3753
      vertex -4.86248 18.25 10.2633
    endloop
  endfacet
  facet normal -0.206408 -0.631736 -0.747198
    outer loop
      vertex -5.02995 16.45 12.0158
      vertex -5.47467 18.25 10.6168
      vertex -5.0209 16.45 12.0133
    endloop
  endfacet
  facet normal -0.20084 -0.631617 -0.748815
    outer loop
      vertex -5.47467 18.25 10.6168
      vertex -5.02995 16.45 12.0158
      vertex -5.64655 18.25 10.6629
    endloop
  endfacet
  facet normal -0.748879 -0.631604 -0.200639
    outer loop
      vertex -2.98423 16.45 9.97005
      vertex -4.3832 18.25 9.52533
      vertex -4.33715 18.25 9.35345
    endloop
  endfacet
  facet normal -0.748982 -0.631596 -0.20028
    outer loop
      vertex -4.3832 18.25 9.52533
      vertex -2.98423 16.45 9.97005
      vertex -2.98665 16.45 9.9791
    endloop
  endfacet
  facet normal -0.748874 -0.631606 -0.200654
    outer loop
      vertex -2.90082 16.45 9.65875
      vertex -2.98423 16.45 9.97005
      vertex -4.33715 18.25 9.35345
    endloop
  endfacet
  facet normal 0.765748 -0.631605 0.12127
    outer loop
      vertex -9.10065 16.45 8.3505
      vertex -7.69069 18.25 8.8223
      vertex -9.15106 16.45 8.66881
    endloop
  endfacet
  facet normal 0.748874 -0.631606 0.200654
    outer loop
      vertex -9.01577 16.45 8.02995
      vertex -7.66285 18.25 8.64655
      vertex -9.09918 16.45 8.34125
    endloop
  endfacet
  facet normal 0.650221 -0.631607 0.422238
    outer loop
      vertex -8.56331 16.45 7.13765
      vertex -7.37533 18.25 8.00077
      vertex -8.73883 16.45 7.40794
    endloop
  endfacet
  facet normal 0.723798 -0.631606 0.277832
    outer loop
      vertex -8.8945 16.45 7.71129
      vertex -7.55303 18.25 8.30855
      vertex -9.00999 16.45 8.01216
    endloop
  endfacet
  facet normal 0.487893 -0.631607 0.602523
    outer loop
      vertex -7.86963 16.45 6.44259
      vertex -7.13752 18.25 7.73665
      vertex -8.12009 16.45 6.6454
    endloop
  endfacet
  facet normal 0.277848 -0.631606 0.723792
    outer loop
      vertex -6.69145 18.25 7.44697
      vertex -6.9791 16.45 5.98665
      vertex -6.52533 18.25 7.3832
    endloop
  endfacet
  facet normal 0.278211 -0.631574 0.72368
    outer loop
      vertex -6.9791 16.45 5.98665
      vertex -6.69145 18.25 7.44697
      vertex -6.98784 16.45 5.99001
    endloop
  endfacet
  facet normal 0.277832 -0.631606 0.723798
    outer loop
      vertex -6.98784 16.45 5.99001
      vertex -6.69145 18.25 7.44697
      vertex -7.28871 16.45 6.1055
    endloop
  endfacet
  facet normal 0.35199 -0.631607 0.690779
    outer loop
      vertex -6.85 18.25 7.52776
      vertex -7.57587 16.45 6.25182
      vertex -6.69145 18.25 7.44697
    endloop
  endfacet
  facet normal 0.35201 -0.631607 0.690768
    outer loop
      vertex -7.57587 16.45 6.25182
      vertex -6.85 18.25 7.52776
      vertex -7.58421 16.45 6.25607
    endloop
  endfacet
  facet normal 0.351983 -0.631606 0.690784
    outer loop
      vertex -7.28871 16.45 6.1055
      vertex -6.69145 18.25 7.44697
      vertex -7.57587 16.45 6.25182
    endloop
  endfacet
  facet normal -0.35201 -0.631607 0.690768
    outer loop
      vertex -5.15 18.25 7.52776
      vertex -4.42413 16.45 6.25182
      vertex -4.41579 16.45 6.25607
    endloop
  endfacet
  facet normal -0.35199 -0.631607 0.690779
    outer loop
      vertex -4.42413 16.45 6.25182
      vertex -5.15 18.25 7.52776
      vertex -5.30855 18.25 7.44697
    endloop
  endfacet
  facet normal -0.351983 -0.631606 0.690784
    outer loop
      vertex -4.71129 16.45 6.1055
      vertex -4.42413 16.45 6.25182
      vertex -5.30855 18.25 7.44697
    endloop
  endfacet
  facet normal -0.20028 -0.631596 0.748982
    outer loop
      vertex -5.47467 18.25 7.3832
      vertex -5.02995 16.45 5.98423
      vertex -5.0209 16.45 5.98665
    endloop
  endfacet
  facet normal -0.200639 -0.631604 0.748879
    outer loop
      vertex -5.02995 16.45 5.98423
      vertex -5.47467 18.25 7.3832
      vertex -5.64655 18.25 7.33715
    endloop
  endfacet
  facet normal 0.422203 -0.63161 -0.650241
    outer loop
      vertex -6.99923 18.25 10.3753
      vertex -7.59206 16.45 11.7388
      vertex -7.86235 16.45 11.5633
    endloop
  endfacet
  facet normal 0.422217 -0.631609 -0.650232
    outer loop
      vertex -7.58421 16.45 11.7439
      vertex -6.99923 18.25 10.3753
      vertex -6.85 18.25 10.4722
    endloop
  endfacet
  facet normal 0.422384 -0.631593 -0.65014
    outer loop
      vertex -6.99923 18.25 10.3753
      vertex -7.58421 16.45 11.7439
      vertex -7.59206 16.45 11.7388
    endloop
  endfacet
  facet normal 0.277851 -0.631614 -0.723784
    outer loop
      vertex -6.69145 18.25 10.553
      vertex -6.98784 16.45 12.01
      vertex -7.28871 16.45 11.8945
    endloop
  endfacet
  facet normal 0.121132 -0.631578 -0.765792
    outer loop
      vertex -6.6495 16.45 12.1006
      vertex -6.35345 18.25 10.6629
      vertex -6.1777 18.25 10.6907
    endloop
  endfacet
  facet normal 0.116039 -0.631452 -0.766683
    outer loop
      vertex -6.35345 18.25 10.6629
      vertex -6.6495 16.45 12.1006
      vertex -6.65875 16.45 12.0992
    endloop
  endfacet
  facet normal 0.690055 -0.631644 -0.353341
    outer loop
      vertex -8.74818 16.45 10.5759
      vertex -7.47224 18.25 9.85
      vertex -8.74393 16.45 10.5842
    endloop
  endfacet
  facet normal 0.690777 -0.63161 -0.351989
    outer loop
      vertex -7.47224 18.25 9.85
      vertex -8.74818 16.45 10.5759
      vertex -7.55303 18.25 9.69145
    endloop
  endfacet
  facet normal -0.602493 -0.631601 -0.487938
    outer loop
      vertex -4.62467 18.25 9.99923
      vertex -3.44259 16.45 10.8696
      vertex -4.73665 18.25 10.1375
    endloop
  endfacet
  facet normal -0.599741 -0.631494 -0.491454
    outer loop
      vertex -3.44259 16.45 10.8696
      vertex -4.62467 18.25 9.99923
      vertex -3.43669 16.45 10.8624
    endloop
  endfacet
  facet normal -0.355251 -0.6317 -0.689023
    outer loop
      vertex -4.42413 16.45 11.7482
      vertex -5.15 18.25 10.4722
      vertex -4.41579 16.45 11.7439
    endloop
  endfacet
  facet normal -0.352019 -0.631621 -0.690751
    outer loop
      vertex -5.15 18.25 10.4722
      vertex -4.42413 16.45 11.7482
      vertex -5.30855 18.25 10.553
    endloop
  endfacet
  facet normal 0.748879 -0.631604 0.200639
    outer loop
      vertex -9.01577 16.45 8.02995
      vertex -7.6168 18.25 8.47467
      vertex -7.66285 18.25 8.64655
    endloop
  endfacet
  facet normal 0.748982 -0.631596 0.20028
    outer loop
      vertex -7.6168 18.25 8.47467
      vertex -9.01577 16.45 8.02995
      vertex -9.01335 16.45 8.0209
    endloop
  endfacet
  facet normal 0.690779 -0.631607 0.35199
    outer loop
      vertex -8.74818 16.45 7.42413
      vertex -7.47224 18.25 8.15
      vertex -7.55303 18.25 8.30855
    endloop
  endfacet
  facet normal 0.690768 -0.631607 0.35201
    outer loop
      vertex -7.47224 18.25 8.15
      vertex -8.74818 16.45 7.42413
      vertex -8.74393 16.45 7.41579
    endloop
  endfacet
  facet normal 0.690784 -0.631606 0.351983
    outer loop
      vertex -8.74818 16.45 7.42413
      vertex -7.55303 18.25 8.30855
      vertex -8.8945 16.45 7.71129
    endloop
  endfacet
  facet normal 0.422249 -0.631606 0.650215
    outer loop
      vertex -6.99923 18.25 7.62467
      vertex -7.58421 16.45 6.25607
      vertex -6.85 18.25 7.52776
    endloop
  endfacet
  facet normal 0.422384 -0.631593 0.65014
    outer loop
      vertex -7.58421 16.45 6.25607
      vertex -6.99923 18.25 7.62467
      vertex -7.59206 16.45 6.26117
    endloop
  endfacet
  facet normal 0.422238 -0.631607 0.650221
    outer loop
      vertex -7.59206 16.45 6.26117
      vertex -6.99923 18.25 7.62467
      vertex -7.86235 16.45 6.43669
    endloop
  endfacet
  facet normal -0.422384 -0.631593 0.65014
    outer loop
      vertex -5.00077 18.25 7.62467
      vertex -4.41579 16.45 6.25607
      vertex -4.40794 16.45 6.26117
    endloop
  endfacet
  facet normal -0.422249 -0.631606 0.650215
    outer loop
      vertex -4.41579 16.45 6.25607
      vertex -5.00077 18.25 7.62467
      vertex -5.15 18.25 7.52776
    endloop
  endfacet
  facet normal -0.12168 -0.631616 0.765673
    outer loop
      vertex -5.64655 18.25 7.33715
      vertex -5.3505 16.45 5.89935
      vertex -5.34125 16.45 5.90082
    endloop
  endfacet
  facet normal -0.121299 -0.631607 0.765741
    outer loop
      vertex -5.3505 16.45 5.89935
      vertex -5.64655 18.25 7.33715
      vertex -5.8223 18.25 7.30931
    endloop
  endfacet
  facet normal -0.200654 -0.631606 0.748874
    outer loop
      vertex -5.34125 16.45 5.90082
      vertex -5.02995 16.45 5.98423
      vertex -5.64655 18.25 7.33715
    endloop
  endfacet
  facet normal -0.278211 -0.631574 0.72368
    outer loop
      vertex -5.30855 18.25 7.44697
      vertex -5.0209 16.45 5.98665
      vertex -5.01216 16.45 5.99001
    endloop
  endfacet
  facet normal -0.277848 -0.631606 0.723792
    outer loop
      vertex -5.0209 16.45 5.98665
      vertex -5.30855 18.25 7.44697
      vertex -5.47467 18.25 7.3832
    endloop
  endfacet
  facet normal 0.488145 -0.631603 -0.602322
    outer loop
      vertex -7.86963 16.45 11.5574
      vertex -6.99923 18.25 10.3753
      vertex -7.86235 16.45 11.5633
    endloop
  endfacet
  facet normal 0.487943 -0.631609 -0.602479
    outer loop
      vertex -6.99923 18.25 10.3753
      vertex -7.86963 16.45 11.5574
      vertex -7.13752 18.25 10.2633
    endloop
  endfacet
  facet normal 0.277967 -0.631591 -0.723759
    outer loop
      vertex -6.9791 16.45 12.0133
      vertex -6.69145 18.25 10.553
      vertex -6.52533 18.25 10.6168
    endloop
  endfacet
  facet normal 0.273757 -0.631958 -0.725042
    outer loop
      vertex -6.69145 18.25 10.553
      vertex -6.9791 16.45 12.0133
      vertex -6.98784 16.45 12.01
    endloop
  endfacet
  facet normal 0.352019 -0.631621 -0.690751
    outer loop
      vertex -7.57587 16.45 11.7482
      vertex -6.85 18.25 10.4722
      vertex -6.69145 18.25 10.553
    endloop
  endfacet
  facet normal 0.355251 -0.6317 -0.689023
    outer loop
      vertex -6.85 18.25 10.4722
      vertex -7.57587 16.45 11.7482
      vertex -7.58421 16.45 11.7439
    endloop
  endfacet
  facet normal 0.351942 -0.631614 -0.690797
    outer loop
      vertex -6.69145 18.25 10.553
      vertex -7.28871 16.45 11.8945
      vertex -7.57587 16.45 11.7482
    endloop
  endfacet
  facet normal 0.20084 -0.631617 -0.748815
    outer loop
      vertex -6.97005 16.45 12.0158
      vertex -6.52533 18.25 10.6168
      vertex -6.35345 18.25 10.6629
    endloop
  endfacet
  facet normal 0.206408 -0.631736 -0.747198
    outer loop
      vertex -6.52533 18.25 10.6168
      vertex -6.97005 16.45 12.0158
      vertex -6.9791 16.45 12.0133
    endloop
  endfacet
  facet normal 0.200633 -0.631599 -0.748886
    outer loop
      vertex -6.35345 18.25 10.6629
      vertex -6.65875 16.45 12.0992
      vertex -6.97005 16.45 12.0158
    endloop
  endfacet
  facet normal 0.723792 -0.631606 0.277848
    outer loop
      vertex -9.01335 16.45 8.0209
      vertex -7.55303 18.25 8.30855
      vertex -7.6168 18.25 8.47467
    endloop
  endfacet
  facet normal 0.72368 -0.631574 0.278211
    outer loop
      vertex -7.55303 18.25 8.30855
      vertex -9.01335 16.45 8.0209
      vertex -9.00999 16.45 8.01216
    endloop
  endfacet
  facet normal 0.650215 -0.631606 0.422249
    outer loop
      vertex -8.74393 16.45 7.41579
      vertex -7.37533 18.25 8.00077
      vertex -7.47224 18.25 8.15
    endloop
  endfacet
  facet normal 0.65014 -0.631593 0.422384
    outer loop
      vertex -7.37533 18.25 8.00077
      vertex -8.74393 16.45 7.41579
      vertex -8.73883 16.45 7.40794
    endloop
  endfacet
  facet normal -0.890996 0 0.454012
    outer loop
      vertex 7.47224 18.25 8.15
      vertex 7.55303 19.45 8.30855
      vertex 7.47224 19.45 8.15
    endloop
  endfacet
  facet normal -0.890996 0 0.454012
    outer loop
      vertex 7.55303 19.45 8.30855
      vertex 7.47224 18.25 8.15
      vertex 7.55303 18.25 8.30855
    endloop
  endfacet
  facet normal -0.35838 0 0.933576
    outer loop
      vertex 6.52533 19.45 7.3832
      vertex 6.69145 18.25 7.44697
      vertex 6.69145 19.45 7.44697
    endloop
  endfacet
  facet normal -0.35838 0 0.933576
    outer loop
      vertex 6.69145 18.25 7.44697
      vertex 6.52533 19.45 7.3832
      vertex 6.52533 18.25 7.3832
    endloop
  endfacet
  facet normal 0.35838 0 0.933576
    outer loop
      vertex 5.30855 19.45 7.44697
      vertex 5.47467 18.25 7.3832
      vertex 5.47467 19.45 7.3832
    endloop
  endfacet
  facet normal 0.35838 0 0.933576
    outer loop
      vertex 5.47467 18.25 7.3832
      vertex 5.30855 19.45 7.44697
      vertex 5.30855 18.25 7.44697
    endloop
  endfacet
  facet normal 0.890996 -0 0.454012
    outer loop
      vertex 4.44697 18.25 8.30855
      vertex 4.52776 19.45 8.15
      vertex 4.44697 19.45 8.30855
    endloop
  endfacet
  facet normal 0.890996 0 0.454012
    outer loop
      vertex 4.52776 19.45 8.15
      vertex 4.44697 18.25 8.30855
      vertex 4.52776 18.25 8.15
    endloop
  endfacet
  facet normal -0.99863 0 -0.0523199
    outer loop
      vertex 7.7 18.25 9
      vertex 7.69069 19.45 9.1777
      vertex 7.7 19.45 9
    endloop
  endfacet
  facet normal -0.99863 -0 -0.0523199
    outer loop
      vertex 7.69069 19.45 9.1777
      vertex 7.7 18.25 9
      vertex 7.69069 18.25 9.1777
    endloop
  endfacet
  facet normal -0.987685 0 0.156456
    outer loop
      vertex 7.66285 18.25 8.64655
      vertex 7.69069 19.45 8.8223
      vertex 7.66285 19.45 8.64655
    endloop
  endfacet
  facet normal -0.987685 0 0.156456
    outer loop
      vertex 7.69069 19.45 8.8223
      vertex 7.66285 18.25 8.64655
      vertex 7.69069 18.25 8.8223
    endloop
  endfacet
  facet normal -0.544635 0 0.838673
    outer loop
      vertex 6.85 19.45 7.52776
      vertex 6.99923 18.25 7.62467
      vertex 6.99923 19.45 7.62467
    endloop
  endfacet
  facet normal -0.544635 0 0.838673
    outer loop
      vertex 6.99923 18.25 7.62467
      vertex 6.85 19.45 7.52776
      vertex 6.85 18.25 7.52776
    endloop
  endfacet
  facet normal 0.987685 -0 0.156456
    outer loop
      vertex 4.30931 18.25 8.8223
      vertex 4.33715 19.45 8.64655
      vertex 4.30931 19.45 8.8223
    endloop
  endfacet
  facet normal 0.987685 0 0.156456
    outer loop
      vertex 4.33715 19.45 8.64655
      vertex 4.30931 18.25 8.8223
      vertex 4.33715 18.25 8.64655
    endloop
  endfacet
  facet normal 0.77716 -0 0.629303
    outer loop
      vertex 4.62467 18.25 8.00077
      vertex 4.73665 19.45 7.86248
      vertex 4.62467 19.45 8.00077
    endloop
  endfacet
  facet normal 0.77716 0 0.629303
    outer loop
      vertex 4.73665 19.45 7.86248
      vertex 4.62467 18.25 8.00077
      vertex 4.73665 18.25 7.86248
    endloop
  endfacet
  facet normal 0.156456 0 0.987685
    outer loop
      vertex 5.64655 19.45 7.33715
      vertex 5.8223 18.25 7.30931
      vertex 5.8223 19.45 7.30931
    endloop
  endfacet
  facet normal 0.156456 0 0.987685
    outer loop
      vertex 5.8223 18.25 7.30931
      vertex 5.64655 19.45 7.33715
      vertex 5.64655 18.25 7.33715
    endloop
  endfacet
  facet normal -0.454056 0 -0.890973
    outer loop
      vertex 6.69145 18.25 10.553
      vertex 6.85 19.45 10.4722
      vertex 6.85 18.25 10.4722
    endloop
  endfacet
  facet normal -0.454056 0 -0.890973
    outer loop
      vertex 6.85 19.45 10.4722
      vertex 6.69145 18.25 10.553
      vertex 6.69145 19.45 10.553
    endloop
  endfacet
  facet normal -0.838673 0 0.544635
    outer loop
      vertex 7.37533 18.25 8.00077
      vertex 7.47224 19.45 8.15
      vertex 7.37533 19.45 8.00077
    endloop
  endfacet
  facet normal -0.838673 0 0.544635
    outer loop
      vertex 7.47224 19.45 8.15
      vertex 7.37533 18.25 8.00077
      vertex 7.47224 18.25 8.15
    endloop
  endfacet
  facet normal -0.707107 0 0.707107
    outer loop
      vertex 7.13752 18.25 7.73665
      vertex 7.26335 19.45 7.86248
      vertex 7.13752 19.45 7.73665
    endloop
  endfacet
  facet normal -0.707107 0 0.707107
    outer loop
      vertex 7.26335 19.45 7.86248
      vertex 7.13752 18.25 7.73665
      vertex 7.26335 18.25 7.86248
    endloop
  endfacet
  facet normal 0.0523199 0 0.99863
    outer loop
      vertex 5.8223 19.45 7.30931
      vertex 6 18.25 7.3
      vertex 6 19.45 7.3
    endloop
  endfacet
  facet normal 0.0523199 0 0.99863
    outer loop
      vertex 6 18.25 7.3
      vertex 5.8223 19.45 7.30931
      vertex 5.8223 18.25 7.30931
    endloop
  endfacet
  facet normal -0.258792 0 0.965933
    outer loop
      vertex 6.35345 19.45 7.33715
      vertex 6.52533 18.25 7.3832
      vertex 6.52533 19.45 7.3832
    endloop
  endfacet
  facet normal -0.258792 0 0.965933
    outer loop
      vertex 6.52533 18.25 7.3832
      vertex 6.35345 19.45 7.33715
      vertex 6.35345 18.25 7.33715
    endloop
  endfacet
  facet normal -0.156456 0 0.987685
    outer loop
      vertex 6.1777 19.45 7.30931
      vertex 6.35345 18.25 7.33715
      vertex 6.35345 19.45 7.33715
    endloop
  endfacet
  facet normal -0.156456 0 0.987685
    outer loop
      vertex 6.35345 18.25 7.33715
      vertex 6.1777 19.45 7.30931
      vertex 6.1777 18.25 7.30931
    endloop
  endfacet
  facet normal -0.454012 0 0.890996
    outer loop
      vertex 6.69145 19.45 7.44697
      vertex 6.85 18.25 7.52776
      vertex 6.85 19.45 7.52776
    endloop
  endfacet
  facet normal -0.454012 0 0.890996
    outer loop
      vertex 6.85 18.25 7.52776
      vertex 6.69145 19.45 7.44697
      vertex 6.69145 18.25 7.44697
    endloop
  endfacet
  facet normal -0.629303 0 0.77716
    outer loop
      vertex 6.99923 19.45 7.62467
      vertex 7.13752 18.25 7.73665
      vertex 7.13752 19.45 7.73665
    endloop
  endfacet
  facet normal -0.629303 0 0.77716
    outer loop
      vertex 7.13752 18.25 7.73665
      vertex 6.99923 19.45 7.62467
      vertex 6.99923 18.25 7.62467
    endloop
  endfacet
  facet normal 0.99863 -0 0.0523199
    outer loop
      vertex 4.3 18.25 9
      vertex 4.30931 19.45 8.8223
      vertex 4.3 19.45 9
    endloop
  endfacet
  facet normal 0.99863 0 0.0523199
    outer loop
      vertex 4.30931 19.45 8.8223
      vertex 4.3 18.25 9
      vertex 4.30931 18.25 8.8223
    endloop
  endfacet
  facet normal 0.933576 -0 0.35838
    outer loop
      vertex 4.3832 18.25 8.47467
      vertex 4.44697 19.45 8.30855
      vertex 4.3832 19.45 8.47467
    endloop
  endfacet
  facet normal 0.933576 0 0.35838
    outer loop
      vertex 4.44697 19.45 8.30855
      vertex 4.3832 18.25 8.47467
      vertex 4.44697 18.25 8.30855
    endloop
  endfacet
  facet normal 0.965933 -0 0.258792
    outer loop
      vertex 4.33715 18.25 8.64655
      vertex 4.3832 19.45 8.47467
      vertex 4.33715 19.45 8.64655
    endloop
  endfacet
  facet normal 0.965933 0 0.258792
    outer loop
      vertex 4.3832 19.45 8.47467
      vertex 4.33715 18.25 8.64655
      vertex 4.3832 18.25 8.47467
    endloop
  endfacet
  facet normal 0.838673 -0 0.544635
    outer loop
      vertex 4.52776 18.25 8.15
      vertex 4.62467 19.45 8.00077
      vertex 4.52776 19.45 8.15
    endloop
  endfacet
  facet normal 0.838673 0 0.544635
    outer loop
      vertex 4.62467 19.45 8.00077
      vertex 4.52776 18.25 8.15
      vertex 4.62467 18.25 8.00077
    endloop
  endfacet
  facet normal 0.258792 0 0.965933
    outer loop
      vertex 5.47467 19.45 7.3832
      vertex 5.64655 18.25 7.33715
      vertex 5.64655 19.45 7.33715
    endloop
  endfacet
  facet normal 0.258792 0 0.965933
    outer loop
      vertex 5.64655 18.25 7.33715
      vertex 5.47467 19.45 7.3832
      vertex 5.47467 18.25 7.3832
    endloop
  endfacet
  facet normal 0.544635 0 0.838673
    outer loop
      vertex 5.00077 19.45 7.62467
      vertex 5.15 18.25 7.52776
      vertex 5.15 19.45 7.52776
    endloop
  endfacet
  facet normal 0.544635 0 0.838673
    outer loop
      vertex 5.15 18.25 7.52776
      vertex 5.00077 19.45 7.62467
      vertex 5.00077 18.25 7.62467
    endloop
  endfacet
  facet normal 0.629303 0 0.77716
    outer loop
      vertex 4.86248 19.45 7.73665
      vertex 5.00077 18.25 7.62467
      vertex 5.00077 19.45 7.62467
    endloop
  endfacet
  facet normal 0.629303 0 0.77716
    outer loop
      vertex 5.00077 18.25 7.62467
      vertex 4.86248 19.45 7.73665
      vertex 4.86248 18.25 7.73665
    endloop
  endfacet
  facet normal 0.454012 0 0.890996
    outer loop
      vertex 5.15 19.45 7.52776
      vertex 5.30855 18.25 7.44697
      vertex 5.30855 19.45 7.44697
    endloop
  endfacet
  facet normal 0.454012 0 0.890996
    outer loop
      vertex 5.30855 18.25 7.44697
      vertex 5.15 19.45 7.52776
      vertex 5.15 18.25 7.52776
    endloop
  endfacet
  facet normal 0.707107 -0 0.707107
    outer loop
      vertex 4.73665 18.25 7.86248
      vertex 4.86248 19.45 7.73665
      vertex 4.73665 19.45 7.86248
    endloop
  endfacet
  facet normal 0.707107 0 0.707107
    outer loop
      vertex 4.86248 19.45 7.73665
      vertex 4.73665 18.25 7.86248
      vertex 4.86248 18.25 7.73665
    endloop
  endfacet
  facet normal -0.99863 0 0.0523199
    outer loop
      vertex 7.69069 18.25 8.8223
      vertex 7.7 19.45 9
      vertex 7.69069 19.45 8.8223
    endloop
  endfacet
  facet normal -0.99863 0 0.0523199
    outer loop
      vertex 7.7 19.45 9
      vertex 7.69069 18.25 8.8223
      vertex 7.7 18.25 9
    endloop
  endfacet
  facet normal -0.965933 0 -0.258792
    outer loop
      vertex 7.66285 18.25 9.35345
      vertex 7.6168 19.45 9.52533
      vertex 7.66285 19.45 9.35345
    endloop
  endfacet
  facet normal -0.965933 -0 -0.258792
    outer loop
      vertex 7.6168 19.45 9.52533
      vertex 7.66285 18.25 9.35345
      vertex 7.6168 18.25 9.52533
    endloop
  endfacet
  facet normal 0.890996 0 -0.454012
    outer loop
      vertex 4.52776 18.25 9.85
      vertex 4.44697 19.45 9.69145
      vertex 4.52776 19.45 9.85
    endloop
  endfacet
  facet normal 0.890996 0 -0.454012
    outer loop
      vertex 4.44697 19.45 9.69145
      vertex 4.52776 18.25 9.85
      vertex 4.44697 18.25 9.69145
    endloop
  endfacet
  facet normal -0.156237 0 -0.98772
    outer loop
      vertex 6.1777 18.25 10.6907
      vertex 6.35345 19.45 10.6629
      vertex 6.35345 18.25 10.6629
    endloop
  endfacet
  facet normal -0.156237 0 -0.98772
    outer loop
      vertex 6.35345 19.45 10.6629
      vertex 6.1777 18.25 10.6907
      vertex 6.1777 19.45 10.6907
    endloop
  endfacet
  facet normal -0.933576 0 0.35838
    outer loop
      vertex 7.55303 18.25 8.30855
      vertex 7.6168 19.45 8.47467
      vertex 7.55303 19.45 8.30855
    endloop
  endfacet
  facet normal -0.933576 0 0.35838
    outer loop
      vertex 7.6168 19.45 8.47467
      vertex 7.55303 18.25 8.30855
      vertex 7.6168 18.25 8.47467
    endloop
  endfacet
  facet normal -0.965933 0 0.258792
    outer loop
      vertex 7.6168 18.25 8.47467
      vertex 7.66285 19.45 8.64655
      vertex 7.6168 19.45 8.47467
    endloop
  endfacet
  facet normal -0.965933 0 0.258792
    outer loop
      vertex 7.66285 19.45 8.64655
      vertex 7.6168 18.25 8.47467
      vertex 7.66285 18.25 8.64655
    endloop
  endfacet
  facet normal -0.77716 0 0.629303
    outer loop
      vertex 7.26335 18.25 7.86248
      vertex 7.37533 19.45 8.00077
      vertex 7.26335 19.45 7.86248
    endloop
  endfacet
  facet normal -0.77716 0 0.629303
    outer loop
      vertex 7.37533 19.45 8.00077
      vertex 7.26335 18.25 7.86248
      vertex 7.37533 18.25 8.00077
    endloop
  endfacet
  facet normal -0.0523199 0 0.99863
    outer loop
      vertex 6 19.45 7.3
      vertex 6.1777 18.25 7.30931
      vertex 6.1777 19.45 7.30931
    endloop
  endfacet
  facet normal -0.0523199 0 0.99863
    outer loop
      vertex 6.1777 18.25 7.30931
      vertex 6 19.45 7.3
      vertex 6 18.25 7.3
    endloop
  endfacet
  facet normal -0.777115 0 -0.629358
    outer loop
      vertex 7.37533 18.25 9.99923
      vertex 7.26335 19.45 10.1375
      vertex 7.37533 19.45 9.99923
    endloop
  endfacet
  facet normal -0.777115 -0 -0.629358
    outer loop
      vertex 7.26335 19.45 10.1375
      vertex 7.37533 18.25 9.99923
      vertex 7.26335 18.25 10.1375
    endloop
  endfacet
  facet normal -0.890996 0 -0.454012
    outer loop
      vertex 7.55303 18.25 9.69145
      vertex 7.47224 19.45 9.85
      vertex 7.55303 19.45 9.69145
    endloop
  endfacet
  facet normal -0.890996 -0 -0.454012
    outer loop
      vertex 7.47224 19.45 9.85
      vertex 7.55303 18.25 9.69145
      vertex 7.47224 18.25 9.85
    endloop
  endfacet
  facet normal -0.838673 0 -0.544635
    outer loop
      vertex 7.47224 18.25 9.85
      vertex 7.37533 19.45 9.99923
      vertex 7.47224 19.45 9.85
    endloop
  endfacet
  facet normal -0.838673 -0 -0.544635
    outer loop
      vertex 7.37533 19.45 9.99923
      vertex 7.47224 18.25 9.85
      vertex 7.37533 18.25 9.99923
    endloop
  endfacet
  facet normal 0.0522639 0 -0.998633
    outer loop
      vertex 5.8223 18.25 10.6907
      vertex 6 19.45 10.7
      vertex 6 18.25 10.7
    endloop
  endfacet
  facet normal 0.0522639 0 -0.998633
    outer loop
      vertex 6 19.45 10.7
      vertex 5.8223 18.25 10.6907
      vertex 5.8223 19.45 10.6907
    endloop
  endfacet
  facet normal 0.99863 0 -0.0523199
    outer loop
      vertex 4.30931 18.25 9.1777
      vertex 4.3 19.45 9
      vertex 4.30931 19.45 9.1777
    endloop
  endfacet
  facet normal 0.99863 0 -0.0523199
    outer loop
      vertex 4.3 19.45 9
      vertex 4.30931 18.25 9.1777
      vertex 4.3 18.25 9
    endloop
  endfacet
  facet normal 0.933576 0 -0.35838
    outer loop
      vertex 4.44697 18.25 9.69145
      vertex 4.3832 19.45 9.52533
      vertex 4.44697 19.45 9.69145
    endloop
  endfacet
  facet normal 0.933576 0 -0.35838
    outer loop
      vertex 4.3832 19.45 9.52533
      vertex 4.44697 18.25 9.69145
      vertex 4.3832 18.25 9.52533
    endloop
  endfacet
  facet normal 0.965933 0 -0.258792
    outer loop
      vertex 4.3832 18.25 9.52533
      vertex 4.33715 19.45 9.35345
      vertex 4.3832 19.45 9.52533
    endloop
  endfacet
  facet normal 0.965933 0 -0.258792
    outer loop
      vertex 4.33715 19.45 9.35345
      vertex 4.3832 18.25 9.52533
      vertex 4.33715 18.25 9.35345
    endloop
  endfacet
  facet normal -0.358527 0 -0.933519
    outer loop
      vertex 6.52533 18.25 10.6168
      vertex 6.69145 19.45 10.553
      vertex 6.69145 18.25 10.553
    endloop
  endfacet
  facet normal -0.358527 0 -0.933519
    outer loop
      vertex 6.69145 19.45 10.553
      vertex 6.52533 18.25 10.6168
      vertex 6.52533 19.45 10.6168
    endloop
  endfacet
  facet normal -0.259054 0 -0.965863
    outer loop
      vertex 6.35345 18.25 10.6629
      vertex 6.52533 19.45 10.6168
      vertex 6.52533 18.25 10.6168
    endloop
  endfacet
  facet normal -0.259054 0 -0.965863
    outer loop
      vertex 6.52533 19.45 10.6168
      vertex 6.35345 18.25 10.6629
      vertex 6.35345 19.45 10.6629
    endloop
  endfacet
  facet normal -0.987685 0 -0.156456
    outer loop
      vertex 7.69069 18.25 9.1777
      vertex 7.66285 19.45 9.35345
      vertex 7.69069 19.45 9.1777
    endloop
  endfacet
  facet normal -0.987685 -0 -0.156456
    outer loop
      vertex 7.66285 19.45 9.35345
      vertex 7.69069 18.25 9.1777
      vertex 7.66285 18.25 9.35345
    endloop
  endfacet
  facet normal -0.629371 0 -0.777105
    outer loop
      vertex 6.99923 18.25 10.3753
      vertex 7.13752 19.45 10.2633
      vertex 7.13752 18.25 10.2633
    endloop
  endfacet
  facet normal -0.629371 0 -0.777105
    outer loop
      vertex 7.13752 19.45 10.2633
      vertex 6.99923 18.25 10.3753
      vertex 6.99923 19.45 10.3753
    endloop
  endfacet
  facet normal -0.933576 0 -0.35838
    outer loop
      vertex 7.6168 18.25 9.52533
      vertex 7.55303 19.45 9.69145
      vertex 7.6168 19.45 9.52533
    endloop
  endfacet
  facet normal -0.933576 -0 -0.35838
    outer loop
      vertex 7.55303 19.45 9.69145
      vertex 7.6168 18.25 9.52533
      vertex 7.55303 18.25 9.69145
    endloop
  endfacet
  facet normal -0.0522639 0 -0.998633
    outer loop
      vertex 6 18.25 10.7
      vertex 6.1777 19.45 10.6907
      vertex 6.1777 18.25 10.6907
    endloop
  endfacet
  facet normal -0.0522639 0 -0.998633
    outer loop
      vertex 6.1777 19.45 10.6907
      vertex 6 18.25 10.7
      vertex 6 19.45 10.7
    endloop
  endfacet
  facet normal 0.777115 0 -0.629358
    outer loop
      vertex 4.73665 18.25 10.1375
      vertex 4.62467 19.45 9.99923
      vertex 4.73665 19.45 10.1375
    endloop
  endfacet
  facet normal 0.777115 0 -0.629358
    outer loop
      vertex 4.62467 19.45 9.99923
      vertex 4.73665 18.25 10.1375
      vertex 4.62467 18.25 9.99923
    endloop
  endfacet
  facet normal 0.707022 0 -0.707191
    outer loop
      vertex 4.86248 18.25 10.2633
      vertex 4.73665 19.45 10.1375
      vertex 4.86248 19.45 10.2633
    endloop
  endfacet
  facet normal 0.707022 0 -0.707191
    outer loop
      vertex 4.73665 19.45 10.1375
      vertex 4.86248 18.25 10.2633
      vertex 4.73665 18.25 10.1375
    endloop
  endfacet
  facet normal 0.987685 0 -0.156456
    outer loop
      vertex 4.33715 18.25 9.35345
      vertex 4.30931 19.45 9.1777
      vertex 4.33715 19.45 9.35345
    endloop
  endfacet
  facet normal 0.987685 0 -0.156456
    outer loop
      vertex 4.30931 19.45 9.1777
      vertex 4.33715 18.25 9.35345
      vertex 4.30931 18.25 9.1777
    endloop
  endfacet
  facet normal -0.707022 0 -0.707191
    outer loop
      vertex 7.26335 18.25 10.1375
      vertex 7.13752 19.45 10.2633
      vertex 7.26335 19.45 10.1375
    endloop
  endfacet
  facet normal -0.707022 -0 -0.707191
    outer loop
      vertex 7.13752 19.45 10.2633
      vertex 7.26335 18.25 10.1375
      vertex 7.13752 18.25 10.2633
    endloop
  endfacet
  facet normal -0.544595 0 -0.838699
    outer loop
      vertex 6.85 18.25 10.4722
      vertex 6.99923 19.45 10.3753
      vertex 6.99923 18.25 10.3753
    endloop
  endfacet
  facet normal -0.544595 0 -0.838699
    outer loop
      vertex 6.99923 19.45 10.3753
      vertex 6.85 18.25 10.4722
      vertex 6.85 19.45 10.4722
    endloop
  endfacet
  facet normal 0.454056 0 -0.890973
    outer loop
      vertex 5.15 18.25 10.4722
      vertex 5.30855 19.45 10.553
      vertex 5.30855 18.25 10.553
    endloop
  endfacet
  facet normal 0.454056 0 -0.890973
    outer loop
      vertex 5.30855 19.45 10.553
      vertex 5.15 18.25 10.4722
      vertex 5.15 19.45 10.4722
    endloop
  endfacet
  facet normal 0.838673 0 -0.544635
    outer loop
      vertex 4.62467 18.25 9.99923
      vertex 4.52776 19.45 9.85
      vertex 4.62467 19.45 9.99923
    endloop
  endfacet
  facet normal 0.838673 0 -0.544635
    outer loop
      vertex 4.52776 19.45 9.85
      vertex 4.62467 18.25 9.99923
      vertex 4.52776 18.25 9.85
    endloop
  endfacet
  facet normal 0.544595 0 -0.838699
    outer loop
      vertex 5.00077 18.25 10.3753
      vertex 5.15 19.45 10.4722
      vertex 5.15 18.25 10.4722
    endloop
  endfacet
  facet normal 0.544595 0 -0.838699
    outer loop
      vertex 5.15 19.45 10.4722
      vertex 5.00077 18.25 10.3753
      vertex 5.00077 19.45 10.3753
    endloop
  endfacet
  facet normal 0.629371 0 -0.777105
    outer loop
      vertex 4.86248 18.25 10.2633
      vertex 5.00077 19.45 10.3753
      vertex 5.00077 18.25 10.3753
    endloop
  endfacet
  facet normal 0.629371 0 -0.777105
    outer loop
      vertex 5.00077 19.45 10.3753
      vertex 4.86248 18.25 10.2633
      vertex 4.86248 19.45 10.2633
    endloop
  endfacet
  facet normal 0.358527 0 -0.933519
    outer loop
      vertex 5.30855 18.25 10.553
      vertex 5.47467 19.45 10.6168
      vertex 5.47467 18.25 10.6168
    endloop
  endfacet
  facet normal 0.358527 0 -0.933519
    outer loop
      vertex 5.47467 19.45 10.6168
      vertex 5.30855 18.25 10.553
      vertex 5.30855 19.45 10.553
    endloop
  endfacet
  facet normal 0.156237 0 -0.98772
    outer loop
      vertex 5.64655 18.25 10.6629
      vertex 5.8223 19.45 10.6907
      vertex 5.8223 18.25 10.6907
    endloop
  endfacet
  facet normal 0.156237 0 -0.98772
    outer loop
      vertex 5.8223 19.45 10.6907
      vertex 5.64655 18.25 10.6629
      vertex 5.64655 19.45 10.6629
    endloop
  endfacet
  facet normal 0.259054 0 -0.965863
    outer loop
      vertex 5.47467 18.25 10.6168
      vertex 5.64655 19.45 10.6629
      vertex 5.64655 18.25 10.6629
    endloop
  endfacet
  facet normal 0.259054 0 -0.965863
    outer loop
      vertex 5.64655 19.45 10.6629
      vertex 5.47467 18.25 10.6168
      vertex 5.47467 19.45 10.6168
    endloop
  endfacet
  facet normal -0.774228 -0.631606 0.0405631
    outer loop
      vertex 9.16793 16.45 8.99065
      vertex 7.7 18.25 9
      vertex 7.69069 18.25 8.8223
    endloop
  endfacet
  facet normal -0.774227 -0.631606 0.0405745
    outer loop
      vertex 7.7 18.25 9
      vertex 9.16793 16.45 8.99065
      vertex 9.16842 16.45 9
    endloop
  endfacet
  facet normal -0.774228 -0.631605 0.040583
    outer loop
      vertex 9.15106 16.45 8.66881
      vertex 9.16793 16.45 8.99065
      vertex 7.69069 18.25 8.8223
    endloop
  endfacet
  facet normal 0.548195 -0.631617 -0.548218
    outer loop
      vertex 3.6454 16.45 11.1201
      vertex 4.86248 18.25 10.2633
      vertex 3.87991 16.45 11.3546
    endloop
  endfacet
  facet normal 0.548145 -0.63161 -0.548275
    outer loop
      vertex 4.86248 18.25 10.2633
      vertex 3.6454 16.45 11.1201
      vertex 4.73665 18.25 10.1375
    endloop
  endfacet
  facet normal -0.602559 -0.63161 -0.487844
    outer loop
      vertex 8.55741 16.45 10.8696
      vertex 8.3546 16.45 11.1201
      vertex 7.26335 18.25 10.1375
    endloop
  endfacet
  facet normal -0.487893 -0.631607 0.602523
    outer loop
      vertex 7.86963 16.45 6.44259
      vertex 8.12009 16.45 6.6454
      vertex 7.13752 18.25 7.73665
    endloop
  endfacet
  facet normal 0.548212 -0.631607 0.548212
    outer loop
      vertex 3.6454 16.45 6.87991
      vertex 4.86248 18.25 7.73665
      vertex 4.73665 18.25 7.86248
    endloop
  endfacet
  facet normal 0.548212 -0.631607 0.548212
    outer loop
      vertex 4.86248 18.25 7.73665
      vertex 3.6454 16.45 6.87991
      vertex 3.87991 16.45 6.6454
    endloop
  endfacet
  facet normal 0.774227 -0.631606 0.0405745
    outer loop
      vertex 2.83207 16.45 8.99065
      vertex 4.3 18.25 9
      vertex 2.83158 16.45 9
    endloop
  endfacet
  facet normal 0.774228 -0.631606 0.0405631
    outer loop
      vertex 4.3 18.25 9
      vertex 2.83207 16.45 8.99065
      vertex 4.30931 18.25 8.8223
    endloop
  endfacet
  facet normal -0.548212 -0.631607 0.548212
    outer loop
      vertex 7.13752 18.25 7.73665
      vertex 8.3546 16.45 6.87991
      vertex 7.26335 18.25 7.86248
    endloop
  endfacet
  facet normal -0.548212 -0.631607 0.548212
    outer loop
      vertex 8.3546 16.45 6.87991
      vertex 7.13752 18.25 7.73665
      vertex 8.12009 16.45 6.6454
    endloop
  endfacet
  facet normal -0.487892 -0.631607 0.602523
    outer loop
      vertex 6.99923 18.25 7.62467
      vertex 7.86963 16.45 6.44259
      vertex 7.13752 18.25 7.73665
    endloop
  endfacet
  facet normal -0.488147 -0.631599 0.602324
    outer loop
      vertex 7.86963 16.45 6.44259
      vertex 6.99923 18.25 7.62467
      vertex 7.86235 16.45 6.43669
    endloop
  endfacet
  facet normal -0.422238 -0.631607 0.650221
    outer loop
      vertex 7.59206 16.45 6.26117
      vertex 7.86235 16.45 6.43669
      vertex 6.99923 18.25 7.62467
    endloop
  endfacet
  facet normal -0.72368 -0.631574 0.278211
    outer loop
      vertex 9.01335 16.45 8.0209
      vertex 7.55303 18.25 8.30855
      vertex 9.00999 16.45 8.01216
    endloop
  endfacet
  facet normal -0.723792 -0.631606 0.277848
    outer loop
      vertex 7.55303 18.25 8.30855
      vertex 9.01335 16.45 8.0209
      vertex 7.6168 18.25 8.47467
    endloop
  endfacet
  facet normal -0.690784 -0.631606 0.351983
    outer loop
      vertex 8.74818 16.45 7.42413
      vertex 8.8945 16.45 7.71129
      vertex 7.55303 18.25 8.30855
    endloop
  endfacet
  facet normal 0.651232 -0.631781 -0.420416
    outer loop
      vertex 3.25607 16.45 10.5842
      vertex 4.62467 18.25 9.99923
      vertex 3.26117 16.45 10.5921
    endloop
  endfacet
  facet normal 0.650216 -0.631605 -0.42225
    outer loop
      vertex 4.62467 18.25 9.99923
      vertex 3.25607 16.45 10.5842
      vertex 4.52776 18.25 9.85
    endloop
  endfacet
  facet normal 0.765673 -0.631616 -0.12168
    outer loop
      vertex 2.89935 16.45 9.6495
      vertex 4.33715 18.25 9.35345
      vertex 2.90082 16.45 9.65875
    endloop
  endfacet
  facet normal 0.765741 -0.631607 -0.121299
    outer loop
      vertex 4.33715 18.25 9.35345
      vertex 2.89935 16.45 9.6495
      vertex 4.30931 18.25 9.1777
    endloop
  endfacet
  facet normal 0.748874 -0.631606 -0.200654
    outer loop
      vertex 4.33715 18.25 9.35345
      vertex 2.98423 16.45 9.97005
      vertex 2.90082 16.45 9.65875
    endloop
  endfacet
  facet normal -0.422384 -0.631593 -0.65014
    outer loop
      vertex 7.58421 16.45 11.7439
      vertex 6.99923 18.25 10.3753
      vertex 7.59206 16.45 11.7388
    endloop
  endfacet
  facet normal -0.422217 -0.631609 -0.650232
    outer loop
      vertex 6.99923 18.25 10.3753
      vertex 7.58421 16.45 11.7439
      vertex 6.85 18.25 10.4722
    endloop
  endfacet
  facet normal -0.765748 -0.631605 -0.12127
    outer loop
      vertex 9.15106 16.45 9.33119
      vertex 9.10065 16.45 9.6495
      vertex 7.69069 18.25 9.1777
    endloop
  endfacet
  facet normal -0.116039 -0.631452 -0.766683
    outer loop
      vertex 6.6495 16.45 12.1006
      vertex 6.35345 18.25 10.6629
      vertex 6.65875 16.45 12.0992
    endloop
  endfacet
  facet normal -0.121132 -0.631578 -0.765792
    outer loop
      vertex 6.35345 18.25 10.6629
      vertex 6.6495 16.45 12.1006
      vertex 6.1777 18.25 10.6907
    endloop
  endfacet
  facet normal -0.200633 -0.631599 -0.748886
    outer loop
      vertex 6.97005 16.45 12.0158
      vertex 6.65875 16.45 12.0992
      vertex 6.35345 18.25 10.6629
    endloop
  endfacet
  facet normal -0.774228 -0.631605 -0.040583
    outer loop
      vertex 9.16793 16.45 9.00935
      vertex 9.15106 16.45 9.33119
      vertex 7.69069 18.25 9.1777
    endloop
  endfacet
  facet normal -0.774227 -0.631606 -0.0405745
    outer loop
      vertex 9.16793 16.45 9.00935
      vertex 7.7 18.25 9
      vertex 9.16842 16.45 9
    endloop
  endfacet
  facet normal -0.774228 -0.631606 -0.0405631
    outer loop
      vertex 7.7 18.25 9
      vertex 9.16793 16.45 9.00935
      vertex 7.69069 18.25 9.1777
    endloop
  endfacet
  facet normal -0.765748 -0.631605 0.12127
    outer loop
      vertex 9.10065 16.45 8.3505
      vertex 9.15106 16.45 8.66881
      vertex 7.69069 18.25 8.8223
    endloop
  endfacet
  facet normal 0.774228 -0.631605 0.040583
    outer loop
      vertex 2.84894 16.45 8.66881
      vertex 4.30931 18.25 8.8223
      vertex 2.83207 16.45 8.99065
    endloop
  endfacet
  facet normal 0.12127 -0.631605 0.765748
    outer loop
      vertex 5.66881 16.45 5.84894
      vertex 5.8223 18.25 7.30931
      vertex 5.3505 16.45 5.89935
    endloop
  endfacet
  facet normal -0.0405631 -0.631606 0.774228
    outer loop
      vertex 6 18.25 7.3
      vertex 6.00935 16.45 5.83207
      vertex 6.1777 18.25 7.30931
    endloop
  endfacet
  facet normal -0.0405745 -0.631606 0.774227
    outer loop
      vertex 6.00935 16.45 5.83207
      vertex 6 18.25 7.3
      vertex 6 16.45 5.83158
    endloop
  endfacet
  facet normal -0.65014 -0.631593 0.422384
    outer loop
      vertex 8.74393 16.45 7.41579
      vertex 7.37533 18.25 8.00077
      vertex 8.73883 16.45 7.40794
    endloop
  endfacet
  facet normal -0.650215 -0.631606 0.422249
    outer loop
      vertex 7.37533 18.25 8.00077
      vertex 8.74393 16.45 7.41579
      vertex 7.47224 18.25 8.15
    endloop
  endfacet
  facet normal -0.765673 -0.631616 0.12168
    outer loop
      vertex 9.10065 16.45 8.3505
      vertex 7.66285 18.25 8.64655
      vertex 9.09918 16.45 8.34125
    endloop
  endfacet
  facet normal -0.765741 -0.631607 0.121299
    outer loop
      vertex 7.66285 18.25 8.64655
      vertex 9.10065 16.45 8.3505
      vertex 7.69069 18.25 8.8223
    endloop
  endfacet
  facet normal -0.748874 -0.631606 0.200654
    outer loop
      vertex 9.01577 16.45 8.02995
      vertex 9.09918 16.45 8.34125
      vertex 7.66285 18.25 8.64655
    endloop
  endfacet
  facet normal -0.723798 -0.631606 0.277832
    outer loop
      vertex 8.8945 16.45 7.71129
      vertex 9.00999 16.45 8.01216
      vertex 7.55303 18.25 8.30855
    endloop
  endfacet
  facet normal 0.602559 -0.63161 -0.487844
    outer loop
      vertex 4.73665 18.25 10.1375
      vertex 3.6454 16.45 11.1201
      vertex 3.44259 16.45 10.8696
    endloop
  endfacet
  facet normal 0.487873 -0.631616 -0.602528
    outer loop
      vertex 4.86248 18.25 10.2633
      vertex 4.13037 16.45 11.5574
      vertex 3.87991 16.45 11.3546
    endloop
  endfacet
  facet normal 0.72368 -0.631574 -0.278211
    outer loop
      vertex 2.98665 16.45 9.9791
      vertex 4.44697 18.25 9.69145
      vertex 2.99001 16.45 9.98784
    endloop
  endfacet
  facet normal 0.723792 -0.631606 -0.277848
    outer loop
      vertex 4.44697 18.25 9.69145
      vertex 2.98665 16.45 9.9791
      vertex 4.3832 18.25 9.52533
    endloop
  endfacet
  facet normal 0.774228 -0.631606 -0.0405631
    outer loop
      vertex 2.83207 16.45 9.00935
      vertex 4.3 18.25 9
      vertex 4.30931 18.25 9.1777
    endloop
  endfacet
  facet normal 0.774227 -0.631606 -0.0405745
    outer loop
      vertex 4.3 18.25 9
      vertex 2.83207 16.45 9.00935
      vertex 2.83158 16.45 9
    endloop
  endfacet
  facet normal 0.774228 -0.631605 -0.040583
    outer loop
      vertex 4.30931 18.25 9.1777
      vertex 2.84894 16.45 9.33119
      vertex 2.83207 16.45 9.00935
    endloop
  endfacet
  facet normal 0.765748 -0.631605 -0.12127
    outer loop
      vertex 4.30931 18.25 9.1777
      vertex 2.89935 16.45 9.6495
      vertex 2.84894 16.45 9.33119
    endloop
  endfacet
  facet normal -0.487873 -0.631616 -0.602528
    outer loop
      vertex 8.12009 16.45 11.3546
      vertex 7.86963 16.45 11.5574
      vertex 7.13752 18.25 10.2633
    endloop
  endfacet
  facet normal -0.548195 -0.631617 -0.548218
    outer loop
      vertex 7.13752 18.25 10.2633
      vertex 8.3546 16.45 11.1201
      vertex 8.12009 16.45 11.3546
    endloop
  endfacet
  facet normal -0.548145 -0.63161 -0.548275
    outer loop
      vertex 8.3546 16.45 11.1201
      vertex 7.13752 18.25 10.2633
      vertex 7.26335 18.25 10.1375
    endloop
  endfacet
  facet normal -0.690803 -0.631606 -0.351944
    outer loop
      vertex 8.8945 16.45 10.2887
      vertex 8.74818 16.45 10.5759
      vertex 7.55303 18.25 9.69145
    endloop
  endfacet
  facet normal -0.273757 -0.631958 -0.725042
    outer loop
      vertex 6.9791 16.45 12.0133
      vertex 6.69145 18.25 10.553
      vertex 6.98784 16.45 12.01
    endloop
  endfacet
  facet normal -0.277967 -0.631591 -0.723759
    outer loop
      vertex 6.69145 18.25 10.553
      vertex 6.9791 16.45 12.0133
      vertex 6.52533 18.25 10.6168
    endloop
  endfacet
  facet normal -0.0414013 -0.631579 -0.774205
    outer loop
      vertex 6 18.25 10.7
      vertex 6.00935 16.45 12.1679
      vertex 6 16.45 12.1684
    endloop
  endfacet
  facet normal -0.0405199 -0.631599 -0.774235
    outer loop
      vertex 6.00935 16.45 12.1679
      vertex 6 18.25 10.7
      vertex 6.1777 18.25 10.6907
    endloop
  endfacet
  facet normal -0.0404149 -0.631608 -0.774234
    outer loop
      vertex 6.1777 18.25 10.6907
      vertex 6.33119 16.45 12.1511
      vertex 6.00935 16.45 12.1679
    endloop
  endfacet
  facet normal -0.121481 -0.631607 -0.765712
    outer loop
      vertex 6.6495 16.45 12.1006
      vertex 6.33119 16.45 12.1511
      vertex 6.1777 18.25 10.6907
    endloop
  endfacet
  facet normal -0.765741 -0.631607 -0.121299
    outer loop
      vertex 9.10065 16.45 9.6495
      vertex 7.66285 18.25 9.35345
      vertex 7.69069 18.25 9.1777
    endloop
  endfacet
  facet normal -0.765673 -0.631616 -0.12168
    outer loop
      vertex 7.66285 18.25 9.35345
      vertex 9.10065 16.45 9.6495
      vertex 9.09918 16.45 9.65875
    endloop
  endfacet
  facet normal 0.765741 -0.631607 0.121299
    outer loop
      vertex 2.89935 16.45 8.3505
      vertex 4.33715 18.25 8.64655
      vertex 4.30931 18.25 8.8223
    endloop
  endfacet
  facet normal 0.765673 -0.631616 0.12168
    outer loop
      vertex 4.33715 18.25 8.64655
      vertex 2.89935 16.45 8.3505
      vertex 2.90082 16.45 8.34125
    endloop
  endfacet
  facet normal 0.602324 -0.631599 0.488147
    outer loop
      vertex 3.44259 16.45 7.13037
      vertex 4.62467 18.25 8.00077
      vertex 3.43669 16.45 7.13765
    endloop
  endfacet
  facet normal 0.602523 -0.631607 0.487892
    outer loop
      vertex 4.62467 18.25 8.00077
      vertex 3.44259 16.45 7.13037
      vertex 4.73665 18.25 7.86248
    endloop
  endfacet
  facet normal 0.602523 -0.631607 0.487893
    outer loop
      vertex 3.6454 16.45 6.87991
      vertex 4.73665 18.25 7.86248
      vertex 3.44259 16.45 7.13037
    endloop
  endfacet
  facet normal 0.487892 -0.631607 0.602523
    outer loop
      vertex 4.13037 16.45 6.44259
      vertex 5.00077 18.25 7.62467
      vertex 4.86248 18.25 7.73665
    endloop
  endfacet
  facet normal 0.488147 -0.631599 0.602324
    outer loop
      vertex 5.00077 18.25 7.62467
      vertex 4.13037 16.45 6.44259
      vertex 4.13765 16.45 6.43669
    endloop
  endfacet
  facet normal 0.121299 -0.631607 0.765741
    outer loop
      vertex 5.64655 18.25 7.33715
      vertex 5.3505 16.45 5.89935
      vertex 5.8223 18.25 7.30931
    endloop
  endfacet
  facet normal 0.12168 -0.631616 0.765673
    outer loop
      vertex 5.3505 16.45 5.89935
      vertex 5.64655 18.25 7.33715
      vertex 5.34125 16.45 5.90082
    endloop
  endfacet
  facet normal 0.200654 -0.631606 0.748874
    outer loop
      vertex 5.34125 16.45 5.90082
      vertex 5.64655 18.25 7.33715
      vertex 5.02995 16.45 5.98423
    endloop
  endfacet
  facet normal 0.200639 -0.631604 0.748879
    outer loop
      vertex 5.47467 18.25 7.3832
      vertex 5.02995 16.45 5.98423
      vertex 5.64655 18.25 7.33715
    endloop
  endfacet
  facet normal 0.20028 -0.631596 0.748982
    outer loop
      vertex 5.02995 16.45 5.98423
      vertex 5.47467 18.25 7.3832
      vertex 5.0209 16.45 5.98665
    endloop
  endfacet
  facet normal 0.040583 -0.631605 0.774228
    outer loop
      vertex 5.99065 16.45 5.83207
      vertex 5.8223 18.25 7.30931
      vertex 5.66881 16.45 5.84894
    endloop
  endfacet
  facet normal -0.277832 -0.631606 0.723798
    outer loop
      vertex 6.98784 16.45 5.99001
      vertex 7.28871 16.45 6.1055
      vertex 6.69145 18.25 7.44697
    endloop
  endfacet
  facet normal -0.040583 -0.631605 0.774228
    outer loop
      vertex 6.33119 16.45 5.84894
      vertex 6.1777 18.25 7.30931
      vertex 6.00935 16.45 5.83207
    endloop
  endfacet
  facet normal -0.12127 -0.631605 0.765748
    outer loop
      vertex 6.33119 16.45 5.84894
      vertex 6.6495 16.45 5.89935
      vertex 6.1777 18.25 7.30931
    endloop
  endfacet
  facet normal 0.0405745 -0.631606 0.774227
    outer loop
      vertex 6 18.25 7.3
      vertex 5.99065 16.45 5.83207
      vertex 6 16.45 5.83158
    endloop
  endfacet
  facet normal 0.0405631 -0.631606 0.774228
    outer loop
      vertex 5.99065 16.45 5.83207
      vertex 6 18.25 7.3
      vertex 5.8223 18.25 7.30931
    endloop
  endfacet
  facet normal -0.602523 -0.631607 0.487892
    outer loop
      vertex 8.55741 16.45 7.13037
      vertex 7.37533 18.25 8.00077
      vertex 7.26335 18.25 7.86248
    endloop
  endfacet
  facet normal -0.602324 -0.631599 0.488147
    outer loop
      vertex 7.37533 18.25 8.00077
      vertex 8.55741 16.45 7.13037
      vertex 8.56331 16.45 7.13765
    endloop
  endfacet
  facet normal -0.650221 -0.631607 0.422238
    outer loop
      vertex 8.56331 16.45 7.13765
      vertex 8.73883 16.45 7.40794
      vertex 7.37533 18.25 8.00077
    endloop
  endfacet
  facet normal -0.602523 -0.631607 0.487893
    outer loop
      vertex 8.3546 16.45 6.87991
      vertex 8.55741 16.45 7.13037
      vertex 7.26335 18.25 7.86248
    endloop
  endfacet
  facet normal -0.690768 -0.631607 0.35201
    outer loop
      vertex 8.74818 16.45 7.42413
      vertex 7.47224 18.25 8.15
      vertex 8.74393 16.45 7.41579
    endloop
  endfacet
  facet normal -0.690779 -0.631607 0.35199
    outer loop
      vertex 7.47224 18.25 8.15
      vertex 8.74818 16.45 7.42413
      vertex 7.55303 18.25 8.30855
    endloop
  endfacet
  facet normal -0.748982 -0.631596 0.20028
    outer loop
      vertex 9.01577 16.45 8.02995
      vertex 7.6168 18.25 8.47467
      vertex 9.01335 16.45 8.0209
    endloop
  endfacet
  facet normal -0.748879 -0.631604 0.200639
    outer loop
      vertex 7.6168 18.25 8.47467
      vertex 9.01577 16.45 8.02995
      vertex 7.66285 18.25 8.64655
    endloop
  endfacet
  facet normal 0.0414013 -0.631579 -0.774205
    outer loop
      vertex 5.99065 16.45 12.1679
      vertex 6 18.25 10.7
      vertex 6 16.45 12.1684
    endloop
  endfacet
  facet normal 0.0405199 -0.631599 -0.774235
    outer loop
      vertex 6 18.25 10.7
      vertex 5.99065 16.45 12.1679
      vertex 5.8223 18.25 10.6907
    endloop
  endfacet
  facet normal 0.121481 -0.631607 -0.765712
    outer loop
      vertex 5.8223 18.25 10.6907
      vertex 5.66881 16.45 12.1511
      vertex 5.3505 16.45 12.1006
    endloop
  endfacet
  facet normal 0.0404149 -0.631608 -0.774234
    outer loop
      vertex 5.8223 18.25 10.6907
      vertex 5.99065 16.45 12.1679
      vertex 5.66881 16.45 12.1511
    endloop
  endfacet
  facet normal 0.690803 -0.631606 -0.351944
    outer loop
      vertex 4.44697 18.25 9.69145
      vertex 3.25182 16.45 10.5759
      vertex 3.1055 16.45 10.2887
    endloop
  endfacet
  facet normal 0.723795 -0.631605 -0.277841
    outer loop
      vertex 4.44697 18.25 9.69145
      vertex 3.1055 16.45 10.2887
      vertex 2.99001 16.45 9.98784
    endloop
  endfacet
  facet normal 0.650224 -0.631613 -0.422224
    outer loop
      vertex 4.62467 18.25 9.99923
      vertex 3.43669 16.45 10.8624
      vertex 3.26117 16.45 10.5921
    endloop
  endfacet
  facet normal 0.599741 -0.631494 -0.491454
    outer loop
      vertex 4.62467 18.25 9.99923
      vertex 3.44259 16.45 10.8696
      vertex 3.43669 16.45 10.8624
    endloop
  endfacet
  facet normal 0.602493 -0.631601 -0.487938
    outer loop
      vertex 3.44259 16.45 10.8696
      vertex 4.62467 18.25 9.99923
      vertex 4.73665 18.25 10.1375
    endloop
  endfacet
  facet normal 0.748982 -0.631596 -0.20028
    outer loop
      vertex 2.98423 16.45 9.97005
      vertex 4.3832 18.25 9.52533
      vertex 2.98665 16.45 9.9791
    endloop
  endfacet
  facet normal 0.748879 -0.631604 -0.200639
    outer loop
      vertex 4.3832 18.25 9.52533
      vertex 2.98423 16.45 9.97005
      vertex 4.33715 18.25 9.35345
    endloop
  endfacet
  facet normal -0.650224 -0.631613 -0.422224
    outer loop
      vertex 8.73883 16.45 10.5921
      vertex 8.56331 16.45 10.8624
      vertex 7.37533 18.25 9.99923
    endloop
  endfacet
  facet normal -0.690777 -0.63161 -0.351989
    outer loop
      vertex 8.74818 16.45 10.5759
      vertex 7.47224 18.25 9.85
      vertex 7.55303 18.25 9.69145
    endloop
  endfacet
  facet normal -0.690055 -0.631644 -0.353341
    outer loop
      vertex 7.47224 18.25 9.85
      vertex 8.74818 16.45 10.5759
      vertex 8.74393 16.45 10.5842
    endloop
  endfacet
  facet normal -0.650216 -0.631605 -0.42225
    outer loop
      vertex 8.74393 16.45 10.5842
      vertex 7.37533 18.25 9.99923
      vertex 7.47224 18.25 9.85
    endloop
  endfacet
  facet normal -0.651232 -0.631781 -0.420416
    outer loop
      vertex 7.37533 18.25 9.99923
      vertex 8.74393 16.45 10.5842
      vertex 8.73883 16.45 10.5921
    endloop
  endfacet
  facet normal -0.723795 -0.631605 -0.277841
    outer loop
      vertex 9.00999 16.45 9.98784
      vertex 8.8945 16.45 10.2887
      vertex 7.55303 18.25 9.69145
    endloop
  endfacet
  facet normal -0.723792 -0.631606 -0.277848
    outer loop
      vertex 9.01335 16.45 9.9791
      vertex 7.55303 18.25 9.69145
      vertex 7.6168 18.25 9.52533
    endloop
  endfacet
  facet normal -0.72368 -0.631574 -0.278211
    outer loop
      vertex 7.55303 18.25 9.69145
      vertex 9.01335 16.45 9.9791
      vertex 9.00999 16.45 9.98784
    endloop
  endfacet
  facet normal -0.351942 -0.631614 -0.690797
    outer loop
      vertex 7.57587 16.45 11.7482
      vertex 7.28871 16.45 11.8945
      vertex 6.69145 18.25 10.553
    endloop
  endfacet
  facet normal -0.277851 -0.631614 -0.723784
    outer loop
      vertex 7.28871 16.45 11.8945
      vertex 6.98784 16.45 12.01
      vertex 6.69145 18.25 10.553
    endloop
  endfacet
  facet normal -0.422203 -0.63161 -0.650241
    outer loop
      vertex 7.86235 16.45 11.5633
      vertex 7.59206 16.45 11.7388
      vertex 6.99923 18.25 10.3753
    endloop
  endfacet
  facet normal -0.488145 -0.631603 -0.602322
    outer loop
      vertex 6.99923 18.25 10.3753
      vertex 7.86963 16.45 11.5574
      vertex 7.86235 16.45 11.5633
    endloop
  endfacet
  facet normal -0.487943 -0.631609 -0.602479
    outer loop
      vertex 7.86963 16.45 11.5574
      vertex 6.99923 18.25 10.3753
      vertex 7.13752 18.25 10.2633
    endloop
  endfacet
  facet normal -0.206408 -0.631736 -0.747198
    outer loop
      vertex 6.97005 16.45 12.0158
      vertex 6.52533 18.25 10.6168
      vertex 6.9791 16.45 12.0133
    endloop
  endfacet
  facet normal -0.20084 -0.631617 -0.748815
    outer loop
      vertex 6.52533 18.25 10.6168
      vertex 6.97005 16.45 12.0158
      vertex 6.35345 18.25 10.6629
    endloop
  endfacet
  facet normal -0.748879 -0.631604 -0.200639
    outer loop
      vertex 9.01577 16.45 9.97005
      vertex 7.6168 18.25 9.52533
      vertex 7.66285 18.25 9.35345
    endloop
  endfacet
  facet normal -0.748982 -0.631596 -0.20028
    outer loop
      vertex 7.6168 18.25 9.52533
      vertex 9.01577 16.45 9.97005
      vertex 9.01335 16.45 9.9791
    endloop
  endfacet
  facet normal -0.748874 -0.631606 -0.200654
    outer loop
      vertex 9.09918 16.45 9.65875
      vertex 9.01577 16.45 9.97005
      vertex 7.66285 18.25 9.35345
    endloop
  endfacet
  facet normal 0.765748 -0.631605 0.12127
    outer loop
      vertex 2.89935 16.45 8.3505
      vertex 4.30931 18.25 8.8223
      vertex 2.84894 16.45 8.66881
    endloop
  endfacet
  facet normal 0.748874 -0.631606 0.200654
    outer loop
      vertex 2.98423 16.45 8.02995
      vertex 4.33715 18.25 8.64655
      vertex 2.90082 16.45 8.34125
    endloop
  endfacet
  facet normal 0.650221 -0.631607 0.422238
    outer loop
      vertex 3.43669 16.45 7.13765
      vertex 4.62467 18.25 8.00077
      vertex 3.26117 16.45 7.40794
    endloop
  endfacet
  facet normal 0.723798 -0.631606 0.277832
    outer loop
      vertex 3.1055 16.45 7.71129
      vertex 4.44697 18.25 8.30855
      vertex 2.99001 16.45 8.01216
    endloop
  endfacet
  facet normal 0.487893 -0.631607 0.602523
    outer loop
      vertex 4.13037 16.45 6.44259
      vertex 4.86248 18.25 7.73665
      vertex 3.87991 16.45 6.6454
    endloop
  endfacet
  facet normal 0.277848 -0.631606 0.723792
    outer loop
      vertex 5.30855 18.25 7.44697
      vertex 5.0209 16.45 5.98665
      vertex 5.47467 18.25 7.3832
    endloop
  endfacet
  facet normal 0.278211 -0.631574 0.72368
    outer loop
      vertex 5.0209 16.45 5.98665
      vertex 5.30855 18.25 7.44697
      vertex 5.01216 16.45 5.99001
    endloop
  endfacet
  facet normal 0.277832 -0.631606 0.723798
    outer loop
      vertex 5.01216 16.45 5.99001
      vertex 5.30855 18.25 7.44697
      vertex 4.71129 16.45 6.1055
    endloop
  endfacet
  facet normal 0.35199 -0.631607 0.690779
    outer loop
      vertex 5.15 18.25 7.52776
      vertex 4.42413 16.45 6.25182
      vertex 5.30855 18.25 7.44697
    endloop
  endfacet
  facet normal 0.35201 -0.631607 0.690768
    outer loop
      vertex 4.42413 16.45 6.25182
      vertex 5.15 18.25 7.52776
      vertex 4.41579 16.45 6.25607
    endloop
  endfacet
  facet normal 0.351983 -0.631606 0.690784
    outer loop
      vertex 4.71129 16.45 6.1055
      vertex 5.30855 18.25 7.44697
      vertex 4.42413 16.45 6.25182
    endloop
  endfacet
  facet normal -0.35201 -0.631607 0.690768
    outer loop
      vertex 6.85 18.25 7.52776
      vertex 7.57587 16.45 6.25182
      vertex 7.58421 16.45 6.25607
    endloop
  endfacet
  facet normal -0.35199 -0.631607 0.690779
    outer loop
      vertex 7.57587 16.45 6.25182
      vertex 6.85 18.25 7.52776
      vertex 6.69145 18.25 7.44697
    endloop
  endfacet
  facet normal -0.351983 -0.631606 0.690784
    outer loop
      vertex 7.28871 16.45 6.1055
      vertex 7.57587 16.45 6.25182
      vertex 6.69145 18.25 7.44697
    endloop
  endfacet
  facet normal -0.20028 -0.631596 0.748982
    outer loop
      vertex 6.52533 18.25 7.3832
      vertex 6.97005 16.45 5.98423
      vertex 6.9791 16.45 5.98665
    endloop
  endfacet
  facet normal -0.200639 -0.631604 0.748879
    outer loop
      vertex 6.97005 16.45 5.98423
      vertex 6.52533 18.25 7.3832
      vertex 6.35345 18.25 7.33715
    endloop
  endfacet
  facet normal 0.422203 -0.63161 -0.650241
    outer loop
      vertex 5.00077 18.25 10.3753
      vertex 4.40794 16.45 11.7388
      vertex 4.13765 16.45 11.5633
    endloop
  endfacet
  facet normal 0.422217 -0.631609 -0.650232
    outer loop
      vertex 4.41579 16.45 11.7439
      vertex 5.00077 18.25 10.3753
      vertex 5.15 18.25 10.4722
    endloop
  endfacet
  facet normal 0.422384 -0.631593 -0.65014
    outer loop
      vertex 5.00077 18.25 10.3753
      vertex 4.41579 16.45 11.7439
      vertex 4.40794 16.45 11.7388
    endloop
  endfacet
  facet normal 0.277851 -0.631614 -0.723784
    outer loop
      vertex 5.30855 18.25 10.553
      vertex 5.01216 16.45 12.01
      vertex 4.71129 16.45 11.8945
    endloop
  endfacet
  facet normal 0.121132 -0.631578 -0.765792
    outer loop
      vertex 5.3505 16.45 12.1006
      vertex 5.64655 18.25 10.6629
      vertex 5.8223 18.25 10.6907
    endloop
  endfacet
  facet normal 0.116039 -0.631452 -0.766683
    outer loop
      vertex 5.64655 18.25 10.6629
      vertex 5.3505 16.45 12.1006
      vertex 5.34125 16.45 12.0992
    endloop
  endfacet
  facet normal 0.690055 -0.631644 -0.353341
    outer loop
      vertex 3.25182 16.45 10.5759
      vertex 4.52776 18.25 9.85
      vertex 3.25607 16.45 10.5842
    endloop
  endfacet
  facet normal 0.690777 -0.63161 -0.351989
    outer loop
      vertex 4.52776 18.25 9.85
      vertex 3.25182 16.45 10.5759
      vertex 4.44697 18.25 9.69145
    endloop
  endfacet
  facet normal -0.602493 -0.631601 -0.487938
    outer loop
      vertex 7.37533 18.25 9.99923
      vertex 8.55741 16.45 10.8696
      vertex 7.26335 18.25 10.1375
    endloop
  endfacet
  facet normal -0.599741 -0.631494 -0.491454
    outer loop
      vertex 8.55741 16.45 10.8696
      vertex 7.37533 18.25 9.99923
      vertex 8.56331 16.45 10.8624
    endloop
  endfacet
  facet normal -0.355251 -0.6317 -0.689023
    outer loop
      vertex 7.57587 16.45 11.7482
      vertex 6.85 18.25 10.4722
      vertex 7.58421 16.45 11.7439
    endloop
  endfacet
  facet normal -0.352019 -0.631621 -0.690751
    outer loop
      vertex 6.85 18.25 10.4722
      vertex 7.57587 16.45 11.7482
      vertex 6.69145 18.25 10.553
    endloop
  endfacet
  facet normal 0.748879 -0.631604 0.200639
    outer loop
      vertex 2.98423 16.45 8.02995
      vertex 4.3832 18.25 8.47467
      vertex 4.33715 18.25 8.64655
    endloop
  endfacet
  facet normal 0.748982 -0.631596 0.20028
    outer loop
      vertex 4.3832 18.25 8.47467
      vertex 2.98423 16.45 8.02995
      vertex 2.98665 16.45 8.0209
    endloop
  endfacet
  facet normal 0.690779 -0.631607 0.35199
    outer loop
      vertex 3.25182 16.45 7.42413
      vertex 4.52776 18.25 8.15
      vertex 4.44697 18.25 8.30855
    endloop
  endfacet
  facet normal 0.690768 -0.631607 0.35201
    outer loop
      vertex 4.52776 18.25 8.15
      vertex 3.25182 16.45 7.42413
      vertex 3.25607 16.45 7.41579
    endloop
  endfacet
  facet normal 0.690784 -0.631606 0.351983
    outer loop
      vertex 3.25182 16.45 7.42413
      vertex 4.44697 18.25 8.30855
      vertex 3.1055 16.45 7.71129
    endloop
  endfacet
  facet normal 0.422249 -0.631606 0.650215
    outer loop
      vertex 5.00077 18.25 7.62467
      vertex 4.41579 16.45 6.25607
      vertex 5.15 18.25 7.52776
    endloop
  endfacet
  facet normal 0.422384 -0.631593 0.65014
    outer loop
      vertex 4.41579 16.45 6.25607
      vertex 5.00077 18.25 7.62467
      vertex 4.40794 16.45 6.26117
    endloop
  endfacet
  facet normal 0.422238 -0.631607 0.650221
    outer loop
      vertex 4.40794 16.45 6.26117
      vertex 5.00077 18.25 7.62467
      vertex 4.13765 16.45 6.43669
    endloop
  endfacet
  facet normal -0.422384 -0.631593 0.65014
    outer loop
      vertex 6.99923 18.25 7.62467
      vertex 7.58421 16.45 6.25607
      vertex 7.59206 16.45 6.26117
    endloop
  endfacet
  facet normal -0.422249 -0.631606 0.650215
    outer loop
      vertex 7.58421 16.45 6.25607
      vertex 6.99923 18.25 7.62467
      vertex 6.85 18.25 7.52776
    endloop
  endfacet
  facet normal -0.12168 -0.631616 0.765673
    outer loop
      vertex 6.35345 18.25 7.33715
      vertex 6.6495 16.45 5.89935
      vertex 6.65875 16.45 5.90082
    endloop
  endfacet
  facet normal -0.121299 -0.631607 0.765741
    outer loop
      vertex 6.6495 16.45 5.89935
      vertex 6.35345 18.25 7.33715
      vertex 6.1777 18.25 7.30931
    endloop
  endfacet
  facet normal -0.200654 -0.631606 0.748874
    outer loop
      vertex 6.65875 16.45 5.90082
      vertex 6.97005 16.45 5.98423
      vertex 6.35345 18.25 7.33715
    endloop
  endfacet
  facet normal -0.278211 -0.631574 0.72368
    outer loop
      vertex 6.69145 18.25 7.44697
      vertex 6.9791 16.45 5.98665
      vertex 6.98784 16.45 5.99001
    endloop
  endfacet
  facet normal -0.277848 -0.631606 0.723792
    outer loop
      vertex 6.9791 16.45 5.98665
      vertex 6.69145 18.25 7.44697
      vertex 6.52533 18.25 7.3832
    endloop
  endfacet
  facet normal 0.488145 -0.631603 -0.602322
    outer loop
      vertex 4.13037 16.45 11.5574
      vertex 5.00077 18.25 10.3753
      vertex 4.13765 16.45 11.5633
    endloop
  endfacet
  facet normal 0.487943 -0.631609 -0.602479
    outer loop
      vertex 5.00077 18.25 10.3753
      vertex 4.13037 16.45 11.5574
      vertex 4.86248 18.25 10.2633
    endloop
  endfacet
  facet normal 0.277967 -0.631591 -0.723759
    outer loop
      vertex 5.0209 16.45 12.0133
      vertex 5.30855 18.25 10.553
      vertex 5.47467 18.25 10.6168
    endloop
  endfacet
  facet normal 0.273757 -0.631958 -0.725042
    outer loop
      vertex 5.30855 18.25 10.553
      vertex 5.0209 16.45 12.0133
      vertex 5.01216 16.45 12.01
    endloop
  endfacet
  facet normal 0.352019 -0.631621 -0.690751
    outer loop
      vertex 4.42413 16.45 11.7482
      vertex 5.15 18.25 10.4722
      vertex 5.30855 18.25 10.553
    endloop
  endfacet
  facet normal 0.355251 -0.6317 -0.689023
    outer loop
      vertex 5.15 18.25 10.4722
      vertex 4.42413 16.45 11.7482
      vertex 4.41579 16.45 11.7439
    endloop
  endfacet
  facet normal 0.351942 -0.631614 -0.690797
    outer loop
      vertex 5.30855 18.25 10.553
      vertex 4.71129 16.45 11.8945
      vertex 4.42413 16.45 11.7482
    endloop
  endfacet
  facet normal 0.20084 -0.631617 -0.748815
    outer loop
      vertex 5.02995 16.45 12.0158
      vertex 5.47467 18.25 10.6168
      vertex 5.64655 18.25 10.6629
    endloop
  endfacet
  facet normal 0.206408 -0.631736 -0.747198
    outer loop
      vertex 5.47467 18.25 10.6168
      vertex 5.02995 16.45 12.0158
      vertex 5.0209 16.45 12.0133
    endloop
  endfacet
  facet normal 0.200633 -0.631599 -0.748886
    outer loop
      vertex 5.64655 18.25 10.6629
      vertex 5.34125 16.45 12.0992
      vertex 5.02995 16.45 12.0158
    endloop
  endfacet
  facet normal 0.723792 -0.631606 0.277848
    outer loop
      vertex 2.98665 16.45 8.0209
      vertex 4.44697 18.25 8.30855
      vertex 4.3832 18.25 8.47467
    endloop
  endfacet
  facet normal 0.72368 -0.631574 0.278211
    outer loop
      vertex 4.44697 18.25 8.30855
      vertex 2.98665 16.45 8.0209
      vertex 2.99001 16.45 8.01216
    endloop
  endfacet
  facet normal 0.650215 -0.631606 0.422249
    outer loop
      vertex 3.25607 16.45 7.41579
      vertex 4.62467 18.25 8.00077
      vertex 4.52776 18.25 8.15
    endloop
  endfacet
  facet normal 0.65014 -0.631593 0.422384
    outer loop
      vertex 4.62467 18.25 8.00077
      vertex 3.25607 16.45 7.41579
      vertex 3.26117 16.45 7.40794
    endloop
  endfacet
  facet normal 0 0.707085 -0.707128
    outer loop
      vertex -14 18.955 3
      vertex 14 19.45 3.49497
      vertex 14 18.955 3
    endloop
  endfacet
  facet normal 0 0.707085 -0.707128
    outer loop
      vertex 14 19.45 3.49497
      vertex -14 18.955 3
      vertex -14 19.45 3.49497
    endloop
  endfacet
  facet normal 0 -0.707092 0.707121
    outer loop
      vertex -14 19.45 2.50502
      vertex 14 19.945 3
      vertex -14 19.945 3
    endloop
  endfacet
  facet normal 0 -0.707092 0.707121
    outer loop
      vertex 14 19.945 3
      vertex -14 19.45 2.50502
      vertex 14 19.45 2.50502
    endloop
  endfacet
  facet normal -0 0.707092 0.707121
    outer loop
      vertex -14 19.45 2.50502
      vertex 14 18.955 3
      vertex 14 19.45 2.50502
    endloop
  endfacet
  facet normal 0 0.707092 0.707121
    outer loop
      vertex 14 18.955 3
      vertex -14 19.45 2.50502
      vertex -14 18.955 3
    endloop
  endfacet
  facet normal 0 -0.707092 0.707121
    outer loop
      vertex -14 38.845 3
      vertex 14 38.35 2.50502
      vertex 14 38.845 3
    endloop
  endfacet
  facet normal 0 -0.707092 0.707121
    outer loop
      vertex 14 38.35 2.50502
      vertex -14 38.845 3
      vertex -14 38.35 2.50502
    endloop
  endfacet
  facet normal 0 -0.707085 -0.707128
    outer loop
      vertex -14 38.35 3.49497
      vertex 14 38.845 3
      vertex 14 38.35 3.49497
    endloop
  endfacet
  facet normal -0 -0.707085 -0.707128
    outer loop
      vertex 14 38.845 3
      vertex -14 38.35 3.49497
      vertex -14 38.845 3
    endloop
  endfacet
  facet normal 0 0.707092 0.707121
    outer loop
      vertex 14 38.35 2.50502
      vertex -14 37.855 3
      vertex 14 37.855 3
    endloop
  endfacet
  facet normal 0 0.707092 0.707121
    outer loop
      vertex -14 37.855 3
      vertex 14 38.35 2.50502
      vertex -14 38.35 2.50502
    endloop
  endfacet
  facet normal 0.00200388 -0.706294 0.707916
    outer loop
      vertex 13.1728 38.6978 11.8579
      vertex 13.4897 38.35 11.51
      vertex 13.3579 38.5128 11.6728
    endloop
  endfacet
  facet normal -0.00195461 -0.708097 0.706113
    outer loop
      vertex 12.9695 38.8625 12.0225
      vertex 13.4897 38.35 11.51
      vertex 13.1728 38.6978 11.8579
    endloop
  endfacet
  facet normal 0.000945225 -0.706627 0.707586
    outer loop
      vertex 12.75 39.005 12.1651
      vertex 13.4897 38.35 11.51
      vertex 12.9695 38.8625 12.0225
    endloop
  endfacet
  facet normal -0.000129474 -0.707234 0.70698
    outer loop
      vertex 12.5168 39.1238 12.2839
      vertex 13.4897 38.35 11.51
      vertex 12.75 39.005 12.1651
    endloop
  endfacet
  facet normal -0.000627015 -0.707546 0.706667
    outer loop
      vertex 12.2725 39.2176 12.3776
      vertex 13.4897 38.35 11.51
      vertex 12.5168 39.1238 12.2839
    endloop
  endfacet
  facet normal 0.000448529 -0.706792 0.707421
    outer loop
      vertex 12.0198 39.2853 12.4454
      vertex 13.4897 38.35 11.51
      vertex 12.2725 39.2176 12.3776
    endloop
  endfacet
  facet normal -0.000380157 -0.707443 0.70677
    outer loop
      vertex 11.7613 39.3263 12.4863
      vertex 13.4897 38.35 11.51
      vertex 12.0198 39.2853 12.4454
    endloop
  endfacet
  facet normal 7.4204e-17 -0.707107 0.707107
    outer loop
      vertex 11.5 39.34 12.5
      vertex 13.4897 38.35 11.51
      vertex 11.7613 39.3263 12.4863
    endloop
  endfacet
  facet normal 0 -0.707107 0.707107
    outer loop
      vertex -11.5 39.34 12.5
      vertex 13.4897 38.35 11.51
      vertex 11.5 39.34 12.5
    endloop
  endfacet
  facet normal 0 -0.707107 0.707107
    outer loop
      vertex -13.4897 38.35 11.51
      vertex -11.5 39.34 12.5
      vertex -11.7613 39.3263 12.4863
    endloop
  endfacet
  facet normal 0.000380157 -0.707443 0.70677
    outer loop
      vertex -13.4897 38.35 11.51
      vertex -11.7613 39.3263 12.4863
      vertex -12.0198 39.2853 12.4454
    endloop
  endfacet
  facet normal -0.000448529 -0.706792 0.707421
    outer loop
      vertex -13.4897 38.35 11.51
      vertex -12.0198 39.2853 12.4454
      vertex -12.2725 39.2176 12.3776
    endloop
  endfacet
  facet normal 0.000627015 -0.707546 0.706667
    outer loop
      vertex -13.4897 38.35 11.51
      vertex -12.2725 39.2176 12.3776
      vertex -12.5168 39.1238 12.2839
    endloop
  endfacet
  facet normal 0.000129474 -0.707234 0.70698
    outer loop
      vertex -13.4897 38.35 11.51
      vertex -12.5168 39.1238 12.2839
      vertex -12.75 39.005 12.1651
    endloop
  endfacet
  facet normal -0.000945225 -0.706627 0.707586
    outer loop
      vertex -13.4897 38.35 11.51
      vertex -12.75 39.005 12.1651
      vertex -12.9695 38.8625 12.0225
    endloop
  endfacet
  facet normal 0.00195461 -0.708097 0.706113
    outer loop
      vertex -13.4897 38.35 11.51
      vertex -12.9695 38.8625 12.0225
      vertex -13.1728 38.6978 11.8579
    endloop
  endfacet
  facet normal -0.00200388 -0.706294 0.707916
    outer loop
      vertex -13.4897 38.35 11.51
      vertex -13.1728 38.6978 11.8579
      vertex -13.3579 38.5128 11.6728
    endloop
  endfacet
  facet normal 0 -0.707107 0.707107
    outer loop
      vertex -11.5 39.34 12.5
      vertex -13.4897 38.35 11.51
      vertex 13.4897 38.35 11.51
    endloop
  endfacet
endsolid OpenSCAD_Model
