solid OpenSCAD_Model
  facet normal -1 0 0
    outer loop
      vertex -12.05 -14 0.993649
      vertex -12.05 -16 3
      vertex -12.05 -14 2.33333
    endloop
  endfacet
  facet normal -1 0 0
    outer loop
      vertex -12.05 -16 3
      vertex -12.05 -24 8
      vertex -12.05 -16 8
    endloop
  endfacet
  facet normal -1 0 0
    outer loop
      vertex -12.05 -26.0791 4.21852
      vertex -12.05 -16 3
      vertex -12.05 -14 0.993649
    endloop
  endfacet
  facet normal -1 0 0
    outer loop
      vertex -12.05 -16 3
      vertex -12.05 -26.0791 4.21852
      vertex -12.05 -24 8
    endloop
  endfacet
  facet normal -1 -0 0
    outer loop
      vertex -12.05 -24 8
      vertex -12.05 -26.0791 4.21852
      vertex -12.05 -24.6272 8.03287
    endloop
  endfacet
  facet normal -1 -0 0
    outer loop
      vertex -12.05 -24.6272 8.03287
      vertex -12.05 -26.0791 4.21852
      vertex -12.05 -25.2475 8.13111
    endloop
  endfacet
  facet normal -1 -0 0
    outer loop
      vertex -12.05 -25.2475 8.13111
      vertex -12.05 -26.0791 4.21852
      vertex -12.05 -25.8541 8.29366
    endloop
  endfacet
  facet normal -1 0 0
    outer loop
      vertex -12.05 -27.0902 4.48944
      vertex -12.05 -25.8541 8.29366
      vertex -12.05 -26.0791 4.21852
    endloop
  endfacet
  facet normal -1 -0 0
    outer loop
      vertex -12.05 -25.8541 8.29366
      vertex -12.05 -27.0902 4.48944
      vertex -12.05 -26.4404 8.51873
    endloop
  endfacet
  facet normal -1 0 0
    outer loop
      vertex -12.05 -28.0674 4.86455
      vertex -12.05 -26.4404 8.51873
      vertex -12.05 -27.0902 4.48944
    endloop
  endfacet
  facet normal -1 -0 0
    outer loop
      vertex -12.05 -26.4404 8.51873
      vertex -12.05 -28.0674 4.86455
      vertex -12.05 -27 8.80385
    endloop
  endfacet
  facet normal -1 0 0
    outer loop
      vertex -12.05 -29 5.33975
      vertex -12.05 -27 8.80385
      vertex -12.05 -28.0674 4.86455
    endloop
  endfacet
  facet normal -1 -0 0
    outer loop
      vertex -12.05 -27 8.80385
      vertex -12.05 -29 5.33975
      vertex -12.05 -27.5267 9.1459
    endloop
  endfacet
  facet normal -1 0 0
    outer loop
      vertex -12.05 -29.8779 5.90983
      vertex -12.05 -27.5267 9.1459
      vertex -12.05 -29 5.33975
    endloop
  endfacet
  facet normal -1 -0 0
    outer loop
      vertex -12.05 -27.5267 9.1459
      vertex -12.05 -29.8779 5.90983
      vertex -12.05 -28.0148 9.54113
    endloop
  endfacet
  facet normal -1 0 0
    outer loop
      vertex -12.05 -30.6913 6.56855
      vertex -12.05 -28.0148 9.54113
      vertex -12.05 -29.8779 5.90983
    endloop
  endfacet
  facet normal -1 -0 0
    outer loop
      vertex -12.05 -28.0148 9.54113
      vertex -12.05 -30.6913 6.56855
      vertex -12.05 -28.4589 9.98522
    endloop
  endfacet
  facet normal -1 0 0
    outer loop
      vertex -12.05 -31.4314 7.30869
      vertex -12.05 -28.4589 9.98522
      vertex -12.05 -30.6913 6.56855
    endloop
  endfacet
  facet normal -1 -0 0
    outer loop
      vertex -12.05 -28.4589 9.98522
      vertex -12.05 -31.4314 7.30869
      vertex -12.05 -28.8541 10.4733
    endloop
  endfacet
  facet normal -1 0 0
    outer loop
      vertex -12.05 -32.0902 8.12215
      vertex -12.05 -28.8541 10.4733
      vertex -12.05 -31.4314 7.30869
    endloop
  endfacet
  facet normal -1 -0 0
    outer loop
      vertex -12.05 -28.8541 10.4733
      vertex -12.05 -32.0902 8.12215
      vertex -12.05 -29.1962 11
    endloop
  endfacet
  facet normal -1 0 0
    outer loop
      vertex -12.05 -32.6603 9
      vertex -12.05 -29.1962 11
      vertex -12.05 -32.0902 8.12215
    endloop
  endfacet
  facet normal -1 -0 0
    outer loop
      vertex -12.05 -29.1962 11
      vertex -12.05 -32.6603 9
      vertex -12.05 -29.4813 11.5596
    endloop
  endfacet
  facet normal -1 0 0
    outer loop
      vertex -12.05 -33.1355 9.93263
      vertex -12.05 -29.4813 11.5596
      vertex -12.05 -32.6603 9
    endloop
  endfacet
  facet normal -1 0 0
    outer loop
      vertex -12.05 -16 20
      vertex -12.05 -24 20
      vertex -12.05 -16 25
    endloop
  endfacet
  facet normal -1 0 0
    outer loop
      vertex -12.05 -16 25
      vertex -12.05 -14 27.0064
      vertex -12.05 -14 25.6667
    endloop
  endfacet
  facet normal -1 0 0
    outer loop
      vertex -12.05 -26.0791 23.7815
      vertex -12.05 -16 25
      vertex -12.05 -24 20
    endloop
  endfacet
  facet normal -1 0 0
    outer loop
      vertex -12.05 -26.0791 23.7815
      vertex -12.05 -24 20
      vertex -12.05 -24.6272 19.9671
    endloop
  endfacet
  facet normal -1 0 0
    outer loop
      vertex -12.05 -26.0791 23.7815
      vertex -12.05 -24.6272 19.9671
      vertex -12.05 -25.2475 19.8689
    endloop
  endfacet
  facet normal -1 0 0
    outer loop
      vertex -12.05 -26.0791 23.7815
      vertex -12.05 -25.2475 19.8689
      vertex -12.05 -25.8541 19.7063
    endloop
  endfacet
  facet normal -1 -0 0
    outer loop
      vertex -12.05 -16 25
      vertex -12.05 -26.0791 23.7815
      vertex -12.05 -14 27.0064
    endloop
  endfacet
  facet normal -1 0 0
    outer loop
      vertex -12.05 -27.0902 23.5106
      vertex -12.05 -25.8541 19.7063
      vertex -12.05 -26.4404 19.4813
    endloop
  endfacet
  facet normal -1 0 0
    outer loop
      vertex -12.05 -28.0674 23.1355
      vertex -12.05 -26.4404 19.4813
      vertex -12.05 -27 19.1962
    endloop
  endfacet
  facet normal -1 0 0
    outer loop
      vertex -12.05 -25.8541 19.7063
      vertex -12.05 -27.0902 23.5106
      vertex -12.05 -26.0791 23.7815
    endloop
  endfacet
  facet normal -1 0 0
    outer loop
      vertex -12.05 -29 22.6603
      vertex -12.05 -27 19.1962
      vertex -12.05 -27.5267 18.8541
    endloop
  endfacet
  facet normal -1 0 0
    outer loop
      vertex -12.05 -29.8779 22.0902
      vertex -12.05 -27.5267 18.8541
      vertex -12.05 -28.0148 18.4589
    endloop
  endfacet
  facet normal -1 0 0
    outer loop
      vertex -12.05 -26.4404 19.4813
      vertex -12.05 -28.0674 23.1355
      vertex -12.05 -27.0902 23.5106
    endloop
  endfacet
  facet normal -1 0 0
    outer loop
      vertex -12.05 -30.6913 21.4314
      vertex -12.05 -28.0148 18.4589
      vertex -12.05 -28.4589 18.0148
    endloop
  endfacet
  facet normal -1 0 0
    outer loop
      vertex -12.05 -31.4314 20.6913
      vertex -12.05 -28.4589 18.0148
      vertex -12.05 -28.8541 17.5267
    endloop
  endfacet
  facet normal -1 0 0
    outer loop
      vertex -12.05 -27 19.1962
      vertex -12.05 -29 22.6603
      vertex -12.05 -28.0674 23.1355
    endloop
  endfacet
  facet normal -1 0 0
    outer loop
      vertex -12.05 -32.0902 19.8779
      vertex -12.05 -28.8541 17.5267
      vertex -12.05 -29.1962 17
    endloop
  endfacet
  facet normal -1 0 0
    outer loop
      vertex -12.05 -32.6603 19
      vertex -12.05 -29.1962 17
      vertex -12.05 -29.4813 16.4404
    endloop
  endfacet
  facet normal -1 0 0
    outer loop
      vertex -12.05 -33.1355 18.0674
      vertex -12.05 -29.4813 16.4404
      vertex -12.05 -29.7063 15.8541
    endloop
  endfacet
  facet normal -1 0 0
    outer loop
      vertex -12.05 -33.5106 17.0902
      vertex -12.05 -29.7063 15.8541
      vertex -12.05 -29.8689 15.2475
    endloop
  endfacet
  facet normal -1 0 0
    outer loop
      vertex -12.05 -27.5267 18.8541
      vertex -12.05 -29.8779 22.0902
      vertex -12.05 -29 22.6603
    endloop
  endfacet
  facet normal -1 0 0
    outer loop
      vertex -12.05 -33.7815 16.0791
      vertex -12.05 -29.8689 15.2475
      vertex -12.05 -29.9671 14.6272
    endloop
  endfacet
  facet normal -1 0 0
    outer loop
      vertex -12.05 -33.9452 15.0453
      vertex -12.05 -29.9671 14.6272
      vertex -12.05 -30 14
    endloop
  endfacet
  facet normal -1 -0 0
    outer loop
      vertex -12.05 -29.4813 11.5596
      vertex -12.05 -33.1355 9.93263
      vertex -12.05 -29.7063 12.1459
    endloop
  endfacet
  facet normal -1 0 0
    outer loop
      vertex -12.05 -28.0148 18.4589
      vertex -12.05 -30.6913 21.4314
      vertex -12.05 -29.8779 22.0902
    endloop
  endfacet
  facet normal -1 0 0
    outer loop
      vertex -12.05 -33.5106 10.9098
      vertex -12.05 -29.7063 12.1459
      vertex -12.05 -33.1355 9.93263
    endloop
  endfacet
  facet normal -1 0 0
    outer loop
      vertex -12.05 -28.4589 18.0148
      vertex -12.05 -31.4314 20.6913
      vertex -12.05 -30.6913 21.4314
    endloop
  endfacet
  facet normal -1 -0 0
    outer loop
      vertex -12.05 -29.7063 12.1459
      vertex -12.05 -33.5106 10.9098
      vertex -12.05 -29.8689 12.7525
    endloop
  endfacet
  facet normal -1 0 0
    outer loop
      vertex -12.05 -28.8541 17.5267
      vertex -12.05 -32.0902 19.8779
      vertex -12.05 -31.4314 20.6913
    endloop
  endfacet
  facet normal -1 0 0
    outer loop
      vertex -12.05 -33.7815 11.9209
      vertex -12.05 -29.8689 12.7525
      vertex -12.05 -33.5106 10.9098
    endloop
  endfacet
  facet normal -1 0 0
    outer loop
      vertex -12.05 -29.1962 17
      vertex -12.05 -32.6603 19
      vertex -12.05 -32.0902 19.8779
    endloop
  endfacet
  facet normal -1 -0 0
    outer loop
      vertex -12.05 -29.8689 12.7525
      vertex -12.05 -33.7815 11.9209
      vertex -12.05 -29.9671 13.3728
    endloop
  endfacet
  facet normal -1 0 0
    outer loop
      vertex -12.05 -29.4813 16.4404
      vertex -12.05 -33.1355 18.0674
      vertex -12.05 -32.6603 19
    endloop
  endfacet
  facet normal -1 0 0
    outer loop
      vertex -12.05 -33.9452 12.9547
      vertex -12.05 -29.9671 13.3728
      vertex -12.05 -33.7815 11.9209
    endloop
  endfacet
  facet normal -1 0 0
    outer loop
      vertex -12.05 -29.7063 15.8541
      vertex -12.05 -33.5106 17.0902
      vertex -12.05 -33.1355 18.0674
    endloop
  endfacet
  facet normal -1 -0 0
    outer loop
      vertex -12.05 -29.9671 13.3728
      vertex -12.05 -33.9452 12.9547
      vertex -12.05 -30 14
    endloop
  endfacet
  facet normal -1 0 0
    outer loop
      vertex -12.05 -29.8689 15.2475
      vertex -12.05 -33.7815 16.0791
      vertex -12.05 -33.5106 17.0902
    endloop
  endfacet
  facet normal -1 0 0
    outer loop
      vertex -12.05 -34 14
      vertex -12.05 -30 14
      vertex -12.05 -33.9452 12.9547
    endloop
  endfacet
  facet normal -1 0 0
    outer loop
      vertex -12.05 -29.9671 14.6272
      vertex -12.05 -33.9452 15.0453
      vertex -12.05 -33.7815 16.0791
    endloop
  endfacet
  facet normal -1 0 0
    outer loop
      vertex -12.05 -30 14
      vertex -12.05 -34 14
      vertex -12.05 -33.9452 15.0453
    endloop
  endfacet
  facet normal 1 0 0
    outer loop
      vertex -7.05 -14 27.0064
      vertex -7.05 -16 25
      vertex -7.05 -14 25.6667
    endloop
  endfacet
  facet normal 1 0 0
    outer loop
      vertex -7.05 -16 25
      vertex -7.05 -24 20
      vertex -7.05 -16 20
    endloop
  endfacet
  facet normal 1 0 0
    outer loop
      vertex -7.05 -26.0791 23.7815
      vertex -7.05 -16 25
      vertex -7.05 -14 27.0064
    endloop
  endfacet
  facet normal 1 0 0
    outer loop
      vertex -7.05 -16 25
      vertex -7.05 -26.0791 23.7815
      vertex -7.05 -24 20
    endloop
  endfacet
  facet normal 1 0 0
    outer loop
      vertex -7.05 -24 20
      vertex -7.05 -26.0791 23.7815
      vertex -7.05 -24.6272 19.9671
    endloop
  endfacet
  facet normal 1 0 0
    outer loop
      vertex -7.05 -24.6272 19.9671
      vertex -7.05 -26.0791 23.7815
      vertex -7.05 -25.2475 19.8689
    endloop
  endfacet
  facet normal 1 0 0
    outer loop
      vertex -7.05 -25.2475 19.8689
      vertex -7.05 -26.0791 23.7815
      vertex -7.05 -25.8541 19.7063
    endloop
  endfacet
  facet normal 1 -0 0
    outer loop
      vertex -7.05 -27.0902 23.5106
      vertex -7.05 -25.8541 19.7063
      vertex -7.05 -26.0791 23.7815
    endloop
  endfacet
  facet normal 1 0 0
    outer loop
      vertex -7.05 -25.8541 19.7063
      vertex -7.05 -27.0902 23.5106
      vertex -7.05 -26.4404 19.4813
    endloop
  endfacet
  facet normal 1 -0 0
    outer loop
      vertex -7.05 -28.0674 23.1355
      vertex -7.05 -26.4404 19.4813
      vertex -7.05 -27.0902 23.5106
    endloop
  endfacet
  facet normal 1 0 0
    outer loop
      vertex -7.05 -26.4404 19.4813
      vertex -7.05 -28.0674 23.1355
      vertex -7.05 -27 19.1962
    endloop
  endfacet
  facet normal 1 -0 0
    outer loop
      vertex -7.05 -29 22.6603
      vertex -7.05 -27 19.1962
      vertex -7.05 -28.0674 23.1355
    endloop
  endfacet
  facet normal 1 0 0
    outer loop
      vertex -7.05 -27 19.1962
      vertex -7.05 -29 22.6603
      vertex -7.05 -27.5267 18.8541
    endloop
  endfacet
  facet normal 1 -0 0
    outer loop
      vertex -7.05 -29.8779 22.0902
      vertex -7.05 -27.5267 18.8541
      vertex -7.05 -29 22.6603
    endloop
  endfacet
  facet normal 1 0 0
    outer loop
      vertex -7.05 -27.5267 18.8541
      vertex -7.05 -29.8779 22.0902
      vertex -7.05 -28.0148 18.4589
    endloop
  endfacet
  facet normal 1 -0 0
    outer loop
      vertex -7.05 -30.6913 21.4314
      vertex -7.05 -28.0148 18.4589
      vertex -7.05 -29.8779 22.0902
    endloop
  endfacet
  facet normal 1 0 0
    outer loop
      vertex -7.05 -28.0148 18.4589
      vertex -7.05 -30.6913 21.4314
      vertex -7.05 -28.4589 18.0148
    endloop
  endfacet
  facet normal 1 -0 0
    outer loop
      vertex -7.05 -31.4314 20.6913
      vertex -7.05 -28.4589 18.0148
      vertex -7.05 -30.6913 21.4314
    endloop
  endfacet
  facet normal 1 0 0
    outer loop
      vertex -7.05 -28.4589 18.0148
      vertex -7.05 -31.4314 20.6913
      vertex -7.05 -28.8541 17.5267
    endloop
  endfacet
  facet normal 1 -0 0
    outer loop
      vertex -7.05 -32.0902 19.8779
      vertex -7.05 -28.8541 17.5267
      vertex -7.05 -31.4314 20.6913
    endloop
  endfacet
  facet normal 1 0 0
    outer loop
      vertex -7.05 -28.8541 17.5267
      vertex -7.05 -32.0902 19.8779
      vertex -7.05 -29.1962 17
    endloop
  endfacet
  facet normal 1 -0 0
    outer loop
      vertex -7.05 -32.6603 19
      vertex -7.05 -29.1962 17
      vertex -7.05 -32.0902 19.8779
    endloop
  endfacet
  facet normal 1 0 0
    outer loop
      vertex -7.05 -29.1962 17
      vertex -7.05 -32.6603 19
      vertex -7.05 -29.4813 16.4404
    endloop
  endfacet
  facet normal 1 -0 0
    outer loop
      vertex -7.05 -33.1355 18.0674
      vertex -7.05 -29.4813 16.4404
      vertex -7.05 -32.6603 19
    endloop
  endfacet
  facet normal 1 0 0
    outer loop
      vertex -7.05 -16 8
      vertex -7.05 -24 8
      vertex -7.05 -16 3
    endloop
  endfacet
  facet normal 1 0 0
    outer loop
      vertex -7.05 -16 3
      vertex -7.05 -14 0.993649
      vertex -7.05 -14 2.33333
    endloop
  endfacet
  facet normal 1 -0 0
    outer loop
      vertex -7.05 -26.0791 4.21852
      vertex -7.05 -16 3
      vertex -7.05 -24 8
    endloop
  endfacet
  facet normal 1 0 0
    outer loop
      vertex -7.05 -26.0791 4.21852
      vertex -7.05 -24 8
      vertex -7.05 -24.6272 8.03287
    endloop
  endfacet
  facet normal 1 0 0
    outer loop
      vertex -7.05 -26.0791 4.21852
      vertex -7.05 -24.6272 8.03287
      vertex -7.05 -25.2475 8.13111
    endloop
  endfacet
  facet normal 1 0 0
    outer loop
      vertex -7.05 -26.0791 4.21852
      vertex -7.05 -25.2475 8.13111
      vertex -7.05 -25.8541 8.29366
    endloop
  endfacet
  facet normal 1 0 0
    outer loop
      vertex -7.05 -16 3
      vertex -7.05 -26.0791 4.21852
      vertex -7.05 -14 0.993649
    endloop
  endfacet
  facet normal 1 0 0
    outer loop
      vertex -7.05 -27.0902 4.48944
      vertex -7.05 -25.8541 8.29366
      vertex -7.05 -26.4404 8.51873
    endloop
  endfacet
  facet normal 1 0 0
    outer loop
      vertex -7.05 -28.0674 4.86455
      vertex -7.05 -26.4404 8.51873
      vertex -7.05 -27 8.80385
    endloop
  endfacet
  facet normal 1 0 0
    outer loop
      vertex -7.05 -25.8541 8.29366
      vertex -7.05 -27.0902 4.48944
      vertex -7.05 -26.0791 4.21852
    endloop
  endfacet
  facet normal 1 0 0
    outer loop
      vertex -7.05 -29 5.33975
      vertex -7.05 -27 8.80385
      vertex -7.05 -27.5267 9.1459
    endloop
  endfacet
  facet normal 1 0 0
    outer loop
      vertex -7.05 -29.8779 5.90983
      vertex -7.05 -27.5267 9.1459
      vertex -7.05 -28.0148 9.54113
    endloop
  endfacet
  facet normal 1 0 0
    outer loop
      vertex -7.05 -26.4404 8.51873
      vertex -7.05 -28.0674 4.86455
      vertex -7.05 -27.0902 4.48944
    endloop
  endfacet
  facet normal 1 0 0
    outer loop
      vertex -7.05 -30.6913 6.56855
      vertex -7.05 -28.0148 9.54113
      vertex -7.05 -28.4589 9.98522
    endloop
  endfacet
  facet normal 1 0 0
    outer loop
      vertex -7.05 -31.4314 7.30869
      vertex -7.05 -28.4589 9.98522
      vertex -7.05 -28.8541 10.4733
    endloop
  endfacet
  facet normal 1 0 0
    outer loop
      vertex -7.05 -27 8.80385
      vertex -7.05 -29 5.33975
      vertex -7.05 -28.0674 4.86455
    endloop
  endfacet
  facet normal 1 0 0
    outer loop
      vertex -7.05 -32.0902 8.12215
      vertex -7.05 -28.8541 10.4733
      vertex -7.05 -29.1962 11
    endloop
  endfacet
  facet normal 1 0 0
    outer loop
      vertex -7.05 -32.6603 9
      vertex -7.05 -29.1962 11
      vertex -7.05 -29.4813 11.5596
    endloop
  endfacet
  facet normal 1 0 0
    outer loop
      vertex -7.05 -33.1355 9.93263
      vertex -7.05 -29.4813 11.5596
      vertex -7.05 -29.7063 12.1459
    endloop
  endfacet
  facet normal 1 0 0
    outer loop
      vertex -7.05 -33.5106 10.9098
      vertex -7.05 -29.7063 12.1459
      vertex -7.05 -29.8689 12.7525
    endloop
  endfacet
  facet normal 1 0 0
    outer loop
      vertex -7.05 -27.5267 9.1459
      vertex -7.05 -29.8779 5.90983
      vertex -7.05 -29 5.33975
    endloop
  endfacet
  facet normal 1 0 0
    outer loop
      vertex -7.05 -33.7815 11.9209
      vertex -7.05 -29.8689 12.7525
      vertex -7.05 -29.9671 13.3728
    endloop
  endfacet
  facet normal 1 0 0
    outer loop
      vertex -7.05 -33.9452 12.9547
      vertex -7.05 -29.9671 13.3728
      vertex -7.05 -30 14
    endloop
  endfacet
  facet normal 1 0 0
    outer loop
      vertex -7.05 -29.4813 16.4404
      vertex -7.05 -33.1355 18.0674
      vertex -7.05 -29.7063 15.8541
    endloop
  endfacet
  facet normal 1 0 0
    outer loop
      vertex -7.05 -28.0148 9.54113
      vertex -7.05 -30.6913 6.56855
      vertex -7.05 -29.8779 5.90983
    endloop
  endfacet
  facet normal 1 -0 0
    outer loop
      vertex -7.05 -33.5106 17.0902
      vertex -7.05 -29.7063 15.8541
      vertex -7.05 -33.1355 18.0674
    endloop
  endfacet
  facet normal 1 0 0
    outer loop
      vertex -7.05 -28.4589 9.98522
      vertex -7.05 -31.4314 7.30869
      vertex -7.05 -30.6913 6.56855
    endloop
  endfacet
  facet normal 1 0 0
    outer loop
      vertex -7.05 -29.7063 15.8541
      vertex -7.05 -33.5106 17.0902
      vertex -7.05 -29.8689 15.2475
    endloop
  endfacet
  facet normal 1 0 0
    outer loop
      vertex -7.05 -28.8541 10.4733
      vertex -7.05 -32.0902 8.12215
      vertex -7.05 -31.4314 7.30869
    endloop
  endfacet
  facet normal 1 -0 0
    outer loop
      vertex -7.05 -33.7815 16.0791
      vertex -7.05 -29.8689 15.2475
      vertex -7.05 -33.5106 17.0902
    endloop
  endfacet
  facet normal 1 0 0
    outer loop
      vertex -7.05 -29.1962 11
      vertex -7.05 -32.6603 9
      vertex -7.05 -32.0902 8.12215
    endloop
  endfacet
  facet normal 1 0 0
    outer loop
      vertex -7.05 -29.8689 15.2475
      vertex -7.05 -33.7815 16.0791
      vertex -7.05 -29.9671 14.6272
    endloop
  endfacet
  facet normal 1 0 0
    outer loop
      vertex -7.05 -29.4813 11.5596
      vertex -7.05 -33.1355 9.93263
      vertex -7.05 -32.6603 9
    endloop
  endfacet
  facet normal 1 -0 0
    outer loop
      vertex -7.05 -33.9452 15.0453
      vertex -7.05 -29.9671 14.6272
      vertex -7.05 -33.7815 16.0791
    endloop
  endfacet
  facet normal 1 0 0
    outer loop
      vertex -7.05 -29.7063 12.1459
      vertex -7.05 -33.5106 10.9098
      vertex -7.05 -33.1355 9.93263
    endloop
  endfacet
  facet normal 1 0 0
    outer loop
      vertex -7.05 -29.9671 14.6272
      vertex -7.05 -33.9452 15.0453
      vertex -7.05 -30 14
    endloop
  endfacet
  facet normal 1 0 0
    outer loop
      vertex -7.05 -29.8689 12.7525
      vertex -7.05 -33.7815 11.9209
      vertex -7.05 -33.5106 10.9098
    endloop
  endfacet
  facet normal 1 0 0
    outer loop
      vertex -7.05 -34 14
      vertex -7.05 -30 14
      vertex -7.05 -33.9452 15.0453
    endloop
  endfacet
  facet normal 1 0 0
    outer loop
      vertex -7.05 -29.9671 13.3728
      vertex -7.05 -33.9452 12.9547
      vertex -7.05 -33.7815 11.9209
    endloop
  endfacet
  facet normal 1 0 0
    outer loop
      vertex -7.05 -30 14
      vertex -7.05 -34 14
      vertex -7.05 -33.9452 12.9547
    endloop
  endfacet
  facet normal 0 -0.454003 -0.891
    outer loop
      vertex -12.05 -29 5.33975
      vertex -7.05 -28.0674 4.86455
      vertex -7.05 -29 5.33975
    endloop
  endfacet
  facet normal -0 -0.454003 -0.891
    outer loop
      vertex -7.05 -28.0674 4.86455
      vertex -12.05 -29 5.33975
      vertex -12.05 -28.0674 4.86455
    endloop
  endfacet
  facet normal 0 -0.544629 0.838677
    outer loop
      vertex -12.05 -29 22.6603
      vertex -7.05 -29.8779 22.0902
      vertex -7.05 -29 22.6603
    endloop
  endfacet
  facet normal 0 -0.544629 0.838677
    outer loop
      vertex -7.05 -29.8779 22.0902
      vertex -12.05 -29 22.6603
      vertex -12.05 -29.8779 22.0902
    endloop
  endfacet
  facet normal 0 -0.998629 0.0523532
    outer loop
      vertex -12.05 -34 14
      vertex -7.05 -33.9452 15.0453
      vertex -12.05 -33.9452 15.0453
    endloop
  endfacet
  facet normal 0 -0.998629 0.0523532
    outer loop
      vertex -7.05 -33.9452 15.0453
      vertex -12.05 -34 14
      vertex -7.05 -34 14
    endloop
  endfacet
  facet normal 0 -0.933581 -0.358368
    outer loop
      vertex -12.05 -33.1355 9.93263
      vertex -7.05 -33.5106 10.9098
      vertex -12.05 -33.5106 10.9098
    endloop
  endfacet
  facet normal 0 -0.933581 -0.358368
    outer loop
      vertex -7.05 -33.5106 10.9098
      vertex -12.05 -33.1355 9.93263
      vertex -7.05 -33.1355 9.93263
    endloop
  endfacet
  facet normal 0 -0.891 0.454003
    outer loop
      vertex -12.05 -33.1355 18.0674
      vertex -7.05 -32.6603 19
      vertex -12.05 -32.6603 19
    endloop
  endfacet
  facet normal 0 -0.891 0.454003
    outer loop
      vertex -7.05 -32.6603 19
      vertex -12.05 -33.1355 18.0674
      vertex -7.05 -33.1355 18.0674
    endloop
  endfacet
  facet normal 0 -0.358358 0.933584
    outer loop
      vertex -12.05 -27.0902 23.5106
      vertex -7.05 -28.0674 23.1355
      vertex -7.05 -27.0902 23.5106
    endloop
  endfacet
  facet normal 0 -0.358358 0.933584
    outer loop
      vertex -7.05 -28.0674 23.1355
      vertex -12.05 -27.0902 23.5106
      vertex -12.05 -28.0674 23.1355
    endloop
  endfacet
  facet normal 0 -0.454003 0.891
    outer loop
      vertex -12.05 -28.0674 23.1355
      vertex -7.05 -29 22.6603
      vertex -7.05 -28.0674 23.1355
    endloop
  endfacet
  facet normal 0 -0.454003 0.891
    outer loop
      vertex -7.05 -29 22.6603
      vertex -12.05 -28.0674 23.1355
      vertex -12.05 -29 22.6603
    endloop
  endfacet
  facet normal 0 -0.965931 -0.258798
    outer loop
      vertex -12.05 -33.5106 10.9098
      vertex -7.05 -33.7815 11.9209
      vertex -12.05 -33.7815 11.9209
    endloop
  endfacet
  facet normal 0 -0.965931 -0.258798
    outer loop
      vertex -7.05 -33.7815 11.9209
      vertex -12.05 -33.5106 10.9098
      vertex -7.05 -33.5106 10.9098
    endloop
  endfacet
  facet normal 0 -0.838663 -0.544651
    outer loop
      vertex -12.05 -32.0902 8.12215
      vertex -7.05 -32.6603 9
      vertex -12.05 -32.6603 9
    endloop
  endfacet
  facet normal 0 -0.838663 -0.544651
    outer loop
      vertex -7.05 -32.6603 9
      vertex -12.05 -32.0902 8.12215
      vertex -7.05 -32.0902 8.12215
    endloop
  endfacet
  facet normal 0 -0.891006 -0.453991
    outer loop
      vertex -12.05 -32.6603 9
      vertex -7.05 -33.1355 9.93263
      vertex -12.05 -33.1355 9.93263
    endloop
  endfacet
  facet normal 0 -0.891006 -0.453991
    outer loop
      vertex -7.05 -33.1355 9.93263
      vertex -12.05 -32.6603 9
      vertex -7.05 -32.6603 9
    endloop
  endfacet
  facet normal 0 -0.358366 -0.933581
    outer loop
      vertex -12.05 -28.0674 4.86455
      vertex -7.05 -27.0902 4.48944
      vertex -7.05 -28.0674 4.86455
    endloop
  endfacet
  facet normal -0 -0.358366 -0.933581
    outer loop
      vertex -7.05 -27.0902 4.48944
      vertex -12.05 -28.0674 4.86455
      vertex -12.05 -27.0902 4.48944
    endloop
  endfacet
  facet normal 0 -0.258816 -0.965927
    outer loop
      vertex -12.05 -27.0902 4.48944
      vertex -7.05 -26.0791 4.21852
      vertex -7.05 -27.0902 4.48944
    endloop
  endfacet
  facet normal -0 -0.258816 -0.965927
    outer loop
      vertex -7.05 -26.0791 4.21852
      vertex -12.05 -27.0902 4.48944
      vertex -12.05 -26.0791 4.21852
    endloop
  endfacet
  facet normal 0 -0.965931 0.258798
    outer loop
      vertex -12.05 -33.7815 16.0791
      vertex -7.05 -33.5106 17.0902
      vertex -12.05 -33.5106 17.0902
    endloop
  endfacet
  facet normal 0 -0.965931 0.258798
    outer loop
      vertex -7.05 -33.5106 17.0902
      vertex -12.05 -33.7815 16.0791
      vertex -7.05 -33.7815 16.0791
    endloop
  endfacet
  facet normal 0 -0.838677 0.544629
    outer loop
      vertex -12.05 -32.6603 19
      vertex -7.05 -32.0902 19.8779
      vertex -12.05 -32.0902 19.8779
    endloop
  endfacet
  facet normal 0 -0.838677 0.544629
    outer loop
      vertex -7.05 -32.0902 19.8779
      vertex -12.05 -32.6603 19
      vertex -7.05 -32.6603 19
    endloop
  endfacet
  facet normal 0 -0.257947 0.966159
    outer loop
      vertex -12.05 -14 27.0064
      vertex -7.05 -26.0791 23.7815
      vertex -7.05 -14 27.0064
    endloop
  endfacet
  facet normal 0 -0.257947 0.966159
    outer loop
      vertex -7.05 -26.0791 23.7815
      vertex -12.05 -14 27.0064
      vertex -12.05 -26.0791 23.7815
    endloop
  endfacet
  facet normal 0 -0.258798 0.965931
    outer loop
      vertex -12.05 -26.0791 23.7815
      vertex -7.05 -27.0902 23.5106
      vertex -7.05 -26.0791 23.7815
    endloop
  endfacet
  facet normal 0 -0.258798 0.965931
    outer loop
      vertex -7.05 -27.0902 23.5106
      vertex -12.05 -26.0791 23.7815
      vertex -12.05 -27.0902 23.5106
    endloop
  endfacet
  facet normal 0 -0.998629 -0.0523532
    outer loop
      vertex -12.05 -33.9452 12.9547
      vertex -7.05 -34 14
      vertex -12.05 -34 14
    endloop
  endfacet
  facet normal 0 -0.998629 -0.0523532
    outer loop
      vertex -7.05 -34 14
      vertex -12.05 -33.9452 12.9547
      vertex -7.05 -33.9452 12.9547
    endloop
  endfacet
  facet normal 0 -0.544616 -0.838686
    outer loop
      vertex -12.05 -29.8779 5.90983
      vertex -7.05 -29 5.33975
      vertex -7.05 -29.8779 5.90983
    endloop
  endfacet
  facet normal -0 -0.544616 -0.838686
    outer loop
      vertex -7.05 -29 5.33975
      vertex -12.05 -29.8779 5.90983
      vertex -12.05 -29 5.33975
    endloop
  endfacet
  facet normal 0 -0.257945 -0.96616
    outer loop
      vertex -12.05 -26.0791 4.21852
      vertex -7.05 -14 0.993649
      vertex -7.05 -26.0791 4.21852
    endloop
  endfacet
  facet normal -0 -0.257945 -0.96616
    outer loop
      vertex -7.05 -14 0.993649
      vertex -12.05 -26.0791 4.21852
      vertex -12.05 -14 0.993649
    endloop
  endfacet
  facet normal 0 -0.987694 0.156399
    outer loop
      vertex -12.05 -33.9452 15.0453
      vertex -7.05 -33.7815 16.0791
      vertex -12.05 -33.7815 16.0791
    endloop
  endfacet
  facet normal 0 -0.987694 0.156399
    outer loop
      vertex -7.05 -33.7815 16.0791
      vertex -12.05 -33.9452 15.0453
      vertex -7.05 -33.9452 15.0453
    endloop
  endfacet
  facet normal 0 -0.933584 0.358358
    outer loop
      vertex -12.05 -33.5106 17.0902
      vertex -7.05 -33.1355 18.0674
      vertex -12.05 -33.1355 18.0674
    endloop
  endfacet
  facet normal 0 -0.933584 0.358358
    outer loop
      vertex -7.05 -33.1355 18.0674
      vertex -12.05 -33.5106 17.0902
      vertex -7.05 -33.5106 17.0902
    endloop
  endfacet
  facet normal 0 -0.629391 0.777089
    outer loop
      vertex -12.05 -29.8779 22.0902
      vertex -7.05 -30.6913 21.4314
      vertex -7.05 -29.8779 22.0902
    endloop
  endfacet
  facet normal 0 -0.629391 0.777089
    outer loop
      vertex -7.05 -30.6913 21.4314
      vertex -12.05 -29.8779 22.0902
      vertex -12.05 -30.6913 21.4314
    endloop
  endfacet
  facet normal 0 -0.987694 -0.156399
    outer loop
      vertex -12.05 -33.7815 11.9209
      vertex -7.05 -33.9452 12.9547
      vertex -12.05 -33.9452 12.9547
    endloop
  endfacet
  facet normal 0 -0.987694 -0.156399
    outer loop
      vertex -7.05 -33.9452 12.9547
      vertex -12.05 -33.7815 11.9209
      vertex -7.05 -33.7815 11.9209
    endloop
  endfacet
  facet normal 0 -0.777089 0.629391
    outer loop
      vertex -12.05 -32.0902 19.8779
      vertex -7.05 -31.4314 20.6913
      vertex -12.05 -31.4314 20.6913
    endloop
  endfacet
  facet normal 0 -0.777089 0.629391
    outer loop
      vertex -7.05 -31.4314 20.6913
      vertex -12.05 -32.0902 19.8779
      vertex -7.05 -32.0902 19.8779
    endloop
  endfacet
  facet normal 0 -0.707107 0.707107
    outer loop
      vertex -12.05 -31.4314 20.6913
      vertex -7.05 -30.6913 21.4314
      vertex -12.05 -30.6913 21.4314
    endloop
  endfacet
  facet normal 0 -0.707107 0.707107
    outer loop
      vertex -7.05 -30.6913 21.4314
      vertex -12.05 -31.4314 20.6913
      vertex -7.05 -31.4314 20.6913
    endloop
  endfacet
  facet normal 0 -0.777112 -0.629363
    outer loop
      vertex -12.05 -31.4314 7.30869
      vertex -7.05 -32.0902 8.12215
      vertex -12.05 -32.0902 8.12215
    endloop
  endfacet
  facet normal 0 -0.777112 -0.629363
    outer loop
      vertex -7.05 -32.0902 8.12215
      vertex -12.05 -31.4314 7.30869
      vertex -7.05 -31.4314 7.30869
    endloop
  endfacet
  facet normal 0 -0.707126 -0.707088
    outer loop
      vertex -12.05 -30.6913 6.56855
      vertex -7.05 -31.4314 7.30869
      vertex -12.05 -31.4314 7.30869
    endloop
  endfacet
  facet normal 0 -0.707126 -0.707088
    outer loop
      vertex -7.05 -31.4314 7.30869
      vertex -12.05 -30.6913 6.56855
      vertex -7.05 -30.6913 6.56855
    endloop
  endfacet
  facet normal 0 -0.629344 -0.777126
    outer loop
      vertex -12.05 -30.6913 6.56855
      vertex -7.05 -29.8779 5.90983
      vertex -7.05 -30.6913 6.56855
    endloop
  endfacet
  facet normal -0 -0.629344 -0.777126
    outer loop
      vertex -7.05 -29.8779 5.90983
      vertex -12.05 -30.6913 6.56855
      vertex -12.05 -29.8779 5.90983
    endloop
  endfacet
  facet normal 2.37167e-05 -0.316242 0.948679
    outer loop
      vertex -7.05 -14 25.6667
      vertex -7.05 -16 25
      vertex -4.88658 -12.7549 26.0817
    endloop
  endfacet
  facet normal -2.3717e-05 -0.316242 0.948679
    outer loop
      vertex -12.05 -14 25.6667
      vertex -14.2134 -12.7549 26.0817
      vertex -12.05 -16 25
    endloop
  endfacet
  facet normal 0.831848 -0.555004 0
    outer loop
      vertex -4.88658 -12.7549 26.0817
      vertex -4.93295 -12.8244 19.618
      vertex -4.88658 -12.7549 19.5617
    endloop
  endfacet
  facet normal 0.832085 -0.554648 -5.53074e-06
    outer loop
      vertex -4.88658 -12.7549 26.0817
      vertex -5.05 -13 19.732
      vertex -4.93295 -12.8244 19.618
    endloop
  endfacet
  facet normal 0.832016 -0.554752 2.44604e-07
    outer loop
      vertex -4.88658 -12.7549 26.0817
      vertex -5.17435 -13.1865 19.8271
      vertex -5.05 -13 19.732
    endloop
  endfacet
  facet normal 0.832132 -0.554577 -1.71519e-05
    outer loop
      vertex -4.88658 -12.7549 26.0817
      vertex -5.30464 -13.382 19.9021
      vertex -5.17435 -13.1865 19.8271
    endloop
  endfacet
  facet normal 0.832032 -0.554728 4.93902e-06
    outer loop
      vertex -4.88658 -12.7549 26.0817
      vertex -5.43945 -13.5842 19.9563
      vertex -5.30464 -13.382 19.9021
    endloop
  endfacet
  facet normal 0.831978 -0.554809 2.08973e-05
    outer loop
      vertex -4.88658 -12.7549 26.0817
      vertex -5.57729 -13.7909 19.989
      vertex -5.43945 -13.5842 19.9563
    endloop
  endfacet
  facet normal 0.832049 -0.554703 -5.34902e-06
    outer loop
      vertex -7.05 -16 25
      vertex -5.57729 -13.7909 19.989
      vertex -4.88658 -12.7549 26.0817
    endloop
  endfacet
  facet normal 0.832088 -0.554644 3.19527e-05
    outer loop
      vertex -5.57729 -13.7909 19.989
      vertex -7.05 -16 25
      vertex -5.71667 -14 20
    endloop
  endfacet
  facet normal 0.832051 -0.554699 0
    outer loop
      vertex -5.71667 -14 20
      vertex -7.05 -16 25
      vertex -7.05 -16 20
    endloop
  endfacet
  facet normal 0.831848 -0.555004 0
    outer loop
      vertex -4.93295 -12.8244 8.38197
      vertex -4.88658 -12.7549 1.91829
      vertex -4.88658 -12.7549 8.4383
    endloop
  endfacet
  facet normal 0.832085 -0.554648 5.53075e-06
    outer loop
      vertex -5.05 -13 8.26795
      vertex -4.88658 -12.7549 1.91829
      vertex -4.93295 -12.8244 8.38197
    endloop
  endfacet
  facet normal 0.832016 -0.554752 -2.44608e-07
    outer loop
      vertex -5.17435 -13.1865 8.17291
      vertex -4.88658 -12.7549 1.91829
      vertex -5.05 -13 8.26795
    endloop
  endfacet
  facet normal 0.832132 -0.554577 1.71517e-05
    outer loop
      vertex -5.30464 -13.382 8.09789
      vertex -4.88658 -12.7549 1.91829
      vertex -5.17435 -13.1865 8.17291
    endloop
  endfacet
  facet normal 0.832032 -0.554728 -4.93904e-06
    outer loop
      vertex -5.43945 -13.5842 8.0437
      vertex -4.88658 -12.7549 1.91829
      vertex -5.30464 -13.382 8.09789
    endloop
  endfacet
  facet normal 0.831978 -0.554809 -2.08967e-05
    outer loop
      vertex -5.57729 -13.7909 8.01096
      vertex -4.88658 -12.7549 1.91829
      vertex -5.43945 -13.5842 8.0437
    endloop
  endfacet
  facet normal 0.832088 -0.554644 -3.19502e-05
    outer loop
      vertex -7.05 -16 3
      vertex -5.57729 -13.7909 8.01096
      vertex -5.71667 -14 8
    endloop
  endfacet
  facet normal 0.832051 -0.554699 0
    outer loop
      vertex -7.05 -16 3
      vertex -5.71667 -14 8
      vertex -7.05 -16 8
    endloop
  endfacet
  facet normal 0.832049 -0.554703 5.34906e-06
    outer loop
      vertex -5.57729 -13.7909 8.01096
      vertex -7.05 -16 3
      vertex -4.88658 -12.7549 1.91829
    endloop
  endfacet
  facet normal -0.831682 -0.555252 0
    outer loop
      vertex -14.2134 -12.7549 1.91829
      vertex -14.167 -12.8244 8.38197
      vertex -14.2134 -12.7549 8.4383
    endloop
  endfacet
  facet normal -0.832193 -0.554487 1.18973e-05
    outer loop
      vertex -14.2134 -12.7549 1.91829
      vertex -14.05 -13 8.26795
      vertex -14.167 -12.8244 8.38197
    endloop
  endfacet
  facet normal -0.831916 -0.554902 -1.12575e-05
    outer loop
      vertex -14.2134 -12.7549 1.91829
      vertex -13.9256 -13.1865 8.17291
      vertex -14.05 -13 8.26795
    endloop
  endfacet
  facet normal -0.832304 -0.55432 4.68021e-05
    outer loop
      vertex -14.2134 -12.7549 1.91829
      vertex -13.7954 -13.382 8.09789
      vertex -13.9256 -13.1865 8.17291
    endloop
  endfacet
  facet normal -0.831866 -0.554976 -4.93806e-05
    outer loop
      vertex -14.2134 -12.7549 1.91829
      vertex -13.6605 -13.5842 8.0437
      vertex -13.7954 -13.382 8.09789
    endloop
  endfacet
  facet normal -0.83205 -0.554701 4.4328e-06
    outer loop
      vertex -14.2134 -12.7549 1.91829
      vertex -13.5227 -13.7909 8.01096
      vertex -13.6605 -13.5842 8.0437
    endloop
  endfacet
  facet normal -0.832051 -0.554699 4.82572e-06
    outer loop
      vertex -12.05 -16 3
      vertex -13.5227 -13.7909 8.01096
      vertex -14.2134 -12.7549 1.91829
    endloop
  endfacet
  facet normal -0.83205 -0.5547 5.66579e-06
    outer loop
      vertex -13.5227 -13.7909 8.01096
      vertex -12.05 -16 3
      vertex -13.3833 -14 8
    endloop
  endfacet
  facet normal -0.832057 -0.554691 0
    outer loop
      vertex -13.3833 -14 8
      vertex -12.05 -16 3
      vertex -12.05 -16 8
    endloop
  endfacet
  facet normal -0.831682 -0.555252 0
    outer loop
      vertex -14.167 -12.8244 19.618
      vertex -14.2134 -12.7549 26.0817
      vertex -14.2134 -12.7549 19.5617
    endloop
  endfacet
  facet normal -0.832193 -0.554487 -1.18973e-05
    outer loop
      vertex -14.05 -13 19.732
      vertex -14.2134 -12.7549 26.0817
      vertex -14.167 -12.8244 19.618
    endloop
  endfacet
  facet normal -0.831916 -0.554902 1.12573e-05
    outer loop
      vertex -13.9256 -13.1865 19.8271
      vertex -14.2134 -12.7549 26.0817
      vertex -14.05 -13 19.732
    endloop
  endfacet
  facet normal -0.832304 -0.55432 -4.68026e-05
    outer loop
      vertex -13.7954 -13.382 19.9021
      vertex -14.2134 -12.7549 26.0817
      vertex -13.9256 -13.1865 19.8271
    endloop
  endfacet
  facet normal -0.831866 -0.554976 4.93804e-05
    outer loop
      vertex -13.6605 -13.5842 19.9563
      vertex -14.2134 -12.7549 26.0817
      vertex -13.7954 -13.382 19.9021
    endloop
  endfacet
  facet normal -0.83205 -0.554701 -4.43292e-06
    outer loop
      vertex -13.5227 -13.7909 19.989
      vertex -14.2134 -12.7549 26.0817
      vertex -13.6605 -13.5842 19.9563
    endloop
  endfacet
  facet normal -0.83205 -0.5547 -5.66623e-06
    outer loop
      vertex -12.05 -16 25
      vertex -13.5227 -13.7909 19.989
      vertex -13.3833 -14 20
    endloop
  endfacet
  facet normal -0.832057 -0.554691 -0
    outer loop
      vertex -12.05 -16 25
      vertex -13.3833 -14 20
      vertex -12.05 -16 20
    endloop
  endfacet
  facet normal -0.832051 -0.554699 -4.82569e-06
    outer loop
      vertex -13.5227 -13.7909 19.989
      vertex -12.05 -16 25
      vertex -14.2134 -12.7549 26.0817
    endloop
  endfacet
  facet normal -2.01342e-06 -0.316229 -0.948683
    outer loop
      vertex -4.88658 -12.7549 1.91829
      vertex -7.05 -16 3
      vertex -7.05 -14 2.33333
    endloop
  endfacet
  facet normal 2.01344e-06 -0.316229 -0.948683
    outer loop
      vertex -12.05 -16 3
      vertex -14.2134 -12.7549 1.91829
      vertex -12.05 -14 2.33333
    endloop
  endfacet
  facet normal 0.498812 -0.86671 0
    outer loop
      vertex -7.05 -14 2.33333
      vertex -7.05 -14 0.993649
      vertex -4.88658 -12.7549 1.91829
    endloop
  endfacet
  facet normal 0.498812 -0.86671 0
    outer loop
      vertex -7.05 -14 27.0064
      vertex -7.05 -14 25.6667
      vertex -4.88658 -12.7549 26.0817
    endloop
  endfacet
  facet normal 0.498812 -0.86671 0
    outer loop
      vertex -4.88658 -12.7549 26.0817
      vertex -7.05 -14 28
      vertex -7.05 -14 27.0064
    endloop
  endfacet
  facet normal 0.498823 -0.866704 1.5277e-05
    outer loop
      vertex -7.05 -14 28
      vertex -4.88658 -12.7549 26.0817
      vertex -0.1 -10 28
    endloop
  endfacet
  facet normal 0.499112 -0.866538 0
    outer loop
      vertex -4.72477 -12.6617 19.4863
      vertex -4.88658 -12.7549 26.0817
      vertex -4.88658 -12.7549 19.5617
    endloop
  endfacet
  facet normal 0.498744 -0.866749 -1.20031e-05
    outer loop
      vertex -4.46757 -12.5137 19.3383
      vertex -4.88658 -12.7549 26.0817
      vertex -4.72477 -12.6617 19.4863
    endloop
  endfacet
  facet normal 0.498697 -0.866776 -1.58992e-05
    outer loop
      vertex -4.23867 -12.382 19.1756
      vertex -4.88658 -12.7549 26.0817
      vertex -4.46757 -12.5137 19.3383
    endloop
  endfacet
  facet normal 0.498827 -0.866702 2.92535e-07
    outer loop
      vertex -4.88658 -12.7549 26.0817
      vertex -4.23867 -12.382 19.1756
      vertex -0.1 -10 28
    endloop
  endfacet
  facet normal 0.499009 -0.866597 -0.000113527
    outer loop
      vertex -4.04056 -12.2679 19
      vertex -0.1 -10 28
      vertex -4.23867 -12.382 19.1756
    endloop
  endfacet
  facet normal 0.498717 -0.866765 5.66349e-05
    outer loop
      vertex -3.87543 -12.1729 18.8135
      vertex -0.1 -10 28
      vertex -4.04056 -12.2679 19
    endloop
  endfacet
  facet normal 0.498755 -0.866743 3.59427e-05
    outer loop
      vertex -3.74508 -12.0979 18.618
      vertex -0.1 -10 28
      vertex -3.87543 -12.1729 18.8135
    endloop
  endfacet
  facet normal 0.498894 -0.866663 -3.58538e-05
    outer loop
      vertex -3.65094 -12.0437 18.4158
      vertex -0.1 -10 28
      vertex -3.74508 -12.0979 18.618
    endloop
  endfacet
  facet normal 0.498587 -0.86684 0.000115725
    outer loop
      vertex -3.59404 -12.011 18.2091
      vertex -0.1 -10 28
      vertex -3.65094 -12.0437 18.4158
    endloop
  endfacet
  facet normal 0.499119 -0.866534 -0.000137017
    outer loop
      vertex -3.575 -12 18
      vertex -0.1 -10 28
      vertex -3.59404 -12.011 18.2091
    endloop
  endfacet
  facet normal 0.498823 -0.866704 0
    outer loop
      vertex -3.575 -12 10
      vertex -0.1 -10 28
      vertex -3.575 -12 18
    endloop
  endfacet
  facet normal 0.499119 -0.866534 0.000137037
    outer loop
      vertex -0.1 -10 0
      vertex -3.575 -12 10
      vertex -3.59404 -12.011 9.79094
    endloop
  endfacet
  facet normal 0.499112 -0.866538 0
    outer loop
      vertex -4.88658 -12.7549 1.91829
      vertex -4.72477 -12.6617 8.51371
      vertex -4.88658 -12.7549 8.4383
    endloop
  endfacet
  facet normal 0.498744 -0.866749 1.20031e-05
    outer loop
      vertex -4.88658 -12.7549 1.91829
      vertex -4.46757 -12.5137 8.66174
      vertex -4.72477 -12.6617 8.51371
    endloop
  endfacet
  facet normal 0.498697 -0.866776 1.5899e-05
    outer loop
      vertex -4.88658 -12.7549 1.91829
      vertex -4.23867 -12.382 8.82443
      vertex -4.46757 -12.5137 8.66174
    endloop
  endfacet
  facet normal 0.498827 -0.866702 -2.92534e-07
    outer loop
      vertex -0.1 -10 0
      vertex -4.23867 -12.382 8.82443
      vertex -4.88658 -12.7549 1.91829
    endloop
  endfacet
  facet normal 0.499009 -0.866597 0.000113532
    outer loop
      vertex -4.23867 -12.382 8.82443
      vertex -0.1 -10 0
      vertex -4.04056 -12.2679 9
    endloop
  endfacet
  facet normal 0.498717 -0.866765 -5.66319e-05
    outer loop
      vertex -4.04056 -12.2679 9
      vertex -0.1 -10 0
      vertex -3.87543 -12.1729 9.18653
    endloop
  endfacet
  facet normal 0.498755 -0.866743 -3.59468e-05
    outer loop
      vertex -3.87543 -12.1729 9.18653
      vertex -0.1 -10 0
      vertex -3.74508 -12.0979 9.38197
    endloop
  endfacet
  facet normal 0.498894 -0.866663 3.58531e-05
    outer loop
      vertex -3.74508 -12.0979 9.38197
      vertex -0.1 -10 0
      vertex -3.65094 -12.0437 9.58418
    endloop
  endfacet
  facet normal 0.498587 -0.86684 -0.000115706
    outer loop
      vertex -3.65094 -12.0437 9.58418
      vertex -0.1 -10 0
      vertex -3.59404 -12.011 9.79094
    endloop
  endfacet
  facet normal 0.498812 -0.86671 0
    outer loop
      vertex -7.05 -14 0
      vertex -4.88658 -12.7549 1.91829
      vertex -7.05 -14 0.993649
    endloop
  endfacet
  facet normal 0.498823 -0.866704 0
    outer loop
      vertex -3.575 -12 10
      vertex -0.1 -10 0
      vertex -0.1 -10 28
    endloop
  endfacet
  facet normal 0.498823 -0.866704 -1.52771e-05
    outer loop
      vertex -0.1 -10 0
      vertex -4.88658 -12.7549 1.91829
      vertex -7.05 -14 0
    endloop
  endfacet
  facet normal 0 -1 0
    outer loop
      vertex -12.05 -14 0
      vertex -7.05 -14 0.993649
      vertex -12.05 -14 0.993649
    endloop
  endfacet
  facet normal 0 -1 -0
    outer loop
      vertex -7.05 -14 0.993649
      vertex -12.05 -14 0
      vertex -7.05 -14 0
    endloop
  endfacet
  facet normal 0 -1 0
    outer loop
      vertex -12.05 -14 27.0064
      vertex -7.05 -14 28
      vertex -12.05 -14 28
    endloop
  endfacet
  facet normal 0 -1 -0
    outer loop
      vertex -7.05 -14 28
      vertex -12.05 -14 27.0064
      vertex -7.05 -14 27.0064
    endloop
  endfacet
  facet normal 0 0 -1
    outer loop
      vertex 52.5 -3 0
      vertex 56.7 9.26852 0
      vertex 56.7 -10 0
    endloop
  endfacet
  facet normal 0 0 -1
    outer loop
      vertex 52.5 7.42857 0
      vertex 56.7 9.26852 0
      vertex 52.5 -3 0
    endloop
  endfacet
  facet normal 0 0 -1
    outer loop
      vertex 56.7 -10 0
      vertex 52.4846 -3.29268 0
      vertex 52.5 -3 0
    endloop
  endfacet
  facet normal 0 0 -1
    outer loop
      vertex 56.7 -10 0
      vertex 52.4388 -3.58214 0
      vertex 52.4846 -3.29268 0
    endloop
  endfacet
  facet normal 0 0 -1
    outer loop
      vertex 56.7 -10 0
      vertex 52.3629 -3.86523 0
      vertex 52.4388 -3.58214 0
    endloop
  endfacet
  facet normal 0 0 -1
    outer loop
      vertex 56.7 -10 0
      vertex 52.2579 -4.13885 0
      vertex 52.3629 -3.86523 0
    endloop
  endfacet
  facet normal 0 0 -1
    outer loop
      vertex 56.7 -10 0
      vertex 52.1249 -4.39999 0
      vertex 52.2579 -4.13885 0
    endloop
  endfacet
  facet normal 0 0 -1
    outer loop
      vertex 56.7 -10 0
      vertex 51.9652 -4.6458 0
      vertex 52.1249 -4.39999 0
    endloop
  endfacet
  facet normal 0 0 -1
    outer loop
      vertex 56.7 -10 0
      vertex 51.7808 -4.87357 0
      vertex 51.9652 -4.6458 0
    endloop
  endfacet
  facet normal 0 0 -1
    outer loop
      vertex 56.7 -10 0
      vertex 51.5736 -5.0808 0
      vertex 51.7808 -4.87357 0
    endloop
  endfacet
  facet normal 0 0 -1
    outer loop
      vertex 56.7 -10 0
      vertex 51.3458 -5.26524 0
      vertex 51.5736 -5.0808 0
    endloop
  endfacet
  facet normal 0 0 -1
    outer loop
      vertex 56.7 -10 0
      vertex 51.1 -5.42487 0
      vertex 51.3458 -5.26524 0
    endloop
  endfacet
  facet normal 0 0 -1
    outer loop
      vertex 56.7 -10 0
      vertex 50.8389 -5.55792 0
      vertex 51.1 -5.42487 0
    endloop
  endfacet
  facet normal 0 0 -1
    outer loop
      vertex 56.7 -10 0
      vertex 50.5652 -5.66295 0
      vertex 50.8389 -5.55792 0
    endloop
  endfacet
  facet normal 0 0 -1
    outer loop
      vertex 56.7 -10 0
      vertex 50.2822 -5.7388 0
      vertex 50.5652 -5.66295 0
    endloop
  endfacet
  facet normal 0 0 -1
    outer loop
      vertex 56.7 -10 0
      vertex 49.9927 -5.78465 0
      vertex 50.2822 -5.7388 0
    endloop
  endfacet
  facet normal 0 0 -1
    outer loop
      vertex 56.7 -10 0
      vertex 49.7 -5.79999 0
      vertex 49.9927 -5.78465 0
    endloop
  endfacet
  facet normal 0 0 -1
    outer loop
      vertex 56.7 -10 0
      vertex 49.4073 -5.78465 0
      vertex 49.7 -5.79999 0
    endloop
  endfacet
  facet normal 0 0 -1
    outer loop
      vertex 56.7 -10 0
      vertex 49.1178 -5.7388 0
      vertex 49.4073 -5.78465 0
    endloop
  endfacet
  facet normal 0 0 -1
    outer loop
      vertex 37.9 -10 0
      vertex 49.1178 -5.7388 0
      vertex 56.7 -10 0
    endloop
  endfacet
  facet normal -0 0 -1
    outer loop
      vertex 49.1178 -5.7388 0
      vertex 37.9 -10 0
      vertex 48.8347 -5.66295 0
    endloop
  endfacet
  facet normal -0 0 -1
    outer loop
      vertex 48.8347 -5.66295 0
      vertex 37.9 -10 0
      vertex 48.5611 -5.55792 0
    endloop
  endfacet
  facet normal 0 0 -1
    outer loop
      vertex 38.395 0 0
      vertex 46.9 0 0
      vertex 46.9 -3 0
    endloop
  endfacet
  facet normal 0 0 -1
    outer loop
      vertex 38.395 0 0
      vertex 46.9 -3 0
      vertex 46.9153 -3.29268 0
    endloop
  endfacet
  facet normal 0 0 -1
    outer loop
      vertex 37.9 -0.494965 0
      vertex 46.9153 -3.29268 0
      vertex 46.9612 -3.58214 0
    endloop
  endfacet
  facet normal 0 0 -1
    outer loop
      vertex 37.9 -0.494965 0
      vertex 46.9612 -3.58214 0
      vertex 47.037 -3.86523 0
    endloop
  endfacet
  facet normal 0 0 -1
    outer loop
      vertex 37.9 -10 0
      vertex 47.037 -3.86523 0
      vertex 47.1421 -4.13885 0
    endloop
  endfacet
  facet normal 0 0 -1
    outer loop
      vertex 46.9 0 0
      vertex 38.395 0 0
      vertex 40.9 9.5 0
    endloop
  endfacet
  facet normal 0 0 -1
    outer loop
      vertex 37.9 -10 0
      vertex 47.1421 -4.13885 0
      vertex 47.2751 -4.39999 0
    endloop
  endfacet
  facet normal 0 0 -1
    outer loop
      vertex 37.9 0.494965 0
      vertex 40.9 9.5 0
      vertex 38.395 0 0
    endloop
  endfacet
  facet normal 0 0 -1
    outer loop
      vertex 37.9 -10 0
      vertex 47.2751 -4.39999 0
      vertex 47.4347 -4.6458 0
    endloop
  endfacet
  facet normal 0 0 -1
    outer loop
      vertex 37.9 -10 0
      vertex 47.4347 -4.6458 0
      vertex 47.6192 -4.87357 0
    endloop
  endfacet
  facet normal 0 0 -1
    outer loop
      vertex 37.9 -10 0
      vertex 47.6192 -4.87357 0
      vertex 47.8264 -5.0808 0
    endloop
  endfacet
  facet normal 0 0 -1
    outer loop
      vertex 37.9 -10 0
      vertex 47.8264 -5.0808 0
      vertex 48.0542 -5.26524 0
    endloop
  endfacet
  facet normal 0 0 -1
    outer loop
      vertex 37.9 -10 0
      vertex 48.0542 -5.26524 0
      vertex 48.3 -5.42487 0
    endloop
  endfacet
  facet normal -0 0 -1
    outer loop
      vertex 48.5611 -5.55792 0
      vertex 37.9 -10 0
      vertex 48.3 -5.42487 0
    endloop
  endfacet
  facet normal -0 0 -1
    outer loop
      vertex 47.037 -3.86523 0
      vertex 37.9 -10 0
      vertex 37.9 -0.494965 0
    endloop
  endfacet
  facet normal 0 0 -1
    outer loop
      vertex 46.9153 -3.29268 0
      vertex 37.9 -0.494965 0
      vertex 38.395 0 0
    endloop
  endfacet
  facet normal 0 0 -1
    outer loop
      vertex 37.9 -10 0
      vertex 37.405 0 0
      vertex 37.9 -0.494965 0
    endloop
  endfacet
  facet normal 0 0 -1
    outer loop
      vertex 30.95 -14 0
      vertex 37.405 0 0
      vertex 37.9 -10 0
    endloop
  endfacet
  facet normal 0 0 -1
    outer loop
      vertex 25.95 -14 0
      vertex 37.405 0 0
      vertex 30.95 -14 0
    endloop
  endfacet
  facet normal 0 0 -1
    outer loop
      vertex 25.95 -14 0
      vertex 19.495 0 0
      vertex 37.405 0 0
    endloop
  endfacet
  facet normal 0 0 -1
    outer loop
      vertex 19 -10 0
      vertex 19.495 0 0
      vertex 25.95 -14 0
    endloop
  endfacet
  facet normal 0 0 -1
    outer loop
      vertex 19 -10 0
      vertex 19 -0.494965 0
      vertex 19.495 0 0
    endloop
  endfacet
  facet normal 0 0 -1
    outer loop
      vertex 14.3629 -3.86523 0
      vertex 19 -0.494965 0
      vertex 19 -10 0
    endloop
  endfacet
  facet normal 0 0 -1
    outer loop
      vertex 14.5 -3 0
      vertex 18.7 0.194962 0
      vertex 18.7 -0.194962 0
    endloop
  endfacet
  facet normal 0 -0 -1
    outer loop
      vertex 14.4388 -3.58214 0
      vertex 19 -0.494965 0
      vertex 14.3629 -3.86523 0
    endloop
  endfacet
  facet normal -0 0 -1
    outer loop
      vertex 18.7 0.194962 0
      vertex 14.5 -3 0
      vertex 14.5 7.42857 0
    endloop
  endfacet
  facet normal 0 0 -1
    outer loop
      vertex 18.7 0.194962 0
      vertex 14.5 7.42857 0
      vertex 16 8.64352 0
    endloop
  endfacet
  facet normal -0 0 -1
    outer loop
      vertex 19 -0.494965 0
      vertex 14.5 -3 0
      vertex 18.7 -0.194962 0
    endloop
  endfacet
  facet normal 0 -0 -1
    outer loop
      vertex 14.5 -3 0
      vertex 19 -0.494965 0
      vertex 14.4846 -3.29268 0
    endloop
  endfacet
  facet normal 0 -0 -1
    outer loop
      vertex 14.4846 -3.29268 0
      vertex 19 -0.494965 0
      vertex 14.4388 -3.58214 0
    endloop
  endfacet
  facet normal 0 0 -1
    outer loop
      vertex 19 -10 0
      vertex 14.2579 -4.13885 0
      vertex 14.3629 -3.86523 0
    endloop
  endfacet
  facet normal 0 0 -1
    outer loop
      vertex 19 -10 0
      vertex 14.1249 -4.39999 0
      vertex 14.2579 -4.13885 0
    endloop
  endfacet
  facet normal 0 0 -1
    outer loop
      vertex 19 -10 0
      vertex 13.9652 -4.6458 0
      vertex 14.1249 -4.39999 0
    endloop
  endfacet
  facet normal 0 0 -1
    outer loop
      vertex 19 -10 0
      vertex 13.7808 -4.87357 0
      vertex 13.9652 -4.6458 0
    endloop
  endfacet
  facet normal 0 0 -1
    outer loop
      vertex 19 -10 0
      vertex 13.5736 -5.0808 0
      vertex 13.7808 -4.87357 0
    endloop
  endfacet
  facet normal 0 0 -1
    outer loop
      vertex 19 -10 0
      vertex 13.3458 -5.26524 0
      vertex 13.5736 -5.0808 0
    endloop
  endfacet
  facet normal 0 0 -1
    outer loop
      vertex 19 -10 0
      vertex 13.1 -5.42487 0
      vertex 13.3458 -5.26524 0
    endloop
  endfacet
  facet normal 0 0 -1
    outer loop
      vertex 19 -10 0
      vertex 12.8389 -5.55792 0
      vertex 13.1 -5.42487 0
    endloop
  endfacet
  facet normal 0 0 -1
    outer loop
      vertex 19 -10 0
      vertex 12.5652 -5.66295 0
      vertex 12.8389 -5.55792 0
    endloop
  endfacet
  facet normal 0 0 -1
    outer loop
      vertex 19 -10 0
      vertex 12.2822 -5.7388 0
      vertex 12.5652 -5.66295 0
    endloop
  endfacet
  facet normal 0 0 -1
    outer loop
      vertex 19 -10 0
      vertex 11.9927 -5.78465 0
      vertex 12.2822 -5.7388 0
    endloop
  endfacet
  facet normal 0 0 -1
    outer loop
      vertex 19 -10 0
      vertex 11.7 -5.79999 0
      vertex 11.9927 -5.78465 0
    endloop
  endfacet
  facet normal 0 0 -1
    outer loop
      vertex 19 -10 0
      vertex 11.4073 -5.78465 0
      vertex 11.7 -5.79999 0
    endloop
  endfacet
  facet normal 0 0 -1
    outer loop
      vertex -0.1 -10 0
      vertex 11.4073 -5.78465 0
      vertex 19 -10 0
    endloop
  endfacet
  facet normal -0 0 -1
    outer loop
      vertex 11.4073 -5.78465 0
      vertex -0.1 -10 0
      vertex 11.1178 -5.7388 0
    endloop
  endfacet
  facet normal -0 0 -1
    outer loop
      vertex 11.1178 -5.7388 0
      vertex -0.1 -10 0
      vertex 10.8347 -5.66295 0
    endloop
  endfacet
  facet normal -0 0 -1
    outer loop
      vertex 10.8347 -5.66295 0
      vertex -0.1 -10 0
      vertex 10.5611 -5.55792 0
    endloop
  endfacet
  facet normal 0 0 -1
    outer loop
      vertex 0.394974 0 0
      vertex 8.89999 0 0
      vertex 8.89999 -3 0
    endloop
  endfacet
  facet normal 0 0 -1
    outer loop
      vertex 0.394974 0 0
      vertex 8.89999 -3 0
      vertex 8.91533 -3.29268 0
    endloop
  endfacet
  facet normal 0 0 -1
    outer loop
      vertex -0.100006 -0.494965 0
      vertex 8.91533 -3.29268 0
      vertex 8.96118 -3.58214 0
    endloop
  endfacet
  facet normal 0 0 -1
    outer loop
      vertex -0.100006 -0.494965 0
      vertex 8.96118 -3.58214 0
      vertex 9.03703 -3.86523 0
    endloop
  endfacet
  facet normal 0 0 -1
    outer loop
      vertex -0.1 -10 0
      vertex 9.03703 -3.86523 0
      vertex 9.14206 -4.13885 0
    endloop
  endfacet
  facet normal 0 0 -1
    outer loop
      vertex 8.89999 0 0
      vertex 0.394974 0 0
      vertex 2.89999 9.5 0
    endloop
  endfacet
  facet normal 0 0 -1
    outer loop
      vertex -0.1 -10 0
      vertex 9.14206 -4.13885 0
      vertex 9.27512 -4.39999 0
    endloop
  endfacet
  facet normal 0 0 -1
    outer loop
      vertex -0.100006 0.494965 0
      vertex 2.89999 9.5 0
      vertex 0.394974 0 0
    endloop
  endfacet
  facet normal 0 0 -1
    outer loop
      vertex -0.1 -10 0
      vertex 9.27512 -4.39999 0
      vertex 9.43474 -4.6458 0
    endloop
  endfacet
  facet normal 0 0 -1
    outer loop
      vertex -0.1 -10 0
      vertex 9.43474 -4.6458 0
      vertex 9.61919 -4.87357 0
    endloop
  endfacet
  facet normal 0 0 -1
    outer loop
      vertex -0.1 -10 0
      vertex 9.61919 -4.87357 0
      vertex 9.82643 -5.0808 0
    endloop
  endfacet
  facet normal 0 0 -1
    outer loop
      vertex -0.1 -10 0
      vertex 9.82643 -5.0808 0
      vertex 10.0542 -5.26524 0
    endloop
  endfacet
  facet normal 0 0 -1
    outer loop
      vertex -0.1 -10 0
      vertex 10.0542 -5.26524 0
      vertex 10.3 -5.42487 0
    endloop
  endfacet
  facet normal -0 0 -1
    outer loop
      vertex 10.5611 -5.55792 0
      vertex -0.1 -10 0
      vertex 10.3 -5.42487 0
    endloop
  endfacet
  facet normal -0 0 -1
    outer loop
      vertex 9.03703 -3.86523 0
      vertex -0.1 -10 0
      vertex -0.100006 -0.494965 0
    endloop
  endfacet
  facet normal 0 0 -1
    outer loop
      vertex 8.91533 -3.29268 0
      vertex -0.100006 -0.494965 0
      vertex 0.394974 0 0
    endloop
  endfacet
  facet normal 0 0 -1
    outer loop
      vertex -0.1 -10 0
      vertex -0.594986 0 0
      vertex -0.100006 -0.494965 0
    endloop
  endfacet
  facet normal 0 0 -1
    outer loop
      vertex -7.05 -14 0
      vertex -0.594986 0 0
      vertex -0.1 -10 0
    endloop
  endfacet
  facet normal 0 0 -1
    outer loop
      vertex -12.05 -14 0
      vertex -0.594986 0 0
      vertex -7.05 -14 0
    endloop
  endfacet
  facet normal 0 0 -1
    outer loop
      vertex -12.05 -14 0
      vertex -18.505 0 0
      vertex -0.594986 0 0
    endloop
  endfacet
  facet normal 0 0 -1
    outer loop
      vertex -19 -10 0
      vertex -18.505 0 0
      vertex -12.05 -14 0
    endloop
  endfacet
  facet normal 0 0 -1
    outer loop
      vertex -19 -10 0
      vertex -19 -0.494965 0
      vertex -18.505 0 0
    endloop
  endfacet
  facet normal 0 0 -1
    outer loop
      vertex -22 -10 0
      vertex -19 -0.494965 0
      vertex -19 -10 0
    endloop
  endfacet
  facet normal -0 0 -1
    outer loop
      vertex -19 -0.494965 0
      vertex -22 -10 0
      vertex -19.495 0 0
    endloop
  endfacet
  facet normal 0 0 -1
    outer loop
      vertex 56.7 9.26852 0
      vertex 52.5 7.42857 0
      vertex 53.2924 8.47972 0
    endloop
  endfacet
  facet normal 0 0 -1
    outer loop
      vertex 40.9 9.5 0
      vertex 37.9 0.494965 0
      vertex 37.9 8.51004 0
    endloop
  endfacet
  facet normal -0 0 -1
    outer loop
      vertex 40.9 9.5 0
      vertex 37.9 8.51004 0
      vertex 38.8899 9.5 0
    endloop
  endfacet
  facet normal 0 0 -1
    outer loop
      vertex 16 8.64352 0
      vertex 19 0.494965 0
      vertex 18.7 0.194962 0
    endloop
  endfacet
  facet normal 0 0 -1
    outer loop
      vertex 19 0.494965 0
      vertex 16 8.64352 0
      vertex 19 14.5 0
    endloop
  endfacet
  facet normal -0 0 -1
    outer loop
      vertex 19 14.5 0
      vertex 16 8.64352 0
      vertex 16 14.5 0
    endloop
  endfacet
  facet normal 0 0 -1
    outer loop
      vertex 16 8.64352 0
      vertex 14.5 7.42857 0
      vertex 15.2924 8.47972 0
    endloop
  endfacet
  facet normal 0 0 -1
    outer loop
      vertex 2.89999 9.5 0
      vertex -0.100006 0.494965 0
      vertex -0.100006 8.51004 0
    endloop
  endfacet
  facet normal -0 0 -1
    outer loop
      vertex 2.89999 9.5 0
      vertex -0.100006 8.51004 0
      vertex 0.889938 9.5 0
    endloop
  endfacet
  facet normal 0 0 -1
    outer loop
      vertex -22 14.5 0
      vertex -19 0.494965 0
      vertex -19.495 0 0
    endloop
  endfacet
  facet normal 0 0 -1
    outer loop
      vertex -22 14.5 0
      vertex -19.495 0 0
      vertex -22 -10 0
    endloop
  endfacet
  facet normal 0 0 -1
    outer loop
      vertex -19 0.494965 0
      vertex -22 14.5 0
      vertex -19 14.5 0
    endloop
  endfacet
  facet normal -0.498823 -0.866704 1.00763e-05
    outer loop
      vertex -14.2134 -12.7549 26.0817
      vertex -12.05 -14 28
      vertex -19 -10 28
    endloop
  endfacet
  facet normal -0.498816 -0.866708 -0
    outer loop
      vertex -12.05 -14 28
      vertex -14.2134 -12.7549 26.0817
      vertex -12.05 -14 27.0064
    endloop
  endfacet
  facet normal -0.498826 -0.866702 -5.92043e-07
    outer loop
      vertex -14.8613 -12.382 19.1756
      vertex -14.2134 -12.7549 26.0817
      vertex -19 -10 28
    endloop
  endfacet
  facet normal -0.499135 -0.866524 -0
    outer loop
      vertex -14.2134 -12.7549 26.0817
      vertex -14.3752 -12.6617 19.4863
      vertex -14.2134 -12.7549 19.5617
    endloop
  endfacet
  facet normal -0.498744 -0.866749 -1.27702e-05
    outer loop
      vertex -14.2134 -12.7549 26.0817
      vertex -14.6324 -12.5137 19.3383
      vertex -14.3752 -12.6617 19.4863
    endloop
  endfacet
  facet normal -0.498697 -0.866776 -1.66729e-05
    outer loop
      vertex -14.2134 -12.7549 26.0817
      vertex -14.8613 -12.382 19.1756
      vertex -14.6324 -12.5137 19.3383
    endloop
  endfacet
  facet normal -0.499022 -0.866589 -0.000123069
    outer loop
      vertex -19 -10 28
      vertex -15.0594 -12.2679 19
      vertex -14.8613 -12.382 19.1756
    endloop
  endfacet
  facet normal -0.49861 -0.866826 0.000117079
    outer loop
      vertex -19 -10 28
      vertex -15.2246 -12.1729 18.8135
      vertex -15.0594 -12.2679 19
    endloop
  endfacet
  facet normal -0.498845 -0.866691 -1.17031e-05
    outer loop
      vertex -19 -10 28
      vertex -15.3549 -12.0979 18.618
      vertex -15.2246 -12.1729 18.8135
    endloop
  endfacet
  facet normal -0.498763 -0.866738 3.08873e-05
    outer loop
      vertex -19 -10 28
      vertex -15.4491 -12.0437 18.4158
      vertex -15.3549 -12.0979 18.618
    endloop
  endfacet
  facet normal -0.498589 -0.866838 0.000116612
    outer loop
      vertex -19 -10 28
      vertex -15.506 -12.011 18.2091
      vertex -15.4491 -12.0437 18.4158
    endloop
  endfacet
  facet normal -0.499282 -0.866439 -0.000212682
    outer loop
      vertex -19 -10 28
      vertex -15.525 -12 18
      vertex -15.506 -12.011 18.2091
    endloop
  endfacet
  facet normal -0.498823 -0.866704 0
    outer loop
      vertex -19 -10 28
      vertex -15.525 -12 10
      vertex -15.525 -12 18
    endloop
  endfacet
  facet normal -0.498823 -0.866704 0
    outer loop
      vertex -19 -10 0
      vertex -15.525 -12 10
      vertex -19 -10 28
    endloop
  endfacet
  facet normal -0.499135 -0.866524 0
    outer loop
      vertex -14.3752 -12.6617 8.51371
      vertex -14.2134 -12.7549 1.91829
      vertex -14.2134 -12.7549 8.4383
    endloop
  endfacet
  facet normal -0.498744 -0.866749 1.27702e-05
    outer loop
      vertex -14.6324 -12.5137 8.66174
      vertex -14.2134 -12.7549 1.91829
      vertex -14.3752 -12.6617 8.51371
    endloop
  endfacet
  facet normal -0.498697 -0.866776 1.66727e-05
    outer loop
      vertex -14.8613 -12.382 8.82443
      vertex -14.2134 -12.7549 1.91829
      vertex -14.6324 -12.5137 8.66174
    endloop
  endfacet
  facet normal -0.499022 -0.866589 0.000123075
    outer loop
      vertex -19 -10 0
      vertex -14.8613 -12.382 8.82443
      vertex -15.0594 -12.2679 9
    endloop
  endfacet
  facet normal -0.49861 -0.866826 -0.000117073
    outer loop
      vertex -19 -10 0
      vertex -15.0594 -12.2679 9
      vertex -15.2246 -12.1729 9.18653
    endloop
  endfacet
  facet normal -0.498845 -0.866691 1.17045e-05
    outer loop
      vertex -19 -10 0
      vertex -15.2246 -12.1729 9.18653
      vertex -15.3549 -12.0979 9.38197
    endloop
  endfacet
  facet normal -0.498763 -0.866738 -3.08866e-05
    outer loop
      vertex -19 -10 0
      vertex -15.3549 -12.0979 9.38197
      vertex -15.4491 -12.0437 9.58418
    endloop
  endfacet
  facet normal -0.498589 -0.866838 -0.000116592
    outer loop
      vertex -19 -10 0
      vertex -15.4491 -12.0437 9.58418
      vertex -15.506 -12.011 9.79094
    endloop
  endfacet
  facet normal -0.499282 -0.866439 0.000212714
    outer loop
      vertex -15.525 -12 10
      vertex -19 -10 0
      vertex -15.506 -12.011 9.79094
    endloop
  endfacet
  facet normal -0.498826 -0.866702 5.9204e-07
    outer loop
      vertex -14.8613 -12.382 8.82443
      vertex -19 -10 0
      vertex -14.2134 -12.7549 1.91829
    endloop
  endfacet
  facet normal -0.498823 -0.866704 -1.00764e-05
    outer loop
      vertex -12.05 -14 0
      vertex -14.2134 -12.7549 1.91829
      vertex -19 -10 0
    endloop
  endfacet
  facet normal -0.498816 -0.866708 0
    outer loop
      vertex -14.2134 -12.7549 1.91829
      vertex -12.05 -14 0
      vertex -12.05 -14 0.993649
    endloop
  endfacet
  facet normal -0.498816 -0.866708 -0
    outer loop
      vertex -12.05 -14 27.0064
      vertex -14.2134 -12.7549 26.0817
      vertex -12.05 -14 25.6667
    endloop
  endfacet
  facet normal -0.498816 -0.866708 -0
    outer loop
      vertex -12.05 -14 2.33333
      vertex -14.2134 -12.7549 1.91829
      vertex -12.05 -14 0.993649
    endloop
  endfacet
  facet normal -0 0 1
    outer loop
      vertex -22 14.5 28
      vertex -19 0.494965 28
      vertex -19 14.5 28
    endloop
  endfacet
  facet normal 0 0 1
    outer loop
      vertex -19 0.494965 28
      vertex -22 14.5 28
      vertex -19.495 0 28
    endloop
  endfacet
  facet normal 0 0 1
    outer loop
      vertex 0.394974 0 28
      vertex 8.89999 0 28
      vertex 2.89999 9.5 28
    endloop
  endfacet
  facet normal -0 0 1
    outer loop
      vertex 16 8.64352 28
      vertex 19 0.494965 28
      vertex 19 14.5 28
    endloop
  endfacet
  facet normal -0 0 1
    outer loop
      vertex 14.5 7.42857 28
      vertex 19 0.494965 28
      vertex 16 8.64352 28
    endloop
  endfacet
  facet normal 0 0 1
    outer loop
      vertex 16 8.64352 28
      vertex 19 14.5 28
      vertex 16 14.5 28
    endloop
  endfacet
  facet normal 0 0 1
    outer loop
      vertex 38.395 0 28
      vertex 46.9 0 28
      vertex 40.9 9.5 28
    endloop
  endfacet
  facet normal 0 0 1
    outer loop
      vertex 52.5 7.42857 28
      vertex 56.7 9.26852 28
      vertex 53.2924 8.47972 28
    endloop
  endfacet
  facet normal 0 0 1
    outer loop
      vertex 56.7 9.26852 28
      vertex 52.5 7.42857 28
      vertex 52.5 -3 28
    endloop
  endfacet
  facet normal 0 0 1
    outer loop
      vertex 56.7 9.26852 28
      vertex 52.5 -3 28
      vertex 56.7 -10 28
    endloop
  endfacet
  facet normal -0 0 1
    outer loop
      vertex 52.4846 -3.29268 28
      vertex 56.7 -10 28
      vertex 52.5 -3 28
    endloop
  endfacet
  facet normal -0 0 1
    outer loop
      vertex 52.4388 -3.58214 28
      vertex 56.7 -10 28
      vertex 52.4846 -3.29268 28
    endloop
  endfacet
  facet normal -0 0 1
    outer loop
      vertex 52.3629 -3.86523 28
      vertex 56.7 -10 28
      vertex 52.4388 -3.58214 28
    endloop
  endfacet
  facet normal -0 0 1
    outer loop
      vertex 52.2579 -4.13885 28
      vertex 56.7 -10 28
      vertex 52.3629 -3.86523 28
    endloop
  endfacet
  facet normal -0 0 1
    outer loop
      vertex 52.1249 -4.39999 28
      vertex 56.7 -10 28
      vertex 52.2579 -4.13885 28
    endloop
  endfacet
  facet normal -0 0 1
    outer loop
      vertex 51.9652 -4.6458 28
      vertex 56.7 -10 28
      vertex 52.1249 -4.39999 28
    endloop
  endfacet
  facet normal -0 0 1
    outer loop
      vertex 51.7808 -4.87357 28
      vertex 56.7 -10 28
      vertex 51.9652 -4.6458 28
    endloop
  endfacet
  facet normal -0 0 1
    outer loop
      vertex 51.5736 -5.0808 28
      vertex 56.7 -10 28
      vertex 51.7808 -4.87357 28
    endloop
  endfacet
  facet normal -0 0 1
    outer loop
      vertex 51.3458 -5.26524 28
      vertex 56.7 -10 28
      vertex 51.5736 -5.0808 28
    endloop
  endfacet
  facet normal -0 0 1
    outer loop
      vertex 51.1 -5.42487 28
      vertex 56.7 -10 28
      vertex 51.3458 -5.26524 28
    endloop
  endfacet
  facet normal -0 0 1
    outer loop
      vertex 50.8389 -5.55792 28
      vertex 56.7 -10 28
      vertex 51.1 -5.42487 28
    endloop
  endfacet
  facet normal -0 0 1
    outer loop
      vertex 50.5652 -5.66295 28
      vertex 56.7 -10 28
      vertex 50.8389 -5.55792 28
    endloop
  endfacet
  facet normal -0 0 1
    outer loop
      vertex 50.2822 -5.7388 28
      vertex 56.7 -10 28
      vertex 50.5652 -5.66295 28
    endloop
  endfacet
  facet normal -0 0 1
    outer loop
      vertex 49.9927 -5.78465 28
      vertex 56.7 -10 28
      vertex 50.2822 -5.7388 28
    endloop
  endfacet
  facet normal -0 0 1
    outer loop
      vertex 49.7 -5.79999 28
      vertex 56.7 -10 28
      vertex 49.9927 -5.78465 28
    endloop
  endfacet
  facet normal 0 0 1
    outer loop
      vertex 49.4073 -5.78465 28
      vertex 56.7 -10 28
      vertex 49.7 -5.79999 28
    endloop
  endfacet
  facet normal 0 0 1
    outer loop
      vertex 49.1178 -5.7388 28
      vertex 56.7 -10 28
      vertex 49.4073 -5.78465 28
    endloop
  endfacet
  facet normal 0 0 1
    outer loop
      vertex 37.9 -10 28
      vertex 49.1178 -5.7388 28
      vertex 48.8347 -5.66295 28
    endloop
  endfacet
  facet normal 0 0 1
    outer loop
      vertex 37.9 -10 28
      vertex 48.8347 -5.66295 28
      vertex 48.5611 -5.55792 28
    endloop
  endfacet
  facet normal 0 0 1
    outer loop
      vertex 37.9 -10 28
      vertex 48.5611 -5.55792 28
      vertex 48.3 -5.42487 28
    endloop
  endfacet
  facet normal 0 0 1
    outer loop
      vertex 46.9 0 28
      vertex 38.395 0 28
      vertex 46.9 -3 28
    endloop
  endfacet
  facet normal 0 0 1
    outer loop
      vertex 46.9 -3 28
      vertex 38.395 0 28
      vertex 46.9153 -3.29268 28
    endloop
  endfacet
  facet normal -0 0 1
    outer loop
      vertex 37.9 -0.494965 28
      vertex 46.9153 -3.29268 28
      vertex 38.395 0 28
    endloop
  endfacet
  facet normal 0 0 1
    outer loop
      vertex 46.9153 -3.29268 28
      vertex 37.9 -0.494965 28
      vertex 46.9612 -3.58214 28
    endloop
  endfacet
  facet normal 0 0 1
    outer loop
      vertex 37.9 8.51004 28
      vertex 40.9 9.5 28
      vertex 38.8899 9.5 28
    endloop
  endfacet
  facet normal 0 0 1
    outer loop
      vertex 46.9612 -3.58214 28
      vertex 37.9 -0.494965 28
      vertex 47.037 -3.86523 28
    endloop
  endfacet
  facet normal 0 0 1
    outer loop
      vertex 37.9 -10 28
      vertex 47.037 -3.86523 28
      vertex 37.9 -0.494965 28
    endloop
  endfacet
  facet normal 0 0 1
    outer loop
      vertex 47.037 -3.86523 28
      vertex 37.9 -10 28
      vertex 47.1421 -4.13885 28
    endloop
  endfacet
  facet normal 0 0 1
    outer loop
      vertex 47.1421 -4.13885 28
      vertex 37.9 -10 28
      vertex 47.2751 -4.39999 28
    endloop
  endfacet
  facet normal 0 0 1
    outer loop
      vertex 47.2751 -4.39999 28
      vertex 37.9 -10 28
      vertex 47.4347 -4.6458 28
    endloop
  endfacet
  facet normal 0 0 1
    outer loop
      vertex 47.4347 -4.6458 28
      vertex 37.9 -10 28
      vertex 47.6192 -4.87357 28
    endloop
  endfacet
  facet normal 0 0 1
    outer loop
      vertex 47.6192 -4.87357 28
      vertex 37.9 -10 28
      vertex 47.8264 -5.0808 28
    endloop
  endfacet
  facet normal 0 0 1
    outer loop
      vertex 49.1178 -5.7388 28
      vertex 37.9 -10 28
      vertex 56.7 -10 28
    endloop
  endfacet
  facet normal 0 0 1
    outer loop
      vertex 47.8264 -5.0808 28
      vertex 37.9 -10 28
      vertex 48.0542 -5.26524 28
    endloop
  endfacet
  facet normal 0 0 1
    outer loop
      vertex 48.0542 -5.26524 28
      vertex 37.9 -10 28
      vertex 48.3 -5.42487 28
    endloop
  endfacet
  facet normal 0 0 1
    outer loop
      vertex 37.405 0 28
      vertex 37.9 -10 28
      vertex 37.9 -0.494965 28
    endloop
  endfacet
  facet normal 0 0 1
    outer loop
      vertex 37.405 0 28
      vertex 30.95 -14 28
      vertex 37.9 -10 28
    endloop
  endfacet
  facet normal 0 0 1
    outer loop
      vertex 37.405 0 28
      vertex 25.95 -14 28
      vertex 30.95 -14 28
    endloop
  endfacet
  facet normal -0 0 1
    outer loop
      vertex 19.495 0 28
      vertex 25.95 -14 28
      vertex 37.405 0 28
    endloop
  endfacet
  facet normal 0 0 1
    outer loop
      vertex 19 -10 28
      vertex 19.495 0 28
      vertex 19 -0.494965 28
    endloop
  endfacet
  facet normal 0 0 1
    outer loop
      vertex 19.495 0 28
      vertex 19 -10 28
      vertex 25.95 -14 28
    endloop
  endfacet
  facet normal 0 0 1
    outer loop
      vertex 14.5 -3 28
      vertex 19 -0.494965 28
      vertex 18.7 -0.194962 28
    endloop
  endfacet
  facet normal 0 0 1
    outer loop
      vertex 19 0.494965 28
      vertex 14.5 7.42857 28
      vertex 18.7 0.194962 28
    endloop
  endfacet
  facet normal 0 0 1
    outer loop
      vertex 14.5 -3 28
      vertex 18.7 0.194962 28
      vertex 14.5 7.42857 28
    endloop
  endfacet
  facet normal 0 0 1
    outer loop
      vertex 14.5 7.42857 28
      vertex 16 8.64352 28
      vertex 15.2924 8.47972 28
    endloop
  endfacet
  facet normal 0 0 1
    outer loop
      vertex 18.7 0.194962 28
      vertex 14.5 -3 28
      vertex 18.7 -0.194962 28
    endloop
  endfacet
  facet normal 0 0 1
    outer loop
      vertex 19 -0.494965 28
      vertex 14.5 -3 28
      vertex 14.4846 -3.29268 28
    endloop
  endfacet
  facet normal 0 0 1
    outer loop
      vertex 19 -0.494965 28
      vertex 14.4846 -3.29268 28
      vertex 14.4388 -3.58214 28
    endloop
  endfacet
  facet normal 0 0 1
    outer loop
      vertex 19 -0.494965 28
      vertex 14.4388 -3.58214 28
      vertex 14.3629 -3.86523 28
    endloop
  endfacet
  facet normal 0 0 1
    outer loop
      vertex 19 -0.494965 28
      vertex 14.3629 -3.86523 28
      vertex 19 -10 28
    endloop
  endfacet
  facet normal -0 0 1
    outer loop
      vertex 14.2579 -4.13885 28
      vertex 19 -10 28
      vertex 14.3629 -3.86523 28
    endloop
  endfacet
  facet normal -0 0 1
    outer loop
      vertex 14.1249 -4.39999 28
      vertex 19 -10 28
      vertex 14.2579 -4.13885 28
    endloop
  endfacet
  facet normal -0 0 1
    outer loop
      vertex 13.9652 -4.6458 28
      vertex 19 -10 28
      vertex 14.1249 -4.39999 28
    endloop
  endfacet
  facet normal -0 0 1
    outer loop
      vertex 13.7808 -4.87357 28
      vertex 19 -10 28
      vertex 13.9652 -4.6458 28
    endloop
  endfacet
  facet normal -0 0 1
    outer loop
      vertex 13.5736 -5.0808 28
      vertex 19 -10 28
      vertex 13.7808 -4.87357 28
    endloop
  endfacet
  facet normal -0 0 1
    outer loop
      vertex 13.3458 -5.26524 28
      vertex 19 -10 28
      vertex 13.5736 -5.0808 28
    endloop
  endfacet
  facet normal -0 0 1
    outer loop
      vertex 13.1 -5.42487 28
      vertex 19 -10 28
      vertex 13.3458 -5.26524 28
    endloop
  endfacet
  facet normal -0 0 1
    outer loop
      vertex 12.8389 -5.55792 28
      vertex 19 -10 28
      vertex 13.1 -5.42487 28
    endloop
  endfacet
  facet normal -0 0 1
    outer loop
      vertex 12.5652 -5.66295 28
      vertex 19 -10 28
      vertex 12.8389 -5.55792 28
    endloop
  endfacet
  facet normal -0 0 1
    outer loop
      vertex 12.2822 -5.7388 28
      vertex 19 -10 28
      vertex 12.5652 -5.66295 28
    endloop
  endfacet
  facet normal -0 0 1
    outer loop
      vertex 11.9927 -5.78465 28
      vertex 19 -10 28
      vertex 12.2822 -5.7388 28
    endloop
  endfacet
  facet normal -0 0 1
    outer loop
      vertex 11.7 -5.79999 28
      vertex 19 -10 28
      vertex 11.9927 -5.78465 28
    endloop
  endfacet
  facet normal 0 0 1
    outer loop
      vertex 11.4073 -5.78465 28
      vertex 19 -10 28
      vertex 11.7 -5.79999 28
    endloop
  endfacet
  facet normal 0 0 1
    outer loop
      vertex -0.1 -10 28
      vertex 11.4073 -5.78465 28
      vertex 11.1178 -5.7388 28
    endloop
  endfacet
  facet normal 0 0 1
    outer loop
      vertex -0.1 -10 28
      vertex 11.1178 -5.7388 28
      vertex 10.8347 -5.66295 28
    endloop
  endfacet
  facet normal 0 0 1
    outer loop
      vertex -0.1 -10 28
      vertex 10.8347 -5.66295 28
      vertex 10.5611 -5.55792 28
    endloop
  endfacet
  facet normal 0 0 1
    outer loop
      vertex -0.1 -10 28
      vertex 10.5611 -5.55792 28
      vertex 10.3 -5.42487 28
    endloop
  endfacet
  facet normal 0 0 1
    outer loop
      vertex 8.89999 0 28
      vertex 0.394974 0 28
      vertex 8.89999 -3 28
    endloop
  endfacet
  facet normal 0 0 1
    outer loop
      vertex 8.89999 -3 28
      vertex 0.394974 0 28
      vertex 8.91533 -3.29268 28
    endloop
  endfacet
  facet normal -0 0 1
    outer loop
      vertex -0.100006 -0.494965 28
      vertex 8.91533 -3.29268 28
      vertex 0.394974 0 28
    endloop
  endfacet
  facet normal 0 0 1
    outer loop
      vertex 8.91533 -3.29268 28
      vertex -0.100006 -0.494965 28
      vertex 8.96118 -3.58214 28
    endloop
  endfacet
  facet normal 0 0 1
    outer loop
      vertex -0.100006 8.51004 28
      vertex 2.89999 9.5 28
      vertex 0.889938 9.5 28
    endloop
  endfacet
  facet normal 0 0 1
    outer loop
      vertex 8.96118 -3.58214 28
      vertex -0.100006 -0.494965 28
      vertex 9.03703 -3.86523 28
    endloop
  endfacet
  facet normal 0 -0 1
    outer loop
      vertex -0.1 -10 28
      vertex 9.03703 -3.86523 28
      vertex -0.100006 -0.494965 28
    endloop
  endfacet
  facet normal 0 0 1
    outer loop
      vertex 9.03703 -3.86523 28
      vertex -0.1 -10 28
      vertex 9.14206 -4.13885 28
    endloop
  endfacet
  facet normal 0 0 1
    outer loop
      vertex 9.14206 -4.13885 28
      vertex -0.1 -10 28
      vertex 9.27512 -4.39999 28
    endloop
  endfacet
  facet normal 0 0 1
    outer loop
      vertex 9.27512 -4.39999 28
      vertex -0.1 -10 28
      vertex 9.43474 -4.6458 28
    endloop
  endfacet
  facet normal 0 0 1
    outer loop
      vertex 9.43474 -4.6458 28
      vertex -0.1 -10 28
      vertex 9.61919 -4.87357 28
    endloop
  endfacet
  facet normal 0 0 1
    outer loop
      vertex 9.61919 -4.87357 28
      vertex -0.1 -10 28
      vertex 9.82643 -5.0808 28
    endloop
  endfacet
  facet normal 0 0 1
    outer loop
      vertex 11.4073 -5.78465 28
      vertex -0.1 -10 28
      vertex 19 -10 28
    endloop
  endfacet
  facet normal 0 0 1
    outer loop
      vertex 9.82643 -5.0808 28
      vertex -0.1 -10 28
      vertex 10.0542 -5.26524 28
    endloop
  endfacet
  facet normal 0 0 1
    outer loop
      vertex 10.0542 -5.26524 28
      vertex -0.1 -10 28
      vertex 10.3 -5.42487 28
    endloop
  endfacet
  facet normal 0 0 1
    outer loop
      vertex -0.594986 0 28
      vertex -0.1 -10 28
      vertex -0.100006 -0.494965 28
    endloop
  endfacet
  facet normal 0 0 1
    outer loop
      vertex -0.594986 0 28
      vertex -7.05 -14 28
      vertex -0.1 -10 28
    endloop
  endfacet
  facet normal 0 0 1
    outer loop
      vertex -0.594986 0 28
      vertex -12.05 -14 28
      vertex -7.05 -14 28
    endloop
  endfacet
  facet normal -0 0 1
    outer loop
      vertex -18.505 0 28
      vertex -12.05 -14 28
      vertex -0.594986 0 28
    endloop
  endfacet
  facet normal 0 0 1
    outer loop
      vertex -19 -10 28
      vertex -18.505 0 28
      vertex -19 -0.494965 28
    endloop
  endfacet
  facet normal 0 0 1
    outer loop
      vertex -18.505 0 28
      vertex -19 -10 28
      vertex -12.05 -14 28
    endloop
  endfacet
  facet normal 0 0 1
    outer loop
      vertex -22 -10 28
      vertex -19 -0.494965 28
      vertex -19.495 0 28
    endloop
  endfacet
  facet normal 0 0 1
    outer loop
      vertex -22 -10 28
      vertex -19.495 0 28
      vertex -22 14.5 28
    endloop
  endfacet
  facet normal 0 0 1
    outer loop
      vertex -19 -0.494965 28
      vertex -22 -10 28
      vertex -19 -10 28
    endloop
  endfacet
  facet normal 0 0 1
    outer loop
      vertex 37.9 0.494965 28
      vertex 40.9 9.5 28
      vertex 37.9 8.51004 28
    endloop
  endfacet
  facet normal 0 0 1
    outer loop
      vertex 40.9 9.5 28
      vertex 37.9 0.494965 28
      vertex 38.395 0 28
    endloop
  endfacet
  facet normal 0 0 1
    outer loop
      vertex -0.100006 0.494965 28
      vertex 2.89999 9.5 28
      vertex -0.100006 8.51004 28
    endloop
  endfacet
  facet normal 0 0 1
    outer loop
      vertex 2.89999 9.5 28
      vertex -0.100006 0.494965 28
      vertex 0.394974 0 28
    endloop
  endfacet
  facet normal -0.225523 0.974238 0
    outer loop
      vertex 16 8.64352 21.7388
      vertex 15.2924 8.47972 28
      vertex 16 8.64352 28
    endloop
  endfacet
  facet normal -0.217238 0.976109 0.00437098
    outer loop
      vertex 16.1169 8.67058 21.5184
      vertex 16.0964 8.66583 21.5603
      vertex 16.1071 8.6683 21.5405
    endloop
  endfacet
  facet normal -0.223013 0.974814 0.00139842
    outer loop
      vertex 16.1169 8.67058 21.5184
      vertex 16 8.64352 21.7388
      vertex 16.0964 8.66583 21.5603
    endloop
  endfacet
  facet normal -0.225449 0.974255 0
    outer loop
      vertex 16.257 8.703 18.7965
      vertex 16.1169 8.67058 21.5184
      vertex 16.257 8.703 21.2035
    endloop
  endfacet
  facet normal -0.225578 0.974225 0
    outer loop
      vertex 16.257 8.703 18.7965
      vertex 16.257 8.703 21.2035
      vertex 16.3521 8.72502 20.9299
    endloop
  endfacet
  facet normal -0.225584 0.974224 0.000150731
    outer loop
      vertex 16.3786 8.73117 20.8403
      vertex 16.3521 8.72502 20.9299
      vertex 16.3671 8.7285 20.8865
    endloop
  endfacet
  facet normal -0.226067 0.974112 0
    outer loop
      vertex 16.3521 8.72502 19.0701
      vertex 16.3521 8.72502 20.9299
      vertex 16.3786 8.73117 20.8403
    endloop
  endfacet
  facet normal -0.2287 0.973497 -0.000854721
    outer loop
      vertex 16.4505 8.74779 20.5314
      vertex 16.3786 8.73117 20.8403
      vertex 16.4426 8.74598 20.5837
    endloop
  endfacet
  facet normal -0.225267 0.974297 -1.26225e-05
    outer loop
      vertex 16.3521 8.72502 19.0701
      vertex 16.3786 8.73117 20.8403
      vertex 16.4505 8.74779 20.5314
    endloop
  endfacet
  facet normal -0.22585 0.974162 -1.0551e-05
    outer loop
      vertex 16.4984 8.75889 20.056
      vertex 16.4505 8.74779 20.5314
      vertex 16.4867 8.75618 20.2897
    endloop
  endfacet
  facet normal -0.225751 0.974185 0
    outer loop
      vertex 16.4984 8.75889 19.944
      vertex 16.4505 8.74779 20.5314
      vertex 16.4984 8.75889 20.056
    endloop
  endfacet
  facet normal -0.22613 0.974097 0
    outer loop
      vertex 16.4984 8.75889 19.944
      vertex 16.4984 8.75889 20.056
      vertex 16.5012 8.75954 20
    endloop
  endfacet
  facet normal -0.225751 0.974185 0
    outer loop
      vertex 16.4505 8.74779 19.4686
      vertex 16.4505 8.74779 20.5314
      vertex 16.4984 8.75889 19.944
    endloop
  endfacet
  facet normal -0.22585 0.974162 1.0551e-05
    outer loop
      vertex 16.4505 8.74779 19.4686
      vertex 16.4984 8.75889 19.944
      vertex 16.4867 8.75618 19.7103
    endloop
  endfacet
  facet normal -0.225216 0.974309 0
    outer loop
      vertex 16.3786 8.73117 19.1597
      vertex 16.4505 8.74779 20.5314
      vertex 16.4505 8.74779 19.4686
    endloop
  endfacet
  facet normal -0.2287 0.973497 0.000854721
    outer loop
      vertex 16.3786 8.73117 19.1597
      vertex 16.4505 8.74779 19.4686
      vertex 16.4426 8.74598 19.4163
    endloop
  endfacet
  facet normal -0.226251 0.974069 5.71587e-05
    outer loop
      vertex 16.3521 8.72502 19.0701
      vertex 16.4505 8.74779 20.5314
      vertex 16.3786 8.73117 19.1597
    endloop
  endfacet
  facet normal -0.225584 0.974224 -0.000150731
    outer loop
      vertex 16.3521 8.72502 19.0701
      vertex 16.3786 8.73117 19.1597
      vertex 16.3671 8.7285 19.1135
    endloop
  endfacet
  facet normal -0.225578 0.974225 0
    outer loop
      vertex 16.257 8.703 18.7965
      vertex 16.3521 8.72502 20.9299
      vertex 16.3521 8.72502 19.0701
    endloop
  endfacet
  facet normal -0.225449 0.974255 0
    outer loop
      vertex 16.1169 8.67058 18.4816
      vertex 16.1169 8.67058 21.5184
      vertex 16.257 8.703 18.7965
    endloop
  endfacet
  facet normal -0.225517 0.974239 0
    outer loop
      vertex 16.1169 8.67058 21.5184
      vertex 16.1169 8.67058 18.4816
      vertex 16 8.64352 21.7388
    endloop
  endfacet
  facet normal -0.225517 0.974239 0
    outer loop
      vertex 16 8.64352 21.7388
      vertex 16.1169 8.67058 18.4816
      vertex 16 8.64352 18.2612
    endloop
  endfacet
  facet normal -0.217238 0.976109 -0.00437098
    outer loop
      vertex 16.0964 8.66583 18.4397
      vertex 16.1169 8.67058 18.4816
      vertex 16.1071 8.6683 18.4595
    endloop
  endfacet
  facet normal -0.223013 0.974814 -0.00139842
    outer loop
      vertex 16 8.64352 18.2612
      vertex 16.1169 8.67058 18.4816
      vertex 16.0964 8.66583 18.4397
    endloop
  endfacet
  facet normal -0.225523 0.974238 0
    outer loop
      vertex 16 8.64352 21.7388
      vertex 16 8.64352 18.2612
      vertex 15.2924 8.47972 28
    endloop
  endfacet
  facet normal -0.225523 0.974238 0
    outer loop
      vertex 16 8.64352 9.73883
      vertex 15.2924 8.47972 28
      vertex 16 8.64352 18.2612
    endloop
  endfacet
  facet normal -0.217281 0.976099 0.00435084
    outer loop
      vertex 16.1169 8.67058 9.51844
      vertex 16.0964 8.66583 9.56032
      vertex 16.1071 8.6683 9.54054
    endloop
  endfacet
  facet normal -0.222999 0.974818 0.00140632
    outer loop
      vertex 16.1169 8.67058 9.51844
      vertex 16 8.64352 9.73883
      vertex 16.0964 8.66583 9.56032
    endloop
  endfacet
  facet normal -0.225449 0.974255 0
    outer loop
      vertex 16.257 8.703 6.79655
      vertex 16.1169 8.67058 9.51844
      vertex 16.257 8.703 9.20345
    endloop
  endfacet
  facet normal -0.225578 0.974225 0
    outer loop
      vertex 16.257 8.703 6.79655
      vertex 16.257 8.703 9.20345
      vertex 16.3521 8.72502 8.92987
    endloop
  endfacet
  facet normal -0.225586 0.974223 0.000150108
    outer loop
      vertex 16.3786 8.73117 8.84034
      vertex 16.3521 8.72502 8.92987
      vertex 16.3671 8.7285 8.88654
    endloop
  endfacet
  facet normal -0.226067 0.974112 0
    outer loop
      vertex 16.3521 8.72502 7.07013
      vertex 16.3521 8.72502 8.92987
      vertex 16.3786 8.73117 8.84034
    endloop
  endfacet
  facet normal -0.22871 0.973494 -0.000857104
    outer loop
      vertex 16.4505 8.74779 8.53143
      vertex 16.3786 8.73117 8.84034
      vertex 16.4426 8.74598 8.58368
    endloop
  endfacet
  facet normal -0.225267 0.974297 -1.26225e-05
    outer loop
      vertex 16.3521 8.72502 7.07013
      vertex 16.3786 8.73117 8.84034
      vertex 16.4505 8.74779 8.53143
    endloop
  endfacet
  facet normal -0.22585 0.974162 -1.05505e-05
    outer loop
      vertex 16.4984 8.75889 8.05597
      vertex 16.4505 8.74779 8.53143
      vertex 16.4867 8.75618 8.28969
    endloop
  endfacet
  facet normal -0.225751 0.974185 0
    outer loop
      vertex 16.4984 8.75889 7.94403
      vertex 16.4505 8.74779 8.53143
      vertex 16.4984 8.75889 8.05597
    endloop
  endfacet
  facet normal -0.22613 0.974097 0
    outer loop
      vertex 16.4984 8.75889 7.94403
      vertex 16.4984 8.75889 8.05597
      vertex 16.5012 8.75954 8
    endloop
  endfacet
  facet normal -0.225751 0.974185 0
    outer loop
      vertex 16.4505 8.74779 7.46857
      vertex 16.4505 8.74779 8.53143
      vertex 16.4984 8.75889 7.94403
    endloop
  endfacet
  facet normal -0.22585 0.974162 1.05505e-05
    outer loop
      vertex 16.4505 8.74779 7.46857
      vertex 16.4984 8.75889 7.94403
      vertex 16.4867 8.75618 7.71031
    endloop
  endfacet
  facet normal -0.225216 0.974309 0
    outer loop
      vertex 16.3786 8.73117 7.15966
      vertex 16.4505 8.74779 8.53143
      vertex 16.4505 8.74779 7.46857
    endloop
  endfacet
  facet normal -0.22871 0.973494 0.000857104
    outer loop
      vertex 16.3786 8.73117 7.15966
      vertex 16.4505 8.74779 7.46857
      vertex 16.4426 8.74598 7.41632
    endloop
  endfacet
  facet normal -0.226251 0.974069 5.71455e-05
    outer loop
      vertex 16.3521 8.72502 7.07013
      vertex 16.4505 8.74779 8.53143
      vertex 16.3786 8.73117 7.15966
    endloop
  endfacet
  facet normal -0.225586 0.974223 -0.000150108
    outer loop
      vertex 16.3521 8.72502 7.07013
      vertex 16.3786 8.73117 7.15966
      vertex 16.3671 8.7285 7.11346
    endloop
  endfacet
  facet normal -0.225578 0.974225 0
    outer loop
      vertex 16.257 8.703 6.79655
      vertex 16.3521 8.72502 8.92987
      vertex 16.3521 8.72502 7.07013
    endloop
  endfacet
  facet normal -0.225449 0.974255 0
    outer loop
      vertex 16.1169 8.67058 6.48156
      vertex 16.1169 8.67058 9.51844
      vertex 16.257 8.703 6.79655
    endloop
  endfacet
  facet normal -0.225517 0.974239 0
    outer loop
      vertex 16.1169 8.67058 9.51844
      vertex 16.1169 8.67058 6.48156
      vertex 16 8.64352 9.73883
    endloop
  endfacet
  facet normal -0.225517 0.974239 0
    outer loop
      vertex 16 8.64352 6.26117
      vertex 16 8.64352 9.73883
      vertex 16.1169 8.67058 6.48156
    endloop
  endfacet
  facet normal -0.217281 0.976099 -0.00435084
    outer loop
      vertex 16.0964 8.66583 6.43968
      vertex 16.1169 8.67058 6.48156
      vertex 16.1071 8.6683 6.45946
    endloop
  endfacet
  facet normal -0.222999 0.974818 -0.00140632
    outer loop
      vertex 16 8.64352 6.26117
      vertex 16.1169 8.67058 6.48156
      vertex 16.0964 8.66583 6.43968
    endloop
  endfacet
  facet normal -0.225523 0.974238 0
    outer loop
      vertex 15.2924 8.47972 0
      vertex 16 8.64352 9.73883
      vertex 16 8.64352 6.26117
    endloop
  endfacet
  facet normal -0.225523 0.974238 0
    outer loop
      vertex 15.2924 8.47972 0
      vertex 16 8.64352 6.26117
      vertex 16 8.64352 0
    endloop
  endfacet
  facet normal -0.225523 0.974238 0
    outer loop
      vertex 16 8.64352 9.73883
      vertex 15.2924 8.47972 0
      vertex 15.2924 8.47972 28
    endloop
  endfacet
  facet normal -0.798525 0.601961 0
    outer loop
      vertex 14.5 7.42857 0
      vertex 15.2924 8.47972 28
      vertex 15.2924 8.47972 0
    endloop
  endfacet
  facet normal -0.798525 0.601961 0
    outer loop
      vertex 15.2924 8.47972 28
      vertex 14.5 7.42857 0
      vertex 14.5 7.42857 28
    endloop
  endfacet
  facet normal -1 0 0
    outer loop
      vertex 14.5 -3 0
      vertex 14.5 7.42857 28
      vertex 14.5 7.42857 0
    endloop
  endfacet
  facet normal -1 -0 0
    outer loop
      vertex 14.5 7.42857 28
      vertex 14.5 -3 0
      vertex 14.5 -3 28
    endloop
  endfacet
  facet normal -0.998619 0.0525445 0
    outer loop
      vertex 14.4846 -3.29268 0
      vertex 14.5 -3 28
      vertex 14.5 -3 0
    endloop
  endfacet
  facet normal -0.998619 0.0525445 0
    outer loop
      vertex 14.5 -3 28
      vertex 14.4846 -3.29268 0
      vertex 14.4846 -3.29268 28
    endloop
  endfacet
  facet normal -0.987713 0.156281 0
    outer loop
      vertex 14.4388 -3.58214 0
      vertex 14.4846 -3.29268 28
      vertex 14.4846 -3.29268 0
    endloop
  endfacet
  facet normal -0.987713 0.156281 0
    outer loop
      vertex 14.4846 -3.29268 28
      vertex 14.4388 -3.58214 0
      vertex 14.4388 -3.58214 28
    endloop
  endfacet
  facet normal -0.965886 0.258966 0
    outer loop
      vertex 14.3629 -3.86523 0
      vertex 14.4388 -3.58214 28
      vertex 14.4388 -3.58214 0
    endloop
  endfacet
  facet normal -0.965886 0.258966 0
    outer loop
      vertex 14.4388 -3.58214 28
      vertex 14.3629 -3.86523 0
      vertex 14.3629 -3.86523 28
    endloop
  endfacet
  facet normal -0.933618 0.35827 0
    outer loop
      vertex 14.2579 -4.13885 0
      vertex 14.3629 -3.86523 28
      vertex 14.3629 -3.86523 0
    endloop
  endfacet
  facet normal -0.933618 0.35827 0
    outer loop
      vertex 14.3629 -3.86523 28
      vertex 14.2579 -4.13885 0
      vertex 14.2579 -4.13885 28
    endloop
  endfacet
  facet normal -0.891086 0.453835 0
    outer loop
      vertex 14.1249 -4.39999 0
      vertex 14.2579 -4.13885 28
      vertex 14.2579 -4.13885 0
    endloop
  endfacet
  facet normal -0.891086 0.453835 0
    outer loop
      vertex 14.2579 -4.13885 28
      vertex 14.1249 -4.39999 0
      vertex 14.1249 -4.39999 28
    endloop
  endfacet
  facet normal -0.838563 0.544805 0
    outer loop
      vertex 13.9652 -4.6458 0
      vertex 14.1249 -4.39999 28
      vertex 14.1249 -4.39999 0
    endloop
  endfacet
  facet normal -0.838563 0.544805 0
    outer loop
      vertex 14.1249 -4.39999 28
      vertex 13.9652 -4.6458 0
      vertex 13.9652 -4.6458 28
    endloop
  endfacet
  facet normal -0.77722 0.629229 0
    outer loop
      vertex 13.7808 -4.87357 0
      vertex 13.9652 -4.6458 28
      vertex 13.9652 -4.6458 0
    endloop
  endfacet
  facet normal -0.77722 0.629229 0
    outer loop
      vertex 13.9652 -4.6458 28
      vertex 13.7808 -4.87357 0
      vertex 13.7808 -4.87357 28
    endloop
  endfacet
  facet normal -0.707158 0.707056 0
    outer loop
      vertex 13.5736 -5.0808 0
      vertex 13.7808 -4.87357 28
      vertex 13.7808 -4.87357 0
    endloop
  endfacet
  facet normal -0.707158 0.707056 0
    outer loop
      vertex 13.7808 -4.87357 28
      vertex 13.5736 -5.0808 0
      vertex 13.5736 -5.0808 28
    endloop
  endfacet
  facet normal -0.629261 0.777194 0
    outer loop
      vertex 13.5736 -5.0808 0
      vertex 13.3458 -5.26524 28
      vertex 13.5736 -5.0808 28
    endloop
  endfacet
  facet normal -0.629261 0.777194 0
    outer loop
      vertex 13.3458 -5.26524 28
      vertex 13.5736 -5.0808 0
      vertex 13.3458 -5.26524 0
    endloop
  endfacet
  facet normal -0.544653 0.838662 0
    outer loop
      vertex 13.3458 -5.26524 0
      vertex 13.1 -5.42487 28
      vertex 13.3458 -5.26524 28
    endloop
  endfacet
  facet normal -0.544653 0.838662 0
    outer loop
      vertex 13.1 -5.42487 28
      vertex 13.3458 -5.26524 0
      vertex 13.1 -5.42487 0
    endloop
  endfacet
  facet normal -0.454025 0.890989 0
    outer loop
      vertex 13.1 -5.42487 0
      vertex 12.8389 -5.55792 28
      vertex 13.1 -5.42487 28
    endloop
  endfacet
  facet normal -0.454025 0.890989 0
    outer loop
      vertex 12.8389 -5.55792 28
      vertex 13.1 -5.42487 0
      vertex 12.8389 -5.55792 0
    endloop
  endfacet
  facet normal -0.358268 0.933619 0
    outer loop
      vertex 12.8389 -5.55792 0
      vertex 12.5652 -5.66295 28
      vertex 12.8389 -5.55792 28
    endloop
  endfacet
  facet normal -0.358268 0.933619 0
    outer loop
      vertex 12.5652 -5.66295 28
      vertex 12.8389 -5.55792 0
      vertex 12.5652 -5.66295 0
    endloop
  endfacet
  facet normal -0.258884 0.965908 0
    outer loop
      vertex 12.5652 -5.66295 0
      vertex 12.2822 -5.7388 28
      vertex 12.5652 -5.66295 28
    endloop
  endfacet
  facet normal -0.258884 0.965908 0
    outer loop
      vertex 12.2822 -5.7388 28
      vertex 12.5652 -5.66295 0
      vertex 12.2822 -5.7388 0
    endloop
  endfacet
  facet normal -0.156427 0.98769 0
    outer loop
      vertex 12.2822 -5.7388 0
      vertex 11.9927 -5.78465 28
      vertex 12.2822 -5.7388 28
    endloop
  endfacet
  facet normal -0.156427 0.98769 0
    outer loop
      vertex 11.9927 -5.78465 28
      vertex 12.2822 -5.7388 0
      vertex 11.9927 -5.78465 0
    endloop
  endfacet
  facet normal -0.0523368 0.998629 0
    outer loop
      vertex 11.9927 -5.78465 0
      vertex 11.7 -5.79999 28
      vertex 11.9927 -5.78465 28
    endloop
  endfacet
  facet normal -0.0523368 0.998629 0
    outer loop
      vertex 11.7 -5.79999 28
      vertex 11.9927 -5.78465 0
      vertex 11.7 -5.79999 0
    endloop
  endfacet
  facet normal 0.0523368 0.998629 -0
    outer loop
      vertex 11.7 -5.79999 0
      vertex 11.4073 -5.78465 28
      vertex 11.7 -5.79999 28
    endloop
  endfacet
  facet normal 0.0523368 0.998629 0
    outer loop
      vertex 11.4073 -5.78465 28
      vertex 11.7 -5.79999 0
      vertex 11.4073 -5.78465 0
    endloop
  endfacet
  facet normal 0.156427 0.98769 -0
    outer loop
      vertex 11.4073 -5.78465 0
      vertex 11.1178 -5.7388 28
      vertex 11.4073 -5.78465 28
    endloop
  endfacet
  facet normal 0.156427 0.98769 0
    outer loop
      vertex 11.1178 -5.7388 28
      vertex 11.4073 -5.78465 0
      vertex 11.1178 -5.7388 0
    endloop
  endfacet
  facet normal 0.258799 0.965931 -0
    outer loop
      vertex 11.1178 -5.7388 0
      vertex 10.8347 -5.66295 28
      vertex 11.1178 -5.7388 28
    endloop
  endfacet
  facet normal 0.258799 0.965931 0
    outer loop
      vertex 10.8347 -5.66295 28
      vertex 11.1178 -5.7388 0
      vertex 10.8347 -5.66295 0
    endloop
  endfacet
  facet normal 0.358382 0.933575 -0
    outer loop
      vertex 10.8347 -5.66295 0
      vertex 10.5611 -5.55792 28
      vertex 10.8347 -5.66295 28
    endloop
  endfacet
  facet normal 0.358382 0.933575 0
    outer loop
      vertex 10.5611 -5.55792 28
      vertex 10.8347 -5.66295 0
      vertex 10.5611 -5.55792 0
    endloop
  endfacet
  facet normal 0.454025 0.890989 -0
    outer loop
      vertex 10.5611 -5.55792 0
      vertex 10.3 -5.42487 28
      vertex 10.5611 -5.55792 28
    endloop
  endfacet
  facet normal 0.454025 0.890989 0
    outer loop
      vertex 10.3 -5.42487 28
      vertex 10.5611 -5.55792 0
      vertex 10.3 -5.42487 0
    endloop
  endfacet
  facet normal 0.544653 0.838662 -0
    outer loop
      vertex 10.3 -5.42487 0
      vertex 10.0542 -5.26524 28
      vertex 10.3 -5.42487 28
    endloop
  endfacet
  facet normal 0.544653 0.838662 0
    outer loop
      vertex 10.0542 -5.26524 28
      vertex 10.3 -5.42487 0
      vertex 10.0542 -5.26524 0
    endloop
  endfacet
  facet normal 0.629311 0.777153 -0
    outer loop
      vertex 10.0542 -5.26524 0
      vertex 9.82643 -5.0808 28
      vertex 10.0542 -5.26524 28
    endloop
  endfacet
  facet normal 0.629311 0.777153 0
    outer loop
      vertex 9.82643 -5.0808 28
      vertex 10.0542 -5.26524 0
      vertex 9.82643 -5.0808 0
    endloop
  endfacet
  facet normal 0.70709 0.707124 -0
    outer loop
      vertex 9.82643 -5.0808 0
      vertex 9.61919 -4.87357 28
      vertex 9.82643 -5.0808 28
    endloop
  endfacet
  facet normal 0.70709 0.707124 0
    outer loop
      vertex 9.61919 -4.87357 28
      vertex 9.82643 -5.0808 0
      vertex 9.61919 -4.87357 0
    endloop
  endfacet
  facet normal 0.777137 0.629332 0
    outer loop
      vertex 9.61919 -4.87357 28
      vertex 9.43474 -4.6458 0
      vertex 9.43474 -4.6458 28
    endloop
  endfacet
  facet normal 0.777137 0.629332 0
    outer loop
      vertex 9.43474 -4.6458 0
      vertex 9.61919 -4.87357 28
      vertex 9.61919 -4.87357 0
    endloop
  endfacet
  facet normal 0.838688 0.544613 0
    outer loop
      vertex 9.43474 -4.6458 28
      vertex 9.27512 -4.39999 0
      vertex 9.27512 -4.39999 28
    endloop
  endfacet
  facet normal 0.838688 0.544613 0
    outer loop
      vertex 9.27512 -4.39999 0
      vertex 9.43474 -4.6458 28
      vertex 9.43474 -4.6458 0
    endloop
  endfacet
  facet normal 0.891003 0.453997 0
    outer loop
      vertex 9.27512 -4.39999 28
      vertex 9.14206 -4.13885 0
      vertex 9.14206 -4.13885 28
    endloop
  endfacet
  facet normal 0.891003 0.453997 0
    outer loop
      vertex 9.14206 -4.13885 0
      vertex 9.27512 -4.39999 28
      vertex 9.27512 -4.39999 0
    endloop
  endfacet
  facet normal 0.933584 0.358359 0
    outer loop
      vertex 9.14206 -4.13885 28
      vertex 9.03703 -3.86523 0
      vertex 9.03703 -3.86523 28
    endloop
  endfacet
  facet normal 0.933584 0.358359 0
    outer loop
      vertex 9.03703 -3.86523 0
      vertex 9.14206 -4.13885 28
      vertex 9.14206 -4.13885 0
    endloop
  endfacet
  facet normal 0.965929 0.258807 0
    outer loop
      vertex 9.03703 -3.86523 28
      vertex 8.96118 -3.58214 0
      vertex 8.96118 -3.58214 28
    endloop
  endfacet
  facet normal 0.965929 0.258807 0
    outer loop
      vertex 8.96118 -3.58214 0
      vertex 9.03703 -3.86523 28
      vertex 9.03703 -3.86523 0
    endloop
  endfacet
  facet normal 0.987686 0.156448 0
    outer loop
      vertex 8.96118 -3.58214 28
      vertex 8.91533 -3.29268 0
      vertex 8.91533 -3.29268 28
    endloop
  endfacet
  facet normal 0.987686 0.156448 0
    outer loop
      vertex 8.91533 -3.29268 0
      vertex 8.96118 -3.58214 28
      vertex 8.96118 -3.58214 0
    endloop
  endfacet
  facet normal 0.998629 0.0523403 0
    outer loop
      vertex 8.91533 -3.29268 28
      vertex 8.89999 -3 0
      vertex 8.89999 -3 28
    endloop
  endfacet
  facet normal 0.998629 0.0523403 0
    outer loop
      vertex 8.89999 -3 0
      vertex 8.91533 -3.29268 28
      vertex 8.91533 -3.29268 0
    endloop
  endfacet
  facet normal 1 -0 0
    outer loop
      vertex 8.89999 -3 28
      vertex 8.89999 0 0
      vertex 8.89999 0 28
    endloop
  endfacet
  facet normal 1 0 0
    outer loop
      vertex 8.89999 0 0
      vertex 8.89999 -3 28
      vertex 8.89999 -3 0
    endloop
  endfacet
  facet normal 0.845489 0.533993 0
    outer loop
      vertex 8.89999 0 28
      vertex 2.89999 9.5 0
      vertex 2.89999 9.5 28
    endloop
  endfacet
  facet normal 0.845489 0.533993 0
    outer loop
      vertex 2.89999 9.5 0
      vertex 8.89999 0 28
      vertex 8.89999 0 0
    endloop
  endfacet
  facet normal 0 1 -0
    outer loop
      vertex 2.89999 9.5 0
      vertex 0.889938 9.5 28
      vertex 2.89999 9.5 28
    endloop
  endfacet
  facet normal 0 1 0
    outer loop
      vertex 0.889938 9.5 28
      vertex 2.89999 9.5 0
      vertex 0.889938 9.5 0
    endloop
  endfacet
  facet normal -0.707112 0.707101 0
    outer loop
      vertex -0.100006 8.51004 0
      vertex 0.889938 9.5 28
      vertex 0.889938 9.5 0
    endloop
  endfacet
  facet normal -0.707112 0.707101 0
    outer loop
      vertex 0.889938 9.5 28
      vertex -0.100006 8.51004 0
      vertex -0.100006 8.51004 28
    endloop
  endfacet
  facet normal -1 0 0
    outer loop
      vertex -0.100006 0.494965 0
      vertex -0.100006 8.51004 28
      vertex -0.100006 8.51004 0
    endloop
  endfacet
  facet normal -1 -0 0
    outer loop
      vertex -0.100006 8.51004 28
      vertex -0.100006 0.494965 0
      vertex -0.100006 0.494965 28
    endloop
  endfacet
  facet normal -0.707096 -0.707117 0
    outer loop
      vertex -0.100006 0.494965 0
      vertex 0.394974 0 28
      vertex -0.100006 0.494965 28
    endloop
  endfacet
  facet normal -0.707096 -0.707117 -0
    outer loop
      vertex 0.394974 0 28
      vertex -0.100006 0.494965 0
      vertex 0.394974 0 0
    endloop
  endfacet
  facet normal -0.707096 0.707117 0
    outer loop
      vertex 0.394974 0 0
      vertex -0.100006 -0.494965 28
      vertex 0.394974 0 28
    endloop
  endfacet
  facet normal -0.707096 0.707117 0
    outer loop
      vertex -0.100006 -0.494965 28
      vertex 0.394974 0 0
      vertex -0.100006 -0.494965 0
    endloop
  endfacet
  facet normal 0.707096 0.707117 -0
    outer loop
      vertex -0.100006 -0.494965 0
      vertex -0.594986 0 28
      vertex -0.100006 -0.494965 28
    endloop
  endfacet
  facet normal 0.707096 0.707117 0
    outer loop
      vertex -0.594986 0 28
      vertex -0.100006 -0.494965 0
      vertex -0.594986 0 0
    endloop
  endfacet
  facet normal 0 1 -0
    outer loop
      vertex -0.594986 0 0
      vertex -18.505 0 28
      vertex -0.594986 0 28
    endloop
  endfacet
  facet normal 0 1 0
    outer loop
      vertex -18.505 0 28
      vertex -0.594986 0 0
      vertex -18.505 0 0
    endloop
  endfacet
  facet normal -0.707082 0.707132 0
    outer loop
      vertex -19 -0.494965 0
      vertex -18.505 0 28
      vertex -18.505 0 0
    endloop
  endfacet
  facet normal -0.707082 0.707132 0
    outer loop
      vertex -18.505 0 28
      vertex -19 -0.494965 0
      vertex -19 -0.494965 28
    endloop
  endfacet
  facet normal 0.707082 0.707132 0
    outer loop
      vertex -19 -0.494965 28
      vertex -19.495 0 0
      vertex -19.495 0 28
    endloop
  endfacet
  facet normal 0.707082 0.707132 0
    outer loop
      vertex -19.495 0 0
      vertex -19 -0.494965 28
      vertex -19 -0.494965 0
    endloop
  endfacet
  facet normal 0.707082 -0.707132 0
    outer loop
      vertex -19.495 0 28
      vertex -19 0.494965 0
      vertex -19 0.494965 28
    endloop
  endfacet
  facet normal 0.707082 -0.707132 0
    outer loop
      vertex -19 0.494965 0
      vertex -19.495 0 28
      vertex -19.495 0 0
    endloop
  endfacet
  facet normal 1 0 0
    outer loop
      vertex -19 7.6168 19.4747
      vertex -19 17 25.5
      vertex -19 7.66285 19.6465
    endloop
  endfacet
  facet normal 1 0 0
    outer loop
      vertex -19 17 2.5
      vertex -19 7.69069 8.1777
      vertex -19 7.7 8
    endloop
  endfacet
  facet normal 1 0 0
    outer loop
      vertex -19 7.55303 19.3085
      vertex -19 17 25.5
      vertex -19 7.6168 19.4747
    endloop
  endfacet
  facet normal 1 0 0
    outer loop
      vertex -19 17 2.5
      vertex -19 7.66285 8.35345
      vertex -19 7.69069 8.1777
    endloop
  endfacet
  facet normal 1 0 0
    outer loop
      vertex -19 17 25.5
      vertex -19 7.55303 19.3085
      vertex -19 17 2.5
    endloop
  endfacet
  facet normal 1 0 0
    outer loop
      vertex -19 17 2.5
      vertex -19 7.6168 8.52533
      vertex -19 7.66285 8.35345
    endloop
  endfacet
  facet normal 1 -0 0
    outer loop
      vertex -19 7.55303 8.69145
      vertex -19 17 2.5
      vertex -19 7.55303 19.3085
    endloop
  endfacet
  facet normal 1 0 0
    outer loop
      vertex -19 17 2.5
      vertex -19 7.55303 8.69145
      vertex -19 7.6168 8.52533
    endloop
  endfacet
  facet normal 1 -0 0
    outer loop
      vertex -19 7.47224 19.15
      vertex -19 7.55303 8.69145
      vertex -19 7.55303 19.3085
    endloop
  endfacet
  facet normal 1 0 0
    outer loop
      vertex -19 7.47224 19.15
      vertex -19 7.47224 8.85
      vertex -19 7.55303 8.69145
    endloop
  endfacet
  facet normal 1 -0 0
    outer loop
      vertex -19 7.37533 19.0008
      vertex -19 7.47224 8.85
      vertex -19 7.47224 19.15
    endloop
  endfacet
  facet normal 1 0 0
    outer loop
      vertex -19 7.37533 19.0008
      vertex -19 7.37533 8.99923
      vertex -19 7.47224 8.85
    endloop
  endfacet
  facet normal 1 -0 0
    outer loop
      vertex -19 7.26335 18.8625
      vertex -19 7.37533 8.99923
      vertex -19 7.37533 19.0008
    endloop
  endfacet
  facet normal 1 0 0
    outer loop
      vertex -19 7.26335 18.8625
      vertex -19 7.26335 9.13752
      vertex -19 7.37533 8.99923
    endloop
  endfacet
  facet normal 1 -0 0
    outer loop
      vertex -19 7.13752 18.7367
      vertex -19 7.26335 9.13752
      vertex -19 7.26335 18.8625
    endloop
  endfacet
  facet normal 1 0 0
    outer loop
      vertex -19 7.13752 18.7367
      vertex -19 7.13752 9.26335
      vertex -19 7.26335 9.13752
    endloop
  endfacet
  facet normal 1 -0 0
    outer loop
      vertex -19 6.99923 18.6247
      vertex -19 7.13752 9.26335
      vertex -19 7.13752 18.7367
    endloop
  endfacet
  facet normal 1 0 0
    outer loop
      vertex -19 6.99923 18.6247
      vertex -19 6.99923 9.37533
      vertex -19 7.13752 9.26335
    endloop
  endfacet
  facet normal 1 -0 0
    outer loop
      vertex -19 6.85 18.5278
      vertex -19 6.99923 9.37533
      vertex -19 6.99923 18.6247
    endloop
  endfacet
  facet normal 1 0 0
    outer loop
      vertex -19 6.85 18.5278
      vertex -19 6.85 9.47224
      vertex -19 6.99923 9.37533
    endloop
  endfacet
  facet normal 1 -0 0
    outer loop
      vertex -19 6.69145 18.447
      vertex -19 6.85 9.47224
      vertex -19 6.85 18.5278
    endloop
  endfacet
  facet normal 1 0 0
    outer loop
      vertex -19 6.69145 18.447
      vertex -19 6.69145 9.55303
      vertex -19 6.85 9.47224
    endloop
  endfacet
  facet normal 1 -0 0
    outer loop
      vertex -19 6.52533 18.3832
      vertex -19 6.69145 9.55303
      vertex -19 6.69145 18.447
    endloop
  endfacet
  facet normal 1 0 0
    outer loop
      vertex -19 6.52533 18.3832
      vertex -19 6.52533 9.6168
      vertex -19 6.69145 9.55303
    endloop
  endfacet
  facet normal 1 -0 0
    outer loop
      vertex -19 6.35345 18.3372
      vertex -19 6.52533 9.6168
      vertex -19 6.52533 18.3832
    endloop
  endfacet
  facet normal 1 0 0
    outer loop
      vertex -19 6.35345 18.3372
      vertex -19 6.35345 9.66285
      vertex -19 6.52533 9.6168
    endloop
  endfacet
  facet normal 1 -0 0
    outer loop
      vertex -19 6.1777 18.3093
      vertex -19 6.35345 9.66285
      vertex -19 6.35345 18.3372
    endloop
  endfacet
  facet normal 1 0 0
    outer loop
      vertex -19 6.1777 18.3093
      vertex -19 6.1777 9.69069
      vertex -19 6.35345 9.66285
    endloop
  endfacet
  facet normal 1 -0 0
    outer loop
      vertex -19 6 18.3
      vertex -19 6.1777 9.69069
      vertex -19 6.1777 18.3093
    endloop
  endfacet
  facet normal 1 0 0
    outer loop
      vertex -19 6 18.3
      vertex -19 6 9.7
      vertex -19 6.1777 9.69069
    endloop
  endfacet
  facet normal 1 0 0
    outer loop
      vertex -19 5.8223 18.3093
      vertex -19 6 9.7
      vertex -19 6 18.3
    endloop
  endfacet
  facet normal 1 0 0
    outer loop
      vertex -19 5.8223 18.3093
      vertex -19 5.8223 9.69069
      vertex -19 6 9.7
    endloop
  endfacet
  facet normal 1 0 0
    outer loop
      vertex -19 5.64655 18.3372
      vertex -19 5.8223 9.69069
      vertex -19 5.8223 18.3093
    endloop
  endfacet
  facet normal 1 0 0
    outer loop
      vertex -19 5.64655 18.3372
      vertex -19 5.64655 9.66285
      vertex -19 5.8223 9.69069
    endloop
  endfacet
  facet normal 1 0 0
    outer loop
      vertex -19 5.47467 18.3832
      vertex -19 5.64655 9.66285
      vertex -19 5.64655 18.3372
    endloop
  endfacet
  facet normal 1 0 0
    outer loop
      vertex -19 5.47467 18.3832
      vertex -19 5.47467 9.6168
      vertex -19 5.64655 9.66285
    endloop
  endfacet
  facet normal 1 0 0
    outer loop
      vertex -19 5.30855 18.447
      vertex -19 5.47467 9.6168
      vertex -19 5.47467 18.3832
    endloop
  endfacet
  facet normal 1 0 0
    outer loop
      vertex -19 5.30855 18.447
      vertex -19 5.30855 9.55303
      vertex -19 5.47467 9.6168
    endloop
  endfacet
  facet normal 1 0 0
    outer loop
      vertex -19 5.15 18.5278
      vertex -19 5.30855 9.55303
      vertex -19 5.30855 18.447
    endloop
  endfacet
  facet normal 1 0 0
    outer loop
      vertex -19 5.15 18.5278
      vertex -19 5.15 9.47224
      vertex -19 5.30855 9.55303
    endloop
  endfacet
  facet normal 1 0 0
    outer loop
      vertex -19 5.00077 18.6247
      vertex -19 5.15 9.47224
      vertex -19 5.15 18.5278
    endloop
  endfacet
  facet normal 1 0 0
    outer loop
      vertex -19 5.00077 18.6247
      vertex -19 5.00077 9.37533
      vertex -19 5.15 9.47224
    endloop
  endfacet
  facet normal 1 0 0
    outer loop
      vertex -19 4.86248 18.7367
      vertex -19 5.00077 9.37533
      vertex -19 5.00077 18.6247
    endloop
  endfacet
  facet normal 1 0 0
    outer loop
      vertex -19 4.86248 18.7367
      vertex -19 4.86248 9.26335
      vertex -19 5.00077 9.37533
    endloop
  endfacet
  facet normal 1 0 0
    outer loop
      vertex -19 4.73665 18.8625
      vertex -19 4.86248 9.26335
      vertex -19 4.86248 18.7367
    endloop
  endfacet
  facet normal 1 0 0
    outer loop
      vertex -19 4.73665 18.8625
      vertex -19 4.73665 9.13752
      vertex -19 4.86248 9.26335
    endloop
  endfacet
  facet normal 1 0 0
    outer loop
      vertex -19 4.62467 19.0008
      vertex -19 4.73665 9.13752
      vertex -19 4.73665 18.8625
    endloop
  endfacet
  facet normal 1 0 0
    outer loop
      vertex -19 4.62467 19.0008
      vertex -19 4.62467 8.99923
      vertex -19 4.73665 9.13752
    endloop
  endfacet
  facet normal 1 0 0
    outer loop
      vertex -19 4.52776 19.15
      vertex -19 4.62467 8.99923
      vertex -19 4.62467 19.0008
    endloop
  endfacet
  facet normal 1 0 0
    outer loop
      vertex -19 4.52776 19.15
      vertex -19 4.52776 8.85
      vertex -19 4.62467 8.99923
    endloop
  endfacet
  facet normal 1 0 0
    outer loop
      vertex -19 4.44697 19.3085
      vertex -19 4.52776 8.85
      vertex -19 4.52776 19.15
    endloop
  endfacet
  facet normal 1 0 0
    outer loop
      vertex -19 4.44697 19.3085
      vertex -19 4.44697 8.69145
      vertex -19 4.52776 8.85
    endloop
  endfacet
  facet normal 1 0 0
    outer loop
      vertex -19 4.3832 19.4747
      vertex -19 4.44697 8.69145
      vertex -19 4.44697 19.3085
    endloop
  endfacet
  facet normal 1 0 0
    outer loop
      vertex -19 4.3832 19.4747
      vertex -19 4.3832 8.52533
      vertex -19 4.44697 8.69145
    endloop
  endfacet
  facet normal 1 0 0
    outer loop
      vertex -19 4.33715 19.6465
      vertex -19 4.3832 8.52533
      vertex -19 4.3832 19.4747
    endloop
  endfacet
  facet normal 1 0 0
    outer loop
      vertex -19 4.33715 19.6465
      vertex -19 4.33715 8.35345
      vertex -19 4.3832 8.52533
    endloop
  endfacet
  facet normal 1 0 0
    outer loop
      vertex -19 0.494965 28
      vertex -19 4.33715 19.6465
      vertex -19 4.30931 19.8223
    endloop
  endfacet
  facet normal 1 0 0
    outer loop
      vertex -19 4.33715 19.6465
      vertex -19 0.494965 28
      vertex -19 4.33715 8.35345
    endloop
  endfacet
  facet normal 1 0 0
    outer loop
      vertex -19 0.494965 28
      vertex -19 4.30931 19.8223
      vertex -19 4.3 20
    endloop
  endfacet
  facet normal 1 0 0
    outer loop
      vertex -19 0.494965 0
      vertex -19 4.33715 8.35345
      vertex -19 0.494965 28
    endloop
  endfacet
  facet normal 1 0 0
    outer loop
      vertex -19 14.5 28
      vertex -19 17 25.5
      vertex -19 16.9863 25.7613
    endloop
  endfacet
  facet normal 1 0 0
    outer loop
      vertex -19 7.69069 19.8223
      vertex -19 17 25.5
      vertex -19 7.7 20
    endloop
  endfacet
  facet normal 1 0 0
    outer loop
      vertex -19 14.5 28
      vertex -19 16.9863 25.7613
      vertex -19 16.9454 26.0198
    endloop
  endfacet
  facet normal 1 0 0
    outer loop
      vertex -19 7.66285 19.6465
      vertex -19 17 25.5
      vertex -19 7.69069 19.8223
    endloop
  endfacet
  facet normal 1 0 0
    outer loop
      vertex -19 14.5 28
      vertex -19 16.9454 26.0198
      vertex -19 16.8776 26.2725
    endloop
  endfacet
  facet normal 1 -0 0
    outer loop
      vertex -19 7.69069 7.8223
      vertex -19 17 2.5
      vertex -19 7.7 8
    endloop
  endfacet
  facet normal 1 0 0
    outer loop
      vertex -19 14.5 28
      vertex -19 16.8776 26.2725
      vertex -19 16.7839 26.5168
    endloop
  endfacet
  facet normal 1 -0 0
    outer loop
      vertex -19 7.66285 7.64655
      vertex -19 17 2.5
      vertex -19 7.69069 7.8223
    endloop
  endfacet
  facet normal 1 0 0
    outer loop
      vertex -19 14.5 28
      vertex -19 16.7839 26.5168
      vertex -19 16.6651 26.75
    endloop
  endfacet
  facet normal 1 -0 0
    outer loop
      vertex -19 7.6168 7.47467
      vertex -19 17 2.5
      vertex -19 7.66285 7.64655
    endloop
  endfacet
  facet normal 1 0 0
    outer loop
      vertex -19 14.5 28
      vertex -19 16.6651 26.75
      vertex -19 16.5225 26.9695
    endloop
  endfacet
  facet normal 1 -0 0
    outer loop
      vertex -19 7.55303 7.30855
      vertex -19 17 2.5
      vertex -19 7.6168 7.47467
    endloop
  endfacet
  facet normal 1 0 0
    outer loop
      vertex -19 14.5 28
      vertex -19 16.5225 26.9695
      vertex -19 16.3579 27.1728
    endloop
  endfacet
  facet normal 1 0 -0
    outer loop
      vertex -19 14.5 0
      vertex -19 17 2.5
      vertex -19 7.55303 7.30855
    endloop
  endfacet
  facet normal 1 0 0
    outer loop
      vertex -19 14.5 28
      vertex -19 16.3579 27.1728
      vertex -19 16.1728 27.3579
    endloop
  endfacet
  facet normal 1 0 0
    outer loop
      vertex -19 17 2.5
      vertex -19 14.5 0
      vertex -19 16.9863 2.23868
    endloop
  endfacet
  facet normal 1 0 0
    outer loop
      vertex -19 14.5 28
      vertex -19 16.1728 27.3579
      vertex -19 15.9695 27.5225
    endloop
  endfacet
  facet normal 1 0 0
    outer loop
      vertex -19 16.9863 2.23868
      vertex -19 14.5 0
      vertex -19 16.9454 1.98022
    endloop
  endfacet
  facet normal 1 0 0
    outer loop
      vertex -19 14.5 28
      vertex -19 15.9695 27.5225
      vertex -19 15.75 27.6651
    endloop
  endfacet
  facet normal 1 0 0
    outer loop
      vertex -19 16.9454 1.98022
      vertex -19 14.5 0
      vertex -19 16.8776 1.72746
    endloop
  endfacet
  facet normal 1 0 0
    outer loop
      vertex -19 14.5 28
      vertex -19 15.75 27.6651
      vertex -19 15.5168 27.7839
    endloop
  endfacet
  facet normal 1 0 0
    outer loop
      vertex -19 16.7839 1.48316
      vertex -19 14.5 0
      vertex -19 16.6651 1.25
    endloop
  endfacet
  facet normal 1 0 0
    outer loop
      vertex -19 14.5 28
      vertex -19 15.5168 27.7839
      vertex -19 15.2725 27.8776
    endloop
  endfacet
  facet normal 1 0 0
    outer loop
      vertex -19 16.6651 1.25
      vertex -19 14.5 0
      vertex -19 16.5225 1.03054
    endloop
  endfacet
  facet normal 1 0 0
    outer loop
      vertex -19 14.5 28
      vertex -19 15.2725 27.8776
      vertex -19 15.0198 27.9454
    endloop
  endfacet
  facet normal 1 0 0
    outer loop
      vertex -19 16.5225 1.03054
      vertex -19 14.5 0
      vertex -19 16.3579 0.827174
    endloop
  endfacet
  facet normal 1 0 0
    outer loop
      vertex -19 14.5 28
      vertex -19 15.0198 27.9454
      vertex -19 14.7613 27.9863
    endloop
  endfacet
  facet normal 1 0 0
    outer loop
      vertex -19 16.3579 0.827174
      vertex -19 14.5 0
      vertex -19 16.1728 0.642138
    endloop
  endfacet
  facet normal 1 0 0
    outer loop
      vertex -19 17 25.5
      vertex -19 14.5 28
      vertex -19 7.55303 20.6915
    endloop
  endfacet
  facet normal 1 0 0
    outer loop
      vertex -19 15.9695 0.477458
      vertex -19 14.5 0
      vertex -19 15.75 0.334937
    endloop
  endfacet
  facet normal 1 0 0
    outer loop
      vertex -19 15.75 0.334937
      vertex -19 14.5 0
      vertex -19 15.5168 0.216137
    endloop
  endfacet
  facet normal 1 0 0
    outer loop
      vertex -19 17 25.5
      vertex -19 7.69069 20.1777
      vertex -19 7.7 20
    endloop
  endfacet
  facet normal 1 0 0
    outer loop
      vertex -19 17 25.5
      vertex -19 7.66285 20.3535
      vertex -19 7.69069 20.1777
    endloop
  endfacet
  facet normal 1 0 0
    outer loop
      vertex -19 17 25.5
      vertex -19 7.6168 20.5253
      vertex -19 7.66285 20.3535
    endloop
  endfacet
  facet normal 1 0 0
    outer loop
      vertex -19 17 25.5
      vertex -19 7.55303 20.6915
      vertex -19 7.6168 20.5253
    endloop
  endfacet
  facet normal 1 0 0
    outer loop
      vertex -19 14.5 28
      vertex -19 7.47224 20.85
      vertex -19 7.55303 20.6915
    endloop
  endfacet
  facet normal 1 0 0
    outer loop
      vertex -19 14.5 28
      vertex -19 7.37533 20.9992
      vertex -19 7.47224 20.85
    endloop
  endfacet
  facet normal 1 0 0
    outer loop
      vertex -19 14.5 28
      vertex -19 7.26335 21.1375
      vertex -19 7.37533 20.9992
    endloop
  endfacet
  facet normal 1 0 0
    outer loop
      vertex -19 14.5 28
      vertex -19 7.13752 21.2633
      vertex -19 7.26335 21.1375
    endloop
  endfacet
  facet normal 1 0 0
    outer loop
      vertex -19 14.5 28
      vertex -19 6.99923 21.3753
      vertex -19 7.13752 21.2633
    endloop
  endfacet
  facet normal 1 0 0
    outer loop
      vertex -19 14.5 28
      vertex -19 6.85 21.4722
      vertex -19 6.99923 21.3753
    endloop
  endfacet
  facet normal 1 0 0
    outer loop
      vertex -19 14.5 28
      vertex -19 6.69145 21.553
      vertex -19 6.85 21.4722
    endloop
  endfacet
  facet normal 1 0 0
    outer loop
      vertex -19 14.5 28
      vertex -19 6.52533 21.6168
      vertex -19 6.69145 21.553
    endloop
  endfacet
  facet normal 1 0 0
    outer loop
      vertex -19 14.5 28
      vertex -19 6.35345 21.6628
      vertex -19 6.52533 21.6168
    endloop
  endfacet
  facet normal 1 -0 0
    outer loop
      vertex -19 0.494965 28
      vertex -19 6.35345 21.6628
      vertex -19 14.5 28
    endloop
  endfacet
  facet normal 1 0 0
    outer loop
      vertex -19 6.35345 21.6628
      vertex -19 0.494965 28
      vertex -19 6.1777 21.6907
    endloop
  endfacet
  facet normal 1 0 0
    outer loop
      vertex -19 6.1777 21.6907
      vertex -19 0.494965 28
      vertex -19 6 21.7
    endloop
  endfacet
  facet normal 1 0 0
    outer loop
      vertex -19 6 21.7
      vertex -19 0.494965 28
      vertex -19 5.8223 21.6907
    endloop
  endfacet
  facet normal 1 0 0
    outer loop
      vertex -19 5.8223 21.6907
      vertex -19 0.494965 28
      vertex -19 5.64655 21.6628
    endloop
  endfacet
  facet normal 1 0 0
    outer loop
      vertex -19 5.64655 21.6628
      vertex -19 0.494965 28
      vertex -19 5.47467 21.6168
    endloop
  endfacet
  facet normal 1 0 0
    outer loop
      vertex -19 5.47467 21.6168
      vertex -19 0.494965 28
      vertex -19 5.30855 21.553
    endloop
  endfacet
  facet normal 1 0 0
    outer loop
      vertex -19 5.30855 21.553
      vertex -19 0.494965 28
      vertex -19 5.15 21.4722
    endloop
  endfacet
  facet normal 1 0 0
    outer loop
      vertex -19 4.33715 8.35345
      vertex -19 0.494965 0
      vertex -19 4.30931 8.1777
    endloop
  endfacet
  facet normal 1 0 0
    outer loop
      vertex -19 4.30931 20.1777
      vertex -19 0.494965 28
      vertex -19 4.3 20
    endloop
  endfacet
  facet normal 1 0 0
    outer loop
      vertex -19 4.33715 20.3535
      vertex -19 0.494965 28
      vertex -19 4.30931 20.1777
    endloop
  endfacet
  facet normal 1 0 0
    outer loop
      vertex -19 4.3832 20.5253
      vertex -19 0.494965 28
      vertex -19 4.33715 20.3535
    endloop
  endfacet
  facet normal 1 0 0
    outer loop
      vertex -19 4.44697 20.6915
      vertex -19 0.494965 28
      vertex -19 4.3832 20.5253
    endloop
  endfacet
  facet normal 1 0 0
    outer loop
      vertex -19 4.52776 20.85
      vertex -19 0.494965 28
      vertex -19 4.44697 20.6915
    endloop
  endfacet
  facet normal 1 0 0
    outer loop
      vertex -19 4.62467 20.9992
      vertex -19 0.494965 28
      vertex -19 4.52776 20.85
    endloop
  endfacet
  facet normal 1 0 0
    outer loop
      vertex -19 4.73665 21.1375
      vertex -19 0.494965 28
      vertex -19 4.62467 20.9992
    endloop
  endfacet
  facet normal 1 0 0
    outer loop
      vertex -19 4.86248 21.2633
      vertex -19 0.494965 28
      vertex -19 4.73665 21.1375
    endloop
  endfacet
  facet normal 1 0 0
    outer loop
      vertex -19 5.00077 21.3753
      vertex -19 0.494965 28
      vertex -19 4.86248 21.2633
    endloop
  endfacet
  facet normal 1 0 0
    outer loop
      vertex -19 5.15 21.4722
      vertex -19 0.494965 28
      vertex -19 5.00077 21.3753
    endloop
  endfacet
  facet normal 1 0 0
    outer loop
      vertex -19 15.5168 0.216137
      vertex -19 14.5 0
      vertex -19 15.2725 0.122359
    endloop
  endfacet
  facet normal 1 0 0
    outer loop
      vertex -19 15.0198 0.0546312
      vertex -19 14.5 0
      vertex -19 14.7613 0.0136957
    endloop
  endfacet
  facet normal 1 0 0
    outer loop
      vertex -19 15.2725 0.122359
      vertex -19 14.5 0
      vertex -19 15.0198 0.0546312
    endloop
  endfacet
  facet normal 1 0 0
    outer loop
      vertex -19 16.1728 0.642138
      vertex -19 14.5 0
      vertex -19 15.9695 0.477458
    endloop
  endfacet
  facet normal 1 0 0
    outer loop
      vertex -19 16.8776 1.72746
      vertex -19 14.5 0
      vertex -19 16.7839 1.48316
    endloop
  endfacet
  facet normal 1 -0 0
    outer loop
      vertex -19 7.47224 7.15
      vertex -19 14.5 0
      vertex -19 7.55303 7.30855
    endloop
  endfacet
  facet normal 1 -0 0
    outer loop
      vertex -19 7.37533 7.00077
      vertex -19 14.5 0
      vertex -19 7.47224 7.15
    endloop
  endfacet
  facet normal 1 -0 0
    outer loop
      vertex -19 7.26335 6.86248
      vertex -19 14.5 0
      vertex -19 7.37533 7.00077
    endloop
  endfacet
  facet normal 1 -0 0
    outer loop
      vertex -19 7.13752 6.73665
      vertex -19 14.5 0
      vertex -19 7.26335 6.86248
    endloop
  endfacet
  facet normal 1 -0 0
    outer loop
      vertex -19 6.99923 6.62467
      vertex -19 14.5 0
      vertex -19 7.13752 6.73665
    endloop
  endfacet
  facet normal 1 -0 0
    outer loop
      vertex -19 6.85 6.52776
      vertex -19 14.5 0
      vertex -19 6.99923 6.62467
    endloop
  endfacet
  facet normal 1 -0 0
    outer loop
      vertex -19 6.69145 6.44697
      vertex -19 14.5 0
      vertex -19 6.85 6.52776
    endloop
  endfacet
  facet normal 1 -0 0
    outer loop
      vertex -19 6.52533 6.3832
      vertex -19 14.5 0
      vertex -19 6.69145 6.44697
    endloop
  endfacet
  facet normal 1 -0 0
    outer loop
      vertex -19 6.35345 6.33715
      vertex -19 14.5 0
      vertex -19 6.52533 6.3832
    endloop
  endfacet
  facet normal 1 0 0
    outer loop
      vertex -19 0.494965 0
      vertex -19 6.35345 6.33715
      vertex -19 6.1777 6.30931
    endloop
  endfacet
  facet normal 1 0 0
    outer loop
      vertex -19 0.494965 0
      vertex -19 6.1777 6.30931
      vertex -19 6 6.3
    endloop
  endfacet
  facet normal 1 0 0
    outer loop
      vertex -19 0.494965 0
      vertex -19 6 6.3
      vertex -19 5.8223 6.30931
    endloop
  endfacet
  facet normal 1 0 0
    outer loop
      vertex -19 0.494965 0
      vertex -19 5.8223 6.30931
      vertex -19 5.64655 6.33715
    endloop
  endfacet
  facet normal 1 0 0
    outer loop
      vertex -19 0.494965 0
      vertex -19 5.64655 6.33715
      vertex -19 5.47467 6.3832
    endloop
  endfacet
  facet normal 1 0 0
    outer loop
      vertex -19 0.494965 0
      vertex -19 5.47467 6.3832
      vertex -19 5.30855 6.44697
    endloop
  endfacet
  facet normal 1 0 0
    outer loop
      vertex -19 0.494965 0
      vertex -19 5.30855 6.44697
      vertex -19 5.15 6.52776
    endloop
  endfacet
  facet normal 1 0 0
    outer loop
      vertex -19 0.494965 0
      vertex -19 5.15 6.52776
      vertex -19 5.00077 6.62467
    endloop
  endfacet
  facet normal 1 0 0
    outer loop
      vertex -19 4.30931 8.1777
      vertex -19 0.494965 0
      vertex -19 4.3 8
    endloop
  endfacet
  facet normal 1 0 0
    outer loop
      vertex -19 4.3 8
      vertex -19 0.494965 0
      vertex -19 4.30931 7.8223
    endloop
  endfacet
  facet normal 1 0 0
    outer loop
      vertex -19 6.35345 6.33715
      vertex -19 0.494965 0
      vertex -19 14.5 0
    endloop
  endfacet
  facet normal 1 0 0
    outer loop
      vertex -19 4.86248 6.73665
      vertex -19 0.494965 0
      vertex -19 5.00077 6.62467
    endloop
  endfacet
  facet normal 1 0 0
    outer loop
      vertex -19 4.73665 6.86248
      vertex -19 0.494965 0
      vertex -19 4.86248 6.73665
    endloop
  endfacet
  facet normal 1 0 0
    outer loop
      vertex -19 4.62467 7.00077
      vertex -19 0.494965 0
      vertex -19 4.73665 6.86248
    endloop
  endfacet
  facet normal 1 0 0
    outer loop
      vertex -19 4.52776 7.15
      vertex -19 0.494965 0
      vertex -19 4.62467 7.00077
    endloop
  endfacet
  facet normal 1 0 0
    outer loop
      vertex -19 4.44697 7.30855
      vertex -19 0.494965 0
      vertex -19 4.52776 7.15
    endloop
  endfacet
  facet normal 1 0 0
    outer loop
      vertex -19 4.3832 7.47467
      vertex -19 0.494965 0
      vertex -19 4.44697 7.30855
    endloop
  endfacet
  facet normal 1 0 0
    outer loop
      vertex -19 4.33715 7.64655
      vertex -19 0.494965 0
      vertex -19 4.3832 7.47467
    endloop
  endfacet
  facet normal 1 0 0
    outer loop
      vertex -19 4.30931 7.8223
      vertex -19 0.494965 0
      vertex -19 4.33715 7.64655
    endloop
  endfacet
  facet normal 0 1 -0
    outer loop
      vertex -19 17 2.5
      vertex -22 17 25.5
      vertex -19 17 25.5
    endloop
  endfacet
  facet normal 0 1 0
    outer loop
      vertex -22 17 25.5
      vertex -19 17 2.5
      vertex -22 17 2.5
    endloop
  endfacet
  facet normal -1 0 0
    outer loop
      vertex -22 9.10065 8.6495
      vertex -22 17 2.5
      vertex -22 9.15106 8.33119
    endloop
  endfacet
  facet normal -1 0 0
    outer loop
      vertex -22 17 25.5
      vertex -22 9.16793 19.9906
      vertex -22 9.16842 20
    endloop
  endfacet
  facet normal -1 0 0
    outer loop
      vertex -22 9.09918 8.65875
      vertex -22 17 2.5
      vertex -22 9.10065 8.6495
    endloop
  endfacet
  facet normal -1 0 0
    outer loop
      vertex -22 17 25.5
      vertex -22 9.15106 19.6688
      vertex -22 9.16793 19.9906
    endloop
  endfacet
  facet normal -1 0 0
    outer loop
      vertex -22 9.01577 8.97005
      vertex -22 17 2.5
      vertex -22 9.09918 8.65875
    endloop
  endfacet
  facet normal -1 0 0
    outer loop
      vertex -22 17 25.5
      vertex -22 9.10065 19.3505
      vertex -22 9.15106 19.6688
    endloop
  endfacet
  facet normal -1 0 0
    outer loop
      vertex -22 9.01335 8.9791
      vertex -22 17 2.5
      vertex -22 9.01577 8.97005
    endloop
  endfacet
  facet normal -1 0 0
    outer loop
      vertex -22 17 25.5
      vertex -22 9.09918 19.3412
      vertex -22 9.10065 19.3505
    endloop
  endfacet
  facet normal -1 0 0
    outer loop
      vertex -22 9.00999 8.98784
      vertex -22 17 2.5
      vertex -22 9.01335 8.9791
    endloop
  endfacet
  facet normal -1 0 0
    outer loop
      vertex -22 17 25.5
      vertex -22 9.01577 19.03
      vertex -22 9.09918 19.3412
    endloop
  endfacet
  facet normal -1 0 0
    outer loop
      vertex -22 8.8945 9.28871
      vertex -22 17 2.5
      vertex -22 9.00999 8.98784
    endloop
  endfacet
  facet normal -1 0 0
    outer loop
      vertex -22 17 25.5
      vertex -22 9.01335 19.0209
      vertex -22 9.01577 19.03
    endloop
  endfacet
  facet normal -1 0 0
    outer loop
      vertex -22 17 2.5
      vertex -22 8.8945 9.28871
      vertex -22 17 25.5
    endloop
  endfacet
  facet normal -1 0 0
    outer loop
      vertex -22 17 25.5
      vertex -22 9.00999 19.0122
      vertex -22 9.01335 19.0209
    endloop
  endfacet
  facet normal -1 0 0
    outer loop
      vertex -22 8.8945 18.7113
      vertex -22 17 25.5
      vertex -22 8.8945 9.28871
    endloop
  endfacet
  facet normal -1 0 0
    outer loop
      vertex -22 17 25.5
      vertex -22 8.8945 18.7113
      vertex -22 9.00999 19.0122
    endloop
  endfacet
  facet normal -1 0 0
    outer loop
      vertex -22 8.74818 9.57587
      vertex -22 8.8945 18.7113
      vertex -22 8.8945 9.28871
    endloop
  endfacet
  facet normal -1 0 0
    outer loop
      vertex -22 8.74818 9.57587
      vertex -22 8.74818 18.4241
      vertex -22 8.8945 18.7113
    endloop
  endfacet
  facet normal -1 0 0
    outer loop
      vertex -22 8.74393 9.58421
      vertex -22 8.74818 18.4241
      vertex -22 8.74818 9.57587
    endloop
  endfacet
  facet normal -1 0 0
    outer loop
      vertex -22 8.74393 9.58421
      vertex -22 8.74393 18.4158
      vertex -22 8.74818 18.4241
    endloop
  endfacet
  facet normal -1 0 0
    outer loop
      vertex -22 8.73883 9.59206
      vertex -22 8.74393 18.4158
      vertex -22 8.74393 9.58421
    endloop
  endfacet
  facet normal -1 0 0
    outer loop
      vertex -22 8.73883 9.59206
      vertex -22 8.73883 18.4079
      vertex -22 8.74393 18.4158
    endloop
  endfacet
  facet normal -1 0 0
    outer loop
      vertex -22 8.56331 9.86235
      vertex -22 8.73883 18.4079
      vertex -22 8.73883 9.59206
    endloop
  endfacet
  facet normal -1 0 0
    outer loop
      vertex -22 8.56331 9.86235
      vertex -22 8.56331 18.1376
      vertex -22 8.73883 18.4079
    endloop
  endfacet
  facet normal -1 0 0
    outer loop
      vertex -22 8.55741 9.86963
      vertex -22 8.56331 18.1376
      vertex -22 8.56331 9.86235
    endloop
  endfacet
  facet normal -1 0 0
    outer loop
      vertex -22 8.55741 9.86963
      vertex -22 8.55741 18.1304
      vertex -22 8.56331 18.1376
    endloop
  endfacet
  facet normal -1 0 0
    outer loop
      vertex -22 8.3546 10.1201
      vertex -22 8.55741 18.1304
      vertex -22 8.55741 9.86963
    endloop
  endfacet
  facet normal -1 0 0
    outer loop
      vertex -22 8.3546 10.1201
      vertex -22 8.3546 17.8799
      vertex -22 8.55741 18.1304
    endloop
  endfacet
  facet normal -1 0 0
    outer loop
      vertex -22 8.12009 10.3546
      vertex -22 8.3546 17.8799
      vertex -22 8.3546 10.1201
    endloop
  endfacet
  facet normal -1 0 0
    outer loop
      vertex -22 8.12009 10.3546
      vertex -22 8.12009 17.6454
      vertex -22 8.3546 17.8799
    endloop
  endfacet
  facet normal -1 0 0
    outer loop
      vertex -22 7.86963 10.5574
      vertex -22 8.12009 17.6454
      vertex -22 8.12009 10.3546
    endloop
  endfacet
  facet normal -1 0 0
    outer loop
      vertex -22 7.86963 10.5574
      vertex -22 7.86963 17.4426
      vertex -22 8.12009 17.6454
    endloop
  endfacet
  facet normal -1 0 0
    outer loop
      vertex -22 7.86235 10.5633
      vertex -22 7.86963 17.4426
      vertex -22 7.86963 10.5574
    endloop
  endfacet
  facet normal -1 0 0
    outer loop
      vertex -22 7.86235 10.5633
      vertex -22 7.86235 17.4367
      vertex -22 7.86963 17.4426
    endloop
  endfacet
  facet normal -1 0 0
    outer loop
      vertex -22 7.59206 10.7388
      vertex -22 7.86235 17.4367
      vertex -22 7.86235 10.5633
    endloop
  endfacet
  facet normal -1 0 0
    outer loop
      vertex -22 7.59206 10.7388
      vertex -22 7.59206 17.2612
      vertex -22 7.86235 17.4367
    endloop
  endfacet
  facet normal -1 0 0
    outer loop
      vertex -22 7.58421 10.7439
      vertex -22 7.59206 17.2612
      vertex -22 7.59206 10.7388
    endloop
  endfacet
  facet normal -1 0 0
    outer loop
      vertex -22 7.58421 10.7439
      vertex -22 7.58421 17.2561
      vertex -22 7.59206 17.2612
    endloop
  endfacet
  facet normal -1 0 0
    outer loop
      vertex -22 7.57587 10.7482
      vertex -22 7.58421 17.2561
      vertex -22 7.58421 10.7439
    endloop
  endfacet
  facet normal -1 0 0
    outer loop
      vertex -22 7.57587 10.7482
      vertex -22 7.57587 17.2518
      vertex -22 7.58421 17.2561
    endloop
  endfacet
  facet normal -1 0 0
    outer loop
      vertex -22 7.28871 10.8945
      vertex -22 7.57587 17.2518
      vertex -22 7.57587 10.7482
    endloop
  endfacet
  facet normal -1 0 0
    outer loop
      vertex -22 7.28871 10.8945
      vertex -22 7.28871 17.1055
      vertex -22 7.57587 17.2518
    endloop
  endfacet
  facet normal -1 0 0
    outer loop
      vertex -22 6.98784 11.01
      vertex -22 7.28871 17.1055
      vertex -22 7.28871 10.8945
    endloop
  endfacet
  facet normal -1 0 0
    outer loop
      vertex -22 6.98784 11.01
      vertex -22 6.98784 16.99
      vertex -22 7.28871 17.1055
    endloop
  endfacet
  facet normal -1 0 0
    outer loop
      vertex -22 6.9791 11.0133
      vertex -22 6.98784 16.99
      vertex -22 6.98784 11.01
    endloop
  endfacet
  facet normal -1 0 0
    outer loop
      vertex -22 6.9791 11.0133
      vertex -22 6.9791 16.9867
      vertex -22 6.98784 16.99
    endloop
  endfacet
  facet normal -1 0 0
    outer loop
      vertex -22 6.97005 11.0158
      vertex -22 6.9791 16.9867
      vertex -22 6.9791 11.0133
    endloop
  endfacet
  facet normal -1 0 0
    outer loop
      vertex -22 6.97005 11.0158
      vertex -22 6.97005 16.9842
      vertex -22 6.9791 16.9867
    endloop
  endfacet
  facet normal -1 0 0
    outer loop
      vertex -22 6.65875 11.0992
      vertex -22 6.97005 16.9842
      vertex -22 6.97005 11.0158
    endloop
  endfacet
  facet normal -1 0 0
    outer loop
      vertex -22 6.65875 11.0992
      vertex -22 6.65875 16.9008
      vertex -22 6.97005 16.9842
    endloop
  endfacet
  facet normal -1 0 0
    outer loop
      vertex -22 6.6495 11.1006
      vertex -22 6.65875 16.9008
      vertex -22 6.65875 11.0992
    endloop
  endfacet
  facet normal -1 0 0
    outer loop
      vertex -22 6.6495 11.1006
      vertex -22 6.6495 16.8994
      vertex -22 6.65875 16.9008
    endloop
  endfacet
  facet normal -1 0 0
    outer loop
      vertex -22 6.33119 11.1511
      vertex -22 6.6495 16.8994
      vertex -22 6.6495 11.1006
    endloop
  endfacet
  facet normal -1 0 0
    outer loop
      vertex -22 6.33119 11.1511
      vertex -22 6.33119 16.8489
      vertex -22 6.6495 16.8994
    endloop
  endfacet
  facet normal -1 0 0
    outer loop
      vertex -22 6.00935 11.1679
      vertex -22 6.33119 16.8489
      vertex -22 6.33119 11.1511
    endloop
  endfacet
  facet normal -1 0 0
    outer loop
      vertex -22 6.00935 11.1679
      vertex -22 6.00935 16.8321
      vertex -22 6.33119 16.8489
    endloop
  endfacet
  facet normal -1 0 0
    outer loop
      vertex -22 6 11.1684
      vertex -22 6.00935 16.8321
      vertex -22 6.00935 11.1679
    endloop
  endfacet
  facet normal -1 0 0
    outer loop
      vertex -22 6 11.1684
      vertex -22 6 16.8316
      vertex -22 6.00935 16.8321
    endloop
  endfacet
  facet normal -1 0 0
    outer loop
      vertex -22 5.99065 11.1679
      vertex -22 6 16.8316
      vertex -22 6 11.1684
    endloop
  endfacet
  facet normal -1 0 0
    outer loop
      vertex -22 5.99065 11.1679
      vertex -22 5.99065 16.8321
      vertex -22 6 16.8316
    endloop
  endfacet
  facet normal -1 0 0
    outer loop
      vertex -22 5.66881 11.1511
      vertex -22 5.99065 16.8321
      vertex -22 5.99065 11.1679
    endloop
  endfacet
  facet normal -1 0 0
    outer loop
      vertex -22 5.66881 11.1511
      vertex -22 5.66881 16.8489
      vertex -22 5.99065 16.8321
    endloop
  endfacet
  facet normal -1 0 0
    outer loop
      vertex -22 5.3505 11.1006
      vertex -22 5.66881 16.8489
      vertex -22 5.66881 11.1511
    endloop
  endfacet
  facet normal -1 0 0
    outer loop
      vertex -22 5.3505 11.1006
      vertex -22 5.3505 16.8994
      vertex -22 5.66881 16.8489
    endloop
  endfacet
  facet normal -1 0 0
    outer loop
      vertex -22 5.34125 11.0992
      vertex -22 5.3505 16.8994
      vertex -22 5.3505 11.1006
    endloop
  endfacet
  facet normal -1 0 0
    outer loop
      vertex -22 5.34125 11.0992
      vertex -22 5.34125 16.9008
      vertex -22 5.3505 16.8994
    endloop
  endfacet
  facet normal -1 0 0
    outer loop
      vertex -22 5.02995 11.0158
      vertex -22 5.34125 16.9008
      vertex -22 5.34125 11.0992
    endloop
  endfacet
  facet normal -1 0 0
    outer loop
      vertex -22 5.02995 11.0158
      vertex -22 5.02995 16.9842
      vertex -22 5.34125 16.9008
    endloop
  endfacet
  facet normal -1 0 0
    outer loop
      vertex -22 5.0209 11.0133
      vertex -22 5.02995 16.9842
      vertex -22 5.02995 11.0158
    endloop
  endfacet
  facet normal -1 0 0
    outer loop
      vertex -22 5.0209 11.0133
      vertex -22 5.0209 16.9867
      vertex -22 5.02995 16.9842
    endloop
  endfacet
  facet normal -1 0 0
    outer loop
      vertex -22 5.01216 11.01
      vertex -22 5.0209 16.9867
      vertex -22 5.0209 11.0133
    endloop
  endfacet
  facet normal -1 0 0
    outer loop
      vertex -22 5.01216 11.01
      vertex -22 5.01216 16.99
      vertex -22 5.0209 16.9867
    endloop
  endfacet
  facet normal -1 0 0
    outer loop
      vertex -22 4.71129 10.8945
      vertex -22 5.01216 16.99
      vertex -22 5.01216 11.01
    endloop
  endfacet
  facet normal -1 0 0
    outer loop
      vertex -22 4.71129 10.8945
      vertex -22 4.71129 17.1055
      vertex -22 5.01216 16.99
    endloop
  endfacet
  facet normal -1 0 0
    outer loop
      vertex -22 4.42413 10.7482
      vertex -22 4.71129 17.1055
      vertex -22 4.71129 10.8945
    endloop
  endfacet
  facet normal -1 0 0
    outer loop
      vertex -22 4.42413 10.7482
      vertex -22 4.42413 17.2518
      vertex -22 4.71129 17.1055
    endloop
  endfacet
  facet normal -1 0 0
    outer loop
      vertex -22 4.41579 10.7439
      vertex -22 4.42413 17.2518
      vertex -22 4.42413 10.7482
    endloop
  endfacet
  facet normal -1 0 0
    outer loop
      vertex -22 4.41579 10.7439
      vertex -22 4.41579 17.2561
      vertex -22 4.42413 17.2518
    endloop
  endfacet
  facet normal -1 0 0
    outer loop
      vertex -22 4.40794 10.7388
      vertex -22 4.41579 17.2561
      vertex -22 4.41579 10.7439
    endloop
  endfacet
  facet normal -1 0 0
    outer loop
      vertex -22 4.40794 10.7388
      vertex -22 4.40794 17.2612
      vertex -22 4.41579 17.2561
    endloop
  endfacet
  facet normal -1 0 0
    outer loop
      vertex -22 4.13765 10.5633
      vertex -22 4.40794 17.2612
      vertex -22 4.40794 10.7388
    endloop
  endfacet
  facet normal -1 0 0
    outer loop
      vertex -22 4.13765 10.5633
      vertex -22 4.13765 17.4367
      vertex -22 4.40794 17.2612
    endloop
  endfacet
  facet normal -1 0 0
    outer loop
      vertex -22 4.13037 10.5574
      vertex -22 4.13765 17.4367
      vertex -22 4.13765 10.5633
    endloop
  endfacet
  facet normal -1 0 0
    outer loop
      vertex -22 4.13037 10.5574
      vertex -22 4.13037 17.4426
      vertex -22 4.13765 17.4367
    endloop
  endfacet
  facet normal -1 0 0
    outer loop
      vertex -22 3.87991 10.3546
      vertex -22 4.13037 17.4426
      vertex -22 4.13037 10.5574
    endloop
  endfacet
  facet normal -1 0 0
    outer loop
      vertex -22 3.87991 10.3546
      vertex -22 3.87991 17.6454
      vertex -22 4.13037 17.4426
    endloop
  endfacet
  facet normal -1 0 0
    outer loop
      vertex -22 3.6454 10.1201
      vertex -22 3.87991 17.6454
      vertex -22 3.87991 10.3546
    endloop
  endfacet
  facet normal -1 0 0
    outer loop
      vertex -22 3.6454 10.1201
      vertex -22 3.6454 17.8799
      vertex -22 3.87991 17.6454
    endloop
  endfacet
  facet normal -1 0 0
    outer loop
      vertex -22 3.44259 9.86963
      vertex -22 3.6454 17.8799
      vertex -22 3.6454 10.1201
    endloop
  endfacet
  facet normal -1 0 0
    outer loop
      vertex -22 3.44259 9.86963
      vertex -22 3.44259 18.1304
      vertex -22 3.6454 17.8799
    endloop
  endfacet
  facet normal -1 0 0
    outer loop
      vertex -22 3.43669 9.86235
      vertex -22 3.44259 18.1304
      vertex -22 3.44259 9.86963
    endloop
  endfacet
  facet normal -1 0 0
    outer loop
      vertex -22 3.43669 9.86235
      vertex -22 3.43669 18.1376
      vertex -22 3.44259 18.1304
    endloop
  endfacet
  facet normal -1 0 0
    outer loop
      vertex -22 3.26117 9.59206
      vertex -22 3.43669 18.1376
      vertex -22 3.43669 9.86235
    endloop
  endfacet
  facet normal -1 0 0
    outer loop
      vertex -22 3.26117 9.59206
      vertex -22 3.26117 18.4079
      vertex -22 3.43669 18.1376
    endloop
  endfacet
  facet normal -1 0 0
    outer loop
      vertex -22 3.25607 9.58421
      vertex -22 3.26117 18.4079
      vertex -22 3.26117 9.59206
    endloop
  endfacet
  facet normal -1 0 0
    outer loop
      vertex -22 3.25607 9.58421
      vertex -22 3.25607 18.4158
      vertex -22 3.26117 18.4079
    endloop
  endfacet
  facet normal -1 0 0
    outer loop
      vertex -22 3.25182 9.57587
      vertex -22 3.25607 18.4158
      vertex -22 3.25607 9.58421
    endloop
  endfacet
  facet normal -1 0 0
    outer loop
      vertex -22 3.25182 9.57587
      vertex -22 3.25182 18.4241
      vertex -22 3.25607 18.4158
    endloop
  endfacet
  facet normal -1 0 0
    outer loop
      vertex -22 3.1055 9.28871
      vertex -22 3.25182 18.4241
      vertex -22 3.25182 9.57587
    endloop
  endfacet
  facet normal -1 0 0
    outer loop
      vertex -22 3.1055 9.28871
      vertex -22 3.1055 18.7113
      vertex -22 3.25182 18.4241
    endloop
  endfacet
  facet normal -1 0 0
    outer loop
      vertex -22 2.99001 8.98784
      vertex -22 3.1055 18.7113
      vertex -22 3.1055 9.28871
    endloop
  endfacet
  facet normal -1 0 0
    outer loop
      vertex -22 2.99001 8.98784
      vertex -22 2.99001 19.0122
      vertex -22 3.1055 18.7113
    endloop
  endfacet
  facet normal -1 0 0
    outer loop
      vertex -22 2.98665 8.9791
      vertex -22 2.99001 19.0122
      vertex -22 2.99001 8.98784
    endloop
  endfacet
  facet normal -1 0 0
    outer loop
      vertex -22 2.98665 8.9791
      vertex -22 2.98665 19.0209
      vertex -22 2.99001 19.0122
    endloop
  endfacet
  facet normal -1 0 0
    outer loop
      vertex -22 -10 0
      vertex -22 2.98665 8.9791
      vertex -22 2.98423 8.97005
    endloop
  endfacet
  facet normal -1 -0 0
    outer loop
      vertex -22 2.98665 8.9791
      vertex -22 -10 0
      vertex -22 2.98665 19.0209
    endloop
  endfacet
  facet normal -1 0 0
    outer loop
      vertex -22 -10 0
      vertex -22 2.98423 8.97005
      vertex -22 2.90082 8.65875
    endloop
  endfacet
  facet normal -1 0 0
    outer loop
      vertex -22 -10 28
      vertex -22 2.98665 19.0209
      vertex -22 -10 0
    endloop
  endfacet
  facet normal -1 0 0
    outer loop
      vertex -22 -10 0
      vertex -22 2.90082 8.65875
      vertex -22 2.89935 8.6495
    endloop
  endfacet
  facet normal -1 0 0
    outer loop
      vertex -22 2.98665 19.0209
      vertex -22 -10 28
      vertex -22 2.98423 19.03
    endloop
  endfacet
  facet normal -1 0 0
    outer loop
      vertex -22 -10 0
      vertex -22 2.89935 8.6495
      vertex -22 2.84894 8.33119
    endloop
  endfacet
  facet normal -1 0 0
    outer loop
      vertex -22 2.98423 19.03
      vertex -22 -10 28
      vertex -22 2.90082 19.3412
    endloop
  endfacet
  facet normal -1 0 0
    outer loop
      vertex -22 -10 0
      vertex -22 2.84894 8.33119
      vertex -22 2.83207 8.00935
    endloop
  endfacet
  facet normal -1 0 0
    outer loop
      vertex -22 2.90082 19.3412
      vertex -22 -10 28
      vertex -22 2.89935 19.3505
    endloop
  endfacet
  facet normal -1 0 0
    outer loop
      vertex -22 -10 0
      vertex -22 2.83207 8.00935
      vertex -22 2.83158 8
    endloop
  endfacet
  facet normal -1 0 0
    outer loop
      vertex -22 2.89935 19.3505
      vertex -22 -10 28
      vertex -22 2.84894 19.6688
    endloop
  endfacet
  facet normal -1 0 0
    outer loop
      vertex -22 17 2.5
      vertex -22 9.16793 7.99065
      vertex -22 9.16842 8
    endloop
  endfacet
  facet normal -1 0 0
    outer loop
      vertex -22 17 2.5
      vertex -22 9.15106 7.66881
      vertex -22 9.16793 7.99065
    endloop
  endfacet
  facet normal -1 0 0
    outer loop
      vertex -22 17 2.5
      vertex -22 9.10065 7.3505
      vertex -22 9.15106 7.66881
    endloop
  endfacet
  facet normal -1 0 0
    outer loop
      vertex -22 17 2.5
      vertex -22 9.09918 7.34125
      vertex -22 9.10065 7.3505
    endloop
  endfacet
  facet normal -1 0 0
    outer loop
      vertex -22 17 2.5
      vertex -22 9.01577 7.02995
      vertex -22 9.09918 7.34125
    endloop
  endfacet
  facet normal -1 0 0
    outer loop
      vertex -22 17 2.5
      vertex -22 9.01335 7.0209
      vertex -22 9.01577 7.02995
    endloop
  endfacet
  facet normal -1 0 0
    outer loop
      vertex -22 17 2.5
      vertex -22 9.00999 7.01216
      vertex -22 9.01335 7.0209
    endloop
  endfacet
  facet normal -1 0 0
    outer loop
      vertex -22 17 2.5
      vertex -22 8.8945 6.71129
      vertex -22 9.00999 7.01216
    endloop
  endfacet
  facet normal -1 0 0
    outer loop
      vertex -22 17 2.5
      vertex -22 8.74818 6.42413
      vertex -22 8.8945 6.71129
    endloop
  endfacet
  facet normal -1 0 0
    outer loop
      vertex -22 17 2.5
      vertex -22 8.74393 6.41579
      vertex -22 8.74818 6.42413
    endloop
  endfacet
  facet normal -1 0 0
    outer loop
      vertex -22 14.5 0
      vertex -22 8.73883 6.40794
      vertex -22 8.74393 6.41579
    endloop
  endfacet
  facet normal -1 0 0
    outer loop
      vertex -22 14.5 0
      vertex -22 8.56331 6.13765
      vertex -22 8.73883 6.40794
    endloop
  endfacet
  facet normal -1 0 0
    outer loop
      vertex -22 14.5 0
      vertex -22 8.55741 6.13037
      vertex -22 8.56331 6.13765
    endloop
  endfacet
  facet normal -1 0 0
    outer loop
      vertex -22 14.5 0
      vertex -22 8.3546 5.87991
      vertex -22 8.55741 6.13037
    endloop
  endfacet
  facet normal -1 0 0
    outer loop
      vertex -22 14.5 0
      vertex -22 8.12009 5.6454
      vertex -22 8.3546 5.87991
    endloop
  endfacet
  facet normal -1 0 0
    outer loop
      vertex -22 14.5 0
      vertex -22 7.86963 5.44259
      vertex -22 8.12009 5.6454
    endloop
  endfacet
  facet normal -1 0 0
    outer loop
      vertex -22 14.5 0
      vertex -22 7.86235 5.43669
      vertex -22 7.86963 5.44259
    endloop
  endfacet
  facet normal -1 0 0
    outer loop
      vertex -22 14.5 0
      vertex -22 7.59206 5.26117
      vertex -22 7.86235 5.43669
    endloop
  endfacet
  facet normal -1 0 0
    outer loop
      vertex -22 14.5 0
      vertex -22 7.58421 5.25607
      vertex -22 7.59206 5.26117
    endloop
  endfacet
  facet normal -1 0 0
    outer loop
      vertex -22 14.5 0
      vertex -22 7.57587 5.25182
      vertex -22 7.58421 5.25607
    endloop
  endfacet
  facet normal -1 0 0
    outer loop
      vertex -22 14.5 0
      vertex -22 7.28871 5.1055
      vertex -22 7.57587 5.25182
    endloop
  endfacet
  facet normal -1 0 0
    outer loop
      vertex -22 14.5 0
      vertex -22 6.98784 4.99001
      vertex -22 7.28871 5.1055
    endloop
  endfacet
  facet normal -1 0 0
    outer loop
      vertex -22 14.5 0
      vertex -22 6.9791 4.98665
      vertex -22 6.98784 4.99001
    endloop
  endfacet
  facet normal -1 0 0
    outer loop
      vertex -22 14.5 0
      vertex -22 6.97005 4.98423
      vertex -22 6.9791 4.98665
    endloop
  endfacet
  facet normal -1 0 0
    outer loop
      vertex -22 14.5 0
      vertex -22 6.65875 4.90082
      vertex -22 6.97005 4.98423
    endloop
  endfacet
  facet normal -1 0 0
    outer loop
      vertex -22 14.5 0
      vertex -22 6.6495 4.89935
      vertex -22 6.65875 4.90082
    endloop
  endfacet
  facet normal -1 0 0
    outer loop
      vertex -22 14.5 0
      vertex -22 6.33119 4.84894
      vertex -22 6.6495 4.89935
    endloop
  endfacet
  facet normal -1 0 0
    outer loop
      vertex -22 14.5 0
      vertex -22 6.00935 4.83207
      vertex -22 6.33119 4.84894
    endloop
  endfacet
  facet normal -1 0 0
    outer loop
      vertex -22 14.5 0
      vertex -22 6 4.83158
      vertex -22 6.00935 4.83207
    endloop
  endfacet
  facet normal -1 0 0
    outer loop
      vertex -22 14.5 0
      vertex -22 5.99065 4.83207
      vertex -22 6 4.83158
    endloop
  endfacet
  facet normal -1 0 0
    outer loop
      vertex -22 14.5 0
      vertex -22 5.66881 4.84894
      vertex -22 5.99065 4.83207
    endloop
  endfacet
  facet normal -1 0 0
    outer loop
      vertex -22 14.5 0
      vertex -22 5.3505 4.89935
      vertex -22 5.66881 4.84894
    endloop
  endfacet
  facet normal -1 0 0
    outer loop
      vertex -22 14.5 0
      vertex -22 5.34125 4.90082
      vertex -22 5.3505 4.89935
    endloop
  endfacet
  facet normal -1 0 0
    outer loop
      vertex -22 -10 0
      vertex -22 5.34125 4.90082
      vertex -22 14.5 0
    endloop
  endfacet
  facet normal -1 -0 0
    outer loop
      vertex -22 5.34125 4.90082
      vertex -22 -10 0
      vertex -22 5.02995 4.98423
    endloop
  endfacet
  facet normal -1 -0 0
    outer loop
      vertex -22 5.02995 4.98423
      vertex -22 -10 0
      vertex -22 5.0209 4.98665
    endloop
  endfacet
  facet normal -1 -0 0
    outer loop
      vertex -22 5.0209 4.98665
      vertex -22 -10 0
      vertex -22 5.01216 4.99001
    endloop
  endfacet
  facet normal -1 -0 0
    outer loop
      vertex -22 5.01216 4.99001
      vertex -22 -10 0
      vertex -22 4.71129 5.1055
    endloop
  endfacet
  facet normal -1 -0 0
    outer loop
      vertex -22 4.71129 5.1055
      vertex -22 -10 0
      vertex -22 4.42413 5.25182
    endloop
  endfacet
  facet normal -1 0 0
    outer loop
      vertex -22 -10 0
      vertex -22 4.13037 5.44259
      vertex -22 4.13765 5.43669
    endloop
  endfacet
  facet normal -1 0 0
    outer loop
      vertex -22 -10 0
      vertex -22 3.44259 6.13037
      vertex -22 3.6454 5.87991
    endloop
  endfacet
  facet normal -1 0 0
    outer loop
      vertex -22 -10 0
      vertex -22 3.25182 6.42413
      vertex -22 3.25607 6.41579
    endloop
  endfacet
  facet normal -1 0 0
    outer loop
      vertex -22 -10 0
      vertex -22 2.89935 7.3505
      vertex -22 2.90082 7.34125
    endloop
  endfacet
  facet normal -1 0 0
    outer loop
      vertex -22 -10 0
      vertex -22 2.83207 7.99065
      vertex -22 2.84894 7.66881
    endloop
  endfacet
  facet normal -1 0 0
    outer loop
      vertex -22 2.84894 19.6688
      vertex -22 -10 28
      vertex -22 2.83207 19.9906
    endloop
  endfacet
  facet normal -1 -0 0
    outer loop
      vertex -22 2.83207 7.99065
      vertex -22 -10 0
      vertex -22 2.83158 8
    endloop
  endfacet
  facet normal -1 -0 0
    outer loop
      vertex -22 2.89935 7.3505
      vertex -22 -10 0
      vertex -22 2.84894 7.66881
    endloop
  endfacet
  facet normal -1 -0 0
    outer loop
      vertex -22 2.98423 7.02995
      vertex -22 -10 0
      vertex -22 2.90082 7.34125
    endloop
  endfacet
  facet normal -1 -0 0
    outer loop
      vertex -22 2.98665 7.0209
      vertex -22 -10 0
      vertex -22 2.98423 7.02995
    endloop
  endfacet
  facet normal -1 -0 0
    outer loop
      vertex -22 2.99001 7.01216
      vertex -22 -10 0
      vertex -22 2.98665 7.0209
    endloop
  endfacet
  facet normal -1 -0 0
    outer loop
      vertex -22 3.1055 6.71129
      vertex -22 -10 0
      vertex -22 2.99001 7.01216
    endloop
  endfacet
  facet normal -1 -0 0
    outer loop
      vertex -22 3.25182 6.42413
      vertex -22 -10 0
      vertex -22 3.1055 6.71129
    endloop
  endfacet
  facet normal -1 -0 0
    outer loop
      vertex -22 3.26117 6.40794
      vertex -22 -10 0
      vertex -22 3.25607 6.41579
    endloop
  endfacet
  facet normal -1 -0 0
    outer loop
      vertex -22 3.43669 6.13765
      vertex -22 -10 0
      vertex -22 3.26117 6.40794
    endloop
  endfacet
  facet normal -1 -0 0
    outer loop
      vertex -22 3.44259 6.13037
      vertex -22 -10 0
      vertex -22 3.43669 6.13765
    endloop
  endfacet
  facet normal -1 -0 0
    outer loop
      vertex -22 3.87991 5.6454
      vertex -22 -10 0
      vertex -22 3.6454 5.87991
    endloop
  endfacet
  facet normal -1 -0 0
    outer loop
      vertex -22 4.13037 5.44259
      vertex -22 -10 0
      vertex -22 3.87991 5.6454
    endloop
  endfacet
  facet normal -1 -0 0
    outer loop
      vertex -22 4.40794 5.26117
      vertex -22 -10 0
      vertex -22 4.13765 5.43669
    endloop
  endfacet
  facet normal -1 -0 0
    outer loop
      vertex -22 4.41579 5.25607
      vertex -22 -10 0
      vertex -22 4.40794 5.26117
    endloop
  endfacet
  facet normal -1 -0 0
    outer loop
      vertex -22 4.42413 5.25182
      vertex -22 -10 0
      vertex -22 4.41579 5.25607
    endloop
  endfacet
  facet normal -1 0 0
    outer loop
      vertex -22 14.5 0
      vertex -22 17 2.5
      vertex -22 16.9863 2.23868
    endloop
  endfacet
  facet normal -1 0 0
    outer loop
      vertex -22 9.16793 8.00935
      vertex -22 17 2.5
      vertex -22 9.16842 8
    endloop
  endfacet
  facet normal -1 0 0
    outer loop
      vertex -22 14.5 0
      vertex -22 16.9863 2.23868
      vertex -22 16.9454 1.98022
    endloop
  endfacet
  facet normal -1 0 0
    outer loop
      vertex -22 9.15106 8.33119
      vertex -22 17 2.5
      vertex -22 9.16793 8.00935
    endloop
  endfacet
  facet normal -1 0 0
    outer loop
      vertex -22 14.5 0
      vertex -22 16.9454 1.98022
      vertex -22 16.8776 1.72746
    endloop
  endfacet
  facet normal -1 0 0
    outer loop
      vertex -22 9.16793 20.0094
      vertex -22 17 25.5
      vertex -22 9.16842 20
    endloop
  endfacet
  facet normal -1 0 0
    outer loop
      vertex -22 14.5 0
      vertex -22 16.8776 1.72746
      vertex -22 16.7839 1.48316
    endloop
  endfacet
  facet normal -1 0 0
    outer loop
      vertex -22 9.15106 20.3312
      vertex -22 17 25.5
      vertex -22 9.16793 20.0094
    endloop
  endfacet
  facet normal -1 0 0
    outer loop
      vertex -22 14.5 0
      vertex -22 16.7839 1.48316
      vertex -22 16.6651 1.25
    endloop
  endfacet
  facet normal -1 0 0
    outer loop
      vertex -22 9.10065 20.6495
      vertex -22 17 25.5
      vertex -22 9.15106 20.3312
    endloop
  endfacet
  facet normal -1 0 0
    outer loop
      vertex -22 14.5 0
      vertex -22 16.6651 1.25
      vertex -22 16.5225 1.03054
    endloop
  endfacet
  facet normal -1 0 0
    outer loop
      vertex -22 9.09918 20.6588
      vertex -22 17 25.5
      vertex -22 9.10065 20.6495
    endloop
  endfacet
  facet normal -1 0 0
    outer loop
      vertex -22 14.5 0
      vertex -22 16.5225 1.03054
      vertex -22 16.3579 0.827174
    endloop
  endfacet
  facet normal -1 0 0
    outer loop
      vertex -22 9.01577 20.97
      vertex -22 17 25.5
      vertex -22 9.09918 20.6588
    endloop
  endfacet
  facet normal -1 0 0
    outer loop
      vertex -22 14.5 0
      vertex -22 16.3579 0.827174
      vertex -22 16.1728 0.642138
    endloop
  endfacet
  facet normal -1 0 0
    outer loop
      vertex -22 9.01335 20.9791
      vertex -22 17 25.5
      vertex -22 9.01577 20.97
    endloop
  endfacet
  facet normal -1 0 0
    outer loop
      vertex -22 14.5 0
      vertex -22 16.1728 0.642138
      vertex -22 15.9695 0.477458
    endloop
  endfacet
  facet normal -1 0 0
    outer loop
      vertex -22 9.00999 20.9878
      vertex -22 17 25.5
      vertex -22 9.01335 20.9791
    endloop
  endfacet
  facet normal -1 0 0
    outer loop
      vertex -22 14.5 0
      vertex -22 15.9695 0.477458
      vertex -22 15.75 0.334937
    endloop
  endfacet
  facet normal -1 0 0
    outer loop
      vertex -22 8.8945 21.2887
      vertex -22 17 25.5
      vertex -22 9.00999 20.9878
    endloop
  endfacet
  facet normal -1 0 0
    outer loop
      vertex -22 14.5 0
      vertex -22 15.75 0.334937
      vertex -22 15.5168 0.216137
    endloop
  endfacet
  facet normal -1 0 0
    outer loop
      vertex -22 8.74818 21.5759
      vertex -22 17 25.5
      vertex -22 8.8945 21.2887
    endloop
  endfacet
  facet normal -1 0 0
    outer loop
      vertex -22 14.5 0
      vertex -22 15.5168 0.216137
      vertex -22 15.2725 0.122359
    endloop
  endfacet
  facet normal -1 0 0
    outer loop
      vertex -22 8.74393 21.5842
      vertex -22 17 25.5
      vertex -22 8.74818 21.5759
    endloop
  endfacet
  facet normal -1 0 0
    outer loop
      vertex -22 14.5 0
      vertex -22 15.2725 0.122359
      vertex -22 15.0198 0.0546312
    endloop
  endfacet
  facet normal -1 0 0
    outer loop
      vertex -22 17 25.5
      vertex -22 14.5 28
      vertex -22 16.9863 25.7613
    endloop
  endfacet
  facet normal -1 0 0
    outer loop
      vertex -22 14.5 0
      vertex -22 15.0198 0.0546312
      vertex -22 14.7613 0.0136957
    endloop
  endfacet
  facet normal -1 0 0
    outer loop
      vertex -22 16.9454 26.0198
      vertex -22 14.5 28
      vertex -22 16.8776 26.2725
    endloop
  endfacet
  facet normal -1 0 0
    outer loop
      vertex -22 16.7839 26.5168
      vertex -22 14.5 28
      vertex -22 16.6651 26.75
    endloop
  endfacet
  facet normal -1 0 0
    outer loop
      vertex -22 8.74393 6.41579
      vertex -22 17 2.5
      vertex -22 14.5 0
    endloop
  endfacet
  facet normal -1 0 0
    outer loop
      vertex -22 16.8776 26.2725
      vertex -22 14.5 28
      vertex -22 16.7839 26.5168
    endloop
  endfacet
  facet normal -1 0 0
    outer loop
      vertex -22 16.6651 26.75
      vertex -22 14.5 28
      vertex -22 16.5225 26.9695
    endloop
  endfacet
  facet normal -1 0 0
    outer loop
      vertex -22 16.5225 26.9695
      vertex -22 14.5 28
      vertex -22 16.3579 27.1728
    endloop
  endfacet
  facet normal -1 0 0
    outer loop
      vertex -22 16.1728 27.3579
      vertex -22 14.5 28
      vertex -22 15.9695 27.5225
    endloop
  endfacet
  facet normal -1 0 0
    outer loop
      vertex -22 15.75 27.6651
      vertex -22 14.5 28
      vertex -22 15.5168 27.7839
    endloop
  endfacet
  facet normal -1 0 0
    outer loop
      vertex -22 15.5168 27.7839
      vertex -22 14.5 28
      vertex -22 15.2725 27.8776
    endloop
  endfacet
  facet normal -1 0 0
    outer loop
      vertex -22 15.2725 27.8776
      vertex -22 14.5 28
      vertex -22 15.0198 27.9454
    endloop
  endfacet
  facet normal -1 0 0
    outer loop
      vertex -22 15.0198 27.9454
      vertex -22 14.5 28
      vertex -22 14.7613 27.9863
    endloop
  endfacet
  facet normal -1 0 0
    outer loop
      vertex -22 15.9695 27.5225
      vertex -22 14.5 28
      vertex -22 15.75 27.6651
    endloop
  endfacet
  facet normal -1 0 0
    outer loop
      vertex -22 16.3579 27.1728
      vertex -22 14.5 28
      vertex -22 16.1728 27.3579
    endloop
  endfacet
  facet normal -1 0 0
    outer loop
      vertex -22 16.9863 25.7613
      vertex -22 14.5 28
      vertex -22 16.9454 26.0198
    endloop
  endfacet
  facet normal -1 -0 0
    outer loop
      vertex -22 17 25.5
      vertex -22 8.74393 21.5842
      vertex -22 14.5 28
    endloop
  endfacet
  facet normal -1 0 0
    outer loop
      vertex -22 8.73883 21.5921
      vertex -22 14.5 28
      vertex -22 8.74393 21.5842
    endloop
  endfacet
  facet normal -1 0 0
    outer loop
      vertex -22 8.56331 21.8624
      vertex -22 14.5 28
      vertex -22 8.73883 21.5921
    endloop
  endfacet
  facet normal -1 0 0
    outer loop
      vertex -22 8.55741 21.8696
      vertex -22 14.5 28
      vertex -22 8.56331 21.8624
    endloop
  endfacet
  facet normal -1 0 0
    outer loop
      vertex -22 8.3546 22.1201
      vertex -22 14.5 28
      vertex -22 8.55741 21.8696
    endloop
  endfacet
  facet normal -1 0 0
    outer loop
      vertex -22 8.12009 22.3546
      vertex -22 14.5 28
      vertex -22 8.3546 22.1201
    endloop
  endfacet
  facet normal -1 0 0
    outer loop
      vertex -22 7.86963 22.5574
      vertex -22 14.5 28
      vertex -22 8.12009 22.3546
    endloop
  endfacet
  facet normal -1 0 0
    outer loop
      vertex -22 7.86235 22.5633
      vertex -22 14.5 28
      vertex -22 7.86963 22.5574
    endloop
  endfacet
  facet normal -1 0 0
    outer loop
      vertex -22 7.59206 22.7388
      vertex -22 14.5 28
      vertex -22 7.86235 22.5633
    endloop
  endfacet
  facet normal -1 0 0
    outer loop
      vertex -22 7.58421 22.7439
      vertex -22 14.5 28
      vertex -22 7.59206 22.7388
    endloop
  endfacet
  facet normal -1 0 0
    outer loop
      vertex -22 7.57587 22.7482
      vertex -22 14.5 28
      vertex -22 7.58421 22.7439
    endloop
  endfacet
  facet normal -1 0 0
    outer loop
      vertex -22 7.28871 22.8945
      vertex -22 14.5 28
      vertex -22 7.57587 22.7482
    endloop
  endfacet
  facet normal -1 0 0
    outer loop
      vertex -22 6.98784 23.01
      vertex -22 14.5 28
      vertex -22 7.28871 22.8945
    endloop
  endfacet
  facet normal -1 0 0
    outer loop
      vertex -22 6.9791 23.0133
      vertex -22 14.5 28
      vertex -22 6.98784 23.01
    endloop
  endfacet
  facet normal -1 0 0
    outer loop
      vertex -22 6.97005 23.0158
      vertex -22 14.5 28
      vertex -22 6.9791 23.0133
    endloop
  endfacet
  facet normal -1 0 0
    outer loop
      vertex -22 6.65875 23.0992
      vertex -22 14.5 28
      vertex -22 6.97005 23.0158
    endloop
  endfacet
  facet normal -1 0 0
    outer loop
      vertex -22 6.6495 23.1006
      vertex -22 14.5 28
      vertex -22 6.65875 23.0992
    endloop
  endfacet
  facet normal -1 0 0
    outer loop
      vertex -22 6.33119 23.1511
      vertex -22 14.5 28
      vertex -22 6.6495 23.1006
    endloop
  endfacet
  facet normal -1 0 0
    outer loop
      vertex -22 6.00935 23.1679
      vertex -22 14.5 28
      vertex -22 6.33119 23.1511
    endloop
  endfacet
  facet normal -1 0 0
    outer loop
      vertex -22 6 23.1684
      vertex -22 14.5 28
      vertex -22 6.00935 23.1679
    endloop
  endfacet
  facet normal -1 0 0
    outer loop
      vertex -22 5.99065 23.1679
      vertex -22 14.5 28
      vertex -22 6 23.1684
    endloop
  endfacet
  facet normal -1 0 0
    outer loop
      vertex -22 5.66881 23.1511
      vertex -22 14.5 28
      vertex -22 5.99065 23.1679
    endloop
  endfacet
  facet normal -1 0 0
    outer loop
      vertex -22 5.3505 23.1006
      vertex -22 14.5 28
      vertex -22 5.66881 23.1511
    endloop
  endfacet
  facet normal -1 0 0
    outer loop
      vertex -22 5.34125 23.0992
      vertex -22 14.5 28
      vertex -22 5.3505 23.1006
    endloop
  endfacet
  facet normal -1 0 0
    outer loop
      vertex -22 -10 28
      vertex -22 5.34125 23.0992
      vertex -22 5.02995 23.0158
    endloop
  endfacet
  facet normal -1 0 0
    outer loop
      vertex -22 -10 28
      vertex -22 5.02995 23.0158
      vertex -22 5.0209 23.0133
    endloop
  endfacet
  facet normal -1 0 0
    outer loop
      vertex -22 -10 28
      vertex -22 5.0209 23.0133
      vertex -22 5.01216 23.01
    endloop
  endfacet
  facet normal -1 0 0
    outer loop
      vertex -22 -10 28
      vertex -22 5.01216 23.01
      vertex -22 4.71129 22.8945
    endloop
  endfacet
  facet normal -1 0 0
    outer loop
      vertex -22 -10 28
      vertex -22 4.71129 22.8945
      vertex -22 4.42413 22.7482
    endloop
  endfacet
  facet normal -1 0 0
    outer loop
      vertex -22 -10 28
      vertex -22 4.42413 22.7482
      vertex -22 4.41579 22.7439
    endloop
  endfacet
  facet normal -1 0 0
    outer loop
      vertex -22 -10 28
      vertex -22 4.13037 22.5574
      vertex -22 3.87991 22.3546
    endloop
  endfacet
  facet normal -1 0 0
    outer loop
      vertex -22 -10 28
      vertex -22 3.25182 21.5759
      vertex -22 3.1055 21.2887
    endloop
  endfacet
  facet normal -1 0 0
    outer loop
      vertex -22 -10 28
      vertex -22 2.98423 20.97
      vertex -22 2.90082 20.6588
    endloop
  endfacet
  facet normal -1 0 0
    outer loop
      vertex -22 -10 28
      vertex -22 2.83207 20.0094
      vertex -22 2.83158 20
    endloop
  endfacet
  facet normal -1 0 0
    outer loop
      vertex -22 2.83207 19.9906
      vertex -22 -10 28
      vertex -22 2.83158 20
    endloop
  endfacet
  facet normal -1 0 0
    outer loop
      vertex -22 2.83207 20.0094
      vertex -22 -10 28
      vertex -22 2.84894 20.3312
    endloop
  endfacet
  facet normal -1 0 0
    outer loop
      vertex -22 2.84894 20.3312
      vertex -22 -10 28
      vertex -22 2.89935 20.6495
    endloop
  endfacet
  facet normal -1 0 0
    outer loop
      vertex -22 2.89935 20.6495
      vertex -22 -10 28
      vertex -22 2.90082 20.6588
    endloop
  endfacet
  facet normal -1 0 0
    outer loop
      vertex -22 2.98423 20.97
      vertex -22 -10 28
      vertex -22 2.98665 20.9791
    endloop
  endfacet
  facet normal -1 0 0
    outer loop
      vertex -22 2.98665 20.9791
      vertex -22 -10 28
      vertex -22 2.99001 20.9878
    endloop
  endfacet
  facet normal -1 0 0
    outer loop
      vertex -22 2.99001 20.9878
      vertex -22 -10 28
      vertex -22 3.1055 21.2887
    endloop
  endfacet
  facet normal -1 0 0
    outer loop
      vertex -22 5.34125 23.0992
      vertex -22 -10 28
      vertex -22 14.5 28
    endloop
  endfacet
  facet normal -1 0 0
    outer loop
      vertex -22 4.40794 22.7388
      vertex -22 -10 28
      vertex -22 4.41579 22.7439
    endloop
  endfacet
  facet normal -1 0 0
    outer loop
      vertex -22 4.13765 22.5633
      vertex -22 -10 28
      vertex -22 4.40794 22.7388
    endloop
  endfacet
  facet normal -1 0 0
    outer loop
      vertex -22 4.13037 22.5574
      vertex -22 -10 28
      vertex -22 4.13765 22.5633
    endloop
  endfacet
  facet normal -1 0 0
    outer loop
      vertex -22 3.6454 22.1201
      vertex -22 -10 28
      vertex -22 3.87991 22.3546
    endloop
  endfacet
  facet normal -1 0 0
    outer loop
      vertex -22 3.44259 21.8696
      vertex -22 -10 28
      vertex -22 3.6454 22.1201
    endloop
  endfacet
  facet normal -1 0 0
    outer loop
      vertex -22 3.43669 21.8624
      vertex -22 -10 28
      vertex -22 3.44259 21.8696
    endloop
  endfacet
  facet normal -1 0 0
    outer loop
      vertex -22 3.26117 21.5921
      vertex -22 -10 28
      vertex -22 3.43669 21.8624
    endloop
  endfacet
  facet normal -1 0 0
    outer loop
      vertex -22 3.25607 21.5842
      vertex -22 -10 28
      vertex -22 3.26117 21.5921
    endloop
  endfacet
  facet normal -1 0 0
    outer loop
      vertex -22 3.25182 21.5759
      vertex -22 -10 28
      vertex -22 3.25607 21.5842
    endloop
  endfacet
  facet normal 0 -1 0
    outer loop
      vertex -0.1 -10 0
      vertex 19 -10 28
      vertex -0.1 -10 28
    endloop
  endfacet
  facet normal 0 -1 -0
    outer loop
      vertex 19 -10 28
      vertex -0.1 -10 0
      vertex 19 -10 0
    endloop
  endfacet
  facet normal 0 -1 0
    outer loop
      vertex -22 -10 0
      vertex -19 -10 28
      vertex -22 -10 28
    endloop
  endfacet
  facet normal 0 -1 -0
    outer loop
      vertex -19 -10 28
      vertex -22 -10 0
      vertex -19 -10 0
    endloop
  endfacet
  facet normal 1 -0 0
    outer loop
      vertex 18.7 -0.194962 28
      vertex 18.7 0.194962 0
      vertex 18.7 0.194962 28
    endloop
  endfacet
  facet normal 1 0 0
    outer loop
      vertex 18.7 0.194962 0
      vertex 18.7 -0.194962 28
      vertex 18.7 -0.194962 0
    endloop
  endfacet
  facet normal 1 0 0
    outer loop
      vertex 18.7 7.69069 8.1777
      vertex 18.7 7.69069 7.8223
      vertex 18.7 7.7 8
    endloop
  endfacet
  facet normal 1 0 0
    outer loop
      vertex 18.7 7.66285 8.35345
      vertex 18.7 7.69069 7.8223
      vertex 18.7 7.69069 8.1777
    endloop
  endfacet
  facet normal 1 0 0
    outer loop
      vertex 18.7 7.66285 8.35345
      vertex 18.7 7.66285 7.64655
      vertex 18.7 7.69069 7.8223
    endloop
  endfacet
  facet normal 1 0 0
    outer loop
      vertex 18.7 7.6168 8.52533
      vertex 18.7 7.66285 7.64655
      vertex 18.7 7.66285 8.35345
    endloop
  endfacet
  facet normal 1 0 0
    outer loop
      vertex 18.7 7.6168 8.52533
      vertex 18.7 7.6168 7.47467
      vertex 18.7 7.66285 7.64655
    endloop
  endfacet
  facet normal 1 0 0
    outer loop
      vertex 18.7 7.55303 8.69145
      vertex 18.7 7.6168 7.47467
      vertex 18.7 7.6168 8.52533
    endloop
  endfacet
  facet normal 1 0 0
    outer loop
      vertex 18.7 7.55303 8.69145
      vertex 18.7 7.55303 7.30855
      vertex 18.7 7.6168 7.47467
    endloop
  endfacet
  facet normal 1 0 0
    outer loop
      vertex 18.7 7.47224 8.85
      vertex 18.7 7.55303 7.30855
      vertex 18.7 7.55303 8.69145
    endloop
  endfacet
  facet normal 1 0 0
    outer loop
      vertex 18.7 7.47224 8.85
      vertex 18.7 7.47224 7.15
      vertex 18.7 7.55303 7.30855
    endloop
  endfacet
  facet normal 1 0 0
    outer loop
      vertex 18.7 7.37533 8.99923
      vertex 18.7 7.47224 7.15
      vertex 18.7 7.47224 8.85
    endloop
  endfacet
  facet normal 1 0 0
    outer loop
      vertex 18.7 7.37533 8.99923
      vertex 18.7 7.37533 7.00077
      vertex 18.7 7.47224 7.15
    endloop
  endfacet
  facet normal 1 0 0
    outer loop
      vertex 18.7 7.26335 9.13752
      vertex 18.7 7.37533 7.00077
      vertex 18.7 7.37533 8.99923
    endloop
  endfacet
  facet normal 1 0 0
    outer loop
      vertex 18.7 7.26335 9.13752
      vertex 18.7 7.26335 6.86248
      vertex 18.7 7.37533 7.00077
    endloop
  endfacet
  facet normal 1 0 0
    outer loop
      vertex 18.7 7.13752 9.26335
      vertex 18.7 7.26335 6.86248
      vertex 18.7 7.26335 9.13752
    endloop
  endfacet
  facet normal 1 0 0
    outer loop
      vertex 18.7 7.13752 9.26335
      vertex 18.7 7.13752 6.73665
      vertex 18.7 7.26335 6.86248
    endloop
  endfacet
  facet normal 1 0 0
    outer loop
      vertex 18.7 6.99923 9.37533
      vertex 18.7 7.13752 6.73665
      vertex 18.7 7.13752 9.26335
    endloop
  endfacet
  facet normal 1 0 0
    outer loop
      vertex 18.7 6.99923 9.37533
      vertex 18.7 6.99923 6.62467
      vertex 18.7 7.13752 6.73665
    endloop
  endfacet
  facet normal 1 0 0
    outer loop
      vertex 18.7 6.85 9.47224
      vertex 18.7 6.99923 6.62467
      vertex 18.7 6.99923 9.37533
    endloop
  endfacet
  facet normal 1 0 0
    outer loop
      vertex 18.7 6.85 9.47224
      vertex 18.7 6.85 6.52776
      vertex 18.7 6.99923 6.62467
    endloop
  endfacet
  facet normal 1 0 0
    outer loop
      vertex 18.7 6.69145 9.55303
      vertex 18.7 6.85 6.52776
      vertex 18.7 6.85 9.47224
    endloop
  endfacet
  facet normal 1 0 0
    outer loop
      vertex 18.7 6.69145 9.55303
      vertex 18.7 6.69145 6.44697
      vertex 18.7 6.85 6.52776
    endloop
  endfacet
  facet normal 1 0 0
    outer loop
      vertex 18.7 6.52533 9.6168
      vertex 18.7 6.69145 6.44697
      vertex 18.7 6.69145 9.55303
    endloop
  endfacet
  facet normal 1 0 0
    outer loop
      vertex 18.7 6.52533 9.6168
      vertex 18.7 6.52533 6.3832
      vertex 18.7 6.69145 6.44697
    endloop
  endfacet
  facet normal 1 0 0
    outer loop
      vertex 18.7 6.35345 9.66285
      vertex 18.7 6.52533 6.3832
      vertex 18.7 6.52533 9.6168
    endloop
  endfacet
  facet normal 1 0 0
    outer loop
      vertex 18.7 6.35345 9.66285
      vertex 18.7 6.35345 6.33715
      vertex 18.7 6.52533 6.3832
    endloop
  endfacet
  facet normal 1 0 0
    outer loop
      vertex 18.7 6.1777 9.69069
      vertex 18.7 6.35345 6.33715
      vertex 18.7 6.35345 9.66285
    endloop
  endfacet
  facet normal 1 0 0
    outer loop
      vertex 18.7 6.1777 9.69069
      vertex 18.7 6.1777 6.30931
      vertex 18.7 6.35345 6.33715
    endloop
  endfacet
  facet normal 1 0 0
    outer loop
      vertex 18.7 6 9.7
      vertex 18.7 6.1777 6.30931
      vertex 18.7 6.1777 9.69069
    endloop
  endfacet
  facet normal 1 0 0
    outer loop
      vertex 18.7 6 9.7
      vertex 18.7 6 6.3
      vertex 18.7 6.1777 6.30931
    endloop
  endfacet
  facet normal 1 -0 0
    outer loop
      vertex 18.7 5.8223 9.69069
      vertex 18.7 6 6.3
      vertex 18.7 6 9.7
    endloop
  endfacet
  facet normal 1 0 0
    outer loop
      vertex 18.7 5.8223 9.69069
      vertex 18.7 5.8223 6.30931
      vertex 18.7 6 6.3
    endloop
  endfacet
  facet normal 1 -0 0
    outer loop
      vertex 18.7 5.64655 9.66285
      vertex 18.7 5.8223 6.30931
      vertex 18.7 5.8223 9.69069
    endloop
  endfacet
  facet normal 1 0 0
    outer loop
      vertex 18.7 5.64655 9.66285
      vertex 18.7 5.64655 6.33715
      vertex 18.7 5.8223 6.30931
    endloop
  endfacet
  facet normal 1 -0 0
    outer loop
      vertex 18.7 5.47467 9.6168
      vertex 18.7 5.64655 6.33715
      vertex 18.7 5.64655 9.66285
    endloop
  endfacet
  facet normal 1 0 0
    outer loop
      vertex 18.7 5.47467 9.6168
      vertex 18.7 5.47467 6.3832
      vertex 18.7 5.64655 6.33715
    endloop
  endfacet
  facet normal 1 -0 0
    outer loop
      vertex 18.7 5.30855 9.55303
      vertex 18.7 5.47467 6.3832
      vertex 18.7 5.47467 9.6168
    endloop
  endfacet
  facet normal 1 0 0
    outer loop
      vertex 18.7 5.30855 9.55303
      vertex 18.7 5.30855 6.44697
      vertex 18.7 5.47467 6.3832
    endloop
  endfacet
  facet normal 1 -0 0
    outer loop
      vertex 18.7 5.15 9.47224
      vertex 18.7 5.30855 6.44697
      vertex 18.7 5.30855 9.55303
    endloop
  endfacet
  facet normal 1 0 0
    outer loop
      vertex 18.7 5.15 9.47224
      vertex 18.7 5.15 6.52776
      vertex 18.7 5.30855 6.44697
    endloop
  endfacet
  facet normal 1 -0 0
    outer loop
      vertex 18.7 5.00077 9.37533
      vertex 18.7 5.15 6.52776
      vertex 18.7 5.15 9.47224
    endloop
  endfacet
  facet normal 1 0 0
    outer loop
      vertex 18.7 5.00077 9.37533
      vertex 18.7 5.00077 6.62467
      vertex 18.7 5.15 6.52776
    endloop
  endfacet
  facet normal 1 -0 0
    outer loop
      vertex 18.7 4.86248 9.26335
      vertex 18.7 5.00077 6.62467
      vertex 18.7 5.00077 9.37533
    endloop
  endfacet
  facet normal 1 0 0
    outer loop
      vertex 18.7 4.86248 9.26335
      vertex 18.7 4.86248 6.73665
      vertex 18.7 5.00077 6.62467
    endloop
  endfacet
  facet normal 1 -0 0
    outer loop
      vertex 18.7 4.73665 9.13752
      vertex 18.7 4.86248 6.73665
      vertex 18.7 4.86248 9.26335
    endloop
  endfacet
  facet normal 1 0 0
    outer loop
      vertex 18.7 4.73665 9.13752
      vertex 18.7 4.73665 6.86248
      vertex 18.7 4.86248 6.73665
    endloop
  endfacet
  facet normal 1 -0 0
    outer loop
      vertex 18.7 4.62467 8.99923
      vertex 18.7 4.73665 6.86248
      vertex 18.7 4.73665 9.13752
    endloop
  endfacet
  facet normal 1 0 0
    outer loop
      vertex 18.7 4.62467 8.99923
      vertex 18.7 4.62467 7.00077
      vertex 18.7 4.73665 6.86248
    endloop
  endfacet
  facet normal 1 -0 0
    outer loop
      vertex 18.7 4.52776 8.85
      vertex 18.7 4.62467 7.00077
      vertex 18.7 4.62467 8.99923
    endloop
  endfacet
  facet normal 1 0 0
    outer loop
      vertex 18.7 4.52776 8.85
      vertex 18.7 4.52776 7.15
      vertex 18.7 4.62467 7.00077
    endloop
  endfacet
  facet normal 1 -0 0
    outer loop
      vertex 18.7 4.44697 8.69145
      vertex 18.7 4.52776 7.15
      vertex 18.7 4.52776 8.85
    endloop
  endfacet
  facet normal 1 0 0
    outer loop
      vertex 18.7 4.44697 8.69145
      vertex 18.7 4.44697 7.30855
      vertex 18.7 4.52776 7.15
    endloop
  endfacet
  facet normal 1 -0 0
    outer loop
      vertex 18.7 4.3832 8.52533
      vertex 18.7 4.44697 7.30855
      vertex 18.7 4.44697 8.69145
    endloop
  endfacet
  facet normal 1 0 0
    outer loop
      vertex 18.7 4.3832 8.52533
      vertex 18.7 4.3832 7.47467
      vertex 18.7 4.44697 7.30855
    endloop
  endfacet
  facet normal 1 -0 0
    outer loop
      vertex 18.7 4.33715 8.35345
      vertex 18.7 4.3832 7.47467
      vertex 18.7 4.3832 8.52533
    endloop
  endfacet
  facet normal 1 0 0
    outer loop
      vertex 18.7 4.33715 8.35345
      vertex 18.7 4.33715 7.64655
      vertex 18.7 4.3832 7.47467
    endloop
  endfacet
  facet normal 1 -0 0
    outer loop
      vertex 18.7 4.30931 8.1777
      vertex 18.7 4.33715 7.64655
      vertex 18.7 4.33715 8.35345
    endloop
  endfacet
  facet normal 1 0 0
    outer loop
      vertex 18.7 4.30931 8.1777
      vertex 18.7 4.30931 7.8223
      vertex 18.7 4.33715 7.64655
    endloop
  endfacet
  facet normal 1 0 -0
    outer loop
      vertex 18.7 4.30931 7.8223
      vertex 18.7 4.30931 8.1777
      vertex 18.7 4.3 8
    endloop
  endfacet
  facet normal 1 0 0
    outer loop
      vertex 18.7 7.69069 20.1777
      vertex 18.7 7.69069 19.8223
      vertex 18.7 7.7 20
    endloop
  endfacet
  facet normal 1 0 0
    outer loop
      vertex 18.7 7.66285 20.3535
      vertex 18.7 7.69069 19.8223
      vertex 18.7 7.69069 20.1777
    endloop
  endfacet
  facet normal 1 0 0
    outer loop
      vertex 18.7 7.66285 20.3535
      vertex 18.7 7.66285 19.6465
      vertex 18.7 7.69069 19.8223
    endloop
  endfacet
  facet normal 1 0 0
    outer loop
      vertex 18.7 7.6168 20.5253
      vertex 18.7 7.66285 19.6465
      vertex 18.7 7.66285 20.3535
    endloop
  endfacet
  facet normal 1 0 0
    outer loop
      vertex 18.7 7.6168 20.5253
      vertex 18.7 7.6168 19.4747
      vertex 18.7 7.66285 19.6465
    endloop
  endfacet
  facet normal 1 0 0
    outer loop
      vertex 18.7 7.55303 20.6915
      vertex 18.7 7.6168 19.4747
      vertex 18.7 7.6168 20.5253
    endloop
  endfacet
  facet normal 1 0 0
    outer loop
      vertex 18.7 7.55303 20.6915
      vertex 18.7 7.55303 19.3085
      vertex 18.7 7.6168 19.4747
    endloop
  endfacet
  facet normal 1 0 0
    outer loop
      vertex 18.7 7.47224 20.85
      vertex 18.7 7.55303 19.3085
      vertex 18.7 7.55303 20.6915
    endloop
  endfacet
  facet normal 1 0 0
    outer loop
      vertex 18.7 7.47224 20.85
      vertex 18.7 7.47224 19.15
      vertex 18.7 7.55303 19.3085
    endloop
  endfacet
  facet normal 1 0 0
    outer loop
      vertex 18.7 7.37533 20.9992
      vertex 18.7 7.47224 19.15
      vertex 18.7 7.47224 20.85
    endloop
  endfacet
  facet normal 1 0 0
    outer loop
      vertex 18.7 7.37533 20.9992
      vertex 18.7 7.37533 19.0008
      vertex 18.7 7.47224 19.15
    endloop
  endfacet
  facet normal 1 0 0
    outer loop
      vertex 18.7 7.26335 21.1375
      vertex 18.7 7.37533 19.0008
      vertex 18.7 7.37533 20.9992
    endloop
  endfacet
  facet normal 1 0 0
    outer loop
      vertex 18.7 7.26335 21.1375
      vertex 18.7 7.26335 18.8625
      vertex 18.7 7.37533 19.0008
    endloop
  endfacet
  facet normal 1 0 0
    outer loop
      vertex 18.7 7.13752 21.2633
      vertex 18.7 7.26335 18.8625
      vertex 18.7 7.26335 21.1375
    endloop
  endfacet
  facet normal 1 0 0
    outer loop
      vertex 18.7 7.13752 21.2633
      vertex 18.7 7.13752 18.7367
      vertex 18.7 7.26335 18.8625
    endloop
  endfacet
  facet normal 1 0 0
    outer loop
      vertex 18.7 6.99923 21.3753
      vertex 18.7 7.13752 18.7367
      vertex 18.7 7.13752 21.2633
    endloop
  endfacet
  facet normal 1 0 0
    outer loop
      vertex 18.7 6.99923 21.3753
      vertex 18.7 6.99923 18.6247
      vertex 18.7 7.13752 18.7367
    endloop
  endfacet
  facet normal 1 0 0
    outer loop
      vertex 18.7 6.85 21.4722
      vertex 18.7 6.99923 18.6247
      vertex 18.7 6.99923 21.3753
    endloop
  endfacet
  facet normal 1 0 0
    outer loop
      vertex 18.7 6.85 21.4722
      vertex 18.7 6.85 18.5278
      vertex 18.7 6.99923 18.6247
    endloop
  endfacet
  facet normal 1 0 0
    outer loop
      vertex 18.7 6.69145 21.553
      vertex 18.7 6.85 18.5278
      vertex 18.7 6.85 21.4722
    endloop
  endfacet
  facet normal 1 0 0
    outer loop
      vertex 18.7 6.69145 21.553
      vertex 18.7 6.69145 18.447
      vertex 18.7 6.85 18.5278
    endloop
  endfacet
  facet normal 1 0 0
    outer loop
      vertex 18.7 6.52533 21.6168
      vertex 18.7 6.69145 18.447
      vertex 18.7 6.69145 21.553
    endloop
  endfacet
  facet normal 1 0 0
    outer loop
      vertex 18.7 6.52533 21.6168
      vertex 18.7 6.52533 18.3832
      vertex 18.7 6.69145 18.447
    endloop
  endfacet
  facet normal 1 0 0
    outer loop
      vertex 18.7 6.35345 21.6628
      vertex 18.7 6.52533 18.3832
      vertex 18.7 6.52533 21.6168
    endloop
  endfacet
  facet normal 1 0 0
    outer loop
      vertex 18.7 6.35345 21.6628
      vertex 18.7 6.35345 18.3372
      vertex 18.7 6.52533 18.3832
    endloop
  endfacet
  facet normal 1 0 0
    outer loop
      vertex 18.7 6.1777 21.6907
      vertex 18.7 6.35345 18.3372
      vertex 18.7 6.35345 21.6628
    endloop
  endfacet
  facet normal 1 0 0
    outer loop
      vertex 18.7 6.1777 21.6907
      vertex 18.7 6.1777 18.3093
      vertex 18.7 6.35345 18.3372
    endloop
  endfacet
  facet normal 1 0 0
    outer loop
      vertex 18.7 6 21.7
      vertex 18.7 6.1777 18.3093
      vertex 18.7 6.1777 21.6907
    endloop
  endfacet
  facet normal 1 0 0
    outer loop
      vertex 18.7 6 21.7
      vertex 18.7 6 18.3
      vertex 18.7 6.1777 18.3093
    endloop
  endfacet
  facet normal 1 -0 0
    outer loop
      vertex 18.7 5.8223 21.6907
      vertex 18.7 6 18.3
      vertex 18.7 6 21.7
    endloop
  endfacet
  facet normal 1 0 0
    outer loop
      vertex 18.7 5.8223 21.6907
      vertex 18.7 5.8223 18.3093
      vertex 18.7 6 18.3
    endloop
  endfacet
  facet normal 1 -0 0
    outer loop
      vertex 18.7 5.64655 21.6628
      vertex 18.7 5.8223 18.3093
      vertex 18.7 5.8223 21.6907
    endloop
  endfacet
  facet normal 1 0 0
    outer loop
      vertex 18.7 5.64655 21.6628
      vertex 18.7 5.64655 18.3372
      vertex 18.7 5.8223 18.3093
    endloop
  endfacet
  facet normal 1 -0 0
    outer loop
      vertex 18.7 5.47467 21.6168
      vertex 18.7 5.64655 18.3372
      vertex 18.7 5.64655 21.6628
    endloop
  endfacet
  facet normal 1 0 0
    outer loop
      vertex 18.7 5.47467 21.6168
      vertex 18.7 5.47467 18.3832
      vertex 18.7 5.64655 18.3372
    endloop
  endfacet
  facet normal 1 -0 0
    outer loop
      vertex 18.7 5.30855 21.553
      vertex 18.7 5.47467 18.3832
      vertex 18.7 5.47467 21.6168
    endloop
  endfacet
  facet normal 1 0 0
    outer loop
      vertex 18.7 5.30855 21.553
      vertex 18.7 5.30855 18.447
      vertex 18.7 5.47467 18.3832
    endloop
  endfacet
  facet normal 1 -0 0
    outer loop
      vertex 18.7 5.15 21.4722
      vertex 18.7 5.30855 18.447
      vertex 18.7 5.30855 21.553
    endloop
  endfacet
  facet normal 1 0 0
    outer loop
      vertex 18.7 5.15 21.4722
      vertex 18.7 5.15 18.5278
      vertex 18.7 5.30855 18.447
    endloop
  endfacet
  facet normal 1 -0 0
    outer loop
      vertex 18.7 5.00077 21.3753
      vertex 18.7 5.15 18.5278
      vertex 18.7 5.15 21.4722
    endloop
  endfacet
  facet normal 1 0 0
    outer loop
      vertex 18.7 5.00077 21.3753
      vertex 18.7 5.00077 18.6247
      vertex 18.7 5.15 18.5278
    endloop
  endfacet
  facet normal 1 -0 0
    outer loop
      vertex 18.7 4.86248 21.2633
      vertex 18.7 5.00077 18.6247
      vertex 18.7 5.00077 21.3753
    endloop
  endfacet
  facet normal 1 0 0
    outer loop
      vertex 18.7 4.86248 21.2633
      vertex 18.7 4.86248 18.7367
      vertex 18.7 5.00077 18.6247
    endloop
  endfacet
  facet normal 1 -0 0
    outer loop
      vertex 18.7 4.73665 21.1375
      vertex 18.7 4.86248 18.7367
      vertex 18.7 4.86248 21.2633
    endloop
  endfacet
  facet normal 1 0 0
    outer loop
      vertex 18.7 4.73665 21.1375
      vertex 18.7 4.73665 18.8625
      vertex 18.7 4.86248 18.7367
    endloop
  endfacet
  facet normal 1 -0 0
    outer loop
      vertex 18.7 4.62467 20.9992
      vertex 18.7 4.73665 18.8625
      vertex 18.7 4.73665 21.1375
    endloop
  endfacet
  facet normal 1 0 0
    outer loop
      vertex 18.7 4.62467 20.9992
      vertex 18.7 4.62467 19.0008
      vertex 18.7 4.73665 18.8625
    endloop
  endfacet
  facet normal 1 -0 0
    outer loop
      vertex 18.7 4.52776 20.85
      vertex 18.7 4.62467 19.0008
      vertex 18.7 4.62467 20.9992
    endloop
  endfacet
  facet normal 1 0 0
    outer loop
      vertex 18.7 4.52776 20.85
      vertex 18.7 4.52776 19.15
      vertex 18.7 4.62467 19.0008
    endloop
  endfacet
  facet normal 1 -0 0
    outer loop
      vertex 18.7 4.44697 20.6915
      vertex 18.7 4.52776 19.15
      vertex 18.7 4.52776 20.85
    endloop
  endfacet
  facet normal 1 0 0
    outer loop
      vertex 18.7 4.44697 20.6915
      vertex 18.7 4.44697 19.3085
      vertex 18.7 4.52776 19.15
    endloop
  endfacet
  facet normal 1 -0 0
    outer loop
      vertex 18.7 4.3832 20.5253
      vertex 18.7 4.44697 19.3085
      vertex 18.7 4.44697 20.6915
    endloop
  endfacet
  facet normal 1 0 0
    outer loop
      vertex 18.7 4.3832 20.5253
      vertex 18.7 4.3832 19.4747
      vertex 18.7 4.44697 19.3085
    endloop
  endfacet
  facet normal 1 -0 0
    outer loop
      vertex 18.7 4.33715 20.3535
      vertex 18.7 4.3832 19.4747
      vertex 18.7 4.3832 20.5253
    endloop
  endfacet
  facet normal 1 0 0
    outer loop
      vertex 18.7 4.33715 20.3535
      vertex 18.7 4.33715 19.6465
      vertex 18.7 4.3832 19.4747
    endloop
  endfacet
  facet normal 1 -0 0
    outer loop
      vertex 18.7 4.30931 20.1777
      vertex 18.7 4.33715 19.6465
      vertex 18.7 4.33715 20.3535
    endloop
  endfacet
  facet normal 1 0 0
    outer loop
      vertex 18.7 4.30931 20.1777
      vertex 18.7 4.30931 19.8223
      vertex 18.7 4.33715 19.6465
    endloop
  endfacet
  facet normal 1 0 -0
    outer loop
      vertex 18.7 4.30931 19.8223
      vertex 18.7 4.30931 20.1777
      vertex 18.7 4.3 20
    endloop
  endfacet
  facet normal 0 -0.454056 0.890973
    outer loop
      vertex -20.2 6.85 18.5278
      vertex -19 6.69145 18.447
      vertex -19 6.85 18.5278
    endloop
  endfacet
  facet normal 0 -0.454056 0.890973
    outer loop
      vertex -19 6.69145 18.447
      vertex -20.2 6.85 18.5278
      vertex -20.2 6.69145 18.447
    endloop
  endfacet
  facet normal 0 -0.933633 0.35823
    outer loop
      vertex -20.2 7.55303 19.3085
      vertex -19 7.6168 19.4747
      vertex -20.2 7.6168 19.4747
    endloop
  endfacet
  facet normal 0 -0.933633 0.35823
    outer loop
      vertex -19 7.6168 19.4747
      vertex -20.2 7.55303 19.3085
      vertex -19 7.55303 19.3085
    endloop
  endfacet
  facet normal 0 -0.933633 -0.35823
    outer loop
      vertex -20.2 7.6168 20.5253
      vertex -19 7.55303 20.6915
      vertex -20.2 7.55303 20.6915
    endloop
  endfacet
  facet normal 0 -0.933633 -0.35823
    outer loop
      vertex -19 7.55303 20.6915
      vertex -20.2 7.6168 20.5253
      vertex -19 7.6168 20.5253
    endloop
  endfacet
  facet normal 0 -0.454056 -0.890973
    outer loop
      vertex -20.2 6.69145 21.553
      vertex -19 6.85 21.4722
      vertex -19 6.69145 21.553
    endloop
  endfacet
  facet normal -0 -0.454056 -0.890973
    outer loop
      vertex -19 6.85 21.4722
      vertex -20.2 6.69145 21.553
      vertex -20.2 6.85 21.4722
    endloop
  endfacet
  facet normal -0 0.0522639 0.998633
    outer loop
      vertex -20.2 6 18.3
      vertex -19 5.8223 18.3093
      vertex -19 6 18.3
    endloop
  endfacet
  facet normal 0 0.0522639 0.998633
    outer loop
      vertex -19 5.8223 18.3093
      vertex -20.2 6 18.3
      vertex -20.2 5.8223 18.3093
    endloop
  endfacet
  facet normal 0 -0.99863 0.0523199
    outer loop
      vertex -20.2 7.69069 19.8223
      vertex -19 7.7 20
      vertex -20.2 7.7 20
    endloop
  endfacet
  facet normal 0 -0.99863 0.0523199
    outer loop
      vertex -19 7.7 20
      vertex -20.2 7.69069 19.8223
      vertex -19 7.69069 19.8223
    endloop
  endfacet
  facet normal 0 -0.838623 0.544712
    outer loop
      vertex -20.2 7.37533 19.0008
      vertex -19 7.47224 19.15
      vertex -20.2 7.47224 19.15
    endloop
  endfacet
  facet normal 0 -0.838623 0.544712
    outer loop
      vertex -19 7.47224 19.15
      vertex -20.2 7.37533 19.0008
      vertex -19 7.37533 19.0008
    endloop
  endfacet
  facet normal 0 -0.629371 -0.777105
    outer loop
      vertex -20.2 6.99923 21.3753
      vertex -19 7.13752 21.2633
      vertex -19 6.99923 21.3753
    endloop
  endfacet
  facet normal -0 -0.629371 -0.777105
    outer loop
      vertex -19 7.13752 21.2633
      vertex -20.2 6.99923 21.3753
      vertex -20.2 7.13752 21.2633
    endloop
  endfacet
  facet normal 0 -0.987692 -0.156413
    outer loop
      vertex -20.2 7.69069 20.1777
      vertex -19 7.66285 20.3535
      vertex -20.2 7.66285 20.3535
    endloop
  endfacet
  facet normal 0 -0.987692 -0.156413
    outer loop
      vertex -19 7.66285 20.3535
      vertex -20.2 7.69069 20.1777
      vertex -19 7.69069 20.1777
    endloop
  endfacet
  facet normal 0 -0.544595 0.838699
    outer loop
      vertex -20.2 6.99923 18.6247
      vertex -19 6.85 18.5278
      vertex -19 6.99923 18.6247
    endloop
  endfacet
  facet normal 0 -0.544595 0.838699
    outer loop
      vertex -19 6.85 18.5278
      vertex -20.2 6.99923 18.6247
      vertex -20.2 6.85 18.5278
    endloop
  endfacet
  facet normal 0 -0.707022 0.707191
    outer loop
      vertex -20.2 7.13752 18.7367
      vertex -19 7.26335 18.8625
      vertex -20.2 7.26335 18.8625
    endloop
  endfacet
  facet normal 0 -0.707022 0.707191
    outer loop
      vertex -19 7.26335 18.8625
      vertex -20.2 7.13752 18.7367
      vertex -19 7.13752 18.7367
    endloop
  endfacet
  facet normal 0 -0.629371 0.777105
    outer loop
      vertex -20.2 7.13752 18.7367
      vertex -19 6.99923 18.6247
      vertex -19 7.13752 18.7367
    endloop
  endfacet
  facet normal 0 -0.629371 0.777105
    outer loop
      vertex -19 6.99923 18.6247
      vertex -20.2 7.13752 18.7367
      vertex -20.2 6.99923 18.6247
    endloop
  endfacet
  facet normal 0 -0.99863 -0.0523199
    outer loop
      vertex -20.2 7.7 20
      vertex -19 7.69069 20.1777
      vertex -20.2 7.69069 20.1777
    endloop
  endfacet
  facet normal 0 -0.99863 -0.0523199
    outer loop
      vertex -19 7.69069 20.1777
      vertex -20.2 7.7 20
      vertex -19 7.7 20
    endloop
  endfacet
  facet normal 0 -0.965903 0.258905
    outer loop
      vertex -20.2 7.6168 19.4747
      vertex -19 7.66285 19.6465
      vertex -20.2 7.66285 19.6465
    endloop
  endfacet
  facet normal 0 -0.965903 0.258905
    outer loop
      vertex -19 7.66285 19.6465
      vertex -20.2 7.6168 19.4747
      vertex -19 7.6168 19.4747
    endloop
  endfacet
  facet normal 0 -0.987692 0.156413
    outer loop
      vertex -20.2 7.66285 19.6465
      vertex -19 7.69069 19.8223
      vertex -20.2 7.69069 19.8223
    endloop
  endfacet
  facet normal 0 -0.987692 0.156413
    outer loop
      vertex -19 7.69069 19.8223
      vertex -20.2 7.66285 19.6465
      vertex -19 7.66285 19.6465
    endloop
  endfacet
  facet normal 0 -0.890938 0.454125
    outer loop
      vertex -20.2 7.47224 19.15
      vertex -19 7.55303 19.3085
      vertex -20.2 7.55303 19.3085
    endloop
  endfacet
  facet normal 0 -0.890938 0.454125
    outer loop
      vertex -19 7.55303 19.3085
      vertex -20.2 7.47224 19.15
      vertex -19 7.47224 19.15
    endloop
  endfacet
  facet normal 0 -0.777182 0.629276
    outer loop
      vertex -20.2 7.26335 18.8625
      vertex -19 7.37533 19.0008
      vertex -20.2 7.37533 19.0008
    endloop
  endfacet
  facet normal 0 -0.777182 0.629276
    outer loop
      vertex -19 7.37533 19.0008
      vertex -20.2 7.26335 18.8625
      vertex -19 7.26335 18.8625
    endloop
  endfacet
  facet normal 0 -0.0522639 -0.998633
    outer loop
      vertex -20.2 6 21.7
      vertex -19 6.1777 21.6907
      vertex -19 6 21.7
    endloop
  endfacet
  facet normal -0 -0.0522639 -0.998633
    outer loop
      vertex -19 6.1777 21.6907
      vertex -20.2 6 21.7
      vertex -20.2 6.1777 21.6907
    endloop
  endfacet
  facet normal 0 -0.358527 -0.933519
    outer loop
      vertex -20.2 6.52533 21.6168
      vertex -19 6.69145 21.553
      vertex -19 6.52533 21.6168
    endloop
  endfacet
  facet normal -0 -0.358527 -0.933519
    outer loop
      vertex -19 6.69145 21.553
      vertex -20.2 6.52533 21.6168
      vertex -20.2 6.69145 21.553
    endloop
  endfacet
  facet normal 0 -0.25853 -0.966003
    outer loop
      vertex -20.2 6.35345 21.6628
      vertex -19 6.52533 21.6168
      vertex -19 6.35345 21.6628
    endloop
  endfacet
  facet normal -0 -0.25853 -0.966003
    outer loop
      vertex -19 6.52533 21.6168
      vertex -20.2 6.35345 21.6628
      vertex -20.2 6.52533 21.6168
    endloop
  endfacet
  facet normal 0 -0.544595 -0.838699
    outer loop
      vertex -20.2 6.85 21.4722
      vertex -19 6.99923 21.3753
      vertex -19 6.85 21.4722
    endloop
  endfacet
  facet normal -0 -0.544595 -0.838699
    outer loop
      vertex -19 6.99923 21.3753
      vertex -20.2 6.85 21.4722
      vertex -20.2 6.99923 21.3753
    endloop
  endfacet
  facet normal 0 -0.965903 -0.258905
    outer loop
      vertex -20.2 7.66285 20.3535
      vertex -19 7.6168 20.5253
      vertex -20.2 7.6168 20.5253
    endloop
  endfacet
  facet normal 0 -0.965903 -0.258905
    outer loop
      vertex -19 7.6168 20.5253
      vertex -20.2 7.66285 20.3535
      vertex -19 7.66285 20.3535
    endloop
  endfacet
  facet normal 0 -0.838623 -0.544712
    outer loop
      vertex -20.2 7.47224 20.85
      vertex -19 7.37533 20.9992
      vertex -20.2 7.37533 20.9992
    endloop
  endfacet
  facet normal 0 -0.838623 -0.544712
    outer loop
      vertex -19 7.37533 20.9992
      vertex -20.2 7.47224 20.85
      vertex -19 7.47224 20.85
    endloop
  endfacet
  facet normal 0 -0.777182 -0.629276
    outer loop
      vertex -20.2 7.37533 20.9992
      vertex -19 7.26335 21.1375
      vertex -20.2 7.26335 21.1375
    endloop
  endfacet
  facet normal 0 -0.777182 -0.629276
    outer loop
      vertex -19 7.26335 21.1375
      vertex -20.2 7.37533 20.9992
      vertex -19 7.37533 20.9992
    endloop
  endfacet
  facet normal 0 -0.890938 -0.454125
    outer loop
      vertex -20.2 7.55303 20.6915
      vertex -19 7.47224 20.85
      vertex -20.2 7.47224 20.85
    endloop
  endfacet
  facet normal 0 -0.890938 -0.454125
    outer loop
      vertex -19 7.47224 20.85
      vertex -20.2 7.55303 20.6915
      vertex -19 7.55303 20.6915
    endloop
  endfacet
  facet normal 0 -0.707022 -0.707191
    outer loop
      vertex -20.2 7.26335 21.1375
      vertex -19 7.13752 21.2633
      vertex -20.2 7.13752 21.2633
    endloop
  endfacet
  facet normal 0 -0.707022 -0.707191
    outer loop
      vertex -19 7.13752 21.2633
      vertex -20.2 7.26335 21.1375
      vertex -19 7.26335 21.1375
    endloop
  endfacet
  facet normal 0 -0.0522639 0.998633
    outer loop
      vertex -20.2 6.1777 18.3093
      vertex -19 6 18.3
      vertex -19 6.1777 18.3093
    endloop
  endfacet
  facet normal 0 -0.0522639 0.998633
    outer loop
      vertex -19 6 18.3
      vertex -20.2 6.1777 18.3093
      vertex -20.2 6 18.3
    endloop
  endfacet
  facet normal -0 0.25853 0.966003
    outer loop
      vertex -20.2 5.64655 18.3372
      vertex -19 5.47467 18.3832
      vertex -19 5.64655 18.3372
    endloop
  endfacet
  facet normal 0 0.25853 0.966003
    outer loop
      vertex -19 5.47467 18.3832
      vertex -20.2 5.64655 18.3372
      vertex -20.2 5.47467 18.3832
    endloop
  endfacet
  facet normal 0 0.454056 -0.890973
    outer loop
      vertex -20.2 5.15 21.4722
      vertex -19 5.30855 21.553
      vertex -19 5.15 21.4722
    endloop
  endfacet
  facet normal 0 0.454056 -0.890973
    outer loop
      vertex -19 5.30855 21.553
      vertex -20.2 5.15 21.4722
      vertex -20.2 5.30855 21.553
    endloop
  endfacet
  facet normal 0 0.987692 0.156413
    outer loop
      vertex -19 4.33715 19.6465
      vertex -20.2 4.30931 19.8223
      vertex -19 4.30931 19.8223
    endloop
  endfacet
  facet normal 0 0.987692 0.156413
    outer loop
      vertex -20.2 4.30931 19.8223
      vertex -19 4.33715 19.6465
      vertex -20.2 4.33715 19.6465
    endloop
  endfacet
  facet normal 0 -0.358527 0.933519
    outer loop
      vertex -20.2 6.69145 18.447
      vertex -19 6.52533 18.3832
      vertex -19 6.69145 18.447
    endloop
  endfacet
  facet normal 0 -0.358527 0.933519
    outer loop
      vertex -19 6.52533 18.3832
      vertex -20.2 6.69145 18.447
      vertex -20.2 6.52533 18.3832
    endloop
  endfacet
  facet normal 0 -0.25853 0.966003
    outer loop
      vertex -20.2 6.52533 18.3832
      vertex -19 6.35345 18.3372
      vertex -19 6.52533 18.3832
    endloop
  endfacet
  facet normal 0 -0.25853 0.966003
    outer loop
      vertex -19 6.35345 18.3372
      vertex -20.2 6.52533 18.3832
      vertex -20.2 6.35345 18.3372
    endloop
  endfacet
  facet normal 0 -0.156785 0.987633
    outer loop
      vertex -20.2 6.35345 18.3372
      vertex -19 6.1777 18.3093
      vertex -19 6.35345 18.3372
    endloop
  endfacet
  facet normal 0 -0.156785 0.987633
    outer loop
      vertex -19 6.1777 18.3093
      vertex -20.2 6.35345 18.3372
      vertex -20.2 6.1777 18.3093
    endloop
  endfacet
  facet normal 0 -0.156785 -0.987633
    outer loop
      vertex -20.2 6.1777 21.6907
      vertex -19 6.35345 21.6628
      vertex -19 6.1777 21.6907
    endloop
  endfacet
  facet normal -0 -0.156785 -0.987633
    outer loop
      vertex -19 6.35345 21.6628
      vertex -20.2 6.1777 21.6907
      vertex -20.2 6.35345 21.6628
    endloop
  endfacet
  facet normal -0 0.156785 0.987633
    outer loop
      vertex -20.2 5.8223 18.3093
      vertex -19 5.64655 18.3372
      vertex -19 5.8223 18.3093
    endloop
  endfacet
  facet normal 0 0.156785 0.987633
    outer loop
      vertex -19 5.64655 18.3372
      vertex -20.2 5.8223 18.3093
      vertex -20.2 5.64655 18.3372
    endloop
  endfacet
  facet normal -0 0.629371 0.777105
    outer loop
      vertex -20.2 5.00077 18.6247
      vertex -19 4.86248 18.7367
      vertex -19 5.00077 18.6247
    endloop
  endfacet
  facet normal 0 0.629371 0.777105
    outer loop
      vertex -19 4.86248 18.7367
      vertex -20.2 5.00077 18.6247
      vertex -20.2 4.86248 18.7367
    endloop
  endfacet
  facet normal -0 0.454056 0.890973
    outer loop
      vertex -20.2 5.30855 18.447
      vertex -19 5.15 18.5278
      vertex -19 5.30855 18.447
    endloop
  endfacet
  facet normal 0 0.454056 0.890973
    outer loop
      vertex -19 5.15 18.5278
      vertex -20.2 5.30855 18.447
      vertex -20.2 5.15 18.5278
    endloop
  endfacet
  facet normal 0 0.99863 -0.0523199
    outer loop
      vertex -19 4.3 20
      vertex -20.2 4.30931 20.1777
      vertex -19 4.30931 20.1777
    endloop
  endfacet
  facet normal 0 0.99863 -0.0523199
    outer loop
      vertex -20.2 4.30931 20.1777
      vertex -19 4.3 20
      vertex -20.2 4.3 20
    endloop
  endfacet
  facet normal 0 0.0522639 -0.998633
    outer loop
      vertex -20.2 5.8223 21.6907
      vertex -19 6 21.7
      vertex -19 5.8223 21.6907
    endloop
  endfacet
  facet normal 0 0.0522639 -0.998633
    outer loop
      vertex -19 6 21.7
      vertex -20.2 5.8223 21.6907
      vertex -20.2 6 21.7
    endloop
  endfacet
  facet normal 0 0.358527 -0.933519
    outer loop
      vertex -20.2 5.30855 21.553
      vertex -19 5.47467 21.6168
      vertex -19 5.30855 21.553
    endloop
  endfacet
  facet normal 0 0.358527 -0.933519
    outer loop
      vertex -19 5.47467 21.6168
      vertex -20.2 5.30855 21.553
      vertex -20.2 5.47467 21.6168
    endloop
  endfacet
  facet normal 0 0.25853 -0.966003
    outer loop
      vertex -20.2 5.47467 21.6168
      vertex -19 5.64655 21.6628
      vertex -19 5.47467 21.6168
    endloop
  endfacet
  facet normal 0 0.25853 -0.966003
    outer loop
      vertex -19 5.64655 21.6628
      vertex -20.2 5.47467 21.6168
      vertex -20.2 5.64655 21.6628
    endloop
  endfacet
  facet normal 0 0.933633 0.35823
    outer loop
      vertex -19 4.44697 19.3085
      vertex -20.2 4.3832 19.4747
      vertex -19 4.3832 19.4747
    endloop
  endfacet
  facet normal 0 0.933633 0.35823
    outer loop
      vertex -20.2 4.3832 19.4747
      vertex -19 4.44697 19.3085
      vertex -20.2 4.44697 19.3085
    endloop
  endfacet
  facet normal 0 0.965903 0.258905
    outer loop
      vertex -19 4.3832 19.4747
      vertex -20.2 4.33715 19.6465
      vertex -19 4.33715 19.6465
    endloop
  endfacet
  facet normal 0 0.965903 0.258905
    outer loop
      vertex -20.2 4.33715 19.6465
      vertex -19 4.3832 19.4747
      vertex -20.2 4.3832 19.4747
    endloop
  endfacet
  facet normal 0 0.777182 0.629276
    outer loop
      vertex -19 4.73665 18.8625
      vertex -20.2 4.62467 19.0008
      vertex -19 4.62467 19.0008
    endloop
  endfacet
  facet normal 0 0.777182 0.629276
    outer loop
      vertex -20.2 4.62467 19.0008
      vertex -19 4.73665 18.8625
      vertex -20.2 4.73665 18.8625
    endloop
  endfacet
  facet normal -0 0.358527 0.933519
    outer loop
      vertex -20.2 5.47467 18.3832
      vertex -19 5.30855 18.447
      vertex -19 5.47467 18.3832
    endloop
  endfacet
  facet normal 0 0.358527 0.933519
    outer loop
      vertex -19 5.30855 18.447
      vertex -20.2 5.47467 18.3832
      vertex -20.2 5.30855 18.447
    endloop
  endfacet
  facet normal -0 0.544595 0.838699
    outer loop
      vertex -20.2 5.15 18.5278
      vertex -19 5.00077 18.6247
      vertex -19 5.15 18.5278
    endloop
  endfacet
  facet normal 0 0.544595 0.838699
    outer loop
      vertex -19 5.00077 18.6247
      vertex -20.2 5.15 18.5278
      vertex -20.2 5.00077 18.6247
    endloop
  endfacet
  facet normal 0 0.99863 0.0523199
    outer loop
      vertex -19 4.30931 19.8223
      vertex -20.2 4.3 20
      vertex -19 4.3 20
    endloop
  endfacet
  facet normal 0 0.99863 0.0523199
    outer loop
      vertex -20.2 4.3 20
      vertex -19 4.30931 19.8223
      vertex -20.2 4.30931 19.8223
    endloop
  endfacet
  facet normal 0 0.629371 -0.777105
    outer loop
      vertex -20.2 4.86248 21.2633
      vertex -19 5.00077 21.3753
      vertex -19 4.86248 21.2633
    endloop
  endfacet
  facet normal 0 0.629371 -0.777105
    outer loop
      vertex -19 5.00077 21.3753
      vertex -20.2 4.86248 21.2633
      vertex -20.2 5.00077 21.3753
    endloop
  endfacet
  facet normal 0 0.707022 -0.707191
    outer loop
      vertex -19 4.73665 21.1375
      vertex -20.2 4.86248 21.2633
      vertex -19 4.86248 21.2633
    endloop
  endfacet
  facet normal 0 0.707022 -0.707191
    outer loop
      vertex -20.2 4.86248 21.2633
      vertex -19 4.73665 21.1375
      vertex -20.2 4.73665 21.1375
    endloop
  endfacet
  facet normal 0 0.156785 -0.987633
    outer loop
      vertex -20.2 5.64655 21.6628
      vertex -19 5.8223 21.6907
      vertex -19 5.64655 21.6628
    endloop
  endfacet
  facet normal 0 0.156785 -0.987633
    outer loop
      vertex -19 5.8223 21.6907
      vertex -20.2 5.64655 21.6628
      vertex -20.2 5.8223 21.6907
    endloop
  endfacet
  facet normal 0 0.707022 0.707191
    outer loop
      vertex -19 4.86248 18.7367
      vertex -20.2 4.73665 18.8625
      vertex -19 4.73665 18.8625
    endloop
  endfacet
  facet normal 0 0.707022 0.707191
    outer loop
      vertex -20.2 4.73665 18.8625
      vertex -19 4.86248 18.7367
      vertex -20.2 4.86248 18.7367
    endloop
  endfacet
  facet normal 0 0.838623 0.544712
    outer loop
      vertex -19 4.62467 19.0008
      vertex -20.2 4.52776 19.15
      vertex -19 4.52776 19.15
    endloop
  endfacet
  facet normal 0 0.838623 0.544712
    outer loop
      vertex -20.2 4.52776 19.15
      vertex -19 4.62467 19.0008
      vertex -20.2 4.62467 19.0008
    endloop
  endfacet
  facet normal 0 0.890938 0.454125
    outer loop
      vertex -19 4.52776 19.15
      vertex -20.2 4.44697 19.3085
      vertex -19 4.44697 19.3085
    endloop
  endfacet
  facet normal 0 0.890938 0.454125
    outer loop
      vertex -20.2 4.44697 19.3085
      vertex -19 4.52776 19.15
      vertex -20.2 4.52776 19.15
    endloop
  endfacet
  facet normal 0 0.890938 -0.454125
    outer loop
      vertex -19 4.44697 20.6915
      vertex -20.2 4.52776 20.85
      vertex -19 4.52776 20.85
    endloop
  endfacet
  facet normal 0 0.890938 -0.454125
    outer loop
      vertex -20.2 4.52776 20.85
      vertex -19 4.44697 20.6915
      vertex -20.2 4.44697 20.6915
    endloop
  endfacet
  facet normal 0 0.544595 -0.838699
    outer loop
      vertex -20.2 5.00077 21.3753
      vertex -19 5.15 21.4722
      vertex -19 5.00077 21.3753
    endloop
  endfacet
  facet normal 0 0.544595 -0.838699
    outer loop
      vertex -19 5.15 21.4722
      vertex -20.2 5.00077 21.3753
      vertex -20.2 5.15 21.4722
    endloop
  endfacet
  facet normal 0 0.838623 -0.544712
    outer loop
      vertex -19 4.52776 20.85
      vertex -20.2 4.62467 20.9992
      vertex -19 4.62467 20.9992
    endloop
  endfacet
  facet normal 0 0.838623 -0.544712
    outer loop
      vertex -20.2 4.62467 20.9992
      vertex -19 4.52776 20.85
      vertex -20.2 4.52776 20.85
    endloop
  endfacet
  facet normal 0 0.777182 -0.629276
    outer loop
      vertex -19 4.62467 20.9992
      vertex -20.2 4.73665 21.1375
      vertex -19 4.73665 21.1375
    endloop
  endfacet
  facet normal 0 0.777182 -0.629276
    outer loop
      vertex -20.2 4.73665 21.1375
      vertex -19 4.62467 20.9992
      vertex -20.2 4.62467 20.9992
    endloop
  endfacet
  facet normal 0 0.933633 -0.35823
    outer loop
      vertex -19 4.3832 20.5253
      vertex -20.2 4.44697 20.6915
      vertex -19 4.44697 20.6915
    endloop
  endfacet
  facet normal 0 0.933633 -0.35823
    outer loop
      vertex -20.2 4.44697 20.6915
      vertex -19 4.3832 20.5253
      vertex -20.2 4.3832 20.5253
    endloop
  endfacet
  facet normal 0 0.987692 -0.156413
    outer loop
      vertex -19 4.30931 20.1777
      vertex -20.2 4.33715 20.3535
      vertex -19 4.33715 20.3535
    endloop
  endfacet
  facet normal 0 0.987692 -0.156413
    outer loop
      vertex -20.2 4.33715 20.3535
      vertex -19 4.30931 20.1777
      vertex -20.2 4.30931 20.1777
    endloop
  endfacet
  facet normal 0 0.965903 -0.258905
    outer loop
      vertex -19 4.33715 20.3535
      vertex -20.2 4.3832 20.5253
      vertex -19 4.3832 20.5253
    endloop
  endfacet
  facet normal 0 0.965903 -0.258905
    outer loop
      vertex -20.2 4.3832 20.5253
      vertex -19 4.33715 20.3535
      vertex -20.2 4.33715 20.3535
    endloop
  endfacet
  facet normal -0.631599 -0.0405199 0.774235
    outer loop
      vertex -22 6.00935 16.8321
      vertex -20.2 6 18.3
      vertex -20.2 6.1777 18.3093
    endloop
  endfacet
  facet normal -0.631579 -0.0414013 0.774205
    outer loop
      vertex -20.2 6 18.3
      vertex -22 6.00935 16.8321
      vertex -22 6 16.8316
    endloop
  endfacet
  facet normal -0.631608 -0.0404149 0.774234
    outer loop
      vertex -20.2 6.1777 18.3093
      vertex -22 6.33119 16.8489
      vertex -22 6.00935 16.8321
    endloop
  endfacet
  facet normal -0.631619 0.54814 -0.548271
    outer loop
      vertex -20.2 4.73665 21.1375
      vertex -22 3.87991 22.3546
      vertex -20.2 4.86248 21.2633
    endloop
  endfacet
  facet normal -0.631612 0.548197 -0.548221
    outer loop
      vertex -22 3.87991 22.3546
      vertex -20.2 4.73665 21.1375
      vertex -22 3.6454 22.1201
    endloop
  endfacet
  facet normal -0.631616 0.487873 0.602528
    outer loop
      vertex -20.2 4.86248 18.7367
      vertex -22 4.13037 17.4426
      vertex -22 3.87991 17.6454
    endloop
  endfacet
  facet normal -0.63161 -0.602559 0.487844
    outer loop
      vertex -20.2 7.26335 18.8625
      vertex -22 8.55741 18.1304
      vertex -22 8.3546 17.8799
    endloop
  endfacet
  facet normal -0.631612 -0.548197 -0.548221
    outer loop
      vertex -20.2 7.26335 21.1375
      vertex -22 8.12009 22.3546
      vertex -22 8.3546 22.1201
    endloop
  endfacet
  facet normal -0.631619 -0.54814 -0.548271
    outer loop
      vertex -22 8.12009 22.3546
      vertex -20.2 7.26335 21.1375
      vertex -20.2 7.13752 21.2633
    endloop
  endfacet
  facet normal -0.631619 0.54814 0.548271
    outer loop
      vertex -22 3.87991 17.6454
      vertex -20.2 4.73665 18.8625
      vertex -20.2 4.86248 18.7367
    endloop
  endfacet
  facet normal -0.631612 0.548197 0.548221
    outer loop
      vertex -20.2 4.73665 18.8625
      vertex -22 3.87991 17.6454
      vertex -22 3.6454 17.8799
    endloop
  endfacet
  facet normal -0.631579 -0.0414013 -0.774205
    outer loop
      vertex -22 6.00935 23.1679
      vertex -20.2 6 21.7
      vertex -22 6 23.1684
    endloop
  endfacet
  facet normal -0.631599 -0.0405199 -0.774235
    outer loop
      vertex -20.2 6 21.7
      vertex -22 6.00935 23.1679
      vertex -20.2 6.1777 21.6907
    endloop
  endfacet
  facet normal -0.631612 -0.548197 0.548221
    outer loop
      vertex -22 8.12009 17.6454
      vertex -20.2 7.26335 18.8625
      vertex -22 8.3546 17.8799
    endloop
  endfacet
  facet normal -0.631619 -0.54814 0.548271
    outer loop
      vertex -20.2 7.26335 18.8625
      vertex -22 8.12009 17.6454
      vertex -20.2 7.13752 18.7367
    endloop
  endfacet
  facet normal -0.631498 -0.599738 0.491452
    outer loop
      vertex -22 8.55741 18.1304
      vertex -20.2 7.37533 19.0008
      vertex -22 8.56331 18.1376
    endloop
  endfacet
  facet normal -0.631607 -0.60254 0.48787
    outer loop
      vertex -20.2 7.37533 19.0008
      vertex -22 8.55741 18.1304
      vertex -20.2 7.26335 18.8625
    endloop
  endfacet
  facet normal -0.631618 -0.650221 0.422223
    outer loop
      vertex -20.2 7.37533 19.0008
      vertex -22 8.73883 18.4079
      vertex -22 8.56331 18.1376
    endloop
  endfacet
  facet normal -0.631958 -0.273757 0.725042
    outer loop
      vertex -22 6.9791 16.9867
      vertex -20.2 6.69145 18.447
      vertex -22 6.98784 16.99
    endloop
  endfacet
  facet normal -0.631591 -0.277967 0.723759
    outer loop
      vertex -20.2 6.69145 18.447
      vertex -22 6.9791 16.9867
      vertex -20.2 6.52533 18.3832
    endloop
  endfacet
  facet normal -0.631614 -0.351942 0.690797
    outer loop
      vertex -20.2 6.69145 18.447
      vertex -22 7.57587 17.2518
      vertex -22 7.28871 17.1055
    endloop
  endfacet
  facet normal -0.631593 0.422384 -0.65014
    outer loop
      vertex -22 4.41579 22.7439
      vertex -20.2 5.00077 21.3753
      vertex -22 4.40794 22.7388
    endloop
  endfacet
  facet normal -0.631609 0.422217 -0.650232
    outer loop
      vertex -20.2 5.00077 21.3753
      vertex -22 4.41579 22.7439
      vertex -20.2 5.15 21.4722
    endloop
  endfacet
  facet normal -0.631467 0.723333 -0.279356
    outer loop
      vertex -20.2 4.44697 20.6915
      vertex -22 2.98665 20.9791
      vertex -22 2.99001 20.9878
    endloop
  endfacet
  facet normal -0.631612 0.723832 -0.27773
    outer loop
      vertex -22 2.98665 20.9791
      vertex -20.2 4.44697 20.6915
      vertex -20.2 4.3832 20.5253
    endloop
  endfacet
  facet normal -0.631478 0.116035 -0.766663
    outer loop
      vertex -22 5.3505 23.1006
      vertex -20.2 5.64655 21.6628
      vertex -22 5.34125 23.0992
    endloop
  endfacet
  facet normal -0.631613 0.121553 -0.765696
    outer loop
      vertex -20.2 5.64655 21.6628
      vertex -22 5.3505 23.1006
      vertex -20.2 5.8223 21.6907
    endloop
  endfacet
  facet normal -0.631624 0.200628 -0.748866
    outer loop
      vertex -22 5.34125 23.0992
      vertex -20.2 5.64655 21.6628
      vertex -22 5.02995 23.0158
    endloop
  endfacet
  facet normal -0.631603 0.650178 0.422311
    outer loop
      vertex -20.2 4.62467 19.0008
      vertex -22 3.25607 18.4158
      vertex -20.2 4.52776 19.15
    endloop
  endfacet
  facet normal -0.631786 0.651229 0.420414
    outer loop
      vertex -22 3.25607 18.4158
      vertex -20.2 4.62467 19.0008
      vertex -22 3.26117 18.4079
    endloop
  endfacet
  facet normal -0.631607 0.121481 0.765712
    outer loop
      vertex -20.2 5.8223 18.3093
      vertex -22 5.66881 16.8489
      vertex -22 5.3505 16.8994
    endloop
  endfacet
  facet normal -0.631604 0.765748 0.121265
    outer loop
      vertex -20.2 4.33715 19.6465
      vertex -22 2.89935 19.3505
      vertex -20.2 4.30931 19.8223
    endloop
  endfacet
  facet normal -0.631599 0.765788 0.121044
    outer loop
      vertex -22 2.89935 19.3505
      vertex -20.2 4.33715 19.6465
      vertex -22 2.90082 19.3412
    endloop
  endfacet
  facet normal -0.631604 0.748859 0.200714
    outer loop
      vertex -20.2 4.33715 19.6465
      vertex -22 2.98423 19.03
      vertex -22 2.90082 19.3412
    endloop
  endfacet
  facet normal -0.631608 0.0404149 0.774234
    outer loop
      vertex -20.2 5.8223 18.3093
      vertex -22 5.99065 16.8321
      vertex -22 5.66881 16.8489
    endloop
  endfacet
  facet normal -0.631579 0.0414013 0.774205
    outer loop
      vertex -22 5.99065 16.8321
      vertex -20.2 6 18.3
      vertex -22 6 16.8316
    endloop
  endfacet
  facet normal -0.631599 0.0405199 0.774235
    outer loop
      vertex -20.2 6 18.3
      vertex -22 5.99065 16.8321
      vertex -20.2 5.8223 18.3093
    endloop
  endfacet
  facet normal -0.631607 -0.121481 0.765712
    outer loop
      vertex -20.2 6.1777 18.3093
      vertex -22 6.6495 16.8994
      vertex -22 6.33119 16.8489
    endloop
  endfacet
  facet normal -0.631608 -0.0404149 -0.774234
    outer loop
      vertex -22 6.33119 23.1511
      vertex -20.2 6.1777 21.6907
      vertex -22 6.00935 23.1679
    endloop
  endfacet
  facet normal -0.631605 -0.765747 -0.121273
    outer loop
      vertex -22 9.15106 20.3312
      vertex -20.2 7.69069 20.1777
      vertex -22 9.10065 20.6495
    endloop
  endfacet
  facet normal -0.631611 -0.774234 0.040359
    outer loop
      vertex -22 9.16793 19.9906
      vertex -20.2 7.7 20
      vertex -22 9.16842 20
    endloop
  endfacet
  facet normal -0.631607 -0.774227 0.040563
    outer loop
      vertex -20.2 7.7 20
      vertex -22 9.16793 19.9906
      vertex -20.2 7.69069 19.8223
    endloop
  endfacet
  facet normal -0.631593 -0.422384 0.65014
    outer loop
      vertex -22 7.58421 17.2561
      vertex -20.2 6.99923 18.6247
      vertex -22 7.59206 17.2612
    endloop
  endfacet
  facet normal -0.631609 -0.422217 0.650232
    outer loop
      vertex -20.2 6.99923 18.6247
      vertex -22 7.58421 17.2561
      vertex -20.2 6.85 18.5278
    endloop
  endfacet
  facet normal -0.631478 -0.116035 0.766663
    outer loop
      vertex -22 6.6495 16.8994
      vertex -20.2 6.35345 18.3372
      vertex -22 6.65875 16.9008
    endloop
  endfacet
  facet normal -0.631613 -0.121553 0.765696
    outer loop
      vertex -20.2 6.35345 18.3372
      vertex -22 6.6495 16.8994
      vertex -20.2 6.1777 18.3093
    endloop
  endfacet
  facet normal -0.631624 -0.200628 0.748866
    outer loop
      vertex -20.2 6.35345 18.3372
      vertex -22 6.97005 16.9842
      vertex -22 6.65875 16.9008
    endloop
  endfacet
  facet normal -0.631614 -0.277851 0.723784
    outer loop
      vertex -20.2 6.69145 18.447
      vertex -22 7.28871 17.1055
      vertex -22 6.98784 16.99
    endloop
  endfacet
  facet normal -0.631616 0.487873 -0.602528
    outer loop
      vertex -22 4.13037 22.5574
      vertex -20.2 4.86248 21.2633
      vertex -22 3.87991 22.3546
    endloop
  endfacet
  facet normal -0.63161 0.602559 -0.487844
    outer loop
      vertex -22 3.6454 22.1201
      vertex -20.2 4.73665 21.1375
      vertex -22 3.44259 21.8696
    endloop
  endfacet
  facet normal -0.6316 0.723812 -0.27781
    outer loop
      vertex -22 3.1055 21.2887
      vertex -20.2 4.44697 20.6915
      vertex -22 2.99001 20.9878
    endloop
  endfacet
  facet normal -0.631958 0.273757 -0.725042
    outer loop
      vertex -22 5.0209 23.0133
      vertex -20.2 5.30855 21.553
      vertex -22 5.01216 23.01
    endloop
  endfacet
  facet normal -0.631591 0.277967 -0.723759
    outer loop
      vertex -20.2 5.30855 21.553
      vertex -22 5.0209 23.0133
      vertex -20.2 5.47467 21.6168
    endloop
  endfacet
  facet normal -0.631599 0.0405199 -0.774235
    outer loop
      vertex -22 5.99065 23.1679
      vertex -20.2 6 21.7
      vertex -20.2 5.8223 21.6907
    endloop
  endfacet
  facet normal -0.631579 0.0414013 -0.774205
    outer loop
      vertex -20.2 6 21.7
      vertex -22 5.99065 23.1679
      vertex -22 6 23.1684
    endloop
  endfacet
  facet normal -0.631608 0.0404149 -0.774234
    outer loop
      vertex -22 5.99065 23.1679
      vertex -20.2 5.8223 21.6907
      vertex -22 5.66881 23.1511
    endloop
  endfacet
  facet normal -0.631607 0.121481 -0.765712
    outer loop
      vertex -22 5.66881 23.1511
      vertex -20.2 5.8223 21.6907
      vertex -22 5.3505 23.1006
    endloop
  endfacet
  facet normal -0.63161 0.602559 0.487844
    outer loop
      vertex -20.2 4.73665 18.8625
      vertex -22 3.6454 17.8799
      vertex -22 3.44259 18.1304
    endloop
  endfacet
  facet normal -0.631614 0.351942 0.690797
    outer loop
      vertex -20.2 5.30855 18.447
      vertex -22 4.71129 17.1055
      vertex -22 4.42413 17.2518
    endloop
  endfacet
  facet normal -0.631612 0.723832 0.27773
    outer loop
      vertex -20.2 4.44697 19.3085
      vertex -22 2.98665 19.0209
      vertex -20.2 4.3832 19.4747
    endloop
  endfacet
  facet normal -0.631467 0.723333 0.279356
    outer loop
      vertex -22 2.98665 19.0209
      vertex -20.2 4.44697 19.3085
      vertex -22 2.99001 19.0122
    endloop
  endfacet
  facet normal -0.631611 0.774234 0.040359
    outer loop
      vertex -20.2 4.3 20
      vertex -22 2.83207 19.9906
      vertex -22 2.83158 20
    endloop
  endfacet
  facet normal -0.631607 0.774227 0.040563
    outer loop
      vertex -22 2.83207 19.9906
      vertex -20.2 4.3 20
      vertex -20.2 4.30931 19.8223
    endloop
  endfacet
  facet normal -0.631605 0.774227 0.040588
    outer loop
      vertex -20.2 4.30931 19.8223
      vertex -22 2.84894 19.6688
      vertex -22 2.83207 19.9906
    endloop
  endfacet
  facet normal -0.631605 0.765747 0.121273
    outer loop
      vertex -20.2 4.30931 19.8223
      vertex -22 2.89935 19.3505
      vertex -22 2.84894 19.6688
    endloop
  endfacet
  facet normal -0.631613 0.121553 0.765696
    outer loop
      vertex -22 5.3505 16.8994
      vertex -20.2 5.64655 18.3372
      vertex -20.2 5.8223 18.3093
    endloop
  endfacet
  facet normal -0.631478 0.116035 0.766663
    outer loop
      vertex -20.2 5.64655 18.3372
      vertex -22 5.3505 16.8994
      vertex -22 5.34125 16.9008
    endloop
  endfacet
  facet normal -0.631616 -0.487873 -0.602528
    outer loop
      vertex -22 8.12009 22.3546
      vertex -20.2 7.13752 21.2633
      vertex -22 7.86963 22.5574
    endloop
  endfacet
  facet normal -0.6316 -0.690808 -0.351946
    outer loop
      vertex -22 8.8945 21.2887
      vertex -20.2 7.55303 20.6915
      vertex -22 8.74818 21.5759
    endloop
  endfacet
  facet normal -0.631599 -0.765788 -0.121044
    outer loop
      vertex -22 9.10065 20.6495
      vertex -20.2 7.66285 20.3535
      vertex -22 9.09918 20.6588
    endloop
  endfacet
  facet normal -0.631604 -0.765748 -0.121265
    outer loop
      vertex -20.2 7.66285 20.3535
      vertex -22 9.10065 20.6495
      vertex -20.2 7.69069 20.1777
    endloop
  endfacet
  facet normal -0.631604 -0.748859 -0.200714
    outer loop
      vertex -22 9.09918 20.6588
      vertex -20.2 7.66285 20.3535
      vertex -22 9.01577 20.97
    endloop
  endfacet
  facet normal -0.63157 -0.749277 -0.199258
    outer loop
      vertex -22 9.01577 20.97
      vertex -20.2 7.6168 20.5253
      vertex -22 9.01335 20.9791
    endloop
  endfacet
  facet normal -0.631605 -0.748855 -0.200726
    outer loop
      vertex -20.2 7.6168 20.5253
      vertex -22 9.01577 20.97
      vertex -20.2 7.66285 20.3535
    endloop
  endfacet
  facet normal -0.631605 -0.774227 -0.040588
    outer loop
      vertex -22 9.16793 20.0094
      vertex -20.2 7.69069 20.1777
      vertex -22 9.15106 20.3312
    endloop
  endfacet
  facet normal -0.6316 -0.723812 0.27781
    outer loop
      vertex -20.2 7.55303 19.3085
      vertex -22 9.00999 19.0122
      vertex -22 8.8945 18.7113
    endloop
  endfacet
  facet normal -0.631604 -0.748859 0.200714
    outer loop
      vertex -20.2 7.66285 19.6465
      vertex -22 9.09918 19.3412
      vertex -22 9.01577 19.03
    endloop
  endfacet
  facet normal -0.631605 -0.774227 0.040588
    outer loop
      vertex -20.2 7.69069 19.8223
      vertex -22 9.16793 19.9906
      vertex -22 9.15106 19.6688
    endloop
  endfacet
  facet normal -0.631611 -0.774234 -0.040359
    outer loop
      vertex -20.2 7.7 20
      vertex -22 9.16793 20.0094
      vertex -22 9.16842 20
    endloop
  endfacet
  facet normal -0.631607 -0.774227 -0.040563
    outer loop
      vertex -22 9.16793 20.0094
      vertex -20.2 7.7 20
      vertex -20.2 7.69069 20.1777
    endloop
  endfacet
  facet normal -0.631603 -0.488145 0.602322
    outer loop
      vertex -20.2 6.99923 18.6247
      vertex -22 7.86963 17.4426
      vertex -22 7.86235 17.4367
    endloop
  endfacet
  facet normal -0.631609 -0.487943 0.602479
    outer loop
      vertex -22 7.86963 17.4426
      vertex -20.2 6.99923 18.6247
      vertex -20.2 7.13752 18.7367
    endloop
  endfacet
  facet normal -0.63161 -0.422203 0.650241
    outer loop
      vertex -20.2 6.99923 18.6247
      vertex -22 7.86235 17.4367
      vertex -22 7.59206 17.2612
    endloop
  endfacet
  facet normal -0.631616 -0.487873 0.602528
    outer loop
      vertex -20.2 7.13752 18.7367
      vertex -22 8.12009 17.6454
      vertex -22 7.86963 17.4426
    endloop
  endfacet
  facet normal -0.6317 -0.355251 0.689023
    outer loop
      vertex -22 7.57587 17.2518
      vertex -20.2 6.85 18.5278
      vertex -22 7.58421 17.2561
    endloop
  endfacet
  facet normal -0.631621 -0.352019 0.690751
    outer loop
      vertex -20.2 6.85 18.5278
      vertex -22 7.57587 17.2518
      vertex -20.2 6.69145 18.447
    endloop
  endfacet
  facet normal -0.631736 -0.206408 0.747198
    outer loop
      vertex -22 6.97005 16.9842
      vertex -20.2 6.52533 18.3832
      vertex -22 6.9791 16.9867
    endloop
  endfacet
  facet normal -0.631607 -0.200435 0.748931
    outer loop
      vertex -20.2 6.52533 18.3832
      vertex -22 6.97005 16.9842
      vertex -20.2 6.35345 18.3372
    endloop
  endfacet
  facet normal -0.631605 0.774227 -0.040588
    outer loop
      vertex -22 2.84894 20.3312
      vertex -20.2 4.30931 20.1777
      vertex -22 2.83207 20.0094
    endloop
  endfacet
  facet normal -0.63157 0.749277 -0.199258
    outer loop
      vertex -20.2 4.3832 20.5253
      vertex -22 2.98423 20.97
      vertex -22 2.98665 20.9791
    endloop
  endfacet
  facet normal -0.631605 0.748855 -0.200726
    outer loop
      vertex -22 2.98423 20.97
      vertex -20.2 4.3832 20.5253
      vertex -20.2 4.33715 20.3535
    endloop
  endfacet
  facet normal -0.631605 0.765747 -0.121273
    outer loop
      vertex -22 2.89935 20.6495
      vertex -20.2 4.30931 20.1777
      vertex -22 2.84894 20.3312
    endloop
  endfacet
  facet normal -0.631614 0.351942 -0.690797
    outer loop
      vertex -22 4.71129 22.8945
      vertex -20.2 5.30855 21.553
      vertex -22 4.42413 22.7482
    endloop
  endfacet
  facet normal -0.631614 0.277851 -0.723784
    outer loop
      vertex -22 5.01216 23.01
      vertex -20.2 5.30855 21.553
      vertex -22 4.71129 22.8945
    endloop
  endfacet
  facet normal -0.63161 0.422203 -0.650241
    outer loop
      vertex -22 4.40794 22.7388
      vertex -20.2 5.00077 21.3753
      vertex -22 4.13765 22.5633
    endloop
  endfacet
  facet normal -0.631609 0.487943 -0.602479
    outer loop
      vertex -22 4.13037 22.5574
      vertex -20.2 5.00077 21.3753
      vertex -20.2 4.86248 21.2633
    endloop
  endfacet
  facet normal -0.631603 0.488145 -0.602322
    outer loop
      vertex -20.2 5.00077 21.3753
      vertex -22 4.13037 22.5574
      vertex -22 4.13765 22.5633
    endloop
  endfacet
  facet normal -0.631736 0.206408 -0.747198
    outer loop
      vertex -22 5.02995 23.0158
      vertex -20.2 5.47467 21.6168
      vertex -22 5.0209 23.0133
    endloop
  endfacet
  facet normal -0.631607 0.200435 -0.748931
    outer loop
      vertex -20.2 5.47467 21.6168
      vertex -22 5.02995 23.0158
      vertex -20.2 5.64655 21.6628
    endloop
  endfacet
  facet normal -0.63161 0.422203 0.650241
    outer loop
      vertex -20.2 5.00077 18.6247
      vertex -22 4.40794 17.2612
      vertex -22 4.13765 17.4367
    endloop
  endfacet
  facet normal -0.631621 0.352019 0.690751
    outer loop
      vertex -22 4.42413 17.2518
      vertex -20.2 5.15 18.5278
      vertex -20.2 5.30855 18.447
    endloop
  endfacet
  facet normal -0.6317 0.355251 0.689023
    outer loop
      vertex -20.2 5.15 18.5278
      vertex -22 4.42413 17.2518
      vertex -22 4.41579 17.2561
    endloop
  endfacet
  facet normal -0.631609 0.422217 0.650232
    outer loop
      vertex -22 4.41579 17.2561
      vertex -20.2 5.00077 18.6247
      vertex -20.2 5.15 18.5278
    endloop
  endfacet
  facet normal -0.631593 0.422384 0.65014
    outer loop
      vertex -20.2 5.00077 18.6247
      vertex -22 4.41579 17.2561
      vertex -22 4.40794 17.2612
    endloop
  endfacet
  facet normal -0.631614 0.277851 0.723784
    outer loop
      vertex -20.2 5.30855 18.447
      vertex -22 5.01216 16.99
      vertex -22 4.71129 17.1055
    endloop
  endfacet
  facet normal -0.631591 0.277967 0.723759
    outer loop
      vertex -22 5.0209 16.9867
      vertex -20.2 5.30855 18.447
      vertex -20.2 5.47467 18.3832
    endloop
  endfacet
  facet normal -0.631958 0.273757 0.725042
    outer loop
      vertex -20.2 5.30855 18.447
      vertex -22 5.0209 16.9867
      vertex -22 5.01216 16.99
    endloop
  endfacet
  facet normal -0.6316 0.690808 0.351946
    outer loop
      vertex -20.2 4.44697 19.3085
      vertex -22 3.25182 18.4241
      vertex -22 3.1055 18.7113
    endloop
  endfacet
  facet normal -0.6316 0.723812 0.27781
    outer loop
      vertex -20.2 4.44697 19.3085
      vertex -22 3.1055 18.7113
      vertex -22 2.99001 19.0122
    endloop
  endfacet
  facet normal -0.631618 0.650221 0.422223
    outer loop
      vertex -20.2 4.62467 19.0008
      vertex -22 3.43669 18.1376
      vertex -22 3.26117 18.4079
    endloop
  endfacet
  facet normal -0.631607 0.60254 0.48787
    outer loop
      vertex -22 3.44259 18.1304
      vertex -20.2 4.62467 19.0008
      vertex -20.2 4.73665 18.8625
    endloop
  endfacet
  facet normal -0.631498 0.599738 0.491452
    outer loop
      vertex -20.2 4.62467 19.0008
      vertex -22 3.44259 18.1304
      vertex -22 3.43669 18.1376
    endloop
  endfacet
  facet normal -0.631605 0.748855 0.200726
    outer loop
      vertex -20.2 4.3832 19.4747
      vertex -22 2.98423 19.03
      vertex -20.2 4.33715 19.6465
    endloop
  endfacet
  facet normal -0.63157 0.749277 0.199258
    outer loop
      vertex -22 2.98423 19.03
      vertex -20.2 4.3832 19.4747
      vertex -22 2.98665 19.0209
    endloop
  endfacet
  facet normal -0.631607 0.200435 0.748931
    outer loop
      vertex -22 5.02995 16.9842
      vertex -20.2 5.47467 18.3832
      vertex -20.2 5.64655 18.3372
    endloop
  endfacet
  facet normal -0.631736 0.206408 0.747198
    outer loop
      vertex -20.2 5.47467 18.3832
      vertex -22 5.02995 16.9842
      vertex -22 5.0209 16.9867
    endloop
  endfacet
  facet normal -0.631624 0.200628 0.748866
    outer loop
      vertex -20.2 5.64655 18.3372
      vertex -22 5.34125 16.9008
      vertex -22 5.02995 16.9842
    endloop
  endfacet
  facet normal -0.631607 -0.121481 -0.765712
    outer loop
      vertex -22 6.6495 23.1006
      vertex -20.2 6.1777 21.6907
      vertex -22 6.33119 23.1511
    endloop
  endfacet
  facet normal -0.631613 -0.121553 -0.765696
    outer loop
      vertex -22 6.6495 23.1006
      vertex -20.2 6.35345 21.6628
      vertex -20.2 6.1777 21.6907
    endloop
  endfacet
  facet normal -0.631478 -0.116035 -0.766663
    outer loop
      vertex -20.2 6.35345 21.6628
      vertex -22 6.6495 23.1006
      vertex -22 6.65875 23.0992
    endloop
  endfacet
  facet normal -0.631609 -0.487943 -0.602479
    outer loop
      vertex -20.2 6.99923 21.3753
      vertex -22 7.86963 22.5574
      vertex -20.2 7.13752 21.2633
    endloop
  endfacet
  facet normal -0.631603 -0.488145 -0.602322
    outer loop
      vertex -22 7.86963 22.5574
      vertex -20.2 6.99923 21.3753
      vertex -22 7.86235 22.5633
    endloop
  endfacet
  facet normal -0.631614 -0.351942 -0.690797
    outer loop
      vertex -22 7.57587 22.7482
      vertex -20.2 6.69145 21.553
      vertex -22 7.28871 22.8945
    endloop
  endfacet
  facet normal -0.63161 -0.602559 -0.487844
    outer loop
      vertex -22 8.55741 21.8696
      vertex -20.2 7.26335 21.1375
      vertex -22 8.3546 22.1201
    endloop
  endfacet
  facet normal -0.631467 -0.723333 -0.279356
    outer loop
      vertex -22 9.01335 20.9791
      vertex -20.2 7.55303 20.6915
      vertex -22 9.00999 20.9878
    endloop
  endfacet
  facet normal -0.631612 -0.723832 -0.27773
    outer loop
      vertex -20.2 7.55303 20.6915
      vertex -22 9.01335 20.9791
      vertex -20.2 7.6168 20.5253
    endloop
  endfacet
  facet normal -0.6316 -0.723812 -0.27781
    outer loop
      vertex -22 9.00999 20.9878
      vertex -20.2 7.55303 20.6915
      vertex -22 8.8945 21.2887
    endloop
  endfacet
  facet normal -0.631786 -0.651229 -0.420414
    outer loop
      vertex -22 8.74393 21.5842
      vertex -20.2 7.37533 20.9992
      vertex -22 8.73883 21.5921
    endloop
  endfacet
  facet normal -0.631603 -0.650178 -0.422311
    outer loop
      vertex -20.2 7.37533 20.9992
      vertex -22 8.74393 21.5842
      vertex -20.2 7.47224 20.85
    endloop
  endfacet
  facet normal -0.631644 -0.690055 -0.353341
    outer loop
      vertex -22 8.74818 21.5759
      vertex -20.2 7.47224 20.85
      vertex -22 8.74393 21.5842
    endloop
  endfacet
  facet normal -0.631612 -0.69073 -0.352076
    outer loop
      vertex -20.2 7.47224 20.85
      vertex -22 8.74818 21.5759
      vertex -20.2 7.55303 20.6915
    endloop
  endfacet
  facet normal -0.631603 -0.650178 0.422311
    outer loop
      vertex -22 8.74393 18.4158
      vertex -20.2 7.37533 19.0008
      vertex -20.2 7.47224 19.15
    endloop
  endfacet
  facet normal -0.631786 -0.651229 0.420414
    outer loop
      vertex -20.2 7.37533 19.0008
      vertex -22 8.74393 18.4158
      vertex -22 8.73883 18.4079
    endloop
  endfacet
  facet normal -0.6316 -0.690808 0.351946
    outer loop
      vertex -20.2 7.55303 19.3085
      vertex -22 8.8945 18.7113
      vertex -22 8.74818 18.4241
    endloop
  endfacet
  facet normal -0.631607 0.60254 -0.48787
    outer loop
      vertex -20.2 4.62467 20.9992
      vertex -22 3.44259 21.8696
      vertex -20.2 4.73665 21.1375
    endloop
  endfacet
  facet normal -0.631498 0.599738 -0.491452
    outer loop
      vertex -22 3.44259 21.8696
      vertex -20.2 4.62467 20.9992
      vertex -22 3.43669 21.8624
    endloop
  endfacet
  facet normal -0.631618 0.650221 -0.422223
    outer loop
      vertex -22 3.43669 21.8624
      vertex -20.2 4.62467 20.9992
      vertex -22 3.26117 21.5921
    endloop
  endfacet
  facet normal -0.6316 0.690808 -0.351946
    outer loop
      vertex -22 3.25182 21.5759
      vertex -20.2 4.44697 20.6915
      vertex -22 3.1055 21.2887
    endloop
  endfacet
  facet normal -0.631607 0.774227 -0.040563
    outer loop
      vertex -20.2 4.3 20
      vertex -22 2.83207 20.0094
      vertex -20.2 4.30931 20.1777
    endloop
  endfacet
  facet normal -0.631611 0.774234 -0.040359
    outer loop
      vertex -22 2.83207 20.0094
      vertex -20.2 4.3 20
      vertex -22 2.83158 20
    endloop
  endfacet
  facet normal -0.6317 0.355251 -0.689023
    outer loop
      vertex -22 4.42413 22.7482
      vertex -20.2 5.15 21.4722
      vertex -22 4.41579 22.7439
    endloop
  endfacet
  facet normal -0.631621 0.352019 -0.690751
    outer loop
      vertex -20.2 5.15 21.4722
      vertex -22 4.42413 22.7482
      vertex -20.2 5.30855 21.553
    endloop
  endfacet
  facet normal -0.631603 0.488145 0.602322
    outer loop
      vertex -22 4.13037 17.4426
      vertex -20.2 5.00077 18.6247
      vertex -22 4.13765 17.4367
    endloop
  endfacet
  facet normal -0.631609 0.487943 0.602479
    outer loop
      vertex -20.2 5.00077 18.6247
      vertex -22 4.13037 17.4426
      vertex -20.2 4.86248 18.7367
    endloop
  endfacet
  facet normal -0.631612 0.69073 0.352076
    outer loop
      vertex -20.2 4.52776 19.15
      vertex -22 3.25182 18.4241
      vertex -20.2 4.44697 19.3085
    endloop
  endfacet
  facet normal -0.631644 0.690055 0.353341
    outer loop
      vertex -22 3.25182 18.4241
      vertex -20.2 4.52776 19.15
      vertex -22 3.25607 18.4158
    endloop
  endfacet
  facet normal -0.631591 -0.277967 -0.723759
    outer loop
      vertex -22 6.9791 23.0133
      vertex -20.2 6.69145 21.553
      vertex -20.2 6.52533 21.6168
    endloop
  endfacet
  facet normal -0.631958 -0.273757 -0.725042
    outer loop
      vertex -20.2 6.69145 21.553
      vertex -22 6.9791 23.0133
      vertex -22 6.98784 23.01
    endloop
  endfacet
  facet normal -0.631624 -0.200628 -0.748866
    outer loop
      vertex -22 6.97005 23.0158
      vertex -20.2 6.35345 21.6628
      vertex -22 6.65875 23.0992
    endloop
  endfacet
  facet normal -0.63161 -0.422203 -0.650241
    outer loop
      vertex -22 7.86235 22.5633
      vertex -20.2 6.99923 21.3753
      vertex -22 7.59206 22.7388
    endloop
  endfacet
  facet normal -0.631614 -0.277851 -0.723784
    outer loop
      vertex -22 7.28871 22.8945
      vertex -20.2 6.69145 21.553
      vertex -22 6.98784 23.01
    endloop
  endfacet
  facet normal -0.631618 -0.650221 -0.422223
    outer loop
      vertex -22 8.73883 21.5921
      vertex -20.2 7.37533 20.9992
      vertex -22 8.56331 21.8624
    endloop
  endfacet
  facet normal -0.631498 -0.599738 -0.491452
    outer loop
      vertex -20.2 7.37533 20.9992
      vertex -22 8.55741 21.8696
      vertex -22 8.56331 21.8624
    endloop
  endfacet
  facet normal -0.631607 -0.60254 -0.48787
    outer loop
      vertex -22 8.55741 21.8696
      vertex -20.2 7.37533 20.9992
      vertex -20.2 7.26335 21.1375
    endloop
  endfacet
  facet normal -0.631612 -0.69073 0.352076
    outer loop
      vertex -22 8.74818 18.4241
      vertex -20.2 7.47224 19.15
      vertex -20.2 7.55303 19.3085
    endloop
  endfacet
  facet normal -0.631644 -0.690055 0.353341
    outer loop
      vertex -20.2 7.47224 19.15
      vertex -22 8.74818 18.4241
      vertex -22 8.74393 18.4158
    endloop
  endfacet
  facet normal -0.631605 -0.765747 0.121273
    outer loop
      vertex -20.2 7.69069 19.8223
      vertex -22 9.15106 19.6688
      vertex -22 9.10065 19.3505
    endloop
  endfacet
  facet normal -0.631604 -0.765748 0.121265
    outer loop
      vertex -22 9.10065 19.3505
      vertex -20.2 7.66285 19.6465
      vertex -20.2 7.69069 19.8223
    endloop
  endfacet
  facet normal -0.631599 -0.765788 0.121044
    outer loop
      vertex -20.2 7.66285 19.6465
      vertex -22 9.10065 19.3505
      vertex -22 9.09918 19.3412
    endloop
  endfacet
  facet normal -0.631612 -0.723832 0.27773
    outer loop
      vertex -22 9.01335 19.0209
      vertex -20.2 7.55303 19.3085
      vertex -20.2 7.6168 19.4747
    endloop
  endfacet
  facet normal -0.631467 -0.723333 0.279356
    outer loop
      vertex -20.2 7.55303 19.3085
      vertex -22 9.01335 19.0209
      vertex -22 9.00999 19.0122
    endloop
  endfacet
  facet normal -0.631605 -0.748855 0.200726
    outer loop
      vertex -22 9.01577 19.03
      vertex -20.2 7.6168 19.4747
      vertex -20.2 7.66285 19.6465
    endloop
  endfacet
  facet normal -0.63157 -0.749277 0.199258
    outer loop
      vertex -20.2 7.6168 19.4747
      vertex -22 9.01577 19.03
      vertex -22 9.01335 19.0209
    endloop
  endfacet
  facet normal -0.631786 0.651229 -0.420414
    outer loop
      vertex -20.2 4.62467 20.9992
      vertex -22 3.25607 21.5842
      vertex -22 3.26117 21.5921
    endloop
  endfacet
  facet normal -0.631603 0.650178 -0.422311
    outer loop
      vertex -22 3.25607 21.5842
      vertex -20.2 4.62467 20.9992
      vertex -20.2 4.52776 20.85
    endloop
  endfacet
  facet normal -0.631604 0.748859 -0.200714
    outer loop
      vertex -22 2.98423 20.97
      vertex -20.2 4.33715 20.3535
      vertex -22 2.90082 20.6588
    endloop
  endfacet
  facet normal -0.631644 0.690055 -0.353341
    outer loop
      vertex -20.2 4.52776 20.85
      vertex -22 3.25182 21.5759
      vertex -22 3.25607 21.5842
    endloop
  endfacet
  facet normal -0.631612 0.69073 -0.352076
    outer loop
      vertex -22 3.25182 21.5759
      vertex -20.2 4.52776 20.85
      vertex -20.2 4.44697 20.6915
    endloop
  endfacet
  facet normal -0.631599 0.765788 -0.121044
    outer loop
      vertex -20.2 4.33715 20.3535
      vertex -22 2.89935 20.6495
      vertex -22 2.90082 20.6588
    endloop
  endfacet
  facet normal -0.631604 0.765748 -0.121265
    outer loop
      vertex -22 2.89935 20.6495
      vertex -20.2 4.33715 20.3535
      vertex -20.2 4.30931 20.1777
    endloop
  endfacet
  facet normal -0.631607 -0.200435 -0.748931
    outer loop
      vertex -22 6.97005 23.0158
      vertex -20.2 6.52533 21.6168
      vertex -20.2 6.35345 21.6628
    endloop
  endfacet
  facet normal -0.631736 -0.206408 -0.747198
    outer loop
      vertex -20.2 6.52533 21.6168
      vertex -22 6.97005 23.0158
      vertex -22 6.9791 23.0133
    endloop
  endfacet
  facet normal -0.631609 -0.422217 -0.650232
    outer loop
      vertex -22 7.58421 22.7439
      vertex -20.2 6.99923 21.3753
      vertex -20.2 6.85 21.4722
    endloop
  endfacet
  facet normal -0.631593 -0.422384 -0.65014
    outer loop
      vertex -20.2 6.99923 21.3753
      vertex -22 7.58421 22.7439
      vertex -22 7.59206 22.7388
    endloop
  endfacet
  facet normal -0.631621 -0.352019 -0.690751
    outer loop
      vertex -22 7.57587 22.7482
      vertex -20.2 6.85 21.4722
      vertex -20.2 6.69145 21.553
    endloop
  endfacet
  facet normal -0.6317 -0.355251 -0.689023
    outer loop
      vertex -20.2 6.85 21.4722
      vertex -22 7.57587 22.7482
      vertex -22 7.58421 22.7439
    endloop
  endfacet
  facet normal 0 -0.0523199 0.99863
    outer loop
      vertex -20.2 6.1777 6.30931
      vertex -19 6 6.3
      vertex -19 6.1777 6.30931
    endloop
  endfacet
  facet normal 0 -0.0523199 0.99863
    outer loop
      vertex -19 6 6.3
      vertex -20.2 6.1777 6.30931
      vertex -20.2 6 6.3
    endloop
  endfacet
  facet normal 0 -0.0523199 -0.99863
    outer loop
      vertex -20.2 6 9.7
      vertex -19 6.1777 9.69069
      vertex -19 6 9.7
    endloop
  endfacet
  facet normal -0 -0.0523199 -0.99863
    outer loop
      vertex -19 6.1777 9.69069
      vertex -20.2 6 9.7
      vertex -20.2 6.1777 9.69069
    endloop
  endfacet
  facet normal 0 -0.99863 -0.0523199
    outer loop
      vertex -20.2 7.7 8
      vertex -19 7.69069 8.1777
      vertex -20.2 7.69069 8.1777
    endloop
  endfacet
  facet normal 0 -0.99863 -0.0523199
    outer loop
      vertex -19 7.69069 8.1777
      vertex -20.2 7.7 8
      vertex -19 7.7 8
    endloop
  endfacet
  facet normal 0 0.99863 0.0523199
    outer loop
      vertex -19 4.30931 7.8223
      vertex -20.2 4.3 8
      vertex -19 4.3 8
    endloop
  endfacet
  facet normal 0 0.99863 0.0523199
    outer loop
      vertex -20.2 4.3 8
      vertex -19 4.30931 7.8223
      vertex -20.2 4.30931 7.8223
    endloop
  endfacet
  facet normal 0 -0.707107 0.707107
    outer loop
      vertex -20.2 7.13752 6.73665
      vertex -19 7.26335 6.86248
      vertex -20.2 7.26335 6.86248
    endloop
  endfacet
  facet normal 0 -0.707107 0.707107
    outer loop
      vertex -19 7.26335 6.86248
      vertex -20.2 7.13752 6.73665
      vertex -19 7.13752 6.73665
    endloop
  endfacet
  facet normal 0 -0.707107 -0.707107
    outer loop
      vertex -20.2 7.26335 9.13752
      vertex -19 7.13752 9.26335
      vertex -20.2 7.13752 9.26335
    endloop
  endfacet
  facet normal 0 -0.707107 -0.707107
    outer loop
      vertex -19 7.13752 9.26335
      vertex -20.2 7.26335 9.13752
      vertex -19 7.26335 9.13752
    endloop
  endfacet
  facet normal 0 -0.933576 -0.35838
    outer loop
      vertex -20.2 7.6168 8.52533
      vertex -19 7.55303 8.69145
      vertex -20.2 7.55303 8.69145
    endloop
  endfacet
  facet normal 0 -0.933576 -0.35838
    outer loop
      vertex -19 7.55303 8.69145
      vertex -20.2 7.6168 8.52533
      vertex -19 7.6168 8.52533
    endloop
  endfacet
  facet normal 0 -0.35838 0.933576
    outer loop
      vertex -20.2 6.69145 6.44697
      vertex -19 6.52533 6.3832
      vertex -19 6.69145 6.44697
    endloop
  endfacet
  facet normal 0 -0.35838 0.933576
    outer loop
      vertex -19 6.52533 6.3832
      vertex -20.2 6.69145 6.44697
      vertex -20.2 6.52533 6.3832
    endloop
  endfacet
  facet normal 0 -0.156456 0.987685
    outer loop
      vertex -20.2 6.35345 6.33715
      vertex -19 6.1777 6.30931
      vertex -19 6.35345 6.33715
    endloop
  endfacet
  facet normal 0 -0.156456 0.987685
    outer loop
      vertex -19 6.1777 6.30931
      vertex -20.2 6.35345 6.33715
      vertex -20.2 6.1777 6.30931
    endloop
  endfacet
  facet normal 0 -0.933576 0.35838
    outer loop
      vertex -20.2 7.55303 7.30855
      vertex -19 7.6168 7.47467
      vertex -20.2 7.6168 7.47467
    endloop
  endfacet
  facet normal 0 -0.933576 0.35838
    outer loop
      vertex -19 7.6168 7.47467
      vertex -20.2 7.55303 7.30855
      vertex -19 7.55303 7.30855
    endloop
  endfacet
  facet normal 0 -0.838673 0.544635
    outer loop
      vertex -20.2 7.37533 7.00077
      vertex -19 7.47224 7.15
      vertex -20.2 7.47224 7.15
    endloop
  endfacet
  facet normal 0 -0.838673 0.544635
    outer loop
      vertex -19 7.47224 7.15
      vertex -20.2 7.37533 7.00077
      vertex -19 7.37533 7.00077
    endloop
  endfacet
  facet normal 0 -0.454012 -0.890996
    outer loop
      vertex -20.2 6.69145 9.55303
      vertex -19 6.85 9.47224
      vertex -19 6.69145 9.55303
    endloop
  endfacet
  facet normal -0 -0.454012 -0.890996
    outer loop
      vertex -19 6.85 9.47224
      vertex -20.2 6.69145 9.55303
      vertex -20.2 6.85 9.47224
    endloop
  endfacet
  facet normal 0 -0.629303 -0.77716
    outer loop
      vertex -20.2 6.99923 9.37533
      vertex -19 7.13752 9.26335
      vertex -19 6.99923 9.37533
    endloop
  endfacet
  facet normal -0 -0.629303 -0.77716
    outer loop
      vertex -19 7.13752 9.26335
      vertex -20.2 6.99923 9.37533
      vertex -20.2 7.13752 9.26335
    endloop
  endfacet
  facet normal 0 -0.987685 -0.156456
    outer loop
      vertex -20.2 7.69069 8.1777
      vertex -19 7.66285 8.35345
      vertex -20.2 7.66285 8.35345
    endloop
  endfacet
  facet normal 0 -0.987685 -0.156456
    outer loop
      vertex -19 7.66285 8.35345
      vertex -20.2 7.69069 8.1777
      vertex -19 7.69069 8.1777
    endloop
  endfacet
  facet normal 0 0.987685 0.156456
    outer loop
      vertex -19 4.33715 7.64655
      vertex -20.2 4.30931 7.8223
      vertex -19 4.30931 7.8223
    endloop
  endfacet
  facet normal 0 0.987685 0.156456
    outer loop
      vertex -20.2 4.30931 7.8223
      vertex -19 4.33715 7.64655
      vertex -20.2 4.33715 7.64655
    endloop
  endfacet
  facet normal 0 -0.258792 0.965933
    outer loop
      vertex -20.2 6.52533 6.3832
      vertex -19 6.35345 6.33715
      vertex -19 6.52533 6.3832
    endloop
  endfacet
  facet normal 0 -0.258792 0.965933
    outer loop
      vertex -19 6.35345 6.33715
      vertex -20.2 6.52533 6.3832
      vertex -20.2 6.35345 6.33715
    endloop
  endfacet
  facet normal 0 -0.544635 0.838673
    outer loop
      vertex -20.2 6.99923 6.62467
      vertex -19 6.85 6.52776
      vertex -19 6.99923 6.62467
    endloop
  endfacet
  facet normal 0 -0.544635 0.838673
    outer loop
      vertex -19 6.85 6.52776
      vertex -20.2 6.99923 6.62467
      vertex -20.2 6.85 6.52776
    endloop
  endfacet
  facet normal 0 -0.629303 0.77716
    outer loop
      vertex -20.2 7.13752 6.73665
      vertex -19 6.99923 6.62467
      vertex -19 7.13752 6.73665
    endloop
  endfacet
  facet normal 0 -0.629303 0.77716
    outer loop
      vertex -19 6.99923 6.62467
      vertex -20.2 7.13752 6.73665
      vertex -20.2 6.99923 6.62467
    endloop
  endfacet
  facet normal 0 -0.454012 0.890996
    outer loop
      vertex -20.2 6.85 6.52776
      vertex -19 6.69145 6.44697
      vertex -19 6.85 6.52776
    endloop
  endfacet
  facet normal 0 -0.454012 0.890996
    outer loop
      vertex -19 6.69145 6.44697
      vertex -20.2 6.85 6.52776
      vertex -20.2 6.69145 6.44697
    endloop
  endfacet
  facet normal 0 -0.987685 0.156456
    outer loop
      vertex -20.2 7.66285 7.64655
      vertex -19 7.69069 7.8223
      vertex -20.2 7.69069 7.8223
    endloop
  endfacet
  facet normal 0 -0.987685 0.156456
    outer loop
      vertex -19 7.69069 7.8223
      vertex -20.2 7.66285 7.64655
      vertex -19 7.66285 7.64655
    endloop
  endfacet
  facet normal 0 -0.965933 0.258792
    outer loop
      vertex -20.2 7.6168 7.47467
      vertex -19 7.66285 7.64655
      vertex -20.2 7.66285 7.64655
    endloop
  endfacet
  facet normal 0 -0.965933 0.258792
    outer loop
      vertex -19 7.66285 7.64655
      vertex -20.2 7.6168 7.47467
      vertex -19 7.6168 7.47467
    endloop
  endfacet
  facet normal 0 -0.99863 0.0523199
    outer loop
      vertex -20.2 7.69069 7.8223
      vertex -19 7.7 8
      vertex -20.2 7.7 8
    endloop
  endfacet
  facet normal 0 -0.99863 0.0523199
    outer loop
      vertex -19 7.7 8
      vertex -20.2 7.69069 7.8223
      vertex -19 7.69069 7.8223
    endloop
  endfacet
  facet normal 0 -0.890996 0.454012
    outer loop
      vertex -20.2 7.47224 7.15
      vertex -19 7.55303 7.30855
      vertex -20.2 7.55303 7.30855
    endloop
  endfacet
  facet normal 0 -0.890996 0.454012
    outer loop
      vertex -19 7.55303 7.30855
      vertex -20.2 7.47224 7.15
      vertex -19 7.47224 7.15
    endloop
  endfacet
  facet normal 0 -0.77716 0.629303
    outer loop
      vertex -20.2 7.26335 6.86248
      vertex -19 7.37533 7.00077
      vertex -20.2 7.37533 7.00077
    endloop
  endfacet
  facet normal 0 -0.77716 0.629303
    outer loop
      vertex -19 7.37533 7.00077
      vertex -20.2 7.26335 6.86248
      vertex -19 7.26335 6.86248
    endloop
  endfacet
  facet normal 0 -0.258792 -0.965933
    outer loop
      vertex -20.2 6.35345 9.66285
      vertex -19 6.52533 9.6168
      vertex -19 6.35345 9.66285
    endloop
  endfacet
  facet normal -0 -0.258792 -0.965933
    outer loop
      vertex -19 6.52533 9.6168
      vertex -20.2 6.35345 9.66285
      vertex -20.2 6.52533 9.6168
    endloop
  endfacet
  facet normal 0 -0.544635 -0.838673
    outer loop
      vertex -20.2 6.85 9.47224
      vertex -19 6.99923 9.37533
      vertex -19 6.85 9.47224
    endloop
  endfacet
  facet normal -0 -0.544635 -0.838673
    outer loop
      vertex -19 6.99923 9.37533
      vertex -20.2 6.85 9.47224
      vertex -20.2 6.99923 9.37533
    endloop
  endfacet
  facet normal 0 -0.35838 -0.933576
    outer loop
      vertex -20.2 6.52533 9.6168
      vertex -19 6.69145 9.55303
      vertex -19 6.52533 9.6168
    endloop
  endfacet
  facet normal -0 -0.35838 -0.933576
    outer loop
      vertex -19 6.69145 9.55303
      vertex -20.2 6.52533 9.6168
      vertex -20.2 6.69145 9.55303
    endloop
  endfacet
  facet normal 0 -0.156456 -0.987685
    outer loop
      vertex -20.2 6.1777 9.69069
      vertex -19 6.35345 9.66285
      vertex -19 6.1777 9.69069
    endloop
  endfacet
  facet normal -0 -0.156456 -0.987685
    outer loop
      vertex -19 6.35345 9.66285
      vertex -20.2 6.1777 9.69069
      vertex -20.2 6.35345 9.66285
    endloop
  endfacet
  facet normal 0 -0.838673 -0.544635
    outer loop
      vertex -20.2 7.47224 8.85
      vertex -19 7.37533 8.99923
      vertex -20.2 7.37533 8.99923
    endloop
  endfacet
  facet normal 0 -0.838673 -0.544635
    outer loop
      vertex -19 7.37533 8.99923
      vertex -20.2 7.47224 8.85
      vertex -19 7.47224 8.85
    endloop
  endfacet
  facet normal 0 -0.890996 -0.454012
    outer loop
      vertex -20.2 7.55303 8.69145
      vertex -19 7.47224 8.85
      vertex -20.2 7.47224 8.85
    endloop
  endfacet
  facet normal 0 -0.890996 -0.454012
    outer loop
      vertex -19 7.47224 8.85
      vertex -20.2 7.55303 8.69145
      vertex -19 7.55303 8.69145
    endloop
  endfacet
  facet normal 0 -0.77716 -0.629303
    outer loop
      vertex -20.2 7.37533 8.99923
      vertex -19 7.26335 9.13752
      vertex -20.2 7.26335 9.13752
    endloop
  endfacet
  facet normal 0 -0.77716 -0.629303
    outer loop
      vertex -19 7.26335 9.13752
      vertex -20.2 7.37533 8.99923
      vertex -19 7.37533 8.99923
    endloop
  endfacet
  facet normal 0 -0.965933 -0.258792
    outer loop
      vertex -20.2 7.66285 8.35345
      vertex -19 7.6168 8.52533
      vertex -20.2 7.6168 8.52533
    endloop
  endfacet
  facet normal 0 -0.965933 -0.258792
    outer loop
      vertex -19 7.6168 8.52533
      vertex -20.2 7.66285 8.35345
      vertex -19 7.66285 8.35345
    endloop
  endfacet
  facet normal -0 0.0523199 0.99863
    outer loop
      vertex -20.2 6 6.3
      vertex -19 5.8223 6.30931
      vertex -19 6 6.3
    endloop
  endfacet
  facet normal 0 0.0523199 0.99863
    outer loop
      vertex -19 5.8223 6.30931
      vertex -20.2 6 6.3
      vertex -20.2 5.8223 6.30931
    endloop
  endfacet
  facet normal 0 0.707107 0.707107
    outer loop
      vertex -19 4.86248 6.73665
      vertex -20.2 4.73665 6.86248
      vertex -19 4.73665 6.86248
    endloop
  endfacet
  facet normal 0 0.707107 0.707107
    outer loop
      vertex -20.2 4.73665 6.86248
      vertex -19 4.86248 6.73665
      vertex -20.2 4.86248 6.73665
    endloop
  endfacet
  facet normal 0 0.454012 -0.890996
    outer loop
      vertex -20.2 5.15 9.47224
      vertex -19 5.30855 9.55303
      vertex -19 5.15 9.47224
    endloop
  endfacet
  facet normal 0 0.454012 -0.890996
    outer loop
      vertex -19 5.30855 9.55303
      vertex -20.2 5.15 9.47224
      vertex -20.2 5.30855 9.55303
    endloop
  endfacet
  facet normal -0 0.258792 0.965933
    outer loop
      vertex -20.2 5.64655 6.33715
      vertex -19 5.47467 6.3832
      vertex -19 5.64655 6.33715
    endloop
  endfacet
  facet normal 0 0.258792 0.965933
    outer loop
      vertex -19 5.47467 6.3832
      vertex -20.2 5.64655 6.33715
      vertex -20.2 5.47467 6.3832
    endloop
  endfacet
  facet normal 0 0.77716 0.629303
    outer loop
      vertex -19 4.73665 6.86248
      vertex -20.2 4.62467 7.00077
      vertex -19 4.62467 7.00077
    endloop
  endfacet
  facet normal 0 0.77716 0.629303
    outer loop
      vertex -20.2 4.62467 7.00077
      vertex -19 4.73665 6.86248
      vertex -20.2 4.73665 6.86248
    endloop
  endfacet
  facet normal -0 0.454012 0.890996
    outer loop
      vertex -20.2 5.30855 6.44697
      vertex -19 5.15 6.52776
      vertex -19 5.30855 6.44697
    endloop
  endfacet
  facet normal 0 0.454012 0.890996
    outer loop
      vertex -19 5.15 6.52776
      vertex -20.2 5.30855 6.44697
      vertex -20.2 5.15 6.52776
    endloop
  endfacet
  facet normal -0 0.629303 0.77716
    outer loop
      vertex -20.2 5.00077 6.62467
      vertex -19 4.86248 6.73665
      vertex -19 5.00077 6.62467
    endloop
  endfacet
  facet normal 0 0.629303 0.77716
    outer loop
      vertex -19 4.86248 6.73665
      vertex -20.2 5.00077 6.62467
      vertex -20.2 4.86248 6.73665
    endloop
  endfacet
  facet normal 0 0.965933 -0.258792
    outer loop
      vertex -19 4.33715 8.35345
      vertex -20.2 4.3832 8.52533
      vertex -19 4.3832 8.52533
    endloop
  endfacet
  facet normal 0 0.965933 -0.258792
    outer loop
      vertex -20.2 4.3832 8.52533
      vertex -19 4.33715 8.35345
      vertex -20.2 4.33715 8.35345
    endloop
  endfacet
  facet normal 0 0.258792 -0.965933
    outer loop
      vertex -20.2 5.47467 9.6168
      vertex -19 5.64655 9.66285
      vertex -19 5.47467 9.6168
    endloop
  endfacet
  facet normal 0 0.258792 -0.965933
    outer loop
      vertex -19 5.64655 9.66285
      vertex -20.2 5.47467 9.6168
      vertex -20.2 5.64655 9.66285
    endloop
  endfacet
  facet normal 0 0.35838 -0.933576
    outer loop
      vertex -20.2 5.30855 9.55303
      vertex -19 5.47467 9.6168
      vertex -19 5.30855 9.55303
    endloop
  endfacet
  facet normal 0 0.35838 -0.933576
    outer loop
      vertex -19 5.47467 9.6168
      vertex -20.2 5.30855 9.55303
      vertex -20.2 5.47467 9.6168
    endloop
  endfacet
  facet normal 0 0.933576 0.35838
    outer loop
      vertex -19 4.44697 7.30855
      vertex -20.2 4.3832 7.47467
      vertex -19 4.3832 7.47467
    endloop
  endfacet
  facet normal 0 0.933576 0.35838
    outer loop
      vertex -20.2 4.3832 7.47467
      vertex -19 4.44697 7.30855
      vertex -20.2 4.44697 7.30855
    endloop
  endfacet
  facet normal 0 0.965933 0.258792
    outer loop
      vertex -19 4.3832 7.47467
      vertex -20.2 4.33715 7.64655
      vertex -19 4.33715 7.64655
    endloop
  endfacet
  facet normal 0 0.965933 0.258792
    outer loop
      vertex -20.2 4.33715 7.64655
      vertex -19 4.3832 7.47467
      vertex -20.2 4.3832 7.47467
    endloop
  endfacet
  facet normal -0 0.156456 0.987685
    outer loop
      vertex -20.2 5.8223 6.30931
      vertex -19 5.64655 6.33715
      vertex -19 5.8223 6.30931
    endloop
  endfacet
  facet normal 0 0.156456 0.987685
    outer loop
      vertex -19 5.64655 6.33715
      vertex -20.2 5.8223 6.30931
      vertex -20.2 5.64655 6.33715
    endloop
  endfacet
  facet normal -0 0.35838 0.933576
    outer loop
      vertex -20.2 5.47467 6.3832
      vertex -19 5.30855 6.44697
      vertex -19 5.47467 6.3832
    endloop
  endfacet
  facet normal 0 0.35838 0.933576
    outer loop
      vertex -19 5.30855 6.44697
      vertex -20.2 5.47467 6.3832
      vertex -20.2 5.30855 6.44697
    endloop
  endfacet
  facet normal -0 0.544635 0.838673
    outer loop
      vertex -20.2 5.15 6.52776
      vertex -19 5.00077 6.62467
      vertex -19 5.15 6.52776
    endloop
  endfacet
  facet normal 0 0.544635 0.838673
    outer loop
      vertex -19 5.00077 6.62467
      vertex -20.2 5.15 6.52776
      vertex -20.2 5.00077 6.62467
    endloop
  endfacet
  facet normal 0 0.933576 -0.35838
    outer loop
      vertex -19 4.3832 8.52533
      vertex -20.2 4.44697 8.69145
      vertex -19 4.44697 8.69145
    endloop
  endfacet
  facet normal 0 0.933576 -0.35838
    outer loop
      vertex -20.2 4.44697 8.69145
      vertex -19 4.3832 8.52533
      vertex -20.2 4.3832 8.52533
    endloop
  endfacet
  facet normal 0 0.629303 -0.77716
    outer loop
      vertex -20.2 4.86248 9.26335
      vertex -19 5.00077 9.37533
      vertex -19 4.86248 9.26335
    endloop
  endfacet
  facet normal 0 0.629303 -0.77716
    outer loop
      vertex -19 5.00077 9.37533
      vertex -20.2 4.86248 9.26335
      vertex -20.2 5.00077 9.37533
    endloop
  endfacet
  facet normal 0 0.707107 -0.707107
    outer loop
      vertex -19 4.73665 9.13752
      vertex -20.2 4.86248 9.26335
      vertex -19 4.86248 9.26335
    endloop
  endfacet
  facet normal 0 0.707107 -0.707107
    outer loop
      vertex -20.2 4.86248 9.26335
      vertex -19 4.73665 9.13752
      vertex -20.2 4.73665 9.13752
    endloop
  endfacet
  facet normal 0 0.156456 -0.987685
    outer loop
      vertex -20.2 5.64655 9.66285
      vertex -19 5.8223 9.69069
      vertex -19 5.64655 9.66285
    endloop
  endfacet
  facet normal 0 0.156456 -0.987685
    outer loop
      vertex -19 5.8223 9.69069
      vertex -20.2 5.64655 9.66285
      vertex -20.2 5.8223 9.69069
    endloop
  endfacet
  facet normal 0 0.0523199 -0.99863
    outer loop
      vertex -20.2 5.8223 9.69069
      vertex -19 6 9.7
      vertex -19 5.8223 9.69069
    endloop
  endfacet
  facet normal 0 0.0523199 -0.99863
    outer loop
      vertex -19 6 9.7
      vertex -20.2 5.8223 9.69069
      vertex -20.2 6 9.7
    endloop
  endfacet
  facet normal 0 0.838673 0.544635
    outer loop
      vertex -19 4.62467 7.00077
      vertex -20.2 4.52776 7.15
      vertex -19 4.52776 7.15
    endloop
  endfacet
  facet normal 0 0.838673 0.544635
    outer loop
      vertex -20.2 4.52776 7.15
      vertex -19 4.62467 7.00077
      vertex -20.2 4.62467 7.00077
    endloop
  endfacet
  facet normal 0 0.890996 0.454012
    outer loop
      vertex -19 4.52776 7.15
      vertex -20.2 4.44697 7.30855
      vertex -19 4.44697 7.30855
    endloop
  endfacet
  facet normal 0 0.890996 0.454012
    outer loop
      vertex -20.2 4.44697 7.30855
      vertex -19 4.52776 7.15
      vertex -20.2 4.52776 7.15
    endloop
  endfacet
  facet normal 0 0.77716 -0.629303
    outer loop
      vertex -19 4.62467 8.99923
      vertex -20.2 4.73665 9.13752
      vertex -19 4.73665 9.13752
    endloop
  endfacet
  facet normal 0 0.77716 -0.629303
    outer loop
      vertex -20.2 4.73665 9.13752
      vertex -19 4.62467 8.99923
      vertex -20.2 4.62467 8.99923
    endloop
  endfacet
  facet normal 0 0.890996 -0.454012
    outer loop
      vertex -19 4.44697 8.69145
      vertex -20.2 4.52776 8.85
      vertex -19 4.52776 8.85
    endloop
  endfacet
  facet normal 0 0.890996 -0.454012
    outer loop
      vertex -20.2 4.52776 8.85
      vertex -19 4.44697 8.69145
      vertex -20.2 4.44697 8.69145
    endloop
  endfacet
  facet normal 0 0.838673 -0.544635
    outer loop
      vertex -19 4.52776 8.85
      vertex -20.2 4.62467 8.99923
      vertex -19 4.62467 8.99923
    endloop
  endfacet
  facet normal 0 0.838673 -0.544635
    outer loop
      vertex -20.2 4.62467 8.99923
      vertex -19 4.52776 8.85
      vertex -20.2 4.52776 8.85
    endloop
  endfacet
  facet normal 0 0.987685 -0.156456
    outer loop
      vertex -19 4.30931 8.1777
      vertex -20.2 4.33715 8.35345
      vertex -19 4.33715 8.35345
    endloop
  endfacet
  facet normal 0 0.987685 -0.156456
    outer loop
      vertex -20.2 4.33715 8.35345
      vertex -19 4.30931 8.1777
      vertex -20.2 4.30931 8.1777
    endloop
  endfacet
  facet normal 0 0.99863 -0.0523199
    outer loop
      vertex -19 4.3 8
      vertex -20.2 4.30931 8.1777
      vertex -19 4.30931 8.1777
    endloop
  endfacet
  facet normal 0 0.99863 -0.0523199
    outer loop
      vertex -20.2 4.30931 8.1777
      vertex -19 4.3 8
      vertex -20.2 4.3 8
    endloop
  endfacet
  facet normal 0 0.544635 -0.838673
    outer loop
      vertex -20.2 5.00077 9.37533
      vertex -19 5.15 9.47224
      vertex -19 5.00077 9.37533
    endloop
  endfacet
  facet normal 0 0.544635 -0.838673
    outer loop
      vertex -19 5.15 9.47224
      vertex -20.2 5.00077 9.37533
      vertex -20.2 5.15 9.47224
    endloop
  endfacet
  facet normal -0.631606 -0.0405631 0.774228
    outer loop
      vertex -22 6.00935 4.83207
      vertex -20.2 6 6.3
      vertex -20.2 6.1777 6.30931
    endloop
  endfacet
  facet normal -0.631606 -0.0405745 0.774227
    outer loop
      vertex -20.2 6 6.3
      vertex -22 6.00935 4.83207
      vertex -22 6 4.83158
    endloop
  endfacet
  facet normal -0.631605 -0.040583 0.774228
    outer loop
      vertex -20.2 6.1777 6.30931
      vertex -22 6.33119 4.84894
      vertex -22 6.00935 4.83207
    endloop
  endfacet
  facet normal -0.631607 0.650221 -0.422238
    outer loop
      vertex -22 3.43669 9.86235
      vertex -20.2 4.62467 8.99923
      vertex -22 3.26117 9.59206
    endloop
  endfacet
  facet normal -0.631607 0.121299 0.765741
    outer loop
      vertex -22 5.3505 4.89935
      vertex -20.2 5.64655 6.33715
      vertex -20.2 5.8223 6.30931
    endloop
  endfacet
  facet normal -0.631616 0.12168 0.765673
    outer loop
      vertex -20.2 5.64655 6.33715
      vertex -22 5.3505 4.89935
      vertex -22 5.34125 4.90082
    endloop
  endfacet
  facet normal -0.631608 -0.548199 -0.548223
    outer loop
      vertex -20.2 7.26335 9.13752
      vertex -22 8.12009 10.3546
      vertex -22 8.3546 10.1201
    endloop
  endfacet
  facet normal -0.631607 -0.548212 -0.548212
    outer loop
      vertex -22 8.12009 10.3546
      vertex -20.2 7.26335 9.13752
      vertex -20.2 7.13752 9.26335
    endloop
  endfacet
  facet normal -0.631607 -0.422238 0.650221
    outer loop
      vertex -20.2 6.99923 6.62467
      vertex -22 7.86235 5.43669
      vertex -22 7.59206 5.26117
    endloop
  endfacet
  facet normal -0.631605 0.487893 -0.602525
    outer loop
      vertex -22 4.13037 10.5574
      vertex -20.2 5.00077 9.37533
      vertex -20.2 4.86248 9.26335
    endloop
  endfacet
  facet normal -0.631597 0.488148 -0.602325
    outer loop
      vertex -20.2 5.00077 9.37533
      vertex -22 4.13037 10.5574
      vertex -22 4.13765 10.5633
    endloop
  endfacet
  facet normal -0.631607 0.548212 0.548212
    outer loop
      vertex -22 3.87991 5.6454
      vertex -20.2 4.73665 6.86248
      vertex -20.2 4.86248 6.73665
    endloop
  endfacet
  facet normal -0.631607 0.548212 0.548212
    outer loop
      vertex -20.2 4.73665 6.86248
      vertex -22 3.87991 5.6454
      vertex -22 3.6454 5.87991
    endloop
  endfacet
  facet normal -0.631607 0.602523 0.487892
    outer loop
      vertex -22 3.44259 6.13037
      vertex -20.2 4.62467 7.00077
      vertex -20.2 4.73665 6.86248
    endloop
  endfacet
  facet normal -0.631599 0.602324 0.488147
    outer loop
      vertex -20.2 4.62467 7.00077
      vertex -22 3.44259 6.13037
      vertex -22 3.43669 6.13765
    endloop
  endfacet
  facet normal -0.631579 -0.0414013 -0.774205
    outer loop
      vertex -22 6.00935 11.1679
      vertex -20.2 6 9.7
      vertex -22 6 11.1684
    endloop
  endfacet
  facet normal -0.631598 -0.0405634 -0.774234
    outer loop
      vertex -20.2 6 9.7
      vertex -22 6.00935 11.1679
      vertex -20.2 6.1777 9.69069
    endloop
  endfacet
  facet normal -0.631607 -0.548212 0.548212
    outer loop
      vertex -22 8.12009 5.6454
      vertex -20.2 7.26335 6.86248
      vertex -22 8.3546 5.87991
    endloop
  endfacet
  facet normal -0.631607 -0.548212 0.548212
    outer loop
      vertex -20.2 7.26335 6.86248
      vertex -22 8.12009 5.6454
      vertex -20.2 7.13752 6.73665
    endloop
  endfacet
  facet normal -0.631599 -0.488147 0.602324
    outer loop
      vertex -20.2 6.99923 6.62467
      vertex -22 7.86963 5.44259
      vertex -22 7.86235 5.43669
    endloop
  endfacet
  facet normal -0.631607 -0.487892 0.602523
    outer loop
      vertex -22 7.86963 5.44259
      vertex -20.2 6.99923 6.62467
      vertex -20.2 7.13752 6.73665
    endloop
  endfacet
  facet normal -0.631606 -0.723792 0.277848
    outer loop
      vertex -22 9.01335 7.0209
      vertex -20.2 7.55303 7.30855
      vertex -20.2 7.6168 7.47467
    endloop
  endfacet
  facet normal -0.631574 -0.72368 0.278211
    outer loop
      vertex -20.2 7.55303 7.30855
      vertex -22 9.01335 7.0209
      vertex -22 9.00999 7.01216
    endloop
  endfacet
  facet normal -0.631596 -0.20028 0.748982
    outer loop
      vertex -22 6.97005 4.98423
      vertex -20.2 6.52533 6.3832
      vertex -22 6.9791 4.98665
    endloop
  endfacet
  facet normal -0.631604 -0.200639 0.748879
    outer loop
      vertex -20.2 6.52533 6.3832
      vertex -22 6.97005 4.98423
      vertex -20.2 6.35345 6.33715
    endloop
  endfacet
  facet normal -0.631606 -0.351983 0.690784
    outer loop
      vertex -20.2 6.69145 6.44697
      vertex -22 7.57587 5.25182
      vertex -22 7.28871 5.1055
    endloop
  endfacet
  facet normal -0.631606 0.774228 -0.0405631
    outer loop
      vertex -20.2 4.3 8
      vertex -22 2.83207 8.00935
      vertex -20.2 4.30931 8.1777
    endloop
  endfacet
  facet normal -0.631606 0.774227 -0.0405745
    outer loop
      vertex -22 2.83207 8.00935
      vertex -20.2 4.3 8
      vertex -22 2.83158 8
    endloop
  endfacet
  facet normal -0.631609 0.12148 -0.76571
    outer loop
      vertex -22 5.66881 11.1511
      vertex -20.2 5.8223 9.69069
      vertex -22 5.3505 11.1006
    endloop
  endfacet
  facet normal -0.631599 0.488147 0.602324
    outer loop
      vertex -22 4.13037 5.44259
      vertex -20.2 5.00077 6.62467
      vertex -22 4.13765 5.43669
    endloop
  endfacet
  facet normal -0.631607 0.487892 0.602523
    outer loop
      vertex -20.2 5.00077 6.62467
      vertex -22 4.13037 5.44259
      vertex -20.2 4.86248 6.73665
    endloop
  endfacet
  facet normal -0.631605 0.12127 0.765748
    outer loop
      vertex -20.2 5.8223 6.30931
      vertex -22 5.66881 4.84894
      vertex -22 5.3505 4.89935
    endloop
  endfacet
  facet normal -0.631605 0.765748 0.12127
    outer loop
      vertex -20.2 4.30931 7.8223
      vertex -22 2.89935 7.3505
      vertex -22 2.84894 7.66881
    endloop
  endfacet
  facet normal -0.631605 0.040583 0.774228
    outer loop
      vertex -20.2 5.8223 6.30931
      vertex -22 5.99065 4.83207
      vertex -22 5.66881 4.84894
    endloop
  endfacet
  facet normal -0.631606 0.0405745 0.774227
    outer loop
      vertex -22 5.99065 4.83207
      vertex -20.2 6 6.3
      vertex -22 6 4.83158
    endloop
  endfacet
  facet normal -0.631606 0.0405631 0.774228
    outer loop
      vertex -20.2 6 6.3
      vertex -22 5.99065 4.83207
      vertex -20.2 5.8223 6.30931
    endloop
  endfacet
  facet normal -0.631605 -0.12127 0.765748
    outer loop
      vertex -20.2 6.1777 6.30931
      vertex -22 6.6495 4.89935
      vertex -22 6.33119 4.84894
    endloop
  endfacet
  facet normal -0.631611 -0.0404148 -0.774232
    outer loop
      vertex -22 6.33119 11.1511
      vertex -20.2 6.1777 9.69069
      vertex -22 6.00935 11.1679
    endloop
  endfacet
  facet normal -0.631606 -0.748874 -0.200654
    outer loop
      vertex -22 9.09918 8.65875
      vertex -20.2 7.66285 8.35345
      vertex -22 9.01577 8.97005
    endloop
  endfacet
  facet normal -0.631605 -0.765748 -0.12127
    outer loop
      vertex -22 9.15106 8.33119
      vertex -20.2 7.69069 8.1777
      vertex -22 9.10065 8.6495
    endloop
  endfacet
  facet normal -0.631606 -0.774227 0.0405745
    outer loop
      vertex -22 9.16793 7.99065
      vertex -20.2 7.7 8
      vertex -22 9.16842 8
    endloop
  endfacet
  facet normal -0.631606 -0.774228 0.0405631
    outer loop
      vertex -20.2 7.7 8
      vertex -22 9.16793 7.99065
      vertex -20.2 7.69069 7.8223
    endloop
  endfacet
  facet normal -0.631616 -0.12168 0.765673
    outer loop
      vertex -22 6.6495 4.89935
      vertex -20.2 6.35345 6.33715
      vertex -22 6.65875 4.90082
    endloop
  endfacet
  facet normal -0.631607 -0.121299 0.765741
    outer loop
      vertex -20.2 6.35345 6.33715
      vertex -22 6.6495 4.89935
      vertex -20.2 6.1777 6.30931
    endloop
  endfacet
  facet normal -0.631606 -0.200654 0.748874
    outer loop
      vertex -20.2 6.35345 6.33715
      vertex -22 6.97005 4.98423
      vertex -22 6.65875 4.90082
    endloop
  endfacet
  facet normal -0.631606 -0.277832 0.723798
    outer loop
      vertex -20.2 6.69145 6.44697
      vertex -22 7.28871 5.1055
      vertex -22 6.98784 4.99001
    endloop
  endfacet
  facet normal -0.631606 0.487879 -0.602535
    outer loop
      vertex -22 4.13037 10.5574
      vertex -20.2 4.86248 9.26335
      vertex -22 3.87991 10.3546
    endloop
  endfacet
  facet normal -0.631605 0.774228 -0.040583
    outer loop
      vertex -22 2.84894 8.33119
      vertex -20.2 4.30931 8.1777
      vertex -22 2.83207 8.00935
    endloop
  endfacet
  facet normal -0.631607 0.277853 -0.723789
    outer loop
      vertex -22 5.01216 11.01
      vertex -20.2 5.30855 9.55303
      vertex -22 4.71129 10.8945
    endloop
  endfacet
  facet normal -0.631598 0.0405634 -0.774234
    outer loop
      vertex -22 5.99065 11.1679
      vertex -20.2 6 9.7
      vertex -20.2 5.8223 9.69069
    endloop
  endfacet
  facet normal -0.631579 0.0414013 -0.774205
    outer loop
      vertex -20.2 6 9.7
      vertex -22 5.99065 11.1679
      vertex -22 6 11.1684
    endloop
  endfacet
  facet normal -0.631611 0.0404148 -0.774232
    outer loop
      vertex -22 5.99065 11.1679
      vertex -20.2 5.8223 9.69069
      vertex -22 5.66881 11.1511
    endloop
  endfacet
  facet normal -0.631611 0.20063 -0.748876
    outer loop
      vertex -22 5.34125 11.0992
      vertex -20.2 5.64655 9.66285
      vertex -22 5.02995 11.0158
    endloop
  endfacet
  facet normal -0.631465 0.116037 -0.766673
    outer loop
      vertex -22 5.3505 11.1006
      vertex -20.2 5.64655 9.66285
      vertex -22 5.34125 11.0992
    endloop
  endfacet
  facet normal -0.631594 0.1213 -0.765751
    outer loop
      vertex -20.2 5.64655 9.66285
      vertex -22 5.3505 11.1006
      vertex -20.2 5.8223 9.69069
    endloop
  endfacet
  facet normal -0.631607 0.602523 0.487893
    outer loop
      vertex -20.2 4.73665 6.86248
      vertex -22 3.6454 5.87991
      vertex -22 3.44259 6.13037
    endloop
  endfacet
  facet normal -0.631607 0.487893 0.602523
    outer loop
      vertex -20.2 4.86248 6.73665
      vertex -22 4.13037 5.44259
      vertex -22 3.87991 5.6454
    endloop
  endfacet
  facet normal -0.631607 0.35199 0.690779
    outer loop
      vertex -22 4.42413 5.25182
      vertex -20.2 5.15 6.52776
      vertex -20.2 5.30855 6.44697
    endloop
  endfacet
  facet normal -0.631607 0.35201 0.690768
    outer loop
      vertex -20.2 5.15 6.52776
      vertex -22 4.42413 5.25182
      vertex -22 4.41579 5.25607
    endloop
  endfacet
  facet normal -0.631606 0.277832 0.723798
    outer loop
      vertex -20.2 5.30855 6.44697
      vertex -22 5.01216 4.99001
      vertex -22 4.71129 5.1055
    endloop
  endfacet
  facet normal -0.631606 0.723798 0.277832
    outer loop
      vertex -20.2 4.44697 7.30855
      vertex -22 3.1055 6.71129
      vertex -22 2.99001 7.01216
    endloop
  endfacet
  facet normal -0.631606 0.774227 0.0405745
    outer loop
      vertex -20.2 4.3 8
      vertex -22 2.83207 7.99065
      vertex -22 2.83158 8
    endloop
  endfacet
  facet normal -0.631606 0.774228 0.0405631
    outer loop
      vertex -22 2.83207 7.99065
      vertex -20.2 4.3 8
      vertex -20.2 4.30931 7.8223
    endloop
  endfacet
  facet normal -0.631605 0.774228 0.040583
    outer loop
      vertex -20.2 4.30931 7.8223
      vertex -22 2.84894 7.66881
      vertex -22 2.83207 7.99065
    endloop
  endfacet
  facet normal -0.631606 0.748874 0.200654
    outer loop
      vertex -20.2 4.33715 7.64655
      vertex -22 2.98423 7.02995
      vertex -22 2.90082 7.34125
    endloop
  endfacet
  facet normal -0.631607 0.765741 0.121299
    outer loop
      vertex -20.2 4.33715 7.64655
      vertex -22 2.89935 7.3505
      vertex -20.2 4.30931 7.8223
    endloop
  endfacet
  facet normal -0.631616 0.765673 0.12168
    outer loop
      vertex -22 2.89935 7.3505
      vertex -20.2 4.33715 7.64655
      vertex -22 2.90082 7.34125
    endloop
  endfacet
  facet normal -0.631606 0.200654 0.748874
    outer loop
      vertex -20.2 5.64655 6.33715
      vertex -22 5.34125 4.90082
      vertex -22 5.02995 4.98423
    endloop
  endfacet
  facet normal -0.631604 -0.422206 -0.650245
    outer loop
      vertex -22 7.86235 10.5633
      vertex -20.2 6.99923 9.37533
      vertex -22 7.59206 10.7388
    endloop
  endfacet
  facet normal -0.631611 -0.351989 -0.690776
    outer loop
      vertex -22 7.57587 10.7482
      vertex -20.2 6.85 9.47224
      vertex -20.2 6.69145 9.55303
    endloop
  endfacet
  facet normal -0.63169 -0.355255 -0.689029
    outer loop
      vertex -20.2 6.85 9.47224
      vertex -22 7.57587 10.7482
      vertex -22 7.58421 10.7439
    endloop
  endfacet
  facet normal -0.631606 -0.487879 -0.602535
    outer loop
      vertex -22 8.12009 10.3546
      vertex -20.2 7.13752 9.26335
      vertex -22 7.86963 10.5574
    endloop
  endfacet
  facet normal -0.631607 -0.690768 -0.35201
    outer loop
      vertex -22 8.74818 9.57587
      vertex -20.2 7.47224 8.85
      vertex -22 8.74393 9.58421
    endloop
  endfacet
  facet normal -0.631607 -0.690779 -0.35199
    outer loop
      vertex -20.2 7.47224 8.85
      vertex -22 8.74818 9.57587
      vertex -20.2 7.55303 8.69145
    endloop
  endfacet
  facet normal -0.631574 -0.72368 -0.278211
    outer loop
      vertex -22 9.01335 8.9791
      vertex -20.2 7.55303 8.69145
      vertex -22 9.00999 8.98784
    endloop
  endfacet
  facet normal -0.631606 -0.723792 -0.277848
    outer loop
      vertex -20.2 7.55303 8.69145
      vertex -22 9.01335 8.9791
      vertex -20.2 7.6168 8.52533
    endloop
  endfacet
  facet normal -0.631596 -0.748982 -0.20028
    outer loop
      vertex -22 9.01577 8.97005
      vertex -20.2 7.6168 8.52533
      vertex -22 9.01335 8.9791
    endloop
  endfacet
  facet normal -0.631604 -0.748879 -0.200639
    outer loop
      vertex -20.2 7.6168 8.52533
      vertex -22 9.01577 8.97005
      vertex -20.2 7.66285 8.35345
    endloop
  endfacet
  facet normal -0.631616 -0.765673 -0.12168
    outer loop
      vertex -22 9.10065 8.6495
      vertex -20.2 7.66285 8.35345
      vertex -22 9.09918 8.65875
    endloop
  endfacet
  facet normal -0.631607 -0.765741 -0.121299
    outer loop
      vertex -20.2 7.66285 8.35345
      vertex -22 9.10065 8.6495
      vertex -20.2 7.69069 8.1777
    endloop
  endfacet
  facet normal -0.631605 -0.774228 -0.040583
    outer loop
      vertex -22 9.16793 8.00935
      vertex -20.2 7.69069 8.1777
      vertex -22 9.15106 8.33119
    endloop
  endfacet
  facet normal -0.631607 -0.602523 0.487893
    outer loop
      vertex -20.2 7.26335 6.86248
      vertex -22 8.55741 6.13037
      vertex -22 8.3546 5.87991
    endloop
  endfacet
  facet normal -0.631607 -0.690779 0.35199
    outer loop
      vertex -22 8.74818 6.42413
      vertex -20.2 7.47224 7.15
      vertex -20.2 7.55303 7.30855
    endloop
  endfacet
  facet normal -0.631607 -0.690768 0.35201
    outer loop
      vertex -20.2 7.47224 7.15
      vertex -22 8.74818 6.42413
      vertex -22 8.74393 6.41579
    endloop
  endfacet
  facet normal -0.631605 -0.774228 0.040583
    outer loop
      vertex -20.2 7.69069 7.8223
      vertex -22 9.16793 7.99065
      vertex -22 9.15106 7.66881
    endloop
  endfacet
  facet normal -0.631606 -0.774227 -0.0405745
    outer loop
      vertex -20.2 7.7 8
      vertex -22 9.16793 8.00935
      vertex -22 9.16842 8
    endloop
  endfacet
  facet normal -0.631606 -0.774228 -0.0405631
    outer loop
      vertex -22 9.16793 8.00935
      vertex -20.2 7.7 8
      vertex -20.2 7.69069 8.1777
    endloop
  endfacet
  facet normal -0.631607 -0.487893 0.602523
    outer loop
      vertex -20.2 7.13752 6.73665
      vertex -22 8.12009 5.6454
      vertex -22 7.86963 5.44259
    endloop
  endfacet
  facet normal -0.631607 -0.35201 0.690768
    outer loop
      vertex -22 7.57587 5.25182
      vertex -20.2 6.85 6.52776
      vertex -22 7.58421 5.25607
    endloop
  endfacet
  facet normal -0.631607 -0.35199 0.690779
    outer loop
      vertex -20.2 6.85 6.52776
      vertex -22 7.57587 5.25182
      vertex -20.2 6.69145 6.44697
    endloop
  endfacet
  facet normal -0.631593 -0.422384 0.65014
    outer loop
      vertex -22 7.58421 5.25607
      vertex -20.2 6.99923 6.62467
      vertex -22 7.59206 5.26117
    endloop
  endfacet
  facet normal -0.631606 -0.422249 0.650215
    outer loop
      vertex -20.2 6.99923 6.62467
      vertex -22 7.58421 5.25607
      vertex -20.2 6.85 6.52776
    endloop
  endfacet
  facet normal -0.631574 -0.278211 0.72368
    outer loop
      vertex -22 6.9791 4.98665
      vertex -20.2 6.69145 6.44697
      vertex -22 6.98784 4.99001
    endloop
  endfacet
  facet normal -0.631606 -0.277848 0.723792
    outer loop
      vertex -20.2 6.69145 6.44697
      vertex -22 6.9791 4.98665
      vertex -20.2 6.52533 6.3832
    endloop
  endfacet
  facet normal -0.631607 0.548212 -0.548212
    outer loop
      vertex -20.2 4.73665 9.13752
      vertex -22 3.87991 10.3546
      vertex -20.2 4.86248 9.26335
    endloop
  endfacet
  facet normal -0.631608 0.548199 -0.548223
    outer loop
      vertex -22 3.87991 10.3546
      vertex -20.2 4.73665 9.13752
      vertex -22 3.6454 10.1201
    endloop
  endfacet
  facet normal -0.631605 0.765748 -0.12127
    outer loop
      vertex -22 2.89935 8.6495
      vertex -20.2 4.30931 8.1777
      vertex -22 2.84894 8.33119
    endloop
  endfacet
  facet normal -0.63169 0.355255 -0.689029
    outer loop
      vertex -22 4.42413 10.7482
      vertex -20.2 5.15 9.47224
      vertex -22 4.41579 10.7439
    endloop
  endfacet
  facet normal -0.631611 0.351989 -0.690776
    outer loop
      vertex -20.2 5.15 9.47224
      vertex -22 4.42413 10.7482
      vertex -20.2 5.30855 9.55303
    endloop
  endfacet
  facet normal -0.631604 0.422206 -0.650245
    outer loop
      vertex -22 4.40794 10.7388
      vertex -20.2 5.00077 9.37533
      vertex -22 4.13765 10.5633
    endloop
  endfacet
  facet normal -0.631736 0.206408 -0.747198
    outer loop
      vertex -22 5.02995 11.0158
      vertex -20.2 5.47467 9.6168
      vertex -22 5.0209 11.0133
    endloop
  endfacet
  facet normal -0.631612 0.200638 -0.748873
    outer loop
      vertex -20.2 5.47467 9.6168
      vertex -22 5.02995 11.0158
      vertex -20.2 5.64655 9.66285
    endloop
  endfacet
  facet normal -0.631951 0.273759 -0.725047
    outer loop
      vertex -22 5.0209 11.0133
      vertex -20.2 5.30855 9.55303
      vertex -22 5.01216 11.01
    endloop
  endfacet
  facet normal -0.631594 0.277852 -0.723801
    outer loop
      vertex -20.2 5.30855 9.55303
      vertex -22 5.0209 11.0133
      vertex -20.2 5.47467 9.6168
    endloop
  endfacet
  facet normal -0.631607 0.351944 -0.690802
    outer loop
      vertex -22 4.71129 10.8945
      vertex -20.2 5.30855 9.55303
      vertex -22 4.42413 10.7482
    endloop
  endfacet
  facet normal -0.631606 0.351983 0.690784
    outer loop
      vertex -20.2 5.30855 6.44697
      vertex -22 4.71129 5.1055
      vertex -22 4.42413 5.25182
    endloop
  endfacet
  facet normal -0.631606 0.277848 0.723792
    outer loop
      vertex -22 5.0209 4.98665
      vertex -20.2 5.30855 6.44697
      vertex -20.2 5.47467 6.3832
    endloop
  endfacet
  facet normal -0.631574 0.278211 0.72368
    outer loop
      vertex -20.2 5.30855 6.44697
      vertex -22 5.0209 4.98665
      vertex -22 5.01216 4.99001
    endloop
  endfacet
  facet normal -0.631607 0.690779 0.35199
    outer loop
      vertex -20.2 4.52776 7.15
      vertex -22 3.25182 6.42413
      vertex -20.2 4.44697 7.30855
    endloop
  endfacet
  facet normal -0.631607 0.690768 0.35201
    outer loop
      vertex -22 3.25182 6.42413
      vertex -20.2 4.52776 7.15
      vertex -22 3.25607 6.41579
    endloop
  endfacet
  facet normal -0.631607 0.650221 0.422238
    outer loop
      vertex -20.2 4.62467 7.00077
      vertex -22 3.43669 6.13765
      vertex -22 3.26117 6.40794
    endloop
  endfacet
  facet normal -0.631604 0.748879 0.200639
    outer loop
      vertex -20.2 4.3832 7.47467
      vertex -22 2.98423 7.02995
      vertex -20.2 4.33715 7.64655
    endloop
  endfacet
  facet normal -0.631596 0.748982 0.20028
    outer loop
      vertex -22 2.98423 7.02995
      vertex -20.2 4.3832 7.47467
      vertex -22 2.98665 7.0209
    endloop
  endfacet
  facet normal -0.631606 0.723792 0.277848
    outer loop
      vertex -20.2 4.44697 7.30855
      vertex -22 2.98665 7.0209
      vertex -20.2 4.3832 7.47467
    endloop
  endfacet
  facet normal -0.631574 0.72368 0.278211
    outer loop
      vertex -22 2.98665 7.0209
      vertex -20.2 4.44697 7.30855
      vertex -22 2.99001 7.01216
    endloop
  endfacet
  facet normal -0.631606 0.690784 0.351983
    outer loop
      vertex -20.2 4.44697 7.30855
      vertex -22 3.25182 6.42413
      vertex -22 3.1055 6.71129
    endloop
  endfacet
  facet normal -0.631604 0.200639 0.748879
    outer loop
      vertex -22 5.02995 4.98423
      vertex -20.2 5.47467 6.3832
      vertex -20.2 5.64655 6.33715
    endloop
  endfacet
  facet normal -0.631596 0.20028 0.748982
    outer loop
      vertex -20.2 5.47467 6.3832
      vertex -22 5.02995 4.98423
      vertex -22 5.0209 4.98665
    endloop
  endfacet
  facet normal -0.631609 -0.12148 -0.76571
    outer loop
      vertex -22 6.6495 11.1006
      vertex -20.2 6.1777 9.69069
      vertex -22 6.33119 11.1511
    endloop
  endfacet
  facet normal -0.631607 -0.277853 -0.723789
    outer loop
      vertex -22 7.28871 10.8945
      vertex -20.2 6.69145 9.55303
      vertex -22 6.98784 11.01
    endloop
  endfacet
  facet normal -0.631612 -0.200638 -0.748873
    outer loop
      vertex -22 6.97005 11.0158
      vertex -20.2 6.52533 9.6168
      vertex -20.2 6.35345 9.66285
    endloop
  endfacet
  facet normal -0.631736 -0.206408 -0.747198
    outer loop
      vertex -20.2 6.52533 9.6168
      vertex -22 6.97005 11.0158
      vertex -22 6.9791 11.0133
    endloop
  endfacet
  facet normal -0.631593 -0.65014 -0.422384
    outer loop
      vertex -22 8.74393 9.58421
      vertex -20.2 7.37533 8.99923
      vertex -22 8.73883 9.59206
    endloop
  endfacet
  facet normal -0.631606 -0.650215 -0.422249
    outer loop
      vertex -20.2 7.37533 8.99923
      vertex -22 8.74393 9.58421
      vertex -20.2 7.47224 8.85
    endloop
  endfacet
  facet normal -0.631608 -0.602532 -0.48788
    outer loop
      vertex -22 8.55741 9.86963
      vertex -20.2 7.26335 9.13752
      vertex -22 8.3546 10.1201
    endloop
  endfacet
  facet normal -0.631606 -0.723798 -0.277832
    outer loop
      vertex -22 9.00999 8.98784
      vertex -20.2 7.55303 8.69145
      vertex -22 8.8945 9.28871
    endloop
  endfacet
  facet normal -0.631606 -0.690784 -0.351983
    outer loop
      vertex -22 8.8945 9.28871
      vertex -20.2 7.55303 8.69145
      vertex -22 8.74818 9.57587
    endloop
  endfacet
  facet normal -0.631607 -0.650221 -0.422238
    outer loop
      vertex -22 8.73883 9.59206
      vertex -20.2 7.37533 8.99923
      vertex -22 8.56331 9.86235
    endloop
  endfacet
  facet normal -0.631606 -0.723798 0.277832
    outer loop
      vertex -20.2 7.55303 7.30855
      vertex -22 9.00999 7.01216
      vertex -22 8.8945 6.71129
    endloop
  endfacet
  facet normal -0.631606 -0.690784 0.351983
    outer loop
      vertex -20.2 7.55303 7.30855
      vertex -22 8.8945 6.71129
      vertex -22 8.74818 6.42413
    endloop
  endfacet
  facet normal -0.631607 -0.765741 0.121299
    outer loop
      vertex -22 9.10065 7.3505
      vertex -20.2 7.66285 7.64655
      vertex -20.2 7.69069 7.8223
    endloop
  endfacet
  facet normal -0.631616 -0.765673 0.12168
    outer loop
      vertex -20.2 7.66285 7.64655
      vertex -22 9.10065 7.3505
      vertex -22 9.09918 7.34125
    endloop
  endfacet
  facet normal -0.631606 -0.748874 0.200654
    outer loop
      vertex -20.2 7.66285 7.64655
      vertex -22 9.09918 7.34125
      vertex -22 9.01577 7.02995
    endloop
  endfacet
  facet normal -0.631599 -0.602324 0.488147
    outer loop
      vertex -22 8.55741 6.13037
      vertex -20.2 7.37533 7.00077
      vertex -22 8.56331 6.13765
    endloop
  endfacet
  facet normal -0.631607 -0.602523 0.487892
    outer loop
      vertex -20.2 7.37533 7.00077
      vertex -22 8.55741 6.13037
      vertex -20.2 7.26335 6.86248
    endloop
  endfacet
  facet normal -0.631607 -0.650221 0.422238
    outer loop
      vertex -20.2 7.37533 7.00077
      vertex -22 8.73883 6.40794
      vertex -22 8.56331 6.13765
    endloop
  endfacet
  facet normal -0.631608 0.602532 -0.48788
    outer loop
      vertex -22 3.6454 10.1201
      vertex -20.2 4.73665 9.13752
      vertex -22 3.44259 9.86963
    endloop
  endfacet
  facet normal -0.631606 0.690784 -0.351983
    outer loop
      vertex -22 3.25182 9.57587
      vertex -20.2 4.44697 8.69145
      vertex -22 3.1055 9.28871
    endloop
  endfacet
  facet normal -0.631593 0.65014 -0.422384
    outer loop
      vertex -20.2 4.62467 8.99923
      vertex -22 3.25607 9.58421
      vertex -22 3.26117 9.59206
    endloop
  endfacet
  facet normal -0.631606 0.650215 -0.422249
    outer loop
      vertex -22 3.25607 9.58421
      vertex -20.2 4.62467 8.99923
      vertex -20.2 4.52776 8.85
    endloop
  endfacet
  facet normal -0.631607 0.690768 -0.35201
    outer loop
      vertex -20.2 4.52776 8.85
      vertex -22 3.25182 9.57587
      vertex -22 3.25607 9.58421
    endloop
  endfacet
  facet normal -0.631607 0.690779 -0.35199
    outer loop
      vertex -22 3.25182 9.57587
      vertex -20.2 4.52776 8.85
      vertex -20.2 4.44697 8.69145
    endloop
  endfacet
  facet normal -0.631616 0.765673 -0.12168
    outer loop
      vertex -20.2 4.33715 8.35345
      vertex -22 2.89935 8.6495
      vertex -22 2.90082 8.65875
    endloop
  endfacet
  facet normal -0.631607 0.765741 -0.121299
    outer loop
      vertex -22 2.89935 8.6495
      vertex -20.2 4.33715 8.35345
      vertex -20.2 4.30931 8.1777
    endloop
  endfacet
  facet normal -0.631587 0.422387 -0.650144
    outer loop
      vertex -22 4.41579 10.7439
      vertex -20.2 5.00077 9.37533
      vertex -22 4.40794 10.7388
    endloop
  endfacet
  facet normal -0.6316 0.422252 -0.650219
    outer loop
      vertex -20.2 5.00077 9.37533
      vertex -22 4.41579 10.7439
      vertex -20.2 5.15 9.47224
    endloop
  endfacet
  facet normal -0.631607 0.422238 0.650221
    outer loop
      vertex -20.2 5.00077 6.62467
      vertex -22 4.40794 5.26117
      vertex -22 4.13765 5.43669
    endloop
  endfacet
  facet normal -0.631606 0.422249 0.650215
    outer loop
      vertex -22 4.41579 5.25607
      vertex -20.2 5.00077 6.62467
      vertex -20.2 5.15 6.52776
    endloop
  endfacet
  facet normal -0.631593 0.422384 0.65014
    outer loop
      vertex -20.2 5.00077 6.62467
      vertex -22 4.41579 5.25607
      vertex -22 4.40794 5.26117
    endloop
  endfacet
  facet normal -0.631606 0.650215 0.422249
    outer loop
      vertex -20.2 4.62467 7.00077
      vertex -22 3.25607 6.41579
      vertex -20.2 4.52776 7.15
    endloop
  endfacet
  facet normal -0.631593 0.65014 0.422384
    outer loop
      vertex -22 3.25607 6.41579
      vertex -20.2 4.62467 7.00077
      vertex -22 3.26117 6.40794
    endloop
  endfacet
  facet normal -0.631611 -0.20063 -0.748876
    outer loop
      vertex -22 6.97005 11.0158
      vertex -20.2 6.35345 9.66285
      vertex -22 6.65875 11.0992
    endloop
  endfacet
  facet normal -0.631594 -0.1213 -0.765751
    outer loop
      vertex -22 6.6495 11.1006
      vertex -20.2 6.35345 9.66285
      vertex -20.2 6.1777 9.69069
    endloop
  endfacet
  facet normal -0.631465 -0.116037 -0.766673
    outer loop
      vertex -20.2 6.35345 9.66285
      vertex -22 6.6495 11.1006
      vertex -22 6.65875 11.0992
    endloop
  endfacet
  facet normal -0.631605 -0.487893 -0.602525
    outer loop
      vertex -20.2 6.99923 9.37533
      vertex -22 7.86963 10.5574
      vertex -20.2 7.13752 9.26335
    endloop
  endfacet
  facet normal -0.631597 -0.488148 -0.602325
    outer loop
      vertex -22 7.86963 10.5574
      vertex -20.2 6.99923 9.37533
      vertex -22 7.86235 10.5633
    endloop
  endfacet
  facet normal -0.631607 -0.351944 -0.690802
    outer loop
      vertex -22 7.57587 10.7482
      vertex -20.2 6.69145 9.55303
      vertex -22 7.28871 10.8945
    endloop
  endfacet
  facet normal -0.631599 -0.602324 -0.488147
    outer loop
      vertex -20.2 7.37533 8.99923
      vertex -22 8.55741 9.86963
      vertex -22 8.56331 9.86235
    endloop
  endfacet
  facet normal -0.631607 -0.602523 -0.487892
    outer loop
      vertex -22 8.55741 9.86963
      vertex -20.2 7.37533 8.99923
      vertex -20.2 7.26335 9.13752
    endloop
  endfacet
  facet normal -0.631604 -0.748879 0.200639
    outer loop
      vertex -22 9.01577 7.02995
      vertex -20.2 7.6168 7.47467
      vertex -20.2 7.66285 7.64655
    endloop
  endfacet
  facet normal -0.631596 -0.748982 0.20028
    outer loop
      vertex -20.2 7.6168 7.47467
      vertex -22 9.01577 7.02995
      vertex -22 9.01335 7.0209
    endloop
  endfacet
  facet normal -0.631605 -0.765748 0.12127
    outer loop
      vertex -20.2 7.69069 7.8223
      vertex -22 9.15106 7.66881
      vertex -22 9.10065 7.3505
    endloop
  endfacet
  facet normal -0.631606 -0.650215 0.422249
    outer loop
      vertex -22 8.74393 6.41579
      vertex -20.2 7.37533 7.00077
      vertex -20.2 7.47224 7.15
    endloop
  endfacet
  facet normal -0.631593 -0.65014 0.422384
    outer loop
      vertex -20.2 7.37533 7.00077
      vertex -22 8.74393 6.41579
      vertex -22 8.73883 6.40794
    endloop
  endfacet
  facet normal -0.631607 0.602523 -0.487892
    outer loop
      vertex -20.2 4.62467 8.99923
      vertex -22 3.44259 9.86963
      vertex -20.2 4.73665 9.13752
    endloop
  endfacet
  facet normal -0.631599 0.602324 -0.488147
    outer loop
      vertex -22 3.44259 9.86963
      vertex -20.2 4.62467 8.99923
      vertex -22 3.43669 9.86235
    endloop
  endfacet
  facet normal -0.631574 0.72368 -0.278211
    outer loop
      vertex -20.2 4.44697 8.69145
      vertex -22 2.98665 8.9791
      vertex -22 2.99001 8.98784
    endloop
  endfacet
  facet normal -0.631606 0.723792 -0.277848
    outer loop
      vertex -22 2.98665 8.9791
      vertex -20.2 4.44697 8.69145
      vertex -20.2 4.3832 8.52533
    endloop
  endfacet
  facet normal -0.631606 0.723798 -0.277832
    outer loop
      vertex -22 3.1055 9.28871
      vertex -20.2 4.44697 8.69145
      vertex -22 2.99001 8.98784
    endloop
  endfacet
  facet normal -0.631596 0.748982 -0.20028
    outer loop
      vertex -20.2 4.3832 8.52533
      vertex -22 2.98423 8.97005
      vertex -22 2.98665 8.9791
    endloop
  endfacet
  facet normal -0.631604 0.748879 -0.200639
    outer loop
      vertex -22 2.98423 8.97005
      vertex -20.2 4.3832 8.52533
      vertex -20.2 4.33715 8.35345
    endloop
  endfacet
  facet normal -0.631606 0.748874 -0.200654
    outer loop
      vertex -22 2.98423 8.97005
      vertex -20.2 4.33715 8.35345
      vertex -22 2.90082 8.65875
    endloop
  endfacet
  facet normal -0.631594 -0.277852 -0.723801
    outer loop
      vertex -22 6.9791 11.0133
      vertex -20.2 6.69145 9.55303
      vertex -20.2 6.52533 9.6168
    endloop
  endfacet
  facet normal -0.631951 -0.273759 -0.725047
    outer loop
      vertex -20.2 6.69145 9.55303
      vertex -22 6.9791 11.0133
      vertex -22 6.98784 11.01
    endloop
  endfacet
  facet normal -0.6316 -0.422252 -0.650219
    outer loop
      vertex -22 7.58421 10.7439
      vertex -20.2 6.99923 9.37533
      vertex -20.2 6.85 9.47224
    endloop
  endfacet
  facet normal -0.631587 -0.422387 -0.650144
    outer loop
      vertex -20.2 6.99923 9.37533
      vertex -22 7.58421 10.7439
      vertex -22 7.59206 10.7388
    endloop
  endfacet
  facet normal 0 0.93368 0.358108
    outer loop
      vertex -19 16.8776 26.2725
      vertex -22 16.7839 26.5168
      vertex -19 16.7839 26.5168
    endloop
  endfacet
  facet normal 0 0.93368 0.358108
    outer loop
      vertex -22 16.7839 26.5168
      vertex -19 16.8776 26.2725
      vertex -22 16.8776 26.2725
    endloop
  endfacet
  facet normal -0 0.453926 0.891039
    outer loop
      vertex -22 15.75 27.6651
      vertex -19 15.5168 27.7839
      vertex -19 15.75 27.6651
    endloop
  endfacet
  facet normal 0 0.453926 0.891039
    outer loop
      vertex -19 15.5168 27.7839
      vertex -22 15.75 27.6651
      vertex -22 15.5168 27.7839
    endloop
  endfacet
  facet normal -0 0.156277 0.987713
    outer loop
      vertex -22 15.0198 27.9454
      vertex -19 14.7613 27.9863
      vertex -19 15.0198 27.9454
    endloop
  endfacet
  facet normal 0 0.156277 0.987713
    outer loop
      vertex -19 14.7613 27.9863
      vertex -22 15.0198 27.9454
      vertex -22 14.7613 27.9863
    endloop
  endfacet
  facet normal 0 0.707107 0.707107
    outer loop
      vertex -19 16.3579 27.1728
      vertex -22 16.1728 27.3579
      vertex -19 16.1728 27.3579
    endloop
  endfacet
  facet normal 0 0.707107 0.707107
    outer loop
      vertex -22 16.1728 27.3579
      vertex -19 16.3579 27.1728
      vertex -22 16.3579 27.1728
    endloop
  endfacet
  facet normal 0 0.987713 0.156277
    outer loop
      vertex -19 16.9863 25.7613
      vertex -22 16.9454 26.0198
      vertex -19 16.9454 26.0198
    endloop
  endfacet
  facet normal 0 0.987713 0.156277
    outer loop
      vertex -22 16.9454 26.0198
      vertex -19 16.9863 25.7613
      vertex -22 16.9863 25.7613
    endloop
  endfacet
  facet normal 0 0.7772 0.629253
    outer loop
      vertex -19 16.5225 26.9695
      vertex -22 16.3579 27.1728
      vertex -19 16.3579 27.1728
    endloop
  endfacet
  facet normal 0 0.7772 0.629253
    outer loop
      vertex -22 16.3579 27.1728
      vertex -19 16.5225 26.9695
      vertex -22 16.5225 26.9695
    endloop
  endfacet
  facet normal -0 0.0523582 0.998628
    outer loop
      vertex -22 14.7613 27.9863
      vertex -19 14.5 28
      vertex -19 14.7613 27.9863
    endloop
  endfacet
  facet normal 0 0.0523582 0.998628
    outer loop
      vertex -19 14.5 28
      vertex -22 14.7613 27.9863
      vertex -22 14.5 28
    endloop
  endfacet
  facet normal -0 0.358108 0.93368
    outer loop
      vertex -22 15.5168 27.7839
      vertex -19 15.2725 27.8776
      vertex -19 15.5168 27.7839
    endloop
  endfacet
  facet normal 0 0.358108 0.93368
    outer loop
      vertex -19 15.2725 27.8776
      vertex -22 15.5168 27.7839
      vertex -22 15.2725 27.8776
    endloop
  endfacet
  facet normal -0 0.259137 0.965841
    outer loop
      vertex -22 15.2725 27.8776
      vertex -19 15.0198 27.9454
      vertex -19 15.2725 27.8776
    endloop
  endfacet
  facet normal 0 0.259137 0.965841
    outer loop
      vertex -19 15.0198 27.9454
      vertex -22 15.2725 27.8776
      vertex -22 15.0198 27.9454
    endloop
  endfacet
  facet normal -0 0.544787 0.838575
    outer loop
      vertex -22 15.9695 27.5225
      vertex -19 15.75 27.6651
      vertex -19 15.9695 27.5225
    endloop
  endfacet
  facet normal 0 0.544787 0.838575
    outer loop
      vertex -19 15.75 27.6651
      vertex -22 15.9695 27.5225
      vertex -22 15.75 27.6651
    endloop
  endfacet
  facet normal -0 0.629253 0.7772
    outer loop
      vertex -22 16.1728 27.3579
      vertex -19 15.9695 27.5225
      vertex -19 16.1728 27.3579
    endloop
  endfacet
  facet normal 0 0.629253 0.7772
    outer loop
      vertex -19 15.9695 27.5225
      vertex -22 16.1728 27.3579
      vertex -22 15.9695 27.5225
    endloop
  endfacet
  facet normal 0 0.965841 0.259137
    outer loop
      vertex -19 16.9454 26.0198
      vertex -22 16.8776 26.2725
      vertex -19 16.8776 26.2725
    endloop
  endfacet
  facet normal 0 0.965841 0.259137
    outer loop
      vertex -22 16.8776 26.2725
      vertex -19 16.9454 26.0198
      vertex -22 16.9454 26.0198
    endloop
  endfacet
  facet normal 0 0.998628 0.0523582
    outer loop
      vertex -19 17 25.5
      vertex -22 16.9863 25.7613
      vertex -19 16.9863 25.7613
    endloop
  endfacet
  facet normal 0 0.998628 0.0523582
    outer loop
      vertex -22 16.9863 25.7613
      vertex -19 17 25.5
      vertex -22 17 25.5
    endloop
  endfacet
  facet normal 0 0.838575 0.544787
    outer loop
      vertex -19 16.6651 26.75
      vertex -22 16.5225 26.9695
      vertex -19 16.5225 26.9695
    endloop
  endfacet
  facet normal 0 0.838575 0.544787
    outer loop
      vertex -22 16.5225 26.9695
      vertex -19 16.6651 26.75
      vertex -22 16.6651 26.75
    endloop
  endfacet
  facet normal 0 0.891039 0.453926
    outer loop
      vertex -19 16.7839 26.5168
      vertex -22 16.6651 26.75
      vertex -19 16.6651 26.75
    endloop
  endfacet
  facet normal 0 0.891039 0.453926
    outer loop
      vertex -22 16.6651 26.75
      vertex -19 16.7839 26.5168
      vertex -22 16.7839 26.5168
    endloop
  endfacet
  facet normal 0 0.25888 -0.96591
    outer loop
      vertex -22 15.0198 0.0546312
      vertex -19 15.2725 0.122359
      vertex -19 15.0198 0.0546312
    endloop
  endfacet
  facet normal 0 0.25888 -0.96591
    outer loop
      vertex -19 15.2725 0.122359
      vertex -22 15.0198 0.0546312
      vertex -22 15.2725 0.122359
    endloop
  endfacet
  facet normal 0 0.0523419 -0.998629
    outer loop
      vertex -22 14.5 0
      vertex -19 14.7613 0.0136957
      vertex -19 14.5 0
    endloop
  endfacet
  facet normal 0 0.0523419 -0.998629
    outer loop
      vertex -19 14.7613 0.0136957
      vertex -22 14.5 0
      vertex -22 14.7613 0.0136957
    endloop
  endfacet
  facet normal 0 0.998629 -0.0523542
    outer loop
      vertex -19 16.9863 2.23868
      vertex -22 17 2.5
      vertex -19 17 2.5
    endloop
  endfacet
  facet normal 0 0.998629 -0.0523542
    outer loop
      vertex -22 17 2.5
      vertex -19 16.9863 2.23868
      vertex -22 16.9863 2.23868
    endloop
  endfacet
  facet normal 0 0.706985 -0.707229
    outer loop
      vertex -19 16.1728 0.642138
      vertex -22 16.3579 0.827174
      vertex -19 16.3579 0.827174
    endloop
  endfacet
  facet normal 0 0.706985 -0.707229
    outer loop
      vertex -22 16.3579 0.827174
      vertex -19 16.1728 0.642138
      vertex -22 16.1728 0.642138
    endloop
  endfacet
  facet normal 0 0.358368 -0.93358
    outer loop
      vertex -22 15.2725 0.122359
      vertex -19 15.5168 0.216137
      vertex -19 15.2725 0.122359
    endloop
  endfacet
  facet normal 0 0.358368 -0.93358
    outer loop
      vertex -19 15.5168 0.216137
      vertex -22 15.2725 0.122359
      vertex -22 15.5168 0.216137
    endloop
  endfacet
  facet normal 0 0.891008 -0.453988
    outer loop
      vertex -19 16.6651 1.25
      vertex -22 16.7839 1.48316
      vertex -19 16.7839 1.48316
    endloop
  endfacet
  facet normal 0 0.891008 -0.453988
    outer loop
      vertex -22 16.7839 1.48316
      vertex -19 16.6651 1.25
      vertex -22 16.6651 1.25
    endloop
  endfacet
  facet normal 0 0.7773 -0.62913
    outer loop
      vertex -19 16.3579 0.827174
      vertex -22 16.5225 1.03054
      vertex -19 16.5225 1.03054
    endloop
  endfacet
  facet normal 0 0.7773 -0.62913
    outer loop
      vertex -22 16.5225 1.03054
      vertex -19 16.3579 0.827174
      vertex -22 16.3579 0.827174
    endloop
  endfacet
  facet normal 0 0.453926 -0.891039
    outer loop
      vertex -22 15.5168 0.216137
      vertex -19 15.75 0.334937
      vertex -19 15.5168 0.216137
    endloop
  endfacet
  facet normal 0 0.453926 -0.891039
    outer loop
      vertex -19 15.75 0.334937
      vertex -22 15.5168 0.216137
      vertex -22 15.75 0.334937
    endloop
  endfacet
  facet normal 0 0.544575 -0.838712
    outer loop
      vertex -22 15.75 0.334937
      vertex -19 15.9695 0.477458
      vertex -19 15.75 0.334937
    endloop
  endfacet
  facet normal 0 0.544575 -0.838712
    outer loop
      vertex -19 15.9695 0.477458
      vertex -22 15.75 0.334937
      vertex -22 15.9695 0.477458
    endloop
  endfacet
  facet normal 0 0.629438 -0.777051
    outer loop
      vertex -22 15.9695 0.477458
      vertex -19 16.1728 0.642138
      vertex -19 15.9695 0.477458
    endloop
  endfacet
  facet normal 0 0.629438 -0.777051
    outer loop
      vertex -19 16.1728 0.642138
      vertex -22 15.9695 0.477458
      vertex -22 16.1728 0.642138
    endloop
  endfacet
  facet normal 0 0.965856 -0.25908
    outer loop
      vertex -19 16.8776 1.72746
      vertex -22 16.9454 1.98022
      vertex -19 16.9454 1.98022
    endloop
  endfacet
  facet normal 0 0.965856 -0.25908
    outer loop
      vertex -22 16.9454 1.98022
      vertex -19 16.8776 1.72746
      vertex -22 16.8776 1.72746
    endloop
  endfacet
  facet normal 0 0.838529 -0.544857
    outer loop
      vertex -19 16.5225 1.03054
      vertex -22 16.6651 1.25
      vertex -19 16.6651 1.25
    endloop
  endfacet
  facet normal 0 0.838529 -0.544857
    outer loop
      vertex -22 16.6651 1.25
      vertex -19 16.5225 1.03054
      vertex -22 16.5225 1.03054
    endloop
  endfacet
  facet normal 0 0.156409 -0.987692
    outer loop
      vertex -22 14.7613 0.0136957
      vertex -19 15.0198 0.0546312
      vertex -19 14.7613 0.0136957
    endloop
  endfacet
  facet normal 0 0.156409 -0.987692
    outer loop
      vertex -19 15.0198 0.0546312
      vertex -22 14.7613 0.0136957
      vertex -22 15.0198 0.0546312
    endloop
  endfacet
  facet normal 0 0.98771 -0.1563
    outer loop
      vertex -19 16.9454 1.98022
      vertex -22 16.9863 2.23868
      vertex -19 16.9863 2.23868
    endloop
  endfacet
  facet normal 0 0.98771 -0.1563
    outer loop
      vertex -22 16.9863 2.23868
      vertex -19 16.9454 1.98022
      vertex -22 16.9454 1.98022
    endloop
  endfacet
  facet normal 0 0.93368 -0.358108
    outer loop
      vertex -19 16.7839 1.48316
      vertex -22 16.8776 1.72746
      vertex -19 16.8776 1.72746
    endloop
  endfacet
  facet normal 0 0.93368 -0.358108
    outer loop
      vertex -22 16.8776 1.72746
      vertex -19 16.7839 1.48316
      vertex -22 16.7839 1.48316
    endloop
  endfacet
  facet normal 0 0.156363 -0.9877
    outer loop
      vertex -12.05 -25.2475 19.8689
      vertex -7.05 -24.6272 19.9671
      vertex -7.05 -25.2475 19.8689
    endloop
  endfacet
  facet normal 0 0.156363 -0.9877
    outer loop
      vertex -7.05 -24.6272 19.9671
      vertex -12.05 -25.2475 19.8689
      vertex -12.05 -24.6272 19.9671
    endloop
  endfacet
  facet normal 0 0.258911 -0.965901
    outer loop
      vertex -12.05 -25.8541 19.7063
      vertex -7.05 -25.2475 19.8689
      vertex -7.05 -25.8541 19.7063
    endloop
  endfacet
  facet normal 0 0.258911 -0.965901
    outer loop
      vertex -7.05 -25.2475 19.8689
      vertex -12.05 -25.8541 19.7063
      vertex -12.05 -25.2475 19.8689
    endloop
  endfacet
  facet normal 0 -0.0523433 0.998629
    outer loop
      vertex -5.57729 -13.7909 8.01096
      vertex -13.3833 -14 8
      vertex -5.71667 -14 8
    endloop
  endfacet
  facet normal 0 -0.0523433 0.998629
    outer loop
      vertex -13.3833 -14 8
      vertex -5.57729 -13.7909 8.01096
      vertex -13.5227 -13.7909 8.01096
    endloop
  endfacet
  facet normal 0 0.707107 -0.707107
    outer loop
      vertex -7.05 -28.4589 18.0148
      vertex -12.05 -28.0148 18.4589
      vertex -7.05 -28.0148 18.4589
    endloop
  endfacet
  facet normal 0 0.707107 -0.707107
    outer loop
      vertex -12.05 -28.0148 18.4589
      vertex -7.05 -28.4589 18.0148
      vertex -12.05 -28.4589 18.0148
    endloop
  endfacet
  facet normal 0 -0.0525338 -0.998619
    outer loop
      vertex -13.3833 -14 20
      vertex -5.57729 -13.7909 19.989
      vertex -5.71667 -14 20
    endloop
  endfacet
  facet normal -0 -0.0525338 -0.998619
    outer loop
      vertex -5.57729 -13.7909 19.989
      vertex -13.3833 -14 20
      vertex -13.5227 -13.7909 19.989
    endloop
  endfacet
  facet normal 0 0.998627 0.0523833
    outer loop
      vertex -7.05 -29.9671 13.3728
      vertex -12.05 -30 14
      vertex -7.05 -30 14
    endloop
  endfacet
  facet normal 0 0.998627 0.0523833
    outer loop
      vertex -12.05 -30 14
      vertex -7.05 -29.9671 13.3728
      vertex -12.05 -29.9671 13.3728
    endloop
  endfacet
  facet normal 0 0.0523833 -0.998627
    outer loop
      vertex -12.05 -24.6272 19.9671
      vertex -7.05 -24 20
      vertex -7.05 -24.6272 19.9671
    endloop
  endfacet
  facet normal 0 0.0523833 -0.998627
    outer loop
      vertex -7.05 -24 20
      vertex -12.05 -24.6272 19.9671
      vertex -12.05 -24 20
    endloop
  endfacet
  facet normal 0 0 -1
    outer loop
      vertex -7.05 -24 20
      vertex -12.05 -24 20
      vertex -7.05 -16 20
    endloop
  endfacet
  facet normal 0 0 -1
    outer loop
      vertex -12.05 -16 20
      vertex -7.05 -16 20
      vertex -12.05 -24 20
    endloop
  endfacet
  facet normal 0 0 -1
    outer loop
      vertex -12.05 -16 20
      vertex -5.71667 -14 20
      vertex -7.05 -16 20
    endloop
  endfacet
  facet normal -0 0 -1
    outer loop
      vertex -5.71667 -14 20
      vertex -12.05 -16 20
      vertex -13.3833 -14 20
    endloop
  endfacet
  facet normal 0 -0.156443 0.987687
    outer loop
      vertex -5.43945 -13.5842 8.0437
      vertex -13.5227 -13.7909 8.01096
      vertex -5.57729 -13.7909 8.01096
    endloop
  endfacet
  facet normal 0 -0.156443 0.987687
    outer loop
      vertex -13.5227 -13.7909 8.01096
      vertex -5.43945 -13.5842 8.0437
      vertex -13.6605 -13.5842 8.0437
    endloop
  endfacet
  facet normal -0 0.629296 0.777166
    outer loop
      vertex -12.05 -27.5267 9.1459
      vertex -7.05 -28.0148 9.54113
      vertex -7.05 -27.5267 9.1459
    endloop
  endfacet
  facet normal 0 0.629296 0.777166
    outer loop
      vertex -7.05 -28.0148 9.54113
      vertex -12.05 -27.5267 9.1459
      vertex -12.05 -28.0148 9.54113
    endloop
  endfacet
  facet normal -0 0.0523357 0.99863
    outer loop
      vertex -12.05 -24 8
      vertex -7.05 -24.6272 8.03287
      vertex -7.05 -24 8
    endloop
  endfacet
  facet normal 0 0.0523357 0.99863
    outer loop
      vertex -7.05 -24.6272 8.03287
      vertex -12.05 -24 8
      vertex -12.05 -24.6272 8.03287
    endloop
  endfacet
  facet normal 0 0.891026 -0.453952
    outer loop
      vertex -7.05 -29.4813 16.4404
      vertex -12.05 -29.1962 17
      vertex -7.05 -29.1962 17
    endloop
  endfacet
  facet normal 0 0.891026 -0.453952
    outer loop
      vertex -12.05 -29.1962 17
      vertex -7.05 -29.4813 16.4404
      vertex -12.05 -29.4813 16.4404
    endloop
  endfacet
  facet normal 0 0.629267 -0.777189
    outer loop
      vertex -12.05 -28.0148 18.4589
      vertex -7.05 -27.5267 18.8541
      vertex -7.05 -28.0148 18.4589
    endloop
  endfacet
  facet normal 0 0.629267 -0.777189
    outer loop
      vertex -7.05 -27.5267 18.8541
      vertex -12.05 -28.0148 18.4589
      vertex -12.05 -27.5267 18.8541
    endloop
  endfacet
  facet normal 0 0.358285 -0.933612
    outer loop
      vertex -12.05 -26.4404 19.4813
      vertex -7.05 -25.8541 19.7063
      vertex -7.05 -26.4404 19.4813
    endloop
  endfacet
  facet normal 0 0.358285 -0.933612
    outer loop
      vertex -7.05 -25.8541 19.7063
      vertex -12.05 -26.4404 19.4813
      vertex -12.05 -25.8541 19.7063
    endloop
  endfacet
  facet normal 0 -0.454269 -0.890864
    outer loop
      vertex -13.9256 -13.1865 19.8271
      vertex -5.05 -13 19.732
      vertex -5.17435 -13.1865 19.8271
    endloop
  endfacet
  facet normal -0 -0.454269 -0.890864
    outer loop
      vertex -5.05 -13 19.732
      vertex -13.9256 -13.1865 19.8271
      vertex -14.05 -13 19.732
    endloop
  endfacet
  facet normal 0 -0.707178 0.707035
    outer loop
      vertex -14.3752 -12.6617 8.51371
      vertex -4.46757 -12.5137 8.66174
      vertex -14.6324 -12.5137 8.66174
    endloop
  endfacet
  facet normal 0 -0.707178 0.707035
    outer loop
      vertex -4.46757 -12.5137 8.66174
      vertex -14.3752 -12.6617 8.51371
      vertex -4.72477 -12.6617 8.51371
    endloop
  endfacet
  facet normal 0 -0.987723 0.156213
    outer loop
      vertex -15.4491 -12.0437 9.58418
      vertex -3.59404 -12.011 9.79094
      vertex -15.506 -12.011 9.79094
    endloop
  endfacet
  facet normal 0 -0.987723 0.156213
    outer loop
      vertex -3.59404 -12.011 9.79094
      vertex -15.4491 -12.0437 9.58418
      vertex -3.65094 -12.0437 9.58418
    endloop
  endfacet
  facet normal 0 -0.777267 -0.629171
    outer loop
      vertex -14.8613 -12.382 19.1756
      vertex -4.46757 -12.5137 19.3383
      vertex -14.6324 -12.5137 19.3383
    endloop
  endfacet
  facet normal 0 -0.777267 -0.629171
    outer loop
      vertex -4.46757 -12.5137 19.3383
      vertex -14.8613 -12.382 19.1756
      vertex -4.23867 -12.382 19.1756
    endloop
  endfacet
  facet normal 0 -0.998619 0.0525438
    outer loop
      vertex -15.506 -12.011 9.79094
      vertex -3.575 -12 10
      vertex -15.525 -12 10
    endloop
  endfacet
  facet normal 0 -0.998619 0.0525438
    outer loop
      vertex -3.575 -12 10
      vertex -15.506 -12.011 9.79094
      vertex -3.59404 -12.011 9.79094
    endloop
  endfacet
  facet normal 0 -0.998619 -0.0525338
    outer loop
      vertex -15.525 -12 18
      vertex -3.59404 -12.011 18.2091
      vertex -15.506 -12.011 18.2091
    endloop
  endfacet
  facet normal 0 -0.998619 -0.0525338
    outer loop
      vertex -3.59404 -12.011 18.2091
      vertex -15.525 -12 18
      vertex -3.575 -12 18
    endloop
  endfacet
  facet normal 0 0 1
    outer loop
      vertex -7.05 -16 8
      vertex -12.05 -16 8
      vertex -7.05 -24 8
    endloop
  endfacet
  facet normal 0 0 1
    outer loop
      vertex -5.71667 -14 8
      vertex -12.05 -16 8
      vertex -7.05 -16 8
    endloop
  endfacet
  facet normal 0 -0 1
    outer loop
      vertex -12.05 -16 8
      vertex -5.71667 -14 8
      vertex -13.3833 -14 8
    endloop
  endfacet
  facet normal 0 0 1
    outer loop
      vertex -7.05 -24 8
      vertex -12.05 -16 8
      vertex -12.05 -24 8
    endloop
  endfacet
  facet normal -0 0.258837 0.965921
    outer loop
      vertex -12.05 -25.2475 8.13111
      vertex -7.05 -25.8541 8.29366
      vertex -7.05 -25.2475 8.13111
    endloop
  endfacet
  facet normal 0 0.258837 0.965921
    outer loop
      vertex -7.05 -25.8541 8.29366
      vertex -12.05 -25.2475 8.13111
      vertex -12.05 -25.8541 8.29366
    endloop
  endfacet
  facet normal -0 0.358383 0.933575
    outer loop
      vertex -12.05 -25.8541 8.29366
      vertex -7.05 -26.4404 8.51873
      vertex -7.05 -25.8541 8.29366
    endloop
  endfacet
  facet normal 0 0.358383 0.933575
    outer loop
      vertex -7.05 -26.4404 8.51873
      vertex -12.05 -25.8541 8.29366
      vertex -12.05 -26.4404 8.51873
    endloop
  endfacet
  facet normal 0 0.777177 0.629283
    outer loop
      vertex -7.05 -28.4589 9.98522
      vertex -12.05 -28.8541 10.4733
      vertex -7.05 -28.8541 10.4733
    endloop
  endfacet
  facet normal 0 0.777177 0.629283
    outer loop
      vertex -12.05 -28.8541 10.4733
      vertex -7.05 -28.4589 9.98522
      vertex -12.05 -28.4589 9.98522
    endloop
  endfacet
  facet normal 0 0.838629 -0.544703
    outer loop
      vertex -7.05 -29.1962 17
      vertex -12.05 -28.8541 17.5267
      vertex -7.05 -28.8541 17.5267
    endloop
  endfacet
  facet normal 0 0.838629 -0.544703
    outer loop
      vertex -12.05 -28.8541 17.5267
      vertex -7.05 -29.1962 17
      vertex -12.05 -29.1962 17
    endloop
  endfacet
  facet normal 0 -0.156257 -0.987716
    outer loop
      vertex -13.5227 -13.7909 19.989
      vertex -5.43945 -13.5842 19.9563
      vertex -5.57729 -13.7909 19.989
    endloop
  endfacet
  facet normal -0 -0.156257 -0.987716
    outer loop
      vertex -5.43945 -13.5842 19.9563
      vertex -13.5227 -13.7909 19.989
      vertex -13.6605 -13.5842 19.9563
    endloop
  endfacet
  facet normal 0 -0.258911 -0.965901
    outer loop
      vertex -13.6605 -13.5842 19.9563
      vertex -5.30464 -13.382 19.9021
      vertex -5.43945 -13.5842 19.9563
    endloop
  endfacet
  facet normal -0 -0.258911 -0.965901
    outer loop
      vertex -5.30464 -13.382 19.9021
      vertex -13.6605 -13.5842 19.9563
      vertex -13.7954 -13.382 19.9021
    endloop
  endfacet
  facet normal 0 -0.358179 -0.933653
    outer loop
      vertex -13.7954 -13.382 19.9021
      vertex -5.17435 -13.1865 19.8271
      vertex -5.30464 -13.382 19.9021
    endloop
  endfacet
  facet normal -0 -0.358179 -0.933653
    outer loop
      vertex -5.17435 -13.1865 19.8271
      vertex -13.7954 -13.382 19.9021
      vertex -13.9256 -13.1865 19.8271
    endloop
  endfacet
  facet normal 0 -0.629455 -0.777037
    outer loop
      vertex -14.167 -12.8244 19.618
      vertex -4.88658 -12.7549 19.5617
      vertex -4.93295 -12.8244 19.618
    endloop
  endfacet
  facet normal 0 -0.629455 -0.777037
    outer loop
      vertex -14.2134 -12.7549 19.5617
      vertex -4.88658 -12.7549 19.5617
      vertex -14.167 -12.8244 19.618
    endloop
  endfacet
  facet normal -0 -0.628958 -0.777439
    outer loop
      vertex -4.88658 -12.7549 19.5617
      vertex -14.2134 -12.7549 19.5617
      vertex -4.72477 -12.6617 19.4863
    endloop
  endfacet
  facet normal -0 -0.628958 -0.777439
    outer loop
      vertex -4.72477 -12.6617 19.4863
      vertex -14.2134 -12.7549 19.5617
      vertex -14.3752 -12.6617 19.4863
    endloop
  endfacet
  facet normal 0 -0.707107 -0.707107
    outer loop
      vertex -14.6324 -12.5137 19.3383
      vertex -4.72477 -12.6617 19.4863
      vertex -14.3752 -12.6617 19.4863
    endloop
  endfacet
  facet normal 0 -0.707107 -0.707107
    outer loop
      vertex -4.72477 -12.6617 19.4863
      vertex -14.6324 -12.5137 19.3383
      vertex -4.46757 -12.5137 19.3383
    endloop
  endfacet
  facet normal 0 -0.544518 -0.838749
    outer loop
      vertex -14.05 -13 19.732
      vertex -4.93295 -12.8244 19.618
      vertex -5.05 -13 19.732
    endloop
  endfacet
  facet normal -0 -0.544518 -0.838749
    outer loop
      vertex -4.93295 -12.8244 19.618
      vertex -14.05 -13 19.732
      vertex -14.167 -12.8244 19.618
    endloop
  endfacet
  facet normal 0 -0.454042 0.89098
    outer loop
      vertex -5.05 -13 8.26795
      vertex -13.9256 -13.1865 8.17291
      vertex -5.17435 -13.1865 8.17291
    endloop
  endfacet
  facet normal 0 -0.454042 0.89098
    outer loop
      vertex -13.9256 -13.1865 8.17291
      vertex -5.05 -13 8.26795
      vertex -14.05 -13 8.26795
    endloop
  endfacet
  facet normal 0 -0.258867 0.965913
    outer loop
      vertex -5.30464 -13.382 8.09789
      vertex -13.6605 -13.5842 8.0437
      vertex -5.43945 -13.5842 8.0437
    endloop
  endfacet
  facet normal 0 -0.258867 0.965913
    outer loop
      vertex -13.6605 -13.5842 8.0437
      vertex -5.30464 -13.382 8.09789
      vertex -13.7954 -13.382 8.09789
    endloop
  endfacet
  facet normal 0 -0.544585 0.838705
    outer loop
      vertex -4.93295 -12.8244 8.38197
      vertex -14.05 -13 8.26795
      vertex -5.05 -13 8.26795
    endloop
  endfacet
  facet normal 0 -0.544585 0.838705
    outer loop
      vertex -14.05 -13 8.26795
      vertex -4.93295 -12.8244 8.38197
      vertex -14.167 -12.8244 8.38197
    endloop
  endfacet
  facet normal 0 -0.891087 0.453832
    outer loop
      vertex -15.0594 -12.2679 9
      vertex -3.87543 -12.1729 9.18653
      vertex -15.2246 -12.1729 9.18653
    endloop
  endfacet
  facet normal 0 -0.891087 0.453832
    outer loop
      vertex -3.87543 -12.1729 9.18653
      vertex -15.0594 -12.2679 9
      vertex -4.04056 -12.2679 9
    endloop
  endfacet
  facet normal 0 -0.777248 0.629194
    outer loop
      vertex -14.6324 -12.5137 8.66174
      vertex -4.23867 -12.382 8.82443
      vertex -14.8613 -12.382 8.82443
    endloop
  endfacet
  facet normal 0 -0.777248 0.629194
    outer loop
      vertex -4.23867 -12.382 8.82443
      vertex -14.6324 -12.5137 8.66174
      vertex -4.46757 -12.5137 8.66174
    endloop
  endfacet
  facet normal 0 -0.933616 0.358275
    outer loop
      vertex -15.2246 -12.1729 9.18653
      vertex -3.74508 -12.0979 9.38197
      vertex -15.3549 -12.0979 9.38197
    endloop
  endfacet
  facet normal 0 -0.933616 0.358275
    outer loop
      vertex -3.74508 -12.0979 9.38197
      vertex -15.2246 -12.1729 9.18653
      vertex -3.87543 -12.1729 9.18653
    endloop
  endfacet
  facet normal 0 -0.933653 -0.358179
    outer loop
      vertex -15.3549 -12.0979 18.618
      vertex -3.87543 -12.1729 18.8135
      vertex -15.2246 -12.1729 18.8135
    endloop
  endfacet
  facet normal 0 -0.933653 -0.358179
    outer loop
      vertex -3.87543 -12.1729 18.8135
      vertex -15.3549 -12.0979 18.618
      vertex -3.74508 -12.0979 18.618
    endloop
  endfacet
  facet normal 0 -1 0
    outer loop
      vertex -15.525 -12 10
      vertex -3.575 -12 18
      vertex -15.525 -12 18
    endloop
  endfacet
  facet normal 0 -1 -0
    outer loop
      vertex -3.575 -12 18
      vertex -15.525 -12 10
      vertex -3.575 -12 10
    endloop
  endfacet
  facet normal 0 0.544703 -0.838629
    outer loop
      vertex -12.05 -27.5267 18.8541
      vertex -7.05 -27 19.1962
      vertex -7.05 -27.5267 18.8541
    endloop
  endfacet
  facet normal 0 0.544703 -0.838629
    outer loop
      vertex -7.05 -27 19.1962
      vertex -12.05 -27.5267 18.8541
      vertex -12.05 -27 19.1962
    endloop
  endfacet
  facet normal 0 0.453952 -0.891026
    outer loop
      vertex -12.05 -27 19.1962
      vertex -7.05 -26.4404 19.4813
      vertex -7.05 -27 19.1962
    endloop
  endfacet
  facet normal 0 0.453952 -0.891026
    outer loop
      vertex -7.05 -26.4404 19.4813
      vertex -12.05 -27 19.1962
      vertex -12.05 -26.4404 19.4813
    endloop
  endfacet
  facet normal 0 -0.358262 0.933621
    outer loop
      vertex -5.17435 -13.1865 8.17291
      vertex -13.7954 -13.382 8.09789
      vertex -5.30464 -13.382 8.09789
    endloop
  endfacet
  facet normal 0 -0.358262 0.933621
    outer loop
      vertex -13.7954 -13.382 8.09789
      vertex -5.17435 -13.1865 8.17291
      vertex -13.9256 -13.1865 8.17291
    endloop
  endfacet
  facet normal 0 -0.629658 0.776872
    outer loop
      vertex -4.88658 -12.7549 8.4383
      vertex -14.167 -12.8244 8.38197
      vertex -4.93295 -12.8244 8.38197
    endloop
  endfacet
  facet normal 0 -0.629009 0.777398
    outer loop
      vertex -14.2134 -12.7549 8.4383
      vertex -4.88658 -12.7549 8.4383
      vertex -4.72477 -12.6617 8.51371
    endloop
  endfacet
  facet normal 0 -0.629658 0.776872
    outer loop
      vertex -4.88658 -12.7549 8.4383
      vertex -14.2134 -12.7549 8.4383
      vertex -14.167 -12.8244 8.38197
    endloop
  endfacet
  facet normal 0 -0.629009 0.777398
    outer loop
      vertex -14.2134 -12.7549 8.4383
      vertex -4.72477 -12.6617 8.51371
      vertex -14.3752 -12.6617 8.51371
    endloop
  endfacet
  facet normal 0 -0.838488 0.54492
    outer loop
      vertex -14.8613 -12.382 8.82443
      vertex -4.04056 -12.2679 9
      vertex -15.0594 -12.2679 9
    endloop
  endfacet
  facet normal 0 -0.838488 0.54492
    outer loop
      vertex -4.04056 -12.2679 9
      vertex -14.8613 -12.382 8.82443
      vertex -4.23867 -12.382 8.82443
    endloop
  endfacet
  facet normal 0 -0.965904 0.258899
    outer loop
      vertex -15.3549 -12.0979 9.38197
      vertex -3.65094 -12.0437 9.58418
      vertex -15.4491 -12.0437 9.58418
    endloop
  endfacet
  facet normal 0 -0.965904 0.258899
    outer loop
      vertex -3.65094 -12.0437 9.58418
      vertex -15.3549 -12.0979 9.38197
      vertex -3.74508 -12.0979 9.38197
    endloop
  endfacet
  facet normal 0 -0.965901 -0.258911
    outer loop
      vertex -15.4491 -12.0437 18.4158
      vertex -3.74508 -12.0979 18.618
      vertex -15.3549 -12.0979 18.618
    endloop
  endfacet
  facet normal 0 -0.965901 -0.258911
    outer loop
      vertex -3.74508 -12.0979 18.618
      vertex -15.4491 -12.0437 18.4158
      vertex -3.65094 -12.0437 18.4158
    endloop
  endfacet
  facet normal 0 -0.987716 -0.156257
    outer loop
      vertex -15.506 -12.011 18.2091
      vertex -3.65094 -12.0437 18.4158
      vertex -15.4491 -12.0437 18.4158
    endloop
  endfacet
  facet normal 0 -0.987716 -0.156257
    outer loop
      vertex -3.65094 -12.0437 18.4158
      vertex -15.506 -12.011 18.2091
      vertex -3.59404 -12.011 18.2091
    endloop
  endfacet
  facet normal 0 -0.838531 -0.544854
    outer loop
      vertex -15.0594 -12.2679 19
      vertex -4.23867 -12.382 19.1756
      vertex -14.8613 -12.382 19.1756
    endloop
  endfacet
  facet normal 0 -0.838531 -0.544854
    outer loop
      vertex -4.23867 -12.382 19.1756
      vertex -15.0594 -12.2679 19
      vertex -4.04056 -12.2679 19
    endloop
  endfacet
  facet normal 0 -0.891058 -0.45389
    outer loop
      vertex -15.2246 -12.1729 18.8135
      vertex -4.04056 -12.2679 19
      vertex -15.0594 -12.2679 19
    endloop
  endfacet
  facet normal 0 -0.891058 -0.45389
    outer loop
      vertex -4.04056 -12.2679 19
      vertex -15.2246 -12.1729 18.8135
      vertex -3.87543 -12.1729 18.8135
    endloop
  endfacet
  facet normal -0 0.156425 0.98769
    outer loop
      vertex -12.05 -24.6272 8.03287
      vertex -7.05 -25.2475 8.13111
      vertex -7.05 -24.6272 8.03287
    endloop
  endfacet
  facet normal 0 0.156425 0.98769
    outer loop
      vertex -7.05 -25.2475 8.13111
      vertex -12.05 -24.6272 8.03287
      vertex -12.05 -25.2475 8.13111
    endloop
  endfacet
  facet normal -0 0.453977 0.891013
    outer loop
      vertex -12.05 -26.4404 8.51873
      vertex -7.05 -27 8.80385
      vertex -7.05 -26.4404 8.51873
    endloop
  endfacet
  facet normal 0 0.453977 0.891013
    outer loop
      vertex -7.05 -27 8.80385
      vertex -12.05 -26.4404 8.51873
      vertex -12.05 -27 8.80385
    endloop
  endfacet
  facet normal -0 0.544647 0.838665
    outer loop
      vertex -12.05 -27 8.80385
      vertex -7.05 -27.5267 9.1459
      vertex -7.05 -27 8.80385
    endloop
  endfacet
  facet normal 0 0.544647 0.838665
    outer loop
      vertex -7.05 -27.5267 9.1459
      vertex -12.05 -27 8.80385
      vertex -12.05 -27.5267 9.1459
    endloop
  endfacet
  facet normal -0 0.707099 0.707115
    outer loop
      vertex -12.05 -28.0148 9.54113
      vertex -7.05 -28.4589 9.98522
      vertex -7.05 -28.0148 9.54113
    endloop
  endfacet
  facet normal 0 0.707099 0.707115
    outer loop
      vertex -7.05 -28.4589 9.98522
      vertex -12.05 -28.0148 9.54113
      vertex -12.05 -28.4589 9.98522
    endloop
  endfacet
  facet normal 0 0.965901 0.258911
    outer loop
      vertex -7.05 -29.7063 12.1459
      vertex -12.05 -29.8689 12.7525
      vertex -7.05 -29.8689 12.7525
    endloop
  endfacet
  facet normal 0 0.965901 0.258911
    outer loop
      vertex -12.05 -29.8689 12.7525
      vertex -7.05 -29.7063 12.1459
      vertex -12.05 -29.7063 12.1459
    endloop
  endfacet
  facet normal 0 0.891026 0.453952
    outer loop
      vertex -7.05 -29.1962 11
      vertex -12.05 -29.4813 11.5596
      vertex -7.05 -29.4813 11.5596
    endloop
  endfacet
  facet normal 0 0.891026 0.453952
    outer loop
      vertex -12.05 -29.4813 11.5596
      vertex -7.05 -29.1962 11
      vertex -12.05 -29.1962 11
    endloop
  endfacet
  facet normal 0 0.9877 -0.156363
    outer loop
      vertex -7.05 -29.9671 14.6272
      vertex -12.05 -29.8689 15.2475
      vertex -7.05 -29.8689 15.2475
    endloop
  endfacet
  facet normal 0 0.9877 -0.156363
    outer loop
      vertex -12.05 -29.8689 15.2475
      vertex -7.05 -29.9671 14.6272
      vertex -12.05 -29.9671 14.6272
    endloop
  endfacet
  facet normal 0 0.9877 0.156363
    outer loop
      vertex -7.05 -29.8689 12.7525
      vertex -12.05 -29.9671 13.3728
      vertex -7.05 -29.9671 13.3728
    endloop
  endfacet
  facet normal 0 0.9877 0.156363
    outer loop
      vertex -12.05 -29.9671 13.3728
      vertex -7.05 -29.8689 12.7525
      vertex -12.05 -29.8689 12.7525
    endloop
  endfacet
  facet normal 0 0.965901 -0.258911
    outer loop
      vertex -7.05 -29.8689 15.2475
      vertex -12.05 -29.7063 15.8541
      vertex -7.05 -29.7063 15.8541
    endloop
  endfacet
  facet normal 0 0.965901 -0.258911
    outer loop
      vertex -12.05 -29.7063 15.8541
      vertex -7.05 -29.8689 15.2475
      vertex -12.05 -29.8689 15.2475
    endloop
  endfacet
  facet normal 0 0.933612 -0.358285
    outer loop
      vertex -7.05 -29.7063 15.8541
      vertex -12.05 -29.4813 16.4404
      vertex -7.05 -29.4813 16.4404
    endloop
  endfacet
  facet normal 0 0.933612 -0.358285
    outer loop
      vertex -12.05 -29.4813 16.4404
      vertex -7.05 -29.7063 15.8541
      vertex -12.05 -29.7063 15.8541
    endloop
  endfacet
  facet normal 0 0.777189 -0.629267
    outer loop
      vertex -7.05 -28.8541 17.5267
      vertex -12.05 -28.4589 18.0148
      vertex -7.05 -28.4589 18.0148
    endloop
  endfacet
  facet normal 0 0.777189 -0.629267
    outer loop
      vertex -12.05 -28.4589 18.0148
      vertex -7.05 -28.8541 17.5267
      vertex -12.05 -28.8541 17.5267
    endloop
  endfacet
  facet normal 0 0.838629 0.544703
    outer loop
      vertex -7.05 -28.8541 10.4733
      vertex -12.05 -29.1962 11
      vertex -7.05 -29.1962 11
    endloop
  endfacet
  facet normal 0 0.838629 0.544703
    outer loop
      vertex -12.05 -29.1962 11
      vertex -7.05 -28.8541 10.4733
      vertex -12.05 -28.8541 10.4733
    endloop
  endfacet
  facet normal 0 0.933612 0.358285
    outer loop
      vertex -7.05 -29.4813 11.5596
      vertex -12.05 -29.7063 12.1459
      vertex -7.05 -29.7063 12.1459
    endloop
  endfacet
  facet normal 0 0.933612 0.358285
    outer loop
      vertex -12.05 -29.7063 12.1459
      vertex -7.05 -29.4813 11.5596
      vertex -12.05 -29.4813 11.5596
    endloop
  endfacet
  facet normal 0 0.998627 -0.0523833
    outer loop
      vertex -7.05 -30 14
      vertex -12.05 -29.9671 14.6272
      vertex -7.05 -29.9671 14.6272
    endloop
  endfacet
  facet normal 0 0.998627 -0.0523833
    outer loop
      vertex -12.05 -29.9671 14.6272
      vertex -7.05 -30 14
      vertex -12.05 -30 14
    endloop
  endfacet
  facet normal -1 0 0
    outer loop
      vertex 25.95 -14 0.993649
      vertex 25.95 -16 3
      vertex 25.95 -14 2.33333
    endloop
  endfacet
  facet normal -1 0 0
    outer loop
      vertex 25.95 -16 3
      vertex 25.95 -24 8
      vertex 25.95 -16 8
    endloop
  endfacet
  facet normal -1 0 0
    outer loop
      vertex 25.95 -26.0791 4.21852
      vertex 25.95 -16 3
      vertex 25.95 -14 0.993649
    endloop
  endfacet
  facet normal -1 0 0
    outer loop
      vertex 25.95 -16 3
      vertex 25.95 -26.0791 4.21852
      vertex 25.95 -24 8
    endloop
  endfacet
  facet normal -1 -0 0
    outer loop
      vertex 25.95 -24 8
      vertex 25.95 -26.0791 4.21852
      vertex 25.95 -24.6272 8.03287
    endloop
  endfacet
  facet normal -1 -0 0
    outer loop
      vertex 25.95 -24.6272 8.03287
      vertex 25.95 -26.0791 4.21852
      vertex 25.95 -25.2475 8.13111
    endloop
  endfacet
  facet normal -1 -0 0
    outer loop
      vertex 25.95 -25.2475 8.13111
      vertex 25.95 -26.0791 4.21852
      vertex 25.95 -25.8541 8.29366
    endloop
  endfacet
  facet normal -1 0 0
    outer loop
      vertex 25.95 -27.0902 4.48944
      vertex 25.95 -25.8541 8.29366
      vertex 25.95 -26.0791 4.21852
    endloop
  endfacet
  facet normal -1 -0 0
    outer loop
      vertex 25.95 -25.8541 8.29366
      vertex 25.95 -27.0902 4.48944
      vertex 25.95 -26.4404 8.51873
    endloop
  endfacet
  facet normal -1 0 0
    outer loop
      vertex 25.95 -28.0674 4.86455
      vertex 25.95 -26.4404 8.51873
      vertex 25.95 -27.0902 4.48944
    endloop
  endfacet
  facet normal -1 -0 0
    outer loop
      vertex 25.95 -26.4404 8.51873
      vertex 25.95 -28.0674 4.86455
      vertex 25.95 -27 8.80385
    endloop
  endfacet
  facet normal -1 0 0
    outer loop
      vertex 25.95 -29 5.33975
      vertex 25.95 -27 8.80385
      vertex 25.95 -28.0674 4.86455
    endloop
  endfacet
  facet normal -1 -0 0
    outer loop
      vertex 25.95 -27 8.80385
      vertex 25.95 -29 5.33975
      vertex 25.95 -27.5267 9.1459
    endloop
  endfacet
  facet normal -1 0 0
    outer loop
      vertex 25.95 -29.8779 5.90983
      vertex 25.95 -27.5267 9.1459
      vertex 25.95 -29 5.33975
    endloop
  endfacet
  facet normal -1 -0 0
    outer loop
      vertex 25.95 -27.5267 9.1459
      vertex 25.95 -29.8779 5.90983
      vertex 25.95 -28.0148 9.54113
    endloop
  endfacet
  facet normal -1 0 0
    outer loop
      vertex 25.95 -30.6913 6.56855
      vertex 25.95 -28.0148 9.54113
      vertex 25.95 -29.8779 5.90983
    endloop
  endfacet
  facet normal -1 -0 0
    outer loop
      vertex 25.95 -28.0148 9.54113
      vertex 25.95 -30.6913 6.56855
      vertex 25.95 -28.4589 9.98522
    endloop
  endfacet
  facet normal -1 0 0
    outer loop
      vertex 25.95 -31.4314 7.30869
      vertex 25.95 -28.4589 9.98522
      vertex 25.95 -30.6913 6.56855
    endloop
  endfacet
  facet normal -1 -0 0
    outer loop
      vertex 25.95 -28.4589 9.98522
      vertex 25.95 -31.4314 7.30869
      vertex 25.95 -28.8541 10.4733
    endloop
  endfacet
  facet normal -1 0 0
    outer loop
      vertex 25.95 -32.0902 8.12215
      vertex 25.95 -28.8541 10.4733
      vertex 25.95 -31.4314 7.30869
    endloop
  endfacet
  facet normal -1 -0 0
    outer loop
      vertex 25.95 -28.8541 10.4733
      vertex 25.95 -32.0902 8.12215
      vertex 25.95 -29.1962 11
    endloop
  endfacet
  facet normal -1 0 0
    outer loop
      vertex 25.95 -32.6603 9
      vertex 25.95 -29.1962 11
      vertex 25.95 -32.0902 8.12215
    endloop
  endfacet
  facet normal -1 -0 0
    outer loop
      vertex 25.95 -29.1962 11
      vertex 25.95 -32.6603 9
      vertex 25.95 -29.4813 11.5596
    endloop
  endfacet
  facet normal -1 0 0
    outer loop
      vertex 25.95 -33.1355 9.93263
      vertex 25.95 -29.4813 11.5596
      vertex 25.95 -32.6603 9
    endloop
  endfacet
  facet normal -1 0 0
    outer loop
      vertex 25.95 -16 20
      vertex 25.95 -24 20
      vertex 25.95 -16 25
    endloop
  endfacet
  facet normal -1 0 0
    outer loop
      vertex 25.95 -16 25
      vertex 25.95 -14 27.0064
      vertex 25.95 -14 25.6667
    endloop
  endfacet
  facet normal -1 0 0
    outer loop
      vertex 25.95 -26.0791 23.7815
      vertex 25.95 -16 25
      vertex 25.95 -24 20
    endloop
  endfacet
  facet normal -1 0 0
    outer loop
      vertex 25.95 -26.0791 23.7815
      vertex 25.95 -24 20
      vertex 25.95 -24.6272 19.9671
    endloop
  endfacet
  facet normal -1 0 0
    outer loop
      vertex 25.95 -26.0791 23.7815
      vertex 25.95 -24.6272 19.9671
      vertex 25.95 -25.2475 19.8689
    endloop
  endfacet
  facet normal -1 0 0
    outer loop
      vertex 25.95 -26.0791 23.7815
      vertex 25.95 -25.2475 19.8689
      vertex 25.95 -25.8541 19.7063
    endloop
  endfacet
  facet normal -1 -0 0
    outer loop
      vertex 25.95 -16 25
      vertex 25.95 -26.0791 23.7815
      vertex 25.95 -14 27.0064
    endloop
  endfacet
  facet normal -1 0 0
    outer loop
      vertex 25.95 -27.0902 23.5106
      vertex 25.95 -25.8541 19.7063
      vertex 25.95 -26.4404 19.4813
    endloop
  endfacet
  facet normal -1 0 0
    outer loop
      vertex 25.95 -28.0674 23.1355
      vertex 25.95 -26.4404 19.4813
      vertex 25.95 -27 19.1962
    endloop
  endfacet
  facet normal -1 0 0
    outer loop
      vertex 25.95 -25.8541 19.7063
      vertex 25.95 -27.0902 23.5106
      vertex 25.95 -26.0791 23.7815
    endloop
  endfacet
  facet normal -1 0 0
    outer loop
      vertex 25.95 -29 22.6603
      vertex 25.95 -27 19.1962
      vertex 25.95 -27.5267 18.8541
    endloop
  endfacet
  facet normal -1 0 0
    outer loop
      vertex 25.95 -29.8779 22.0902
      vertex 25.95 -27.5267 18.8541
      vertex 25.95 -28.0148 18.4589
    endloop
  endfacet
  facet normal -1 0 0
    outer loop
      vertex 25.95 -26.4404 19.4813
      vertex 25.95 -28.0674 23.1355
      vertex 25.95 -27.0902 23.5106
    endloop
  endfacet
  facet normal -1 0 0
    outer loop
      vertex 25.95 -30.6913 21.4314
      vertex 25.95 -28.0148 18.4589
      vertex 25.95 -28.4589 18.0148
    endloop
  endfacet
  facet normal -1 0 0
    outer loop
      vertex 25.95 -31.4314 20.6913
      vertex 25.95 -28.4589 18.0148
      vertex 25.95 -28.8541 17.5267
    endloop
  endfacet
  facet normal -1 0 0
    outer loop
      vertex 25.95 -27 19.1962
      vertex 25.95 -29 22.6603
      vertex 25.95 -28.0674 23.1355
    endloop
  endfacet
  facet normal -1 0 0
    outer loop
      vertex 25.95 -32.0902 19.8779
      vertex 25.95 -28.8541 17.5267
      vertex 25.95 -29.1962 17
    endloop
  endfacet
  facet normal -1 0 0
    outer loop
      vertex 25.95 -32.6603 19
      vertex 25.95 -29.1962 17
      vertex 25.95 -29.4813 16.4404
    endloop
  endfacet
  facet normal -1 0 0
    outer loop
      vertex 25.95 -33.1355 18.0674
      vertex 25.95 -29.4813 16.4404
      vertex 25.95 -29.7063 15.8541
    endloop
  endfacet
  facet normal -1 0 0
    outer loop
      vertex 25.95 -33.5106 17.0902
      vertex 25.95 -29.7063 15.8541
      vertex 25.95 -29.8689 15.2475
    endloop
  endfacet
  facet normal -1 0 0
    outer loop
      vertex 25.95 -27.5267 18.8541
      vertex 25.95 -29.8779 22.0902
      vertex 25.95 -29 22.6603
    endloop
  endfacet
  facet normal -1 0 0
    outer loop
      vertex 25.95 -33.7815 16.0791
      vertex 25.95 -29.8689 15.2475
      vertex 25.95 -29.9671 14.6272
    endloop
  endfacet
  facet normal -1 0 0
    outer loop
      vertex 25.95 -33.9452 15.0453
      vertex 25.95 -29.9671 14.6272
      vertex 25.95 -30 14
    endloop
  endfacet
  facet normal -1 -0 0
    outer loop
      vertex 25.95 -29.4813 11.5596
      vertex 25.95 -33.1355 9.93263
      vertex 25.95 -29.7063 12.1459
    endloop
  endfacet
  facet normal -1 0 0
    outer loop
      vertex 25.95 -28.0148 18.4589
      vertex 25.95 -30.6913 21.4314
      vertex 25.95 -29.8779 22.0902
    endloop
  endfacet
  facet normal -1 0 0
    outer loop
      vertex 25.95 -33.5106 10.9098
      vertex 25.95 -29.7063 12.1459
      vertex 25.95 -33.1355 9.93263
    endloop
  endfacet
  facet normal -1 0 0
    outer loop
      vertex 25.95 -28.4589 18.0148
      vertex 25.95 -31.4314 20.6913
      vertex 25.95 -30.6913 21.4314
    endloop
  endfacet
  facet normal -1 -0 0
    outer loop
      vertex 25.95 -29.7063 12.1459
      vertex 25.95 -33.5106 10.9098
      vertex 25.95 -29.8689 12.7525
    endloop
  endfacet
  facet normal -1 0 0
    outer loop
      vertex 25.95 -28.8541 17.5267
      vertex 25.95 -32.0902 19.8779
      vertex 25.95 -31.4314 20.6913
    endloop
  endfacet
  facet normal -1 0 0
    outer loop
      vertex 25.95 -33.7815 11.9209
      vertex 25.95 -29.8689 12.7525
      vertex 25.95 -33.5106 10.9098
    endloop
  endfacet
  facet normal -1 0 0
    outer loop
      vertex 25.95 -29.1962 17
      vertex 25.95 -32.6603 19
      vertex 25.95 -32.0902 19.8779
    endloop
  endfacet
  facet normal -1 -0 0
    outer loop
      vertex 25.95 -29.8689 12.7525
      vertex 25.95 -33.7815 11.9209
      vertex 25.95 -29.9671 13.3728
    endloop
  endfacet
  facet normal -1 0 0
    outer loop
      vertex 25.95 -29.4813 16.4404
      vertex 25.95 -33.1355 18.0674
      vertex 25.95 -32.6603 19
    endloop
  endfacet
  facet normal -1 0 0
    outer loop
      vertex 25.95 -33.9452 12.9547
      vertex 25.95 -29.9671 13.3728
      vertex 25.95 -33.7815 11.9209
    endloop
  endfacet
  facet normal -1 0 0
    outer loop
      vertex 25.95 -29.7063 15.8541
      vertex 25.95 -33.5106 17.0902
      vertex 25.95 -33.1355 18.0674
    endloop
  endfacet
  facet normal -1 -0 0
    outer loop
      vertex 25.95 -29.9671 13.3728
      vertex 25.95 -33.9452 12.9547
      vertex 25.95 -30 14
    endloop
  endfacet
  facet normal -1 0 0
    outer loop
      vertex 25.95 -29.8689 15.2475
      vertex 25.95 -33.7815 16.0791
      vertex 25.95 -33.5106 17.0902
    endloop
  endfacet
  facet normal -1 0 0
    outer loop
      vertex 25.95 -34 14
      vertex 25.95 -30 14
      vertex 25.95 -33.9452 12.9547
    endloop
  endfacet
  facet normal -1 0 0
    outer loop
      vertex 25.95 -29.9671 14.6272
      vertex 25.95 -33.9452 15.0453
      vertex 25.95 -33.7815 16.0791
    endloop
  endfacet
  facet normal -1 0 0
    outer loop
      vertex 25.95 -30 14
      vertex 25.95 -34 14
      vertex 25.95 -33.9452 15.0453
    endloop
  endfacet
  facet normal 1 0 0
    outer loop
      vertex 30.95 -14 27.0064
      vertex 30.95 -16 25
      vertex 30.95 -14 25.6667
    endloop
  endfacet
  facet normal 1 0 0
    outer loop
      vertex 30.95 -16 25
      vertex 30.95 -24 20
      vertex 30.95 -16 20
    endloop
  endfacet
  facet normal 1 0 0
    outer loop
      vertex 30.95 -26.0791 23.7815
      vertex 30.95 -16 25
      vertex 30.95 -14 27.0064
    endloop
  endfacet
  facet normal 1 0 0
    outer loop
      vertex 30.95 -16 25
      vertex 30.95 -26.0791 23.7815
      vertex 30.95 -24 20
    endloop
  endfacet
  facet normal 1 0 0
    outer loop
      vertex 30.95 -24 20
      vertex 30.95 -26.0791 23.7815
      vertex 30.95 -24.6272 19.9671
    endloop
  endfacet
  facet normal 1 0 0
    outer loop
      vertex 30.95 -24.6272 19.9671
      vertex 30.95 -26.0791 23.7815
      vertex 30.95 -25.2475 19.8689
    endloop
  endfacet
  facet normal 1 0 0
    outer loop
      vertex 30.95 -25.2475 19.8689
      vertex 30.95 -26.0791 23.7815
      vertex 30.95 -25.8541 19.7063
    endloop
  endfacet
  facet normal 1 -0 0
    outer loop
      vertex 30.95 -27.0902 23.5106
      vertex 30.95 -25.8541 19.7063
      vertex 30.95 -26.0791 23.7815
    endloop
  endfacet
  facet normal 1 0 0
    outer loop
      vertex 30.95 -25.8541 19.7063
      vertex 30.95 -27.0902 23.5106
      vertex 30.95 -26.4404 19.4813
    endloop
  endfacet
  facet normal 1 -0 0
    outer loop
      vertex 30.95 -28.0674 23.1355
      vertex 30.95 -26.4404 19.4813
      vertex 30.95 -27.0902 23.5106
    endloop
  endfacet
  facet normal 1 0 0
    outer loop
      vertex 30.95 -26.4404 19.4813
      vertex 30.95 -28.0674 23.1355
      vertex 30.95 -27 19.1962
    endloop
  endfacet
  facet normal 1 -0 0
    outer loop
      vertex 30.95 -29 22.6603
      vertex 30.95 -27 19.1962
      vertex 30.95 -28.0674 23.1355
    endloop
  endfacet
  facet normal 1 0 0
    outer loop
      vertex 30.95 -27 19.1962
      vertex 30.95 -29 22.6603
      vertex 30.95 -27.5267 18.8541
    endloop
  endfacet
  facet normal 1 -0 0
    outer loop
      vertex 30.95 -29.8779 22.0902
      vertex 30.95 -27.5267 18.8541
      vertex 30.95 -29 22.6603
    endloop
  endfacet
  facet normal 1 0 0
    outer loop
      vertex 30.95 -27.5267 18.8541
      vertex 30.95 -29.8779 22.0902
      vertex 30.95 -28.0148 18.4589
    endloop
  endfacet
  facet normal 1 -0 0
    outer loop
      vertex 30.95 -30.6913 21.4314
      vertex 30.95 -28.0148 18.4589
      vertex 30.95 -29.8779 22.0902
    endloop
  endfacet
  facet normal 1 0 0
    outer loop
      vertex 30.95 -28.0148 18.4589
      vertex 30.95 -30.6913 21.4314
      vertex 30.95 -28.4589 18.0148
    endloop
  endfacet
  facet normal 1 -0 0
    outer loop
      vertex 30.95 -31.4314 20.6913
      vertex 30.95 -28.4589 18.0148
      vertex 30.95 -30.6913 21.4314
    endloop
  endfacet
  facet normal 1 0 0
    outer loop
      vertex 30.95 -28.4589 18.0148
      vertex 30.95 -31.4314 20.6913
      vertex 30.95 -28.8541 17.5267
    endloop
  endfacet
  facet normal 1 -0 0
    outer loop
      vertex 30.95 -32.0902 19.8779
      vertex 30.95 -28.8541 17.5267
      vertex 30.95 -31.4314 20.6913
    endloop
  endfacet
  facet normal 1 0 0
    outer loop
      vertex 30.95 -28.8541 17.5267
      vertex 30.95 -32.0902 19.8779
      vertex 30.95 -29.1962 17
    endloop
  endfacet
  facet normal 1 -0 0
    outer loop
      vertex 30.95 -32.6603 19
      vertex 30.95 -29.1962 17
      vertex 30.95 -32.0902 19.8779
    endloop
  endfacet
  facet normal 1 0 0
    outer loop
      vertex 30.95 -29.1962 17
      vertex 30.95 -32.6603 19
      vertex 30.95 -29.4813 16.4404
    endloop
  endfacet
  facet normal 1 -0 0
    outer loop
      vertex 30.95 -33.1355 18.0674
      vertex 30.95 -29.4813 16.4404
      vertex 30.95 -32.6603 19
    endloop
  endfacet
  facet normal 1 0 0
    outer loop
      vertex 30.95 -16 8
      vertex 30.95 -24 8
      vertex 30.95 -16 3
    endloop
  endfacet
  facet normal 1 0 0
    outer loop
      vertex 30.95 -16 3
      vertex 30.95 -14 0.993649
      vertex 30.95 -14 2.33333
    endloop
  endfacet
  facet normal 1 -0 0
    outer loop
      vertex 30.95 -26.0791 4.21852
      vertex 30.95 -16 3
      vertex 30.95 -24 8
    endloop
  endfacet
  facet normal 1 0 0
    outer loop
      vertex 30.95 -26.0791 4.21852
      vertex 30.95 -24 8
      vertex 30.95 -24.6272 8.03287
    endloop
  endfacet
  facet normal 1 0 0
    outer loop
      vertex 30.95 -26.0791 4.21852
      vertex 30.95 -24.6272 8.03287
      vertex 30.95 -25.2475 8.13111
    endloop
  endfacet
  facet normal 1 0 0
    outer loop
      vertex 30.95 -26.0791 4.21852
      vertex 30.95 -25.2475 8.13111
      vertex 30.95 -25.8541 8.29366
    endloop
  endfacet
  facet normal 1 0 0
    outer loop
      vertex 30.95 -16 3
      vertex 30.95 -26.0791 4.21852
      vertex 30.95 -14 0.993649
    endloop
  endfacet
  facet normal 1 0 0
    outer loop
      vertex 30.95 -27.0902 4.48944
      vertex 30.95 -25.8541 8.29366
      vertex 30.95 -26.4404 8.51873
    endloop
  endfacet
  facet normal 1 0 0
    outer loop
      vertex 30.95 -28.0674 4.86455
      vertex 30.95 -26.4404 8.51873
      vertex 30.95 -27 8.80385
    endloop
  endfacet
  facet normal 1 0 0
    outer loop
      vertex 30.95 -25.8541 8.29366
      vertex 30.95 -27.0902 4.48944
      vertex 30.95 -26.0791 4.21852
    endloop
  endfacet
  facet normal 1 0 0
    outer loop
      vertex 30.95 -29 5.33975
      vertex 30.95 -27 8.80385
      vertex 30.95 -27.5267 9.1459
    endloop
  endfacet
  facet normal 1 0 0
    outer loop
      vertex 30.95 -29.8779 5.90983
      vertex 30.95 -27.5267 9.1459
      vertex 30.95 -28.0148 9.54113
    endloop
  endfacet
  facet normal 1 0 0
    outer loop
      vertex 30.95 -26.4404 8.51873
      vertex 30.95 -28.0674 4.86455
      vertex 30.95 -27.0902 4.48944
    endloop
  endfacet
  facet normal 1 0 0
    outer loop
      vertex 30.95 -30.6913 6.56855
      vertex 30.95 -28.0148 9.54113
      vertex 30.95 -28.4589 9.98522
    endloop
  endfacet
  facet normal 1 0 0
    outer loop
      vertex 30.95 -31.4314 7.30869
      vertex 30.95 -28.4589 9.98522
      vertex 30.95 -28.8541 10.4733
    endloop
  endfacet
  facet normal 1 0 0
    outer loop
      vertex 30.95 -27 8.80385
      vertex 30.95 -29 5.33975
      vertex 30.95 -28.0674 4.86455
    endloop
  endfacet
  facet normal 1 0 0
    outer loop
      vertex 30.95 -32.0902 8.12215
      vertex 30.95 -28.8541 10.4733
      vertex 30.95 -29.1962 11
    endloop
  endfacet
  facet normal 1 0 0
    outer loop
      vertex 30.95 -32.6603 9
      vertex 30.95 -29.1962 11
      vertex 30.95 -29.4813 11.5596
    endloop
  endfacet
  facet normal 1 0 0
    outer loop
      vertex 30.95 -33.1355 9.93263
      vertex 30.95 -29.4813 11.5596
      vertex 30.95 -29.7063 12.1459
    endloop
  endfacet
  facet normal 1 0 0
    outer loop
      vertex 30.95 -33.5106 10.9098
      vertex 30.95 -29.7063 12.1459
      vertex 30.95 -29.8689 12.7525
    endloop
  endfacet
  facet normal 1 0 0
    outer loop
      vertex 30.95 -27.5267 9.1459
      vertex 30.95 -29.8779 5.90983
      vertex 30.95 -29 5.33975
    endloop
  endfacet
  facet normal 1 0 0
    outer loop
      vertex 30.95 -33.7815 11.9209
      vertex 30.95 -29.8689 12.7525
      vertex 30.95 -29.9671 13.3728
    endloop
  endfacet
  facet normal 1 0 0
    outer loop
      vertex 30.95 -33.9452 12.9547
      vertex 30.95 -29.9671 13.3728
      vertex 30.95 -30 14
    endloop
  endfacet
  facet normal 1 0 0
    outer loop
      vertex 30.95 -29.4813 16.4404
      vertex 30.95 -33.1355 18.0674
      vertex 30.95 -29.7063 15.8541
    endloop
  endfacet
  facet normal 1 0 0
    outer loop
      vertex 30.95 -28.0148 9.54113
      vertex 30.95 -30.6913 6.56855
      vertex 30.95 -29.8779 5.90983
    endloop
  endfacet
  facet normal 1 -0 0
    outer loop
      vertex 30.95 -33.5106 17.0902
      vertex 30.95 -29.7063 15.8541
      vertex 30.95 -33.1355 18.0674
    endloop
  endfacet
  facet normal 1 0 0
    outer loop
      vertex 30.95 -28.4589 9.98522
      vertex 30.95 -31.4314 7.30869
      vertex 30.95 -30.6913 6.56855
    endloop
  endfacet
  facet normal 1 0 0
    outer loop
      vertex 30.95 -29.7063 15.8541
      vertex 30.95 -33.5106 17.0902
      vertex 30.95 -29.8689 15.2475
    endloop
  endfacet
  facet normal 1 0 0
    outer loop
      vertex 30.95 -28.8541 10.4733
      vertex 30.95 -32.0902 8.12215
      vertex 30.95 -31.4314 7.30869
    endloop
  endfacet
  facet normal 1 -0 0
    outer loop
      vertex 30.95 -33.7815 16.0791
      vertex 30.95 -29.8689 15.2475
      vertex 30.95 -33.5106 17.0902
    endloop
  endfacet
  facet normal 1 0 0
    outer loop
      vertex 30.95 -29.1962 11
      vertex 30.95 -32.6603 9
      vertex 30.95 -32.0902 8.12215
    endloop
  endfacet
  facet normal 1 0 0
    outer loop
      vertex 30.95 -29.8689 15.2475
      vertex 30.95 -33.7815 16.0791
      vertex 30.95 -29.9671 14.6272
    endloop
  endfacet
  facet normal 1 0 0
    outer loop
      vertex 30.95 -29.4813 11.5596
      vertex 30.95 -33.1355 9.93263
      vertex 30.95 -32.6603 9
    endloop
  endfacet
  facet normal 1 -0 0
    outer loop
      vertex 30.95 -33.9452 15.0453
      vertex 30.95 -29.9671 14.6272
      vertex 30.95 -33.7815 16.0791
    endloop
  endfacet
  facet normal 1 0 0
    outer loop
      vertex 30.95 -29.7063 12.1459
      vertex 30.95 -33.5106 10.9098
      vertex 30.95 -33.1355 9.93263
    endloop
  endfacet
  facet normal 1 0 0
    outer loop
      vertex 30.95 -29.9671 14.6272
      vertex 30.95 -33.9452 15.0453
      vertex 30.95 -30 14
    endloop
  endfacet
  facet normal 1 0 0
    outer loop
      vertex 30.95 -29.8689 12.7525
      vertex 30.95 -33.7815 11.9209
      vertex 30.95 -33.5106 10.9098
    endloop
  endfacet
  facet normal 1 0 0
    outer loop
      vertex 30.95 -34 14
      vertex 30.95 -30 14
      vertex 30.95 -33.9452 15.0453
    endloop
  endfacet
  facet normal 1 0 0
    outer loop
      vertex 30.95 -29.9671 13.3728
      vertex 30.95 -33.9452 12.9547
      vertex 30.95 -33.7815 11.9209
    endloop
  endfacet
  facet normal 1 0 0
    outer loop
      vertex 30.95 -30 14
      vertex 30.95 -34 14
      vertex 30.95 -33.9452 12.9547
    endloop
  endfacet
  facet normal 0 -0.454003 -0.891
    outer loop
      vertex 25.95 -29 5.33975
      vertex 30.95 -28.0674 4.86455
      vertex 30.95 -29 5.33975
    endloop
  endfacet
  facet normal -0 -0.454003 -0.891
    outer loop
      vertex 30.95 -28.0674 4.86455
      vertex 25.95 -29 5.33975
      vertex 25.95 -28.0674 4.86455
    endloop
  endfacet
  facet normal 0 -0.544629 0.838677
    outer loop
      vertex 25.95 -29 22.6603
      vertex 30.95 -29.8779 22.0902
      vertex 30.95 -29 22.6603
    endloop
  endfacet
  facet normal 0 -0.544629 0.838677
    outer loop
      vertex 30.95 -29.8779 22.0902
      vertex 25.95 -29 22.6603
      vertex 25.95 -29.8779 22.0902
    endloop
  endfacet
  facet normal 0 -0.998629 0.0523532
    outer loop
      vertex 25.95 -34 14
      vertex 30.95 -33.9452 15.0453
      vertex 25.95 -33.9452 15.0453
    endloop
  endfacet
  facet normal 0 -0.998629 0.0523532
    outer loop
      vertex 30.95 -33.9452 15.0453
      vertex 25.95 -34 14
      vertex 30.95 -34 14
    endloop
  endfacet
  facet normal 0 -0.933581 -0.358368
    outer loop
      vertex 25.95 -33.1355 9.93263
      vertex 30.95 -33.5106 10.9098
      vertex 25.95 -33.5106 10.9098
    endloop
  endfacet
  facet normal 0 -0.933581 -0.358368
    outer loop
      vertex 30.95 -33.5106 10.9098
      vertex 25.95 -33.1355 9.93263
      vertex 30.95 -33.1355 9.93263
    endloop
  endfacet
  facet normal 0 -0.891 0.454003
    outer loop
      vertex 25.95 -33.1355 18.0674
      vertex 30.95 -32.6603 19
      vertex 25.95 -32.6603 19
    endloop
  endfacet
  facet normal 0 -0.891 0.454003
    outer loop
      vertex 30.95 -32.6603 19
      vertex 25.95 -33.1355 18.0674
      vertex 30.95 -33.1355 18.0674
    endloop
  endfacet
  facet normal 0 -0.358358 0.933584
    outer loop
      vertex 25.95 -27.0902 23.5106
      vertex 30.95 -28.0674 23.1355
      vertex 30.95 -27.0902 23.5106
    endloop
  endfacet
  facet normal 0 -0.358358 0.933584
    outer loop
      vertex 30.95 -28.0674 23.1355
      vertex 25.95 -27.0902 23.5106
      vertex 25.95 -28.0674 23.1355
    endloop
  endfacet
  facet normal 0 -0.454003 0.891
    outer loop
      vertex 25.95 -28.0674 23.1355
      vertex 30.95 -29 22.6603
      vertex 30.95 -28.0674 23.1355
    endloop
  endfacet
  facet normal 0 -0.454003 0.891
    outer loop
      vertex 30.95 -29 22.6603
      vertex 25.95 -28.0674 23.1355
      vertex 25.95 -29 22.6603
    endloop
  endfacet
  facet normal 0 -0.965931 -0.258798
    outer loop
      vertex 25.95 -33.5106 10.9098
      vertex 30.95 -33.7815 11.9209
      vertex 25.95 -33.7815 11.9209
    endloop
  endfacet
  facet normal 0 -0.965931 -0.258798
    outer loop
      vertex 30.95 -33.7815 11.9209
      vertex 25.95 -33.5106 10.9098
      vertex 30.95 -33.5106 10.9098
    endloop
  endfacet
  facet normal 0 -0.838663 -0.544651
    outer loop
      vertex 25.95 -32.0902 8.12215
      vertex 30.95 -32.6603 9
      vertex 25.95 -32.6603 9
    endloop
  endfacet
  facet normal 0 -0.838663 -0.544651
    outer loop
      vertex 30.95 -32.6603 9
      vertex 25.95 -32.0902 8.12215
      vertex 30.95 -32.0902 8.12215
    endloop
  endfacet
  facet normal 0 -0.891006 -0.453991
    outer loop
      vertex 25.95 -32.6603 9
      vertex 30.95 -33.1355 9.93263
      vertex 25.95 -33.1355 9.93263
    endloop
  endfacet
  facet normal 0 -0.891006 -0.453991
    outer loop
      vertex 30.95 -33.1355 9.93263
      vertex 25.95 -32.6603 9
      vertex 30.95 -32.6603 9
    endloop
  endfacet
  facet normal 0 -0.358366 -0.933581
    outer loop
      vertex 25.95 -28.0674 4.86455
      vertex 30.95 -27.0902 4.48944
      vertex 30.95 -28.0674 4.86455
    endloop
  endfacet
  facet normal -0 -0.358366 -0.933581
    outer loop
      vertex 30.95 -27.0902 4.48944
      vertex 25.95 -28.0674 4.86455
      vertex 25.95 -27.0902 4.48944
    endloop
  endfacet
  facet normal 0 -0.258816 -0.965927
    outer loop
      vertex 25.95 -27.0902 4.48944
      vertex 30.95 -26.0791 4.21852
      vertex 30.95 -27.0902 4.48944
    endloop
  endfacet
  facet normal -0 -0.258816 -0.965927
    outer loop
      vertex 30.95 -26.0791 4.21852
      vertex 25.95 -27.0902 4.48944
      vertex 25.95 -26.0791 4.21852
    endloop
  endfacet
  facet normal 0 -0.965931 0.258798
    outer loop
      vertex 25.95 -33.7815 16.0791
      vertex 30.95 -33.5106 17.0902
      vertex 25.95 -33.5106 17.0902
    endloop
  endfacet
  facet normal 0 -0.965931 0.258798
    outer loop
      vertex 30.95 -33.5106 17.0902
      vertex 25.95 -33.7815 16.0791
      vertex 30.95 -33.7815 16.0791
    endloop
  endfacet
  facet normal 0 -0.838677 0.544629
    outer loop
      vertex 25.95 -32.6603 19
      vertex 30.95 -32.0902 19.8779
      vertex 25.95 -32.0902 19.8779
    endloop
  endfacet
  facet normal 0 -0.838677 0.544629
    outer loop
      vertex 30.95 -32.0902 19.8779
      vertex 25.95 -32.6603 19
      vertex 30.95 -32.6603 19
    endloop
  endfacet
  facet normal 0 -0.257947 0.966159
    outer loop
      vertex 25.95 -14 27.0064
      vertex 30.95 -26.0791 23.7815
      vertex 30.95 -14 27.0064
    endloop
  endfacet
  facet normal 0 -0.257947 0.966159
    outer loop
      vertex 30.95 -26.0791 23.7815
      vertex 25.95 -14 27.0064
      vertex 25.95 -26.0791 23.7815
    endloop
  endfacet
  facet normal 0 -0.258798 0.965931
    outer loop
      vertex 25.95 -26.0791 23.7815
      vertex 30.95 -27.0902 23.5106
      vertex 30.95 -26.0791 23.7815
    endloop
  endfacet
  facet normal 0 -0.258798 0.965931
    outer loop
      vertex 30.95 -27.0902 23.5106
      vertex 25.95 -26.0791 23.7815
      vertex 25.95 -27.0902 23.5106
    endloop
  endfacet
  facet normal 0 -0.998629 -0.0523532
    outer loop
      vertex 25.95 -33.9452 12.9547
      vertex 30.95 -34 14
      vertex 25.95 -34 14
    endloop
  endfacet
  facet normal 0 -0.998629 -0.0523532
    outer loop
      vertex 30.95 -34 14
      vertex 25.95 -33.9452 12.9547
      vertex 30.95 -33.9452 12.9547
    endloop
  endfacet
  facet normal 0 -0.544616 -0.838686
    outer loop
      vertex 25.95 -29.8779 5.90983
      vertex 30.95 -29 5.33975
      vertex 30.95 -29.8779 5.90983
    endloop
  endfacet
  facet normal -0 -0.544616 -0.838686
    outer loop
      vertex 30.95 -29 5.33975
      vertex 25.95 -29.8779 5.90983
      vertex 25.95 -29 5.33975
    endloop
  endfacet
  facet normal 0 -0.257945 -0.96616
    outer loop
      vertex 25.95 -26.0791 4.21852
      vertex 30.95 -14 0.993649
      vertex 30.95 -26.0791 4.21852
    endloop
  endfacet
  facet normal -0 -0.257945 -0.96616
    outer loop
      vertex 30.95 -14 0.993649
      vertex 25.95 -26.0791 4.21852
      vertex 25.95 -14 0.993649
    endloop
  endfacet
  facet normal 0 -0.987694 0.156399
    outer loop
      vertex 25.95 -33.9452 15.0453
      vertex 30.95 -33.7815 16.0791
      vertex 25.95 -33.7815 16.0791
    endloop
  endfacet
  facet normal 0 -0.987694 0.156399
    outer loop
      vertex 30.95 -33.7815 16.0791
      vertex 25.95 -33.9452 15.0453
      vertex 30.95 -33.9452 15.0453
    endloop
  endfacet
  facet normal 0 -0.933584 0.358358
    outer loop
      vertex 25.95 -33.5106 17.0902
      vertex 30.95 -33.1355 18.0674
      vertex 25.95 -33.1355 18.0674
    endloop
  endfacet
  facet normal 0 -0.933584 0.358358
    outer loop
      vertex 30.95 -33.1355 18.0674
      vertex 25.95 -33.5106 17.0902
      vertex 30.95 -33.5106 17.0902
    endloop
  endfacet
  facet normal 0 -0.629391 0.777089
    outer loop
      vertex 25.95 -29.8779 22.0902
      vertex 30.95 -30.6913 21.4314
      vertex 30.95 -29.8779 22.0902
    endloop
  endfacet
  facet normal 0 -0.629391 0.777089
    outer loop
      vertex 30.95 -30.6913 21.4314
      vertex 25.95 -29.8779 22.0902
      vertex 25.95 -30.6913 21.4314
    endloop
  endfacet
  facet normal 0 -0.987694 -0.156399
    outer loop
      vertex 25.95 -33.7815 11.9209
      vertex 30.95 -33.9452 12.9547
      vertex 25.95 -33.9452 12.9547
    endloop
  endfacet
  facet normal 0 -0.987694 -0.156399
    outer loop
      vertex 30.95 -33.9452 12.9547
      vertex 25.95 -33.7815 11.9209
      vertex 30.95 -33.7815 11.9209
    endloop
  endfacet
  facet normal 0 -0.777089 0.629391
    outer loop
      vertex 25.95 -32.0902 19.8779
      vertex 30.95 -31.4314 20.6913
      vertex 25.95 -31.4314 20.6913
    endloop
  endfacet
  facet normal 0 -0.777089 0.629391
    outer loop
      vertex 30.95 -31.4314 20.6913
      vertex 25.95 -32.0902 19.8779
      vertex 30.95 -32.0902 19.8779
    endloop
  endfacet
  facet normal 0 -0.707107 0.707107
    outer loop
      vertex 25.95 -31.4314 20.6913
      vertex 30.95 -30.6913 21.4314
      vertex 25.95 -30.6913 21.4314
    endloop
  endfacet
  facet normal 0 -0.707107 0.707107
    outer loop
      vertex 30.95 -30.6913 21.4314
      vertex 25.95 -31.4314 20.6913
      vertex 30.95 -31.4314 20.6913
    endloop
  endfacet
  facet normal 0 -0.777112 -0.629363
    outer loop
      vertex 25.95 -31.4314 7.30869
      vertex 30.95 -32.0902 8.12215
      vertex 25.95 -32.0902 8.12215
    endloop
  endfacet
  facet normal 0 -0.777112 -0.629363
    outer loop
      vertex 30.95 -32.0902 8.12215
      vertex 25.95 -31.4314 7.30869
      vertex 30.95 -31.4314 7.30869
    endloop
  endfacet
  facet normal 0 -0.707126 -0.707088
    outer loop
      vertex 25.95 -30.6913 6.56855
      vertex 30.95 -31.4314 7.30869
      vertex 25.95 -31.4314 7.30869
    endloop
  endfacet
  facet normal 0 -0.707126 -0.707088
    outer loop
      vertex 30.95 -31.4314 7.30869
      vertex 25.95 -30.6913 6.56855
      vertex 30.95 -30.6913 6.56855
    endloop
  endfacet
  facet normal 0 -0.629344 -0.777126
    outer loop
      vertex 25.95 -30.6913 6.56855
      vertex 30.95 -29.8779 5.90983
      vertex 30.95 -30.6913 6.56855
    endloop
  endfacet
  facet normal -0 -0.629344 -0.777126
    outer loop
      vertex 30.95 -29.8779 5.90983
      vertex 25.95 -30.6913 6.56855
      vertex 25.95 -29.8779 5.90983
    endloop
  endfacet
  facet normal 2.3717e-05 -0.316242 0.948679
    outer loop
      vertex 30.95 -14 25.6667
      vertex 30.95 -16 25
      vertex 33.1134 -12.7549 26.0817
    endloop
  endfacet
  facet normal -2.3717e-05 -0.316242 0.948679
    outer loop
      vertex 25.95 -14 25.6667
      vertex 23.7866 -12.7549 26.0817
      vertex 25.95 -16 25
    endloop
  endfacet
  facet normal 0.831682 -0.555252 0
    outer loop
      vertex 33.1134 -12.7549 26.0817
      vertex 33.067 -12.8244 19.618
      vertex 33.1134 -12.7549 19.5617
    endloop
  endfacet
  facet normal 0.832193 -0.554487 -1.18973e-05
    outer loop
      vertex 33.1134 -12.7549 26.0817
      vertex 32.95 -13 19.732
      vertex 33.067 -12.8244 19.618
    endloop
  endfacet
  facet normal 0.831916 -0.554902 1.12573e-05
    outer loop
      vertex 33.1134 -12.7549 26.0817
      vertex 32.8256 -13.1865 19.8271
      vertex 32.95 -13 19.732
    endloop
  endfacet
  facet normal 0.832304 -0.55432 -4.68026e-05
    outer loop
      vertex 33.1134 -12.7549 26.0817
      vertex 32.6954 -13.382 19.9021
      vertex 32.8256 -13.1865 19.8271
    endloop
  endfacet
  facet normal 0.832051 -0.554699 8.73862e-06
    outer loop
      vertex 33.1134 -12.7549 26.0817
      vertex 32.5606 -13.5842 19.9563
      vertex 32.6954 -13.382 19.9021
    endloop
  endfacet
  facet normal 0.831869 -0.554972 6.22082e-05
    outer loop
      vertex 33.1134 -12.7549 26.0817
      vertex 32.4227 -13.7909 19.989
      vertex 32.5606 -13.5842 19.9563
    endloop
  endfacet
  facet normal 0.832051 -0.554699 -4.82569e-06
    outer loop
      vertex 30.95 -16 25
      vertex 32.4227 -13.7909 19.989
      vertex 33.1134 -12.7549 26.0817
    endloop
  endfacet
  facet normal 0.83205 -0.5547 -5.66623e-06
    outer loop
      vertex 32.4227 -13.7909 19.989
      vertex 30.95 -16 25
      vertex 32.2833 -14 20
    endloop
  endfacet
  facet normal 0.832057 -0.554691 0
    outer loop
      vertex 32.2833 -14 20
      vertex 30.95 -16 25
      vertex 30.95 -16 20
    endloop
  endfacet
  facet normal 0.831682 -0.555252 0
    outer loop
      vertex 33.067 -12.8244 8.38197
      vertex 33.1134 -12.7549 1.91829
      vertex 33.1134 -12.7549 8.4383
    endloop
  endfacet
  facet normal 0.832193 -0.554487 1.18973e-05
    outer loop
      vertex 32.95 -13 8.26795
      vertex 33.1134 -12.7549 1.91829
      vertex 33.067 -12.8244 8.38197
    endloop
  endfacet
  facet normal 0.831916 -0.554902 -1.12575e-05
    outer loop
      vertex 32.8256 -13.1865 8.17291
      vertex 33.1134 -12.7549 1.91829
      vertex 32.95 -13 8.26795
    endloop
  endfacet
  facet normal 0.832304 -0.55432 4.68021e-05
    outer loop
      vertex 32.6954 -13.382 8.09789
      vertex 33.1134 -12.7549 1.91829
      vertex 32.8256 -13.1865 8.17291
    endloop
  endfacet
  facet normal 0.832051 -0.554699 -8.73866e-06
    outer loop
      vertex 32.5606 -13.5842 8.0437
      vertex 33.1134 -12.7549 1.91829
      vertex 32.6954 -13.382 8.09789
    endloop
  endfacet
  facet normal 0.831869 -0.554972 -6.22065e-05
    outer loop
      vertex 32.4227 -13.7909 8.01096
      vertex 33.1134 -12.7549 1.91829
      vertex 32.5606 -13.5842 8.0437
    endloop
  endfacet
  facet normal 0.83205 -0.5547 5.66579e-06
    outer loop
      vertex 30.95 -16 3
      vertex 32.4227 -13.7909 8.01096
      vertex 32.2833 -14 8
    endloop
  endfacet
  facet normal 0.832057 -0.554691 0
    outer loop
      vertex 30.95 -16 3
      vertex 32.2833 -14 8
      vertex 30.95 -16 8
    endloop
  endfacet
  facet normal 0.832051 -0.554699 4.82572e-06
    outer loop
      vertex 32.4227 -13.7909 8.01096
      vertex 30.95 -16 3
      vertex 33.1134 -12.7549 1.91829
    endloop
  endfacet
  facet normal -0.831682 -0.555252 0
    outer loop
      vertex 23.7866 -12.7549 1.91829
      vertex 23.833 -12.8244 8.38197
      vertex 23.7866 -12.7549 8.4383
    endloop
  endfacet
  facet normal -0.832193 -0.554487 1.18973e-05
    outer loop
      vertex 23.7866 -12.7549 1.91829
      vertex 23.95 -13 8.26795
      vertex 23.833 -12.8244 8.38197
    endloop
  endfacet
  facet normal -0.831916 -0.554902 -1.12575e-05
    outer loop
      vertex 23.7866 -12.7549 1.91829
      vertex 24.0744 -13.1865 8.17291
      vertex 23.95 -13 8.26795
    endloop
  endfacet
  facet normal -0.832304 -0.55432 4.68021e-05
    outer loop
      vertex 23.7866 -12.7549 1.91829
      vertex 24.2046 -13.382 8.09789
      vertex 24.0744 -13.1865 8.17291
    endloop
  endfacet
  facet normal -0.831866 -0.554976 -4.93806e-05
    outer loop
      vertex 23.7866 -12.7549 1.91829
      vertex 24.3395 -13.5842 8.0437
      vertex 24.2046 -13.382 8.09789
    endloop
  endfacet
  facet normal -0.83205 -0.554701 4.4328e-06
    outer loop
      vertex 23.7866 -12.7549 1.91829
      vertex 24.4773 -13.7909 8.01096
      vertex 24.3395 -13.5842 8.0437
    endloop
  endfacet
  facet normal -0.832051 -0.554699 4.82572e-06
    outer loop
      vertex 25.95 -16 3
      vertex 24.4773 -13.7909 8.01096
      vertex 23.7866 -12.7549 1.91829
    endloop
  endfacet
  facet normal -0.83205 -0.5547 5.66579e-06
    outer loop
      vertex 24.4773 -13.7909 8.01096
      vertex 25.95 -16 3
      vertex 24.6167 -14 8
    endloop
  endfacet
  facet normal -0.832057 -0.554691 0
    outer loop
      vertex 24.6167 -14 8
      vertex 25.95 -16 3
      vertex 25.95 -16 8
    endloop
  endfacet
  facet normal -0.831682 -0.555252 0
    outer loop
      vertex 23.833 -12.8244 19.618
      vertex 23.7866 -12.7549 26.0817
      vertex 23.7866 -12.7549 19.5617
    endloop
  endfacet
  facet normal -0.832193 -0.554487 -1.18973e-05
    outer loop
      vertex 23.95 -13 19.732
      vertex 23.7866 -12.7549 26.0817
      vertex 23.833 -12.8244 19.618
    endloop
  endfacet
  facet normal -0.831916 -0.554902 1.12573e-05
    outer loop
      vertex 24.0744 -13.1865 19.8271
      vertex 23.7866 -12.7549 26.0817
      vertex 23.95 -13 19.732
    endloop
  endfacet
  facet normal -0.832304 -0.55432 -4.68026e-05
    outer loop
      vertex 24.2046 -13.382 19.9021
      vertex 23.7866 -12.7549 26.0817
      vertex 24.0744 -13.1865 19.8271
    endloop
  endfacet
  facet normal -0.831866 -0.554976 4.93804e-05
    outer loop
      vertex 24.3395 -13.5842 19.9563
      vertex 23.7866 -12.7549 26.0817
      vertex 24.2046 -13.382 19.9021
    endloop
  endfacet
  facet normal -0.83205 -0.554701 -4.43292e-06
    outer loop
      vertex 24.4773 -13.7909 19.989
      vertex 23.7866 -12.7549 26.0817
      vertex 24.3395 -13.5842 19.9563
    endloop
  endfacet
  facet normal -0.83205 -0.5547 -5.66623e-06
    outer loop
      vertex 25.95 -16 25
      vertex 24.4773 -13.7909 19.989
      vertex 24.6167 -14 20
    endloop
  endfacet
  facet normal -0.832057 -0.554691 -0
    outer loop
      vertex 25.95 -16 25
      vertex 24.6167 -14 20
      vertex 25.95 -16 20
    endloop
  endfacet
  facet normal -0.832051 -0.554699 -4.82569e-06
    outer loop
      vertex 24.4773 -13.7909 19.989
      vertex 25.95 -16 25
      vertex 23.7866 -12.7549 26.0817
    endloop
  endfacet
  facet normal -2.01344e-06 -0.316229 -0.948683
    outer loop
      vertex 33.1134 -12.7549 1.91829
      vertex 30.95 -16 3
      vertex 30.95 -14 2.33333
    endloop
  endfacet
  facet normal 2.01344e-06 -0.316229 -0.948683
    outer loop
      vertex 25.95 -16 3
      vertex 23.7866 -12.7549 1.91829
      vertex 25.95 -14 2.33333
    endloop
  endfacet
  facet normal 0.498816 -0.866708 0
    outer loop
      vertex 30.95 -14 2.33333
      vertex 30.95 -14 0.993649
      vertex 33.1134 -12.7549 1.91829
    endloop
  endfacet
  facet normal 0.498816 -0.866708 0
    outer loop
      vertex 30.95 -14 27.0064
      vertex 30.95 -14 25.6667
      vertex 33.1134 -12.7549 26.0817
    endloop
  endfacet
  facet normal 0.498816 -0.866708 0
    outer loop
      vertex 33.1134 -12.7549 26.0817
      vertex 30.95 -14 28
      vertex 30.95 -14 27.0064
    endloop
  endfacet
  facet normal 0.498823 -0.866704 1.00763e-05
    outer loop
      vertex 30.95 -14 28
      vertex 33.1134 -12.7549 26.0817
      vertex 37.9 -10 28
    endloop
  endfacet
  facet normal 0.499135 -0.866524 0
    outer loop
      vertex 33.2752 -12.6617 19.4863
      vertex 33.1134 -12.7549 26.0817
      vertex 33.1134 -12.7549 19.5617
    endloop
  endfacet
  facet normal 0.498744 -0.866749 -1.27702e-05
    outer loop
      vertex 33.5324 -12.5137 19.3383
      vertex 33.1134 -12.7549 26.0817
      vertex 33.2752 -12.6617 19.4863
    endloop
  endfacet
  facet normal 0.498697 -0.866776 -1.66729e-05
    outer loop
      vertex 33.7613 -12.382 19.1756
      vertex 33.1134 -12.7549 26.0817
      vertex 33.5324 -12.5137 19.3383
    endloop
  endfacet
  facet normal 0.498826 -0.866702 -5.92043e-07
    outer loop
      vertex 33.1134 -12.7549 26.0817
      vertex 33.7613 -12.382 19.1756
      vertex 37.9 -10 28
    endloop
  endfacet
  facet normal 0.499022 -0.866589 -0.000123069
    outer loop
      vertex 33.9594 -12.2679 19
      vertex 37.9 -10 28
      vertex 33.7613 -12.382 19.1756
    endloop
  endfacet
  facet normal 0.49861 -0.866826 0.000117079
    outer loop
      vertex 34.1246 -12.1729 18.8135
      vertex 37.9 -10 28
      vertex 33.9594 -12.2679 19
    endloop
  endfacet
  facet normal 0.498845 -0.866691 -1.17031e-05
    outer loop
      vertex 34.2549 -12.0979 18.618
      vertex 37.9 -10 28
      vertex 34.1246 -12.1729 18.8135
    endloop
  endfacet
  facet normal 0.498763 -0.866738 3.08873e-05
    outer loop
      vertex 34.3491 -12.0437 18.4158
      vertex 37.9 -10 28
      vertex 34.2549 -12.0979 18.618
    endloop
  endfacet
  facet normal 0.498589 -0.866838 0.000116612
    outer loop
      vertex 34.406 -12.011 18.2091
      vertex 37.9 -10 28
      vertex 34.3491 -12.0437 18.4158
    endloop
  endfacet
  facet normal 0.499282 -0.866439 -0.000212682
    outer loop
      vertex 34.425 -12 18
      vertex 37.9 -10 28
      vertex 34.406 -12.011 18.2091
    endloop
  endfacet
  facet normal 0.498823 -0.866704 0
    outer loop
      vertex 34.425 -12 10
      vertex 37.9 -10 28
      vertex 34.425 -12 18
    endloop
  endfacet
  facet normal 0.499282 -0.866439 0.000212714
    outer loop
      vertex 37.9 -10 0
      vertex 34.425 -12 10
      vertex 34.406 -12.011 9.79094
    endloop
  endfacet
  facet normal 0.499135 -0.866524 0
    outer loop
      vertex 33.1134 -12.7549 1.91829
      vertex 33.2752 -12.6617 8.51371
      vertex 33.1134 -12.7549 8.4383
    endloop
  endfacet
  facet normal 0.498744 -0.866749 1.27702e-05
    outer loop
      vertex 33.1134 -12.7549 1.91829
      vertex 33.5324 -12.5137 8.66174
      vertex 33.2752 -12.6617 8.51371
    endloop
  endfacet
  facet normal 0.498697 -0.866776 1.66727e-05
    outer loop
      vertex 33.1134 -12.7549 1.91829
      vertex 33.7613 -12.382 8.82443
      vertex 33.5324 -12.5137 8.66174
    endloop
  endfacet
  facet normal 0.498826 -0.866702 5.9204e-07
    outer loop
      vertex 37.9 -10 0
      vertex 33.7613 -12.382 8.82443
      vertex 33.1134 -12.7549 1.91829
    endloop
  endfacet
  facet normal 0.499022 -0.866589 0.000123075
    outer loop
      vertex 33.7613 -12.382 8.82443
      vertex 37.9 -10 0
      vertex 33.9594 -12.2679 9
    endloop
  endfacet
  facet normal 0.49861 -0.866826 -0.000117073
    outer loop
      vertex 33.9594 -12.2679 9
      vertex 37.9 -10 0
      vertex 34.1246 -12.1729 9.18653
    endloop
  endfacet
  facet normal 0.498845 -0.866691 1.17045e-05
    outer loop
      vertex 34.1246 -12.1729 9.18653
      vertex 37.9 -10 0
      vertex 34.2549 -12.0979 9.38197
    endloop
  endfacet
  facet normal 0.498763 -0.866738 -3.08866e-05
    outer loop
      vertex 34.2549 -12.0979 9.38197
      vertex 37.9 -10 0
      vertex 34.3491 -12.0437 9.58418
    endloop
  endfacet
  facet normal 0.498589 -0.866838 -0.000116592
    outer loop
      vertex 34.3491 -12.0437 9.58418
      vertex 37.9 -10 0
      vertex 34.406 -12.011 9.79094
    endloop
  endfacet
  facet normal 0.498816 -0.866708 0
    outer loop
      vertex 30.95 -14 0
      vertex 33.1134 -12.7549 1.91829
      vertex 30.95 -14 0.993649
    endloop
  endfacet
  facet normal 0.498823 -0.866704 0
    outer loop
      vertex 34.425 -12 10
      vertex 37.9 -10 0
      vertex 37.9 -10 28
    endloop
  endfacet
  facet normal 0.498823 -0.866704 -1.00764e-05
    outer loop
      vertex 37.9 -10 0
      vertex 33.1134 -12.7549 1.91829
      vertex 30.95 -14 0
    endloop
  endfacet
  facet normal 0 -1 0
    outer loop
      vertex 25.95 -14 0
      vertex 30.95 -14 0.993649
      vertex 25.95 -14 0.993649
    endloop
  endfacet
  facet normal 0 -1 -0
    outer loop
      vertex 30.95 -14 0.993649
      vertex 25.95 -14 0
      vertex 30.95 -14 0
    endloop
  endfacet
  facet normal 0 -1 0
    outer loop
      vertex 25.95 -14 27.0064
      vertex 30.95 -14 28
      vertex 25.95 -14 28
    endloop
  endfacet
  facet normal 0 -1 -0
    outer loop
      vertex 30.95 -14 28
      vertex 25.95 -14 27.0064
      vertex 30.95 -14 27.0064
    endloop
  endfacet
  facet normal -0.498823 -0.866704 1.00763e-05
    outer loop
      vertex 23.7866 -12.7549 26.0817
      vertex 25.95 -14 28
      vertex 19 -10 28
    endloop
  endfacet
  facet normal -0.498816 -0.866708 -0
    outer loop
      vertex 25.95 -14 28
      vertex 23.7866 -12.7549 26.0817
      vertex 25.95 -14 27.0064
    endloop
  endfacet
  facet normal -0.498826 -0.866702 -5.92043e-07
    outer loop
      vertex 23.1387 -12.382 19.1756
      vertex 23.7866 -12.7549 26.0817
      vertex 19 -10 28
    endloop
  endfacet
  facet normal -0.499135 -0.866524 -0
    outer loop
      vertex 23.7866 -12.7549 26.0817
      vertex 23.6248 -12.6617 19.4863
      vertex 23.7866 -12.7549 19.5617
    endloop
  endfacet
  facet normal -0.498744 -0.866749 -1.27702e-05
    outer loop
      vertex 23.7866 -12.7549 26.0817
      vertex 23.3676 -12.5137 19.3383
      vertex 23.6248 -12.6617 19.4863
    endloop
  endfacet
  facet normal -0.498697 -0.866776 -1.66729e-05
    outer loop
      vertex 23.7866 -12.7549 26.0817
      vertex 23.1387 -12.382 19.1756
      vertex 23.3676 -12.5137 19.3383
    endloop
  endfacet
  facet normal -0.499022 -0.866589 -0.000123069
    outer loop
      vertex 19 -10 28
      vertex 22.9406 -12.2679 19
      vertex 23.1387 -12.382 19.1756
    endloop
  endfacet
  facet normal -0.49861 -0.866826 0.000117079
    outer loop
      vertex 19 -10 28
      vertex 22.7754 -12.1729 18.8135
      vertex 22.9406 -12.2679 19
    endloop
  endfacet
  facet normal -0.498845 -0.866691 -1.17031e-05
    outer loop
      vertex 19 -10 28
      vertex 22.6451 -12.0979 18.618
      vertex 22.7754 -12.1729 18.8135
    endloop
  endfacet
  facet normal -0.498763 -0.866738 3.08873e-05
    outer loop
      vertex 19 -10 28
      vertex 22.5509 -12.0437 18.4158
      vertex 22.6451 -12.0979 18.618
    endloop
  endfacet
  facet normal -0.498589 -0.866838 0.000116612
    outer loop
      vertex 19 -10 28
      vertex 22.494 -12.011 18.2091
      vertex 22.5509 -12.0437 18.4158
    endloop
  endfacet
  facet normal -0.499282 -0.866439 -0.000212682
    outer loop
      vertex 19 -10 28
      vertex 22.475 -12 18
      vertex 22.494 -12.011 18.2091
    endloop
  endfacet
  facet normal -0.498823 -0.866704 0
    outer loop
      vertex 19 -10 28
      vertex 22.475 -12 10
      vertex 22.475 -12 18
    endloop
  endfacet
  facet normal -0.498823 -0.866704 0
    outer loop
      vertex 19 -10 0
      vertex 22.475 -12 10
      vertex 19 -10 28
    endloop
  endfacet
  facet normal -0.499135 -0.866524 0
    outer loop
      vertex 23.6248 -12.6617 8.51371
      vertex 23.7866 -12.7549 1.91829
      vertex 23.7866 -12.7549 8.4383
    endloop
  endfacet
  facet normal -0.498744 -0.866749 1.27702e-05
    outer loop
      vertex 23.3676 -12.5137 8.66174
      vertex 23.7866 -12.7549 1.91829
      vertex 23.6248 -12.6617 8.51371
    endloop
  endfacet
  facet normal -0.498697 -0.866776 1.66727e-05
    outer loop
      vertex 23.1387 -12.382 8.82443
      vertex 23.7866 -12.7549 1.91829
      vertex 23.3676 -12.5137 8.66174
    endloop
  endfacet
  facet normal -0.499022 -0.866589 0.000123075
    outer loop
      vertex 19 -10 0
      vertex 23.1387 -12.382 8.82443
      vertex 22.9406 -12.2679 9
    endloop
  endfacet
  facet normal -0.49861 -0.866826 -0.000117073
    outer loop
      vertex 19 -10 0
      vertex 22.9406 -12.2679 9
      vertex 22.7754 -12.1729 9.18653
    endloop
  endfacet
  facet normal -0.498845 -0.866691 1.17045e-05
    outer loop
      vertex 19 -10 0
      vertex 22.7754 -12.1729 9.18653
      vertex 22.6451 -12.0979 9.38197
    endloop
  endfacet
  facet normal -0.498763 -0.866738 -3.08866e-05
    outer loop
      vertex 19 -10 0
      vertex 22.6451 -12.0979 9.38197
      vertex 22.5509 -12.0437 9.58418
    endloop
  endfacet
  facet normal -0.498589 -0.866838 -0.000116592
    outer loop
      vertex 19 -10 0
      vertex 22.5509 -12.0437 9.58418
      vertex 22.494 -12.011 9.79094
    endloop
  endfacet
  facet normal -0.499282 -0.866439 0.000212714
    outer loop
      vertex 22.475 -12 10
      vertex 19 -10 0
      vertex 22.494 -12.011 9.79094
    endloop
  endfacet
  facet normal -0.498826 -0.866702 5.9204e-07
    outer loop
      vertex 23.1387 -12.382 8.82443
      vertex 19 -10 0
      vertex 23.7866 -12.7549 1.91829
    endloop
  endfacet
  facet normal -0.498823 -0.866704 -1.00764e-05
    outer loop
      vertex 25.95 -14 0
      vertex 23.7866 -12.7549 1.91829
      vertex 19 -10 0
    endloop
  endfacet
  facet normal -0.498816 -0.866708 0
    outer loop
      vertex 23.7866 -12.7549 1.91829
      vertex 25.95 -14 0
      vertex 25.95 -14 0.993649
    endloop
  endfacet
  facet normal -0.498816 -0.866708 -0
    outer loop
      vertex 25.95 -14 27.0064
      vertex 23.7866 -12.7549 26.0817
      vertex 25.95 -14 25.6667
    endloop
  endfacet
  facet normal -0.498816 -0.866708 -0
    outer loop
      vertex 25.95 -14 2.33333
      vertex 23.7866 -12.7549 1.91829
      vertex 25.95 -14 0.993649
    endloop
  endfacet
  facet normal -0.225519 0.974239 0
    outer loop
      vertex 56.7 9.26852 0
      vertex 53.2924 8.47972 28
      vertex 56.7 9.26852 28
    endloop
  endfacet
  facet normal -0.225519 0.974239 0
    outer loop
      vertex 53.2924 8.47972 28
      vertex 56.7 9.26852 0
      vertex 53.2924 8.47972 0
    endloop
  endfacet
  facet normal -0.798525 0.601961 0
    outer loop
      vertex 52.5 7.42857 0
      vertex 53.2924 8.47972 28
      vertex 53.2924 8.47972 0
    endloop
  endfacet
  facet normal -0.798525 0.601961 0
    outer loop
      vertex 53.2924 8.47972 28
      vertex 52.5 7.42857 0
      vertex 52.5 7.42857 28
    endloop
  endfacet
  facet normal -1 0 0
    outer loop
      vertex 52.5 -3 0
      vertex 52.5 7.42857 28
      vertex 52.5 7.42857 0
    endloop
  endfacet
  facet normal -1 -0 0
    outer loop
      vertex 52.5 7.42857 28
      vertex 52.5 -3 0
      vertex 52.5 -3 28
    endloop
  endfacet
  facet normal -0.998619 0.0525445 0
    outer loop
      vertex 52.4846 -3.29268 0
      vertex 52.5 -3 28
      vertex 52.5 -3 0
    endloop
  endfacet
  facet normal -0.998619 0.0525445 0
    outer loop
      vertex 52.5 -3 28
      vertex 52.4846 -3.29268 0
      vertex 52.4846 -3.29268 28
    endloop
  endfacet
  facet normal -0.987713 0.156281 0
    outer loop
      vertex 52.4388 -3.58214 0
      vertex 52.4846 -3.29268 28
      vertex 52.4846 -3.29268 0
    endloop
  endfacet
  facet normal -0.987713 0.156281 0
    outer loop
      vertex 52.4846 -3.29268 28
      vertex 52.4388 -3.58214 0
      vertex 52.4388 -3.58214 28
    endloop
  endfacet
  facet normal -0.965886 0.258966 0
    outer loop
      vertex 52.3629 -3.86523 0
      vertex 52.4388 -3.58214 28
      vertex 52.4388 -3.58214 0
    endloop
  endfacet
  facet normal -0.965886 0.258966 0
    outer loop
      vertex 52.4388 -3.58214 28
      vertex 52.3629 -3.86523 0
      vertex 52.3629 -3.86523 28
    endloop
  endfacet
  facet normal -0.933618 0.35827 0
    outer loop
      vertex 52.2579 -4.13885 0
      vertex 52.3629 -3.86523 28
      vertex 52.3629 -3.86523 0
    endloop
  endfacet
  facet normal -0.933618 0.35827 0
    outer loop
      vertex 52.3629 -3.86523 28
      vertex 52.2579 -4.13885 0
      vertex 52.2579 -4.13885 28
    endloop
  endfacet
  facet normal -0.891086 0.453835 0
    outer loop
      vertex 52.1249 -4.39999 0
      vertex 52.2579 -4.13885 28
      vertex 52.2579 -4.13885 0
    endloop
  endfacet
  facet normal -0.891086 0.453835 0
    outer loop
      vertex 52.2579 -4.13885 28
      vertex 52.1249 -4.39999 0
      vertex 52.1249 -4.39999 28
    endloop
  endfacet
  facet normal -0.838563 0.544805 0
    outer loop
      vertex 51.9652 -4.6458 0
      vertex 52.1249 -4.39999 28
      vertex 52.1249 -4.39999 0
    endloop
  endfacet
  facet normal -0.838563 0.544805 0
    outer loop
      vertex 52.1249 -4.39999 28
      vertex 51.9652 -4.6458 0
      vertex 51.9652 -4.6458 28
    endloop
  endfacet
  facet normal -0.77722 0.629229 0
    outer loop
      vertex 51.7808 -4.87357 0
      vertex 51.9652 -4.6458 28
      vertex 51.9652 -4.6458 0
    endloop
  endfacet
  facet normal -0.77722 0.629229 0
    outer loop
      vertex 51.9652 -4.6458 28
      vertex 51.7808 -4.87357 0
      vertex 51.7808 -4.87357 28
    endloop
  endfacet
  facet normal -0.707158 0.707056 0
    outer loop
      vertex 51.5736 -5.0808 0
      vertex 51.7808 -4.87357 28
      vertex 51.7808 -4.87357 0
    endloop
  endfacet
  facet normal -0.707158 0.707056 0
    outer loop
      vertex 51.7808 -4.87357 28
      vertex 51.5736 -5.0808 0
      vertex 51.5736 -5.0808 28
    endloop
  endfacet
  facet normal -0.629261 0.777194 0
    outer loop
      vertex 51.5736 -5.0808 0
      vertex 51.3458 -5.26524 28
      vertex 51.5736 -5.0808 28
    endloop
  endfacet
  facet normal -0.629261 0.777194 0
    outer loop
      vertex 51.3458 -5.26524 28
      vertex 51.5736 -5.0808 0
      vertex 51.3458 -5.26524 0
    endloop
  endfacet
  facet normal -0.544653 0.838662 0
    outer loop
      vertex 51.3458 -5.26524 0
      vertex 51.1 -5.42487 28
      vertex 51.3458 -5.26524 28
    endloop
  endfacet
  facet normal -0.544653 0.838662 0
    outer loop
      vertex 51.1 -5.42487 28
      vertex 51.3458 -5.26524 0
      vertex 51.1 -5.42487 0
    endloop
  endfacet
  facet normal -0.454025 0.890989 0
    outer loop
      vertex 51.1 -5.42487 0
      vertex 50.8389 -5.55792 28
      vertex 51.1 -5.42487 28
    endloop
  endfacet
  facet normal -0.454025 0.890989 0
    outer loop
      vertex 50.8389 -5.55792 28
      vertex 51.1 -5.42487 0
      vertex 50.8389 -5.55792 0
    endloop
  endfacet
  facet normal -0.358268 0.933619 0
    outer loop
      vertex 50.8389 -5.55792 0
      vertex 50.5652 -5.66295 28
      vertex 50.8389 -5.55792 28
    endloop
  endfacet
  facet normal -0.358268 0.933619 0
    outer loop
      vertex 50.5652 -5.66295 28
      vertex 50.8389 -5.55792 0
      vertex 50.5652 -5.66295 0
    endloop
  endfacet
  facet normal -0.258884 0.965908 0
    outer loop
      vertex 50.5652 -5.66295 0
      vertex 50.2822 -5.7388 28
      vertex 50.5652 -5.66295 28
    endloop
  endfacet
  facet normal -0.258884 0.965908 0
    outer loop
      vertex 50.2822 -5.7388 28
      vertex 50.5652 -5.66295 0
      vertex 50.2822 -5.7388 0
    endloop
  endfacet
  facet normal -0.156427 0.98769 0
    outer loop
      vertex 50.2822 -5.7388 0
      vertex 49.9927 -5.78465 28
      vertex 50.2822 -5.7388 28
    endloop
  endfacet
  facet normal -0.156427 0.98769 0
    outer loop
      vertex 49.9927 -5.78465 28
      vertex 50.2822 -5.7388 0
      vertex 49.9927 -5.78465 0
    endloop
  endfacet
  facet normal -0.0523368 0.998629 0
    outer loop
      vertex 49.9927 -5.78465 0
      vertex 49.7 -5.79999 28
      vertex 49.9927 -5.78465 28
    endloop
  endfacet
  facet normal -0.0523368 0.998629 0
    outer loop
      vertex 49.7 -5.79999 28
      vertex 49.9927 -5.78465 0
      vertex 49.7 -5.79999 0
    endloop
  endfacet
  facet normal 0.0523368 0.998629 -0
    outer loop
      vertex 49.7 -5.79999 0
      vertex 49.4073 -5.78465 28
      vertex 49.7 -5.79999 28
    endloop
  endfacet
  facet normal 0.0523368 0.998629 0
    outer loop
      vertex 49.4073 -5.78465 28
      vertex 49.7 -5.79999 0
      vertex 49.4073 -5.78465 0
    endloop
  endfacet
  facet normal 0.156427 0.98769 -0
    outer loop
      vertex 49.4073 -5.78465 0
      vertex 49.1178 -5.7388 28
      vertex 49.4073 -5.78465 28
    endloop
  endfacet
  facet normal 0.156427 0.98769 0
    outer loop
      vertex 49.1178 -5.7388 28
      vertex 49.4073 -5.78465 0
      vertex 49.1178 -5.7388 0
    endloop
  endfacet
  facet normal 0.258799 0.965931 -0
    outer loop
      vertex 49.1178 -5.7388 0
      vertex 48.8347 -5.66295 28
      vertex 49.1178 -5.7388 28
    endloop
  endfacet
  facet normal 0.258799 0.965931 0
    outer loop
      vertex 48.8347 -5.66295 28
      vertex 49.1178 -5.7388 0
      vertex 48.8347 -5.66295 0
    endloop
  endfacet
  facet normal 0.358382 0.933575 -0
    outer loop
      vertex 48.8347 -5.66295 0
      vertex 48.5611 -5.55792 28
      vertex 48.8347 -5.66295 28
    endloop
  endfacet
  facet normal 0.358382 0.933575 0
    outer loop
      vertex 48.5611 -5.55792 28
      vertex 48.8347 -5.66295 0
      vertex 48.5611 -5.55792 0
    endloop
  endfacet
  facet normal 0.454025 0.890989 -0
    outer loop
      vertex 48.5611 -5.55792 0
      vertex 48.3 -5.42487 28
      vertex 48.5611 -5.55792 28
    endloop
  endfacet
  facet normal 0.454025 0.890989 0
    outer loop
      vertex 48.3 -5.42487 28
      vertex 48.5611 -5.55792 0
      vertex 48.3 -5.42487 0
    endloop
  endfacet
  facet normal 0.544653 0.838662 -0
    outer loop
      vertex 48.3 -5.42487 0
      vertex 48.0542 -5.26524 28
      vertex 48.3 -5.42487 28
    endloop
  endfacet
  facet normal 0.544653 0.838662 0
    outer loop
      vertex 48.0542 -5.26524 28
      vertex 48.3 -5.42487 0
      vertex 48.0542 -5.26524 0
    endloop
  endfacet
  facet normal 0.629261 0.777194 -0
    outer loop
      vertex 48.0542 -5.26524 0
      vertex 47.8264 -5.0808 28
      vertex 48.0542 -5.26524 28
    endloop
  endfacet
  facet normal 0.629261 0.777194 0
    outer loop
      vertex 47.8264 -5.0808 28
      vertex 48.0542 -5.26524 0
      vertex 47.8264 -5.0808 0
    endloop
  endfacet
  facet normal 0.707158 0.707056 -0
    outer loop
      vertex 47.8264 -5.0808 0
      vertex 47.6192 -4.87357 28
      vertex 47.8264 -5.0808 28
    endloop
  endfacet
  facet normal 0.707158 0.707056 0
    outer loop
      vertex 47.6192 -4.87357 28
      vertex 47.8264 -5.0808 0
      vertex 47.6192 -4.87357 0
    endloop
  endfacet
  facet normal 0.777053 0.629435 0
    outer loop
      vertex 47.6192 -4.87357 28
      vertex 47.4347 -4.6458 0
      vertex 47.4347 -4.6458 28
    endloop
  endfacet
  facet normal 0.777053 0.629435 0
    outer loop
      vertex 47.4347 -4.6458 0
      vertex 47.6192 -4.87357 28
      vertex 47.6192 -4.87357 0
    endloop
  endfacet
  facet normal 0.838719 0.544565 0
    outer loop
      vertex 47.4347 -4.6458 28
      vertex 47.2751 -4.39999 0
      vertex 47.2751 -4.39999 28
    endloop
  endfacet
  facet normal 0.838719 0.544565 0
    outer loop
      vertex 47.2751 -4.39999 0
      vertex 47.4347 -4.6458 28
      vertex 47.4347 -4.6458 0
    endloop
  endfacet
  facet normal 0.891086 0.453835 0
    outer loop
      vertex 47.2751 -4.39999 28
      vertex 47.1421 -4.13885 0
      vertex 47.1421 -4.13885 28
    endloop
  endfacet
  facet normal 0.891086 0.453835 0
    outer loop
      vertex 47.1421 -4.13885 0
      vertex 47.2751 -4.39999 28
      vertex 47.2751 -4.39999 0
    endloop
  endfacet
  facet normal 0.933504 0.358568 0
    outer loop
      vertex 47.1421 -4.13885 28
      vertex 47.037 -3.86523 0
      vertex 47.037 -3.86523 28
    endloop
  endfacet
  facet normal 0.933504 0.358568 0
    outer loop
      vertex 47.037 -3.86523 0
      vertex 47.1421 -4.13885 28
      vertex 47.1421 -4.13885 0
    endloop
  endfacet
  facet normal 0.965972 0.258648 0
    outer loop
      vertex 47.037 -3.86523 28
      vertex 46.9612 -3.58214 0
      vertex 46.9612 -3.58214 28
    endloop
  endfacet
  facet normal 0.965972 0.258648 0
    outer loop
      vertex 46.9612 -3.58214 0
      vertex 47.037 -3.86523 28
      vertex 47.037 -3.86523 0
    endloop
  endfacet
  facet normal 0.98766 0.156614 0
    outer loop
      vertex 46.9612 -3.58214 28
      vertex 46.9153 -3.29268 0
      vertex 46.9153 -3.29268 28
    endloop
  endfacet
  facet normal 0.98766 0.156614 0
    outer loop
      vertex 46.9153 -3.29268 0
      vertex 46.9612 -3.58214 28
      vertex 46.9612 -3.58214 0
    endloop
  endfacet
  facet normal 0.998636 0.0522042 0
    outer loop
      vertex 46.9153 -3.29268 28
      vertex 46.9 -3 0
      vertex 46.9 -3 28
    endloop
  endfacet
  facet normal 0.998636 0.0522042 0
    outer loop
      vertex 46.9 -3 0
      vertex 46.9153 -3.29268 28
      vertex 46.9153 -3.29268 0
    endloop
  endfacet
  facet normal 1 -0 0
    outer loop
      vertex 46.9 -3 28
      vertex 46.9 0 0
      vertex 46.9 0 28
    endloop
  endfacet
  facet normal 1 0 0
    outer loop
      vertex 46.9 0 0
      vertex 46.9 -3 28
      vertex 46.9 -3 0
    endloop
  endfacet
  facet normal 0.845489 0.533993 0
    outer loop
      vertex 46.9 0 28
      vertex 40.9 9.5 0
      vertex 40.9 9.5 28
    endloop
  endfacet
  facet normal 0.845489 0.533993 0
    outer loop
      vertex 40.9 9.5 0
      vertex 46.9 0 28
      vertex 46.9 0 0
    endloop
  endfacet
  facet normal 0 1 -0
    outer loop
      vertex 40.9 9.5 0
      vertex 38.8899 9.5 28
      vertex 40.9 9.5 28
    endloop
  endfacet
  facet normal 0 1 0
    outer loop
      vertex 38.8899 9.5 28
      vertex 40.9 9.5 0
      vertex 38.8899 9.5 0
    endloop
  endfacet
  facet normal -0.707128 0.707085 0
    outer loop
      vertex 37.9 8.51004 0
      vertex 38.8899 9.5 28
      vertex 38.8899 9.5 0
    endloop
  endfacet
  facet normal -0.707128 0.707085 0
    outer loop
      vertex 38.8899 9.5 28
      vertex 37.9 8.51004 0
      vertex 37.9 8.51004 28
    endloop
  endfacet
  facet normal -1 0 0
    outer loop
      vertex 37.9 0.494965 0
      vertex 37.9 8.51004 28
      vertex 37.9 8.51004 0
    endloop
  endfacet
  facet normal -1 -0 0
    outer loop
      vertex 37.9 8.51004 28
      vertex 37.9 0.494965 0
      vertex 37.9 0.494965 28
    endloop
  endfacet
  facet normal -0.707082 -0.707132 0
    outer loop
      vertex 37.9 0.494965 0
      vertex 38.395 0 28
      vertex 37.9 0.494965 28
    endloop
  endfacet
  facet normal -0.707082 -0.707132 -0
    outer loop
      vertex 38.395 0 28
      vertex 37.9 0.494965 0
      vertex 38.395 0 0
    endloop
  endfacet
  facet normal -0.707082 0.707132 0
    outer loop
      vertex 38.395 0 0
      vertex 37.9 -0.494965 28
      vertex 38.395 0 28
    endloop
  endfacet
  facet normal -0.707082 0.707132 0
    outer loop
      vertex 37.9 -0.494965 28
      vertex 38.395 0 0
      vertex 37.9 -0.494965 0
    endloop
  endfacet
  facet normal 0.707082 0.707132 -0
    outer loop
      vertex 37.9 -0.494965 0
      vertex 37.405 0 28
      vertex 37.9 -0.494965 28
    endloop
  endfacet
  facet normal 0.707082 0.707132 0
    outer loop
      vertex 37.405 0 28
      vertex 37.9 -0.494965 0
      vertex 37.405 0 0
    endloop
  endfacet
  facet normal 0 1 -0
    outer loop
      vertex 37.405 0 0
      vertex 19.495 0 28
      vertex 37.405 0 28
    endloop
  endfacet
  facet normal 0 1 0
    outer loop
      vertex 19.495 0 28
      vertex 37.405 0 0
      vertex 19.495 0 0
    endloop
  endfacet
  facet normal -0.707082 0.707132 0
    outer loop
      vertex 19 -0.494965 0
      vertex 19.495 0 28
      vertex 19.495 0 0
    endloop
  endfacet
  facet normal -0.707082 0.707132 0
    outer loop
      vertex 19.495 0 28
      vertex 19 -0.494965 0
      vertex 19 -0.494965 28
    endloop
  endfacet
  facet normal 0.70711 0.707103 0
    outer loop
      vertex 19 -0.494965 28
      vertex 18.7 -0.194962 0
      vertex 18.7 -0.194962 28
    endloop
  endfacet
  facet normal 0.70711 0.707103 0
    outer loop
      vertex 18.7 -0.194962 0
      vertex 19 -0.494965 28
      vertex 19 -0.494965 0
    endloop
  endfacet
  facet normal 0.70711 -0.707103 0
    outer loop
      vertex 18.7 0.194962 28
      vertex 19 0.494965 0
      vertex 19 0.494965 28
    endloop
  endfacet
  facet normal 0.70711 -0.707103 0
    outer loop
      vertex 19 0.494965 0
      vertex 18.7 0.194962 28
      vertex 18.7 0.194962 0
    endloop
  endfacet
  facet normal 1 0 0
    outer loop
      vertex 19 7.6168 19.4747
      vertex 19 17 25.5
      vertex 19 7.66285 19.6465
    endloop
  endfacet
  facet normal 1 0 0
    outer loop
      vertex 19 17 2.5
      vertex 19 7.69069 8.1777
      vertex 19 7.7 8
    endloop
  endfacet
  facet normal 1 0 0
    outer loop
      vertex 19 7.55303 19.3085
      vertex 19 17 25.5
      vertex 19 7.6168 19.4747
    endloop
  endfacet
  facet normal 1 0 0
    outer loop
      vertex 19 17 2.5
      vertex 19 7.66285 8.35345
      vertex 19 7.69069 8.1777
    endloop
  endfacet
  facet normal 1 0 0
    outer loop
      vertex 19 17 25.5
      vertex 19 7.55303 19.3085
      vertex 19 17 2.5
    endloop
  endfacet
  facet normal 1 0 0
    outer loop
      vertex 19 17 2.5
      vertex 19 7.6168 8.52533
      vertex 19 7.66285 8.35345
    endloop
  endfacet
  facet normal 1 -0 0
    outer loop
      vertex 19 7.55303 8.69145
      vertex 19 17 2.5
      vertex 19 7.55303 19.3085
    endloop
  endfacet
  facet normal 1 0 0
    outer loop
      vertex 19 17 2.5
      vertex 19 7.55303 8.69145
      vertex 19 7.6168 8.52533
    endloop
  endfacet
  facet normal 1 -0 0
    outer loop
      vertex 19 7.47224 19.15
      vertex 19 7.55303 8.69145
      vertex 19 7.55303 19.3085
    endloop
  endfacet
  facet normal 1 0 0
    outer loop
      vertex 19 7.47224 19.15
      vertex 19 7.47224 8.85
      vertex 19 7.55303 8.69145
    endloop
  endfacet
  facet normal 1 -0 0
    outer loop
      vertex 19 7.37533 19.0008
      vertex 19 7.47224 8.85
      vertex 19 7.47224 19.15
    endloop
  endfacet
  facet normal 1 0 0
    outer loop
      vertex 19 7.37533 19.0008
      vertex 19 7.37533 8.99923
      vertex 19 7.47224 8.85
    endloop
  endfacet
  facet normal 1 -0 0
    outer loop
      vertex 19 7.26335 18.8625
      vertex 19 7.37533 8.99923
      vertex 19 7.37533 19.0008
    endloop
  endfacet
  facet normal 1 0 0
    outer loop
      vertex 19 7.26335 18.8625
      vertex 19 7.26335 9.13752
      vertex 19 7.37533 8.99923
    endloop
  endfacet
  facet normal 1 -0 0
    outer loop
      vertex 19 7.13752 18.7367
      vertex 19 7.26335 9.13752
      vertex 19 7.26335 18.8625
    endloop
  endfacet
  facet normal 1 0 0
    outer loop
      vertex 19 7.13752 18.7367
      vertex 19 7.13752 9.26335
      vertex 19 7.26335 9.13752
    endloop
  endfacet
  facet normal 1 -0 0
    outer loop
      vertex 19 6.99923 18.6247
      vertex 19 7.13752 9.26335
      vertex 19 7.13752 18.7367
    endloop
  endfacet
  facet normal 1 0 0
    outer loop
      vertex 19 6.99923 18.6247
      vertex 19 6.99923 9.37533
      vertex 19 7.13752 9.26335
    endloop
  endfacet
  facet normal 1 -0 0
    outer loop
      vertex 19 6.85 18.5278
      vertex 19 6.99923 9.37533
      vertex 19 6.99923 18.6247
    endloop
  endfacet
  facet normal 1 0 0
    outer loop
      vertex 19 6.85 18.5278
      vertex 19 6.85 9.47224
      vertex 19 6.99923 9.37533
    endloop
  endfacet
  facet normal 1 -0 0
    outer loop
      vertex 19 6.69145 18.447
      vertex 19 6.85 9.47224
      vertex 19 6.85 18.5278
    endloop
  endfacet
  facet normal 1 0 0
    outer loop
      vertex 19 6.69145 18.447
      vertex 19 6.69145 9.55303
      vertex 19 6.85 9.47224
    endloop
  endfacet
  facet normal 1 -0 0
    outer loop
      vertex 19 6.52533 18.3832
      vertex 19 6.69145 9.55303
      vertex 19 6.69145 18.447
    endloop
  endfacet
  facet normal 1 0 0
    outer loop
      vertex 19 6.52533 18.3832
      vertex 19 6.52533 9.6168
      vertex 19 6.69145 9.55303
    endloop
  endfacet
  facet normal 1 -0 0
    outer loop
      vertex 19 6.35345 18.3372
      vertex 19 6.52533 9.6168
      vertex 19 6.52533 18.3832
    endloop
  endfacet
  facet normal 1 0 0
    outer loop
      vertex 19 6.35345 18.3372
      vertex 19 6.35345 9.66285
      vertex 19 6.52533 9.6168
    endloop
  endfacet
  facet normal 1 -0 0
    outer loop
      vertex 19 6.1777 18.3093
      vertex 19 6.35345 9.66285
      vertex 19 6.35345 18.3372
    endloop
  endfacet
  facet normal 1 0 0
    outer loop
      vertex 19 6.1777 18.3093
      vertex 19 6.1777 9.69069
      vertex 19 6.35345 9.66285
    endloop
  endfacet
  facet normal 1 -0 0
    outer loop
      vertex 19 6 18.3
      vertex 19 6.1777 9.69069
      vertex 19 6.1777 18.3093
    endloop
  endfacet
  facet normal 1 0 0
    outer loop
      vertex 19 6 18.3
      vertex 19 6 9.7
      vertex 19 6.1777 9.69069
    endloop
  endfacet
  facet normal 1 0 0
    outer loop
      vertex 19 5.8223 18.3093
      vertex 19 6 9.7
      vertex 19 6 18.3
    endloop
  endfacet
  facet normal 1 0 0
    outer loop
      vertex 19 5.8223 18.3093
      vertex 19 5.8223 9.69069
      vertex 19 6 9.7
    endloop
  endfacet
  facet normal 1 0 0
    outer loop
      vertex 19 5.64655 18.3372
      vertex 19 5.8223 9.69069
      vertex 19 5.8223 18.3093
    endloop
  endfacet
  facet normal 1 0 0
    outer loop
      vertex 19 5.64655 18.3372
      vertex 19 5.64655 9.66285
      vertex 19 5.8223 9.69069
    endloop
  endfacet
  facet normal 1 0 0
    outer loop
      vertex 19 5.47467 18.3832
      vertex 19 5.64655 9.66285
      vertex 19 5.64655 18.3372
    endloop
  endfacet
  facet normal 1 0 0
    outer loop
      vertex 19 5.47467 18.3832
      vertex 19 5.47467 9.6168
      vertex 19 5.64655 9.66285
    endloop
  endfacet
  facet normal 1 0 0
    outer loop
      vertex 19 5.30855 18.447
      vertex 19 5.47467 9.6168
      vertex 19 5.47467 18.3832
    endloop
  endfacet
  facet normal 1 0 0
    outer loop
      vertex 19 5.30855 18.447
      vertex 19 5.30855 9.55303
      vertex 19 5.47467 9.6168
    endloop
  endfacet
  facet normal 1 0 0
    outer loop
      vertex 19 5.15 18.5278
      vertex 19 5.30855 9.55303
      vertex 19 5.30855 18.447
    endloop
  endfacet
  facet normal 1 0 0
    outer loop
      vertex 19 5.15 18.5278
      vertex 19 5.15 9.47224
      vertex 19 5.30855 9.55303
    endloop
  endfacet
  facet normal 1 0 0
    outer loop
      vertex 19 5.00077 18.6247
      vertex 19 5.15 9.47224
      vertex 19 5.15 18.5278
    endloop
  endfacet
  facet normal 1 0 0
    outer loop
      vertex 19 5.00077 18.6247
      vertex 19 5.00077 9.37533
      vertex 19 5.15 9.47224
    endloop
  endfacet
  facet normal 1 0 0
    outer loop
      vertex 19 4.86248 18.7367
      vertex 19 5.00077 9.37533
      vertex 19 5.00077 18.6247
    endloop
  endfacet
  facet normal 1 0 0
    outer loop
      vertex 19 4.86248 18.7367
      vertex 19 4.86248 9.26335
      vertex 19 5.00077 9.37533
    endloop
  endfacet
  facet normal 1 0 0
    outer loop
      vertex 19 4.73665 18.8625
      vertex 19 4.86248 9.26335
      vertex 19 4.86248 18.7367
    endloop
  endfacet
  facet normal 1 0 0
    outer loop
      vertex 19 4.73665 18.8625
      vertex 19 4.73665 9.13752
      vertex 19 4.86248 9.26335
    endloop
  endfacet
  facet normal 1 0 0
    outer loop
      vertex 19 4.62467 19.0008
      vertex 19 4.73665 9.13752
      vertex 19 4.73665 18.8625
    endloop
  endfacet
  facet normal 1 0 0
    outer loop
      vertex 19 4.62467 19.0008
      vertex 19 4.62467 8.99923
      vertex 19 4.73665 9.13752
    endloop
  endfacet
  facet normal 1 0 0
    outer loop
      vertex 19 4.52776 19.15
      vertex 19 4.62467 8.99923
      vertex 19 4.62467 19.0008
    endloop
  endfacet
  facet normal 1 0 0
    outer loop
      vertex 19 4.52776 19.15
      vertex 19 4.52776 8.85
      vertex 19 4.62467 8.99923
    endloop
  endfacet
  facet normal 1 0 0
    outer loop
      vertex 19 4.44697 19.3085
      vertex 19 4.52776 8.85
      vertex 19 4.52776 19.15
    endloop
  endfacet
  facet normal 1 0 0
    outer loop
      vertex 19 4.44697 19.3085
      vertex 19 4.44697 8.69145
      vertex 19 4.52776 8.85
    endloop
  endfacet
  facet normal 1 0 0
    outer loop
      vertex 19 4.3832 19.4747
      vertex 19 4.44697 8.69145
      vertex 19 4.44697 19.3085
    endloop
  endfacet
  facet normal 1 0 0
    outer loop
      vertex 19 4.3832 19.4747
      vertex 19 4.3832 8.52533
      vertex 19 4.44697 8.69145
    endloop
  endfacet
  facet normal 1 0 0
    outer loop
      vertex 19 4.33715 19.6465
      vertex 19 4.3832 8.52533
      vertex 19 4.3832 19.4747
    endloop
  endfacet
  facet normal 1 0 0
    outer loop
      vertex 19 4.33715 19.6465
      vertex 19 4.33715 8.35345
      vertex 19 4.3832 8.52533
    endloop
  endfacet
  facet normal 1 0 0
    outer loop
      vertex 19 0.494965 28
      vertex 19 4.33715 19.6465
      vertex 19 4.30931 19.8223
    endloop
  endfacet
  facet normal 1 0 0
    outer loop
      vertex 19 4.33715 19.6465
      vertex 19 0.494965 28
      vertex 19 4.33715 8.35345
    endloop
  endfacet
  facet normal 1 0 0
    outer loop
      vertex 19 0.494965 28
      vertex 19 4.30931 19.8223
      vertex 19 4.3 20
    endloop
  endfacet
  facet normal 1 0 0
    outer loop
      vertex 19 0.494965 0
      vertex 19 4.33715 8.35345
      vertex 19 0.494965 28
    endloop
  endfacet
  facet normal 1 0 0
    outer loop
      vertex 19 14.5 28
      vertex 19 17 25.5
      vertex 19 16.9863 25.7613
    endloop
  endfacet
  facet normal 1 0 0
    outer loop
      vertex 19 7.69069 19.8223
      vertex 19 17 25.5
      vertex 19 7.7 20
    endloop
  endfacet
  facet normal 1 0 0
    outer loop
      vertex 19 14.5 28
      vertex 19 16.9863 25.7613
      vertex 19 16.9454 26.0198
    endloop
  endfacet
  facet normal 1 0 0
    outer loop
      vertex 19 7.66285 19.6465
      vertex 19 17 25.5
      vertex 19 7.69069 19.8223
    endloop
  endfacet
  facet normal 1 0 0
    outer loop
      vertex 19 14.5 28
      vertex 19 16.9454 26.0198
      vertex 19 16.8776 26.2725
    endloop
  endfacet
  facet normal 1 -0 0
    outer loop
      vertex 19 7.69069 7.8223
      vertex 19 17 2.5
      vertex 19 7.7 8
    endloop
  endfacet
  facet normal 1 0 0
    outer loop
      vertex 19 14.5 28
      vertex 19 16.8776 26.2725
      vertex 19 16.7839 26.5168
    endloop
  endfacet
  facet normal 1 -0 0
    outer loop
      vertex 19 7.66285 7.64655
      vertex 19 17 2.5
      vertex 19 7.69069 7.8223
    endloop
  endfacet
  facet normal 1 0 0
    outer loop
      vertex 19 14.5 28
      vertex 19 16.7839 26.5168
      vertex 19 16.6651 26.75
    endloop
  endfacet
  facet normal 1 -0 0
    outer loop
      vertex 19 7.6168 7.47467
      vertex 19 17 2.5
      vertex 19 7.66285 7.64655
    endloop
  endfacet
  facet normal 1 0 0
    outer loop
      vertex 19 14.5 28
      vertex 19 16.6651 26.75
      vertex 19 16.5225 26.9695
    endloop
  endfacet
  facet normal 1 -0 0
    outer loop
      vertex 19 7.55303 7.30855
      vertex 19 17 2.5
      vertex 19 7.6168 7.47467
    endloop
  endfacet
  facet normal 1 0 0
    outer loop
      vertex 19 14.5 28
      vertex 19 16.5225 26.9695
      vertex 19 16.3579 27.1728
    endloop
  endfacet
  facet normal 1 0 -0
    outer loop
      vertex 19 14.5 0
      vertex 19 17 2.5
      vertex 19 7.55303 7.30855
    endloop
  endfacet
  facet normal 1 0 0
    outer loop
      vertex 19 14.5 28
      vertex 19 16.3579 27.1728
      vertex 19 16.1728 27.3579
    endloop
  endfacet
  facet normal 1 0 0
    outer loop
      vertex 19 17 2.5
      vertex 19 14.5 0
      vertex 19 16.9863 2.23868
    endloop
  endfacet
  facet normal 1 0 0
    outer loop
      vertex 19 14.5 28
      vertex 19 16.1728 27.3579
      vertex 19 15.9695 27.5225
    endloop
  endfacet
  facet normal 1 0 0
    outer loop
      vertex 19 16.9863 2.23868
      vertex 19 14.5 0
      vertex 19 16.9454 1.98022
    endloop
  endfacet
  facet normal 1 0 0
    outer loop
      vertex 19 14.5 28
      vertex 19 15.9695 27.5225
      vertex 19 15.75 27.6651
    endloop
  endfacet
  facet normal 1 0 0
    outer loop
      vertex 19 16.9454 1.98022
      vertex 19 14.5 0
      vertex 19 16.8776 1.72746
    endloop
  endfacet
  facet normal 1 0 0
    outer loop
      vertex 19 14.5 28
      vertex 19 15.75 27.6651
      vertex 19 15.5168 27.7839
    endloop
  endfacet
  facet normal 1 0 0
    outer loop
      vertex 19 16.7839 1.48316
      vertex 19 14.5 0
      vertex 19 16.6651 1.25
    endloop
  endfacet
  facet normal 1 0 0
    outer loop
      vertex 19 14.5 28
      vertex 19 15.5168 27.7839
      vertex 19 15.2725 27.8776
    endloop
  endfacet
  facet normal 1 0 0
    outer loop
      vertex 19 16.6651 1.25
      vertex 19 14.5 0
      vertex 19 16.5225 1.03054
    endloop
  endfacet
  facet normal 1 0 0
    outer loop
      vertex 19 14.5 28
      vertex 19 15.2725 27.8776
      vertex 19 15.0198 27.9454
    endloop
  endfacet
  facet normal 1 0 0
    outer loop
      vertex 19 16.5225 1.03054
      vertex 19 14.5 0
      vertex 19 16.3579 0.827174
    endloop
  endfacet
  facet normal 1 0 0
    outer loop
      vertex 19 14.5 28
      vertex 19 15.0198 27.9454
      vertex 19 14.7613 27.9863
    endloop
  endfacet
  facet normal 1 0 0
    outer loop
      vertex 19 16.3579 0.827174
      vertex 19 14.5 0
      vertex 19 16.1728 0.642138
    endloop
  endfacet
  facet normal 1 0 0
    outer loop
      vertex 19 17 25.5
      vertex 19 14.5 28
      vertex 19 7.55303 20.6915
    endloop
  endfacet
  facet normal 1 0 0
    outer loop
      vertex 19 15.9695 0.477458
      vertex 19 14.5 0
      vertex 19 15.75 0.334937
    endloop
  endfacet
  facet normal 1 0 0
    outer loop
      vertex 19 15.75 0.334937
      vertex 19 14.5 0
      vertex 19 15.5168 0.216137
    endloop
  endfacet
  facet normal 1 0 0
    outer loop
      vertex 19 17 25.5
      vertex 19 7.69069 20.1777
      vertex 19 7.7 20
    endloop
  endfacet
  facet normal 1 0 0
    outer loop
      vertex 19 17 25.5
      vertex 19 7.66285 20.3535
      vertex 19 7.69069 20.1777
    endloop
  endfacet
  facet normal 1 0 0
    outer loop
      vertex 19 17 25.5
      vertex 19 7.6168 20.5253
      vertex 19 7.66285 20.3535
    endloop
  endfacet
  facet normal 1 0 0
    outer loop
      vertex 19 17 25.5
      vertex 19 7.55303 20.6915
      vertex 19 7.6168 20.5253
    endloop
  endfacet
  facet normal 1 0 0
    outer loop
      vertex 19 14.5 28
      vertex 19 7.47224 20.85
      vertex 19 7.55303 20.6915
    endloop
  endfacet
  facet normal 1 0 0
    outer loop
      vertex 19 14.5 28
      vertex 19 7.37533 20.9992
      vertex 19 7.47224 20.85
    endloop
  endfacet
  facet normal 1 0 0
    outer loop
      vertex 19 14.5 28
      vertex 19 7.26335 21.1375
      vertex 19 7.37533 20.9992
    endloop
  endfacet
  facet normal 1 0 0
    outer loop
      vertex 19 14.5 28
      vertex 19 7.13752 21.2633
      vertex 19 7.26335 21.1375
    endloop
  endfacet
  facet normal 1 0 0
    outer loop
      vertex 19 14.5 28
      vertex 19 6.99923 21.3753
      vertex 19 7.13752 21.2633
    endloop
  endfacet
  facet normal 1 0 0
    outer loop
      vertex 19 14.5 28
      vertex 19 6.85 21.4722
      vertex 19 6.99923 21.3753
    endloop
  endfacet
  facet normal 1 0 0
    outer loop
      vertex 19 14.5 28
      vertex 19 6.69145 21.553
      vertex 19 6.85 21.4722
    endloop
  endfacet
  facet normal 1 0 0
    outer loop
      vertex 19 14.5 28
      vertex 19 6.52533 21.6168
      vertex 19 6.69145 21.553
    endloop
  endfacet
  facet normal 1 0 0
    outer loop
      vertex 19 14.5 28
      vertex 19 6.35345 21.6628
      vertex 19 6.52533 21.6168
    endloop
  endfacet
  facet normal 1 -0 0
    outer loop
      vertex 19 0.494965 28
      vertex 19 6.35345 21.6628
      vertex 19 14.5 28
    endloop
  endfacet
  facet normal 1 0 0
    outer loop
      vertex 19 6.35345 21.6628
      vertex 19 0.494965 28
      vertex 19 6.1777 21.6907
    endloop
  endfacet
  facet normal 1 0 0
    outer loop
      vertex 19 6.1777 21.6907
      vertex 19 0.494965 28
      vertex 19 6 21.7
    endloop
  endfacet
  facet normal 1 0 0
    outer loop
      vertex 19 6 21.7
      vertex 19 0.494965 28
      vertex 19 5.8223 21.6907
    endloop
  endfacet
  facet normal 1 0 0
    outer loop
      vertex 19 5.8223 21.6907
      vertex 19 0.494965 28
      vertex 19 5.64655 21.6628
    endloop
  endfacet
  facet normal 1 0 0
    outer loop
      vertex 19 5.64655 21.6628
      vertex 19 0.494965 28
      vertex 19 5.47467 21.6168
    endloop
  endfacet
  facet normal 1 0 0
    outer loop
      vertex 19 5.47467 21.6168
      vertex 19 0.494965 28
      vertex 19 5.30855 21.553
    endloop
  endfacet
  facet normal 1 0 0
    outer loop
      vertex 19 5.30855 21.553
      vertex 19 0.494965 28
      vertex 19 5.15 21.4722
    endloop
  endfacet
  facet normal 1 0 0
    outer loop
      vertex 19 4.33715 8.35345
      vertex 19 0.494965 0
      vertex 19 4.30931 8.1777
    endloop
  endfacet
  facet normal 1 0 0
    outer loop
      vertex 19 4.30931 20.1777
      vertex 19 0.494965 28
      vertex 19 4.3 20
    endloop
  endfacet
  facet normal 1 0 0
    outer loop
      vertex 19 4.33715 20.3535
      vertex 19 0.494965 28
      vertex 19 4.30931 20.1777
    endloop
  endfacet
  facet normal 1 0 0
    outer loop
      vertex 19 4.3832 20.5253
      vertex 19 0.494965 28
      vertex 19 4.33715 20.3535
    endloop
  endfacet
  facet normal 1 0 0
    outer loop
      vertex 19 4.44697 20.6915
      vertex 19 0.494965 28
      vertex 19 4.3832 20.5253
    endloop
  endfacet
  facet normal 1 0 0
    outer loop
      vertex 19 4.52776 20.85
      vertex 19 0.494965 28
      vertex 19 4.44697 20.6915
    endloop
  endfacet
  facet normal 1 0 0
    outer loop
      vertex 19 4.62467 20.9992
      vertex 19 0.494965 28
      vertex 19 4.52776 20.85
    endloop
  endfacet
  facet normal 1 0 0
    outer loop
      vertex 19 4.73665 21.1375
      vertex 19 0.494965 28
      vertex 19 4.62467 20.9992
    endloop
  endfacet
  facet normal 1 0 0
    outer loop
      vertex 19 4.86248 21.2633
      vertex 19 0.494965 28
      vertex 19 4.73665 21.1375
    endloop
  endfacet
  facet normal 1 0 0
    outer loop
      vertex 19 5.00077 21.3753
      vertex 19 0.494965 28
      vertex 19 4.86248 21.2633
    endloop
  endfacet
  facet normal 1 0 0
    outer loop
      vertex 19 5.15 21.4722
      vertex 19 0.494965 28
      vertex 19 5.00077 21.3753
    endloop
  endfacet
  facet normal 1 0 0
    outer loop
      vertex 19 15.5168 0.216137
      vertex 19 14.5 0
      vertex 19 15.2725 0.122359
    endloop
  endfacet
  facet normal 1 0 0
    outer loop
      vertex 19 15.0198 0.0546312
      vertex 19 14.5 0
      vertex 19 14.7613 0.0136957
    endloop
  endfacet
  facet normal 1 0 0
    outer loop
      vertex 19 15.2725 0.122359
      vertex 19 14.5 0
      vertex 19 15.0198 0.0546312
    endloop
  endfacet
  facet normal 1 0 0
    outer loop
      vertex 19 16.1728 0.642138
      vertex 19 14.5 0
      vertex 19 15.9695 0.477458
    endloop
  endfacet
  facet normal 1 0 0
    outer loop
      vertex 19 16.8776 1.72746
      vertex 19 14.5 0
      vertex 19 16.7839 1.48316
    endloop
  endfacet
  facet normal 1 -0 0
    outer loop
      vertex 19 7.47224 7.15
      vertex 19 14.5 0
      vertex 19 7.55303 7.30855
    endloop
  endfacet
  facet normal 1 -0 0
    outer loop
      vertex 19 7.37533 7.00077
      vertex 19 14.5 0
      vertex 19 7.47224 7.15
    endloop
  endfacet
  facet normal 1 -0 0
    outer loop
      vertex 19 7.26335 6.86248
      vertex 19 14.5 0
      vertex 19 7.37533 7.00077
    endloop
  endfacet
  facet normal 1 -0 0
    outer loop
      vertex 19 7.13752 6.73665
      vertex 19 14.5 0
      vertex 19 7.26335 6.86248
    endloop
  endfacet
  facet normal 1 -0 0
    outer loop
      vertex 19 6.99923 6.62467
      vertex 19 14.5 0
      vertex 19 7.13752 6.73665
    endloop
  endfacet
  facet normal 1 -0 0
    outer loop
      vertex 19 6.85 6.52776
      vertex 19 14.5 0
      vertex 19 6.99923 6.62467
    endloop
  endfacet
  facet normal 1 -0 0
    outer loop
      vertex 19 6.69145 6.44697
      vertex 19 14.5 0
      vertex 19 6.85 6.52776
    endloop
  endfacet
  facet normal 1 -0 0
    outer loop
      vertex 19 6.52533 6.3832
      vertex 19 14.5 0
      vertex 19 6.69145 6.44697
    endloop
  endfacet
  facet normal 1 -0 0
    outer loop
      vertex 19 6.35345 6.33715
      vertex 19 14.5 0
      vertex 19 6.52533 6.3832
    endloop
  endfacet
  facet normal 1 0 0
    outer loop
      vertex 19 0.494965 0
      vertex 19 6.35345 6.33715
      vertex 19 6.1777 6.30931
    endloop
  endfacet
  facet normal 1 0 0
    outer loop
      vertex 19 0.494965 0
      vertex 19 6.1777 6.30931
      vertex 19 6 6.3
    endloop
  endfacet
  facet normal 1 0 0
    outer loop
      vertex 19 0.494965 0
      vertex 19 6 6.3
      vertex 19 5.8223 6.30931
    endloop
  endfacet
  facet normal 1 0 0
    outer loop
      vertex 19 0.494965 0
      vertex 19 5.8223 6.30931
      vertex 19 5.64655 6.33715
    endloop
  endfacet
  facet normal 1 0 0
    outer loop
      vertex 19 0.494965 0
      vertex 19 5.64655 6.33715
      vertex 19 5.47467 6.3832
    endloop
  endfacet
  facet normal 1 0 0
    outer loop
      vertex 19 0.494965 0
      vertex 19 5.47467 6.3832
      vertex 19 5.30855 6.44697
    endloop
  endfacet
  facet normal 1 0 0
    outer loop
      vertex 19 0.494965 0
      vertex 19 5.30855 6.44697
      vertex 19 5.15 6.52776
    endloop
  endfacet
  facet normal 1 0 0
    outer loop
      vertex 19 0.494965 0
      vertex 19 5.15 6.52776
      vertex 19 5.00077 6.62467
    endloop
  endfacet
  facet normal 1 0 0
    outer loop
      vertex 19 4.30931 8.1777
      vertex 19 0.494965 0
      vertex 19 4.3 8
    endloop
  endfacet
  facet normal 1 0 0
    outer loop
      vertex 19 4.3 8
      vertex 19 0.494965 0
      vertex 19 4.30931 7.8223
    endloop
  endfacet
  facet normal 1 0 0
    outer loop
      vertex 19 6.35345 6.33715
      vertex 19 0.494965 0
      vertex 19 14.5 0
    endloop
  endfacet
  facet normal 1 0 0
    outer loop
      vertex 19 4.86248 6.73665
      vertex 19 0.494965 0
      vertex 19 5.00077 6.62467
    endloop
  endfacet
  facet normal 1 0 0
    outer loop
      vertex 19 4.73665 6.86248
      vertex 19 0.494965 0
      vertex 19 4.86248 6.73665
    endloop
  endfacet
  facet normal 1 0 0
    outer loop
      vertex 19 4.62467 7.00077
      vertex 19 0.494965 0
      vertex 19 4.73665 6.86248
    endloop
  endfacet
  facet normal 1 0 0
    outer loop
      vertex 19 4.52776 7.15
      vertex 19 0.494965 0
      vertex 19 4.62467 7.00077
    endloop
  endfacet
  facet normal 1 0 0
    outer loop
      vertex 19 4.44697 7.30855
      vertex 19 0.494965 0
      vertex 19 4.52776 7.15
    endloop
  endfacet
  facet normal 1 0 0
    outer loop
      vertex 19 4.3832 7.47467
      vertex 19 0.494965 0
      vertex 19 4.44697 7.30855
    endloop
  endfacet
  facet normal 1 0 0
    outer loop
      vertex 19 4.33715 7.64655
      vertex 19 0.494965 0
      vertex 19 4.3832 7.47467
    endloop
  endfacet
  facet normal 1 0 0
    outer loop
      vertex 19 4.30931 7.8223
      vertex 19 0.494965 0
      vertex 19 4.33715 7.64655
    endloop
  endfacet
  facet normal 0 1 -0
    outer loop
      vertex 19 17 2.5
      vertex 16 17 25.5
      vertex 19 17 25.5
    endloop
  endfacet
  facet normal 0 1 0
    outer loop
      vertex 16 17 25.5
      vertex 19 17 2.5
      vertex 16 17 2.5
    endloop
  endfacet
  facet normal -1 0 0
    outer loop
      vertex 16 9.10065 8.6495
      vertex 16 17 2.5
      vertex 16 9.15106 8.33119
    endloop
  endfacet
  facet normal -1 0 0
    outer loop
      vertex 16 17 25.5
      vertex 16 9.16793 19.9906
      vertex 16 9.16842 20
    endloop
  endfacet
  facet normal -1 0 0
    outer loop
      vertex 16 9.09918 8.65875
      vertex 16 17 2.5
      vertex 16 9.10065 8.6495
    endloop
  endfacet
  facet normal -1 0 0
    outer loop
      vertex 16 17 25.5
      vertex 16 9.15106 19.6688
      vertex 16 9.16793 19.9906
    endloop
  endfacet
  facet normal -1 0 0
    outer loop
      vertex 16 9.01577 8.97005
      vertex 16 17 2.5
      vertex 16 9.09918 8.65875
    endloop
  endfacet
  facet normal -1 0 0
    outer loop
      vertex 16 17 25.5
      vertex 16 9.10065 19.3505
      vertex 16 9.15106 19.6688
    endloop
  endfacet
  facet normal -1 0 0
    outer loop
      vertex 16 9.01335 8.9791
      vertex 16 17 2.5
      vertex 16 9.01577 8.97005
    endloop
  endfacet
  facet normal -1 0 0
    outer loop
      vertex 16 17 25.5
      vertex 16 9.09918 19.3412
      vertex 16 9.10065 19.3505
    endloop
  endfacet
  facet normal -1 0 0
    outer loop
      vertex 16 9.00999 8.98784
      vertex 16 17 2.5
      vertex 16 9.01335 8.9791
    endloop
  endfacet
  facet normal -1 0 0
    outer loop
      vertex 16 17 25.5
      vertex 16 9.01577 19.03
      vertex 16 9.09918 19.3412
    endloop
  endfacet
  facet normal -1 0 0
    outer loop
      vertex 16 8.8945 9.28871
      vertex 16 17 2.5
      vertex 16 9.00999 8.98784
    endloop
  endfacet
  facet normal -1 0 0
    outer loop
      vertex 16 17 25.5
      vertex 16 9.01335 19.0209
      vertex 16 9.01577 19.03
    endloop
  endfacet
  facet normal -1 0 0
    outer loop
      vertex 16 17 2.5
      vertex 16 8.8945 9.28871
      vertex 16 17 25.5
    endloop
  endfacet
  facet normal -1 0 0
    outer loop
      vertex 16 17 25.5
      vertex 16 9.00999 19.0122
      vertex 16 9.01335 19.0209
    endloop
  endfacet
  facet normal -1 0 0
    outer loop
      vertex 16 8.8945 18.7113
      vertex 16 17 25.5
      vertex 16 8.8945 9.28871
    endloop
  endfacet
  facet normal -1 0 0
    outer loop
      vertex 16 17 25.5
      vertex 16 8.8945 18.7113
      vertex 16 9.00999 19.0122
    endloop
  endfacet
  facet normal -1 0 0
    outer loop
      vertex 16 8.74818 9.57587
      vertex 16 8.8945 18.7113
      vertex 16 8.8945 9.28871
    endloop
  endfacet
  facet normal -1 0 0
    outer loop
      vertex 16 8.74818 9.57587
      vertex 16 8.74818 18.4241
      vertex 16 8.8945 18.7113
    endloop
  endfacet
  facet normal -1 0 0
    outer loop
      vertex 16 8.74393 9.58421
      vertex 16 8.74818 18.4241
      vertex 16 8.74818 9.57587
    endloop
  endfacet
  facet normal -1 0 0
    outer loop
      vertex 16 8.74393 9.58421
      vertex 16 8.74393 18.4158
      vertex 16 8.74818 18.4241
    endloop
  endfacet
  facet normal -1 0 0
    outer loop
      vertex 16 8.73883 9.59206
      vertex 16 8.74393 18.4158
      vertex 16 8.74393 9.58421
    endloop
  endfacet
  facet normal -1 0 0
    outer loop
      vertex 16 8.73883 9.59206
      vertex 16 8.73883 18.4079
      vertex 16 8.74393 18.4158
    endloop
  endfacet
  facet normal -1 0 0
    outer loop
      vertex 16 8.64352 9.73883
      vertex 16 8.73883 18.4079
      vertex 16 8.73883 9.59206
    endloop
  endfacet
  facet normal -1 0 0
    outer loop
      vertex 16 8.73883 18.4079
      vertex 16 8.64352 9.73883
      vertex 16 8.64352 18.2612
    endloop
  endfacet
  facet normal -1 0 0
    outer loop
      vertex 16 17 2.5
      vertex 16 9.16793 7.99065
      vertex 16 9.16842 8
    endloop
  endfacet
  facet normal -1 0 0
    outer loop
      vertex 16 17 2.5
      vertex 16 9.15106 7.66881
      vertex 16 9.16793 7.99065
    endloop
  endfacet
  facet normal -1 0 0
    outer loop
      vertex 16 17 2.5
      vertex 16 9.10065 7.3505
      vertex 16 9.15106 7.66881
    endloop
  endfacet
  facet normal -1 0 0
    outer loop
      vertex 16 17 2.5
      vertex 16 9.09918 7.34125
      vertex 16 9.10065 7.3505
    endloop
  endfacet
  facet normal -1 0 0
    outer loop
      vertex 16 17 2.5
      vertex 16 9.01577 7.02995
      vertex 16 9.09918 7.34125
    endloop
  endfacet
  facet normal -1 0 0
    outer loop
      vertex 16 17 2.5
      vertex 16 9.01335 7.0209
      vertex 16 9.01577 7.02995
    endloop
  endfacet
  facet normal -1 0 0
    outer loop
      vertex 16 17 2.5
      vertex 16 9.00999 7.01216
      vertex 16 9.01335 7.0209
    endloop
  endfacet
  facet normal -1 0 0
    outer loop
      vertex 16 17 2.5
      vertex 16 8.8945 6.71129
      vertex 16 9.00999 7.01216
    endloop
  endfacet
  facet normal -1 0 0
    outer loop
      vertex 16 17 2.5
      vertex 16 8.74818 6.42413
      vertex 16 8.8945 6.71129
    endloop
  endfacet
  facet normal -1 0 0
    outer loop
      vertex 16 17 2.5
      vertex 16 8.74393 6.41579
      vertex 16 8.74818 6.42413
    endloop
  endfacet
  facet normal -1 0 0
    outer loop
      vertex 16 14.5 0
      vertex 16 8.73883 6.40794
      vertex 16 8.74393 6.41579
    endloop
  endfacet
  facet normal -1 0 0
    outer loop
      vertex 16 8.64352 6.26117
      vertex 16 14.5 0
      vertex 16 8.64352 0
    endloop
  endfacet
  facet normal -1 0 0
    outer loop
      vertex 16 14.5 0
      vertex 16 8.64352 6.26117
      vertex 16 8.73883 6.40794
    endloop
  endfacet
  facet normal -1 0 0
    outer loop
      vertex 16 14.5 0
      vertex 16 17 2.5
      vertex 16 16.9863 2.23868
    endloop
  endfacet
  facet normal -1 0 0
    outer loop
      vertex 16 9.16793 8.00935
      vertex 16 17 2.5
      vertex 16 9.16842 8
    endloop
  endfacet
  facet normal -1 0 0
    outer loop
      vertex 16 14.5 0
      vertex 16 16.9863 2.23868
      vertex 16 16.9454 1.98022
    endloop
  endfacet
  facet normal -1 0 0
    outer loop
      vertex 16 9.15106 8.33119
      vertex 16 17 2.5
      vertex 16 9.16793 8.00935
    endloop
  endfacet
  facet normal -1 0 0
    outer loop
      vertex 16 14.5 0
      vertex 16 16.9454 1.98022
      vertex 16 16.8776 1.72746
    endloop
  endfacet
  facet normal -1 0 0
    outer loop
      vertex 16 9.16793 20.0094
      vertex 16 17 25.5
      vertex 16 9.16842 20
    endloop
  endfacet
  facet normal -1 0 0
    outer loop
      vertex 16 14.5 0
      vertex 16 16.8776 1.72746
      vertex 16 16.7839 1.48316
    endloop
  endfacet
  facet normal -1 0 0
    outer loop
      vertex 16 9.15106 20.3312
      vertex 16 17 25.5
      vertex 16 9.16793 20.0094
    endloop
  endfacet
  facet normal -1 0 0
    outer loop
      vertex 16 14.5 0
      vertex 16 16.7839 1.48316
      vertex 16 16.6651 1.25
    endloop
  endfacet
  facet normal -1 0 0
    outer loop
      vertex 16 9.10065 20.6495
      vertex 16 17 25.5
      vertex 16 9.15106 20.3312
    endloop
  endfacet
  facet normal -1 0 0
    outer loop
      vertex 16 14.5 0
      vertex 16 16.6651 1.25
      vertex 16 16.5225 1.03054
    endloop
  endfacet
  facet normal -1 0 0
    outer loop
      vertex 16 9.09918 20.6588
      vertex 16 17 25.5
      vertex 16 9.10065 20.6495
    endloop
  endfacet
  facet normal -1 0 0
    outer loop
      vertex 16 14.5 0
      vertex 16 16.5225 1.03054
      vertex 16 16.3579 0.827174
    endloop
  endfacet
  facet normal -1 0 0
    outer loop
      vertex 16 9.01577 20.97
      vertex 16 17 25.5
      vertex 16 9.09918 20.6588
    endloop
  endfacet
  facet normal -1 0 0
    outer loop
      vertex 16 14.5 0
      vertex 16 16.3579 0.827174
      vertex 16 16.1728 0.642138
    endloop
  endfacet
  facet normal -1 0 0
    outer loop
      vertex 16 9.01335 20.9791
      vertex 16 17 25.5
      vertex 16 9.01577 20.97
    endloop
  endfacet
  facet normal -1 0 0
    outer loop
      vertex 16 14.5 0
      vertex 16 16.1728 0.642138
      vertex 16 15.9695 0.477458
    endloop
  endfacet
  facet normal -1 0 0
    outer loop
      vertex 16 9.00999 20.9878
      vertex 16 17 25.5
      vertex 16 9.01335 20.9791
    endloop
  endfacet
  facet normal -1 0 0
    outer loop
      vertex 16 14.5 0
      vertex 16 15.9695 0.477458
      vertex 16 15.75 0.334937
    endloop
  endfacet
  facet normal -1 0 0
    outer loop
      vertex 16 8.8945 21.2887
      vertex 16 17 25.5
      vertex 16 9.00999 20.9878
    endloop
  endfacet
  facet normal -1 0 0
    outer loop
      vertex 16 14.5 0
      vertex 16 15.75 0.334937
      vertex 16 15.5168 0.216137
    endloop
  endfacet
  facet normal -1 0 0
    outer loop
      vertex 16 8.74818 21.5759
      vertex 16 17 25.5
      vertex 16 8.8945 21.2887
    endloop
  endfacet
  facet normal -1 0 0
    outer loop
      vertex 16 14.5 0
      vertex 16 15.5168 0.216137
      vertex 16 15.2725 0.122359
    endloop
  endfacet
  facet normal -1 0 0
    outer loop
      vertex 16 8.74393 21.5842
      vertex 16 17 25.5
      vertex 16 8.74818 21.5759
    endloop
  endfacet
  facet normal -1 0 0
    outer loop
      vertex 16 14.5 0
      vertex 16 15.2725 0.122359
      vertex 16 15.0198 0.0546312
    endloop
  endfacet
  facet normal -1 0 0
    outer loop
      vertex 16 17 25.5
      vertex 16 14.5 28
      vertex 16 16.9863 25.7613
    endloop
  endfacet
  facet normal -1 0 0
    outer loop
      vertex 16 14.5 0
      vertex 16 15.0198 0.0546312
      vertex 16 14.7613 0.0136957
    endloop
  endfacet
  facet normal -1 0 0
    outer loop
      vertex 16 16.9454 26.0198
      vertex 16 14.5 28
      vertex 16 16.8776 26.2725
    endloop
  endfacet
  facet normal -1 0 0
    outer loop
      vertex 16 16.7839 26.5168
      vertex 16 14.5 28
      vertex 16 16.6651 26.75
    endloop
  endfacet
  facet normal -1 0 0
    outer loop
      vertex 16 8.74393 6.41579
      vertex 16 17 2.5
      vertex 16 14.5 0
    endloop
  endfacet
  facet normal -1 0 0
    outer loop
      vertex 16 16.8776 26.2725
      vertex 16 14.5 28
      vertex 16 16.7839 26.5168
    endloop
  endfacet
  facet normal -1 0 0
    outer loop
      vertex 16 16.6651 26.75
      vertex 16 14.5 28
      vertex 16 16.5225 26.9695
    endloop
  endfacet
  facet normal -1 0 0
    outer loop
      vertex 16 16.5225 26.9695
      vertex 16 14.5 28
      vertex 16 16.3579 27.1728
    endloop
  endfacet
  facet normal -1 0 0
    outer loop
      vertex 16 16.1728 27.3579
      vertex 16 14.5 28
      vertex 16 15.9695 27.5225
    endloop
  endfacet
  facet normal -1 0 0
    outer loop
      vertex 16 15.75 27.6651
      vertex 16 14.5 28
      vertex 16 15.5168 27.7839
    endloop
  endfacet
  facet normal -1 0 0
    outer loop
      vertex 16 15.5168 27.7839
      vertex 16 14.5 28
      vertex 16 15.2725 27.8776
    endloop
  endfacet
  facet normal -1 0 0
    outer loop
      vertex 16 15.2725 27.8776
      vertex 16 14.5 28
      vertex 16 15.0198 27.9454
    endloop
  endfacet
  facet normal -1 0 0
    outer loop
      vertex 16 15.0198 27.9454
      vertex 16 14.5 28
      vertex 16 14.7613 27.9863
    endloop
  endfacet
  facet normal -1 0 0
    outer loop
      vertex 16 15.9695 27.5225
      vertex 16 14.5 28
      vertex 16 15.75 27.6651
    endloop
  endfacet
  facet normal -1 0 0
    outer loop
      vertex 16 16.3579 27.1728
      vertex 16 14.5 28
      vertex 16 16.1728 27.3579
    endloop
  endfacet
  facet normal -1 0 0
    outer loop
      vertex 16 16.9863 25.7613
      vertex 16 14.5 28
      vertex 16 16.9454 26.0198
    endloop
  endfacet
  facet normal -1 -0 0
    outer loop
      vertex 16 17 25.5
      vertex 16 8.74393 21.5842
      vertex 16 14.5 28
    endloop
  endfacet
  facet normal -1 0 0
    outer loop
      vertex 16 8.73883 21.5921
      vertex 16 14.5 28
      vertex 16 8.74393 21.5842
    endloop
  endfacet
  facet normal -1 0 0
    outer loop
      vertex 16 8.64352 21.7388
      vertex 16 14.5 28
      vertex 16 8.73883 21.5921
    endloop
  endfacet
  facet normal -1 -0 0
    outer loop
      vertex 16 14.5 28
      vertex 16 8.64352 21.7388
      vertex 16 8.64352 28
    endloop
  endfacet
  facet normal 0 -1 0
    outer loop
      vertex 37.9 -10 0
      vertex 56.7 -10 28
      vertex 37.9 -10 28
    endloop
  endfacet
  facet normal 0 -1 -0
    outer loop
      vertex 56.7 -10 28
      vertex 37.9 -10 0
      vertex 56.7 -10 0
    endloop
  endfacet
  facet normal 1 -0 0
    outer loop
      vertex 56.7 -10 28
      vertex 56.7 9.26852 0
      vertex 56.7 9.26852 28
    endloop
  endfacet
  facet normal 1 0 0
    outer loop
      vertex 56.7 9.26852 0
      vertex 56.7 -10 28
      vertex 56.7 -10 0
    endloop
  endfacet
  facet normal 0 -0.454056 0.890973
    outer loop
      vertex 18.7 6.85 18.5278
      vertex 19 6.69145 18.447
      vertex 19 6.85 18.5278
    endloop
  endfacet
  facet normal 0 -0.454056 0.890973
    outer loop
      vertex 19 6.69145 18.447
      vertex 18.7 6.85 18.5278
      vertex 18.7 6.69145 18.447
    endloop
  endfacet
  facet normal 0 -0.933633 0.35823
    outer loop
      vertex 18.7 7.55303 19.3085
      vertex 19 7.6168 19.4747
      vertex 18.7 7.6168 19.4747
    endloop
  endfacet
  facet normal 0 -0.933633 0.35823
    outer loop
      vertex 19 7.6168 19.4747
      vertex 18.7 7.55303 19.3085
      vertex 19 7.55303 19.3085
    endloop
  endfacet
  facet normal 0 -0.933633 -0.35823
    outer loop
      vertex 18.7 7.6168 20.5253
      vertex 19 7.55303 20.6915
      vertex 18.7 7.55303 20.6915
    endloop
  endfacet
  facet normal 0 -0.933633 -0.35823
    outer loop
      vertex 19 7.55303 20.6915
      vertex 18.7 7.6168 20.5253
      vertex 19 7.6168 20.5253
    endloop
  endfacet
  facet normal 0 -0.454056 -0.890973
    outer loop
      vertex 18.7 6.69145 21.553
      vertex 19 6.85 21.4722
      vertex 19 6.69145 21.553
    endloop
  endfacet
  facet normal -0 -0.454056 -0.890973
    outer loop
      vertex 19 6.85 21.4722
      vertex 18.7 6.69145 21.553
      vertex 18.7 6.85 21.4722
    endloop
  endfacet
  facet normal -0 0.0522639 0.998633
    outer loop
      vertex 18.7 6 18.3
      vertex 19 5.8223 18.3093
      vertex 19 6 18.3
    endloop
  endfacet
  facet normal 0 0.0522639 0.998633
    outer loop
      vertex 19 5.8223 18.3093
      vertex 18.7 6 18.3
      vertex 18.7 5.8223 18.3093
    endloop
  endfacet
  facet normal 0 -0.99863 0.0523199
    outer loop
      vertex 18.7 7.69069 19.8223
      vertex 19 7.7 20
      vertex 18.7 7.7 20
    endloop
  endfacet
  facet normal 0 -0.99863 0.0523199
    outer loop
      vertex 19 7.7 20
      vertex 18.7 7.69069 19.8223
      vertex 19 7.69069 19.8223
    endloop
  endfacet
  facet normal 0 -0.838623 0.544712
    outer loop
      vertex 18.7 7.37533 19.0008
      vertex 19 7.47224 19.15
      vertex 18.7 7.47224 19.15
    endloop
  endfacet
  facet normal 0 -0.838623 0.544712
    outer loop
      vertex 19 7.47224 19.15
      vertex 18.7 7.37533 19.0008
      vertex 19 7.37533 19.0008
    endloop
  endfacet
  facet normal 0 -0.629371 -0.777105
    outer loop
      vertex 18.7 6.99923 21.3753
      vertex 19 7.13752 21.2633
      vertex 19 6.99923 21.3753
    endloop
  endfacet
  facet normal -0 -0.629371 -0.777105
    outer loop
      vertex 19 7.13752 21.2633
      vertex 18.7 6.99923 21.3753
      vertex 18.7 7.13752 21.2633
    endloop
  endfacet
  facet normal 0 -0.987692 -0.156413
    outer loop
      vertex 18.7 7.69069 20.1777
      vertex 19 7.66285 20.3535
      vertex 18.7 7.66285 20.3535
    endloop
  endfacet
  facet normal 0 -0.987692 -0.156413
    outer loop
      vertex 19 7.66285 20.3535
      vertex 18.7 7.69069 20.1777
      vertex 19 7.69069 20.1777
    endloop
  endfacet
  facet normal 0 -0.544595 0.838699
    outer loop
      vertex 18.7 6.99923 18.6247
      vertex 19 6.85 18.5278
      vertex 19 6.99923 18.6247
    endloop
  endfacet
  facet normal 0 -0.544595 0.838699
    outer loop
      vertex 19 6.85 18.5278
      vertex 18.7 6.99923 18.6247
      vertex 18.7 6.85 18.5278
    endloop
  endfacet
  facet normal 0 -0.707022 0.707191
    outer loop
      vertex 18.7 7.13752 18.7367
      vertex 19 7.26335 18.8625
      vertex 18.7 7.26335 18.8625
    endloop
  endfacet
  facet normal 0 -0.707022 0.707191
    outer loop
      vertex 19 7.26335 18.8625
      vertex 18.7 7.13752 18.7367
      vertex 19 7.13752 18.7367
    endloop
  endfacet
  facet normal 0 -0.629371 0.777105
    outer loop
      vertex 18.7 7.13752 18.7367
      vertex 19 6.99923 18.6247
      vertex 19 7.13752 18.7367
    endloop
  endfacet
  facet normal 0 -0.629371 0.777105
    outer loop
      vertex 19 6.99923 18.6247
      vertex 18.7 7.13752 18.7367
      vertex 18.7 6.99923 18.6247
    endloop
  endfacet
  facet normal 0 -0.99863 -0.0523199
    outer loop
      vertex 18.7 7.7 20
      vertex 19 7.69069 20.1777
      vertex 18.7 7.69069 20.1777
    endloop
  endfacet
  facet normal 0 -0.99863 -0.0523199
    outer loop
      vertex 19 7.69069 20.1777
      vertex 18.7 7.7 20
      vertex 19 7.7 20
    endloop
  endfacet
  facet normal 0 -0.965903 0.258905
    outer loop
      vertex 18.7 7.6168 19.4747
      vertex 19 7.66285 19.6465
      vertex 18.7 7.66285 19.6465
    endloop
  endfacet
  facet normal 0 -0.965903 0.258905
    outer loop
      vertex 19 7.66285 19.6465
      vertex 18.7 7.6168 19.4747
      vertex 19 7.6168 19.4747
    endloop
  endfacet
  facet normal 0 -0.987692 0.156413
    outer loop
      vertex 18.7 7.66285 19.6465
      vertex 19 7.69069 19.8223
      vertex 18.7 7.69069 19.8223
    endloop
  endfacet
  facet normal 0 -0.987692 0.156413
    outer loop
      vertex 19 7.69069 19.8223
      vertex 18.7 7.66285 19.6465
      vertex 19 7.66285 19.6465
    endloop
  endfacet
  facet normal 0 -0.890938 0.454125
    outer loop
      vertex 18.7 7.47224 19.15
      vertex 19 7.55303 19.3085
      vertex 18.7 7.55303 19.3085
    endloop
  endfacet
  facet normal 0 -0.890938 0.454125
    outer loop
      vertex 19 7.55303 19.3085
      vertex 18.7 7.47224 19.15
      vertex 19 7.47224 19.15
    endloop
  endfacet
  facet normal 0 -0.777182 0.629276
    outer loop
      vertex 18.7 7.26335 18.8625
      vertex 19 7.37533 19.0008
      vertex 18.7 7.37533 19.0008
    endloop
  endfacet
  facet normal 0 -0.777182 0.629276
    outer loop
      vertex 19 7.37533 19.0008
      vertex 18.7 7.26335 18.8625
      vertex 19 7.26335 18.8625
    endloop
  endfacet
  facet normal 0 -0.0522639 -0.998633
    outer loop
      vertex 18.7 6 21.7
      vertex 19 6.1777 21.6907
      vertex 19 6 21.7
    endloop
  endfacet
  facet normal -0 -0.0522639 -0.998633
    outer loop
      vertex 19 6.1777 21.6907
      vertex 18.7 6 21.7
      vertex 18.7 6.1777 21.6907
    endloop
  endfacet
  facet normal 0 -0.358527 -0.933519
    outer loop
      vertex 18.7 6.52533 21.6168
      vertex 19 6.69145 21.553
      vertex 19 6.52533 21.6168
    endloop
  endfacet
  facet normal -0 -0.358527 -0.933519
    outer loop
      vertex 19 6.69145 21.553
      vertex 18.7 6.52533 21.6168
      vertex 18.7 6.69145 21.553
    endloop
  endfacet
  facet normal 0 -0.25853 -0.966003
    outer loop
      vertex 18.7 6.35345 21.6628
      vertex 19 6.52533 21.6168
      vertex 19 6.35345 21.6628
    endloop
  endfacet
  facet normal -0 -0.25853 -0.966003
    outer loop
      vertex 19 6.52533 21.6168
      vertex 18.7 6.35345 21.6628
      vertex 18.7 6.52533 21.6168
    endloop
  endfacet
  facet normal 0 -0.544595 -0.838699
    outer loop
      vertex 18.7 6.85 21.4722
      vertex 19 6.99923 21.3753
      vertex 19 6.85 21.4722
    endloop
  endfacet
  facet normal -0 -0.544595 -0.838699
    outer loop
      vertex 19 6.99923 21.3753
      vertex 18.7 6.85 21.4722
      vertex 18.7 6.99923 21.3753
    endloop
  endfacet
  facet normal 0 -0.965903 -0.258905
    outer loop
      vertex 18.7 7.66285 20.3535
      vertex 19 7.6168 20.5253
      vertex 18.7 7.6168 20.5253
    endloop
  endfacet
  facet normal 0 -0.965903 -0.258905
    outer loop
      vertex 19 7.6168 20.5253
      vertex 18.7 7.66285 20.3535
      vertex 19 7.66285 20.3535
    endloop
  endfacet
  facet normal 0 -0.838623 -0.544712
    outer loop
      vertex 18.7 7.47224 20.85
      vertex 19 7.37533 20.9992
      vertex 18.7 7.37533 20.9992
    endloop
  endfacet
  facet normal 0 -0.838623 -0.544712
    outer loop
      vertex 19 7.37533 20.9992
      vertex 18.7 7.47224 20.85
      vertex 19 7.47224 20.85
    endloop
  endfacet
  facet normal 0 -0.777182 -0.629276
    outer loop
      vertex 18.7 7.37533 20.9992
      vertex 19 7.26335 21.1375
      vertex 18.7 7.26335 21.1375
    endloop
  endfacet
  facet normal 0 -0.777182 -0.629276
    outer loop
      vertex 19 7.26335 21.1375
      vertex 18.7 7.37533 20.9992
      vertex 19 7.37533 20.9992
    endloop
  endfacet
  facet normal 0 -0.890938 -0.454125
    outer loop
      vertex 18.7 7.55303 20.6915
      vertex 19 7.47224 20.85
      vertex 18.7 7.47224 20.85
    endloop
  endfacet
  facet normal 0 -0.890938 -0.454125
    outer loop
      vertex 19 7.47224 20.85
      vertex 18.7 7.55303 20.6915
      vertex 19 7.55303 20.6915
    endloop
  endfacet
  facet normal 0 -0.707022 -0.707191
    outer loop
      vertex 18.7 7.26335 21.1375
      vertex 19 7.13752 21.2633
      vertex 18.7 7.13752 21.2633
    endloop
  endfacet
  facet normal 0 -0.707022 -0.707191
    outer loop
      vertex 19 7.13752 21.2633
      vertex 18.7 7.26335 21.1375
      vertex 19 7.26335 21.1375
    endloop
  endfacet
  facet normal 0 -0.0522639 0.998633
    outer loop
      vertex 18.7 6.1777 18.3093
      vertex 19 6 18.3
      vertex 19 6.1777 18.3093
    endloop
  endfacet
  facet normal 0 -0.0522639 0.998633
    outer loop
      vertex 19 6 18.3
      vertex 18.7 6.1777 18.3093
      vertex 18.7 6 18.3
    endloop
  endfacet
  facet normal -0 0.25853 0.966003
    outer loop
      vertex 18.7 5.64655 18.3372
      vertex 19 5.47467 18.3832
      vertex 19 5.64655 18.3372
    endloop
  endfacet
  facet normal 0 0.25853 0.966003
    outer loop
      vertex 19 5.47467 18.3832
      vertex 18.7 5.64655 18.3372
      vertex 18.7 5.47467 18.3832
    endloop
  endfacet
  facet normal 0 0.454056 -0.890973
    outer loop
      vertex 18.7 5.15 21.4722
      vertex 19 5.30855 21.553
      vertex 19 5.15 21.4722
    endloop
  endfacet
  facet normal 0 0.454056 -0.890973
    outer loop
      vertex 19 5.30855 21.553
      vertex 18.7 5.15 21.4722
      vertex 18.7 5.30855 21.553
    endloop
  endfacet
  facet normal 0 0.987692 0.156413
    outer loop
      vertex 19 4.33715 19.6465
      vertex 18.7 4.30931 19.8223
      vertex 19 4.30931 19.8223
    endloop
  endfacet
  facet normal 0 0.987692 0.156413
    outer loop
      vertex 18.7 4.30931 19.8223
      vertex 19 4.33715 19.6465
      vertex 18.7 4.33715 19.6465
    endloop
  endfacet
  facet normal 0 -0.358527 0.933519
    outer loop
      vertex 18.7 6.69145 18.447
      vertex 19 6.52533 18.3832
      vertex 19 6.69145 18.447
    endloop
  endfacet
  facet normal 0 -0.358527 0.933519
    outer loop
      vertex 19 6.52533 18.3832
      vertex 18.7 6.69145 18.447
      vertex 18.7 6.52533 18.3832
    endloop
  endfacet
  facet normal 0 -0.25853 0.966003
    outer loop
      vertex 18.7 6.52533 18.3832
      vertex 19 6.35345 18.3372
      vertex 19 6.52533 18.3832
    endloop
  endfacet
  facet normal 0 -0.25853 0.966003
    outer loop
      vertex 19 6.35345 18.3372
      vertex 18.7 6.52533 18.3832
      vertex 18.7 6.35345 18.3372
    endloop
  endfacet
  facet normal 0 -0.156785 0.987633
    outer loop
      vertex 18.7 6.35345 18.3372
      vertex 19 6.1777 18.3093
      vertex 19 6.35345 18.3372
    endloop
  endfacet
  facet normal 0 -0.156785 0.987633
    outer loop
      vertex 19 6.1777 18.3093
      vertex 18.7 6.35345 18.3372
      vertex 18.7 6.1777 18.3093
    endloop
  endfacet
  facet normal 0 -0.156785 -0.987633
    outer loop
      vertex 18.7 6.1777 21.6907
      vertex 19 6.35345 21.6628
      vertex 19 6.1777 21.6907
    endloop
  endfacet
  facet normal -0 -0.156785 -0.987633
    outer loop
      vertex 19 6.35345 21.6628
      vertex 18.7 6.1777 21.6907
      vertex 18.7 6.35345 21.6628
    endloop
  endfacet
  facet normal -0 0.156785 0.987633
    outer loop
      vertex 18.7 5.8223 18.3093
      vertex 19 5.64655 18.3372
      vertex 19 5.8223 18.3093
    endloop
  endfacet
  facet normal 0 0.156785 0.987633
    outer loop
      vertex 19 5.64655 18.3372
      vertex 18.7 5.8223 18.3093
      vertex 18.7 5.64655 18.3372
    endloop
  endfacet
  facet normal -0 0.629371 0.777105
    outer loop
      vertex 18.7 5.00077 18.6247
      vertex 19 4.86248 18.7367
      vertex 19 5.00077 18.6247
    endloop
  endfacet
  facet normal 0 0.629371 0.777105
    outer loop
      vertex 19 4.86248 18.7367
      vertex 18.7 5.00077 18.6247
      vertex 18.7 4.86248 18.7367
    endloop
  endfacet
  facet normal -0 0.454056 0.890973
    outer loop
      vertex 18.7 5.30855 18.447
      vertex 19 5.15 18.5278
      vertex 19 5.30855 18.447
    endloop
  endfacet
  facet normal 0 0.454056 0.890973
    outer loop
      vertex 19 5.15 18.5278
      vertex 18.7 5.30855 18.447
      vertex 18.7 5.15 18.5278
    endloop
  endfacet
  facet normal 0 0.99863 -0.0523199
    outer loop
      vertex 19 4.3 20
      vertex 18.7 4.30931 20.1777
      vertex 19 4.30931 20.1777
    endloop
  endfacet
  facet normal 0 0.99863 -0.0523199
    outer loop
      vertex 18.7 4.30931 20.1777
      vertex 19 4.3 20
      vertex 18.7 4.3 20
    endloop
  endfacet
  facet normal 0 0.0522639 -0.998633
    outer loop
      vertex 18.7 5.8223 21.6907
      vertex 19 6 21.7
      vertex 19 5.8223 21.6907
    endloop
  endfacet
  facet normal 0 0.0522639 -0.998633
    outer loop
      vertex 19 6 21.7
      vertex 18.7 5.8223 21.6907
      vertex 18.7 6 21.7
    endloop
  endfacet
  facet normal 0 0.358527 -0.933519
    outer loop
      vertex 18.7 5.30855 21.553
      vertex 19 5.47467 21.6168
      vertex 19 5.30855 21.553
    endloop
  endfacet
  facet normal 0 0.358527 -0.933519
    outer loop
      vertex 19 5.47467 21.6168
      vertex 18.7 5.30855 21.553
      vertex 18.7 5.47467 21.6168
    endloop
  endfacet
  facet normal 0 0.25853 -0.966003
    outer loop
      vertex 18.7 5.47467 21.6168
      vertex 19 5.64655 21.6628
      vertex 19 5.47467 21.6168
    endloop
  endfacet
  facet normal 0 0.25853 -0.966003
    outer loop
      vertex 19 5.64655 21.6628
      vertex 18.7 5.47467 21.6168
      vertex 18.7 5.64655 21.6628
    endloop
  endfacet
  facet normal 0 0.933633 0.35823
    outer loop
      vertex 19 4.44697 19.3085
      vertex 18.7 4.3832 19.4747
      vertex 19 4.3832 19.4747
    endloop
  endfacet
  facet normal 0 0.933633 0.35823
    outer loop
      vertex 18.7 4.3832 19.4747
      vertex 19 4.44697 19.3085
      vertex 18.7 4.44697 19.3085
    endloop
  endfacet
  facet normal 0 0.965903 0.258905
    outer loop
      vertex 19 4.3832 19.4747
      vertex 18.7 4.33715 19.6465
      vertex 19 4.33715 19.6465
    endloop
  endfacet
  facet normal 0 0.965903 0.258905
    outer loop
      vertex 18.7 4.33715 19.6465
      vertex 19 4.3832 19.4747
      vertex 18.7 4.3832 19.4747
    endloop
  endfacet
  facet normal 0 0.777182 0.629276
    outer loop
      vertex 19 4.73665 18.8625
      vertex 18.7 4.62467 19.0008
      vertex 19 4.62467 19.0008
    endloop
  endfacet
  facet normal 0 0.777182 0.629276
    outer loop
      vertex 18.7 4.62467 19.0008
      vertex 19 4.73665 18.8625
      vertex 18.7 4.73665 18.8625
    endloop
  endfacet
  facet normal -0 0.358527 0.933519
    outer loop
      vertex 18.7 5.47467 18.3832
      vertex 19 5.30855 18.447
      vertex 19 5.47467 18.3832
    endloop
  endfacet
  facet normal 0 0.358527 0.933519
    outer loop
      vertex 19 5.30855 18.447
      vertex 18.7 5.47467 18.3832
      vertex 18.7 5.30855 18.447
    endloop
  endfacet
  facet normal -0 0.544595 0.838699
    outer loop
      vertex 18.7 5.15 18.5278
      vertex 19 5.00077 18.6247
      vertex 19 5.15 18.5278
    endloop
  endfacet
  facet normal 0 0.544595 0.838699
    outer loop
      vertex 19 5.00077 18.6247
      vertex 18.7 5.15 18.5278
      vertex 18.7 5.00077 18.6247
    endloop
  endfacet
  facet normal 0 0.99863 0.0523199
    outer loop
      vertex 19 4.30931 19.8223
      vertex 18.7 4.3 20
      vertex 19 4.3 20
    endloop
  endfacet
  facet normal 0 0.99863 0.0523199
    outer loop
      vertex 18.7 4.3 20
      vertex 19 4.30931 19.8223
      vertex 18.7 4.30931 19.8223
    endloop
  endfacet
  facet normal 0 0.629371 -0.777105
    outer loop
      vertex 18.7 4.86248 21.2633
      vertex 19 5.00077 21.3753
      vertex 19 4.86248 21.2633
    endloop
  endfacet
  facet normal 0 0.629371 -0.777105
    outer loop
      vertex 19 5.00077 21.3753
      vertex 18.7 4.86248 21.2633
      vertex 18.7 5.00077 21.3753
    endloop
  endfacet
  facet normal 0 0.707022 -0.707191
    outer loop
      vertex 19 4.73665 21.1375
      vertex 18.7 4.86248 21.2633
      vertex 19 4.86248 21.2633
    endloop
  endfacet
  facet normal 0 0.707022 -0.707191
    outer loop
      vertex 18.7 4.86248 21.2633
      vertex 19 4.73665 21.1375
      vertex 18.7 4.73665 21.1375
    endloop
  endfacet
  facet normal 0 0.156785 -0.987633
    outer loop
      vertex 18.7 5.64655 21.6628
      vertex 19 5.8223 21.6907
      vertex 19 5.64655 21.6628
    endloop
  endfacet
  facet normal 0 0.156785 -0.987633
    outer loop
      vertex 19 5.8223 21.6907
      vertex 18.7 5.64655 21.6628
      vertex 18.7 5.8223 21.6907
    endloop
  endfacet
  facet normal 0 0.707022 0.707191
    outer loop
      vertex 19 4.86248 18.7367
      vertex 18.7 4.73665 18.8625
      vertex 19 4.73665 18.8625
    endloop
  endfacet
  facet normal 0 0.707022 0.707191
    outer loop
      vertex 18.7 4.73665 18.8625
      vertex 19 4.86248 18.7367
      vertex 18.7 4.86248 18.7367
    endloop
  endfacet
  facet normal 0 0.838623 0.544712
    outer loop
      vertex 19 4.62467 19.0008
      vertex 18.7 4.52776 19.15
      vertex 19 4.52776 19.15
    endloop
  endfacet
  facet normal 0 0.838623 0.544712
    outer loop
      vertex 18.7 4.52776 19.15
      vertex 19 4.62467 19.0008
      vertex 18.7 4.62467 19.0008
    endloop
  endfacet
  facet normal 0 0.890938 0.454125
    outer loop
      vertex 19 4.52776 19.15
      vertex 18.7 4.44697 19.3085
      vertex 19 4.44697 19.3085
    endloop
  endfacet
  facet normal 0 0.890938 0.454125
    outer loop
      vertex 18.7 4.44697 19.3085
      vertex 19 4.52776 19.15
      vertex 18.7 4.52776 19.15
    endloop
  endfacet
  facet normal 0 0.890938 -0.454125
    outer loop
      vertex 19 4.44697 20.6915
      vertex 18.7 4.52776 20.85
      vertex 19 4.52776 20.85
    endloop
  endfacet
  facet normal 0 0.890938 -0.454125
    outer loop
      vertex 18.7 4.52776 20.85
      vertex 19 4.44697 20.6915
      vertex 18.7 4.44697 20.6915
    endloop
  endfacet
  facet normal 0 0.544595 -0.838699
    outer loop
      vertex 18.7 5.00077 21.3753
      vertex 19 5.15 21.4722
      vertex 19 5.00077 21.3753
    endloop
  endfacet
  facet normal 0 0.544595 -0.838699
    outer loop
      vertex 19 5.15 21.4722
      vertex 18.7 5.00077 21.3753
      vertex 18.7 5.15 21.4722
    endloop
  endfacet
  facet normal 0 0.838623 -0.544712
    outer loop
      vertex 19 4.52776 20.85
      vertex 18.7 4.62467 20.9992
      vertex 19 4.62467 20.9992
    endloop
  endfacet
  facet normal 0 0.838623 -0.544712
    outer loop
      vertex 18.7 4.62467 20.9992
      vertex 19 4.52776 20.85
      vertex 18.7 4.52776 20.85
    endloop
  endfacet
  facet normal 0 0.777182 -0.629276
    outer loop
      vertex 19 4.62467 20.9992
      vertex 18.7 4.73665 21.1375
      vertex 19 4.73665 21.1375
    endloop
  endfacet
  facet normal 0 0.777182 -0.629276
    outer loop
      vertex 18.7 4.73665 21.1375
      vertex 19 4.62467 20.9992
      vertex 18.7 4.62467 20.9992
    endloop
  endfacet
  facet normal 0 0.933633 -0.35823
    outer loop
      vertex 19 4.3832 20.5253
      vertex 18.7 4.44697 20.6915
      vertex 19 4.44697 20.6915
    endloop
  endfacet
  facet normal 0 0.933633 -0.35823
    outer loop
      vertex 18.7 4.44697 20.6915
      vertex 19 4.3832 20.5253
      vertex 18.7 4.3832 20.5253
    endloop
  endfacet
  facet normal 0 0.987692 -0.156413
    outer loop
      vertex 19 4.30931 20.1777
      vertex 18.7 4.33715 20.3535
      vertex 19 4.33715 20.3535
    endloop
  endfacet
  facet normal 0 0.987692 -0.156413
    outer loop
      vertex 18.7 4.33715 20.3535
      vertex 19 4.30931 20.1777
      vertex 18.7 4.30931 20.1777
    endloop
  endfacet
  facet normal 0 0.965903 -0.258905
    outer loop
      vertex 19 4.33715 20.3535
      vertex 18.7 4.3832 20.5253
      vertex 19 4.3832 20.5253
    endloop
  endfacet
  facet normal 0 0.965903 -0.258905
    outer loop
      vertex 18.7 4.3832 20.5253
      vertex 19 4.33715 20.3535
      vertex 18.7 4.33715 20.3535
    endloop
  endfacet
  facet normal -0.631633 -0.650109 0.422372
    outer loop
      vertex 16.0964 8.66583 18.4397
      vertex 16 8.73883 18.4079
      vertex 16 8.64352 18.2612
    endloop
  endfacet
  facet normal -0.631586 -0.765762 -0.121276
    outer loop
      vertex 16 9.15106 20.3312
      vertex 16.4505 8.74779 20.5314
      vertex 16 9.10065 20.6495
    endloop
  endfacet
  facet normal -0.631618 -0.765751 -0.12118
    outer loop
      vertex 16.4505 8.74779 20.5314
      vertex 16 9.15106 20.3312
      vertex 16.4867 8.75618 20.2897
    endloop
  endfacet
  facet normal -0.631618 -0.774229 0.0403587
    outer loop
      vertex 16 9.16793 19.9906
      vertex 16.5012 8.75954 20
      vertex 16 9.16842 20
    endloop
  endfacet
  facet normal -0.631615 -0.77422 0.0405672
    outer loop
      vertex 16.5012 8.75954 20
      vertex 16 9.16793 19.9906
      vertex 16.4984 8.75889 19.944
    endloop
  endfacet
  facet normal -0.631649 -0.690772 -0.351928
    outer loop
      vertex 16 8.8945 21.2887
      vertex 16.1169 8.67058 21.5184
      vertex 16 8.74818 21.5759
    endloop
  endfacet
  facet normal -0.63149 -0.690841 -0.352077
    outer loop
      vertex 16.1169 8.67058 21.5184
      vertex 16 8.8945 21.2887
      vertex 16.257 8.703 21.2035
    endloop
  endfacet
  facet normal -0.631627 -0.765765 -0.12104
    outer loop
      vertex 16 9.10065 20.6495
      vertex 16.4426 8.74598 20.5837
      vertex 16 9.09918 20.6588
    endloop
  endfacet
  facet normal -0.631639 -0.765618 -0.121907
    outer loop
      vertex 16.4426 8.74598 20.5837
      vertex 16 9.10065 20.6495
      vertex 16.4505 8.74779 20.5314
    endloop
  endfacet
  facet normal -0.631656 -0.748818 -0.200704
    outer loop
      vertex 16 9.09918 20.6588
      vertex 16.3786 8.73117 20.8403
      vertex 16 9.01577 20.97
    endloop
  endfacet
  facet normal -0.631634 -0.748822 -0.200758
    outer loop
      vertex 16.3786 8.73117 20.8403
      vertex 16 9.09918 20.6588
      vertex 16.4426 8.74598 20.5837
    endloop
  endfacet
  facet normal -0.631625 -0.749234 -0.199247
    outer loop
      vertex 16 9.01577 20.97
      vertex 16.3671 8.7285 20.8865
      vertex 16 9.01335 20.9791
    endloop
  endfacet
  facet normal -0.631639 -0.748886 -0.200506
    outer loop
      vertex 16.3671 8.7285 20.8865
      vertex 16 9.01577 20.97
      vertex 16.3786 8.73117 20.8403
    endloop
  endfacet
  facet normal -0.631616 -0.774218 -0.0405875
    outer loop
      vertex 16 9.16793 20.0094
      vertex 16.4867 8.75618 20.2897
      vertex 16 9.15106 20.3312
    endloop
  endfacet
  facet normal -0.631612 -0.774221 -0.0405991
    outer loop
      vertex 16.4867 8.75618 20.2897
      vertex 16 9.16793 20.0094
      vertex 16.4984 8.75889 20.056
    endloop
  endfacet
  facet normal -0.631542 -0.723875 0.277776
    outer loop
      vertex 16 9.00999 19.0122
      vertex 16.257 8.703 18.7965
      vertex 16.3521 8.72502 19.0701
    endloop
  endfacet
  facet normal -0.631502 -0.723886 0.277838
    outer loop
      vertex 16.257 8.703 18.7965
      vertex 16 9.00999 19.0122
      vertex 16 8.8945 18.7113
    endloop
  endfacet
  facet normal -0.631634 -0.748822 0.200758
    outer loop
      vertex 16 9.09918 19.3412
      vertex 16.3786 8.73117 19.1597
      vertex 16.4426 8.74598 19.4163
    endloop
  endfacet
  facet normal -0.631656 -0.748818 0.200704
    outer loop
      vertex 16.3786 8.73117 19.1597
      vertex 16 9.09918 19.3412
      vertex 16 9.01577 19.03
    endloop
  endfacet
  facet normal -0.631612 -0.774221 0.0405991
    outer loop
      vertex 16 9.16793 19.9906
      vertex 16.4867 8.75618 19.7103
      vertex 16.4984 8.75889 19.944
    endloop
  endfacet
  facet normal -0.631616 -0.774218 0.0405875
    outer loop
      vertex 16.4867 8.75618 19.7103
      vertex 16 9.16793 19.9906
      vertex 16 9.15106 19.6688
    endloop
  endfacet
  facet normal -0.631618 -0.774229 -0.0403587
    outer loop
      vertex 16.5012 8.75954 20
      vertex 16 9.16793 20.0094
      vertex 16 9.16842 20
    endloop
  endfacet
  facet normal -0.631615 -0.77422 -0.0405672
    outer loop
      vertex 16 9.16793 20.0094
      vertex 16.5012 8.75954 20
      vertex 16.4984 8.75889 20.056
    endloop
  endfacet
  facet normal -0.631404 -0.72338 -0.279374
    outer loop
      vertex 16 9.01335 20.9791
      vertex 16.3521 8.72502 20.9299
      vertex 16 9.00999 20.9878
    endloop
  endfacet
  facet normal -0.631707 -0.724256 -0.276406
    outer loop
      vertex 16.3521 8.72502 20.9299
      vertex 16 9.01335 20.9791
      vertex 16.3671 8.7285 20.8865
    endloop
  endfacet
  facet normal -0.631502 -0.723886 -0.277838
    outer loop
      vertex 16 9.00999 20.9878
      vertex 16.257 8.703 21.2035
      vertex 16 8.8945 21.2887
    endloop
  endfacet
  facet normal -0.631542 -0.723875 -0.277776
    outer loop
      vertex 16.257 8.703 21.2035
      vertex 16 9.00999 20.9878
      vertex 16.3521 8.72502 20.9299
    endloop
  endfacet
  facet normal -0.631815 -0.651209 -0.420401
    outer loop
      vertex 16 8.74393 21.5842
      vertex 16.0964 8.66583 21.5603
      vertex 16 8.73883 21.5921
    endloop
  endfacet
  facet normal -0.631508 -0.650223 -0.422383
    outer loop
      vertex 16.0964 8.66583 21.5603
      vertex 16 8.74393 21.5842
      vertex 16.1071 8.6683 21.5405
    endloop
  endfacet
  facet normal -0.631536 -0.690133 -0.353381
    outer loop
      vertex 16 8.74818 21.5759
      vertex 16.1071 8.6683 21.5405
      vertex 16 8.74393 21.5842
    endloop
  endfacet
  facet normal -0.631596 -0.691103 -0.351374
    outer loop
      vertex 16.1071 8.6683 21.5405
      vertex 16 8.74818 21.5759
      vertex 16.1169 8.67058 21.5184
    endloop
  endfacet
  facet normal -0.631508 -0.650223 0.422383
    outer loop
      vertex 16 8.74393 18.4158
      vertex 16.0964 8.66583 18.4397
      vertex 16.1071 8.6683 18.4595
    endloop
  endfacet
  facet normal -0.631815 -0.651209 0.420401
    outer loop
      vertex 16.0964 8.66583 18.4397
      vertex 16 8.74393 18.4158
      vertex 16 8.73883 18.4079
    endloop
  endfacet
  facet normal -0.63149 -0.690841 0.352077
    outer loop
      vertex 16 8.8945 18.7113
      vertex 16.1169 8.67058 18.4816
      vertex 16.257 8.703 18.7965
    endloop
  endfacet
  facet normal -0.631649 -0.690772 0.351928
    outer loop
      vertex 16.1169 8.67058 18.4816
      vertex 16 8.8945 18.7113
      vertex 16 8.74818 18.4241
    endloop
  endfacet
  facet normal -0.631633 -0.650109 -0.422372
    outer loop
      vertex 16 8.73883 21.5921
      vertex 16.0964 8.66583 21.5603
      vertex 16 8.64352 21.7388
    endloop
  endfacet
  facet normal -0.631596 -0.691103 0.351374
    outer loop
      vertex 16 8.74818 18.4241
      vertex 16.1071 8.6683 18.4595
      vertex 16.1169 8.67058 18.4816
    endloop
  endfacet
  facet normal -0.631536 -0.690133 0.353381
    outer loop
      vertex 16.1071 8.6683 18.4595
      vertex 16 8.74818 18.4241
      vertex 16 8.74393 18.4158
    endloop
  endfacet
  facet normal -0.631618 -0.765751 0.12118
    outer loop
      vertex 16 9.15106 19.6688
      vertex 16.4505 8.74779 19.4686
      vertex 16.4867 8.75618 19.7103
    endloop
  endfacet
  facet normal -0.631586 -0.765762 0.121276
    outer loop
      vertex 16.4505 8.74779 19.4686
      vertex 16 9.15106 19.6688
      vertex 16 9.10065 19.3505
    endloop
  endfacet
  facet normal -0.631639 -0.765618 0.121907
    outer loop
      vertex 16 9.10065 19.3505
      vertex 16.4426 8.74598 19.4163
      vertex 16.4505 8.74779 19.4686
    endloop
  endfacet
  facet normal -0.631627 -0.765765 0.12104
    outer loop
      vertex 16.4426 8.74598 19.4163
      vertex 16 9.10065 19.3505
      vertex 16 9.09918 19.3412
    endloop
  endfacet
  facet normal -0.631707 -0.724256 0.276406
    outer loop
      vertex 16 9.01335 19.0209
      vertex 16.3521 8.72502 19.0701
      vertex 16.3671 8.7285 19.1135
    endloop
  endfacet
  facet normal -0.631404 -0.72338 0.279374
    outer loop
      vertex 16.3521 8.72502 19.0701
      vertex 16 9.01335 19.0209
      vertex 16 9.00999 19.0122
    endloop
  endfacet
  facet normal -0.631639 -0.748886 0.200506
    outer loop
      vertex 16 9.01577 19.03
      vertex 16.3671 8.7285 19.1135
      vertex 16.3786 8.73117 19.1597
    endloop
  endfacet
  facet normal -0.631625 -0.749234 0.199247
    outer loop
      vertex 16.3671 8.7285 19.1135
      vertex 16 9.01577 19.03
      vertex 16 9.01335 19.0209
    endloop
  endfacet
  facet normal 0 -0.0523199 0.99863
    outer loop
      vertex 18.7 6.1777 6.30931
      vertex 19 6 6.3
      vertex 19 6.1777 6.30931
    endloop
  endfacet
  facet normal 0 -0.0523199 0.99863
    outer loop
      vertex 19 6 6.3
      vertex 18.7 6.1777 6.30931
      vertex 18.7 6 6.3
    endloop
  endfacet
  facet normal 0 -0.0523199 -0.99863
    outer loop
      vertex 18.7 6 9.7
      vertex 19 6.1777 9.69069
      vertex 19 6 9.7
    endloop
  endfacet
  facet normal -0 -0.0523199 -0.99863
    outer loop
      vertex 19 6.1777 9.69069
      vertex 18.7 6 9.7
      vertex 18.7 6.1777 9.69069
    endloop
  endfacet
  facet normal 0 -0.99863 -0.0523199
    outer loop
      vertex 18.7 7.7 8
      vertex 19 7.69069 8.1777
      vertex 18.7 7.69069 8.1777
    endloop
  endfacet
  facet normal 0 -0.99863 -0.0523199
    outer loop
      vertex 19 7.69069 8.1777
      vertex 18.7 7.7 8
      vertex 19 7.7 8
    endloop
  endfacet
  facet normal 0 0.99863 0.0523199
    outer loop
      vertex 19 4.30931 7.8223
      vertex 18.7 4.3 8
      vertex 19 4.3 8
    endloop
  endfacet
  facet normal 0 0.99863 0.0523199
    outer loop
      vertex 18.7 4.3 8
      vertex 19 4.30931 7.8223
      vertex 18.7 4.30931 7.8223
    endloop
  endfacet
  facet normal 0 -0.707107 0.707107
    outer loop
      vertex 18.7 7.13752 6.73665
      vertex 19 7.26335 6.86248
      vertex 18.7 7.26335 6.86248
    endloop
  endfacet
  facet normal 0 -0.707107 0.707107
    outer loop
      vertex 19 7.26335 6.86248
      vertex 18.7 7.13752 6.73665
      vertex 19 7.13752 6.73665
    endloop
  endfacet
  facet normal 0 -0.707107 -0.707107
    outer loop
      vertex 18.7 7.26335 9.13752
      vertex 19 7.13752 9.26335
      vertex 18.7 7.13752 9.26335
    endloop
  endfacet
  facet normal 0 -0.707107 -0.707107
    outer loop
      vertex 19 7.13752 9.26335
      vertex 18.7 7.26335 9.13752
      vertex 19 7.26335 9.13752
    endloop
  endfacet
  facet normal 0 -0.933576 -0.35838
    outer loop
      vertex 18.7 7.6168 8.52533
      vertex 19 7.55303 8.69145
      vertex 18.7 7.55303 8.69145
    endloop
  endfacet
  facet normal 0 -0.933576 -0.35838
    outer loop
      vertex 19 7.55303 8.69145
      vertex 18.7 7.6168 8.52533
      vertex 19 7.6168 8.52533
    endloop
  endfacet
  facet normal 0 -0.35838 0.933576
    outer loop
      vertex 18.7 6.69145 6.44697
      vertex 19 6.52533 6.3832
      vertex 19 6.69145 6.44697
    endloop
  endfacet
  facet normal 0 -0.35838 0.933576
    outer loop
      vertex 19 6.52533 6.3832
      vertex 18.7 6.69145 6.44697
      vertex 18.7 6.52533 6.3832
    endloop
  endfacet
  facet normal 0 -0.156456 0.987685
    outer loop
      vertex 18.7 6.35345 6.33715
      vertex 19 6.1777 6.30931
      vertex 19 6.35345 6.33715
    endloop
  endfacet
  facet normal 0 -0.156456 0.987685
    outer loop
      vertex 19 6.1777 6.30931
      vertex 18.7 6.35345 6.33715
      vertex 18.7 6.1777 6.30931
    endloop
  endfacet
  facet normal 0 -0.933576 0.35838
    outer loop
      vertex 18.7 7.55303 7.30855
      vertex 19 7.6168 7.47467
      vertex 18.7 7.6168 7.47467
    endloop
  endfacet
  facet normal 0 -0.933576 0.35838
    outer loop
      vertex 19 7.6168 7.47467
      vertex 18.7 7.55303 7.30855
      vertex 19 7.55303 7.30855
    endloop
  endfacet
  facet normal 0 -0.838673 0.544635
    outer loop
      vertex 18.7 7.37533 7.00077
      vertex 19 7.47224 7.15
      vertex 18.7 7.47224 7.15
    endloop
  endfacet
  facet normal 0 -0.838673 0.544635
    outer loop
      vertex 19 7.47224 7.15
      vertex 18.7 7.37533 7.00077
      vertex 19 7.37533 7.00077
    endloop
  endfacet
  facet normal 0 -0.454012 -0.890996
    outer loop
      vertex 18.7 6.69145 9.55303
      vertex 19 6.85 9.47224
      vertex 19 6.69145 9.55303
    endloop
  endfacet
  facet normal -0 -0.454012 -0.890996
    outer loop
      vertex 19 6.85 9.47224
      vertex 18.7 6.69145 9.55303
      vertex 18.7 6.85 9.47224
    endloop
  endfacet
  facet normal 0 -0.629303 -0.77716
    outer loop
      vertex 18.7 6.99923 9.37533
      vertex 19 7.13752 9.26335
      vertex 19 6.99923 9.37533
    endloop
  endfacet
  facet normal -0 -0.629303 -0.77716
    outer loop
      vertex 19 7.13752 9.26335
      vertex 18.7 6.99923 9.37533
      vertex 18.7 7.13752 9.26335
    endloop
  endfacet
  facet normal 0 -0.987685 -0.156456
    outer loop
      vertex 18.7 7.69069 8.1777
      vertex 19 7.66285 8.35345
      vertex 18.7 7.66285 8.35345
    endloop
  endfacet
  facet normal 0 -0.987685 -0.156456
    outer loop
      vertex 19 7.66285 8.35345
      vertex 18.7 7.69069 8.1777
      vertex 19 7.69069 8.1777
    endloop
  endfacet
  facet normal 0 0.987685 0.156456
    outer loop
      vertex 19 4.33715 7.64655
      vertex 18.7 4.30931 7.8223
      vertex 19 4.30931 7.8223
    endloop
  endfacet
  facet normal 0 0.987685 0.156456
    outer loop
      vertex 18.7 4.30931 7.8223
      vertex 19 4.33715 7.64655
      vertex 18.7 4.33715 7.64655
    endloop
  endfacet
  facet normal 0 -0.258792 0.965933
    outer loop
      vertex 18.7 6.52533 6.3832
      vertex 19 6.35345 6.33715
      vertex 19 6.52533 6.3832
    endloop
  endfacet
  facet normal 0 -0.258792 0.965933
    outer loop
      vertex 19 6.35345 6.33715
      vertex 18.7 6.52533 6.3832
      vertex 18.7 6.35345 6.33715
    endloop
  endfacet
  facet normal 0 -0.544635 0.838673
    outer loop
      vertex 18.7 6.99923 6.62467
      vertex 19 6.85 6.52776
      vertex 19 6.99923 6.62467
    endloop
  endfacet
  facet normal 0 -0.544635 0.838673
    outer loop
      vertex 19 6.85 6.52776
      vertex 18.7 6.99923 6.62467
      vertex 18.7 6.85 6.52776
    endloop
  endfacet
  facet normal 0 -0.629303 0.77716
    outer loop
      vertex 18.7 7.13752 6.73665
      vertex 19 6.99923 6.62467
      vertex 19 7.13752 6.73665
    endloop
  endfacet
  facet normal 0 -0.629303 0.77716
    outer loop
      vertex 19 6.99923 6.62467
      vertex 18.7 7.13752 6.73665
      vertex 18.7 6.99923 6.62467
    endloop
  endfacet
  facet normal 0 -0.454012 0.890996
    outer loop
      vertex 18.7 6.85 6.52776
      vertex 19 6.69145 6.44697
      vertex 19 6.85 6.52776
    endloop
  endfacet
  facet normal 0 -0.454012 0.890996
    outer loop
      vertex 19 6.69145 6.44697
      vertex 18.7 6.85 6.52776
      vertex 18.7 6.69145 6.44697
    endloop
  endfacet
  facet normal 0 -0.987685 0.156456
    outer loop
      vertex 18.7 7.66285 7.64655
      vertex 19 7.69069 7.8223
      vertex 18.7 7.69069 7.8223
    endloop
  endfacet
  facet normal 0 -0.987685 0.156456
    outer loop
      vertex 19 7.69069 7.8223
      vertex 18.7 7.66285 7.64655
      vertex 19 7.66285 7.64655
    endloop
  endfacet
  facet normal 0 -0.965933 0.258792
    outer loop
      vertex 18.7 7.6168 7.47467
      vertex 19 7.66285 7.64655
      vertex 18.7 7.66285 7.64655
    endloop
  endfacet
  facet normal 0 -0.965933 0.258792
    outer loop
      vertex 19 7.66285 7.64655
      vertex 18.7 7.6168 7.47467
      vertex 19 7.6168 7.47467
    endloop
  endfacet
  facet normal 0 -0.99863 0.0523199
    outer loop
      vertex 18.7 7.69069 7.8223
      vertex 19 7.7 8
      vertex 18.7 7.7 8
    endloop
  endfacet
  facet normal 0 -0.99863 0.0523199
    outer loop
      vertex 19 7.7 8
      vertex 18.7 7.69069 7.8223
      vertex 19 7.69069 7.8223
    endloop
  endfacet
  facet normal 0 -0.890996 0.454012
    outer loop
      vertex 18.7 7.47224 7.15
      vertex 19 7.55303 7.30855
      vertex 18.7 7.55303 7.30855
    endloop
  endfacet
  facet normal 0 -0.890996 0.454012
    outer loop
      vertex 19 7.55303 7.30855
      vertex 18.7 7.47224 7.15
      vertex 19 7.47224 7.15
    endloop
  endfacet
  facet normal 0 -0.77716 0.629303
    outer loop
      vertex 18.7 7.26335 6.86248
      vertex 19 7.37533 7.00077
      vertex 18.7 7.37533 7.00077
    endloop
  endfacet
  facet normal 0 -0.77716 0.629303
    outer loop
      vertex 19 7.37533 7.00077
      vertex 18.7 7.26335 6.86248
      vertex 19 7.26335 6.86248
    endloop
  endfacet
  facet normal 0 -0.258792 -0.965933
    outer loop
      vertex 18.7 6.35345 9.66285
      vertex 19 6.52533 9.6168
      vertex 19 6.35345 9.66285
    endloop
  endfacet
  facet normal -0 -0.258792 -0.965933
    outer loop
      vertex 19 6.52533 9.6168
      vertex 18.7 6.35345 9.66285
      vertex 18.7 6.52533 9.6168
    endloop
  endfacet
  facet normal 0 -0.544635 -0.838673
    outer loop
      vertex 18.7 6.85 9.47224
      vertex 19 6.99923 9.37533
      vertex 19 6.85 9.47224
    endloop
  endfacet
  facet normal -0 -0.544635 -0.838673
    outer loop
      vertex 19 6.99923 9.37533
      vertex 18.7 6.85 9.47224
      vertex 18.7 6.99923 9.37533
    endloop
  endfacet
  facet normal 0 -0.35838 -0.933576
    outer loop
      vertex 18.7 6.52533 9.6168
      vertex 19 6.69145 9.55303
      vertex 19 6.52533 9.6168
    endloop
  endfacet
  facet normal -0 -0.35838 -0.933576
    outer loop
      vertex 19 6.69145 9.55303
      vertex 18.7 6.52533 9.6168
      vertex 18.7 6.69145 9.55303
    endloop
  endfacet
  facet normal 0 -0.156456 -0.987685
    outer loop
      vertex 18.7 6.1777 9.69069
      vertex 19 6.35345 9.66285
      vertex 19 6.1777 9.69069
    endloop
  endfacet
  facet normal -0 -0.156456 -0.987685
    outer loop
      vertex 19 6.35345 9.66285
      vertex 18.7 6.1777 9.69069
      vertex 18.7 6.35345 9.66285
    endloop
  endfacet
  facet normal 0 -0.838673 -0.544635
    outer loop
      vertex 18.7 7.47224 8.85
      vertex 19 7.37533 8.99923
      vertex 18.7 7.37533 8.99923
    endloop
  endfacet
  facet normal 0 -0.838673 -0.544635
    outer loop
      vertex 19 7.37533 8.99923
      vertex 18.7 7.47224 8.85
      vertex 19 7.47224 8.85
    endloop
  endfacet
  facet normal 0 -0.890996 -0.454012
    outer loop
      vertex 18.7 7.55303 8.69145
      vertex 19 7.47224 8.85
      vertex 18.7 7.47224 8.85
    endloop
  endfacet
  facet normal 0 -0.890996 -0.454012
    outer loop
      vertex 19 7.47224 8.85
      vertex 18.7 7.55303 8.69145
      vertex 19 7.55303 8.69145
    endloop
  endfacet
  facet normal 0 -0.77716 -0.629303
    outer loop
      vertex 18.7 7.37533 8.99923
      vertex 19 7.26335 9.13752
      vertex 18.7 7.26335 9.13752
    endloop
  endfacet
  facet normal 0 -0.77716 -0.629303
    outer loop
      vertex 19 7.26335 9.13752
      vertex 18.7 7.37533 8.99923
      vertex 19 7.37533 8.99923
    endloop
  endfacet
  facet normal 0 -0.965933 -0.258792
    outer loop
      vertex 18.7 7.66285 8.35345
      vertex 19 7.6168 8.52533
      vertex 18.7 7.6168 8.52533
    endloop
  endfacet
  facet normal 0 -0.965933 -0.258792
    outer loop
      vertex 19 7.6168 8.52533
      vertex 18.7 7.66285 8.35345
      vertex 19 7.66285 8.35345
    endloop
  endfacet
  facet normal -0 0.0523199 0.99863
    outer loop
      vertex 18.7 6 6.3
      vertex 19 5.8223 6.30931
      vertex 19 6 6.3
    endloop
  endfacet
  facet normal 0 0.0523199 0.99863
    outer loop
      vertex 19 5.8223 6.30931
      vertex 18.7 6 6.3
      vertex 18.7 5.8223 6.30931
    endloop
  endfacet
  facet normal 0 0.707107 0.707107
    outer loop
      vertex 19 4.86248 6.73665
      vertex 18.7 4.73665 6.86248
      vertex 19 4.73665 6.86248
    endloop
  endfacet
  facet normal 0 0.707107 0.707107
    outer loop
      vertex 18.7 4.73665 6.86248
      vertex 19 4.86248 6.73665
      vertex 18.7 4.86248 6.73665
    endloop
  endfacet
  facet normal 0 0.454012 -0.890996
    outer loop
      vertex 18.7 5.15 9.47224
      vertex 19 5.30855 9.55303
      vertex 19 5.15 9.47224
    endloop
  endfacet
  facet normal 0 0.454012 -0.890996
    outer loop
      vertex 19 5.30855 9.55303
      vertex 18.7 5.15 9.47224
      vertex 18.7 5.30855 9.55303
    endloop
  endfacet
  facet normal -0 0.258792 0.965933
    outer loop
      vertex 18.7 5.64655 6.33715
      vertex 19 5.47467 6.3832
      vertex 19 5.64655 6.33715
    endloop
  endfacet
  facet normal 0 0.258792 0.965933
    outer loop
      vertex 19 5.47467 6.3832
      vertex 18.7 5.64655 6.33715
      vertex 18.7 5.47467 6.3832
    endloop
  endfacet
  facet normal 0 0.77716 0.629303
    outer loop
      vertex 19 4.73665 6.86248
      vertex 18.7 4.62467 7.00077
      vertex 19 4.62467 7.00077
    endloop
  endfacet
  facet normal 0 0.77716 0.629303
    outer loop
      vertex 18.7 4.62467 7.00077
      vertex 19 4.73665 6.86248
      vertex 18.7 4.73665 6.86248
    endloop
  endfacet
  facet normal -0 0.454012 0.890996
    outer loop
      vertex 18.7 5.30855 6.44697
      vertex 19 5.15 6.52776
      vertex 19 5.30855 6.44697
    endloop
  endfacet
  facet normal 0 0.454012 0.890996
    outer loop
      vertex 19 5.15 6.52776
      vertex 18.7 5.30855 6.44697
      vertex 18.7 5.15 6.52776
    endloop
  endfacet
  facet normal -0 0.629303 0.77716
    outer loop
      vertex 18.7 5.00077 6.62467
      vertex 19 4.86248 6.73665
      vertex 19 5.00077 6.62467
    endloop
  endfacet
  facet normal 0 0.629303 0.77716
    outer loop
      vertex 19 4.86248 6.73665
      vertex 18.7 5.00077 6.62467
      vertex 18.7 4.86248 6.73665
    endloop
  endfacet
  facet normal 0 0.965933 -0.258792
    outer loop
      vertex 19 4.33715 8.35345
      vertex 18.7 4.3832 8.52533
      vertex 19 4.3832 8.52533
    endloop
  endfacet
  facet normal 0 0.965933 -0.258792
    outer loop
      vertex 18.7 4.3832 8.52533
      vertex 19 4.33715 8.35345
      vertex 18.7 4.33715 8.35345
    endloop
  endfacet
  facet normal 0 0.258792 -0.965933
    outer loop
      vertex 18.7 5.47467 9.6168
      vertex 19 5.64655 9.66285
      vertex 19 5.47467 9.6168
    endloop
  endfacet
  facet normal 0 0.258792 -0.965933
    outer loop
      vertex 19 5.64655 9.66285
      vertex 18.7 5.47467 9.6168
      vertex 18.7 5.64655 9.66285
    endloop
  endfacet
  facet normal 0 0.35838 -0.933576
    outer loop
      vertex 18.7 5.30855 9.55303
      vertex 19 5.47467 9.6168
      vertex 19 5.30855 9.55303
    endloop
  endfacet
  facet normal 0 0.35838 -0.933576
    outer loop
      vertex 19 5.47467 9.6168
      vertex 18.7 5.30855 9.55303
      vertex 18.7 5.47467 9.6168
    endloop
  endfacet
  facet normal 0 0.933576 0.35838
    outer loop
      vertex 19 4.44697 7.30855
      vertex 18.7 4.3832 7.47467
      vertex 19 4.3832 7.47467
    endloop
  endfacet
  facet normal 0 0.933576 0.35838
    outer loop
      vertex 18.7 4.3832 7.47467
      vertex 19 4.44697 7.30855
      vertex 18.7 4.44697 7.30855
    endloop
  endfacet
  facet normal 0 0.965933 0.258792
    outer loop
      vertex 19 4.3832 7.47467
      vertex 18.7 4.33715 7.64655
      vertex 19 4.33715 7.64655
    endloop
  endfacet
  facet normal 0 0.965933 0.258792
    outer loop
      vertex 18.7 4.33715 7.64655
      vertex 19 4.3832 7.47467
      vertex 18.7 4.3832 7.47467
    endloop
  endfacet
  facet normal -0 0.156456 0.987685
    outer loop
      vertex 18.7 5.8223 6.30931
      vertex 19 5.64655 6.33715
      vertex 19 5.8223 6.30931
    endloop
  endfacet
  facet normal 0 0.156456 0.987685
    outer loop
      vertex 19 5.64655 6.33715
      vertex 18.7 5.8223 6.30931
      vertex 18.7 5.64655 6.33715
    endloop
  endfacet
  facet normal -0 0.35838 0.933576
    outer loop
      vertex 18.7 5.47467 6.3832
      vertex 19 5.30855 6.44697
      vertex 19 5.47467 6.3832
    endloop
  endfacet
  facet normal 0 0.35838 0.933576
    outer loop
      vertex 19 5.30855 6.44697
      vertex 18.7 5.47467 6.3832
      vertex 18.7 5.30855 6.44697
    endloop
  endfacet
  facet normal -0 0.544635 0.838673
    outer loop
      vertex 18.7 5.15 6.52776
      vertex 19 5.00077 6.62467
      vertex 19 5.15 6.52776
    endloop
  endfacet
  facet normal 0 0.544635 0.838673
    outer loop
      vertex 19 5.00077 6.62467
      vertex 18.7 5.15 6.52776
      vertex 18.7 5.00077 6.62467
    endloop
  endfacet
  facet normal 0 0.933576 -0.35838
    outer loop
      vertex 19 4.3832 8.52533
      vertex 18.7 4.44697 8.69145
      vertex 19 4.44697 8.69145
    endloop
  endfacet
  facet normal 0 0.933576 -0.35838
    outer loop
      vertex 18.7 4.44697 8.69145
      vertex 19 4.3832 8.52533
      vertex 18.7 4.3832 8.52533
    endloop
  endfacet
  facet normal 0 0.629303 -0.77716
    outer loop
      vertex 18.7 4.86248 9.26335
      vertex 19 5.00077 9.37533
      vertex 19 4.86248 9.26335
    endloop
  endfacet
  facet normal 0 0.629303 -0.77716
    outer loop
      vertex 19 5.00077 9.37533
      vertex 18.7 4.86248 9.26335
      vertex 18.7 5.00077 9.37533
    endloop
  endfacet
  facet normal 0 0.707107 -0.707107
    outer loop
      vertex 19 4.73665 9.13752
      vertex 18.7 4.86248 9.26335
      vertex 19 4.86248 9.26335
    endloop
  endfacet
  facet normal 0 0.707107 -0.707107
    outer loop
      vertex 18.7 4.86248 9.26335
      vertex 19 4.73665 9.13752
      vertex 18.7 4.73665 9.13752
    endloop
  endfacet
  facet normal 0 0.156456 -0.987685
    outer loop
      vertex 18.7 5.64655 9.66285
      vertex 19 5.8223 9.69069
      vertex 19 5.64655 9.66285
    endloop
  endfacet
  facet normal 0 0.156456 -0.987685
    outer loop
      vertex 19 5.8223 9.69069
      vertex 18.7 5.64655 9.66285
      vertex 18.7 5.8223 9.69069
    endloop
  endfacet
  facet normal 0 0.0523199 -0.99863
    outer loop
      vertex 18.7 5.8223 9.69069
      vertex 19 6 9.7
      vertex 19 5.8223 9.69069
    endloop
  endfacet
  facet normal 0 0.0523199 -0.99863
    outer loop
      vertex 19 6 9.7
      vertex 18.7 5.8223 9.69069
      vertex 18.7 6 9.7
    endloop
  endfacet
  facet normal 0 0.838673 0.544635
    outer loop
      vertex 19 4.62467 7.00077
      vertex 18.7 4.52776 7.15
      vertex 19 4.52776 7.15
    endloop
  endfacet
  facet normal 0 0.838673 0.544635
    outer loop
      vertex 18.7 4.52776 7.15
      vertex 19 4.62467 7.00077
      vertex 18.7 4.62467 7.00077
    endloop
  endfacet
  facet normal 0 0.890996 0.454012
    outer loop
      vertex 19 4.52776 7.15
      vertex 18.7 4.44697 7.30855
      vertex 19 4.44697 7.30855
    endloop
  endfacet
  facet normal 0 0.890996 0.454012
    outer loop
      vertex 18.7 4.44697 7.30855
      vertex 19 4.52776 7.15
      vertex 18.7 4.52776 7.15
    endloop
  endfacet
  facet normal 0 0.77716 -0.629303
    outer loop
      vertex 19 4.62467 8.99923
      vertex 18.7 4.73665 9.13752
      vertex 19 4.73665 9.13752
    endloop
  endfacet
  facet normal 0 0.77716 -0.629303
    outer loop
      vertex 18.7 4.73665 9.13752
      vertex 19 4.62467 8.99923
      vertex 18.7 4.62467 8.99923
    endloop
  endfacet
  facet normal 0 0.890996 -0.454012
    outer loop
      vertex 19 4.44697 8.69145
      vertex 18.7 4.52776 8.85
      vertex 19 4.52776 8.85
    endloop
  endfacet
  facet normal 0 0.890996 -0.454012
    outer loop
      vertex 18.7 4.52776 8.85
      vertex 19 4.44697 8.69145
      vertex 18.7 4.44697 8.69145
    endloop
  endfacet
  facet normal 0 0.838673 -0.544635
    outer loop
      vertex 19 4.52776 8.85
      vertex 18.7 4.62467 8.99923
      vertex 19 4.62467 8.99923
    endloop
  endfacet
  facet normal 0 0.838673 -0.544635
    outer loop
      vertex 18.7 4.62467 8.99923
      vertex 19 4.52776 8.85
      vertex 18.7 4.52776 8.85
    endloop
  endfacet
  facet normal 0 0.987685 -0.156456
    outer loop
      vertex 19 4.30931 8.1777
      vertex 18.7 4.33715 8.35345
      vertex 19 4.33715 8.35345
    endloop
  endfacet
  facet normal 0 0.987685 -0.156456
    outer loop
      vertex 18.7 4.33715 8.35345
      vertex 19 4.30931 8.1777
      vertex 18.7 4.30931 8.1777
    endloop
  endfacet
  facet normal 0 0.99863 -0.0523199
    outer loop
      vertex 19 4.3 8
      vertex 18.7 4.30931 8.1777
      vertex 19 4.30931 8.1777
    endloop
  endfacet
  facet normal 0 0.99863 -0.0523199
    outer loop
      vertex 18.7 4.30931 8.1777
      vertex 19 4.3 8
      vertex 18.7 4.3 8
    endloop
  endfacet
  facet normal 0 0.544635 -0.838673
    outer loop
      vertex 18.7 5.00077 9.37533
      vertex 19 5.15 9.47224
      vertex 19 5.00077 9.37533
    endloop
  endfacet
  facet normal 0 0.544635 -0.838673
    outer loop
      vertex 19 5.15 9.47224
      vertex 18.7 5.00077 9.37533
      vertex 18.7 5.15 9.47224
    endloop
  endfacet
  facet normal -0.631677 -0.724119 0.276831
    outer loop
      vertex 16 9.01335 7.0209
      vertex 16.3521 8.72502 7.07013
      vertex 16.3671 8.7285 7.11346
    endloop
  endfacet
  facet normal -0.631536 -0.723709 0.278222
    outer loop
      vertex 16.3521 8.72502 7.07013
      vertex 16 9.01335 7.0209
      vertex 16 9.00999 7.01216
    endloop
  endfacet
  facet normal -0.631654 -0.748836 -0.200644
    outer loop
      vertex 16 9.09918 8.65875
      vertex 16.3786 8.73117 8.84034
      vertex 16 9.01577 8.97005
    endloop
  endfacet
  facet normal -0.631627 -0.748841 -0.200711
    outer loop
      vertex 16.3786 8.73117 8.84034
      vertex 16 9.09918 8.65875
      vertex 16.4426 8.74598 8.58368
    endloop
  endfacet
  facet normal -0.631581 -0.765767 -0.121273
    outer loop
      vertex 16 9.15106 8.33119
      vertex 16.4505 8.74779 8.53143
      vertex 16 9.10065 8.6495
    endloop
  endfacet
  facet normal -0.631619 -0.765753 -0.12116
    outer loop
      vertex 16.4505 8.74779 8.53143
      vertex 16 9.15106 8.33119
      vertex 16.4867 8.75618 8.28969
    endloop
  endfacet
  facet normal -0.631612 -0.774222 0.0405742
    outer loop
      vertex 16 9.16793 7.99065
      vertex 16.5012 8.75954 8
      vertex 16 9.16842 8
    endloop
  endfacet
  facet normal -0.631612 -0.774222 0.0405888
    outer loop
      vertex 16.5012 8.75954 8
      vertex 16 9.16793 7.99065
      vertex 16.4984 8.75889 7.94403
    endloop
  endfacet
  facet normal -0.631439 -0.690891 -0.352073
    outer loop
      vertex 16 8.74818 9.57587
      vertex 16.1071 8.6683 9.54054
      vertex 16 8.74393 9.58421
    endloop
  endfacet
  facet normal -0.631461 -0.691249 -0.351329
    outer loop
      vertex 16.1071 8.6683 9.54054
      vertex 16 8.74818 9.57587
      vertex 16.1169 8.67058 9.51844
    endloop
  endfacet
  facet normal -0.631536 -0.723709 -0.278222
    outer loop
      vertex 16 9.01335 8.9791
      vertex 16.3521 8.72502 8.92987
      vertex 16 9.00999 8.98784
    endloop
  endfacet
  facet normal -0.631677 -0.724119 -0.276831
    outer loop
      vertex 16.3521 8.72502 8.92987
      vertex 16 9.01335 8.9791
      vertex 16.3671 8.7285 8.88654
    endloop
  endfacet
  facet normal -0.63164 -0.748948 -0.200271
    outer loop
      vertex 16 9.01577 8.97005
      vertex 16.3671 8.7285 8.88654
      vertex 16 9.01335 8.9791
    endloop
  endfacet
  facet normal -0.631642 -0.748883 -0.200507
    outer loop
      vertex 16.3671 8.7285 8.88654
      vertex 16 9.01577 8.97005
      vertex 16.3786 8.73117 8.84034
    endloop
  endfacet
  facet normal -0.631639 -0.765654 -0.121677
    outer loop
      vertex 16 9.10065 8.6495
      vertex 16.4426 8.74598 8.58368
      vertex 16 9.09918 8.65875
    endloop
  endfacet
  facet normal -0.631643 -0.765596 -0.122023
    outer loop
      vertex 16.4426 8.74598 8.58368
      vertex 16 9.10065 8.6495
      vertex 16.4505 8.74779 8.53143
    endloop
  endfacet
  facet normal -0.631616 -0.774218 -0.0405825
    outer loop
      vertex 16 9.16793 8.00935
      vertex 16.4867 8.75618 8.28969
      vertex 16 9.15106 8.33119
    endloop
  endfacet
  facet normal -0.631611 -0.774222 -0.0405956
    outer loop
      vertex 16.4867 8.75618 8.28969
      vertex 16 9.16793 8.00935
      vertex 16.4984 8.75889 8.05597
    endloop
  endfacet
  facet normal -0.631461 -0.691249 0.351329
    outer loop
      vertex 16 8.74818 6.42413
      vertex 16.1071 8.6683 6.45946
      vertex 16.1169 8.67058 6.48156
    endloop
  endfacet
  facet normal -0.631439 -0.690891 0.352073
    outer loop
      vertex 16.1071 8.6683 6.45946
      vertex 16 8.74818 6.42413
      vertex 16 8.74393 6.41579
    endloop
  endfacet
  facet normal -0.631611 -0.774222 0.0405956
    outer loop
      vertex 16 9.16793 7.99065
      vertex 16.4867 8.75618 7.71031
      vertex 16.4984 8.75889 7.94403
    endloop
  endfacet
  facet normal -0.631616 -0.774218 0.0405825
    outer loop
      vertex 16.4867 8.75618 7.71031
      vertex 16 9.16793 7.99065
      vertex 16 9.15106 7.66881
    endloop
  endfacet
  facet normal -0.631612 -0.774222 -0.0405742
    outer loop
      vertex 16.5012 8.75954 8
      vertex 16 9.16793 8.00935
      vertex 16 9.16842 8
    endloop
  endfacet
  facet normal -0.631612 -0.774222 -0.0405888
    outer loop
      vertex 16 9.16793 8.00935
      vertex 16.5012 8.75954 8
      vertex 16.4984 8.75889 8.05597
    endloop
  endfacet
  facet normal -0.631475 -0.65022 -0.422436
    outer loop
      vertex 16 8.74393 9.58421
      vertex 16.0964 8.66583 9.56032
      vertex 16 8.73883 9.59206
    endloop
  endfacet
  facet normal -0.631427 -0.650066 -0.422747
    outer loop
      vertex 16.0964 8.66583 9.56032
      vertex 16 8.74393 9.58421
      vertex 16.1071 8.6683 9.54054
    endloop
  endfacet
  facet normal -0.631542 -0.723847 -0.277851
    outer loop
      vertex 16 9.00999 8.98784
      vertex 16.257 8.703 9.20345
      vertex 16 8.8945 9.28871
    endloop
  endfacet
  facet normal -0.631572 -0.723838 -0.277803
    outer loop
      vertex 16.257 8.703 9.20345
      vertex 16 9.00999 8.98784
      vertex 16.3521 8.72502 8.92987
    endloop
  endfacet
  facet normal -0.631526 -0.690842 -0.352013
    outer loop
      vertex 16 8.8945 9.28871
      vertex 16.1169 8.67058 9.51844
      vertex 16 8.74818 9.57587
    endloop
  endfacet
  facet normal -0.631542 -0.690835 -0.351998
    outer loop
      vertex 16.1169 8.67058 9.51844
      vertex 16 8.8945 9.28871
      vertex 16.257 8.703 9.20345
    endloop
  endfacet
  facet normal -0.631489 -0.6503 -0.422294
    outer loop
      vertex 16 8.73883 9.59206
      vertex 16.0964 8.66583 9.56032
      vertex 16 8.64352 9.73883
    endloop
  endfacet
  facet normal -0.631572 -0.723838 0.277803
    outer loop
      vertex 16 9.00999 7.01216
      vertex 16.257 8.703 6.79655
      vertex 16.3521 8.72502 7.07013
    endloop
  endfacet
  facet normal -0.631542 -0.723847 0.277851
    outer loop
      vertex 16.257 8.703 6.79655
      vertex 16 9.00999 7.01216
      vertex 16 8.8945 6.71129
    endloop
  endfacet
  facet normal -0.631542 -0.690835 0.351998
    outer loop
      vertex 16 8.8945 6.71129
      vertex 16.1169 8.67058 6.48156
      vertex 16.257 8.703 6.79655
    endloop
  endfacet
  facet normal -0.631526 -0.690842 0.352013
    outer loop
      vertex 16.1169 8.67058 6.48156
      vertex 16 8.8945 6.71129
      vertex 16 8.74818 6.42413
    endloop
  endfacet
  facet normal -0.631643 -0.765596 0.122023
    outer loop
      vertex 16 9.10065 7.3505
      vertex 16.4426 8.74598 7.41632
      vertex 16.4505 8.74779 7.46857
    endloop
  endfacet
  facet normal -0.631639 -0.765654 0.121677
    outer loop
      vertex 16.4426 8.74598 7.41632
      vertex 16 9.10065 7.3505
      vertex 16 9.09918 7.34125
    endloop
  endfacet
  facet normal -0.631627 -0.748841 0.200711
    outer loop
      vertex 16 9.09918 7.34125
      vertex 16.3786 8.73117 7.15966
      vertex 16.4426 8.74598 7.41632
    endloop
  endfacet
  facet normal -0.631654 -0.748836 0.200644
    outer loop
      vertex 16.3786 8.73117 7.15966
      vertex 16 9.09918 7.34125
      vertex 16 9.01577 7.02995
    endloop
  endfacet
  facet normal -0.631489 -0.6503 0.422294
    outer loop
      vertex 16.0964 8.66583 6.43968
      vertex 16 8.73883 6.40794
      vertex 16 8.64352 6.26117
    endloop
  endfacet
  facet normal -0.631642 -0.748883 0.200507
    outer loop
      vertex 16 9.01577 7.02995
      vertex 16.3671 8.7285 7.11346
      vertex 16.3786 8.73117 7.15966
    endloop
  endfacet
  facet normal -0.63164 -0.748948 0.200271
    outer loop
      vertex 16.3671 8.7285 7.11346
      vertex 16 9.01577 7.02995
      vertex 16 9.01335 7.0209
    endloop
  endfacet
  facet normal -0.631619 -0.765753 0.12116
    outer loop
      vertex 16 9.15106 7.66881
      vertex 16.4505 8.74779 7.46857
      vertex 16.4867 8.75618 7.71031
    endloop
  endfacet
  facet normal -0.631581 -0.765767 0.121273
    outer loop
      vertex 16.4505 8.74779 7.46857
      vertex 16 9.15106 7.66881
      vertex 16 9.10065 7.3505
    endloop
  endfacet
  facet normal -0.631427 -0.650066 0.422747
    outer loop
      vertex 16 8.74393 6.41579
      vertex 16.0964 8.66583 6.43968
      vertex 16.1071 8.6683 6.45946
    endloop
  endfacet
  facet normal -0.631475 -0.65022 0.422436
    outer loop
      vertex 16.0964 8.66583 6.43968
      vertex 16 8.74393 6.41579
      vertex 16 8.73883 6.40794
    endloop
  endfacet
  facet normal 0 0.93368 0.358108
    outer loop
      vertex 19 16.8776 26.2725
      vertex 16 16.7839 26.5168
      vertex 19 16.7839 26.5168
    endloop
  endfacet
  facet normal 0 0.93368 0.358108
    outer loop
      vertex 16 16.7839 26.5168
      vertex 19 16.8776 26.2725
      vertex 16 16.8776 26.2725
    endloop
  endfacet
  facet normal -0 0.453926 0.891039
    outer loop
      vertex 16 15.75 27.6651
      vertex 19 15.5168 27.7839
      vertex 19 15.75 27.6651
    endloop
  endfacet
  facet normal 0 0.453926 0.891039
    outer loop
      vertex 19 15.5168 27.7839
      vertex 16 15.75 27.6651
      vertex 16 15.5168 27.7839
    endloop
  endfacet
  facet normal -0 0.156277 0.987713
    outer loop
      vertex 16 15.0198 27.9454
      vertex 19 14.7613 27.9863
      vertex 19 15.0198 27.9454
    endloop
  endfacet
  facet normal 0 0.156277 0.987713
    outer loop
      vertex 19 14.7613 27.9863
      vertex 16 15.0198 27.9454
      vertex 16 14.7613 27.9863
    endloop
  endfacet
  facet normal 0 0.707107 0.707107
    outer loop
      vertex 19 16.3579 27.1728
      vertex 16 16.1728 27.3579
      vertex 19 16.1728 27.3579
    endloop
  endfacet
  facet normal 0 0.707107 0.707107
    outer loop
      vertex 16 16.1728 27.3579
      vertex 19 16.3579 27.1728
      vertex 16 16.3579 27.1728
    endloop
  endfacet
  facet normal 0 0.987713 0.156277
    outer loop
      vertex 19 16.9863 25.7613
      vertex 16 16.9454 26.0198
      vertex 19 16.9454 26.0198
    endloop
  endfacet
  facet normal 0 0.987713 0.156277
    outer loop
      vertex 16 16.9454 26.0198
      vertex 19 16.9863 25.7613
      vertex 16 16.9863 25.7613
    endloop
  endfacet
  facet normal 0 0.7772 0.629253
    outer loop
      vertex 19 16.5225 26.9695
      vertex 16 16.3579 27.1728
      vertex 19 16.3579 27.1728
    endloop
  endfacet
  facet normal 0 0.7772 0.629253
    outer loop
      vertex 16 16.3579 27.1728
      vertex 19 16.5225 26.9695
      vertex 16 16.5225 26.9695
    endloop
  endfacet
  facet normal -0 0.0523582 0.998628
    outer loop
      vertex 16 14.7613 27.9863
      vertex 19 14.5 28
      vertex 19 14.7613 27.9863
    endloop
  endfacet
  facet normal 0 0.0523582 0.998628
    outer loop
      vertex 19 14.5 28
      vertex 16 14.7613 27.9863
      vertex 16 14.5 28
    endloop
  endfacet
  facet normal -0 0.358108 0.93368
    outer loop
      vertex 16 15.5168 27.7839
      vertex 19 15.2725 27.8776
      vertex 19 15.5168 27.7839
    endloop
  endfacet
  facet normal 0 0.358108 0.93368
    outer loop
      vertex 19 15.2725 27.8776
      vertex 16 15.5168 27.7839
      vertex 16 15.2725 27.8776
    endloop
  endfacet
  facet normal -0 0.259137 0.965841
    outer loop
      vertex 16 15.2725 27.8776
      vertex 19 15.0198 27.9454
      vertex 19 15.2725 27.8776
    endloop
  endfacet
  facet normal 0 0.259137 0.965841
    outer loop
      vertex 19 15.0198 27.9454
      vertex 16 15.2725 27.8776
      vertex 16 15.0198 27.9454
    endloop
  endfacet
  facet normal -0 0.544787 0.838575
    outer loop
      vertex 16 15.9695 27.5225
      vertex 19 15.75 27.6651
      vertex 19 15.9695 27.5225
    endloop
  endfacet
  facet normal 0 0.544787 0.838575
    outer loop
      vertex 19 15.75 27.6651
      vertex 16 15.9695 27.5225
      vertex 16 15.75 27.6651
    endloop
  endfacet
  facet normal -0 0.629253 0.7772
    outer loop
      vertex 16 16.1728 27.3579
      vertex 19 15.9695 27.5225
      vertex 19 16.1728 27.3579
    endloop
  endfacet
  facet normal 0 0.629253 0.7772
    outer loop
      vertex 19 15.9695 27.5225
      vertex 16 16.1728 27.3579
      vertex 16 15.9695 27.5225
    endloop
  endfacet
  facet normal 0 0.965841 0.259137
    outer loop
      vertex 19 16.9454 26.0198
      vertex 16 16.8776 26.2725
      vertex 19 16.8776 26.2725
    endloop
  endfacet
  facet normal 0 0.965841 0.259137
    outer loop
      vertex 16 16.8776 26.2725
      vertex 19 16.9454 26.0198
      vertex 16 16.9454 26.0198
    endloop
  endfacet
  facet normal 0 0.998628 0.0523582
    outer loop
      vertex 19 17 25.5
      vertex 16 16.9863 25.7613
      vertex 19 16.9863 25.7613
    endloop
  endfacet
  facet normal 0 0.998628 0.0523582
    outer loop
      vertex 16 16.9863 25.7613
      vertex 19 17 25.5
      vertex 16 17 25.5
    endloop
  endfacet
  facet normal 0 0.838575 0.544787
    outer loop
      vertex 19 16.6651 26.75
      vertex 16 16.5225 26.9695
      vertex 19 16.5225 26.9695
    endloop
  endfacet
  facet normal 0 0.838575 0.544787
    outer loop
      vertex 16 16.5225 26.9695
      vertex 19 16.6651 26.75
      vertex 16 16.6651 26.75
    endloop
  endfacet
  facet normal 0 0.891039 0.453926
    outer loop
      vertex 19 16.7839 26.5168
      vertex 16 16.6651 26.75
      vertex 19 16.6651 26.75
    endloop
  endfacet
  facet normal 0 0.891039 0.453926
    outer loop
      vertex 16 16.6651 26.75
      vertex 19 16.7839 26.5168
      vertex 16 16.7839 26.5168
    endloop
  endfacet
  facet normal 0 0.25888 -0.96591
    outer loop
      vertex 16 15.0198 0.0546312
      vertex 19 15.2725 0.122359
      vertex 19 15.0198 0.0546312
    endloop
  endfacet
  facet normal 0 0.25888 -0.96591
    outer loop
      vertex 19 15.2725 0.122359
      vertex 16 15.0198 0.0546312
      vertex 16 15.2725 0.122359
    endloop
  endfacet
  facet normal 0 0.0523419 -0.998629
    outer loop
      vertex 16 14.5 0
      vertex 19 14.7613 0.0136957
      vertex 19 14.5 0
    endloop
  endfacet
  facet normal 0 0.0523419 -0.998629
    outer loop
      vertex 19 14.7613 0.0136957
      vertex 16 14.5 0
      vertex 16 14.7613 0.0136957
    endloop
  endfacet
  facet normal 0 0.998629 -0.0523542
    outer loop
      vertex 19 16.9863 2.23868
      vertex 16 17 2.5
      vertex 19 17 2.5
    endloop
  endfacet
  facet normal 0 0.998629 -0.0523542
    outer loop
      vertex 16 17 2.5
      vertex 19 16.9863 2.23868
      vertex 16 16.9863 2.23868
    endloop
  endfacet
  facet normal 0 0.706985 -0.707229
    outer loop
      vertex 19 16.1728 0.642138
      vertex 16 16.3579 0.827174
      vertex 19 16.3579 0.827174
    endloop
  endfacet
  facet normal 0 0.706985 -0.707229
    outer loop
      vertex 16 16.3579 0.827174
      vertex 19 16.1728 0.642138
      vertex 16 16.1728 0.642138
    endloop
  endfacet
  facet normal 0 0.358368 -0.93358
    outer loop
      vertex 16 15.2725 0.122359
      vertex 19 15.5168 0.216137
      vertex 19 15.2725 0.122359
    endloop
  endfacet
  facet normal 0 0.358368 -0.93358
    outer loop
      vertex 19 15.5168 0.216137
      vertex 16 15.2725 0.122359
      vertex 16 15.5168 0.216137
    endloop
  endfacet
  facet normal 0 0.891008 -0.453988
    outer loop
      vertex 19 16.6651 1.25
      vertex 16 16.7839 1.48316
      vertex 19 16.7839 1.48316
    endloop
  endfacet
  facet normal 0 0.891008 -0.453988
    outer loop
      vertex 16 16.7839 1.48316
      vertex 19 16.6651 1.25
      vertex 16 16.6651 1.25
    endloop
  endfacet
  facet normal 0 0.7773 -0.62913
    outer loop
      vertex 19 16.3579 0.827174
      vertex 16 16.5225 1.03054
      vertex 19 16.5225 1.03054
    endloop
  endfacet
  facet normal 0 0.7773 -0.62913
    outer loop
      vertex 16 16.5225 1.03054
      vertex 19 16.3579 0.827174
      vertex 16 16.3579 0.827174
    endloop
  endfacet
  facet normal 0 0.453926 -0.891039
    outer loop
      vertex 16 15.5168 0.216137
      vertex 19 15.75 0.334937
      vertex 19 15.5168 0.216137
    endloop
  endfacet
  facet normal 0 0.453926 -0.891039
    outer loop
      vertex 19 15.75 0.334937
      vertex 16 15.5168 0.216137
      vertex 16 15.75 0.334937
    endloop
  endfacet
  facet normal 0 0.544575 -0.838712
    outer loop
      vertex 16 15.75 0.334937
      vertex 19 15.9695 0.477458
      vertex 19 15.75 0.334937
    endloop
  endfacet
  facet normal 0 0.544575 -0.838712
    outer loop
      vertex 19 15.9695 0.477458
      vertex 16 15.75 0.334937
      vertex 16 15.9695 0.477458
    endloop
  endfacet
  facet normal 0 0.629438 -0.777051
    outer loop
      vertex 16 15.9695 0.477458
      vertex 19 16.1728 0.642138
      vertex 19 15.9695 0.477458
    endloop
  endfacet
  facet normal 0 0.629438 -0.777051
    outer loop
      vertex 19 16.1728 0.642138
      vertex 16 15.9695 0.477458
      vertex 16 16.1728 0.642138
    endloop
  endfacet
  facet normal 0 0.965856 -0.25908
    outer loop
      vertex 19 16.8776 1.72746
      vertex 16 16.9454 1.98022
      vertex 19 16.9454 1.98022
    endloop
  endfacet
  facet normal 0 0.965856 -0.25908
    outer loop
      vertex 16 16.9454 1.98022
      vertex 19 16.8776 1.72746
      vertex 16 16.8776 1.72746
    endloop
  endfacet
  facet normal 0 0.838529 -0.544857
    outer loop
      vertex 19 16.5225 1.03054
      vertex 16 16.6651 1.25
      vertex 19 16.6651 1.25
    endloop
  endfacet
  facet normal 0 0.838529 -0.544857
    outer loop
      vertex 16 16.6651 1.25
      vertex 19 16.5225 1.03054
      vertex 16 16.5225 1.03054
    endloop
  endfacet
  facet normal 0 0.156409 -0.987692
    outer loop
      vertex 16 14.7613 0.0136957
      vertex 19 15.0198 0.0546312
      vertex 19 14.7613 0.0136957
    endloop
  endfacet
  facet normal 0 0.156409 -0.987692
    outer loop
      vertex 19 15.0198 0.0546312
      vertex 16 14.7613 0.0136957
      vertex 16 15.0198 0.0546312
    endloop
  endfacet
  facet normal 0 0.98771 -0.1563
    outer loop
      vertex 19 16.9454 1.98022
      vertex 16 16.9863 2.23868
      vertex 19 16.9863 2.23868
    endloop
  endfacet
  facet normal 0 0.98771 -0.1563
    outer loop
      vertex 16 16.9863 2.23868
      vertex 19 16.9454 1.98022
      vertex 16 16.9454 1.98022
    endloop
  endfacet
  facet normal 0 0.93368 -0.358108
    outer loop
      vertex 19 16.7839 1.48316
      vertex 16 16.8776 1.72746
      vertex 19 16.8776 1.72746
    endloop
  endfacet
  facet normal 0 0.93368 -0.358108
    outer loop
      vertex 16 16.8776 1.72746
      vertex 19 16.7839 1.48316
      vertex 16 16.7839 1.48316
    endloop
  endfacet
  facet normal 0 0.156363 -0.9877
    outer loop
      vertex 25.95 -25.2475 19.8689
      vertex 30.95 -24.6272 19.9671
      vertex 30.95 -25.2475 19.8689
    endloop
  endfacet
  facet normal 0 0.156363 -0.9877
    outer loop
      vertex 30.95 -24.6272 19.9671
      vertex 25.95 -25.2475 19.8689
      vertex 25.95 -24.6272 19.9671
    endloop
  endfacet
  facet normal 0 0.258911 -0.965901
    outer loop
      vertex 25.95 -25.8541 19.7063
      vertex 30.95 -25.2475 19.8689
      vertex 30.95 -25.8541 19.7063
    endloop
  endfacet
  facet normal 0 0.258911 -0.965901
    outer loop
      vertex 30.95 -25.2475 19.8689
      vertex 25.95 -25.8541 19.7063
      vertex 25.95 -25.2475 19.8689
    endloop
  endfacet
  facet normal 0 -0.0523433 0.998629
    outer loop
      vertex 32.4227 -13.7909 8.01096
      vertex 24.6167 -14 8
      vertex 32.2833 -14 8
    endloop
  endfacet
  facet normal 0 -0.0523433 0.998629
    outer loop
      vertex 24.6167 -14 8
      vertex 32.4227 -13.7909 8.01096
      vertex 24.4773 -13.7909 8.01096
    endloop
  endfacet
  facet normal 0 0.707107 -0.707107
    outer loop
      vertex 30.95 -28.4589 18.0148
      vertex 25.95 -28.0148 18.4589
      vertex 30.95 -28.0148 18.4589
    endloop
  endfacet
  facet normal 0 0.707107 -0.707107
    outer loop
      vertex 25.95 -28.0148 18.4589
      vertex 30.95 -28.4589 18.0148
      vertex 25.95 -28.4589 18.0148
    endloop
  endfacet
  facet normal 0 -0.0525338 -0.998619
    outer loop
      vertex 24.6167 -14 20
      vertex 32.4227 -13.7909 19.989
      vertex 32.2833 -14 20
    endloop
  endfacet
  facet normal -0 -0.0525338 -0.998619
    outer loop
      vertex 32.4227 -13.7909 19.989
      vertex 24.6167 -14 20
      vertex 24.4773 -13.7909 19.989
    endloop
  endfacet
  facet normal 0 0.998627 0.0523833
    outer loop
      vertex 30.95 -29.9671 13.3728
      vertex 25.95 -30 14
      vertex 30.95 -30 14
    endloop
  endfacet
  facet normal 0 0.998627 0.0523833
    outer loop
      vertex 25.95 -30 14
      vertex 30.95 -29.9671 13.3728
      vertex 25.95 -29.9671 13.3728
    endloop
  endfacet
  facet normal 0 0.0523833 -0.998627
    outer loop
      vertex 25.95 -24.6272 19.9671
      vertex 30.95 -24 20
      vertex 30.95 -24.6272 19.9671
    endloop
  endfacet
  facet normal 0 0.0523833 -0.998627
    outer loop
      vertex 30.95 -24 20
      vertex 25.95 -24.6272 19.9671
      vertex 25.95 -24 20
    endloop
  endfacet
  facet normal 0 0 -1
    outer loop
      vertex 30.95 -24 20
      vertex 25.95 -24 20
      vertex 30.95 -16 20
    endloop
  endfacet
  facet normal 0 0 -1
    outer loop
      vertex 25.95 -16 20
      vertex 30.95 -16 20
      vertex 25.95 -24 20
    endloop
  endfacet
  facet normal 0 0 -1
    outer loop
      vertex 25.95 -16 20
      vertex 32.2833 -14 20
      vertex 30.95 -16 20
    endloop
  endfacet
  facet normal -0 0 -1
    outer loop
      vertex 32.2833 -14 20
      vertex 25.95 -16 20
      vertex 24.6167 -14 20
    endloop
  endfacet
  facet normal 0 -0.156443 0.987687
    outer loop
      vertex 32.5606 -13.5842 8.0437
      vertex 24.4773 -13.7909 8.01096
      vertex 32.4227 -13.7909 8.01096
    endloop
  endfacet
  facet normal 0 -0.156443 0.987687
    outer loop
      vertex 24.4773 -13.7909 8.01096
      vertex 32.5606 -13.5842 8.0437
      vertex 24.3395 -13.5842 8.0437
    endloop
  endfacet
  facet normal -0 0.629296 0.777166
    outer loop
      vertex 25.95 -27.5267 9.1459
      vertex 30.95 -28.0148 9.54113
      vertex 30.95 -27.5267 9.1459
    endloop
  endfacet
  facet normal 0 0.629296 0.777166
    outer loop
      vertex 30.95 -28.0148 9.54113
      vertex 25.95 -27.5267 9.1459
      vertex 25.95 -28.0148 9.54113
    endloop
  endfacet
  facet normal -0 0.0523357 0.99863
    outer loop
      vertex 25.95 -24 8
      vertex 30.95 -24.6272 8.03287
      vertex 30.95 -24 8
    endloop
  endfacet
  facet normal 0 0.0523357 0.99863
    outer loop
      vertex 30.95 -24.6272 8.03287
      vertex 25.95 -24 8
      vertex 25.95 -24.6272 8.03287
    endloop
  endfacet
  facet normal 0 0.891026 -0.453952
    outer loop
      vertex 30.95 -29.4813 16.4404
      vertex 25.95 -29.1962 17
      vertex 30.95 -29.1962 17
    endloop
  endfacet
  facet normal 0 0.891026 -0.453952
    outer loop
      vertex 25.95 -29.1962 17
      vertex 30.95 -29.4813 16.4404
      vertex 25.95 -29.4813 16.4404
    endloop
  endfacet
  facet normal 0 0.629267 -0.777189
    outer loop
      vertex 25.95 -28.0148 18.4589
      vertex 30.95 -27.5267 18.8541
      vertex 30.95 -28.0148 18.4589
    endloop
  endfacet
  facet normal 0 0.629267 -0.777189
    outer loop
      vertex 30.95 -27.5267 18.8541
      vertex 25.95 -28.0148 18.4589
      vertex 25.95 -27.5267 18.8541
    endloop
  endfacet
  facet normal 0 0.358285 -0.933612
    outer loop
      vertex 25.95 -26.4404 19.4813
      vertex 30.95 -25.8541 19.7063
      vertex 30.95 -26.4404 19.4813
    endloop
  endfacet
  facet normal 0 0.358285 -0.933612
    outer loop
      vertex 30.95 -25.8541 19.7063
      vertex 25.95 -26.4404 19.4813
      vertex 25.95 -25.8541 19.7063
    endloop
  endfacet
  facet normal 0 -0.454269 -0.890864
    outer loop
      vertex 24.0744 -13.1865 19.8271
      vertex 32.95 -13 19.732
      vertex 32.8256 -13.1865 19.8271
    endloop
  endfacet
  facet normal -0 -0.454269 -0.890864
    outer loop
      vertex 32.95 -13 19.732
      vertex 24.0744 -13.1865 19.8271
      vertex 23.95 -13 19.732
    endloop
  endfacet
  facet normal 0 -0.707178 0.707035
    outer loop
      vertex 23.6248 -12.6617 8.51371
      vertex 33.5324 -12.5137 8.66174
      vertex 23.3676 -12.5137 8.66174
    endloop
  endfacet
  facet normal 0 -0.707178 0.707035
    outer loop
      vertex 33.5324 -12.5137 8.66174
      vertex 23.6248 -12.6617 8.51371
      vertex 33.2752 -12.6617 8.51371
    endloop
  endfacet
  facet normal 0 -0.987723 0.156213
    outer loop
      vertex 22.5509 -12.0437 9.58418
      vertex 34.406 -12.011 9.79094
      vertex 22.494 -12.011 9.79094
    endloop
  endfacet
  facet normal 0 -0.987723 0.156213
    outer loop
      vertex 34.406 -12.011 9.79094
      vertex 22.5509 -12.0437 9.58418
      vertex 34.3491 -12.0437 9.58418
    endloop
  endfacet
  facet normal 0 -0.777267 -0.629171
    outer loop
      vertex 23.1387 -12.382 19.1756
      vertex 33.5324 -12.5137 19.3383
      vertex 23.3676 -12.5137 19.3383
    endloop
  endfacet
  facet normal 0 -0.777267 -0.629171
    outer loop
      vertex 33.5324 -12.5137 19.3383
      vertex 23.1387 -12.382 19.1756
      vertex 33.7613 -12.382 19.1756
    endloop
  endfacet
  facet normal 0 -0.998619 0.0525438
    outer loop
      vertex 22.494 -12.011 9.79094
      vertex 34.425 -12 10
      vertex 22.475 -12 10
    endloop
  endfacet
  facet normal 0 -0.998619 0.0525438
    outer loop
      vertex 34.425 -12 10
      vertex 22.494 -12.011 9.79094
      vertex 34.406 -12.011 9.79094
    endloop
  endfacet
  facet normal 0 -0.998619 -0.0525338
    outer loop
      vertex 22.475 -12 18
      vertex 34.406 -12.011 18.2091
      vertex 22.494 -12.011 18.2091
    endloop
  endfacet
  facet normal 0 -0.998619 -0.0525338
    outer loop
      vertex 34.406 -12.011 18.2091
      vertex 22.475 -12 18
      vertex 34.425 -12 18
    endloop
  endfacet
  facet normal 0 0 1
    outer loop
      vertex 30.95 -16 8
      vertex 25.95 -16 8
      vertex 30.95 -24 8
    endloop
  endfacet
  facet normal 0 0 1
    outer loop
      vertex 32.2833 -14 8
      vertex 25.95 -16 8
      vertex 30.95 -16 8
    endloop
  endfacet
  facet normal 0 -0 1
    outer loop
      vertex 25.95 -16 8
      vertex 32.2833 -14 8
      vertex 24.6167 -14 8
    endloop
  endfacet
  facet normal 0 0 1
    outer loop
      vertex 30.95 -24 8
      vertex 25.95 -16 8
      vertex 25.95 -24 8
    endloop
  endfacet
  facet normal -0 0.258837 0.965921
    outer loop
      vertex 25.95 -25.2475 8.13111
      vertex 30.95 -25.8541 8.29366
      vertex 30.95 -25.2475 8.13111
    endloop
  endfacet
  facet normal 0 0.258837 0.965921
    outer loop
      vertex 30.95 -25.8541 8.29366
      vertex 25.95 -25.2475 8.13111
      vertex 25.95 -25.8541 8.29366
    endloop
  endfacet
  facet normal -0 0.358383 0.933575
    outer loop
      vertex 25.95 -25.8541 8.29366
      vertex 30.95 -26.4404 8.51873
      vertex 30.95 -25.8541 8.29366
    endloop
  endfacet
  facet normal 0 0.358383 0.933575
    outer loop
      vertex 30.95 -26.4404 8.51873
      vertex 25.95 -25.8541 8.29366
      vertex 25.95 -26.4404 8.51873
    endloop
  endfacet
  facet normal 0 0.777177 0.629283
    outer loop
      vertex 30.95 -28.4589 9.98522
      vertex 25.95 -28.8541 10.4733
      vertex 30.95 -28.8541 10.4733
    endloop
  endfacet
  facet normal 0 0.777177 0.629283
    outer loop
      vertex 25.95 -28.8541 10.4733
      vertex 30.95 -28.4589 9.98522
      vertex 25.95 -28.4589 9.98522
    endloop
  endfacet
  facet normal 0 0.838629 -0.544703
    outer loop
      vertex 30.95 -29.1962 17
      vertex 25.95 -28.8541 17.5267
      vertex 30.95 -28.8541 17.5267
    endloop
  endfacet
  facet normal 0 0.838629 -0.544703
    outer loop
      vertex 25.95 -28.8541 17.5267
      vertex 30.95 -29.1962 17
      vertex 25.95 -29.1962 17
    endloop
  endfacet
  facet normal 0 -0.156257 -0.987716
    outer loop
      vertex 24.4773 -13.7909 19.989
      vertex 32.5606 -13.5842 19.9563
      vertex 32.4227 -13.7909 19.989
    endloop
  endfacet
  facet normal -0 -0.156257 -0.987716
    outer loop
      vertex 32.5606 -13.5842 19.9563
      vertex 24.4773 -13.7909 19.989
      vertex 24.3395 -13.5842 19.9563
    endloop
  endfacet
  facet normal 0 -0.258911 -0.965901
    outer loop
      vertex 24.3395 -13.5842 19.9563
      vertex 32.6954 -13.382 19.9021
      vertex 32.5606 -13.5842 19.9563
    endloop
  endfacet
  facet normal -0 -0.258911 -0.965901
    outer loop
      vertex 32.6954 -13.382 19.9021
      vertex 24.3395 -13.5842 19.9563
      vertex 24.2046 -13.382 19.9021
    endloop
  endfacet
  facet normal 0 -0.358179 -0.933653
    outer loop
      vertex 24.2046 -13.382 19.9021
      vertex 32.8256 -13.1865 19.8271
      vertex 32.6954 -13.382 19.9021
    endloop
  endfacet
  facet normal -0 -0.358179 -0.933653
    outer loop
      vertex 32.8256 -13.1865 19.8271
      vertex 24.2046 -13.382 19.9021
      vertex 24.0744 -13.1865 19.8271
    endloop
  endfacet
  facet normal 0 -0.629455 -0.777037
    outer loop
      vertex 23.833 -12.8244 19.618
      vertex 33.1134 -12.7549 19.5617
      vertex 33.067 -12.8244 19.618
    endloop
  endfacet
  facet normal 0 -0.629455 -0.777037
    outer loop
      vertex 23.7866 -12.7549 19.5617
      vertex 33.1134 -12.7549 19.5617
      vertex 23.833 -12.8244 19.618
    endloop
  endfacet
  facet normal -0 -0.628958 -0.777439
    outer loop
      vertex 33.1134 -12.7549 19.5617
      vertex 23.7866 -12.7549 19.5617
      vertex 33.2752 -12.6617 19.4863
    endloop
  endfacet
  facet normal -0 -0.628958 -0.777439
    outer loop
      vertex 33.2752 -12.6617 19.4863
      vertex 23.7866 -12.7549 19.5617
      vertex 23.6248 -12.6617 19.4863
    endloop
  endfacet
  facet normal 0 -0.707107 -0.707107
    outer loop
      vertex 23.3676 -12.5137 19.3383
      vertex 33.2752 -12.6617 19.4863
      vertex 23.6248 -12.6617 19.4863
    endloop
  endfacet
  facet normal 0 -0.707107 -0.707107
    outer loop
      vertex 33.2752 -12.6617 19.4863
      vertex 23.3676 -12.5137 19.3383
      vertex 33.5324 -12.5137 19.3383
    endloop
  endfacet
  facet normal 0 -0.544518 -0.838749
    outer loop
      vertex 23.95 -13 19.732
      vertex 33.067 -12.8244 19.618
      vertex 32.95 -13 19.732
    endloop
  endfacet
  facet normal -0 -0.544518 -0.838749
    outer loop
      vertex 33.067 -12.8244 19.618
      vertex 23.95 -13 19.732
      vertex 23.833 -12.8244 19.618
    endloop
  endfacet
  facet normal 0 -0.454042 0.89098
    outer loop
      vertex 32.95 -13 8.26795
      vertex 24.0744 -13.1865 8.17291
      vertex 32.8256 -13.1865 8.17291
    endloop
  endfacet
  facet normal 0 -0.454042 0.89098
    outer loop
      vertex 24.0744 -13.1865 8.17291
      vertex 32.95 -13 8.26795
      vertex 23.95 -13 8.26795
    endloop
  endfacet
  facet normal 0 -0.258867 0.965913
    outer loop
      vertex 32.6954 -13.382 8.09789
      vertex 24.3395 -13.5842 8.0437
      vertex 32.5606 -13.5842 8.0437
    endloop
  endfacet
  facet normal 0 -0.258867 0.965913
    outer loop
      vertex 24.3395 -13.5842 8.0437
      vertex 32.6954 -13.382 8.09789
      vertex 24.2046 -13.382 8.09789
    endloop
  endfacet
  facet normal 0 -0.544585 0.838705
    outer loop
      vertex 33.067 -12.8244 8.38197
      vertex 23.95 -13 8.26795
      vertex 32.95 -13 8.26795
    endloop
  endfacet
  facet normal 0 -0.544585 0.838705
    outer loop
      vertex 23.95 -13 8.26795
      vertex 33.067 -12.8244 8.38197
      vertex 23.833 -12.8244 8.38197
    endloop
  endfacet
  facet normal 0 -0.891087 0.453832
    outer loop
      vertex 22.9406 -12.2679 9
      vertex 34.1246 -12.1729 9.18653
      vertex 22.7754 -12.1729 9.18653
    endloop
  endfacet
  facet normal 0 -0.891087 0.453832
    outer loop
      vertex 34.1246 -12.1729 9.18653
      vertex 22.9406 -12.2679 9
      vertex 33.9594 -12.2679 9
    endloop
  endfacet
  facet normal 0 -0.777248 0.629194
    outer loop
      vertex 23.3676 -12.5137 8.66174
      vertex 33.7613 -12.382 8.82443
      vertex 23.1387 -12.382 8.82443
    endloop
  endfacet
  facet normal 0 -0.777248 0.629194
    outer loop
      vertex 33.7613 -12.382 8.82443
      vertex 23.3676 -12.5137 8.66174
      vertex 33.5324 -12.5137 8.66174
    endloop
  endfacet
  facet normal 0 -0.933616 0.358275
    outer loop
      vertex 22.7754 -12.1729 9.18653
      vertex 34.2549 -12.0979 9.38197
      vertex 22.6451 -12.0979 9.38197
    endloop
  endfacet
  facet normal 0 -0.933616 0.358275
    outer loop
      vertex 34.2549 -12.0979 9.38197
      vertex 22.7754 -12.1729 9.18653
      vertex 34.1246 -12.1729 9.18653
    endloop
  endfacet
  facet normal 0 -0.933653 -0.358179
    outer loop
      vertex 22.6451 -12.0979 18.618
      vertex 34.1246 -12.1729 18.8135
      vertex 22.7754 -12.1729 18.8135
    endloop
  endfacet
  facet normal 0 -0.933653 -0.358179
    outer loop
      vertex 34.1246 -12.1729 18.8135
      vertex 22.6451 -12.0979 18.618
      vertex 34.2549 -12.0979 18.618
    endloop
  endfacet
  facet normal 0 -1 0
    outer loop
      vertex 22.475 -12 10
      vertex 34.425 -12 18
      vertex 22.475 -12 18
    endloop
  endfacet
  facet normal 0 -1 -0
    outer loop
      vertex 34.425 -12 18
      vertex 22.475 -12 10
      vertex 34.425 -12 10
    endloop
  endfacet
  facet normal 0 0.544703 -0.838629
    outer loop
      vertex 25.95 -27.5267 18.8541
      vertex 30.95 -27 19.1962
      vertex 30.95 -27.5267 18.8541
    endloop
  endfacet
  facet normal 0 0.544703 -0.838629
    outer loop
      vertex 30.95 -27 19.1962
      vertex 25.95 -27.5267 18.8541
      vertex 25.95 -27 19.1962
    endloop
  endfacet
  facet normal 0 0.453952 -0.891026
    outer loop
      vertex 25.95 -27 19.1962
      vertex 30.95 -26.4404 19.4813
      vertex 30.95 -27 19.1962
    endloop
  endfacet
  facet normal 0 0.453952 -0.891026
    outer loop
      vertex 30.95 -26.4404 19.4813
      vertex 25.95 -27 19.1962
      vertex 25.95 -26.4404 19.4813
    endloop
  endfacet
  facet normal 0 -0.358262 0.933621
    outer loop
      vertex 32.8256 -13.1865 8.17291
      vertex 24.2046 -13.382 8.09789
      vertex 32.6954 -13.382 8.09789
    endloop
  endfacet
  facet normal 0 -0.358262 0.933621
    outer loop
      vertex 24.2046 -13.382 8.09789
      vertex 32.8256 -13.1865 8.17291
      vertex 24.0744 -13.1865 8.17291
    endloop
  endfacet
  facet normal 0 -0.629658 0.776872
    outer loop
      vertex 33.1134 -12.7549 8.4383
      vertex 23.833 -12.8244 8.38197
      vertex 33.067 -12.8244 8.38197
    endloop
  endfacet
  facet normal 0 -0.629009 0.777398
    outer loop
      vertex 23.7866 -12.7549 8.4383
      vertex 33.1134 -12.7549 8.4383
      vertex 33.2752 -12.6617 8.51371
    endloop
  endfacet
  facet normal 0 -0.629658 0.776872
    outer loop
      vertex 33.1134 -12.7549 8.4383
      vertex 23.7866 -12.7549 8.4383
      vertex 23.833 -12.8244 8.38197
    endloop
  endfacet
  facet normal 0 -0.629009 0.777398
    outer loop
      vertex 23.7866 -12.7549 8.4383
      vertex 33.2752 -12.6617 8.51371
      vertex 23.6248 -12.6617 8.51371
    endloop
  endfacet
  facet normal 0 -0.838488 0.54492
    outer loop
      vertex 23.1387 -12.382 8.82443
      vertex 33.9594 -12.2679 9
      vertex 22.9406 -12.2679 9
    endloop
  endfacet
  facet normal 0 -0.838488 0.54492
    outer loop
      vertex 33.9594 -12.2679 9
      vertex 23.1387 -12.382 8.82443
      vertex 33.7613 -12.382 8.82443
    endloop
  endfacet
  facet normal 0 -0.965904 0.258899
    outer loop
      vertex 22.6451 -12.0979 9.38197
      vertex 34.3491 -12.0437 9.58418
      vertex 22.5509 -12.0437 9.58418
    endloop
  endfacet
  facet normal 0 -0.965904 0.258899
    outer loop
      vertex 34.3491 -12.0437 9.58418
      vertex 22.6451 -12.0979 9.38197
      vertex 34.2549 -12.0979 9.38197
    endloop
  endfacet
  facet normal 0 -0.965901 -0.258911
    outer loop
      vertex 22.5509 -12.0437 18.4158
      vertex 34.2549 -12.0979 18.618
      vertex 22.6451 -12.0979 18.618
    endloop
  endfacet
  facet normal 0 -0.965901 -0.258911
    outer loop
      vertex 34.2549 -12.0979 18.618
      vertex 22.5509 -12.0437 18.4158
      vertex 34.3491 -12.0437 18.4158
    endloop
  endfacet
  facet normal 0 -0.987716 -0.156257
    outer loop
      vertex 22.494 -12.011 18.2091
      vertex 34.3491 -12.0437 18.4158
      vertex 22.5509 -12.0437 18.4158
    endloop
  endfacet
  facet normal 0 -0.987716 -0.156257
    outer loop
      vertex 34.3491 -12.0437 18.4158
      vertex 22.494 -12.011 18.2091
      vertex 34.406 -12.011 18.2091
    endloop
  endfacet
  facet normal 0 -0.838531 -0.544854
    outer loop
      vertex 22.9406 -12.2679 19
      vertex 33.7613 -12.382 19.1756
      vertex 23.1387 -12.382 19.1756
    endloop
  endfacet
  facet normal 0 -0.838531 -0.544854
    outer loop
      vertex 33.7613 -12.382 19.1756
      vertex 22.9406 -12.2679 19
      vertex 33.9594 -12.2679 19
    endloop
  endfacet
  facet normal 0 -0.891058 -0.45389
    outer loop
      vertex 22.7754 -12.1729 18.8135
      vertex 33.9594 -12.2679 19
      vertex 22.9406 -12.2679 19
    endloop
  endfacet
  facet normal 0 -0.891058 -0.45389
    outer loop
      vertex 33.9594 -12.2679 19
      vertex 22.7754 -12.1729 18.8135
      vertex 34.1246 -12.1729 18.8135
    endloop
  endfacet
  facet normal -0 0.156425 0.98769
    outer loop
      vertex 25.95 -24.6272 8.03287
      vertex 30.95 -25.2475 8.13111
      vertex 30.95 -24.6272 8.03287
    endloop
  endfacet
  facet normal 0 0.156425 0.98769
    outer loop
      vertex 30.95 -25.2475 8.13111
      vertex 25.95 -24.6272 8.03287
      vertex 25.95 -25.2475 8.13111
    endloop
  endfacet
  facet normal -0 0.453977 0.891013
    outer loop
      vertex 25.95 -26.4404 8.51873
      vertex 30.95 -27 8.80385
      vertex 30.95 -26.4404 8.51873
    endloop
  endfacet
  facet normal 0 0.453977 0.891013
    outer loop
      vertex 30.95 -27 8.80385
      vertex 25.95 -26.4404 8.51873
      vertex 25.95 -27 8.80385
    endloop
  endfacet
  facet normal -0 0.544647 0.838665
    outer loop
      vertex 25.95 -27 8.80385
      vertex 30.95 -27.5267 9.1459
      vertex 30.95 -27 8.80385
    endloop
  endfacet
  facet normal 0 0.544647 0.838665
    outer loop
      vertex 30.95 -27.5267 9.1459
      vertex 25.95 -27 8.80385
      vertex 25.95 -27.5267 9.1459
    endloop
  endfacet
  facet normal -0 0.707099 0.707115
    outer loop
      vertex 25.95 -28.0148 9.54113
      vertex 30.95 -28.4589 9.98522
      vertex 30.95 -28.0148 9.54113
    endloop
  endfacet
  facet normal 0 0.707099 0.707115
    outer loop
      vertex 30.95 -28.4589 9.98522
      vertex 25.95 -28.0148 9.54113
      vertex 25.95 -28.4589 9.98522
    endloop
  endfacet
  facet normal 0 0.965901 0.258911
    outer loop
      vertex 30.95 -29.7063 12.1459
      vertex 25.95 -29.8689 12.7525
      vertex 30.95 -29.8689 12.7525
    endloop
  endfacet
  facet normal 0 0.965901 0.258911
    outer loop
      vertex 25.95 -29.8689 12.7525
      vertex 30.95 -29.7063 12.1459
      vertex 25.95 -29.7063 12.1459
    endloop
  endfacet
  facet normal 0 0.891026 0.453952
    outer loop
      vertex 30.95 -29.1962 11
      vertex 25.95 -29.4813 11.5596
      vertex 30.95 -29.4813 11.5596
    endloop
  endfacet
  facet normal 0 0.891026 0.453952
    outer loop
      vertex 25.95 -29.4813 11.5596
      vertex 30.95 -29.1962 11
      vertex 25.95 -29.1962 11
    endloop
  endfacet
  facet normal 0 0.9877 -0.156363
    outer loop
      vertex 30.95 -29.9671 14.6272
      vertex 25.95 -29.8689 15.2475
      vertex 30.95 -29.8689 15.2475
    endloop
  endfacet
  facet normal 0 0.9877 -0.156363
    outer loop
      vertex 25.95 -29.8689 15.2475
      vertex 30.95 -29.9671 14.6272
      vertex 25.95 -29.9671 14.6272
    endloop
  endfacet
  facet normal 0 0.9877 0.156363
    outer loop
      vertex 30.95 -29.8689 12.7525
      vertex 25.95 -29.9671 13.3728
      vertex 30.95 -29.9671 13.3728
    endloop
  endfacet
  facet normal 0 0.9877 0.156363
    outer loop
      vertex 25.95 -29.9671 13.3728
      vertex 30.95 -29.8689 12.7525
      vertex 25.95 -29.8689 12.7525
    endloop
  endfacet
  facet normal 0 0.965901 -0.258911
    outer loop
      vertex 30.95 -29.8689 15.2475
      vertex 25.95 -29.7063 15.8541
      vertex 30.95 -29.7063 15.8541
    endloop
  endfacet
  facet normal 0 0.965901 -0.258911
    outer loop
      vertex 25.95 -29.7063 15.8541
      vertex 30.95 -29.8689 15.2475
      vertex 25.95 -29.8689 15.2475
    endloop
  endfacet
  facet normal 0 0.933612 -0.358285
    outer loop
      vertex 30.95 -29.7063 15.8541
      vertex 25.95 -29.4813 16.4404
      vertex 30.95 -29.4813 16.4404
    endloop
  endfacet
  facet normal 0 0.933612 -0.358285
    outer loop
      vertex 25.95 -29.4813 16.4404
      vertex 30.95 -29.7063 15.8541
      vertex 25.95 -29.7063 15.8541
    endloop
  endfacet
  facet normal 0 0.777189 -0.629267
    outer loop
      vertex 30.95 -28.8541 17.5267
      vertex 25.95 -28.4589 18.0148
      vertex 30.95 -28.4589 18.0148
    endloop
  endfacet
  facet normal 0 0.777189 -0.629267
    outer loop
      vertex 25.95 -28.4589 18.0148
      vertex 30.95 -28.8541 17.5267
      vertex 25.95 -28.8541 17.5267
    endloop
  endfacet
  facet normal 0 0.838629 0.544703
    outer loop
      vertex 30.95 -28.8541 10.4733
      vertex 25.95 -29.1962 11
      vertex 30.95 -29.1962 11
    endloop
  endfacet
  facet normal 0 0.838629 0.544703
    outer loop
      vertex 25.95 -29.1962 11
      vertex 30.95 -28.8541 10.4733
      vertex 25.95 -28.8541 10.4733
    endloop
  endfacet
  facet normal 0 0.933612 0.358285
    outer loop
      vertex 30.95 -29.4813 11.5596
      vertex 25.95 -29.7063 12.1459
      vertex 30.95 -29.7063 12.1459
    endloop
  endfacet
  facet normal 0 0.933612 0.358285
    outer loop
      vertex 25.95 -29.7063 12.1459
      vertex 30.95 -29.4813 11.5596
      vertex 25.95 -29.4813 11.5596
    endloop
  endfacet
  facet normal 0 0.998627 -0.0523833
    outer loop
      vertex 30.95 -30 14
      vertex 25.95 -29.9671 14.6272
      vertex 30.95 -29.9671 14.6272
    endloop
  endfacet
  facet normal 0 0.998627 -0.0523833
    outer loop
      vertex 25.95 -29.9671 14.6272
      vertex 30.95 -30 14
      vertex 25.95 -30 14
    endloop
  endfacet
  facet normal -1 0 0
    outer loop
      vertex -33 61.8 0
      vertex -33 59.295 3
      vertex -33 61.8 10
    endloop
  endfacet
  facet normal -1 0 0
    outer loop
      vertex -33 61.8 0
      vertex -33 58.8 2.50502
      vertex -33 59.295 3
    endloop
  endfacet
  facet normal -1 0 0
    outer loop
      vertex -33 58.8 2.50502
      vertex -33 40.395 3
      vertex -33 58.305 3
    endloop
  endfacet
  facet normal -1 0 0
    outer loop
      vertex -33 39.9 2.50502
      vertex -33 58.8 2.50502
      vertex -33 61.8 0
    endloop
  endfacet
  facet normal -1 0 0
    outer loop
      vertex -33 58.8 2.50502
      vertex -33 39.9 2.50502
      vertex -33 40.395 3
    endloop
  endfacet
  facet normal -1 -0 0
    outer loop
      vertex -33 39.9 2.50502
      vertex -33 36.9 0
      vertex -33 39.405 3
    endloop
  endfacet
  facet normal -1 0 0
    outer loop
      vertex -33 36.9 0
      vertex -33 39.9 2.50502
      vertex -33 61.8 0
    endloop
  endfacet
  facet normal -1 0 0
    outer loop
      vertex -33 58.8 3.49497
      vertex -33 61.8 10
      vertex -33 59.295 3
    endloop
  endfacet
  facet normal -1 -0 0
    outer loop
      vertex -33 61.8 10
      vertex -33 58.8 3.49497
      vertex -33 58.8 10
    endloop
  endfacet
  facet normal -1 0 0
    outer loop
      vertex -33 36.9 17.5
      vertex -33 39.9 3.49497
      vertex -33 39.405 3
    endloop
  endfacet
  facet normal -1 0 0
    outer loop
      vertex -33 36.9 17.5
      vertex -33 39.405 3
      vertex -33 36.9 0
    endloop
  endfacet
  facet normal -1 0 0
    outer loop
      vertex -33 39.9 3.49497
      vertex -33 36.9 17.5
      vertex -33 39.9 17.5
    endloop
  endfacet
  facet normal -0 0 1
    outer loop
      vertex -33 58.305 3
      vertex -5 40.395 3
      vertex -5 58.305 3
    endloop
  endfacet
  facet normal 0 0 1
    outer loop
      vertex -5 40.395 3
      vertex -33 58.305 3
      vertex -33 40.395 3
    endloop
  endfacet
  facet normal 1 -0 0
    outer loop
      vertex -5 36.9 17.5
      vertex -5 39.9 3.49497
      vertex -5 39.9 17.5
    endloop
  endfacet
  facet normal 1 0 0
    outer loop
      vertex -5 39.9 3.49497
      vertex -5 36.9 17.5
      vertex -5 39.405 3
    endloop
  endfacet
  facet normal 1 0 0
    outer loop
      vertex -5 61.8 10
      vertex -5 59.295 3
      vertex -5 61.8 0
    endloop
  endfacet
  facet normal 1 0 0
    outer loop
      vertex -5 58.8 3.49497
      vertex -5 61.8 10
      vertex -5 58.8 10
    endloop
  endfacet
  facet normal 1 0 0
    outer loop
      vertex -5 61.8 10
      vertex -5 58.8 3.49497
      vertex -5 59.295 3
    endloop
  endfacet
  facet normal 1 -0 0
    outer loop
      vertex -5 58.8 2.50502
      vertex -5 61.8 0
      vertex -5 59.295 3
    endloop
  endfacet
  facet normal 1 -0 0
    outer loop
      vertex -5 40.395 3
      vertex -5 58.8 2.50502
      vertex -5 58.305 3
    endloop
  endfacet
  facet normal 1 0 0
    outer loop
      vertex -5 39.9 2.50502
      vertex -5 58.8 2.50502
      vertex -5 40.395 3
    endloop
  endfacet
  facet normal 1 0 0
    outer loop
      vertex -5 58.8 2.50502
      vertex -5 39.9 2.50502
      vertex -5 61.8 0
    endloop
  endfacet
  facet normal 1 0 0
    outer loop
      vertex -5 39.9 2.50502
      vertex -5 36.9 0
      vertex -5 61.8 0
    endloop
  endfacet
  facet normal 1 0 0
    outer loop
      vertex -5 39.405 3
      vertex -5 36.9 0
      vertex -5 39.9 2.50502
    endloop
  endfacet
  facet normal 1 0 0
    outer loop
      vertex -5 36.9 0
      vertex -5 39.405 3
      vertex -5 36.9 17.5
    endloop
  endfacet
  facet normal 0 1 0
    outer loop
      vertex -5 61.8 10
      vertex -7.5 61.8 12.5
      vertex -7.23868 61.8 12.4863
    endloop
  endfacet
  facet normal 0 1 0
    outer loop
      vertex -7.5 61.8 12.5
      vertex -5 61.8 0
      vertex -30.5 61.8 12.5
    endloop
  endfacet
  facet normal 0 1 0
    outer loop
      vertex -5 61.8 10
      vertex -7.23868 61.8 12.4863
      vertex -6.98022 61.8 12.4454
    endloop
  endfacet
  facet normal 0 1 0
    outer loop
      vertex -33 61.8 0
      vertex -30.5 61.8 12.5
      vertex -5 61.8 0
    endloop
  endfacet
  facet normal 0 1 0
    outer loop
      vertex -5 61.8 10
      vertex -6.98022 61.8 12.4454
      vertex -6.72746 61.8 12.3776
    endloop
  endfacet
  facet normal -0 1 0
    outer loop
      vertex -33 61.8 10
      vertex -30.5 61.8 12.5
      vertex -33 61.8 0
    endloop
  endfacet
  facet normal 0 1 0
    outer loop
      vertex -5 61.8 10
      vertex -6.72746 61.8 12.3776
      vertex -6.48316 61.8 12.2839
    endloop
  endfacet
  facet normal 0 1 0
    outer loop
      vertex -30.5 61.8 12.5
      vertex -33 61.8 10
      vertex -30.7613 61.8 12.4863
    endloop
  endfacet
  facet normal 0 1 0
    outer loop
      vertex -5 61.8 10
      vertex -6.48316 61.8 12.2839
      vertex -6.25 61.8 12.1651
    endloop
  endfacet
  facet normal 0 1 0
    outer loop
      vertex -30.7613 61.8 12.4863
      vertex -33 61.8 10
      vertex -31.0198 61.8 12.4454
    endloop
  endfacet
  facet normal 0 1 0
    outer loop
      vertex -5 61.8 10
      vertex -6.25 61.8 12.1651
      vertex -6.03054 61.8 12.0225
    endloop
  endfacet
  facet normal 0 1 0
    outer loop
      vertex -31.0198 61.8 12.4454
      vertex -33 61.8 10
      vertex -31.2725 61.8 12.3776
    endloop
  endfacet
  facet normal 0 1 0
    outer loop
      vertex -5 61.8 10
      vertex -6.03054 61.8 12.0225
      vertex -5.82717 61.8 11.8579
    endloop
  endfacet
  facet normal 0 1 0
    outer loop
      vertex -7.5 61.8 12.5
      vertex -5 61.8 10
      vertex -5 61.8 0
    endloop
  endfacet
  facet normal 0 1 0
    outer loop
      vertex -5 61.8 10
      vertex -5.82717 61.8 11.8579
      vertex -5.64214 61.8 11.6728
    endloop
  endfacet
  facet normal 0 1 0
    outer loop
      vertex -31.2725 61.8 12.3776
      vertex -33 61.8 10
      vertex -31.5168 61.8 12.2839
    endloop
  endfacet
  facet normal 0 1 0
    outer loop
      vertex -5 61.8 10
      vertex -5.64214 61.8 11.6728
      vertex -5.47746 61.8 11.4695
    endloop
  endfacet
  facet normal 0 1 0
    outer loop
      vertex -31.9695 61.8 12.0225
      vertex -33 61.8 10
      vertex -32.1728 61.8 11.8579
    endloop
  endfacet
  facet normal 0 1 0
    outer loop
      vertex -5 61.8 10
      vertex -5.47746 61.8 11.4695
      vertex -5.33494 61.8 11.25
    endloop
  endfacet
  facet normal 0 1 0
    outer loop
      vertex -32.1728 61.8 11.8579
      vertex -33 61.8 10
      vertex -32.3579 61.8 11.6728
    endloop
  endfacet
  facet normal 0 1 0
    outer loop
      vertex -5 61.8 10
      vertex -5.33494 61.8 11.25
      vertex -5.21614 61.8 11.0168
    endloop
  endfacet
  facet normal 0 1 0
    outer loop
      vertex -32.3579 61.8 11.6728
      vertex -33 61.8 10
      vertex -32.5225 61.8 11.4695
    endloop
  endfacet
  facet normal 0 1 0
    outer loop
      vertex -5 61.8 10
      vertex -5.21614 61.8 11.0168
      vertex -5.12236 61.8 10.7725
    endloop
  endfacet
  facet normal 0 1 0
    outer loop
      vertex -32.5225 61.8 11.4695
      vertex -33 61.8 10
      vertex -32.6651 61.8 11.25
    endloop
  endfacet
  facet normal 0 1 0
    outer loop
      vertex -5 61.8 10
      vertex -5.12236 61.8 10.7725
      vertex -5.05463 61.8 10.5198
    endloop
  endfacet
  facet normal 0 1 0
    outer loop
      vertex -32.6651 61.8 11.25
      vertex -33 61.8 10
      vertex -32.7839 61.8 11.0168
    endloop
  endfacet
  facet normal 0 1 0
    outer loop
      vertex -5 61.8 10
      vertex -5.05463 61.8 10.5198
      vertex -5.0137 61.8 10.2613
    endloop
  endfacet
  facet normal 0 1 0
    outer loop
      vertex -32.7839 61.8 11.0168
      vertex -33 61.8 10
      vertex -32.8776 61.8 10.7725
    endloop
  endfacet
  facet normal 0 1 0
    outer loop
      vertex -32.8776 61.8 10.7725
      vertex -33 61.8 10
      vertex -32.9454 61.8 10.5198
    endloop
  endfacet
  facet normal 0 1 0
    outer loop
      vertex -32.9454 61.8 10.5198
      vertex -33 61.8 10
      vertex -32.9863 61.8 10.2613
    endloop
  endfacet
  facet normal 0 1 0
    outer loop
      vertex -31.5168 61.8 12.2839
      vertex -33 61.8 10
      vertex -31.75 61.8 12.1651
    endloop
  endfacet
  facet normal 0 1 0
    outer loop
      vertex -31.75 61.8 12.1651
      vertex -33 61.8 10
      vertex -31.9695 61.8 12.0225
    endloop
  endfacet
  facet normal 0 0 -1
    outer loop
      vertex -33 36.9 0
      vertex -5 61.8 0
      vertex -5 36.9 0
    endloop
  endfacet
  facet normal -0 0 -1
    outer loop
      vertex -5 61.8 0
      vertex -33 36.9 0
      vertex -33 61.8 0
    endloop
  endfacet
  facet normal 0 -1 0
    outer loop
      vertex -24.3505 36.9 12.1006
      vertex -30.5 36.9 20
      vertex -24.6688 36.9 12.1511
    endloop
  endfacet
  facet normal 0 -1 0
    outer loop
      vertex -7.5 36.9 20
      vertex -13.0094 36.9 12.1679
      vertex -13 36.9 12.1684
    endloop
  endfacet
  facet normal 0 -1 0
    outer loop
      vertex -24.3412 36.9 12.0992
      vertex -30.5 36.9 20
      vertex -24.3505 36.9 12.1006
    endloop
  endfacet
  facet normal 0 -1 0
    outer loop
      vertex -7.5 36.9 20
      vertex -13.3312 36.9 12.1511
      vertex -13.0094 36.9 12.1679
    endloop
  endfacet
  facet normal 0 -1 0
    outer loop
      vertex -24.03 36.9 12.0158
      vertex -30.5 36.9 20
      vertex -24.3412 36.9 12.0992
    endloop
  endfacet
  facet normal 0 -1 0
    outer loop
      vertex -7.5 36.9 20
      vertex -13.6495 36.9 12.1006
      vertex -13.3312 36.9 12.1511
    endloop
  endfacet
  facet normal 0 -1 0
    outer loop
      vertex -24.0209 36.9 12.0133
      vertex -30.5 36.9 20
      vertex -24.03 36.9 12.0158
    endloop
  endfacet
  facet normal 0 -1 0
    outer loop
      vertex -7.5 36.9 20
      vertex -13.6588 36.9 12.0992
      vertex -13.6495 36.9 12.1006
    endloop
  endfacet
  facet normal 0 -1 0
    outer loop
      vertex -24.0122 36.9 12.01
      vertex -30.5 36.9 20
      vertex -24.0209 36.9 12.0133
    endloop
  endfacet
  facet normal 0 -1 0
    outer loop
      vertex -7.5 36.9 20
      vertex -13.97 36.9 12.0158
      vertex -13.6588 36.9 12.0992
    endloop
  endfacet
  facet normal 0 -1 0
    outer loop
      vertex -23.7113 36.9 11.8945
      vertex -30.5 36.9 20
      vertex -24.0122 36.9 12.01
    endloop
  endfacet
  facet normal 0 -1 0
    outer loop
      vertex -7.5 36.9 20
      vertex -13.9791 36.9 12.0133
      vertex -13.97 36.9 12.0158
    endloop
  endfacet
  facet normal 0 -1 0
    outer loop
      vertex -30.5 36.9 20
      vertex -23.7113 36.9 11.8945
      vertex -7.5 36.9 20
    endloop
  endfacet
  facet normal 0 -1 0
    outer loop
      vertex -7.5 36.9 20
      vertex -13.9878 36.9 12.01
      vertex -13.9791 36.9 12.0133
    endloop
  endfacet
  facet normal 0 -1 0
    outer loop
      vertex -14.2887 36.9 11.8945
      vertex -7.5 36.9 20
      vertex -23.7113 36.9 11.8945
    endloop
  endfacet
  facet normal 0 -1 0
    outer loop
      vertex -7.5 36.9 20
      vertex -14.2887 36.9 11.8945
      vertex -13.9878 36.9 12.01
    endloop
  endfacet
  facet normal 0 -1 0
    outer loop
      vertex -23.4241 36.9 11.7482
      vertex -14.2887 36.9 11.8945
      vertex -23.7113 36.9 11.8945
    endloop
  endfacet
  facet normal 0 -1 0
    outer loop
      vertex -23.4241 36.9 11.7482
      vertex -14.5759 36.9 11.7482
      vertex -14.2887 36.9 11.8945
    endloop
  endfacet
  facet normal 0 -1 0
    outer loop
      vertex -23.4158 36.9 11.7439
      vertex -14.5759 36.9 11.7482
      vertex -23.4241 36.9 11.7482
    endloop
  endfacet
  facet normal 0 -1 0
    outer loop
      vertex -23.4158 36.9 11.7439
      vertex -14.5842 36.9 11.7439
      vertex -14.5759 36.9 11.7482
    endloop
  endfacet
  facet normal 0 -1 0
    outer loop
      vertex -23.4079 36.9 11.7388
      vertex -14.5842 36.9 11.7439
      vertex -23.4158 36.9 11.7439
    endloop
  endfacet
  facet normal 0 -1 0
    outer loop
      vertex -23.4079 36.9 11.7388
      vertex -14.5921 36.9 11.7388
      vertex -14.5842 36.9 11.7439
    endloop
  endfacet
  facet normal 0 -1 0
    outer loop
      vertex -23.1376 36.9 11.5633
      vertex -14.5921 36.9 11.7388
      vertex -23.4079 36.9 11.7388
    endloop
  endfacet
  facet normal 0 -1 0
    outer loop
      vertex -23.1376 36.9 11.5633
      vertex -14.8624 36.9 11.5633
      vertex -14.5921 36.9 11.7388
    endloop
  endfacet
  facet normal 0 -1 0
    outer loop
      vertex -23.1304 36.9 11.5574
      vertex -14.8624 36.9 11.5633
      vertex -23.1376 36.9 11.5633
    endloop
  endfacet
  facet normal 0 -1 0
    outer loop
      vertex -23.1304 36.9 11.5574
      vertex -14.8696 36.9 11.5574
      vertex -14.8624 36.9 11.5633
    endloop
  endfacet
  facet normal 0 -1 0
    outer loop
      vertex -22.8799 36.9 11.3546
      vertex -14.8696 36.9 11.5574
      vertex -23.1304 36.9 11.5574
    endloop
  endfacet
  facet normal 0 -1 0
    outer loop
      vertex -22.8799 36.9 11.3546
      vertex -15.1201 36.9 11.3546
      vertex -14.8696 36.9 11.5574
    endloop
  endfacet
  facet normal 0 -1 0
    outer loop
      vertex -22.6454 36.9 11.1201
      vertex -15.1201 36.9 11.3546
      vertex -22.8799 36.9 11.3546
    endloop
  endfacet
  facet normal 0 -1 0
    outer loop
      vertex -22.6454 36.9 11.1201
      vertex -15.3546 36.9 11.1201
      vertex -15.1201 36.9 11.3546
    endloop
  endfacet
  facet normal 0 -1 0
    outer loop
      vertex -22.4426 36.9 10.8696
      vertex -15.3546 36.9 11.1201
      vertex -22.6454 36.9 11.1201
    endloop
  endfacet
  facet normal 0 -1 0
    outer loop
      vertex -22.4426 36.9 10.8696
      vertex -15.5574 36.9 10.8696
      vertex -15.3546 36.9 11.1201
    endloop
  endfacet
  facet normal 0 -1 0
    outer loop
      vertex -22.4367 36.9 10.8624
      vertex -15.5574 36.9 10.8696
      vertex -22.4426 36.9 10.8696
    endloop
  endfacet
  facet normal 0 -1 0
    outer loop
      vertex -22.4367 36.9 10.8624
      vertex -15.5633 36.9 10.8624
      vertex -15.5574 36.9 10.8696
    endloop
  endfacet
  facet normal 0 -1 0
    outer loop
      vertex -22.2612 36.9 10.5921
      vertex -15.5633 36.9 10.8624
      vertex -22.4367 36.9 10.8624
    endloop
  endfacet
  facet normal 0 -1 0
    outer loop
      vertex -22.2612 36.9 10.5921
      vertex -15.7388 36.9 10.5921
      vertex -15.5633 36.9 10.8624
    endloop
  endfacet
  facet normal 0 -1 0
    outer loop
      vertex -22.2561 36.9 10.5842
      vertex -15.7388 36.9 10.5921
      vertex -22.2612 36.9 10.5921
    endloop
  endfacet
  facet normal 0 -1 0
    outer loop
      vertex -22.2561 36.9 10.5842
      vertex -15.7439 36.9 10.5842
      vertex -15.7388 36.9 10.5921
    endloop
  endfacet
  facet normal 0 -1 0
    outer loop
      vertex -22.2518 36.9 10.5759
      vertex -15.7439 36.9 10.5842
      vertex -22.2561 36.9 10.5842
    endloop
  endfacet
  facet normal 0 -1 0
    outer loop
      vertex -22.2518 36.9 10.5759
      vertex -15.7482 36.9 10.5759
      vertex -15.7439 36.9 10.5842
    endloop
  endfacet
  facet normal 0 -1 0
    outer loop
      vertex -22.1055 36.9 10.2887
      vertex -15.7482 36.9 10.5759
      vertex -22.2518 36.9 10.5759
    endloop
  endfacet
  facet normal 0 -1 0
    outer loop
      vertex -22.1055 36.9 10.2887
      vertex -15.8945 36.9 10.2887
      vertex -15.7482 36.9 10.5759
    endloop
  endfacet
  facet normal 0 -1 0
    outer loop
      vertex -21.99 36.9 9.98784
      vertex -15.8945 36.9 10.2887
      vertex -22.1055 36.9 10.2887
    endloop
  endfacet
  facet normal 0 -1 0
    outer loop
      vertex -21.99 36.9 9.98784
      vertex -16.01 36.9 9.98784
      vertex -15.8945 36.9 10.2887
    endloop
  endfacet
  facet normal 0 -1 0
    outer loop
      vertex -21.9867 36.9 9.9791
      vertex -16.01 36.9 9.98784
      vertex -21.99 36.9 9.98784
    endloop
  endfacet
  facet normal 0 -1 0
    outer loop
      vertex -21.9867 36.9 9.9791
      vertex -16.0133 36.9 9.9791
      vertex -16.01 36.9 9.98784
    endloop
  endfacet
  facet normal 0 -1 0
    outer loop
      vertex -21.9842 36.9 9.97005
      vertex -16.0133 36.9 9.9791
      vertex -21.9867 36.9 9.9791
    endloop
  endfacet
  facet normal 0 -1 0
    outer loop
      vertex -21.9842 36.9 9.97005
      vertex -16.0158 36.9 9.97005
      vertex -16.0133 36.9 9.9791
    endloop
  endfacet
  facet normal 0 -1 0
    outer loop
      vertex -21.9008 36.9 9.65875
      vertex -16.0158 36.9 9.97005
      vertex -21.9842 36.9 9.97005
    endloop
  endfacet
  facet normal 0 -1 0
    outer loop
      vertex -21.9008 36.9 9.65875
      vertex -16.0992 36.9 9.65875
      vertex -16.0158 36.9 9.97005
    endloop
  endfacet
  facet normal 0 -1 0
    outer loop
      vertex -21.8994 36.9 9.6495
      vertex -16.0992 36.9 9.65875
      vertex -21.9008 36.9 9.65875
    endloop
  endfacet
  facet normal 0 -1 0
    outer loop
      vertex -21.8994 36.9 9.6495
      vertex -16.1006 36.9 9.6495
      vertex -16.0992 36.9 9.65875
    endloop
  endfacet
  facet normal 0 -1 0
    outer loop
      vertex -21.8489 36.9 9.33119
      vertex -16.1006 36.9 9.6495
      vertex -21.8994 36.9 9.6495
    endloop
  endfacet
  facet normal 0 -1 0
    outer loop
      vertex -21.8489 36.9 9.33119
      vertex -16.1511 36.9 9.33119
      vertex -16.1006 36.9 9.6495
    endloop
  endfacet
  facet normal 0 -1 0
    outer loop
      vertex -21.8321 36.9 9.00935
      vertex -16.1511 36.9 9.33119
      vertex -21.8489 36.9 9.33119
    endloop
  endfacet
  facet normal 0 -1 0
    outer loop
      vertex -21.8321 36.9 9.00935
      vertex -16.1679 36.9 9.00935
      vertex -16.1511 36.9 9.33119
    endloop
  endfacet
  facet normal 0 -1 0
    outer loop
      vertex -21.8316 36.9 9
      vertex -16.1679 36.9 9.00935
      vertex -21.8321 36.9 9.00935
    endloop
  endfacet
  facet normal 0 -1 0
    outer loop
      vertex -21.8316 36.9 9
      vertex -16.1684 36.9 9
      vertex -16.1679 36.9 9.00935
    endloop
  endfacet
  facet normal 0 -1 0
    outer loop
      vertex -21.8321 36.9 8.99065
      vertex -16.1684 36.9 9
      vertex -21.8316 36.9 9
    endloop
  endfacet
  facet normal 0 -1 0
    outer loop
      vertex -21.8321 36.9 8.99065
      vertex -16.1679 36.9 8.99065
      vertex -16.1684 36.9 9
    endloop
  endfacet
  facet normal 0 -1 0
    outer loop
      vertex -21.8489 36.9 8.66881
      vertex -16.1679 36.9 8.99065
      vertex -21.8321 36.9 8.99065
    endloop
  endfacet
  facet normal 0 -1 0
    outer loop
      vertex -21.8489 36.9 8.66881
      vertex -16.1511 36.9 8.66881
      vertex -16.1679 36.9 8.99065
    endloop
  endfacet
  facet normal 0 -1 0
    outer loop
      vertex -21.8994 36.9 8.3505
      vertex -16.1511 36.9 8.66881
      vertex -21.8489 36.9 8.66881
    endloop
  endfacet
  facet normal 0 -1 0
    outer loop
      vertex -21.8994 36.9 8.3505
      vertex -16.1006 36.9 8.3505
      vertex -16.1511 36.9 8.66881
    endloop
  endfacet
  facet normal 0 -1 0
    outer loop
      vertex -21.9008 36.9 8.34125
      vertex -16.1006 36.9 8.3505
      vertex -21.8994 36.9 8.3505
    endloop
  endfacet
  facet normal 0 -1 0
    outer loop
      vertex -21.9008 36.9 8.34125
      vertex -16.0992 36.9 8.34125
      vertex -16.1006 36.9 8.3505
    endloop
  endfacet
  facet normal 0 -1 0
    outer loop
      vertex -21.9842 36.9 8.02995
      vertex -16.0992 36.9 8.34125
      vertex -21.9008 36.9 8.34125
    endloop
  endfacet
  facet normal 0 -1 0
    outer loop
      vertex -21.9842 36.9 8.02995
      vertex -16.0158 36.9 8.02995
      vertex -16.0992 36.9 8.34125
    endloop
  endfacet
  facet normal 0 -1 0
    outer loop
      vertex -21.9867 36.9 8.0209
      vertex -16.0158 36.9 8.02995
      vertex -21.9842 36.9 8.02995
    endloop
  endfacet
  facet normal 0 -1 0
    outer loop
      vertex -21.9867 36.9 8.0209
      vertex -16.0133 36.9 8.0209
      vertex -16.0158 36.9 8.02995
    endloop
  endfacet
  facet normal 0 -1 0
    outer loop
      vertex -21.99 36.9 8.01216
      vertex -16.0133 36.9 8.0209
      vertex -21.9867 36.9 8.0209
    endloop
  endfacet
  facet normal 0 -1 0
    outer loop
      vertex -21.99 36.9 8.01216
      vertex -16.01 36.9 8.01216
      vertex -16.0133 36.9 8.0209
    endloop
  endfacet
  facet normal 0 -1 0
    outer loop
      vertex -22.1055 36.9 7.71129
      vertex -16.01 36.9 8.01216
      vertex -21.99 36.9 8.01216
    endloop
  endfacet
  facet normal 0 -1 0
    outer loop
      vertex -22.1055 36.9 7.71129
      vertex -15.8945 36.9 7.71129
      vertex -16.01 36.9 8.01216
    endloop
  endfacet
  facet normal 0 -1 0
    outer loop
      vertex -22.2518 36.9 7.42413
      vertex -15.8945 36.9 7.71129
      vertex -22.1055 36.9 7.71129
    endloop
  endfacet
  facet normal 0 -1 0
    outer loop
      vertex -22.2518 36.9 7.42413
      vertex -15.7482 36.9 7.42413
      vertex -15.8945 36.9 7.71129
    endloop
  endfacet
  facet normal 0 -1 0
    outer loop
      vertex -22.2561 36.9 7.41579
      vertex -15.7482 36.9 7.42413
      vertex -22.2518 36.9 7.42413
    endloop
  endfacet
  facet normal 0 -1 0
    outer loop
      vertex -22.2561 36.9 7.41579
      vertex -15.7439 36.9 7.41579
      vertex -15.7482 36.9 7.42413
    endloop
  endfacet
  facet normal 0 -1 0
    outer loop
      vertex -22.2612 36.9 7.40794
      vertex -15.7439 36.9 7.41579
      vertex -22.2561 36.9 7.41579
    endloop
  endfacet
  facet normal 0 -1 0
    outer loop
      vertex -22.2612 36.9 7.40794
      vertex -15.7388 36.9 7.40794
      vertex -15.7439 36.9 7.41579
    endloop
  endfacet
  facet normal 0 -1 0
    outer loop
      vertex -22.4367 36.9 7.13765
      vertex -15.7388 36.9 7.40794
      vertex -22.2612 36.9 7.40794
    endloop
  endfacet
  facet normal 0 -1 0
    outer loop
      vertex -22.4367 36.9 7.13765
      vertex -15.5633 36.9 7.13765
      vertex -15.7388 36.9 7.40794
    endloop
  endfacet
  facet normal 0 -1 0
    outer loop
      vertex -22.4426 36.9 7.13037
      vertex -15.5633 36.9 7.13765
      vertex -22.4367 36.9 7.13765
    endloop
  endfacet
  facet normal 0 -1 0
    outer loop
      vertex -22.4426 36.9 7.13037
      vertex -15.5574 36.9 7.13037
      vertex -15.5633 36.9 7.13765
    endloop
  endfacet
  facet normal 0 -1 0
    outer loop
      vertex -22.6454 36.9 6.87991
      vertex -15.5574 36.9 7.13037
      vertex -22.4426 36.9 7.13037
    endloop
  endfacet
  facet normal 0 -1 0
    outer loop
      vertex -22.6454 36.9 6.87991
      vertex -15.3546 36.9 6.87991
      vertex -15.5574 36.9 7.13037
    endloop
  endfacet
  facet normal 0 -1 0
    outer loop
      vertex -22.8799 36.9 6.6454
      vertex -15.3546 36.9 6.87991
      vertex -22.6454 36.9 6.87991
    endloop
  endfacet
  facet normal 0 -1 0
    outer loop
      vertex -22.8799 36.9 6.6454
      vertex -15.1201 36.9 6.6454
      vertex -15.3546 36.9 6.87991
    endloop
  endfacet
  facet normal 0 -1 0
    outer loop
      vertex -23.1304 36.9 6.44259
      vertex -15.1201 36.9 6.6454
      vertex -22.8799 36.9 6.6454
    endloop
  endfacet
  facet normal 0 -1 0
    outer loop
      vertex -23.1304 36.9 6.44259
      vertex -14.8696 36.9 6.44259
      vertex -15.1201 36.9 6.6454
    endloop
  endfacet
  facet normal 0 -1 0
    outer loop
      vertex -23.1376 36.9 6.43669
      vertex -14.8696 36.9 6.44259
      vertex -23.1304 36.9 6.44259
    endloop
  endfacet
  facet normal 0 -1 0
    outer loop
      vertex -23.1376 36.9 6.43669
      vertex -14.8624 36.9 6.43669
      vertex -14.8696 36.9 6.44259
    endloop
  endfacet
  facet normal 0 -1 0
    outer loop
      vertex -23.4079 36.9 6.26117
      vertex -14.8624 36.9 6.43669
      vertex -23.1376 36.9 6.43669
    endloop
  endfacet
  facet normal 0 -1 0
    outer loop
      vertex -23.4079 36.9 6.26117
      vertex -14.5921 36.9 6.26117
      vertex -14.8624 36.9 6.43669
    endloop
  endfacet
  facet normal 0 -1 0
    outer loop
      vertex -23.4158 36.9 6.25607
      vertex -14.5921 36.9 6.26117
      vertex -23.4079 36.9 6.26117
    endloop
  endfacet
  facet normal 0 -1 0
    outer loop
      vertex -23.4158 36.9 6.25607
      vertex -14.5842 36.9 6.25607
      vertex -14.5921 36.9 6.26117
    endloop
  endfacet
  facet normal 0 -1 0
    outer loop
      vertex -23.4241 36.9 6.25182
      vertex -14.5842 36.9 6.25607
      vertex -23.4158 36.9 6.25607
    endloop
  endfacet
  facet normal 0 -1 0
    outer loop
      vertex -23.4241 36.9 6.25182
      vertex -14.5759 36.9 6.25182
      vertex -14.5842 36.9 6.25607
    endloop
  endfacet
  facet normal 0 -1 0
    outer loop
      vertex -23.7113 36.9 6.1055
      vertex -14.5759 36.9 6.25182
      vertex -23.4241 36.9 6.25182
    endloop
  endfacet
  facet normal 0 -1 0
    outer loop
      vertex -23.7113 36.9 6.1055
      vertex -14.2887 36.9 6.1055
      vertex -14.5759 36.9 6.25182
    endloop
  endfacet
  facet normal 0 -1 0
    outer loop
      vertex -24.0122 36.9 5.99001
      vertex -14.2887 36.9 6.1055
      vertex -23.7113 36.9 6.1055
    endloop
  endfacet
  facet normal 0 -1 0
    outer loop
      vertex -24.0122 36.9 5.99001
      vertex -13.9878 36.9 5.99001
      vertex -14.2887 36.9 6.1055
    endloop
  endfacet
  facet normal 0 -1 0
    outer loop
      vertex -24.0209 36.9 5.98665
      vertex -13.9878 36.9 5.99001
      vertex -24.0122 36.9 5.99001
    endloop
  endfacet
  facet normal 0 -1 0
    outer loop
      vertex -24.0209 36.9 5.98665
      vertex -13.9791 36.9 5.98665
      vertex -13.9878 36.9 5.99001
    endloop
  endfacet
  facet normal 0 -1 0
    outer loop
      vertex -33 36.9 0
      vertex -24.0209 36.9 5.98665
      vertex -24.03 36.9 5.98423
    endloop
  endfacet
  facet normal 0 -1 -0
    outer loop
      vertex -24.0209 36.9 5.98665
      vertex -33 36.9 0
      vertex -13.9791 36.9 5.98665
    endloop
  endfacet
  facet normal 0 -1 0
    outer loop
      vertex -33 36.9 0
      vertex -24.03 36.9 5.98423
      vertex -24.3412 36.9 5.90082
    endloop
  endfacet
  facet normal 0 -1 0
    outer loop
      vertex -5 36.9 0
      vertex -13.9791 36.9 5.98665
      vertex -33 36.9 0
    endloop
  endfacet
  facet normal 0 -1 0
    outer loop
      vertex -33 36.9 0
      vertex -24.3412 36.9 5.90082
      vertex -24.3505 36.9 5.89935
    endloop
  endfacet
  facet normal 0 -1 0
    outer loop
      vertex -13.9791 36.9 5.98665
      vertex -5 36.9 0
      vertex -13.97 36.9 5.98423
    endloop
  endfacet
  facet normal 0 -1 0
    outer loop
      vertex -33 36.9 0
      vertex -24.3505 36.9 5.89935
      vertex -24.6688 36.9 5.84894
    endloop
  endfacet
  facet normal 0 -1 0
    outer loop
      vertex -13.97 36.9 5.98423
      vertex -5 36.9 0
      vertex -13.6588 36.9 5.90082
    endloop
  endfacet
  facet normal 0 -1 0
    outer loop
      vertex -33 36.9 0
      vertex -24.6688 36.9 5.84894
      vertex -24.9906 36.9 5.83207
    endloop
  endfacet
  facet normal 0 -1 0
    outer loop
      vertex -13.6588 36.9 5.90082
      vertex -5 36.9 0
      vertex -13.6495 36.9 5.89935
    endloop
  endfacet
  facet normal 0 -1 0
    outer loop
      vertex -33 36.9 0
      vertex -24.9906 36.9 5.83207
      vertex -25 36.9 5.83158
    endloop
  endfacet
  facet normal 0 -1 0
    outer loop
      vertex -13.6495 36.9 5.89935
      vertex -5 36.9 0
      vertex -13.3312 36.9 5.84894
    endloop
  endfacet
  facet normal 0 -1 0
    outer loop
      vertex -33 36.9 17.5
      vertex -30.5 36.9 20
      vertex -30.7613 36.9 19.9863
    endloop
  endfacet
  facet normal 0 -1 0
    outer loop
      vertex -24.9906 36.9 12.1679
      vertex -30.5 36.9 20
      vertex -25 36.9 12.1684
    endloop
  endfacet
  facet normal 0 -1 0
    outer loop
      vertex -33 36.9 17.5
      vertex -30.7613 36.9 19.9863
      vertex -31.0198 36.9 19.9454
    endloop
  endfacet
  facet normal 0 -1 0
    outer loop
      vertex -24.6688 36.9 12.1511
      vertex -30.5 36.9 20
      vertex -24.9906 36.9 12.1679
    endloop
  endfacet
  facet normal 0 -1 0
    outer loop
      vertex -33 36.9 17.5
      vertex -31.0198 36.9 19.9454
      vertex -31.2725 36.9 19.8776
    endloop
  endfacet
  facet normal 0 -1 0
    outer loop
      vertex -12.9906 36.9 12.1679
      vertex -7.5 36.9 20
      vertex -13 36.9 12.1684
    endloop
  endfacet
  facet normal 0 -1 0
    outer loop
      vertex -33 36.9 17.5
      vertex -31.2725 36.9 19.8776
      vertex -31.5168 36.9 19.7839
    endloop
  endfacet
  facet normal 0 -1 0
    outer loop
      vertex -12.6688 36.9 12.1511
      vertex -7.5 36.9 20
      vertex -12.9906 36.9 12.1679
    endloop
  endfacet
  facet normal 0 -1 0
    outer loop
      vertex -33 36.9 17.5
      vertex -31.5168 36.9 19.7839
      vertex -31.75 36.9 19.6651
    endloop
  endfacet
  facet normal 0 -1 0
    outer loop
      vertex -12.3505 36.9 12.1006
      vertex -7.5 36.9 20
      vertex -12.6688 36.9 12.1511
    endloop
  endfacet
  facet normal 0 -1 0
    outer loop
      vertex -33 36.9 17.5
      vertex -31.75 36.9 19.6651
      vertex -31.9695 36.9 19.5225
    endloop
  endfacet
  facet normal 0 -1 0
    outer loop
      vertex -12.3412 36.9 12.0992
      vertex -7.5 36.9 20
      vertex -12.3505 36.9 12.1006
    endloop
  endfacet
  facet normal 0 -1 0
    outer loop
      vertex -33 36.9 17.5
      vertex -31.9695 36.9 19.5225
      vertex -32.1728 36.9 19.3579
    endloop
  endfacet
  facet normal 0 -1 0
    outer loop
      vertex -12.03 36.9 12.0158
      vertex -7.5 36.9 20
      vertex -12.3412 36.9 12.0992
    endloop
  endfacet
  facet normal 0 -1 0
    outer loop
      vertex -33 36.9 17.5
      vertex -32.1728 36.9 19.3579
      vertex -32.3579 36.9 19.1728
    endloop
  endfacet
  facet normal 0 -1 0
    outer loop
      vertex -12.0209 36.9 12.0133
      vertex -7.5 36.9 20
      vertex -12.03 36.9 12.0158
    endloop
  endfacet
  facet normal 0 -1 0
    outer loop
      vertex -33 36.9 17.5
      vertex -32.3579 36.9 19.1728
      vertex -32.5225 36.9 18.9695
    endloop
  endfacet
  facet normal 0 -1 0
    outer loop
      vertex -12.0122 36.9 12.01
      vertex -7.5 36.9 20
      vertex -12.0209 36.9 12.0133
    endloop
  endfacet
  facet normal 0 -1 0
    outer loop
      vertex -33 36.9 17.5
      vertex -32.5225 36.9 18.9695
      vertex -32.6651 36.9 18.75
    endloop
  endfacet
  facet normal 0 -1 0
    outer loop
      vertex -11.7113 36.9 11.8945
      vertex -7.5 36.9 20
      vertex -12.0122 36.9 12.01
    endloop
  endfacet
  facet normal 0 -1 0
    outer loop
      vertex -33 36.9 17.5
      vertex -32.6651 36.9 18.75
      vertex -32.7839 36.9 18.5168
    endloop
  endfacet
  facet normal 0 -1 0
    outer loop
      vertex -11.4241 36.9 11.7482
      vertex -7.5 36.9 20
      vertex -11.7113 36.9 11.8945
    endloop
  endfacet
  facet normal 0 -1 0
    outer loop
      vertex -33 36.9 17.5
      vertex -32.7839 36.9 18.5168
      vertex -32.8776 36.9 18.2725
    endloop
  endfacet
  facet normal 0 -1 0
    outer loop
      vertex -11.4158 36.9 11.7439
      vertex -7.5 36.9 20
      vertex -11.4241 36.9 11.7482
    endloop
  endfacet
  facet normal 0 -1 0
    outer loop
      vertex -33 36.9 17.5
      vertex -32.8776 36.9 18.2725
      vertex -32.9454 36.9 18.0198
    endloop
  endfacet
  facet normal 0 -1 0
    outer loop
      vertex -7.5 36.9 20
      vertex -5 36.9 17.5
      vertex -7.23868 36.9 19.9863
    endloop
  endfacet
  facet normal 0 -1 0
    outer loop
      vertex -33 36.9 17.5
      vertex -32.9454 36.9 18.0198
      vertex -32.9863 36.9 17.7613
    endloop
  endfacet
  facet normal 0 -1 0
    outer loop
      vertex -6.98022 36.9 19.9454
      vertex -5 36.9 17.5
      vertex -6.72746 36.9 19.8776
    endloop
  endfacet
  facet normal 0 -1 0
    outer loop
      vertex -26.5842 36.9 11.7439
      vertex -30.5 36.9 20
      vertex -33 36.9 17.5
    endloop
  endfacet
  facet normal 0 -1 0
    outer loop
      vertex -6.72746 36.9 19.8776
      vertex -5 36.9 17.5
      vertex -6.48316 36.9 19.7839
    endloop
  endfacet
  facet normal 0 -1 0
    outer loop
      vertex -6.48316 36.9 19.7839
      vertex -5 36.9 17.5
      vertex -6.25 36.9 19.6651
    endloop
  endfacet
  facet normal 0 -1 0
    outer loop
      vertex -30.5 36.9 20
      vertex -25.0094 36.9 12.1679
      vertex -25 36.9 12.1684
    endloop
  endfacet
  facet normal 0 -1 0
    outer loop
      vertex -30.5 36.9 20
      vertex -25.3312 36.9 12.1511
      vertex -25.0094 36.9 12.1679
    endloop
  endfacet
  facet normal 0 -1 0
    outer loop
      vertex -30.5 36.9 20
      vertex -25.6495 36.9 12.1006
      vertex -25.3312 36.9 12.1511
    endloop
  endfacet
  facet normal 0 -1 0
    outer loop
      vertex -30.5 36.9 20
      vertex -25.6588 36.9 12.0992
      vertex -25.6495 36.9 12.1006
    endloop
  endfacet
  facet normal 0 -1 0
    outer loop
      vertex -30.5 36.9 20
      vertex -25.97 36.9 12.0158
      vertex -25.6588 36.9 12.0992
    endloop
  endfacet
  facet normal 0 -1 0
    outer loop
      vertex -30.5 36.9 20
      vertex -25.9791 36.9 12.0133
      vertex -25.97 36.9 12.0158
    endloop
  endfacet
  facet normal 0 -1 0
    outer loop
      vertex -30.5 36.9 20
      vertex -25.9878 36.9 12.01
      vertex -25.9791 36.9 12.0133
    endloop
  endfacet
  facet normal 0 -1 0
    outer loop
      vertex -30.5 36.9 20
      vertex -26.2887 36.9 11.8945
      vertex -25.9878 36.9 12.01
    endloop
  endfacet
  facet normal 0 -1 0
    outer loop
      vertex -30.5 36.9 20
      vertex -26.5759 36.9 11.7482
      vertex -26.2887 36.9 11.8945
    endloop
  endfacet
  facet normal 0 -1 0
    outer loop
      vertex -30.5 36.9 20
      vertex -26.5842 36.9 11.7439
      vertex -26.5759 36.9 11.7482
    endloop
  endfacet
  facet normal 0 -1 0
    outer loop
      vertex -33 36.9 17.5
      vertex -26.5921 36.9 11.7388
      vertex -26.5842 36.9 11.7439
    endloop
  endfacet
  facet normal 0 -1 0
    outer loop
      vertex -33 36.9 17.5
      vertex -26.8624 36.9 11.5633
      vertex -26.5921 36.9 11.7388
    endloop
  endfacet
  facet normal 0 -1 0
    outer loop
      vertex -33 36.9 17.5
      vertex -26.8696 36.9 11.5574
      vertex -26.8624 36.9 11.5633
    endloop
  endfacet
  facet normal 0 -1 0
    outer loop
      vertex -33 36.9 17.5
      vertex -27.1201 36.9 11.3546
      vertex -26.8696 36.9 11.5574
    endloop
  endfacet
  facet normal 0 -1 0
    outer loop
      vertex -33 36.9 17.5
      vertex -27.3546 36.9 11.1201
      vertex -27.1201 36.9 11.3546
    endloop
  endfacet
  facet normal 0 -1 0
    outer loop
      vertex -33 36.9 17.5
      vertex -27.5574 36.9 10.8696
      vertex -27.3546 36.9 11.1201
    endloop
  endfacet
  facet normal 0 -1 0
    outer loop
      vertex -33 36.9 17.5
      vertex -27.5633 36.9 10.8624
      vertex -27.5574 36.9 10.8696
    endloop
  endfacet
  facet normal 0 -1 0
    outer loop
      vertex -33 36.9 17.5
      vertex -27.7388 36.9 10.5921
      vertex -27.5633 36.9 10.8624
    endloop
  endfacet
  facet normal 0 -1 0
    outer loop
      vertex -33 36.9 17.5
      vertex -27.7439 36.9 10.5842
      vertex -27.7388 36.9 10.5921
    endloop
  endfacet
  facet normal 0 -1 0
    outer loop
      vertex -33 36.9 17.5
      vertex -27.7482 36.9 10.5759
      vertex -27.7439 36.9 10.5842
    endloop
  endfacet
  facet normal 0 -1 0
    outer loop
      vertex -33 36.9 17.5
      vertex -27.8945 36.9 10.2887
      vertex -27.7482 36.9 10.5759
    endloop
  endfacet
  facet normal 0 -1 0
    outer loop
      vertex -33 36.9 17.5
      vertex -28.01 36.9 9.98784
      vertex -27.8945 36.9 10.2887
    endloop
  endfacet
  facet normal 0 -1 0
    outer loop
      vertex -33 36.9 17.5
      vertex -28.0133 36.9 9.9791
      vertex -28.01 36.9 9.98784
    endloop
  endfacet
  facet normal 0 -1 0
    outer loop
      vertex -33 36.9 17.5
      vertex -28.0158 36.9 9.97005
      vertex -28.0133 36.9 9.9791
    endloop
  endfacet
  facet normal 0 -1 0
    outer loop
      vertex -33 36.9 17.5
      vertex -28.0992 36.9 9.65875
      vertex -28.0158 36.9 9.97005
    endloop
  endfacet
  facet normal 0 -1 0
    outer loop
      vertex -33 36.9 17.5
      vertex -28.1006 36.9 9.6495
      vertex -28.0992 36.9 9.65875
    endloop
  endfacet
  facet normal 0 -1 0
    outer loop
      vertex -33 36.9 17.5
      vertex -28.1511 36.9 9.33119
      vertex -28.1006 36.9 9.6495
    endloop
  endfacet
  facet normal 0 -1 0
    outer loop
      vertex -33 36.9 17.5
      vertex -28.1679 36.9 9.00935
      vertex -28.1511 36.9 9.33119
    endloop
  endfacet
  facet normal 0 -1 0
    outer loop
      vertex -33 36.9 17.5
      vertex -28.1684 36.9 9
      vertex -28.1679 36.9 9.00935
    endloop
  endfacet
  facet normal 0 -1 0
    outer loop
      vertex -33 36.9 0
      vertex -28.1684 36.9 9
      vertex -33 36.9 17.5
    endloop
  endfacet
  facet normal 0 -1 -0
    outer loop
      vertex -28.1684 36.9 9
      vertex -33 36.9 0
      vertex -28.1679 36.9 8.99065
    endloop
  endfacet
  facet normal 0 -1 -0
    outer loop
      vertex -28.1679 36.9 8.99065
      vertex -33 36.9 0
      vertex -28.1511 36.9 8.66881
    endloop
  endfacet
  facet normal 0 -1 -0
    outer loop
      vertex -28.1511 36.9 8.66881
      vertex -33 36.9 0
      vertex -28.1006 36.9 8.3505
    endloop
  endfacet
  facet normal 0 -1 -0
    outer loop
      vertex -28.1006 36.9 8.3505
      vertex -33 36.9 0
      vertex -28.0992 36.9 8.34125
    endloop
  endfacet
  facet normal 0 -1 -0
    outer loop
      vertex -28.0992 36.9 8.34125
      vertex -33 36.9 0
      vertex -28.0158 36.9 8.02995
    endloop
  endfacet
  facet normal 0 -1 -0
    outer loop
      vertex -28.0158 36.9 8.02995
      vertex -33 36.9 0
      vertex -28.0133 36.9 8.0209
    endloop
  endfacet
  facet normal 0 -1 -0
    outer loop
      vertex -28.0133 36.9 8.0209
      vertex -33 36.9 0
      vertex -28.01 36.9 8.01216
    endloop
  endfacet
  facet normal 0 -1 -0
    outer loop
      vertex -28.01 36.9 8.01216
      vertex -33 36.9 0
      vertex -27.8945 36.9 7.71129
    endloop
  endfacet
  facet normal 0 -1 -0
    outer loop
      vertex -27.8945 36.9 7.71129
      vertex -33 36.9 0
      vertex -27.7482 36.9 7.42413
    endloop
  endfacet
  facet normal 0 -1 0
    outer loop
      vertex -33 36.9 0
      vertex -27.5574 36.9 7.13037
      vertex -27.5633 36.9 7.13765
    endloop
  endfacet
  facet normal 0 -1 0
    outer loop
      vertex -33 36.9 0
      vertex -25.9878 36.9 5.99001
      vertex -26.2887 36.9 6.1055
    endloop
  endfacet
  facet normal 0 -1 0
    outer loop
      vertex -33 36.9 0
      vertex -25.97 36.9 5.98423
      vertex -25.9791 36.9 5.98665
    endloop
  endfacet
  facet normal 0 -1 0
    outer loop
      vertex -13.3312 36.9 5.84894
      vertex -5 36.9 0
      vertex -13.0094 36.9 5.83207
    endloop
  endfacet
  facet normal 0 -1 -0
    outer loop
      vertex -25.0094 36.9 5.83207
      vertex -33 36.9 0
      vertex -25 36.9 5.83158
    endloop
  endfacet
  facet normal 0 -1 -0
    outer loop
      vertex -25.3312 36.9 5.84894
      vertex -33 36.9 0
      vertex -25.0094 36.9 5.83207
    endloop
  endfacet
  facet normal 0 -1 -0
    outer loop
      vertex -25.6495 36.9 5.89935
      vertex -33 36.9 0
      vertex -25.3312 36.9 5.84894
    endloop
  endfacet
  facet normal 0 -1 -0
    outer loop
      vertex -25.6588 36.9 5.90082
      vertex -33 36.9 0
      vertex -25.6495 36.9 5.89935
    endloop
  endfacet
  facet normal 0 -1 -0
    outer loop
      vertex -25.97 36.9 5.98423
      vertex -33 36.9 0
      vertex -25.6588 36.9 5.90082
    endloop
  endfacet
  facet normal 0 -1 -0
    outer loop
      vertex -25.9878 36.9 5.99001
      vertex -33 36.9 0
      vertex -25.9791 36.9 5.98665
    endloop
  endfacet
  facet normal 0 -1 -0
    outer loop
      vertex -26.5759 36.9 6.25182
      vertex -33 36.9 0
      vertex -26.2887 36.9 6.1055
    endloop
  endfacet
  facet normal 0 -1 -0
    outer loop
      vertex -26.5842 36.9 6.25607
      vertex -33 36.9 0
      vertex -26.5759 36.9 6.25182
    endloop
  endfacet
  facet normal 0 -1 -0
    outer loop
      vertex -26.5921 36.9 6.26117
      vertex -33 36.9 0
      vertex -26.5842 36.9 6.25607
    endloop
  endfacet
  facet normal 0 -1 -0
    outer loop
      vertex -26.8624 36.9 6.43669
      vertex -33 36.9 0
      vertex -26.5921 36.9 6.26117
    endloop
  endfacet
  facet normal 0 -1 -0
    outer loop
      vertex -26.8696 36.9 6.44259
      vertex -33 36.9 0
      vertex -26.8624 36.9 6.43669
    endloop
  endfacet
  facet normal 0 -1 -0
    outer loop
      vertex -27.1201 36.9 6.6454
      vertex -33 36.9 0
      vertex -26.8696 36.9 6.44259
    endloop
  endfacet
  facet normal 0 -1 -0
    outer loop
      vertex -27.3546 36.9 6.87991
      vertex -33 36.9 0
      vertex -27.1201 36.9 6.6454
    endloop
  endfacet
  facet normal 0 -1 -0
    outer loop
      vertex -27.5574 36.9 7.13037
      vertex -33 36.9 0
      vertex -27.3546 36.9 6.87991
    endloop
  endfacet
  facet normal 0 -1 -0
    outer loop
      vertex -27.7388 36.9 7.40794
      vertex -33 36.9 0
      vertex -27.5633 36.9 7.13765
    endloop
  endfacet
  facet normal 0 -1 -0
    outer loop
      vertex -27.7439 36.9 7.41579
      vertex -33 36.9 0
      vertex -27.7388 36.9 7.40794
    endloop
  endfacet
  facet normal 0 -1 -0
    outer loop
      vertex -27.7482 36.9 7.42413
      vertex -33 36.9 0
      vertex -27.7439 36.9 7.41579
    endloop
  endfacet
  facet normal 0 -1 0
    outer loop
      vertex -6.25 36.9 19.6651
      vertex -5 36.9 17.5
      vertex -6.03054 36.9 19.5225
    endloop
  endfacet
  facet normal 0 -1 0
    outer loop
      vertex -6.03054 36.9 19.5225
      vertex -5 36.9 17.5
      vertex -5.82717 36.9 19.3579
    endloop
  endfacet
  facet normal 0 -1 0
    outer loop
      vertex -5.64214 36.9 19.1728
      vertex -5 36.9 17.5
      vertex -5.47746 36.9 18.9695
    endloop
  endfacet
  facet normal 0 -1 0
    outer loop
      vertex -5.33494 36.9 18.75
      vertex -5 36.9 17.5
      vertex -5.21614 36.9 18.5168
    endloop
  endfacet
  facet normal 0 -1 0
    outer loop
      vertex -5.21614 36.9 18.5168
      vertex -5 36.9 17.5
      vertex -5.12236 36.9 18.2725
    endloop
  endfacet
  facet normal 0 -1 0
    outer loop
      vertex -5.12236 36.9 18.2725
      vertex -5 36.9 17.5
      vertex -5.05463 36.9 18.0198
    endloop
  endfacet
  facet normal 0 -1 0
    outer loop
      vertex -5.05463 36.9 18.0198
      vertex -5 36.9 17.5
      vertex -5.0137 36.9 17.7613
    endloop
  endfacet
  facet normal 0 -1 0
    outer loop
      vertex -5.47746 36.9 18.9695
      vertex -5 36.9 17.5
      vertex -5.33494 36.9 18.75
    endloop
  endfacet
  facet normal 0 -1 0
    outer loop
      vertex -5.82717 36.9 19.3579
      vertex -5 36.9 17.5
      vertex -5.64214 36.9 19.1728
    endloop
  endfacet
  facet normal 0 -1 0
    outer loop
      vertex -7.23868 36.9 19.9863
      vertex -5 36.9 17.5
      vertex -6.98022 36.9 19.9454
    endloop
  endfacet
  facet normal 0 -1 -0
    outer loop
      vertex -7.5 36.9 20
      vertex -11.4158 36.9 11.7439
      vertex -5 36.9 17.5
    endloop
  endfacet
  facet normal 0 -1 0
    outer loop
      vertex -11.4079 36.9 11.7388
      vertex -5 36.9 17.5
      vertex -11.4158 36.9 11.7439
    endloop
  endfacet
  facet normal 0 -1 0
    outer loop
      vertex -11.1376 36.9 11.5633
      vertex -5 36.9 17.5
      vertex -11.4079 36.9 11.7388
    endloop
  endfacet
  facet normal 0 -1 0
    outer loop
      vertex -11.1304 36.9 11.5574
      vertex -5 36.9 17.5
      vertex -11.1376 36.9 11.5633
    endloop
  endfacet
  facet normal 0 -1 0
    outer loop
      vertex -10.8799 36.9 11.3546
      vertex -5 36.9 17.5
      vertex -11.1304 36.9 11.5574
    endloop
  endfacet
  facet normal 0 -1 0
    outer loop
      vertex -10.6454 36.9 11.1201
      vertex -5 36.9 17.5
      vertex -10.8799 36.9 11.3546
    endloop
  endfacet
  facet normal 0 -1 0
    outer loop
      vertex -10.4426 36.9 10.8696
      vertex -5 36.9 17.5
      vertex -10.6454 36.9 11.1201
    endloop
  endfacet
  facet normal 0 -1 0
    outer loop
      vertex -10.4367 36.9 10.8624
      vertex -5 36.9 17.5
      vertex -10.4426 36.9 10.8696
    endloop
  endfacet
  facet normal 0 -1 0
    outer loop
      vertex -10.2612 36.9 10.5921
      vertex -5 36.9 17.5
      vertex -10.4367 36.9 10.8624
    endloop
  endfacet
  facet normal 0 -1 0
    outer loop
      vertex -10.2561 36.9 10.5842
      vertex -5 36.9 17.5
      vertex -10.2612 36.9 10.5921
    endloop
  endfacet
  facet normal 0 -1 0
    outer loop
      vertex -10.2518 36.9 10.5759
      vertex -5 36.9 17.5
      vertex -10.2561 36.9 10.5842
    endloop
  endfacet
  facet normal 0 -1 0
    outer loop
      vertex -10.1055 36.9 10.2887
      vertex -5 36.9 17.5
      vertex -10.2518 36.9 10.5759
    endloop
  endfacet
  facet normal 0 -1 0
    outer loop
      vertex -9.99001 36.9 9.98784
      vertex -5 36.9 17.5
      vertex -10.1055 36.9 10.2887
    endloop
  endfacet
  facet normal 0 -1 0
    outer loop
      vertex -9.98665 36.9 9.9791
      vertex -5 36.9 17.5
      vertex -9.99001 36.9 9.98784
    endloop
  endfacet
  facet normal 0 -1 0
    outer loop
      vertex -9.98423 36.9 9.97005
      vertex -5 36.9 17.5
      vertex -9.98665 36.9 9.9791
    endloop
  endfacet
  facet normal 0 -1 0
    outer loop
      vertex -9.90082 36.9 9.65875
      vertex -5 36.9 17.5
      vertex -9.98423 36.9 9.97005
    endloop
  endfacet
  facet normal 0 -1 0
    outer loop
      vertex -9.89935 36.9 9.6495
      vertex -5 36.9 17.5
      vertex -9.90082 36.9 9.65875
    endloop
  endfacet
  facet normal 0 -1 0
    outer loop
      vertex -9.84894 36.9 9.33119
      vertex -5 36.9 17.5
      vertex -9.89935 36.9 9.6495
    endloop
  endfacet
  facet normal 0 -1 0
    outer loop
      vertex -9.83207 36.9 9.00935
      vertex -5 36.9 17.5
      vertex -9.84894 36.9 9.33119
    endloop
  endfacet
  facet normal 0 -1 0
    outer loop
      vertex -9.83158 36.9 9
      vertex -5 36.9 17.5
      vertex -9.83207 36.9 9.00935
    endloop
  endfacet
  facet normal 0 -1 0
    outer loop
      vertex -5 36.9 0
      vertex -9.83158 36.9 9
      vertex -9.83207 36.9 8.99065
    endloop
  endfacet
  facet normal 0 -1 0
    outer loop
      vertex -5 36.9 0
      vertex -9.83207 36.9 8.99065
      vertex -9.84894 36.9 8.66881
    endloop
  endfacet
  facet normal 0 -1 0
    outer loop
      vertex -5 36.9 0
      vertex -9.84894 36.9 8.66881
      vertex -9.89935 36.9 8.3505
    endloop
  endfacet
  facet normal 0 -1 0
    outer loop
      vertex -5 36.9 0
      vertex -9.89935 36.9 8.3505
      vertex -9.90082 36.9 8.34125
    endloop
  endfacet
  facet normal 0 -1 0
    outer loop
      vertex -5 36.9 0
      vertex -9.90082 36.9 8.34125
      vertex -9.98423 36.9 8.02995
    endloop
  endfacet
  facet normal 0 -1 0
    outer loop
      vertex -5 36.9 0
      vertex -9.98423 36.9 8.02995
      vertex -9.98665 36.9 8.0209
    endloop
  endfacet
  facet normal 0 -1 0
    outer loop
      vertex -5 36.9 0
      vertex -9.98665 36.9 8.0209
      vertex -9.99001 36.9 8.01216
    endloop
  endfacet
  facet normal 0 -1 0
    outer loop
      vertex -5 36.9 0
      vertex -9.99001 36.9 8.01216
      vertex -10.1055 36.9 7.71129
    endloop
  endfacet
  facet normal 0 -1 0
    outer loop
      vertex -5 36.9 0
      vertex -10.1055 36.9 7.71129
      vertex -10.2518 36.9 7.42413
    endloop
  endfacet
  facet normal 0 -1 0
    outer loop
      vertex -5 36.9 0
      vertex -10.2518 36.9 7.42413
      vertex -10.2561 36.9 7.41579
    endloop
  endfacet
  facet normal 0 -1 0
    outer loop
      vertex -5 36.9 0
      vertex -10.2612 36.9 7.40794
      vertex -10.4367 36.9 7.13765
    endloop
  endfacet
  facet normal 0 -1 0
    outer loop
      vertex -5 36.9 0
      vertex -10.4426 36.9 7.13037
      vertex -10.6454 36.9 6.87991
    endloop
  endfacet
  facet normal 0 -1 0
    outer loop
      vertex -5 36.9 0
      vertex -12.0122 36.9 5.99001
      vertex -12.0209 36.9 5.98665
    endloop
  endfacet
  facet normal 0 -1 0
    outer loop
      vertex -5 36.9 0
      vertex -12.03 36.9 5.98423
      vertex -12.3412 36.9 5.90082
    endloop
  endfacet
  facet normal 0 -1 0
    outer loop
      vertex -13.0094 36.9 5.83207
      vertex -5 36.9 0
      vertex -13 36.9 5.83158
    endloop
  endfacet
  facet normal 0 -1 0
    outer loop
      vertex -13 36.9 5.83158
      vertex -5 36.9 0
      vertex -12.9906 36.9 5.83207
    endloop
  endfacet
  facet normal 0 -1 0
    outer loop
      vertex -12.9906 36.9 5.83207
      vertex -5 36.9 0
      vertex -12.6688 36.9 5.84894
    endloop
  endfacet
  facet normal 0 -1 0
    outer loop
      vertex -12.6688 36.9 5.84894
      vertex -5 36.9 0
      vertex -12.3505 36.9 5.89935
    endloop
  endfacet
  facet normal 0 -1 0
    outer loop
      vertex -12.3505 36.9 5.89935
      vertex -5 36.9 0
      vertex -12.3412 36.9 5.90082
    endloop
  endfacet
  facet normal 0 -1 0
    outer loop
      vertex -9.83158 36.9 9
      vertex -5 36.9 0
      vertex -5 36.9 17.5
    endloop
  endfacet
  facet normal 0 -1 0
    outer loop
      vertex -10.2612 36.9 7.40794
      vertex -5 36.9 0
      vertex -10.2561 36.9 7.41579
    endloop
  endfacet
  facet normal 0 -1 0
    outer loop
      vertex -10.4426 36.9 7.13037
      vertex -5 36.9 0
      vertex -10.4367 36.9 7.13765
    endloop
  endfacet
  facet normal 0 -1 0
    outer loop
      vertex -10.8799 36.9 6.6454
      vertex -5 36.9 0
      vertex -10.6454 36.9 6.87991
    endloop
  endfacet
  facet normal 0 -1 0
    outer loop
      vertex -11.1304 36.9 6.44259
      vertex -5 36.9 0
      vertex -10.8799 36.9 6.6454
    endloop
  endfacet
  facet normal 0 -1 0
    outer loop
      vertex -11.1376 36.9 6.43669
      vertex -5 36.9 0
      vertex -11.1304 36.9 6.44259
    endloop
  endfacet
  facet normal 0 -1 0
    outer loop
      vertex -11.4079 36.9 6.26117
      vertex -5 36.9 0
      vertex -11.1376 36.9 6.43669
    endloop
  endfacet
  facet normal 0 -1 0
    outer loop
      vertex -11.4158 36.9 6.25607
      vertex -5 36.9 0
      vertex -11.4079 36.9 6.26117
    endloop
  endfacet
  facet normal 0 -1 0
    outer loop
      vertex -11.4241 36.9 6.25182
      vertex -5 36.9 0
      vertex -11.4158 36.9 6.25607
    endloop
  endfacet
  facet normal 0 -1 0
    outer loop
      vertex -11.7113 36.9 6.1055
      vertex -5 36.9 0
      vertex -11.4241 36.9 6.25182
    endloop
  endfacet
  facet normal 0 -1 0
    outer loop
      vertex -12.0122 36.9 5.99001
      vertex -5 36.9 0
      vertex -11.7113 36.9 6.1055
    endloop
  endfacet
  facet normal 0 -1 0
    outer loop
      vertex -12.03 36.9 5.98423
      vertex -5 36.9 0
      vertex -12.0209 36.9 5.98665
    endloop
  endfacet
  facet normal 0 1 0
    outer loop
      vertex -13.5253 39.9 10.6168
      vertex -7.5 39.9 20
      vertex -13.3534 39.9 10.6629
    endloop
  endfacet
  facet normal 0 1 0
    outer loop
      vertex -30.5 39.9 20
      vertex -24.8223 39.9 10.6907
      vertex -25 39.9 10.7
    endloop
  endfacet
  facet normal 0 1 0
    outer loop
      vertex -13.6915 39.9 10.553
      vertex -7.5 39.9 20
      vertex -13.5253 39.9 10.6168
    endloop
  endfacet
  facet normal 0 1 0
    outer loop
      vertex -30.5 39.9 20
      vertex -24.6465 39.9 10.6629
      vertex -24.8223 39.9 10.6907
    endloop
  endfacet
  facet normal 0 1 0
    outer loop
      vertex -7.5 39.9 20
      vertex -13.6915 39.9 10.553
      vertex -30.5 39.9 20
    endloop
  endfacet
  facet normal 0 1 0
    outer loop
      vertex -30.5 39.9 20
      vertex -24.4747 39.9 10.6168
      vertex -24.6465 39.9 10.6629
    endloop
  endfacet
  facet normal 0 1 -0
    outer loop
      vertex -24.3085 39.9 10.553
      vertex -30.5 39.9 20
      vertex -13.6915 39.9 10.553
    endloop
  endfacet
  facet normal 0 1 0
    outer loop
      vertex -30.5 39.9 20
      vertex -24.3085 39.9 10.553
      vertex -24.4747 39.9 10.6168
    endloop
  endfacet
  facet normal 0 1 -0
    outer loop
      vertex -13.85 39.9 10.4722
      vertex -24.3085 39.9 10.553
      vertex -13.6915 39.9 10.553
    endloop
  endfacet
  facet normal 0 1 0
    outer loop
      vertex -13.85 39.9 10.4722
      vertex -24.15 39.9 10.4722
      vertex -24.3085 39.9 10.553
    endloop
  endfacet
  facet normal 0 1 -0
    outer loop
      vertex -13.9992 39.9 10.3753
      vertex -24.15 39.9 10.4722
      vertex -13.85 39.9 10.4722
    endloop
  endfacet
  facet normal 0 1 0
    outer loop
      vertex -13.9992 39.9 10.3753
      vertex -24.0008 39.9 10.3753
      vertex -24.15 39.9 10.4722
    endloop
  endfacet
  facet normal 0 1 -0
    outer loop
      vertex -14.1375 39.9 10.2633
      vertex -24.0008 39.9 10.3753
      vertex -13.9992 39.9 10.3753
    endloop
  endfacet
  facet normal 0 1 0
    outer loop
      vertex -14.1375 39.9 10.2633
      vertex -23.8625 39.9 10.2633
      vertex -24.0008 39.9 10.3753
    endloop
  endfacet
  facet normal 0 1 -0
    outer loop
      vertex -14.2633 39.9 10.1375
      vertex -23.8625 39.9 10.2633
      vertex -14.1375 39.9 10.2633
    endloop
  endfacet
  facet normal 0 1 0
    outer loop
      vertex -14.2633 39.9 10.1375
      vertex -23.7367 39.9 10.1375
      vertex -23.8625 39.9 10.2633
    endloop
  endfacet
  facet normal 0 1 -0
    outer loop
      vertex -14.3753 39.9 9.99923
      vertex -23.7367 39.9 10.1375
      vertex -14.2633 39.9 10.1375
    endloop
  endfacet
  facet normal 0 1 0
    outer loop
      vertex -14.3753 39.9 9.99923
      vertex -23.6247 39.9 9.99923
      vertex -23.7367 39.9 10.1375
    endloop
  endfacet
  facet normal 0 1 -0
    outer loop
      vertex -14.4722 39.9 9.85
      vertex -23.6247 39.9 9.99923
      vertex -14.3753 39.9 9.99923
    endloop
  endfacet
  facet normal 0 1 0
    outer loop
      vertex -14.4722 39.9 9.85
      vertex -23.5278 39.9 9.85
      vertex -23.6247 39.9 9.99923
    endloop
  endfacet
  facet normal 0 1 -0
    outer loop
      vertex -14.553 39.9 9.69145
      vertex -23.5278 39.9 9.85
      vertex -14.4722 39.9 9.85
    endloop
  endfacet
  facet normal 0 1 0
    outer loop
      vertex -14.553 39.9 9.69145
      vertex -23.447 39.9 9.69145
      vertex -23.5278 39.9 9.85
    endloop
  endfacet
  facet normal 0 1 -0
    outer loop
      vertex -14.6168 39.9 9.52533
      vertex -23.447 39.9 9.69145
      vertex -14.553 39.9 9.69145
    endloop
  endfacet
  facet normal 0 1 0
    outer loop
      vertex -14.6168 39.9 9.52533
      vertex -23.3832 39.9 9.52533
      vertex -23.447 39.9 9.69145
    endloop
  endfacet
  facet normal 0 1 -0
    outer loop
      vertex -14.6629 39.9 9.35345
      vertex -23.3832 39.9 9.52533
      vertex -14.6168 39.9 9.52533
    endloop
  endfacet
  facet normal 0 1 0
    outer loop
      vertex -14.6629 39.9 9.35345
      vertex -23.3372 39.9 9.35345
      vertex -23.3832 39.9 9.52533
    endloop
  endfacet
  facet normal 0 1 -0
    outer loop
      vertex -14.6907 39.9 9.1777
      vertex -23.3372 39.9 9.35345
      vertex -14.6629 39.9 9.35345
    endloop
  endfacet
  facet normal 0 1 0
    outer loop
      vertex -14.6907 39.9 9.1777
      vertex -23.3093 39.9 9.1777
      vertex -23.3372 39.9 9.35345
    endloop
  endfacet
  facet normal 0 1 -0
    outer loop
      vertex -14.7 39.9 9
      vertex -23.3093 39.9 9.1777
      vertex -14.6907 39.9 9.1777
    endloop
  endfacet
  facet normal 0 1 0
    outer loop
      vertex -14.7 39.9 9
      vertex -23.3 39.9 9
      vertex -23.3093 39.9 9.1777
    endloop
  endfacet
  facet normal 0 1 0
    outer loop
      vertex -14.6907 39.9 8.8223
      vertex -23.3 39.9 9
      vertex -14.7 39.9 9
    endloop
  endfacet
  facet normal 0 1 0
    outer loop
      vertex -14.6907 39.9 8.8223
      vertex -23.3093 39.9 8.8223
      vertex -23.3 39.9 9
    endloop
  endfacet
  facet normal 0 1 0
    outer loop
      vertex -14.6629 39.9 8.64655
      vertex -23.3093 39.9 8.8223
      vertex -14.6907 39.9 8.8223
    endloop
  endfacet
  facet normal 0 1 0
    outer loop
      vertex -14.6629 39.9 8.64655
      vertex -23.3372 39.9 8.64655
      vertex -23.3093 39.9 8.8223
    endloop
  endfacet
  facet normal 0 1 0
    outer loop
      vertex -14.6168 39.9 8.47467
      vertex -23.3372 39.9 8.64655
      vertex -14.6629 39.9 8.64655
    endloop
  endfacet
  facet normal 0 1 0
    outer loop
      vertex -14.6168 39.9 8.47467
      vertex -23.3832 39.9 8.47467
      vertex -23.3372 39.9 8.64655
    endloop
  endfacet
  facet normal 0 1 0
    outer loop
      vertex -14.553 39.9 8.30855
      vertex -23.3832 39.9 8.47467
      vertex -14.6168 39.9 8.47467
    endloop
  endfacet
  facet normal 0 1 0
    outer loop
      vertex -14.553 39.9 8.30855
      vertex -23.447 39.9 8.30855
      vertex -23.3832 39.9 8.47467
    endloop
  endfacet
  facet normal 0 1 0
    outer loop
      vertex -14.4722 39.9 8.15
      vertex -23.447 39.9 8.30855
      vertex -14.553 39.9 8.30855
    endloop
  endfacet
  facet normal 0 1 0
    outer loop
      vertex -14.4722 39.9 8.15
      vertex -23.5278 39.9 8.15
      vertex -23.447 39.9 8.30855
    endloop
  endfacet
  facet normal 0 1 0
    outer loop
      vertex -14.3753 39.9 8.00077
      vertex -23.5278 39.9 8.15
      vertex -14.4722 39.9 8.15
    endloop
  endfacet
  facet normal 0 1 0
    outer loop
      vertex -14.3753 39.9 8.00077
      vertex -23.6247 39.9 8.00077
      vertex -23.5278 39.9 8.15
    endloop
  endfacet
  facet normal 0 1 0
    outer loop
      vertex -14.2633 39.9 7.86248
      vertex -23.6247 39.9 8.00077
      vertex -14.3753 39.9 8.00077
    endloop
  endfacet
  facet normal 0 1 0
    outer loop
      vertex -14.2633 39.9 7.86248
      vertex -23.7367 39.9 7.86248
      vertex -23.6247 39.9 8.00077
    endloop
  endfacet
  facet normal 0 1 0
    outer loop
      vertex -14.1375 39.9 7.73665
      vertex -23.7367 39.9 7.86248
      vertex -14.2633 39.9 7.86248
    endloop
  endfacet
  facet normal 0 1 0
    outer loop
      vertex -14.1375 39.9 7.73665
      vertex -23.8625 39.9 7.73665
      vertex -23.7367 39.9 7.86248
    endloop
  endfacet
  facet normal 0 1 0
    outer loop
      vertex -13.9992 39.9 7.62467
      vertex -23.8625 39.9 7.73665
      vertex -14.1375 39.9 7.73665
    endloop
  endfacet
  facet normal 0 1 0
    outer loop
      vertex -13.9992 39.9 7.62467
      vertex -24.0008 39.9 7.62467
      vertex -23.8625 39.9 7.73665
    endloop
  endfacet
  facet normal 0 1 0
    outer loop
      vertex -13.85 39.9 7.52776
      vertex -24.0008 39.9 7.62467
      vertex -13.9992 39.9 7.62467
    endloop
  endfacet
  facet normal 0 1 0
    outer loop
      vertex -13.85 39.9 7.52776
      vertex -24.15 39.9 7.52776
      vertex -24.0008 39.9 7.62467
    endloop
  endfacet
  facet normal 0 1 0
    outer loop
      vertex -13.6915 39.9 7.44697
      vertex -24.15 39.9 7.52776
      vertex -13.85 39.9 7.52776
    endloop
  endfacet
  facet normal 0 1 0
    outer loop
      vertex -13.6915 39.9 7.44697
      vertex -24.3085 39.9 7.44697
      vertex -24.15 39.9 7.52776
    endloop
  endfacet
  facet normal 0 1 0
    outer loop
      vertex -13.5253 39.9 7.3832
      vertex -24.3085 39.9 7.44697
      vertex -13.6915 39.9 7.44697
    endloop
  endfacet
  facet normal 0 1 0
    outer loop
      vertex -13.5253 39.9 7.3832
      vertex -24.4747 39.9 7.3832
      vertex -24.3085 39.9 7.44697
    endloop
  endfacet
  facet normal 0 1 0
    outer loop
      vertex -13.3534 39.9 7.33715
      vertex -24.4747 39.9 7.3832
      vertex -13.5253 39.9 7.3832
    endloop
  endfacet
  facet normal 0 1 0
    outer loop
      vertex -13.3534 39.9 7.33715
      vertex -24.6465 39.9 7.33715
      vertex -24.4747 39.9 7.3832
    endloop
  endfacet
  facet normal 0 1 0
    outer loop
      vertex -5 39.9 3.49497
      vertex -13.3534 39.9 7.33715
      vertex -13.1777 39.9 7.30931
    endloop
  endfacet
  facet normal 0 1 0
    outer loop
      vertex -13.3534 39.9 7.33715
      vertex -5 39.9 3.49497
      vertex -24.6465 39.9 7.33715
    endloop
  endfacet
  facet normal 0 1 0
    outer loop
      vertex -5 39.9 3.49497
      vertex -13.1777 39.9 7.30931
      vertex -13 39.9 7.3
    endloop
  endfacet
  facet normal 0 1 0
    outer loop
      vertex -33 39.9 3.49497
      vertex -24.6465 39.9 7.33715
      vertex -5 39.9 3.49497
    endloop
  endfacet
  facet normal 0 1 0
    outer loop
      vertex -5 39.9 17.5
      vertex -7.5 39.9 20
      vertex -7.23868 39.9 19.9863
    endloop
  endfacet
  facet normal 0 1 0
    outer loop
      vertex -13.1777 39.9 10.6907
      vertex -7.5 39.9 20
      vertex -13 39.9 10.7
    endloop
  endfacet
  facet normal 0 1 0
    outer loop
      vertex -5 39.9 17.5
      vertex -7.23868 39.9 19.9863
      vertex -6.98022 39.9 19.9454
    endloop
  endfacet
  facet normal 0 1 0
    outer loop
      vertex -13.3534 39.9 10.6629
      vertex -7.5 39.9 20
      vertex -13.1777 39.9 10.6907
    endloop
  endfacet
  facet normal 0 1 0
    outer loop
      vertex -5 39.9 17.5
      vertex -6.98022 39.9 19.9454
      vertex -6.72746 39.9 19.8776
    endloop
  endfacet
  facet normal 0 1 -0
    outer loop
      vertex -25.1777 39.9 10.6907
      vertex -30.5 39.9 20
      vertex -25 39.9 10.7
    endloop
  endfacet
  facet normal 0 1 0
    outer loop
      vertex -5 39.9 17.5
      vertex -6.72746 39.9 19.8776
      vertex -6.48316 39.9 19.7839
    endloop
  endfacet
  facet normal 0 1 -0
    outer loop
      vertex -25.3535 39.9 10.6629
      vertex -30.5 39.9 20
      vertex -25.1777 39.9 10.6907
    endloop
  endfacet
  facet normal 0 1 0
    outer loop
      vertex -5 39.9 17.5
      vertex -6.48316 39.9 19.7839
      vertex -6.25 39.9 19.6651
    endloop
  endfacet
  facet normal 0 1 -0
    outer loop
      vertex -25.5253 39.9 10.6168
      vertex -30.5 39.9 20
      vertex -25.3535 39.9 10.6629
    endloop
  endfacet
  facet normal 0 1 0
    outer loop
      vertex -5 39.9 17.5
      vertex -6.25 39.9 19.6651
      vertex -6.03054 39.9 19.5225
    endloop
  endfacet
  facet normal 0 1 -0
    outer loop
      vertex -25.6915 39.9 10.553
      vertex -30.5 39.9 20
      vertex -25.5253 39.9 10.6168
    endloop
  endfacet
  facet normal 0 1 0
    outer loop
      vertex -5 39.9 17.5
      vertex -6.03054 39.9 19.5225
      vertex -5.82717 39.9 19.3579
    endloop
  endfacet
  facet normal -0 1 0
    outer loop
      vertex -33 39.9 17.5
      vertex -30.5 39.9 20
      vertex -25.6915 39.9 10.553
    endloop
  endfacet
  facet normal 0 1 0
    outer loop
      vertex -5 39.9 17.5
      vertex -5.82717 39.9 19.3579
      vertex -5.64214 39.9 19.1728
    endloop
  endfacet
  facet normal 0 1 0
    outer loop
      vertex -30.5 39.9 20
      vertex -33 39.9 17.5
      vertex -30.7613 39.9 19.9863
    endloop
  endfacet
  facet normal 0 1 0
    outer loop
      vertex -5 39.9 17.5
      vertex -5.64214 39.9 19.1728
      vertex -5.47746 39.9 18.9695
    endloop
  endfacet
  facet normal 0 1 0
    outer loop
      vertex -30.7613 39.9 19.9863
      vertex -33 39.9 17.5
      vertex -31.0198 39.9 19.9454
    endloop
  endfacet
  facet normal 0 1 0
    outer loop
      vertex -5 39.9 17.5
      vertex -5.47746 39.9 18.9695
      vertex -5.33494 39.9 18.75
    endloop
  endfacet
  facet normal 0 1 0
    outer loop
      vertex -31.0198 39.9 19.9454
      vertex -33 39.9 17.5
      vertex -31.2725 39.9 19.8776
    endloop
  endfacet
  facet normal 0 1 0
    outer loop
      vertex -5 39.9 17.5
      vertex -5.33494 39.9 18.75
      vertex -5.21614 39.9 18.5168
    endloop
  endfacet
  facet normal 0 1 0
    outer loop
      vertex -31.5168 39.9 19.7839
      vertex -33 39.9 17.5
      vertex -31.75 39.9 19.6651
    endloop
  endfacet
  facet normal 0 1 0
    outer loop
      vertex -5 39.9 17.5
      vertex -5.21614 39.9 18.5168
      vertex -5.12236 39.9 18.2725
    endloop
  endfacet
  facet normal 0 1 0
    outer loop
      vertex -31.75 39.9 19.6651
      vertex -33 39.9 17.5
      vertex -31.9695 39.9 19.5225
    endloop
  endfacet
  facet normal 0 1 0
    outer loop
      vertex -5 39.9 17.5
      vertex -5.12236 39.9 18.2725
      vertex -5.05463 39.9 18.0198
    endloop
  endfacet
  facet normal 0 1 0
    outer loop
      vertex -31.9695 39.9 19.5225
      vertex -33 39.9 17.5
      vertex -32.1728 39.9 19.3579
    endloop
  endfacet
  facet normal 0 1 0
    outer loop
      vertex -5 39.9 17.5
      vertex -5.05463 39.9 18.0198
      vertex -5.0137 39.9 17.7613
    endloop
  endfacet
  facet normal 0 1 0
    outer loop
      vertex -32.1728 39.9 19.3579
      vertex -33 39.9 17.5
      vertex -32.3579 39.9 19.1728
    endloop
  endfacet
  facet normal 0 1 0
    outer loop
      vertex -7.5 39.9 20
      vertex -5 39.9 17.5
      vertex -12.3085 39.9 10.553
    endloop
  endfacet
  facet normal 0 1 0
    outer loop
      vertex -32.5225 39.9 18.9695
      vertex -33 39.9 17.5
      vertex -32.6651 39.9 18.75
    endloop
  endfacet
  facet normal 0 1 0
    outer loop
      vertex -32.6651 39.9 18.75
      vertex -33 39.9 17.5
      vertex -32.7839 39.9 18.5168
    endloop
  endfacet
  facet normal 0 1 0
    outer loop
      vertex -7.5 39.9 20
      vertex -12.8223 39.9 10.6907
      vertex -13 39.9 10.7
    endloop
  endfacet
  facet normal 0 1 0
    outer loop
      vertex -7.5 39.9 20
      vertex -12.6466 39.9 10.6629
      vertex -12.8223 39.9 10.6907
    endloop
  endfacet
  facet normal 0 1 0
    outer loop
      vertex -7.5 39.9 20
      vertex -12.4747 39.9 10.6168
      vertex -12.6466 39.9 10.6629
    endloop
  endfacet
  facet normal 0 1 0
    outer loop
      vertex -7.5 39.9 20
      vertex -12.3085 39.9 10.553
      vertex -12.4747 39.9 10.6168
    endloop
  endfacet
  facet normal 0 1 0
    outer loop
      vertex -5 39.9 17.5
      vertex -12.15 39.9 10.4722
      vertex -12.3085 39.9 10.553
    endloop
  endfacet
  facet normal 0 1 0
    outer loop
      vertex -5 39.9 17.5
      vertex -12.0008 39.9 10.3753
      vertex -12.15 39.9 10.4722
    endloop
  endfacet
  facet normal 0 1 0
    outer loop
      vertex -5 39.9 17.5
      vertex -11.8625 39.9 10.2633
      vertex -12.0008 39.9 10.3753
    endloop
  endfacet
  facet normal 0 1 0
    outer loop
      vertex -5 39.9 17.5
      vertex -11.7367 39.9 10.1375
      vertex -11.8625 39.9 10.2633
    endloop
  endfacet
  facet normal 0 1 0
    outer loop
      vertex -5 39.9 17.5
      vertex -11.6247 39.9 9.99923
      vertex -11.7367 39.9 10.1375
    endloop
  endfacet
  facet normal 0 1 0
    outer loop
      vertex -5 39.9 17.5
      vertex -11.5278 39.9 9.85
      vertex -11.6247 39.9 9.99923
    endloop
  endfacet
  facet normal 0 1 0
    outer loop
      vertex -5 39.9 17.5
      vertex -11.447 39.9 9.69145
      vertex -11.5278 39.9 9.85
    endloop
  endfacet
  facet normal 0 1 0
    outer loop
      vertex -5 39.9 17.5
      vertex -11.3832 39.9 9.52533
      vertex -11.447 39.9 9.69145
    endloop
  endfacet
  facet normal 0 1 0
    outer loop
      vertex -5 39.9 17.5
      vertex -11.3371 39.9 9.35345
      vertex -11.3832 39.9 9.52533
    endloop
  endfacet
  facet normal 0 1 -0
    outer loop
      vertex -5 39.9 3.49497
      vertex -11.3371 39.9 9.35345
      vertex -5 39.9 17.5
    endloop
  endfacet
  facet normal 0 1 0
    outer loop
      vertex -11.3371 39.9 9.35345
      vertex -5 39.9 3.49497
      vertex -11.3093 39.9 9.1777
    endloop
  endfacet
  facet normal 0 1 0
    outer loop
      vertex -11.3093 39.9 9.1777
      vertex -5 39.9 3.49497
      vertex -11.3 39.9 9
    endloop
  endfacet
  facet normal 0 1 0
    outer loop
      vertex -11.3 39.9 9
      vertex -5 39.9 3.49497
      vertex -11.3093 39.9 8.8223
    endloop
  endfacet
  facet normal 0 1 0
    outer loop
      vertex -11.3093 39.9 8.8223
      vertex -5 39.9 3.49497
      vertex -11.3371 39.9 8.64655
    endloop
  endfacet
  facet normal 0 1 0
    outer loop
      vertex -11.3371 39.9 8.64655
      vertex -5 39.9 3.49497
      vertex -11.3832 39.9 8.47467
    endloop
  endfacet
  facet normal 0 1 0
    outer loop
      vertex -11.3832 39.9 8.47467
      vertex -5 39.9 3.49497
      vertex -11.447 39.9 8.30855
    endloop
  endfacet
  facet normal 0 1 0
    outer loop
      vertex -11.447 39.9 8.30855
      vertex -5 39.9 3.49497
      vertex -11.5278 39.9 8.15
    endloop
  endfacet
  facet normal 0 1 0
    outer loop
      vertex -24.6465 39.9 7.33715
      vertex -33 39.9 3.49497
      vertex -24.8223 39.9 7.30931
    endloop
  endfacet
  facet normal 0 1 0
    outer loop
      vertex -12.8223 39.9 7.30931
      vertex -5 39.9 3.49497
      vertex -13 39.9 7.3
    endloop
  endfacet
  facet normal 0 1 0
    outer loop
      vertex -12.6466 39.9 7.33715
      vertex -5 39.9 3.49497
      vertex -12.8223 39.9 7.30931
    endloop
  endfacet
  facet normal 0 1 0
    outer loop
      vertex -12.4747 39.9 7.3832
      vertex -5 39.9 3.49497
      vertex -12.6466 39.9 7.33715
    endloop
  endfacet
  facet normal 0 1 0
    outer loop
      vertex -12.3085 39.9 7.44697
      vertex -5 39.9 3.49497
      vertex -12.4747 39.9 7.3832
    endloop
  endfacet
  facet normal 0 1 0
    outer loop
      vertex -12.15 39.9 7.52776
      vertex -5 39.9 3.49497
      vertex -12.3085 39.9 7.44697
    endloop
  endfacet
  facet normal 0 1 0
    outer loop
      vertex -12.0008 39.9 7.62467
      vertex -5 39.9 3.49497
      vertex -12.15 39.9 7.52776
    endloop
  endfacet
  facet normal 0 1 0
    outer loop
      vertex -11.8625 39.9 7.73665
      vertex -5 39.9 3.49497
      vertex -12.0008 39.9 7.62467
    endloop
  endfacet
  facet normal 0 1 0
    outer loop
      vertex -11.7367 39.9 7.86248
      vertex -5 39.9 3.49497
      vertex -11.8625 39.9 7.73665
    endloop
  endfacet
  facet normal 0 1 0
    outer loop
      vertex -11.6247 39.9 8.00077
      vertex -5 39.9 3.49497
      vertex -11.7367 39.9 7.86248
    endloop
  endfacet
  facet normal 0 1 0
    outer loop
      vertex -11.5278 39.9 8.15
      vertex -5 39.9 3.49497
      vertex -11.6247 39.9 8.00077
    endloop
  endfacet
  facet normal 0 1 0
    outer loop
      vertex -32.7839 39.9 18.5168
      vertex -33 39.9 17.5
      vertex -32.8776 39.9 18.2725
    endloop
  endfacet
  facet normal 0 1 0
    outer loop
      vertex -32.9454 39.9 18.0198
      vertex -33 39.9 17.5
      vertex -32.9863 39.9 17.7613
    endloop
  endfacet
  facet normal 0 1 0
    outer loop
      vertex -32.8776 39.9 18.2725
      vertex -33 39.9 17.5
      vertex -32.9454 39.9 18.0198
    endloop
  endfacet
  facet normal 0 1 0
    outer loop
      vertex -32.3579 39.9 19.1728
      vertex -33 39.9 17.5
      vertex -32.5225 39.9 18.9695
    endloop
  endfacet
  facet normal 0 1 0
    outer loop
      vertex -31.2725 39.9 19.8776
      vertex -33 39.9 17.5
      vertex -31.5168 39.9 19.7839
    endloop
  endfacet
  facet normal 0 1 -0
    outer loop
      vertex -25.85 39.9 10.4722
      vertex -33 39.9 17.5
      vertex -25.6915 39.9 10.553
    endloop
  endfacet
  facet normal 0 1 -0
    outer loop
      vertex -25.9992 39.9 10.3753
      vertex -33 39.9 17.5
      vertex -25.85 39.9 10.4722
    endloop
  endfacet
  facet normal 0 1 -0
    outer loop
      vertex -26.1375 39.9 10.2633
      vertex -33 39.9 17.5
      vertex -25.9992 39.9 10.3753
    endloop
  endfacet
  facet normal 0 1 -0
    outer loop
      vertex -26.2633 39.9 10.1375
      vertex -33 39.9 17.5
      vertex -26.1375 39.9 10.2633
    endloop
  endfacet
  facet normal 0 1 -0
    outer loop
      vertex -26.3753 39.9 9.99923
      vertex -33 39.9 17.5
      vertex -26.2633 39.9 10.1375
    endloop
  endfacet
  facet normal 0 1 -0
    outer loop
      vertex -26.4722 39.9 9.85
      vertex -33 39.9 17.5
      vertex -26.3753 39.9 9.99923
    endloop
  endfacet
  facet normal 0 1 -0
    outer loop
      vertex -26.553 39.9 9.69145
      vertex -33 39.9 17.5
      vertex -26.4722 39.9 9.85
    endloop
  endfacet
  facet normal 0 1 -0
    outer loop
      vertex -26.6168 39.9 9.52533
      vertex -33 39.9 17.5
      vertex -26.553 39.9 9.69145
    endloop
  endfacet
  facet normal 0 1 -0
    outer loop
      vertex -26.6628 39.9 9.35345
      vertex -33 39.9 17.5
      vertex -26.6168 39.9 9.52533
    endloop
  endfacet
  facet normal 0 1 0
    outer loop
      vertex -33 39.9 3.49497
      vertex -26.6628 39.9 9.35345
      vertex -26.6907 39.9 9.1777
    endloop
  endfacet
  facet normal 0 1 0
    outer loop
      vertex -33 39.9 3.49497
      vertex -26.6907 39.9 9.1777
      vertex -26.7 39.9 9
    endloop
  endfacet
  facet normal 0 1 0
    outer loop
      vertex -33 39.9 3.49497
      vertex -26.7 39.9 9
      vertex -26.6907 39.9 8.8223
    endloop
  endfacet
  facet normal 0 1 0
    outer loop
      vertex -33 39.9 3.49497
      vertex -26.6907 39.9 8.8223
      vertex -26.6628 39.9 8.64655
    endloop
  endfacet
  facet normal 0 1 0
    outer loop
      vertex -33 39.9 3.49497
      vertex -26.6628 39.9 8.64655
      vertex -26.6168 39.9 8.47467
    endloop
  endfacet
  facet normal 0 1 0
    outer loop
      vertex -33 39.9 3.49497
      vertex -26.6168 39.9 8.47467
      vertex -26.553 39.9 8.30855
    endloop
  endfacet
  facet normal 0 1 0
    outer loop
      vertex -33 39.9 3.49497
      vertex -26.553 39.9 8.30855
      vertex -26.4722 39.9 8.15
    endloop
  endfacet
  facet normal 0 1 0
    outer loop
      vertex -33 39.9 3.49497
      vertex -26.4722 39.9 8.15
      vertex -26.3753 39.9 8.00077
    endloop
  endfacet
  facet normal 0 1 0
    outer loop
      vertex -24.8223 39.9 7.30931
      vertex -33 39.9 3.49497
      vertex -25 39.9 7.3
    endloop
  endfacet
  facet normal 0 1 0
    outer loop
      vertex -25 39.9 7.3
      vertex -33 39.9 3.49497
      vertex -25.1777 39.9 7.30931
    endloop
  endfacet
  facet normal 0 1 0
    outer loop
      vertex -26.6628 39.9 9.35345
      vertex -33 39.9 3.49497
      vertex -33 39.9 17.5
    endloop
  endfacet
  facet normal 0 1 0
    outer loop
      vertex -26.2633 39.9 7.86248
      vertex -33 39.9 3.49497
      vertex -26.3753 39.9 8.00077
    endloop
  endfacet
  facet normal 0 1 0
    outer loop
      vertex -26.1375 39.9 7.73665
      vertex -33 39.9 3.49497
      vertex -26.2633 39.9 7.86248
    endloop
  endfacet
  facet normal 0 1 0
    outer loop
      vertex -25.9992 39.9 7.62467
      vertex -33 39.9 3.49497
      vertex -26.1375 39.9 7.73665
    endloop
  endfacet
  facet normal 0 1 0
    outer loop
      vertex -25.85 39.9 7.52776
      vertex -33 39.9 3.49497
      vertex -25.9992 39.9 7.62467
    endloop
  endfacet
  facet normal 0 1 0
    outer loop
      vertex -25.6915 39.9 7.44697
      vertex -33 39.9 3.49497
      vertex -25.85 39.9 7.52776
    endloop
  endfacet
  facet normal 0 1 0
    outer loop
      vertex -25.5253 39.9 7.3832
      vertex -33 39.9 3.49497
      vertex -25.6915 39.9 7.44697
    endloop
  endfacet
  facet normal 0 1 0
    outer loop
      vertex -25.3535 39.9 7.33715
      vertex -33 39.9 3.49497
      vertex -25.5253 39.9 7.3832
    endloop
  endfacet
  facet normal 0 1 0
    outer loop
      vertex -25.1777 39.9 7.30931
      vertex -33 39.9 3.49497
      vertex -25.3535 39.9 7.33715
    endloop
  endfacet
  facet normal 0.998628 -0 0.0523582
    outer loop
      vertex -5.0137 36.9 17.7613
      vertex -5 39.9 17.5
      vertex -5.0137 39.9 17.7613
    endloop
  endfacet
  facet normal 0.998628 0 0.0523582
    outer loop
      vertex -5 39.9 17.5
      vertex -5.0137 36.9 17.7613
      vertex -5 36.9 17.5
    endloop
  endfacet
  facet normal 0.70724 -0 0.706973
    outer loop
      vertex -5.82717 36.9 19.3579
      vertex -5.64214 39.9 19.1728
      vertex -5.82717 39.9 19.3579
    endloop
  endfacet
  facet normal 0.70724 0 0.706973
    outer loop
      vertex -5.64214 39.9 19.1728
      vertex -5.82717 36.9 19.3579
      vertex -5.64214 36.9 19.1728
    endloop
  endfacet
  facet normal 0.987696 -0 0.156388
    outer loop
      vertex -5.05463 36.9 18.0198
      vertex -5.0137 39.9 17.7613
      vertex -5.05463 39.9 18.0198
    endloop
  endfacet
  facet normal 0.987696 0 0.156388
    outer loop
      vertex -5.0137 39.9 17.7613
      vertex -5.05463 36.9 18.0198
      vertex -5.0137 36.9 17.7613
    endloop
  endfacet
  facet normal 0.838714 -0 0.544572
    outer loop
      vertex -5.47746 36.9 18.9695
      vertex -5.33494 39.9 18.75
      vertex -5.47746 39.9 18.9695
    endloop
  endfacet
  facet normal 0.838714 0 0.544572
    outer loop
      vertex -5.33494 39.9 18.75
      vertex -5.47746 36.9 18.9695
      vertex -5.33494 36.9 18.75
    endloop
  endfacet
  facet normal 0.933578 -0 0.358375
    outer loop
      vertex -5.21614 36.9 18.5168
      vertex -5.12236 39.9 18.2725
      vertex -5.21614 39.9 18.5168
    endloop
  endfacet
  facet normal 0.933578 0 0.358375
    outer loop
      vertex -5.12236 39.9 18.2725
      vertex -5.21614 36.9 18.5168
      vertex -5.12236 36.9 18.2725
    endloop
  endfacet
  facet normal 0.891039 -0 0.453926
    outer loop
      vertex -5.33494 36.9 18.75
      vertex -5.21614 39.9 18.5168
      vertex -5.33494 39.9 18.75
    endloop
  endfacet
  facet normal 0.891039 0 0.453926
    outer loop
      vertex -5.21614 39.9 18.5168
      vertex -5.33494 36.9 18.75
      vertex -5.21614 36.9 18.5168
    endloop
  endfacet
  facet normal 0.965907 -0 0.258888
    outer loop
      vertex -5.12236 36.9 18.2725
      vertex -5.05463 39.9 18.0198
      vertex -5.12236 39.9 18.2725
    endloop
  endfacet
  facet normal 0.965907 0 0.258888
    outer loop
      vertex -5.05463 39.9 18.0198
      vertex -5.12236 36.9 18.2725
      vertex -5.05463 36.9 18.0198
    endloop
  endfacet
  facet normal 0.453988 0 0.891008
    outer loop
      vertex -6.48316 39.9 19.7839
      vertex -6.25 36.9 19.6651
      vertex -6.25 39.9 19.6651
    endloop
  endfacet
  facet normal 0.453988 0 0.891008
    outer loop
      vertex -6.25 36.9 19.6651
      vertex -6.48316 39.9 19.7839
      vertex -6.48316 36.9 19.7839
    endloop
  endfacet
  facet normal 0.544857 0 0.838529
    outer loop
      vertex -6.25 39.9 19.6651
      vertex -6.03054 36.9 19.5225
      vertex -6.03054 39.9 19.5225
    endloop
  endfacet
  facet normal 0.544857 0 0.838529
    outer loop
      vertex -6.03054 36.9 19.5225
      vertex -6.25 39.9 19.6651
      vertex -6.25 36.9 19.6651
    endloop
  endfacet
  facet normal 0.777051 -0 0.629438
    outer loop
      vertex -5.64214 36.9 19.1728
      vertex -5.47746 39.9 18.9695
      vertex -5.64214 39.9 19.1728
    endloop
  endfacet
  facet normal 0.777051 0 0.629438
    outer loop
      vertex -5.47746 39.9 18.9695
      vertex -5.64214 36.9 19.1728
      vertex -5.47746 36.9 18.9695
    endloop
  endfacet
  facet normal -0 0 1
    outer loop
      vertex -30.5 39.9 20
      vertex -7.5 36.9 20
      vertex -7.5 39.9 20
    endloop
  endfacet
  facet normal 0 0 1
    outer loop
      vertex -7.5 36.9 20
      vertex -30.5 39.9 20
      vertex -30.5 36.9 20
    endloop
  endfacet
  facet normal -0.156277 0 0.987713
    outer loop
      vertex -31.0198 39.9 19.9454
      vertex -30.7613 36.9 19.9863
      vertex -30.7613 39.9 19.9863
    endloop
  endfacet
  facet normal -0.156277 0 0.987713
    outer loop
      vertex -30.7613 36.9 19.9863
      vertex -31.0198 39.9 19.9454
      vertex -31.0198 36.9 19.9454
    endloop
  endfacet
  facet normal 0.0523542 0 0.998629
    outer loop
      vertex -7.5 39.9 20
      vertex -7.23868 36.9 19.9863
      vertex -7.23868 39.9 19.9863
    endloop
  endfacet
  facet normal 0.0523542 0 0.998629
    outer loop
      vertex -7.23868 36.9 19.9863
      vertex -7.5 39.9 20
      vertex -7.5 36.9 20
    endloop
  endfacet
  facet normal 0.629122 0 0.777306
    outer loop
      vertex -6.03054 39.9 19.5225
      vertex -5.82717 36.9 19.3579
      vertex -5.82717 39.9 19.3579
    endloop
  endfacet
  facet normal 0.629122 0 0.777306
    outer loop
      vertex -5.82717 36.9 19.3579
      vertex -6.03054 39.9 19.5225
      vertex -6.03054 36.9 19.5225
    endloop
  endfacet
  facet normal -0.998628 0 0.0523582
    outer loop
      vertex -33 36.9 17.5
      vertex -32.9863 39.9 17.7613
      vertex -33 39.9 17.5
    endloop
  endfacet
  facet normal -0.998628 0 0.0523582
    outer loop
      vertex -32.9863 39.9 17.7613
      vertex -33 36.9 17.5
      vertex -32.9863 36.9 17.7613
    endloop
  endfacet
  facet normal -0.838575 0 0.544787
    outer loop
      vertex -32.6651 36.9 18.75
      vertex -32.5225 39.9 18.9695
      vertex -32.6651 39.9 18.75
    endloop
  endfacet
  facet normal -0.838575 0 0.544787
    outer loop
      vertex -32.5225 39.9 18.9695
      vertex -32.6651 36.9 18.75
      vertex -32.5225 36.9 18.9695
    endloop
  endfacet
  facet normal -0.544787 0 0.838575
    outer loop
      vertex -31.9695 39.9 19.5225
      vertex -31.75 36.9 19.6651
      vertex -31.75 39.9 19.6651
    endloop
  endfacet
  facet normal -0.544787 0 0.838575
    outer loop
      vertex -31.75 36.9 19.6651
      vertex -31.9695 39.9 19.5225
      vertex -31.9695 36.9 19.5225
    endloop
  endfacet
  facet normal -0.259137 0 0.965841
    outer loop
      vertex -31.2725 39.9 19.8776
      vertex -31.0198 36.9 19.9454
      vertex -31.0198 39.9 19.9454
    endloop
  endfacet
  facet normal -0.259137 0 0.965841
    outer loop
      vertex -31.0198 36.9 19.9454
      vertex -31.2725 39.9 19.8776
      vertex -31.2725 36.9 19.8776
    endloop
  endfacet
  facet normal 0.1563 0 0.98771
    outer loop
      vertex -7.23868 39.9 19.9863
      vertex -6.98022 36.9 19.9454
      vertex -6.98022 39.9 19.9454
    endloop
  endfacet
  facet normal 0.1563 0 0.98771
    outer loop
      vertex -6.98022 36.9 19.9454
      vertex -7.23868 39.9 19.9863
      vertex -7.23868 36.9 19.9863
    endloop
  endfacet
  facet normal -0.707107 0 0.707107
    outer loop
      vertex -32.3579 36.9 19.1728
      vertex -32.1728 39.9 19.3579
      vertex -32.3579 39.9 19.1728
    endloop
  endfacet
  facet normal -0.707107 0 0.707107
    outer loop
      vertex -32.1728 39.9 19.3579
      vertex -32.3579 36.9 19.1728
      vertex -32.1728 36.9 19.3579
    endloop
  endfacet
  facet normal -0.965841 0 0.259137
    outer loop
      vertex -32.9454 36.9 18.0198
      vertex -32.8776 39.9 18.2725
      vertex -32.9454 39.9 18.0198
    endloop
  endfacet
  facet normal -0.965841 0 0.259137
    outer loop
      vertex -32.8776 39.9 18.2725
      vertex -32.9454 36.9 18.0198
      vertex -32.8776 36.9 18.2725
    endloop
  endfacet
  facet normal -0.987713 0 0.156277
    outer loop
      vertex -32.9863 36.9 17.7613
      vertex -32.9454 39.9 18.0198
      vertex -32.9863 39.9 17.7613
    endloop
  endfacet
  facet normal -0.987713 0 0.156277
    outer loop
      vertex -32.9454 39.9 18.0198
      vertex -32.9863 36.9 17.7613
      vertex -32.9454 36.9 18.0198
    endloop
  endfacet
  facet normal -0.93368 0 0.358108
    outer loop
      vertex -32.8776 36.9 18.2725
      vertex -32.7839 39.9 18.5168
      vertex -32.8776 39.9 18.2725
    endloop
  endfacet
  facet normal -0.93368 0 0.358108
    outer loop
      vertex -32.7839 39.9 18.5168
      vertex -32.8776 36.9 18.2725
      vertex -32.7839 36.9 18.5168
    endloop
  endfacet
  facet normal -0.629253 0 0.7772
    outer loop
      vertex -32.1728 39.9 19.3579
      vertex -31.9695 36.9 19.5225
      vertex -31.9695 39.9 19.5225
    endloop
  endfacet
  facet normal -0.629253 0 0.7772
    outer loop
      vertex -31.9695 36.9 19.5225
      vertex -32.1728 39.9 19.3579
      vertex -32.1728 36.9 19.3579
    endloop
  endfacet
  facet normal -0.0523582 0 0.998628
    outer loop
      vertex -30.7613 39.9 19.9863
      vertex -30.5 36.9 20
      vertex -30.5 39.9 20
    endloop
  endfacet
  facet normal -0.0523582 0 0.998628
    outer loop
      vertex -30.5 36.9 20
      vertex -30.7613 39.9 19.9863
      vertex -30.7613 36.9 19.9863
    endloop
  endfacet
  facet normal -0.453926 0 0.891039
    outer loop
      vertex -31.75 39.9 19.6651
      vertex -31.5168 36.9 19.7839
      vertex -31.5168 39.9 19.7839
    endloop
  endfacet
  facet normal -0.453926 0 0.891039
    outer loop
      vertex -31.5168 36.9 19.7839
      vertex -31.75 39.9 19.6651
      vertex -31.75 36.9 19.6651
    endloop
  endfacet
  facet normal -0.358108 0 0.93368
    outer loop
      vertex -31.5168 39.9 19.7839
      vertex -31.2725 36.9 19.8776
      vertex -31.2725 39.9 19.8776
    endloop
  endfacet
  facet normal -0.358108 0 0.93368
    outer loop
      vertex -31.2725 36.9 19.8776
      vertex -31.5168 39.9 19.7839
      vertex -31.5168 36.9 19.7839
    endloop
  endfacet
  facet normal -0.891039 0 0.453926
    outer loop
      vertex -32.7839 36.9 18.5168
      vertex -32.6651 39.9 18.75
      vertex -32.7839 39.9 18.5168
    endloop
  endfacet
  facet normal -0.891039 0 0.453926
    outer loop
      vertex -32.6651 39.9 18.75
      vertex -32.7839 36.9 18.5168
      vertex -32.6651 36.9 18.75
    endloop
  endfacet
  facet normal -0.7772 0 0.629253
    outer loop
      vertex -32.5225 36.9 18.9695
      vertex -32.3579 39.9 19.1728
      vertex -32.5225 39.9 18.9695
    endloop
  endfacet
  facet normal -0.7772 0 0.629253
    outer loop
      vertex -32.3579 39.9 19.1728
      vertex -32.5225 36.9 18.9695
      vertex -32.3579 36.9 19.1728
    endloop
  endfacet
  facet normal 0.358108 0 0.93368
    outer loop
      vertex -6.72746 39.9 19.8776
      vertex -6.48316 36.9 19.7839
      vertex -6.48316 39.9 19.7839
    endloop
  endfacet
  facet normal 0.358108 0 0.93368
    outer loop
      vertex -6.48316 36.9 19.7839
      vertex -6.72746 39.9 19.8776
      vertex -6.72746 36.9 19.8776
    endloop
  endfacet
  facet normal 0.25908 0 0.965856
    outer loop
      vertex -6.98022 39.9 19.9454
      vertex -6.72746 36.9 19.8776
      vertex -6.72746 39.9 19.8776
    endloop
  endfacet
  facet normal 0.25908 0 0.965856
    outer loop
      vertex -6.72746 36.9 19.8776
      vertex -6.98022 39.9 19.9454
      vertex -6.98022 36.9 19.9454
    endloop
  endfacet
  facet normal 0.0523542 -0 0.998629
    outer loop
      vertex -7.5 59.7899 12.5
      vertex -7.23868 61.8 12.4863
      vertex -7.5 61.8 12.5
    endloop
  endfacet
  facet normal 0.0523542 0 0.998629
    outer loop
      vertex -7.23868 61.8 12.4863
      vertex -7.5 59.7899 12.5
      vertex -7.23868 59.7763 12.4863
    endloop
  endfacet
  facet normal 0.544857 -0 0.838529
    outer loop
      vertex -6.25 59.455 12.1651
      vertex -6.03054 61.8 12.0225
      vertex -6.25 61.8 12.1651
    endloop
  endfacet
  facet normal 0.544857 0 0.838529
    outer loop
      vertex -6.03054 61.8 12.0225
      vertex -6.25 59.455 12.1651
      vertex -6.03054 59.3125 12.0225
    endloop
  endfacet
  facet normal 0.25908 -0 0.965856
    outer loop
      vertex -6.98022 59.7353 12.4454
      vertex -6.72746 61.8 12.3776
      vertex -6.98022 61.8 12.4454
    endloop
  endfacet
  facet normal 0.25908 0 0.965856
    outer loop
      vertex -6.72746 61.8 12.3776
      vertex -6.98022 59.7353 12.4454
      vertex -6.72746 59.6676 12.3776
    endloop
  endfacet
  facet normal 0.453988 -0 0.891008
    outer loop
      vertex -6.48316 59.5738 12.2839
      vertex -6.25 61.8 12.1651
      vertex -6.48316 61.8 12.2839
    endloop
  endfacet
  facet normal 0.453988 0 0.891008
    outer loop
      vertex -6.25 61.8 12.1651
      vertex -6.48316 59.5738 12.2839
      vertex -6.25 59.455 12.1651
    endloop
  endfacet
  facet normal 0.777051 -0 0.629438
    outer loop
      vertex -5.64214 58.9628 11.6728
      vertex -5.47746 61.8 11.4695
      vertex -5.64214 61.8 11.6728
    endloop
  endfacet
  facet normal 0.776547 -0.00128353 0.630058
    outer loop
      vertex -5.47746 58.8 11.4695
      vertex -5.64214 58.9628 11.6728
      vertex -5.51032 58.8 11.51
    endloop
  endfacet
  facet normal 0.777051 0 0.629438
    outer loop
      vertex -5.64214 58.9628 11.6728
      vertex -5.47746 58.8 11.4695
      vertex -5.47746 61.8 11.4695
    endloop
  endfacet
  facet normal -0.156277 0 0.987713
    outer loop
      vertex -31.0198 61.8 12.4454
      vertex -30.7613 59.7763 12.4863
      vertex -30.7613 61.8 12.4863
    endloop
  endfacet
  facet normal -0.156277 0 0.987713
    outer loop
      vertex -30.7613 59.7763 12.4863
      vertex -31.0198 61.8 12.4454
      vertex -31.0198 59.7353 12.4454
    endloop
  endfacet
  facet normal 0.1563 -0 0.98771
    outer loop
      vertex -7.23868 59.7763 12.4863
      vertex -6.98022 61.8 12.4454
      vertex -7.23868 61.8 12.4863
    endloop
  endfacet
  facet normal 0.1563 0 0.98771
    outer loop
      vertex -6.98022 61.8 12.4454
      vertex -7.23868 59.7763 12.4863
      vertex -6.98022 59.7353 12.4454
    endloop
  endfacet
  facet normal 0.70724 -0 0.706973
    outer loop
      vertex -5.82717 59.1478 11.8579
      vertex -5.64214 61.8 11.6728
      vertex -5.82717 61.8 11.8579
    endloop
  endfacet
  facet normal 0.70724 0 0.706973
    outer loop
      vertex -5.64214 61.8 11.6728
      vertex -5.82717 59.1478 11.8579
      vertex -5.64214 58.9628 11.6728
    endloop
  endfacet
  facet normal 0 -1 0
    outer loop
      vertex -32.6651 58.8 11.25
      vertex -32.4897 58.8 11.51
      vertex -32.5225 58.8 11.4695
    endloop
  endfacet
  facet normal 0 -1 -0
    outer loop
      vertex -32.4897 58.8 11.51
      vertex -33 58.8 3.49497
      vertex -5.51032 58.8 11.51
    endloop
  endfacet
  facet normal 0 -1 0
    outer loop
      vertex -32.4897 58.8 11.51
      vertex -32.6651 58.8 11.25
      vertex -33 58.8 10
    endloop
  endfacet
  facet normal 0 -1 0
    outer loop
      vertex -32.4897 58.8 11.51
      vertex -33 58.8 10
      vertex -33 58.8 3.49497
    endloop
  endfacet
  facet normal 0 -1 0
    outer loop
      vertex -33 58.8 10
      vertex -32.6651 58.8 11.25
      vertex -32.7839 58.8 11.0168
    endloop
  endfacet
  facet normal 0 -1 0
    outer loop
      vertex -5 58.8 3.49497
      vertex -5.51032 58.8 11.51
      vertex -33 58.8 3.49497
    endloop
  endfacet
  facet normal 0 -1 0
    outer loop
      vertex -33 58.8 10
      vertex -32.7839 58.8 11.0168
      vertex -32.8776 58.8 10.7725
    endloop
  endfacet
  facet normal 0 -1 0
    outer loop
      vertex -5.51032 58.8 11.51
      vertex -5.33494 58.8 11.25
      vertex -5.47746 58.8 11.4695
    endloop
  endfacet
  facet normal 0 -1 0
    outer loop
      vertex -33 58.8 10
      vertex -32.8776 58.8 10.7725
      vertex -32.9454 58.8 10.5198
    endloop
  endfacet
  facet normal 0 -1 0
    outer loop
      vertex -5.33494 58.8 11.25
      vertex -5 58.8 10
      vertex -5.21614 58.8 11.0168
    endloop
  endfacet
  facet normal 0 -1 0
    outer loop
      vertex -33 58.8 10
      vertex -32.9454 58.8 10.5198
      vertex -32.9863 58.8 10.2613
    endloop
  endfacet
  facet normal 0 -1 0
    outer loop
      vertex -5.21614 58.8 11.0168
      vertex -5 58.8 10
      vertex -5.12236 58.8 10.7725
    endloop
  endfacet
  facet normal 0 -1 0
    outer loop
      vertex -5.12236 58.8 10.7725
      vertex -5 58.8 10
      vertex -5.05463 58.8 10.5198
    endloop
  endfacet
  facet normal 0 -1 0
    outer loop
      vertex -5.05463 58.8 10.5198
      vertex -5 58.8 10
      vertex -5.0137 58.8 10.2613
    endloop
  endfacet
  facet normal -0 -1 -0
    outer loop
      vertex -5 58.8 10
      vertex -5.51032 58.8 11.51
      vertex -5 58.8 3.49497
    endloop
  endfacet
  facet normal -0 -1 -0
    outer loop
      vertex -5.33494 58.8 11.25
      vertex -5.51032 58.8 11.51
      vertex -5 58.8 10
    endloop
  endfacet
  facet normal 0.998628 -0 0.0523582
    outer loop
      vertex -5.0137 58.8 10.2613
      vertex -5 61.8 10
      vertex -5.0137 61.8 10.2613
    endloop
  endfacet
  facet normal 0.998628 0 0.0523582
    outer loop
      vertex -5 61.8 10
      vertex -5.0137 58.8 10.2613
      vertex -5 58.8 10
    endloop
  endfacet
  facet normal 0.358108 -0 0.93368
    outer loop
      vertex -6.72746 59.6676 12.3776
      vertex -6.48316 61.8 12.2839
      vertex -6.72746 61.8 12.3776
    endloop
  endfacet
  facet normal 0.358108 0 0.93368
    outer loop
      vertex -6.48316 61.8 12.2839
      vertex -6.72746 59.6676 12.3776
      vertex -6.48316 59.5738 12.2839
    endloop
  endfacet
  facet normal 0.629122 -0 0.777306
    outer loop
      vertex -6.03054 59.3125 12.0225
      vertex -5.82717 61.8 11.8579
      vertex -6.03054 61.8 12.0225
    endloop
  endfacet
  facet normal 0.629122 0 0.777306
    outer loop
      vertex -5.82717 61.8 11.8579
      vertex -6.03054 59.3125 12.0225
      vertex -5.82717 59.1478 11.8579
    endloop
  endfacet
  facet normal 0.891039 -0 0.453926
    outer loop
      vertex -5.33494 58.8 11.25
      vertex -5.21614 61.8 11.0168
      vertex -5.33494 61.8 11.25
    endloop
  endfacet
  facet normal 0.891039 0 0.453926
    outer loop
      vertex -5.21614 61.8 11.0168
      vertex -5.33494 58.8 11.25
      vertex -5.21614 58.8 11.0168
    endloop
  endfacet
  facet normal -0 0 1
    outer loop
      vertex -30.5 61.8 12.5
      vertex -7.5 59.7899 12.5
      vertex -7.5 61.8 12.5
    endloop
  endfacet
  facet normal 0 0 1
    outer loop
      vertex -7.5 59.7899 12.5
      vertex -30.5 61.8 12.5
      vertex -30.5 59.7899 12.5
    endloop
  endfacet
  facet normal 0.933578 -0 0.358375
    outer loop
      vertex -5.21614 58.8 11.0168
      vertex -5.12236 61.8 10.7725
      vertex -5.21614 61.8 11.0168
    endloop
  endfacet
  facet normal 0.933578 0 0.358375
    outer loop
      vertex -5.12236 61.8 10.7725
      vertex -5.21614 58.8 11.0168
      vertex -5.12236 58.8 10.7725
    endloop
  endfacet
  facet normal 0.987696 -0 0.156388
    outer loop
      vertex -5.05463 58.8 10.5198
      vertex -5.0137 61.8 10.2613
      vertex -5.05463 61.8 10.5198
    endloop
  endfacet
  facet normal 0.987696 0 0.156388
    outer loop
      vertex -5.0137 61.8 10.2613
      vertex -5.05463 58.8 10.5198
      vertex -5.0137 58.8 10.2613
    endloop
  endfacet
  facet normal 0.838714 -0 0.544572
    outer loop
      vertex -5.47746 58.8 11.4695
      vertex -5.33494 61.8 11.25
      vertex -5.47746 61.8 11.4695
    endloop
  endfacet
  facet normal 0.838714 0 0.544572
    outer loop
      vertex -5.33494 61.8 11.25
      vertex -5.47746 58.8 11.4695
      vertex -5.33494 58.8 11.25
    endloop
  endfacet
  facet normal -0.358108 0 0.93368
    outer loop
      vertex -31.5168 61.8 12.2839
      vertex -31.2725 59.6676 12.3776
      vertex -31.2725 61.8 12.3776
    endloop
  endfacet
  facet normal -0.358108 0 0.93368
    outer loop
      vertex -31.2725 59.6676 12.3776
      vertex -31.5168 61.8 12.2839
      vertex -31.5168 59.5738 12.2839
    endloop
  endfacet
  facet normal -0.0523582 0 0.998628
    outer loop
      vertex -30.7613 61.8 12.4863
      vertex -30.5 59.7899 12.5
      vertex -30.5 61.8 12.5
    endloop
  endfacet
  facet normal -0.0523582 0 0.998628
    outer loop
      vertex -30.5 59.7899 12.5
      vertex -30.7613 61.8 12.4863
      vertex -30.7613 59.7763 12.4863
    endloop
  endfacet
  facet normal -0.93368 0 0.358108
    outer loop
      vertex -32.8776 58.8 10.7725
      vertex -32.7839 61.8 11.0168
      vertex -32.8776 61.8 10.7725
    endloop
  endfacet
  facet normal -0.93368 0 0.358108
    outer loop
      vertex -32.7839 61.8 11.0168
      vertex -32.8776 58.8 10.7725
      vertex -32.7839 58.8 11.0168
    endloop
  endfacet
  facet normal -0.998628 0 0.0523582
    outer loop
      vertex -33 58.8 10
      vertex -32.9863 61.8 10.2613
      vertex -33 61.8 10
    endloop
  endfacet
  facet normal -0.998628 0 0.0523582
    outer loop
      vertex -32.9863 61.8 10.2613
      vertex -33 58.8 10
      vertex -32.9863 58.8 10.2613
    endloop
  endfacet
  facet normal 0.965907 -0 0.258888
    outer loop
      vertex -5.12236 58.8 10.7725
      vertex -5.05463 61.8 10.5198
      vertex -5.12236 61.8 10.7725
    endloop
  endfacet
  facet normal 0.965907 0 0.258888
    outer loop
      vertex -5.05463 61.8 10.5198
      vertex -5.12236 58.8 10.7725
      vertex -5.05463 58.8 10.5198
    endloop
  endfacet
  facet normal -0.259137 0 0.965841
    outer loop
      vertex -31.2725 61.8 12.3776
      vertex -31.0198 59.7353 12.4454
      vertex -31.0198 61.8 12.4454
    endloop
  endfacet
  facet normal -0.259137 0 0.965841
    outer loop
      vertex -31.0198 59.7353 12.4454
      vertex -31.2725 61.8 12.3776
      vertex -31.2725 59.6676 12.3776
    endloop
  endfacet
  facet normal -0.987713 0 0.156277
    outer loop
      vertex -32.9863 58.8 10.2613
      vertex -32.9454 61.8 10.5198
      vertex -32.9863 61.8 10.2613
    endloop
  endfacet
  facet normal -0.987713 0 0.156277
    outer loop
      vertex -32.9454 61.8 10.5198
      vertex -32.9863 58.8 10.2613
      vertex -32.9454 58.8 10.5198
    endloop
  endfacet
  facet normal -0.838575 0 0.544787
    outer loop
      vertex -32.6651 58.8 11.25
      vertex -32.5225 61.8 11.4695
      vertex -32.6651 61.8 11.25
    endloop
  endfacet
  facet normal -0.838575 0 0.544787
    outer loop
      vertex -32.5225 61.8 11.4695
      vertex -32.6651 58.8 11.25
      vertex -32.5225 58.8 11.4695
    endloop
  endfacet
  facet normal -0.544787 0 0.838575
    outer loop
      vertex -31.9695 61.8 12.0225
      vertex -31.75 59.455 12.1651
      vertex -31.75 61.8 12.1651
    endloop
  endfacet
  facet normal -0.544787 0 0.838575
    outer loop
      vertex -31.75 59.455 12.1651
      vertex -31.9695 61.8 12.0225
      vertex -31.9695 59.3125 12.0225
    endloop
  endfacet
  facet normal -0.965841 0 0.259137
    outer loop
      vertex -32.9454 58.8 10.5198
      vertex -32.8776 61.8 10.7725
      vertex -32.9454 61.8 10.5198
    endloop
  endfacet
  facet normal -0.965841 0 0.259137
    outer loop
      vertex -32.8776 61.8 10.7725
      vertex -32.9454 58.8 10.5198
      vertex -32.8776 58.8 10.7725
    endloop
  endfacet
  facet normal -0.453926 0 0.891039
    outer loop
      vertex -31.75 61.8 12.1651
      vertex -31.5168 59.5738 12.2839
      vertex -31.5168 61.8 12.2839
    endloop
  endfacet
  facet normal -0.453926 0 0.891039
    outer loop
      vertex -31.5168 59.5738 12.2839
      vertex -31.75 61.8 12.1651
      vertex -31.75 59.455 12.1651
    endloop
  endfacet
  facet normal -0.629253 0 0.7772
    outer loop
      vertex -32.1728 61.8 11.8579
      vertex -31.9695 59.3125 12.0225
      vertex -31.9695 61.8 12.0225
    endloop
  endfacet
  facet normal -0.629253 0 0.7772
    outer loop
      vertex -31.9695 59.3125 12.0225
      vertex -32.1728 61.8 11.8579
      vertex -32.1728 59.1478 11.8579
    endloop
  endfacet
  facet normal -0.7772 0 0.629253
    outer loop
      vertex -32.5225 61.8 11.4695
      vertex -32.3579 58.9628 11.6728
      vertex -32.3579 61.8 11.6728
    endloop
  endfacet
  facet normal -0.7772 0 0.629253
    outer loop
      vertex -32.5225 58.8 11.4695
      vertex -32.3579 58.9628 11.6728
      vertex -32.5225 61.8 11.4695
    endloop
  endfacet
  facet normal -0.777111 -0.000228652 0.629364
    outer loop
      vertex -32.3579 58.9628 11.6728
      vertex -32.5225 58.8 11.4695
      vertex -32.4897 58.8 11.51
    endloop
  endfacet
  facet normal -0.707107 0 0.707107
    outer loop
      vertex -32.3579 61.8 11.6728
      vertex -32.1728 59.1478 11.8579
      vertex -32.1728 61.8 11.8579
    endloop
  endfacet
  facet normal -0.707107 0 0.707107
    outer loop
      vertex -32.1728 59.1478 11.8579
      vertex -32.3579 61.8 11.6728
      vertex -32.3579 58.9628 11.6728
    endloop
  endfacet
  facet normal -0.891039 0 0.453926
    outer loop
      vertex -32.7839 58.8 11.0168
      vertex -32.6651 61.8 11.25
      vertex -32.7839 61.8 11.0168
    endloop
  endfacet
  facet normal -0.891039 0 0.453926
    outer loop
      vertex -32.6651 61.8 11.25
      vertex -32.7839 58.8 11.0168
      vertex -32.6651 58.8 11.25
    endloop
  endfacet
  facet normal -0.890973 0 0.454056
    outer loop
      vertex -23.5278 38.7 8.15
      vertex -23.447 39.9 8.30855
      vertex -23.5278 39.9 8.15
    endloop
  endfacet
  facet normal -0.890973 0 0.454056
    outer loop
      vertex -23.447 39.9 8.30855
      vertex -23.5278 38.7 8.15
      vertex -23.447 38.7 8.30855
    endloop
  endfacet
  facet normal -0.35823 0 0.933633
    outer loop
      vertex -24.4747 39.9 7.3832
      vertex -24.3085 38.7 7.44697
      vertex -24.3085 39.9 7.44697
    endloop
  endfacet
  facet normal -0.35823 0 0.933633
    outer loop
      vertex -24.3085 38.7 7.44697
      vertex -24.4747 39.9 7.3832
      vertex -24.4747 38.7 7.3832
    endloop
  endfacet
  facet normal 0.35823 0 0.933633
    outer loop
      vertex -25.6915 39.9 7.44697
      vertex -25.5253 38.7 7.3832
      vertex -25.5253 39.9 7.3832
    endloop
  endfacet
  facet normal 0.35823 0 0.933633
    outer loop
      vertex -25.5253 38.7 7.3832
      vertex -25.6915 39.9 7.44697
      vertex -25.6915 38.7 7.44697
    endloop
  endfacet
  facet normal 0.890973 -0 0.454056
    outer loop
      vertex -26.553 38.7 8.30855
      vertex -26.4722 39.9 8.15
      vertex -26.553 39.9 8.30855
    endloop
  endfacet
  facet normal 0.890973 0 0.454056
    outer loop
      vertex -26.4722 39.9 8.15
      vertex -26.553 38.7 8.30855
      vertex -26.4722 38.7 8.15
    endloop
  endfacet
  facet normal -0.998633 0 -0.0522639
    outer loop
      vertex -23.3 38.7 9
      vertex -23.3093 39.9 9.1777
      vertex -23.3 39.9 9
    endloop
  endfacet
  facet normal -0.998633 -0 -0.0522639
    outer loop
      vertex -23.3093 39.9 9.1777
      vertex -23.3 38.7 9
      vertex -23.3093 38.7 9.1777
    endloop
  endfacet
  facet normal -0.358377 0 -0.933577
    outer loop
      vertex -24.4747 38.7 10.6168
      vertex -24.3085 39.9 10.553
      vertex -24.3085 38.7 10.553
    endloop
  endfacet
  facet normal -0.358377 0 -0.933577
    outer loop
      vertex -24.3085 39.9 10.553
      vertex -24.4747 38.7 10.6168
      vertex -24.4747 39.9 10.6168
    endloop
  endfacet
  facet normal -0.156413 0 0.987692
    outer loop
      vertex -24.8223 39.9 7.30931
      vertex -24.6465 38.7 7.33715
      vertex -24.6465 39.9 7.33715
    endloop
  endfacet
  facet normal -0.156413 0 0.987692
    outer loop
      vertex -24.6465 38.7 7.33715
      vertex -24.8223 39.9 7.30931
      vertex -24.8223 38.7 7.30931
    endloop
  endfacet
  facet normal 0.777105 -0 0.629371
    outer loop
      vertex -26.3753 38.7 8.00077
      vertex -26.2633 39.9 7.86248
      vertex -26.3753 39.9 8.00077
    endloop
  endfacet
  facet normal 0.777105 0 0.629371
    outer loop
      vertex -26.2633 39.9 7.86248
      vertex -26.3753 38.7 8.00077
      vertex -26.2633 38.7 7.86248
    endloop
  endfacet
  facet normal 0.156413 0 0.987692
    outer loop
      vertex -25.3535 39.9 7.33715
      vertex -25.1777 38.7 7.30931
      vertex -25.1777 39.9 7.30931
    endloop
  endfacet
  facet normal 0.156413 0 0.987692
    outer loop
      vertex -25.1777 38.7 7.30931
      vertex -25.3535 39.9 7.33715
      vertex -25.3535 38.7 7.33715
    endloop
  endfacet
  facet normal 0.629276 0 0.777182
    outer loop
      vertex -26.1375 39.9 7.73665
      vertex -25.9992 38.7 7.62467
      vertex -25.9992 39.9 7.62467
    endloop
  endfacet
  facet normal 0.629276 0 0.777182
    outer loop
      vertex -25.9992 38.7 7.62467
      vertex -26.1375 39.9 7.73665
      vertex -26.1375 38.7 7.73665
    endloop
  endfacet
  facet normal -0.933519 0 -0.358527
    outer loop
      vertex -23.3832 38.7 9.52533
      vertex -23.447 39.9 9.69145
      vertex -23.3832 39.9 9.52533
    endloop
  endfacet
  facet normal -0.933519 -0 -0.358527
    outer loop
      vertex -23.447 39.9 9.69145
      vertex -23.3832 38.7 9.52533
      vertex -23.447 38.7 9.69145
    endloop
  endfacet
  facet normal 0.259167 0 -0.965833
    outer loop
      vertex -25.5253 38.7 10.6168
      vertex -25.3535 39.9 10.6629
      vertex -25.3535 38.7 10.6629
    endloop
  endfacet
  facet normal 0.259167 0 -0.965833
    outer loop
      vertex -25.3535 39.9 10.6629
      vertex -25.5253 38.7 10.6168
      vertex -25.5253 39.9 10.6168
    endloop
  endfacet
  facet normal -0.259167 0 -0.965833
    outer loop
      vertex -24.6465 38.7 10.6629
      vertex -24.4747 39.9 10.6168
      vertex -24.4747 38.7 10.6168
    endloop
  endfacet
  facet normal -0.259167 0 -0.965833
    outer loop
      vertex -24.4747 39.9 10.6168
      vertex -24.6465 38.7 10.6629
      vertex -24.6465 39.9 10.6629
    endloop
  endfacet
  facet normal -0.838699 0 0.544595
    outer loop
      vertex -23.6247 38.7 8.00077
      vertex -23.5278 39.9 8.15
      vertex -23.6247 39.9 8.00077
    endloop
  endfacet
  facet normal -0.838699 0 0.544595
    outer loop
      vertex -23.5278 39.9 8.15
      vertex -23.6247 38.7 8.00077
      vertex -23.5278 38.7 8.15
    endloop
  endfacet
  facet normal -0.707191 0 0.707022
    outer loop
      vertex -23.8625 38.7 7.73665
      vertex -23.7367 39.9 7.86248
      vertex -23.8625 39.9 7.73665
    endloop
  endfacet
  facet normal -0.707191 0 0.707022
    outer loop
      vertex -23.7367 39.9 7.86248
      vertex -23.8625 38.7 7.73665
      vertex -23.7367 38.7 7.86248
    endloop
  endfacet
  facet normal 0.0523199 0 0.99863
    outer loop
      vertex -25.1777 39.9 7.30931
      vertex -25 38.7 7.3
      vertex -25 39.9 7.3
    endloop
  endfacet
  facet normal 0.0523199 0 0.99863
    outer loop
      vertex -25 38.7 7.3
      vertex -25.1777 39.9 7.30931
      vertex -25.1777 38.7 7.30931
    endloop
  endfacet
  facet normal -0.0523199 0 0.99863
    outer loop
      vertex -25 39.9 7.3
      vertex -24.8223 38.7 7.30931
      vertex -24.8223 39.9 7.30931
    endloop
  endfacet
  facet normal -0.0523199 0 0.99863
    outer loop
      vertex -24.8223 38.7 7.30931
      vertex -25 39.9 7.3
      vertex -25 38.7 7.3
    endloop
  endfacet
  facet normal -0.629276 0 0.777182
    outer loop
      vertex -24.0008 39.9 7.62467
      vertex -23.8625 38.7 7.73665
      vertex -23.8625 39.9 7.73665
    endloop
  endfacet
  facet normal -0.629276 0 0.777182
    outer loop
      vertex -23.8625 38.7 7.73665
      vertex -24.0008 39.9 7.62467
      vertex -24.0008 38.7 7.62467
    endloop
  endfacet
  facet normal -0.454125 0 0.890938
    outer loop
      vertex -24.3085 39.9 7.44697
      vertex -24.15 38.7 7.52776
      vertex -24.15 39.9 7.52776
    endloop
  endfacet
  facet normal -0.454125 0 0.890938
    outer loop
      vertex -24.15 38.7 7.52776
      vertex -24.3085 39.9 7.44697
      vertex -24.3085 38.7 7.44697
    endloop
  endfacet
  facet normal -0.544712 0 0.838623
    outer loop
      vertex -24.15 39.9 7.52776
      vertex -24.0008 38.7 7.62467
      vertex -24.0008 39.9 7.62467
    endloop
  endfacet
  facet normal -0.544712 0 0.838623
    outer loop
      vertex -24.0008 38.7 7.62467
      vertex -24.15 39.9 7.52776
      vertex -24.15 38.7 7.52776
    endloop
  endfacet
  facet normal 0.998633 -0 0.0522639
    outer loop
      vertex -26.7 38.7 9
      vertex -26.6907 39.9 8.8223
      vertex -26.7 39.9 9
    endloop
  endfacet
  facet normal 0.998633 0 0.0522639
    outer loop
      vertex -26.6907 39.9 8.8223
      vertex -26.7 38.7 9
      vertex -26.6907 38.7 8.8223
    endloop
  endfacet
  facet normal 0.933519 -0 0.358527
    outer loop
      vertex -26.6168 38.7 8.47467
      vertex -26.553 39.9 8.30855
      vertex -26.6168 39.9 8.47467
    endloop
  endfacet
  facet normal 0.933519 0 0.358527
    outer loop
      vertex -26.553 39.9 8.30855
      vertex -26.6168 38.7 8.47467
      vertex -26.553 38.7 8.30855
    endloop
  endfacet
  facet normal 0.966003 -0 0.25853
    outer loop
      vertex -26.6628 38.7 8.64655
      vertex -26.6168 39.9 8.47467
      vertex -26.6628 39.9 8.64655
    endloop
  endfacet
  facet normal 0.966003 0 0.25853
    outer loop
      vertex -26.6168 39.9 8.47467
      vertex -26.6628 38.7 8.64655
      vertex -26.6168 38.7 8.47467
    endloop
  endfacet
  facet normal 0.454125 0 0.890938
    outer loop
      vertex -25.85 39.9 7.52776
      vertex -25.6915 38.7 7.44697
      vertex -25.6915 39.9 7.44697
    endloop
  endfacet
  facet normal 0.454125 0 0.890938
    outer loop
      vertex -25.6915 38.7 7.44697
      vertex -25.85 39.9 7.52776
      vertex -25.85 38.7 7.52776
    endloop
  endfacet
  facet normal 0.544712 0 0.838623
    outer loop
      vertex -25.9992 39.9 7.62467
      vertex -25.85 38.7 7.52776
      vertex -25.85 39.9 7.52776
    endloop
  endfacet
  facet normal 0.544712 0 0.838623
    outer loop
      vertex -25.85 38.7 7.52776
      vertex -25.9992 39.9 7.62467
      vertex -25.9992 38.7 7.62467
    endloop
  endfacet
  facet normal 0.707191 -0 0.707022
    outer loop
      vertex -26.2633 38.7 7.86248
      vertex -26.1375 39.9 7.73665
      vertex -26.2633 39.9 7.86248
    endloop
  endfacet
  facet normal 0.707191 0 0.707022
    outer loop
      vertex -26.1375 39.9 7.73665
      vertex -26.2633 38.7 7.86248
      vertex -26.1375 38.7 7.73665
    endloop
  endfacet
  facet normal -0.998633 0 0.0522639
    outer loop
      vertex -23.3093 38.7 8.8223
      vertex -23.3 39.9 9
      vertex -23.3093 39.9 8.8223
    endloop
  endfacet
  facet normal -0.998633 0 0.0522639
    outer loop
      vertex -23.3 39.9 9
      vertex -23.3093 38.7 8.8223
      vertex -23.3 38.7 9
    endloop
  endfacet
  facet normal -0.156193 0 -0.987726
    outer loop
      vertex -24.8223 38.7 10.6907
      vertex -24.6465 39.9 10.6629
      vertex -24.6465 38.7 10.6629
    endloop
  endfacet
  facet normal -0.156193 0 -0.987726
    outer loop
      vertex -24.6465 39.9 10.6629
      vertex -24.8223 38.7 10.6907
      vertex -24.8223 39.9 10.6907
    endloop
  endfacet
  facet normal -0.933519 0 0.358527
    outer loop
      vertex -23.447 38.7 8.30855
      vertex -23.3832 39.9 8.47467
      vertex -23.447 39.9 8.30855
    endloop
  endfacet
  facet normal -0.933519 0 0.358527
    outer loop
      vertex -23.3832 39.9 8.47467
      vertex -23.447 38.7 8.30855
      vertex -23.3832 38.7 8.47467
    endloop
  endfacet
  facet normal -0.966003 0 0.25853
    outer loop
      vertex -23.3832 38.7 8.47467
      vertex -23.3372 39.9 8.64655
      vertex -23.3832 39.9 8.47467
    endloop
  endfacet
  facet normal -0.966003 0 0.25853
    outer loop
      vertex -23.3372 39.9 8.64655
      vertex -23.3832 38.7 8.47467
      vertex -23.3372 38.7 8.64655
    endloop
  endfacet
  facet normal -0.987633 0 0.156785
    outer loop
      vertex -23.3372 38.7 8.64655
      vertex -23.3093 39.9 8.8223
      vertex -23.3372 39.9 8.64655
    endloop
  endfacet
  facet normal -0.987633 0 0.156785
    outer loop
      vertex -23.3093 39.9 8.8223
      vertex -23.3372 38.7 8.64655
      vertex -23.3093 38.7 8.8223
    endloop
  endfacet
  facet normal -0.777105 0 0.629371
    outer loop
      vertex -23.7367 38.7 7.86248
      vertex -23.6247 39.9 8.00077
      vertex -23.7367 39.9 7.86248
    endloop
  endfacet
  facet normal -0.777105 0 0.629371
    outer loop
      vertex -23.6247 39.9 8.00077
      vertex -23.7367 38.7 7.86248
      vertex -23.6247 38.7 8.00077
    endloop
  endfacet
  facet normal -0.258905 0 0.965903
    outer loop
      vertex -24.6465 39.9 7.33715
      vertex -24.4747 38.7 7.3832
      vertex -24.4747 39.9 7.3832
    endloop
  endfacet
  facet normal -0.258905 0 0.965903
    outer loop
      vertex -24.4747 38.7 7.3832
      vertex -24.6465 39.9 7.33715
      vertex -24.6465 38.7 7.33715
    endloop
  endfacet
  facet normal 0.987633 -0 0.156785
    outer loop
      vertex -26.6907 38.7 8.8223
      vertex -26.6628 39.9 8.64655
      vertex -26.6907 39.9 8.8223
    endloop
  endfacet
  facet normal 0.987633 0 0.156785
    outer loop
      vertex -26.6628 39.9 8.64655
      vertex -26.6907 38.7 8.8223
      vertex -26.6628 38.7 8.64655
    endloop
  endfacet
  facet normal 0.838699 -0 0.544595
    outer loop
      vertex -26.4722 38.7 8.15
      vertex -26.3753 39.9 8.00077
      vertex -26.4722 39.9 8.15
    endloop
  endfacet
  facet normal 0.838699 0 0.544595
    outer loop
      vertex -26.3753 39.9 8.00077
      vertex -26.4722 38.7 8.15
      vertex -26.3753 38.7 8.00077
    endloop
  endfacet
  facet normal 0.258905 0 0.965903
    outer loop
      vertex -25.5253 39.9 7.3832
      vertex -25.3535 38.7 7.33715
      vertex -25.3535 39.9 7.33715
    endloop
  endfacet
  facet normal 0.258905 0 0.965903
    outer loop
      vertex -25.3535 38.7 7.33715
      vertex -25.5253 39.9 7.3832
      vertex -25.5253 38.7 7.3832
    endloop
  endfacet
  facet normal -0.987633 0 -0.156785
    outer loop
      vertex -23.3093 38.7 9.1777
      vertex -23.3372 39.9 9.35345
      vertex -23.3093 39.9 9.1777
    endloop
  endfacet
  facet normal -0.987633 -0 -0.156785
    outer loop
      vertex -23.3372 39.9 9.35345
      vertex -23.3093 38.7 9.1777
      vertex -23.3372 38.7 9.35345
    endloop
  endfacet
  facet normal -0.966003 0 -0.25853
    outer loop
      vertex -23.3372 38.7 9.35345
      vertex -23.3832 39.9 9.52533
      vertex -23.3372 39.9 9.35345
    endloop
  endfacet
  facet normal -0.966003 -0 -0.25853
    outer loop
      vertex -23.3832 39.9 9.52533
      vertex -23.3372 38.7 9.35345
      vertex -23.3832 38.7 9.52533
    endloop
  endfacet
  facet normal -0.890973 0 -0.454056
    outer loop
      vertex -23.447 38.7 9.69145
      vertex -23.5278 39.9 9.85
      vertex -23.447 39.9 9.69145
    endloop
  endfacet
  facet normal -0.890973 -0 -0.454056
    outer loop
      vertex -23.5278 39.9 9.85
      vertex -23.447 38.7 9.69145
      vertex -23.5278 38.7 9.85
    endloop
  endfacet
  facet normal -0.77706 0 -0.629426
    outer loop
      vertex -23.6247 38.7 9.99923
      vertex -23.7367 39.9 10.1375
      vertex -23.6247 39.9 9.99923
    endloop
  endfacet
  facet normal -0.77706 -0 -0.629426
    outer loop
      vertex -23.7367 39.9 10.1375
      vertex -23.6247 38.7 9.99923
      vertex -23.7367 38.7 10.1375
    endloop
  endfacet
  facet normal 0.45417 0 -0.890915
    outer loop
      vertex -25.85 38.7 10.4722
      vertex -25.6915 39.9 10.553
      vertex -25.6915 38.7 10.553
    endloop
  endfacet
  facet normal 0.45417 0 -0.890915
    outer loop
      vertex -25.6915 39.9 10.553
      vertex -25.85 38.7 10.4722
      vertex -25.85 39.9 10.4722
    endloop
  endfacet
  facet normal 0.998633 0 -0.0522639
    outer loop
      vertex -26.6907 38.7 9.1777
      vertex -26.7 39.9 9
      vertex -26.6907 39.9 9.1777
    endloop
  endfacet
  facet normal 0.998633 0 -0.0522639
    outer loop
      vertex -26.7 39.9 9
      vertex -26.6907 38.7 9.1777
      vertex -26.7 38.7 9
    endloop
  endfacet
  facet normal 0.77706 0 -0.629426
    outer loop
      vertex -26.2633 38.7 10.1375
      vertex -26.3753 39.9 9.99923
      vertex -26.2633 39.9 10.1375
    endloop
  endfacet
  facet normal 0.77706 0 -0.629426
    outer loop
      vertex -26.3753 39.9 9.99923
      vertex -26.2633 38.7 10.1375
      vertex -26.3753 38.7 9.99923
    endloop
  endfacet
  facet normal -0.45417 0 -0.890915
    outer loop
      vertex -24.3085 38.7 10.553
      vertex -24.15 39.9 10.4722
      vertex -24.15 38.7 10.4722
    endloop
  endfacet
  facet normal -0.45417 0 -0.890915
    outer loop
      vertex -24.15 39.9 10.4722
      vertex -24.3085 38.7 10.553
      vertex -24.3085 39.9 10.553
    endloop
  endfacet
  facet normal -0.838699 0 -0.544595
    outer loop
      vertex -23.5278 38.7 9.85
      vertex -23.6247 39.9 9.99923
      vertex -23.5278 39.9 9.85
    endloop
  endfacet
  facet normal -0.838699 -0 -0.544595
    outer loop
      vertex -23.6247 39.9 9.99923
      vertex -23.5278 38.7 9.85
      vertex -23.6247 38.7 9.99923
    endloop
  endfacet
  facet normal 0.629344 0 -0.777127
    outer loop
      vertex -26.1375 38.7 10.2633
      vertex -25.9992 39.9 10.3753
      vertex -25.9992 38.7 10.3753
    endloop
  endfacet
  facet normal 0.629344 0 -0.777127
    outer loop
      vertex -25.9992 39.9 10.3753
      vertex -26.1375 38.7 10.2633
      vertex -26.1375 39.9 10.2633
    endloop
  endfacet
  facet normal 0.544672 0 -0.838649
    outer loop
      vertex -25.9992 38.7 10.3753
      vertex -25.85 39.9 10.4722
      vertex -25.85 38.7 10.4722
    endloop
  endfacet
  facet normal 0.544672 0 -0.838649
    outer loop
      vertex -25.85 39.9 10.4722
      vertex -25.9992 38.7 10.3753
      vertex -25.9992 39.9 10.3753
    endloop
  endfacet
  facet normal -0.0522639 0 -0.998633
    outer loop
      vertex -25 38.7 10.7
      vertex -24.8223 39.9 10.6907
      vertex -24.8223 38.7 10.6907
    endloop
  endfacet
  facet normal -0.0522639 0 -0.998633
    outer loop
      vertex -24.8223 39.9 10.6907
      vertex -25 38.7 10.7
      vertex -25 39.9 10.7
    endloop
  endfacet
  facet normal 0.987633 0 -0.156785
    outer loop
      vertex -26.6628 38.7 9.35345
      vertex -26.6907 39.9 9.1777
      vertex -26.6628 39.9 9.35345
    endloop
  endfacet
  facet normal 0.987633 0 -0.156785
    outer loop
      vertex -26.6907 39.9 9.1777
      vertex -26.6628 38.7 9.35345
      vertex -26.6907 38.7 9.1777
    endloop
  endfacet
  facet normal 0.707107 0 -0.707107
    outer loop
      vertex -26.1375 38.7 10.2633
      vertex -26.2633 39.9 10.1375
      vertex -26.1375 39.9 10.2633
    endloop
  endfacet
  facet normal 0.707107 0 -0.707107
    outer loop
      vertex -26.2633 39.9 10.1375
      vertex -26.1375 38.7 10.2633
      vertex -26.2633 38.7 10.1375
    endloop
  endfacet
  facet normal 0.890973 0 -0.454056
    outer loop
      vertex -26.4722 38.7 9.85
      vertex -26.553 39.9 9.69145
      vertex -26.4722 39.9 9.85
    endloop
  endfacet
  facet normal 0.890973 0 -0.454056
    outer loop
      vertex -26.553 39.9 9.69145
      vertex -26.4722 38.7 9.85
      vertex -26.553 38.7 9.69145
    endloop
  endfacet
  facet normal 0.933519 0 -0.358527
    outer loop
      vertex -26.553 38.7 9.69145
      vertex -26.6168 39.9 9.52533
      vertex -26.553 39.9 9.69145
    endloop
  endfacet
  facet normal 0.933519 0 -0.358527
    outer loop
      vertex -26.6168 39.9 9.52533
      vertex -26.553 38.7 9.69145
      vertex -26.6168 38.7 9.52533
    endloop
  endfacet
  facet normal 0.966003 0 -0.25853
    outer loop
      vertex -26.6168 38.7 9.52533
      vertex -26.6628 39.9 9.35345
      vertex -26.6168 39.9 9.52533
    endloop
  endfacet
  facet normal 0.966003 0 -0.25853
    outer loop
      vertex -26.6628 39.9 9.35345
      vertex -26.6168 38.7 9.52533
      vertex -26.6628 38.7 9.35345
    endloop
  endfacet
  facet normal -0.544672 0 -0.838649
    outer loop
      vertex -24.15 38.7 10.4722
      vertex -24.0008 39.9 10.3753
      vertex -24.0008 38.7 10.3753
    endloop
  endfacet
  facet normal -0.544672 0 -0.838649
    outer loop
      vertex -24.0008 39.9 10.3753
      vertex -24.15 38.7 10.4722
      vertex -24.15 39.9 10.4722
    endloop
  endfacet
  facet normal -0.707107 0 -0.707107
    outer loop
      vertex -23.7367 38.7 10.1375
      vertex -23.8625 39.9 10.2633
      vertex -23.7367 39.9 10.1375
    endloop
  endfacet
  facet normal -0.707107 -0 -0.707107
    outer loop
      vertex -23.8625 39.9 10.2633
      vertex -23.7367 38.7 10.1375
      vertex -23.8625 38.7 10.2633
    endloop
  endfacet
  facet normal -0.629344 0 -0.777127
    outer loop
      vertex -24.0008 38.7 10.3753
      vertex -23.8625 39.9 10.2633
      vertex -23.8625 38.7 10.2633
    endloop
  endfacet
  facet normal -0.629344 0 -0.777127
    outer loop
      vertex -23.8625 39.9 10.2633
      vertex -24.0008 38.7 10.3753
      vertex -24.0008 39.9 10.3753
    endloop
  endfacet
  facet normal 0.838699 0 -0.544595
    outer loop
      vertex -26.3753 38.7 9.99923
      vertex -26.4722 39.9 9.85
      vertex -26.3753 39.9 9.99923
    endloop
  endfacet
  facet normal 0.838699 0 -0.544595
    outer loop
      vertex -26.4722 39.9 9.85
      vertex -26.3753 38.7 9.99923
      vertex -26.4722 38.7 9.85
    endloop
  endfacet
  facet normal 0.156193 0 -0.987726
    outer loop
      vertex -25.3535 38.7 10.6629
      vertex -25.1777 39.9 10.6907
      vertex -25.1777 38.7 10.6907
    endloop
  endfacet
  facet normal 0.156193 0 -0.987726
    outer loop
      vertex -25.1777 39.9 10.6907
      vertex -25.3535 38.7 10.6629
      vertex -25.3535 39.9 10.6629
    endloop
  endfacet
  facet normal 0.0522639 0 -0.998633
    outer loop
      vertex -25.1777 38.7 10.6907
      vertex -25 39.9 10.7
      vertex -25 38.7 10.7
    endloop
  endfacet
  facet normal 0.0522639 0 -0.998633
    outer loop
      vertex -25 39.9 10.7
      vertex -25.1777 38.7 10.6907
      vertex -25.1777 39.9 10.6907
    endloop
  endfacet
  facet normal 0.358377 0 -0.933577
    outer loop
      vertex -25.6915 38.7 10.553
      vertex -25.5253 39.9 10.6168
      vertex -25.5253 38.7 10.6168
    endloop
  endfacet
  facet normal 0.358377 0 -0.933577
    outer loop
      vertex -25.5253 39.9 10.6168
      vertex -25.6915 38.7 10.553
      vertex -25.6915 39.9 10.553
    endloop
  endfacet
  facet normal -0.774235 -0.631599 0.0405199
    outer loop
      vertex -21.8321 36.9 8.99065
      vertex -23.3 38.7 9
      vertex -23.3093 38.7 8.8223
    endloop
  endfacet
  facet normal -0.774205 -0.631579 0.0414013
    outer loop
      vertex -23.3 38.7 9
      vertex -21.8321 36.9 8.99065
      vertex -21.8316 36.9 9
    endloop
  endfacet
  facet normal -0.774234 -0.631608 0.0404149
    outer loop
      vertex -21.8489 36.9 8.66881
      vertex -21.8321 36.9 8.99065
      vertex -23.3093 38.7 8.8223
    endloop
  endfacet
  facet normal 0.548203 -0.631622 -0.548203
    outer loop
      vertex -27.3546 36.9 11.1201
      vertex -26.1375 38.7 10.2633
      vertex -27.1201 36.9 11.3546
    endloop
  endfacet
  facet normal 0.548203 -0.631622 -0.548203
    outer loop
      vertex -26.1375 38.7 10.2633
      vertex -27.3546 36.9 11.1201
      vertex -26.2633 38.7 10.1375
    endloop
  endfacet
  facet normal -0.602564 -0.631619 -0.487825
    outer loop
      vertex -22.4426 36.9 10.8696
      vertex -22.6454 36.9 11.1201
      vertex -23.7367 38.7 10.1375
    endloop
  endfacet
  facet normal -0.487844 -0.63161 0.602559
    outer loop
      vertex -23.1304 36.9 6.44259
      vertex -22.8799 36.9 6.6454
      vertex -23.8625 38.7 7.73665
    endloop
  endfacet
  facet normal 0.548271 -0.631619 0.54814
    outer loop
      vertex -27.3546 36.9 6.87991
      vertex -26.1375 38.7 7.73665
      vertex -26.2633 38.7 7.86248
    endloop
  endfacet
  facet normal 0.548221 -0.631612 0.548197
    outer loop
      vertex -26.1375 38.7 7.73665
      vertex -27.3546 36.9 6.87991
      vertex -27.1201 36.9 6.6454
    endloop
  endfacet
  facet normal 0.774205 -0.631579 0.0414013
    outer loop
      vertex -28.1679 36.9 8.99065
      vertex -26.7 38.7 9
      vertex -28.1684 36.9 9
    endloop
  endfacet
  facet normal 0.774235 -0.631599 0.0405199
    outer loop
      vertex -26.7 38.7 9
      vertex -28.1679 36.9 8.99065
      vertex -26.6907 38.7 8.8223
    endloop
  endfacet
  facet normal -0.548271 -0.631619 0.54814
    outer loop
      vertex -23.8625 38.7 7.73665
      vertex -22.6454 36.9 6.87991
      vertex -23.7367 38.7 7.86248
    endloop
  endfacet
  facet normal -0.548221 -0.631612 0.548197
    outer loop
      vertex -22.6454 36.9 6.87991
      vertex -23.8625 38.7 7.73665
      vertex -22.8799 36.9 6.6454
    endloop
  endfacet
  facet normal -0.48787 -0.631607 0.60254
    outer loop
      vertex -24.0008 38.7 7.62467
      vertex -23.1304 36.9 6.44259
      vertex -23.8625 38.7 7.73665
    endloop
  endfacet
  facet normal -0.491452 -0.631498 0.599738
    outer loop
      vertex -23.1304 36.9 6.44259
      vertex -24.0008 38.7 7.62467
      vertex -23.1376 36.9 6.43669
    endloop
  endfacet
  facet normal -0.422223 -0.631618 0.650221
    outer loop
      vertex -23.4079 36.9 6.26117
      vertex -23.1376 36.9 6.43669
      vertex -24.0008 38.7 7.62467
    endloop
  endfacet
  facet normal -0.725042 -0.631958 0.273757
    outer loop
      vertex -21.9867 36.9 8.0209
      vertex -23.447 38.7 8.30855
      vertex -21.99 36.9 8.01216
    endloop
  endfacet
  facet normal -0.723759 -0.631591 0.277967
    outer loop
      vertex -23.447 38.7 8.30855
      vertex -21.9867 36.9 8.0209
      vertex -23.3832 38.7 8.47467
    endloop
  endfacet
  facet normal -0.690797 -0.631614 0.351942
    outer loop
      vertex -22.2518 36.9 7.42413
      vertex -22.1055 36.9 7.71129
      vertex -23.447 38.7 8.30855
    endloop
  endfacet
  facet normal 0.651232 -0.631781 -0.420416
    outer loop
      vertex -27.7439 36.9 10.5842
      vertex -26.3753 38.7 9.99923
      vertex -27.7388 36.9 10.5921
    endloop
  endfacet
  facet normal 0.650233 -0.631608 -0.422218
    outer loop
      vertex -26.3753 38.7 9.99923
      vertex -27.7439 36.9 10.5842
      vertex -26.4722 38.7 9.85
    endloop
  endfacet
  facet normal 0.277848 -0.631597 -0.7238
    outer loop
      vertex -25.9791 36.9 12.0133
      vertex -25.6915 38.7 10.553
      vertex -25.5253 38.7 10.6168
    endloop
  endfacet
  facet normal 0.274887 -0.631856 -0.724703
    outer loop
      vertex -25.6915 38.7 10.553
      vertex -25.9791 36.9 12.0133
      vertex -25.9878 36.9 12.01
    endloop
  endfacet
  facet normal 0.766663 -0.631478 -0.116035
    outer loop
      vertex -28.1006 36.9 9.6495
      vertex -26.6628 38.7 9.35345
      vertex -28.0992 36.9 9.65875
    endloop
  endfacet
  facet normal 0.765696 -0.631613 -0.121553
    outer loop
      vertex -26.6628 38.7 9.35345
      vertex -28.1006 36.9 9.6495
      vertex -26.6907 38.7 9.1777
    endloop
  endfacet
  facet normal 0.748866 -0.631624 -0.200628
    outer loop
      vertex -26.6628 38.7 9.35345
      vertex -28.0158 36.9 9.97005
      vertex -28.0992 36.9 9.65875
    endloop
  endfacet
  facet normal -0.420414 -0.631786 -0.651229
    outer loop
      vertex -23.4158 36.9 11.7439
      vertex -24.0008 38.7 10.3753
      vertex -23.4079 36.9 11.7388
    endloop
  endfacet
  facet normal -0.422279 -0.631606 -0.650196
    outer loop
      vertex -24.0008 38.7 10.3753
      vertex -23.4158 36.9 11.7439
      vertex -24.15 38.7 10.4722
    endloop
  endfacet
  facet normal -0.765712 -0.631607 -0.121481
    outer loop
      vertex -21.8489 36.9 9.33119
      vertex -21.8994 36.9 9.6495
      vertex -23.3093 38.7 9.1777
    endloop
  endfacet
  facet normal -0.115431 -0.631434 -0.76679
    outer loop
      vertex -24.3505 36.9 12.1006
      vertex -24.6465 38.7 10.6629
      vertex -24.3412 36.9 12.0992
    endloop
  endfacet
  facet normal -0.121099 -0.631575 -0.765799
    outer loop
      vertex -24.6465 38.7 10.6629
      vertex -24.3505 36.9 12.1006
      vertex -24.8223 38.7 10.6907
    endloop
  endfacet
  facet normal -0.200693 -0.631597 -0.748871
    outer loop
      vertex -24.03 36.9 12.0158
      vertex -24.3412 36.9 12.0992
      vertex -24.6465 38.7 10.6629
    endloop
  endfacet
  facet normal -0.774234 -0.631608 -0.0404149
    outer loop
      vertex -21.8321 36.9 9.00935
      vertex -21.8489 36.9 9.33119
      vertex -23.3093 38.7 9.1777
    endloop
  endfacet
  facet normal -0.774205 -0.631579 -0.0414013
    outer loop
      vertex -21.8321 36.9 9.00935
      vertex -23.3 38.7 9
      vertex -21.8316 36.9 9
    endloop
  endfacet
  facet normal -0.774235 -0.631599 -0.0405199
    outer loop
      vertex -23.3 38.7 9
      vertex -21.8321 36.9 9.00935
      vertex -23.3093 38.7 9.1777
    endloop
  endfacet
  facet normal -0.765712 -0.631607 0.121481
    outer loop
      vertex -21.8994 36.9 8.3505
      vertex -21.8489 36.9 8.66881
      vertex -23.3093 38.7 8.8223
    endloop
  endfacet
  facet normal 0.774234 -0.631608 0.0404149
    outer loop
      vertex -28.1511 36.9 8.66881
      vertex -26.6907 38.7 8.8223
      vertex -28.1679 36.9 8.99065
    endloop
  endfacet
  facet normal 0.121273 -0.631605 0.765747
    outer loop
      vertex -25.3312 36.9 5.84894
      vertex -25.1777 38.7 7.30931
      vertex -25.6495 36.9 5.89935
    endloop
  endfacet
  facet normal -0.040563 -0.631607 0.774227
    outer loop
      vertex -25 38.7 7.3
      vertex -24.9906 36.9 5.83207
      vertex -24.8223 38.7 7.30931
    endloop
  endfacet
  facet normal -0.040359 -0.631611 0.774234
    outer loop
      vertex -24.9906 36.9 5.83207
      vertex -25 38.7 7.3
      vertex -25 36.9 5.83158
    endloop
  endfacet
  facet normal -0.65014 -0.631593 0.422384
    outer loop
      vertex -22.2561 36.9 7.41579
      vertex -23.6247 38.7 8.00077
      vertex -22.2612 36.9 7.40794
    endloop
  endfacet
  facet normal -0.650232 -0.631609 0.422217
    outer loop
      vertex -23.6247 38.7 8.00077
      vertex -22.2561 36.9 7.41579
      vertex -23.5278 38.7 8.15
    endloop
  endfacet
  facet normal -0.766663 -0.631478 0.116035
    outer loop
      vertex -21.8994 36.9 8.3505
      vertex -23.3372 38.7 8.64655
      vertex -21.9008 36.9 8.34125
    endloop
  endfacet
  facet normal -0.765696 -0.631613 0.121553
    outer loop
      vertex -23.3372 38.7 8.64655
      vertex -21.8994 36.9 8.3505
      vertex -23.3093 38.7 8.8223
    endloop
  endfacet
  facet normal -0.748866 -0.631624 0.200628
    outer loop
      vertex -21.9842 36.9 8.02995
      vertex -21.9008 36.9 8.34125
      vertex -23.3372 38.7 8.64655
    endloop
  endfacet
  facet normal -0.723784 -0.631614 0.277851
    outer loop
      vertex -22.1055 36.9 7.71129
      vertex -21.99 36.9 8.01216
      vertex -23.447 38.7 8.30855
    endloop
  endfacet
  facet normal 0.602564 -0.631619 -0.487825
    outer loop
      vertex -26.2633 38.7 10.1375
      vertex -27.3546 36.9 11.1201
      vertex -27.5574 36.9 10.8696
    endloop
  endfacet
  facet normal 0.487825 -0.631619 -0.602564
    outer loop
      vertex -26.1375 38.7 10.2633
      vertex -26.8696 36.9 11.5574
      vertex -27.1201 36.9 11.3546
    endloop
  endfacet
  facet normal 0.277829 -0.631608 -0.723798
    outer loop
      vertex -25.6915 38.7 10.553
      vertex -25.9878 36.9 12.01
      vertex -26.2887 36.9 11.8945
    endloop
  endfacet
  facet normal 0.725042 -0.631958 -0.273757
    outer loop
      vertex -28.0133 36.9 9.9791
      vertex -26.553 38.7 9.69145
      vertex -28.01 36.9 9.98784
    endloop
  endfacet
  facet normal 0.723759 -0.631591 -0.277967
    outer loop
      vertex -26.553 38.7 9.69145
      vertex -28.0133 36.9 9.9791
      vertex -26.6168 38.7 9.52533
    endloop
  endfacet
  facet normal 0.774235 -0.631599 -0.0405199
    outer loop
      vertex -28.1679 36.9 9.00935
      vertex -26.7 38.7 9
      vertex -26.6907 38.7 9.1777
    endloop
  endfacet
  facet normal 0.774205 -0.631579 -0.0414013
    outer loop
      vertex -26.7 38.7 9
      vertex -28.1679 36.9 9.00935
      vertex -28.1684 36.9 9
    endloop
  endfacet
  facet normal 0.774234 -0.631608 -0.0404149
    outer loop
      vertex -26.6907 38.7 9.1777
      vertex -28.1511 36.9 9.33119
      vertex -28.1679 36.9 9.00935
    endloop
  endfacet
  facet normal 0.765712 -0.631607 -0.121481
    outer loop
      vertex -26.6907 38.7 9.1777
      vertex -28.1006 36.9 9.6495
      vertex -28.1511 36.9 9.33119
    endloop
  endfacet
  facet normal -0.487825 -0.631619 -0.602564
    outer loop
      vertex -22.8799 36.9 11.3546
      vertex -23.1304 36.9 11.5574
      vertex -23.8625 38.7 10.2633
    endloop
  endfacet
  facet normal -0.548203 -0.631622 -0.548203
    outer loop
      vertex -23.8625 38.7 10.2633
      vertex -22.6454 36.9 11.1201
      vertex -22.8799 36.9 11.3546
    endloop
  endfacet
  facet normal -0.548203 -0.631622 -0.548203
    outer loop
      vertex -22.6454 36.9 11.1201
      vertex -23.8625 38.7 10.2633
      vertex -23.7367 38.7 10.1375
    endloop
  endfacet
  facet normal -0.690817 -0.631614 -0.351903
    outer loop
      vertex -22.1055 36.9 10.2887
      vertex -22.2518 36.9 10.5759
      vertex -23.447 38.7 9.69145
    endloop
  endfacet
  facet normal -0.274887 -0.631856 -0.724703
    outer loop
      vertex -24.0209 36.9 12.0133
      vertex -24.3085 38.7 10.553
      vertex -24.0122 36.9 12.01
    endloop
  endfacet
  facet normal -0.277848 -0.631597 -0.7238
    outer loop
      vertex -24.3085 38.7 10.553
      vertex -24.0209 36.9 12.0133
      vertex -24.4747 38.7 10.6168
    endloop
  endfacet
  facet normal -0.0411815 -0.631585 -0.774212
    outer loop
      vertex -25 38.7 10.7
      vertex -24.9906 36.9 12.1679
      vertex -25 36.9 12.1684
    endloop
  endfacet
  facet normal -0.0405199 -0.6316 -0.774235
    outer loop
      vertex -24.9906 36.9 12.1679
      vertex -25 38.7 10.7
      vertex -24.8223 38.7 10.6907
    endloop
  endfacet
  facet normal -0.0404199 -0.631608 -0.774233
    outer loop
      vertex -24.8223 38.7 10.6907
      vertex -24.6688 36.9 12.1511
      vertex -24.9906 36.9 12.1679
    endloop
  endfacet
  facet normal -0.121484 -0.631607 -0.765711
    outer loop
      vertex -24.3505 36.9 12.1006
      vertex -24.6688 36.9 12.1511
      vertex -24.8223 38.7 10.6907
    endloop
  endfacet
  facet normal -0.765696 -0.631613 -0.121553
    outer loop
      vertex -21.8994 36.9 9.6495
      vertex -23.3372 38.7 9.35345
      vertex -23.3093 38.7 9.1777
    endloop
  endfacet
  facet normal -0.766663 -0.631478 -0.116035
    outer loop
      vertex -23.3372 38.7 9.35345
      vertex -21.8994 36.9 9.6495
      vertex -21.9008 36.9 9.65875
    endloop
  endfacet
  facet normal 0.602528 -0.631616 0.487873
    outer loop
      vertex -27.3546 36.9 6.87991
      vertex -26.2633 38.7 7.86248
      vertex -27.5574 36.9 7.13037
    endloop
  endfacet
  facet normal 0.351946 -0.6316 0.690808
    outer loop
      vertex -26.2887 36.9 6.1055
      vertex -25.6915 38.7 7.44697
      vertex -26.5759 36.9 6.25182
    endloop
  endfacet
  facet normal 0.121265 -0.631604 0.765748
    outer loop
      vertex -25.3535 38.7 7.33715
      vertex -25.6495 36.9 5.89935
      vertex -25.1777 38.7 7.30931
    endloop
  endfacet
  facet normal 0.121044 -0.631599 0.765788
    outer loop
      vertex -25.6495 36.9 5.89935
      vertex -25.3535 38.7 7.33715
      vertex -25.6588 36.9 5.90082
    endloop
  endfacet
  facet normal 0.200714 -0.631604 0.748859
    outer loop
      vertex -25.6588 36.9 5.90082
      vertex -25.3535 38.7 7.33715
      vertex -25.97 36.9 5.98423
    endloop
  endfacet
  facet normal 0.200726 -0.631605 0.748855
    outer loop
      vertex -25.5253 38.7 7.3832
      vertex -25.97 36.9 5.98423
      vertex -25.3535 38.7 7.33715
    endloop
  endfacet
  facet normal 0.199258 -0.63157 0.749277
    outer loop
      vertex -25.97 36.9 5.98423
      vertex -25.5253 38.7 7.3832
      vertex -25.9791 36.9 5.98665
    endloop
  endfacet
  facet normal 0.040588 -0.631605 0.774227
    outer loop
      vertex -25.0094 36.9 5.83207
      vertex -25.1777 38.7 7.30931
      vertex -25.3312 36.9 5.84894
    endloop
  endfacet
  facet normal -0.27781 -0.6316 0.723812
    outer loop
      vertex -24.0122 36.9 5.99001
      vertex -23.7113 36.9 6.1055
      vertex -24.3085 38.7 7.44697
    endloop
  endfacet
  facet normal -0.200714 -0.631604 0.748859
    outer loop
      vertex -24.3412 36.9 5.90082
      vertex -24.03 36.9 5.98423
      vertex -24.6465 38.7 7.33715
    endloop
  endfacet
  facet normal -0.040588 -0.631605 0.774227
    outer loop
      vertex -24.6688 36.9 5.84894
      vertex -24.8223 38.7 7.30931
      vertex -24.9906 36.9 5.83207
    endloop
  endfacet
  facet normal 0.040359 -0.631611 0.774234
    outer loop
      vertex -25 38.7 7.3
      vertex -25.0094 36.9 5.83207
      vertex -25 36.9 5.83158
    endloop
  endfacet
  facet normal 0.040563 -0.631607 0.774227
    outer loop
      vertex -25.0094 36.9 5.83207
      vertex -25 38.7 7.3
      vertex -25.1777 38.7 7.30931
    endloop
  endfacet
  facet normal -0.602479 -0.631609 0.487943
    outer loop
      vertex -22.4426 36.9 7.13037
      vertex -23.6247 38.7 8.00077
      vertex -23.7367 38.7 7.86248
    endloop
  endfacet
  facet normal -0.602322 -0.631603 0.488145
    outer loop
      vertex -23.6247 38.7 8.00077
      vertex -22.4426 36.9 7.13037
      vertex -22.4367 36.9 7.13765
    endloop
  endfacet
  facet normal -0.650241 -0.63161 0.422203
    outer loop
      vertex -22.4367 36.9 7.13765
      vertex -22.2612 36.9 7.40794
      vertex -23.6247 38.7 8.00077
    endloop
  endfacet
  facet normal -0.602528 -0.631616 0.487873
    outer loop
      vertex -22.6454 36.9 6.87991
      vertex -22.4426 36.9 7.13037
      vertex -23.7367 38.7 7.86248
    endloop
  endfacet
  facet normal -0.689023 -0.6317 0.355251
    outer loop
      vertex -22.2518 36.9 7.42413
      vertex -23.5278 38.7 8.15
      vertex -22.2561 36.9 7.41579
    endloop
  endfacet
  facet normal -0.690751 -0.631621 0.352019
    outer loop
      vertex -23.5278 38.7 8.15
      vertex -22.2518 36.9 7.42413
      vertex -23.447 38.7 8.30855
    endloop
  endfacet
  facet normal -0.747198 -0.631736 0.206408
    outer loop
      vertex -21.9842 36.9 8.02995
      vertex -23.3832 38.7 8.47467
      vertex -21.9867 36.9 8.0209
    endloop
  endfacet
  facet normal -0.748931 -0.631607 0.200435
    outer loop
      vertex -23.3832 38.7 8.47467
      vertex -21.9842 36.9 8.02995
      vertex -23.3372 38.7 8.64655
    endloop
  endfacet
  facet normal 0.0404199 -0.631608 -0.774233
    outer loop
      vertex -25.1777 38.7 10.6907
      vertex -25.0094 36.9 12.1679
      vertex -25.3312 36.9 12.1511
    endloop
  endfacet
  facet normal 0.200927 -0.631617 -0.748791
    outer loop
      vertex -25.97 36.9 12.0158
      vertex -25.5253 38.7 10.6168
      vertex -25.3535 38.7 10.6629
    endloop
  endfacet
  facet normal 0.205359 -0.631714 -0.747506
    outer loop
      vertex -25.5253 38.7 10.6168
      vertex -25.97 36.9 12.0158
      vertex -25.9791 36.9 12.0133
    endloop
  endfacet
  facet normal 0.121484 -0.631607 -0.765711
    outer loop
      vertex -25.1777 38.7 10.6907
      vertex -25.3312 36.9 12.1511
      vertex -25.6495 36.9 12.1006
    endloop
  endfacet
  facet normal 0.690817 -0.631614 -0.351903
    outer loop
      vertex -26.553 38.7 9.69145
      vertex -27.7482 36.9 10.5759
      vertex -27.8945 36.9 10.2887
    endloop
  endfacet
  facet normal 0.723781 -0.631613 -0.277859
    outer loop
      vertex -26.553 38.7 9.69145
      vertex -27.8945 36.9 10.2887
      vertex -28.01 36.9 9.98784
    endloop
  endfacet
  facet normal 0.650243 -0.631617 -0.422189
    outer loop
      vertex -26.3753 38.7 9.99923
      vertex -27.5633 36.9 10.8624
      vertex -27.7388 36.9 10.5921
    endloop
  endfacet
  facet normal 0.599738 -0.631498 -0.491452
    outer loop
      vertex -26.3753 38.7 9.99923
      vertex -27.5574 36.9 10.8696
      vertex -27.5633 36.9 10.8624
    endloop
  endfacet
  facet normal 0.602449 -0.631603 -0.487989
    outer loop
      vertex -27.5574 36.9 10.8696
      vertex -26.3753 38.7 9.99923
      vertex -26.2633 38.7 10.1375
    endloop
  endfacet
  facet normal 0.747198 -0.631736 -0.206408
    outer loop
      vertex -28.0158 36.9 9.97005
      vertex -26.6168 38.7 9.52533
      vertex -28.0133 36.9 9.9791
    endloop
  endfacet
  facet normal 0.748931 -0.631607 -0.200435
    outer loop
      vertex -26.6168 38.7 9.52533
      vertex -28.0158 36.9 9.97005
      vertex -26.6628 38.7 9.35345
    endloop
  endfacet
  facet normal -0.650243 -0.631617 -0.422189
    outer loop
      vertex -22.2612 36.9 10.5921
      vertex -22.4367 36.9 10.8624
      vertex -23.6247 38.7 9.99923
    endloop
  endfacet
  facet normal -0.690748 -0.631625 -0.352018
    outer loop
      vertex -22.2518 36.9 10.5759
      vertex -23.5278 38.7 9.85
      vertex -23.447 38.7 9.69145
    endloop
  endfacet
  facet normal -0.6883 -0.631733 -0.356589
    outer loop
      vertex -23.5278 38.7 9.85
      vertex -22.2518 36.9 10.5759
      vertex -22.2561 36.9 10.5842
    endloop
  endfacet
  facet normal -0.650233 -0.631608 -0.422218
    outer loop
      vertex -22.2561 36.9 10.5842
      vertex -23.6247 38.7 9.99923
      vertex -23.5278 38.7 9.85
    endloop
  endfacet
  facet normal -0.651232 -0.631781 -0.420416
    outer loop
      vertex -23.6247 38.7 9.99923
      vertex -22.2561 36.9 10.5842
      vertex -22.2612 36.9 10.5921
    endloop
  endfacet
  facet normal -0.723781 -0.631613 -0.277859
    outer loop
      vertex -21.99 36.9 9.98784
      vertex -22.1055 36.9 10.2887
      vertex -23.447 38.7 9.69145
    endloop
  endfacet
  facet normal -0.723759 -0.631591 -0.277967
    outer loop
      vertex -21.9867 36.9 9.9791
      vertex -23.447 38.7 9.69145
      vertex -23.3832 38.7 9.52533
    endloop
  endfacet
  facet normal -0.725042 -0.631958 -0.273757
    outer loop
      vertex -23.447 38.7 9.69145
      vertex -21.9867 36.9 9.9791
      vertex -21.99 36.9 9.98784
    endloop
  endfacet
  facet normal -0.351905 -0.631608 -0.690821
    outer loop
      vertex -23.4241 36.9 11.7482
      vertex -23.7113 36.9 11.8945
      vertex -24.3085 38.7 10.553
    endloop
  endfacet
  facet normal -0.277829 -0.631608 -0.723798
    outer loop
      vertex -23.7113 36.9 11.8945
      vertex -24.0122 36.9 12.01
      vertex -24.3085 38.7 10.553
    endloop
  endfacet
  facet normal -0.422187 -0.631621 -0.650241
    outer loop
      vertex -23.1376 36.9 11.5633
      vertex -23.4079 36.9 11.7388
      vertex -24.0008 38.7 10.3753
    endloop
  endfacet
  facet normal -0.49145 -0.631502 -0.599735
    outer loop
      vertex -24.0008 38.7 10.3753
      vertex -23.1304 36.9 11.5574
      vertex -23.1376 36.9 11.5633
    endloop
  endfacet
  facet normal -0.487922 -0.63161 -0.602496
    outer loop
      vertex -23.1304 36.9 11.5574
      vertex -24.0008 38.7 10.3753
      vertex -23.8625 38.7 10.2633
    endloop
  endfacet
  facet normal -0.205359 -0.631714 -0.747506
    outer loop
      vertex -24.03 36.9 12.0158
      vertex -24.4747 38.7 10.6168
      vertex -24.0209 36.9 12.0133
    endloop
  endfacet
  facet normal -0.200927 -0.631617 -0.748791
    outer loop
      vertex -24.4747 38.7 10.6168
      vertex -24.03 36.9 12.0158
      vertex -24.6465 38.7 10.6629
    endloop
  endfacet
  facet normal -0.748931 -0.631607 -0.200435
    outer loop
      vertex -21.9842 36.9 9.97005
      vertex -23.3832 38.7 9.52533
      vertex -23.3372 38.7 9.35345
    endloop
  endfacet
  facet normal -0.747198 -0.631736 -0.206408
    outer loop
      vertex -23.3832 38.7 9.52533
      vertex -21.9842 36.9 9.97005
      vertex -21.9867 36.9 9.9791
    endloop
  endfacet
  facet normal -0.748866 -0.631624 -0.200628
    outer loop
      vertex -21.9008 36.9 9.65875
      vertex -21.9842 36.9 9.97005
      vertex -23.3372 38.7 9.35345
    endloop
  endfacet
  facet normal 0.765712 -0.631607 0.121481
    outer loop
      vertex -28.1006 36.9 8.3505
      vertex -26.6907 38.7 8.8223
      vertex -28.1511 36.9 8.66881
    endloop
  endfacet
  facet normal 0.765696 -0.631613 0.121553
    outer loop
      vertex -28.1006 36.9 8.3505
      vertex -26.6628 38.7 8.64655
      vertex -26.6907 38.7 8.8223
    endloop
  endfacet
  facet normal 0.766663 -0.631478 0.116035
    outer loop
      vertex -26.6628 38.7 8.64655
      vertex -28.1006 36.9 8.3505
      vertex -28.0992 36.9 8.34125
    endloop
  endfacet
  facet normal 0.602322 -0.631603 0.488145
    outer loop
      vertex -27.5574 36.9 7.13037
      vertex -26.3753 38.7 8.00077
      vertex -27.5633 36.9 7.13765
    endloop
  endfacet
  facet normal 0.602479 -0.631609 0.487943
    outer loop
      vertex -26.3753 38.7 8.00077
      vertex -27.5574 36.9 7.13037
      vertex -26.2633 38.7 7.86248
    endloop
  endfacet
  facet normal 0.690797 -0.631614 0.351942
    outer loop
      vertex -27.7482 36.9 7.42413
      vertex -26.553 38.7 8.30855
      vertex -27.8945 36.9 7.71129
    endloop
  endfacet
  facet normal 0.487844 -0.63161 0.602559
    outer loop
      vertex -26.8696 36.9 6.44259
      vertex -26.1375 38.7 7.73665
      vertex -27.1201 36.9 6.6454
    endloop
  endfacet
  facet normal 0.27773 -0.631612 0.723832
    outer loop
      vertex -25.6915 38.7 7.44697
      vertex -25.9791 36.9 5.98665
      vertex -25.5253 38.7 7.3832
    endloop
  endfacet
  facet normal 0.279356 -0.631467 0.723333
    outer loop
      vertex -25.9791 36.9 5.98665
      vertex -25.6915 38.7 7.44697
      vertex -25.9878 36.9 5.99001
    endloop
  endfacet
  facet normal 0.27781 -0.6316 0.723812
    outer loop
      vertex -25.9878 36.9 5.99001
      vertex -25.6915 38.7 7.44697
      vertex -26.2887 36.9 6.1055
    endloop
  endfacet
  facet normal 0.422311 -0.631603 0.650178
    outer loop
      vertex -25.9992 38.7 7.62467
      vertex -26.5842 36.9 6.25607
      vertex -25.85 38.7 7.52776
    endloop
  endfacet
  facet normal 0.420414 -0.631786 0.651229
    outer loop
      vertex -26.5842 36.9 6.25607
      vertex -25.9992 38.7 7.62467
      vertex -26.5921 36.9 6.26117
    endloop
  endfacet
  facet normal 0.352076 -0.631612 0.69073
    outer loop
      vertex -25.85 38.7 7.52776
      vertex -26.5759 36.9 6.25182
      vertex -25.6915 38.7 7.44697
    endloop
  endfacet
  facet normal 0.353341 -0.631644 0.690055
    outer loop
      vertex -26.5759 36.9 6.25182
      vertex -25.85 38.7 7.52776
      vertex -26.5842 36.9 6.25607
    endloop
  endfacet
  facet normal -0.420414 -0.631786 0.651229
    outer loop
      vertex -24.0008 38.7 7.62467
      vertex -23.4158 36.9 6.25607
      vertex -23.4079 36.9 6.26117
    endloop
  endfacet
  facet normal -0.422311 -0.631603 0.650178
    outer loop
      vertex -23.4158 36.9 6.25607
      vertex -24.0008 38.7 7.62467
      vertex -24.15 38.7 7.52776
    endloop
  endfacet
  facet normal -0.351946 -0.6316 0.690808
    outer loop
      vertex -23.7113 36.9 6.1055
      vertex -23.4241 36.9 6.25182
      vertex -24.3085 38.7 7.44697
    endloop
  endfacet
  facet normal 0.49145 -0.631502 -0.599735
    outer loop
      vertex -26.8696 36.9 11.5574
      vertex -25.9992 38.7 10.3753
      vertex -26.8624 36.9 11.5633
    endloop
  endfacet
  facet normal 0.487922 -0.63161 -0.602496
    outer loop
      vertex -25.9992 38.7 10.3753
      vertex -26.8696 36.9 11.5574
      vertex -26.1375 38.7 10.2633
    endloop
  endfacet
  facet normal 0.422187 -0.631621 -0.650241
    outer loop
      vertex -25.9992 38.7 10.3753
      vertex -26.5921 36.9 11.7388
      vertex -26.8624 36.9 11.5633
    endloop
  endfacet
  facet normal 0.351905 -0.631608 -0.690821
    outer loop
      vertex -25.6915 38.7 10.553
      vertex -26.2887 36.9 11.8945
      vertex -26.5759 36.9 11.7482
    endloop
  endfacet
  facet normal 0.0411815 -0.631585 -0.774212
    outer loop
      vertex -25.0094 36.9 12.1679
      vertex -25 38.7 10.7
      vertex -25 36.9 12.1684
    endloop
  endfacet
  facet normal 0.0405199 -0.6316 -0.774235
    outer loop
      vertex -25 38.7 10.7
      vertex -25.0094 36.9 12.1679
      vertex -25.1777 38.7 10.6907
    endloop
  endfacet
  facet normal 0.6883 -0.631733 -0.356589
    outer loop
      vertex -27.7482 36.9 10.5759
      vertex -26.4722 38.7 9.85
      vertex -27.7439 36.9 10.5842
    endloop
  endfacet
  facet normal 0.690748 -0.631625 -0.352018
    outer loop
      vertex -26.4722 38.7 9.85
      vertex -27.7482 36.9 10.5759
      vertex -26.553 38.7 9.69145
    endloop
  endfacet
  facet normal -0.602449 -0.631603 -0.487989
    outer loop
      vertex -23.6247 38.7 9.99923
      vertex -22.4426 36.9 10.8696
      vertex -23.7367 38.7 10.1375
    endloop
  endfacet
  facet normal -0.599738 -0.631498 -0.491452
    outer loop
      vertex -22.4426 36.9 10.8696
      vertex -23.6247 38.7 9.99923
      vertex -22.4367 36.9 10.8624
    endloop
  endfacet
  facet normal -0.356589 -0.631733 -0.6883
    outer loop
      vertex -23.4241 36.9 11.7482
      vertex -24.15 38.7 10.4722
      vertex -23.4158 36.9 11.7439
    endloop
  endfacet
  facet normal -0.352105 -0.631627 -0.690702
    outer loop
      vertex -24.15 38.7 10.4722
      vertex -23.4241 36.9 11.7482
      vertex -24.3085 38.7 10.553
    endloop
  endfacet
  facet normal 0.723759 -0.631591 0.277967
    outer loop
      vertex -28.0133 36.9 8.0209
      vertex -26.553 38.7 8.30855
      vertex -26.6168 38.7 8.47467
    endloop
  endfacet
  facet normal 0.725042 -0.631958 0.273757
    outer loop
      vertex -26.553 38.7 8.30855
      vertex -28.0133 36.9 8.0209
      vertex -28.01 36.9 8.01216
    endloop
  endfacet
  facet normal 0.748866 -0.631624 0.200628
    outer loop
      vertex -28.0158 36.9 8.02995
      vertex -26.6628 38.7 8.64655
      vertex -28.0992 36.9 8.34125
    endloop
  endfacet
  facet normal 0.650241 -0.63161 0.422203
    outer loop
      vertex -27.5633 36.9 7.13765
      vertex -26.3753 38.7 8.00077
      vertex -27.7388 36.9 7.40794
    endloop
  endfacet
  facet normal 0.723784 -0.631614 0.277851
    outer loop
      vertex -27.8945 36.9 7.71129
      vertex -26.553 38.7 8.30855
      vertex -28.01 36.9 8.01216
    endloop
  endfacet
  facet normal 0.422223 -0.631618 0.650221
    outer loop
      vertex -26.5921 36.9 6.26117
      vertex -25.9992 38.7 7.62467
      vertex -26.8624 36.9 6.43669
    endloop
  endfacet
  facet normal 0.48787 -0.631607 0.60254
    outer loop
      vertex -26.8696 36.9 6.44259
      vertex -25.9992 38.7 7.62467
      vertex -26.1375 38.7 7.73665
    endloop
  endfacet
  facet normal 0.491452 -0.631498 0.599738
    outer loop
      vertex -25.9992 38.7 7.62467
      vertex -26.8696 36.9 6.44259
      vertex -26.8624 36.9 6.43669
    endloop
  endfacet
  facet normal -0.353341 -0.631644 0.690055
    outer loop
      vertex -24.15 38.7 7.52776
      vertex -23.4241 36.9 6.25182
      vertex -23.4158 36.9 6.25607
    endloop
  endfacet
  facet normal -0.352076 -0.631612 0.69073
    outer loop
      vertex -23.4241 36.9 6.25182
      vertex -24.15 38.7 7.52776
      vertex -24.3085 38.7 7.44697
    endloop
  endfacet
  facet normal -0.121273 -0.631605 0.765747
    outer loop
      vertex -24.6688 36.9 5.84894
      vertex -24.3505 36.9 5.89935
      vertex -24.8223 38.7 7.30931
    endloop
  endfacet
  facet normal -0.121044 -0.631599 0.765788
    outer loop
      vertex -24.6465 38.7 7.33715
      vertex -24.3505 36.9 5.89935
      vertex -24.3412 36.9 5.90082
    endloop
  endfacet
  facet normal -0.121265 -0.631604 0.765748
    outer loop
      vertex -24.3505 36.9 5.89935
      vertex -24.6465 38.7 7.33715
      vertex -24.8223 38.7 7.30931
    endloop
  endfacet
  facet normal -0.279356 -0.631467 0.723333
    outer loop
      vertex -24.3085 38.7 7.44697
      vertex -24.0209 36.9 5.98665
      vertex -24.0122 36.9 5.99001
    endloop
  endfacet
  facet normal -0.27773 -0.631612 0.723832
    outer loop
      vertex -24.0209 36.9 5.98665
      vertex -24.3085 38.7 7.44697
      vertex -24.4747 38.7 7.3832
    endloop
  endfacet
  facet normal -0.199258 -0.63157 0.749277
    outer loop
      vertex -24.4747 38.7 7.3832
      vertex -24.03 36.9 5.98423
      vertex -24.0209 36.9 5.98665
    endloop
  endfacet
  facet normal -0.200726 -0.631605 0.748855
    outer loop
      vertex -24.03 36.9 5.98423
      vertex -24.4747 38.7 7.3832
      vertex -24.6465 38.7 7.33715
    endloop
  endfacet
  facet normal 0.422279 -0.631606 -0.650196
    outer loop
      vertex -26.5842 36.9 11.7439
      vertex -25.9992 38.7 10.3753
      vertex -25.85 38.7 10.4722
    endloop
  endfacet
  facet normal 0.420414 -0.631786 -0.651229
    outer loop
      vertex -25.9992 38.7 10.3753
      vertex -26.5842 36.9 11.7439
      vertex -26.5921 36.9 11.7388
    endloop
  endfacet
  facet normal 0.200693 -0.631597 -0.748871
    outer loop
      vertex -25.3535 38.7 10.6629
      vertex -25.6588 36.9 12.0992
      vertex -25.97 36.9 12.0158
    endloop
  endfacet
  facet normal 0.352105 -0.631627 -0.690702
    outer loop
      vertex -26.5759 36.9 11.7482
      vertex -25.85 38.7 10.4722
      vertex -25.6915 38.7 10.553
    endloop
  endfacet
  facet normal 0.356589 -0.631733 -0.6883
    outer loop
      vertex -25.85 38.7 10.4722
      vertex -26.5759 36.9 11.7482
      vertex -26.5842 36.9 11.7439
    endloop
  endfacet
  facet normal 0.121099 -0.631575 -0.765799
    outer loop
      vertex -25.6495 36.9 12.1006
      vertex -25.3535 38.7 10.6629
      vertex -25.1777 38.7 10.6907
    endloop
  endfacet
  facet normal 0.115431 -0.631434 -0.76679
    outer loop
      vertex -25.3535 38.7 10.6629
      vertex -25.6495 36.9 12.1006
      vertex -25.6588 36.9 12.0992
    endloop
  endfacet
  facet normal 0.748931 -0.631607 0.200435
    outer loop
      vertex -28.0158 36.9 8.02995
      vertex -26.6168 38.7 8.47467
      vertex -26.6628 38.7 8.64655
    endloop
  endfacet
  facet normal 0.747198 -0.631736 0.206408
    outer loop
      vertex -26.6168 38.7 8.47467
      vertex -28.0158 36.9 8.02995
      vertex -28.0133 36.9 8.0209
    endloop
  endfacet
  facet normal 0.650232 -0.631609 0.422217
    outer loop
      vertex -27.7439 36.9 7.41579
      vertex -26.3753 38.7 8.00077
      vertex -26.4722 38.7 8.15
    endloop
  endfacet
  facet normal 0.65014 -0.631593 0.422384
    outer loop
      vertex -26.3753 38.7 8.00077
      vertex -27.7439 36.9 7.41579
      vertex -27.7388 36.9 7.40794
    endloop
  endfacet
  facet normal 0.690751 -0.631621 0.352019
    outer loop
      vertex -27.7482 36.9 7.42413
      vertex -26.4722 38.7 8.15
      vertex -26.553 38.7 8.30855
    endloop
  endfacet
  facet normal 0.689023 -0.6317 0.355251
    outer loop
      vertex -26.4722 38.7 8.15
      vertex -27.7482 36.9 7.42413
      vertex -27.7439 36.9 7.41579
    endloop
  endfacet
  facet normal -0.890973 0 0.454056
    outer loop
      vertex -11.5278 38.7 8.15
      vertex -11.447 39.9 8.30855
      vertex -11.5278 39.9 8.15
    endloop
  endfacet
  facet normal -0.890973 0 0.454056
    outer loop
      vertex -11.447 39.9 8.30855
      vertex -11.5278 38.7 8.15
      vertex -11.447 38.7 8.30855
    endloop
  endfacet
  facet normal -0.35823 0 0.933633
    outer loop
      vertex -12.4747 39.9 7.3832
      vertex -12.3085 38.7 7.44697
      vertex -12.3085 39.9 7.44697
    endloop
  endfacet
  facet normal -0.35823 0 0.933633
    outer loop
      vertex -12.3085 38.7 7.44697
      vertex -12.4747 39.9 7.3832
      vertex -12.4747 38.7 7.3832
    endloop
  endfacet
  facet normal 0.35823 0 0.933633
    outer loop
      vertex -13.6915 39.9 7.44697
      vertex -13.5253 38.7 7.3832
      vertex -13.5253 39.9 7.3832
    endloop
  endfacet
  facet normal 0.35823 0 0.933633
    outer loop
      vertex -13.5253 38.7 7.3832
      vertex -13.6915 39.9 7.44697
      vertex -13.6915 38.7 7.44697
    endloop
  endfacet
  facet normal 0.890973 -0 0.454056
    outer loop
      vertex -14.553 38.7 8.30855
      vertex -14.4722 39.9 8.15
      vertex -14.553 39.9 8.30855
    endloop
  endfacet
  facet normal 0.890973 0 0.454056
    outer loop
      vertex -14.4722 39.9 8.15
      vertex -14.553 38.7 8.30855
      vertex -14.4722 38.7 8.15
    endloop
  endfacet
  facet normal -0.998633 0 -0.0522639
    outer loop
      vertex -11.3 38.7 9
      vertex -11.3093 39.9 9.1777
      vertex -11.3 39.9 9
    endloop
  endfacet
  facet normal -0.998633 -0 -0.0522639
    outer loop
      vertex -11.3093 39.9 9.1777
      vertex -11.3 38.7 9
      vertex -11.3093 38.7 9.1777
    endloop
  endfacet
  facet normal -0.358377 0 -0.933577
    outer loop
      vertex -12.4747 38.7 10.6168
      vertex -12.3085 39.9 10.553
      vertex -12.3085 38.7 10.553
    endloop
  endfacet
  facet normal -0.358377 0 -0.933577
    outer loop
      vertex -12.3085 39.9 10.553
      vertex -12.4747 38.7 10.6168
      vertex -12.4747 39.9 10.6168
    endloop
  endfacet
  facet normal -0.156499 0 0.987678
    outer loop
      vertex -12.8223 39.9 7.30931
      vertex -12.6466 38.7 7.33715
      vertex -12.6466 39.9 7.33715
    endloop
  endfacet
  facet normal -0.156499 0 0.987678
    outer loop
      vertex -12.6466 38.7 7.33715
      vertex -12.8223 39.9 7.30931
      vertex -12.8223 38.7 7.30931
    endloop
  endfacet
  facet normal 0.777105 -0 0.629371
    outer loop
      vertex -14.3753 38.7 8.00077
      vertex -14.2633 39.9 7.86248
      vertex -14.3753 39.9 8.00077
    endloop
  endfacet
  facet normal 0.777105 0 0.629371
    outer loop
      vertex -14.2633 39.9 7.86248
      vertex -14.3753 38.7 8.00077
      vertex -14.2633 38.7 7.86248
    endloop
  endfacet
  facet normal 0.156499 0 0.987678
    outer loop
      vertex -13.3534 39.9 7.33715
      vertex -13.1777 38.7 7.30931
      vertex -13.1777 39.9 7.30931
    endloop
  endfacet
  facet normal 0.156499 0 0.987678
    outer loop
      vertex -13.1777 38.7 7.30931
      vertex -13.3534 39.9 7.33715
      vertex -13.3534 38.7 7.33715
    endloop
  endfacet
  facet normal 0.629276 0 0.777182
    outer loop
      vertex -14.1375 39.9 7.73665
      vertex -13.9992 38.7 7.62467
      vertex -13.9992 39.9 7.62467
    endloop
  endfacet
  facet normal 0.629276 0 0.777182
    outer loop
      vertex -13.9992 38.7 7.62467
      vertex -14.1375 39.9 7.73665
      vertex -14.1375 38.7 7.73665
    endloop
  endfacet
  facet normal -0.933519 0 -0.358527
    outer loop
      vertex -11.3832 38.7 9.52533
      vertex -11.447 39.9 9.69145
      vertex -11.3832 39.9 9.52533
    endloop
  endfacet
  facet normal -0.933519 -0 -0.358527
    outer loop
      vertex -11.447 39.9 9.69145
      vertex -11.3832 38.7 9.52533
      vertex -11.447 38.7 9.69145
    endloop
  endfacet
  facet normal 0.259026 0 -0.96587
    outer loop
      vertex -13.5253 38.7 10.6168
      vertex -13.3534 39.9 10.6629
      vertex -13.3534 38.7 10.6629
    endloop
  endfacet
  facet normal 0.259026 0 -0.96587
    outer loop
      vertex -13.3534 39.9 10.6629
      vertex -13.5253 38.7 10.6168
      vertex -13.5253 39.9 10.6168
    endloop
  endfacet
  facet normal -0.259026 0 -0.96587
    outer loop
      vertex -12.6466 38.7 10.6629
      vertex -12.4747 39.9 10.6168
      vertex -12.4747 38.7 10.6168
    endloop
  endfacet
  facet normal -0.259026 0 -0.96587
    outer loop
      vertex -12.4747 39.9 10.6168
      vertex -12.6466 38.7 10.6629
      vertex -12.6466 39.9 10.6629
    endloop
  endfacet
  facet normal -0.838699 0 0.544595
    outer loop
      vertex -11.6247 38.7 8.00077
      vertex -11.5278 39.9 8.15
      vertex -11.6247 39.9 8.00077
    endloop
  endfacet
  facet normal -0.838699 0 0.544595
    outer loop
      vertex -11.5278 39.9 8.15
      vertex -11.6247 38.7 8.00077
      vertex -11.5278 38.7 8.15
    endloop
  endfacet
  facet normal -0.707191 0 0.707022
    outer loop
      vertex -11.8625 38.7 7.73665
      vertex -11.7367 39.9 7.86248
      vertex -11.8625 39.9 7.73665
    endloop
  endfacet
  facet normal -0.707191 0 0.707022
    outer loop
      vertex -11.7367 39.9 7.86248
      vertex -11.8625 38.7 7.73665
      vertex -11.7367 38.7 7.86248
    endloop
  endfacet
  facet normal 0.0523199 0 0.99863
    outer loop
      vertex -13.1777 39.9 7.30931
      vertex -13 38.7 7.3
      vertex -13 39.9 7.3
    endloop
  endfacet
  facet normal 0.0523199 0 0.99863
    outer loop
      vertex -13 38.7 7.3
      vertex -13.1777 39.9 7.30931
      vertex -13.1777 38.7 7.30931
    endloop
  endfacet
  facet normal -0.0523199 0 0.99863
    outer loop
      vertex -13 39.9 7.3
      vertex -12.8223 38.7 7.30931
      vertex -12.8223 39.9 7.30931
    endloop
  endfacet
  facet normal -0.0523199 0 0.99863
    outer loop
      vertex -12.8223 38.7 7.30931
      vertex -13 39.9 7.3
      vertex -13 38.7 7.3
    endloop
  endfacet
  facet normal -0.629276 0 0.777182
    outer loop
      vertex -12.0008 39.9 7.62467
      vertex -11.8625 38.7 7.73665
      vertex -11.8625 39.9 7.73665
    endloop
  endfacet
  facet normal -0.629276 0 0.777182
    outer loop
      vertex -11.8625 38.7 7.73665
      vertex -12.0008 39.9 7.62467
      vertex -12.0008 38.7 7.62467
    endloop
  endfacet
  facet normal -0.454125 0 0.890938
    outer loop
      vertex -12.3085 39.9 7.44697
      vertex -12.15 38.7 7.52776
      vertex -12.15 39.9 7.52776
    endloop
  endfacet
  facet normal -0.454125 0 0.890938
    outer loop
      vertex -12.15 38.7 7.52776
      vertex -12.3085 39.9 7.44697
      vertex -12.3085 38.7 7.44697
    endloop
  endfacet
  facet normal -0.544712 0 0.838623
    outer loop
      vertex -12.15 39.9 7.52776
      vertex -12.0008 38.7 7.62467
      vertex -12.0008 39.9 7.62467
    endloop
  endfacet
  facet normal -0.544712 0 0.838623
    outer loop
      vertex -12.0008 38.7 7.62467
      vertex -12.15 39.9 7.52776
      vertex -12.15 38.7 7.52776
    endloop
  endfacet
  facet normal 0.998633 -0 0.0522639
    outer loop
      vertex -14.7 38.7 9
      vertex -14.6907 39.9 8.8223
      vertex -14.7 39.9 9
    endloop
  endfacet
  facet normal 0.998633 0 0.0522639
    outer loop
      vertex -14.6907 39.9 8.8223
      vertex -14.7 38.7 9
      vertex -14.6907 38.7 8.8223
    endloop
  endfacet
  facet normal 0.933519 -0 0.358527
    outer loop
      vertex -14.6168 38.7 8.47467
      vertex -14.553 39.9 8.30855
      vertex -14.6168 39.9 8.47467
    endloop
  endfacet
  facet normal 0.933519 0 0.358527
    outer loop
      vertex -14.553 39.9 8.30855
      vertex -14.6168 38.7 8.47467
      vertex -14.553 38.7 8.30855
    endloop
  endfacet
  facet normal 0.965863 -0 0.259054
    outer loop
      vertex -14.6629 38.7 8.64655
      vertex -14.6168 39.9 8.47467
      vertex -14.6629 39.9 8.64655
    endloop
  endfacet
  facet normal 0.965863 0 0.259054
    outer loop
      vertex -14.6168 39.9 8.47467
      vertex -14.6629 38.7 8.64655
      vertex -14.6168 38.7 8.47467
    endloop
  endfacet
  facet normal 0.454125 0 0.890938
    outer loop
      vertex -13.85 39.9 7.52776
      vertex -13.6915 38.7 7.44697
      vertex -13.6915 39.9 7.44697
    endloop
  endfacet
  facet normal 0.454125 0 0.890938
    outer loop
      vertex -13.6915 38.7 7.44697
      vertex -13.85 39.9 7.52776
      vertex -13.85 38.7 7.52776
    endloop
  endfacet
  facet normal 0.544712 0 0.838623
    outer loop
      vertex -13.9992 39.9 7.62467
      vertex -13.85 38.7 7.52776
      vertex -13.85 39.9 7.52776
    endloop
  endfacet
  facet normal 0.544712 0 0.838623
    outer loop
      vertex -13.85 38.7 7.52776
      vertex -13.9992 39.9 7.62467
      vertex -13.9992 38.7 7.62467
    endloop
  endfacet
  facet normal 0.707191 -0 0.707022
    outer loop
      vertex -14.2633 38.7 7.86248
      vertex -14.1375 39.9 7.73665
      vertex -14.2633 39.9 7.86248
    endloop
  endfacet
  facet normal 0.707191 0 0.707022
    outer loop
      vertex -14.1375 39.9 7.73665
      vertex -14.2633 38.7 7.86248
      vertex -14.1375 38.7 7.73665
    endloop
  endfacet
  facet normal -0.998633 0 0.0522639
    outer loop
      vertex -11.3093 38.7 8.8223
      vertex -11.3 39.9 9
      vertex -11.3093 39.9 8.8223
    endloop
  endfacet
  facet normal -0.998633 0 0.0522639
    outer loop
      vertex -11.3 39.9 9
      vertex -11.3093 38.7 8.8223
      vertex -11.3 38.7 9
    endloop
  endfacet
  facet normal -0.15628 0 -0.987713
    outer loop
      vertex -12.8223 38.7 10.6907
      vertex -12.6466 39.9 10.6629
      vertex -12.6466 38.7 10.6629
    endloop
  endfacet
  facet normal -0.15628 0 -0.987713
    outer loop
      vertex -12.6466 39.9 10.6629
      vertex -12.8223 38.7 10.6907
      vertex -12.8223 39.9 10.6907
    endloop
  endfacet
  facet normal -0.933519 0 0.358527
    outer loop
      vertex -11.447 38.7 8.30855
      vertex -11.3832 39.9 8.47467
      vertex -11.447 39.9 8.30855
    endloop
  endfacet
  facet normal -0.933519 0 0.358527
    outer loop
      vertex -11.3832 39.9 8.47467
      vertex -11.447 38.7 8.30855
      vertex -11.3832 38.7 8.47467
    endloop
  endfacet
  facet normal -0.965863 0 0.259054
    outer loop
      vertex -11.3832 38.7 8.47467
      vertex -11.3371 39.9 8.64655
      vertex -11.3832 39.9 8.47467
    endloop
  endfacet
  facet normal -0.965863 0 0.259054
    outer loop
      vertex -11.3371 39.9 8.64655
      vertex -11.3832 38.7 8.47467
      vertex -11.3371 38.7 8.64655
    endloop
  endfacet
  facet normal -0.98772 0 0.156237
    outer loop
      vertex -11.3371 38.7 8.64655
      vertex -11.3093 39.9 8.8223
      vertex -11.3371 39.9 8.64655
    endloop
  endfacet
  facet normal -0.98772 0 0.156237
    outer loop
      vertex -11.3093 39.9 8.8223
      vertex -11.3371 38.7 8.64655
      vertex -11.3093 38.7 8.8223
    endloop
  endfacet
  facet normal -0.777105 0 0.629371
    outer loop
      vertex -11.7367 38.7 7.86248
      vertex -11.6247 39.9 8.00077
      vertex -11.7367 39.9 7.86248
    endloop
  endfacet
  facet normal -0.777105 0 0.629371
    outer loop
      vertex -11.6247 39.9 8.00077
      vertex -11.7367 38.7 7.86248
      vertex -11.6247 38.7 8.00077
    endloop
  endfacet
  facet normal -0.258764 0 0.965941
    outer loop
      vertex -12.6466 39.9 7.33715
      vertex -12.4747 38.7 7.3832
      vertex -12.4747 39.9 7.3832
    endloop
  endfacet
  facet normal -0.258764 0 0.965941
    outer loop
      vertex -12.4747 38.7 7.3832
      vertex -12.6466 39.9 7.33715
      vertex -12.6466 38.7 7.33715
    endloop
  endfacet
  facet normal 0.98772 -0 0.156237
    outer loop
      vertex -14.6907 38.7 8.8223
      vertex -14.6629 39.9 8.64655
      vertex -14.6907 39.9 8.8223
    endloop
  endfacet
  facet normal 0.98772 0 0.156237
    outer loop
      vertex -14.6629 39.9 8.64655
      vertex -14.6907 38.7 8.8223
      vertex -14.6629 38.7 8.64655
    endloop
  endfacet
  facet normal 0.838699 -0 0.544595
    outer loop
      vertex -14.4722 38.7 8.15
      vertex -14.3753 39.9 8.00077
      vertex -14.4722 39.9 8.15
    endloop
  endfacet
  facet normal 0.838699 0 0.544595
    outer loop
      vertex -14.3753 39.9 8.00077
      vertex -14.4722 38.7 8.15
      vertex -14.3753 38.7 8.00077
    endloop
  endfacet
  facet normal 0.258764 0 0.965941
    outer loop
      vertex -13.5253 39.9 7.3832
      vertex -13.3534 38.7 7.33715
      vertex -13.3534 39.9 7.33715
    endloop
  endfacet
  facet normal 0.258764 0 0.965941
    outer loop
      vertex -13.3534 38.7 7.33715
      vertex -13.5253 39.9 7.3832
      vertex -13.5253 38.7 7.3832
    endloop
  endfacet
  facet normal -0.98772 0 -0.156237
    outer loop
      vertex -11.3093 38.7 9.1777
      vertex -11.3371 39.9 9.35345
      vertex -11.3093 39.9 9.1777
    endloop
  endfacet
  facet normal -0.98772 -0 -0.156237
    outer loop
      vertex -11.3371 39.9 9.35345
      vertex -11.3093 38.7 9.1777
      vertex -11.3371 38.7 9.35345
    endloop
  endfacet
  facet normal -0.965863 0 -0.259054
    outer loop
      vertex -11.3371 38.7 9.35345
      vertex -11.3832 39.9 9.52533
      vertex -11.3371 39.9 9.35345
    endloop
  endfacet
  facet normal -0.965863 -0 -0.259054
    outer loop
      vertex -11.3832 39.9 9.52533
      vertex -11.3371 38.7 9.35345
      vertex -11.3832 38.7 9.52533
    endloop
  endfacet
  facet normal -0.890973 0 -0.454056
    outer loop
      vertex -11.447 38.7 9.69145
      vertex -11.5278 39.9 9.85
      vertex -11.447 39.9 9.69145
    endloop
  endfacet
  facet normal -0.890973 -0 -0.454056
    outer loop
      vertex -11.5278 39.9 9.85
      vertex -11.447 38.7 9.69145
      vertex -11.5278 38.7 9.85
    endloop
  endfacet
  facet normal -0.77706 0 -0.629426
    outer loop
      vertex -11.6247 38.7 9.99923
      vertex -11.7367 39.9 10.1375
      vertex -11.6247 39.9 9.99923
    endloop
  endfacet
  facet normal -0.77706 -0 -0.629426
    outer loop
      vertex -11.7367 39.9 10.1375
      vertex -11.6247 38.7 9.99923
      vertex -11.7367 38.7 10.1375
    endloop
  endfacet
  facet normal 0.45417 0 -0.890915
    outer loop
      vertex -13.85 38.7 10.4722
      vertex -13.6915 39.9 10.553
      vertex -13.6915 38.7 10.553
    endloop
  endfacet
  facet normal 0.45417 0 -0.890915
    outer loop
      vertex -13.6915 39.9 10.553
      vertex -13.85 38.7 10.4722
      vertex -13.85 39.9 10.4722
    endloop
  endfacet
  facet normal 0.998633 0 -0.0522639
    outer loop
      vertex -14.6907 38.7 9.1777
      vertex -14.7 39.9 9
      vertex -14.6907 39.9 9.1777
    endloop
  endfacet
  facet normal 0.998633 0 -0.0522639
    outer loop
      vertex -14.7 39.9 9
      vertex -14.6907 38.7 9.1777
      vertex -14.7 38.7 9
    endloop
  endfacet
  facet normal 0.77706 0 -0.629426
    outer loop
      vertex -14.2633 38.7 10.1375
      vertex -14.3753 39.9 9.99923
      vertex -14.2633 39.9 10.1375
    endloop
  endfacet
  facet normal 0.77706 0 -0.629426
    outer loop
      vertex -14.3753 39.9 9.99923
      vertex -14.2633 38.7 10.1375
      vertex -14.3753 38.7 9.99923
    endloop
  endfacet
  facet normal -0.45417 0 -0.890915
    outer loop
      vertex -12.3085 38.7 10.553
      vertex -12.15 39.9 10.4722
      vertex -12.15 38.7 10.4722
    endloop
  endfacet
  facet normal -0.45417 0 -0.890915
    outer loop
      vertex -12.15 39.9 10.4722
      vertex -12.3085 38.7 10.553
      vertex -12.3085 39.9 10.553
    endloop
  endfacet
  facet normal -0.838699 0 -0.544595
    outer loop
      vertex -11.5278 38.7 9.85
      vertex -11.6247 39.9 9.99923
      vertex -11.5278 39.9 9.85
    endloop
  endfacet
  facet normal -0.838699 -0 -0.544595
    outer loop
      vertex -11.6247 39.9 9.99923
      vertex -11.5278 38.7 9.85
      vertex -11.6247 38.7 9.99923
    endloop
  endfacet
  facet normal 0.629344 0 -0.777127
    outer loop
      vertex -14.1375 38.7 10.2633
      vertex -13.9992 39.9 10.3753
      vertex -13.9992 38.7 10.3753
    endloop
  endfacet
  facet normal 0.629344 0 -0.777127
    outer loop
      vertex -13.9992 39.9 10.3753
      vertex -14.1375 38.7 10.2633
      vertex -14.1375 39.9 10.2633
    endloop
  endfacet
  facet normal 0.544672 0 -0.838649
    outer loop
      vertex -13.9992 38.7 10.3753
      vertex -13.85 39.9 10.4722
      vertex -13.85 38.7 10.4722
    endloop
  endfacet
  facet normal 0.544672 0 -0.838649
    outer loop
      vertex -13.85 39.9 10.4722
      vertex -13.9992 38.7 10.3753
      vertex -13.9992 39.9 10.3753
    endloop
  endfacet
  facet normal -0.0522639 0 -0.998633
    outer loop
      vertex -13 38.7 10.7
      vertex -12.8223 39.9 10.6907
      vertex -12.8223 38.7 10.6907
    endloop
  endfacet
  facet normal -0.0522639 0 -0.998633
    outer loop
      vertex -12.8223 39.9 10.6907
      vertex -13 38.7 10.7
      vertex -13 39.9 10.7
    endloop
  endfacet
  facet normal 0.98772 0 -0.156237
    outer loop
      vertex -14.6629 38.7 9.35345
      vertex -14.6907 39.9 9.1777
      vertex -14.6629 39.9 9.35345
    endloop
  endfacet
  facet normal 0.98772 0 -0.156237
    outer loop
      vertex -14.6907 39.9 9.1777
      vertex -14.6629 38.7 9.35345
      vertex -14.6907 38.7 9.1777
    endloop
  endfacet
  facet normal 0.707107 0 -0.707107
    outer loop
      vertex -14.1375 38.7 10.2633
      vertex -14.2633 39.9 10.1375
      vertex -14.1375 39.9 10.2633
    endloop
  endfacet
  facet normal 0.707107 0 -0.707107
    outer loop
      vertex -14.2633 39.9 10.1375
      vertex -14.1375 38.7 10.2633
      vertex -14.2633 38.7 10.1375
    endloop
  endfacet
  facet normal 0.890973 0 -0.454056
    outer loop
      vertex -14.4722 38.7 9.85
      vertex -14.553 39.9 9.69145
      vertex -14.4722 39.9 9.85
    endloop
  endfacet
  facet normal 0.890973 0 -0.454056
    outer loop
      vertex -14.553 39.9 9.69145
      vertex -14.4722 38.7 9.85
      vertex -14.553 38.7 9.69145
    endloop
  endfacet
  facet normal 0.933519 0 -0.358527
    outer loop
      vertex -14.553 38.7 9.69145
      vertex -14.6168 39.9 9.52533
      vertex -14.553 39.9 9.69145
    endloop
  endfacet
  facet normal 0.933519 0 -0.358527
    outer loop
      vertex -14.6168 39.9 9.52533
      vertex -14.553 38.7 9.69145
      vertex -14.6168 38.7 9.52533
    endloop
  endfacet
  facet normal 0.965863 0 -0.259054
    outer loop
      vertex -14.6168 38.7 9.52533
      vertex -14.6629 39.9 9.35345
      vertex -14.6168 39.9 9.52533
    endloop
  endfacet
  facet normal 0.965863 0 -0.259054
    outer loop
      vertex -14.6629 39.9 9.35345
      vertex -14.6168 38.7 9.52533
      vertex -14.6629 38.7 9.35345
    endloop
  endfacet
  facet normal -0.544672 0 -0.838649
    outer loop
      vertex -12.15 38.7 10.4722
      vertex -12.0008 39.9 10.3753
      vertex -12.0008 38.7 10.3753
    endloop
  endfacet
  facet normal -0.544672 0 -0.838649
    outer loop
      vertex -12.0008 39.9 10.3753
      vertex -12.15 38.7 10.4722
      vertex -12.15 39.9 10.4722
    endloop
  endfacet
  facet normal -0.707107 0 -0.707107
    outer loop
      vertex -11.7367 38.7 10.1375
      vertex -11.8625 39.9 10.2633
      vertex -11.7367 39.9 10.1375
    endloop
  endfacet
  facet normal -0.707107 -0 -0.707107
    outer loop
      vertex -11.8625 39.9 10.2633
      vertex -11.7367 38.7 10.1375
      vertex -11.8625 38.7 10.2633
    endloop
  endfacet
  facet normal -0.629344 0 -0.777127
    outer loop
      vertex -12.0008 38.7 10.3753
      vertex -11.8625 39.9 10.2633
      vertex -11.8625 38.7 10.2633
    endloop
  endfacet
  facet normal -0.629344 0 -0.777127
    outer loop
      vertex -11.8625 39.9 10.2633
      vertex -12.0008 38.7 10.3753
      vertex -12.0008 39.9 10.3753
    endloop
  endfacet
  facet normal 0.838699 0 -0.544595
    outer loop
      vertex -14.3753 38.7 9.99923
      vertex -14.4722 39.9 9.85
      vertex -14.3753 39.9 9.99923
    endloop
  endfacet
  facet normal 0.838699 0 -0.544595
    outer loop
      vertex -14.4722 39.9 9.85
      vertex -14.3753 38.7 9.99923
      vertex -14.4722 38.7 9.85
    endloop
  endfacet
  facet normal 0.15628 0 -0.987713
    outer loop
      vertex -13.3534 38.7 10.6629
      vertex -13.1777 39.9 10.6907
      vertex -13.1777 38.7 10.6907
    endloop
  endfacet
  facet normal 0.15628 0 -0.987713
    outer loop
      vertex -13.1777 39.9 10.6907
      vertex -13.3534 38.7 10.6629
      vertex -13.3534 39.9 10.6629
    endloop
  endfacet
  facet normal 0.0522639 0 -0.998633
    outer loop
      vertex -13.1777 38.7 10.6907
      vertex -13 39.9 10.7
      vertex -13 38.7 10.7
    endloop
  endfacet
  facet normal 0.0522639 0 -0.998633
    outer loop
      vertex -13 39.9 10.7
      vertex -13.1777 38.7 10.6907
      vertex -13.1777 39.9 10.6907
    endloop
  endfacet
  facet normal 0.358377 0 -0.933577
    outer loop
      vertex -13.6915 38.7 10.553
      vertex -13.5253 39.9 10.6168
      vertex -13.5253 38.7 10.6168
    endloop
  endfacet
  facet normal 0.358377 0 -0.933577
    outer loop
      vertex -13.5253 39.9 10.6168
      vertex -13.6915 38.7 10.553
      vertex -13.6915 39.9 10.553
    endloop
  endfacet
  facet normal -0.774229 -0.631607 0.0405196
    outer loop
      vertex -9.83207 36.9 8.99065
      vertex -11.3 38.7 9
      vertex -11.3093 38.7 8.8223
    endloop
  endfacet
  facet normal -0.774227 -0.631606 0.0405745
    outer loop
      vertex -11.3 38.7 9
      vertex -9.83207 36.9 8.99065
      vertex -9.83158 36.9 9
    endloop
  endfacet
  facet normal -0.77423 -0.631602 0.0405831
    outer loop
      vertex -9.84894 36.9 8.66881
      vertex -9.83207 36.9 8.99065
      vertex -11.3093 38.7 8.8223
    endloop
  endfacet
  facet normal 0.548203 -0.631622 -0.548203
    outer loop
      vertex -15.3546 36.9 11.1201
      vertex -14.1375 38.7 10.2633
      vertex -15.1201 36.9 11.3546
    endloop
  endfacet
  facet normal 0.548203 -0.631622 -0.548203
    outer loop
      vertex -14.1375 38.7 10.2633
      vertex -15.3546 36.9 11.1201
      vertex -14.2633 38.7 10.1375
    endloop
  endfacet
  facet normal -0.602564 -0.631619 -0.487825
    outer loop
      vertex -10.4426 36.9 10.8696
      vertex -10.6454 36.9 11.1201
      vertex -11.7367 38.7 10.1375
    endloop
  endfacet
  facet normal -0.487844 -0.63161 0.602559
    outer loop
      vertex -11.1304 36.9 6.44259
      vertex -10.8799 36.9 6.6454
      vertex -11.8625 38.7 7.73665
    endloop
  endfacet
  facet normal 0.548271 -0.631619 0.54814
    outer loop
      vertex -15.3546 36.9 6.87991
      vertex -14.1375 38.7 7.73665
      vertex -14.2633 38.7 7.86248
    endloop
  endfacet
  facet normal 0.548221 -0.631612 0.548197
    outer loop
      vertex -14.1375 38.7 7.73665
      vertex -15.3546 36.9 6.87991
      vertex -15.1201 36.9 6.6454
    endloop
  endfacet
  facet normal 0.774205 -0.631579 0.0414013
    outer loop
      vertex -16.1679 36.9 8.99065
      vertex -14.7 38.7 9
      vertex -16.1684 36.9 9
    endloop
  endfacet
  facet normal 0.774235 -0.631599 0.0405199
    outer loop
      vertex -14.7 38.7 9
      vertex -16.1679 36.9 8.99065
      vertex -14.6907 38.7 8.8223
    endloop
  endfacet
  facet normal -0.548271 -0.631619 0.54814
    outer loop
      vertex -11.8625 38.7 7.73665
      vertex -10.6454 36.9 6.87991
      vertex -11.7367 38.7 7.86248
    endloop
  endfacet
  facet normal -0.548221 -0.631612 0.548197
    outer loop
      vertex -10.6454 36.9 6.87991
      vertex -11.8625 38.7 7.73665
      vertex -10.8799 36.9 6.6454
    endloop
  endfacet
  facet normal -0.48787 -0.631607 0.60254
    outer loop
      vertex -12.0008 38.7 7.62467
      vertex -11.1304 36.9 6.44259
      vertex -11.8625 38.7 7.73665
    endloop
  endfacet
  facet normal -0.491452 -0.631498 0.599738
    outer loop
      vertex -11.1304 36.9 6.44259
      vertex -12.0008 38.7 7.62467
      vertex -11.1376 36.9 6.43669
    endloop
  endfacet
  facet normal -0.422223 -0.631618 0.650221
    outer loop
      vertex -11.4079 36.9 6.26117
      vertex -11.1376 36.9 6.43669
      vertex -12.0008 38.7 7.62467
    endloop
  endfacet
  facet normal -0.723675 -0.631581 0.278209
    outer loop
      vertex -9.98665 36.9 8.0209
      vertex -11.447 38.7 8.30855
      vertex -9.99001 36.9 8.01216
    endloop
  endfacet
  facet normal -0.72375 -0.631603 0.277963
    outer loop
      vertex -11.447 38.7 8.30855
      vertex -9.98665 36.9 8.0209
      vertex -11.3832 38.7 8.47467
    endloop
  endfacet
  facet normal -0.690797 -0.631614 0.351942
    outer loop
      vertex -10.2518 36.9 7.42413
      vertex -10.1055 36.9 7.71129
      vertex -11.447 38.7 8.30855
    endloop
  endfacet
  facet normal 0.651232 -0.631781 -0.420416
    outer loop
      vertex -15.7439 36.9 10.5842
      vertex -14.3753 38.7 9.99923
      vertex -15.7388 36.9 10.5921
    endloop
  endfacet
  facet normal 0.650233 -0.631608 -0.422218
    outer loop
      vertex -14.3753 38.7 9.99923
      vertex -15.7439 36.9 10.5842
      vertex -14.4722 38.7 9.85
    endloop
  endfacet
  facet normal 0.277848 -0.631597 -0.7238
    outer loop
      vertex -13.9791 36.9 12.0133
      vertex -13.6915 38.7 10.553
      vertex -13.5253 38.7 10.6168
    endloop
  endfacet
  facet normal 0.274887 -0.631856 -0.724703
    outer loop
      vertex -13.6915 38.7 10.553
      vertex -13.9791 36.9 12.0133
      vertex -13.9878 36.9 12.01
    endloop
  endfacet
  facet normal 0.766683 -0.631452 -0.116039
    outer loop
      vertex -16.1006 36.9 9.6495
      vertex -14.6629 38.7 9.35345
      vertex -16.0992 36.9 9.65875
    endloop
  endfacet
  facet normal 0.765792 -0.631578 -0.121132
    outer loop
      vertex -14.6629 38.7 9.35345
      vertex -16.1006 36.9 9.6495
      vertex -14.6907 38.7 9.1777
    endloop
  endfacet
  facet normal 0.748886 -0.631599 -0.200633
    outer loop
      vertex -14.6629 38.7 9.35345
      vertex -16.0158 36.9 9.97005
      vertex -16.0992 36.9 9.65875
    endloop
  endfacet
  facet normal -0.420414 -0.631786 -0.651229
    outer loop
      vertex -11.4158 36.9 11.7439
      vertex -12.0008 38.7 10.3753
      vertex -11.4079 36.9 11.7388
    endloop
  endfacet
  facet normal -0.422279 -0.631606 -0.650196
    outer loop
      vertex -12.0008 38.7 10.3753
      vertex -11.4158 36.9 11.7439
      vertex -12.15 38.7 10.4722
    endloop
  endfacet
  facet normal -0.76575 -0.631602 -0.12127
    outer loop
      vertex -9.84894 36.9 9.33119
      vertex -9.89935 36.9 9.6495
      vertex -11.3093 38.7 9.1777
    endloop
  endfacet
  facet normal -0.11543 -0.631438 -0.766787
    outer loop
      vertex -12.3505 36.9 12.1006
      vertex -12.6466 38.7 10.6629
      vertex -12.3412 36.9 12.0992
    endloop
  endfacet
  facet normal -0.121166 -0.63158 -0.765784
    outer loop
      vertex -12.6466 38.7 10.6629
      vertex -12.3505 36.9 12.1006
      vertex -12.8223 38.7 10.6907
    endloop
  endfacet
  facet normal -0.200692 -0.631604 -0.748865
    outer loop
      vertex -12.03 36.9 12.0158
      vertex -12.3412 36.9 12.0992
      vertex -12.6466 38.7 10.6629
    endloop
  endfacet
  facet normal -0.77423 -0.631602 -0.0405831
    outer loop
      vertex -9.83207 36.9 9.00935
      vertex -9.84894 36.9 9.33119
      vertex -11.3093 38.7 9.1777
    endloop
  endfacet
  facet normal -0.774227 -0.631606 -0.0405745
    outer loop
      vertex -9.83207 36.9 9.00935
      vertex -11.3 38.7 9
      vertex -9.83158 36.9 9
    endloop
  endfacet
  facet normal -0.774229 -0.631607 -0.0405196
    outer loop
      vertex -11.3 38.7 9
      vertex -9.83207 36.9 9.00935
      vertex -11.3093 38.7 9.1777
    endloop
  endfacet
  facet normal -0.76575 -0.631602 0.12127
    outer loop
      vertex -9.89935 36.9 8.3505
      vertex -9.84894 36.9 8.66881
      vertex -11.3093 38.7 8.8223
    endloop
  endfacet
  facet normal 0.774234 -0.631608 0.0404149
    outer loop
      vertex -16.1511 36.9 8.66881
      vertex -14.6907 38.7 8.8223
      vertex -16.1679 36.9 8.99065
    endloop
  endfacet
  facet normal 0.121273 -0.631605 0.765747
    outer loop
      vertex -13.3312 36.9 5.84894
      vertex -13.1777 38.7 7.30931
      vertex -13.6495 36.9 5.89935
    endloop
  endfacet
  facet normal -0.040563 -0.631607 0.774227
    outer loop
      vertex -13 38.7 7.3
      vertex -12.9906 36.9 5.83207
      vertex -12.8223 38.7 7.30931
    endloop
  endfacet
  facet normal -0.040359 -0.631611 0.774234
    outer loop
      vertex -12.9906 36.9 5.83207
      vertex -13 38.7 7.3
      vertex -13 36.9 5.83158
    endloop
  endfacet
  facet normal -0.65014 -0.631593 0.422384
    outer loop
      vertex -10.2561 36.9 7.41579
      vertex -11.6247 38.7 8.00077
      vertex -10.2612 36.9 7.40794
    endloop
  endfacet
  facet normal -0.650232 -0.631609 0.422217
    outer loop
      vertex -11.6247 38.7 8.00077
      vertex -10.2561 36.9 7.41579
      vertex -11.5278 38.7 8.15
    endloop
  endfacet
  facet normal -0.765684 -0.631603 0.121682
    outer loop
      vertex -9.89935 36.9 8.3505
      vertex -11.3371 38.7 8.64655
      vertex -9.90082 36.9 8.34125
    endloop
  endfacet
  facet normal -0.765781 -0.63159 0.121131
    outer loop
      vertex -11.3371 38.7 8.64655
      vertex -9.89935 36.9 8.3505
      vertex -11.3093 38.7 8.8223
    endloop
  endfacet
  facet normal -0.748884 -0.631593 0.200657
    outer loop
      vertex -9.98423 36.9 8.02995
      vertex -9.90082 36.9 8.34125
      vertex -11.3371 38.7 8.64655
    endloop
  endfacet
  facet normal -0.723792 -0.631613 0.27783
    outer loop
      vertex -10.1055 36.9 7.71129
      vertex -9.99001 36.9 8.01216
      vertex -11.447 38.7 8.30855
    endloop
  endfacet
  facet normal 0.602564 -0.631619 -0.487825
    outer loop
      vertex -14.2633 38.7 10.1375
      vertex -15.3546 36.9 11.1201
      vertex -15.5574 36.9 10.8696
    endloop
  endfacet
  facet normal 0.487825 -0.631619 -0.602564
    outer loop
      vertex -14.1375 38.7 10.2633
      vertex -14.8696 36.9 11.5574
      vertex -15.1201 36.9 11.3546
    endloop
  endfacet
  facet normal 0.277829 -0.631608 -0.723798
    outer loop
      vertex -13.6915 38.7 10.553
      vertex -13.9878 36.9 12.01
      vertex -14.2887 36.9 11.8945
    endloop
  endfacet
  facet normal 0.725042 -0.631958 -0.273757
    outer loop
      vertex -16.0133 36.9 9.9791
      vertex -14.553 38.7 9.69145
      vertex -16.01 36.9 9.98784
    endloop
  endfacet
  facet normal 0.723759 -0.631591 -0.277967
    outer loop
      vertex -14.553 38.7 9.69145
      vertex -16.0133 36.9 9.9791
      vertex -14.6168 38.7 9.52533
    endloop
  endfacet
  facet normal 0.774235 -0.631599 -0.0405199
    outer loop
      vertex -16.1679 36.9 9.00935
      vertex -14.7 38.7 9
      vertex -14.6907 38.7 9.1777
    endloop
  endfacet
  facet normal 0.774205 -0.631579 -0.0414013
    outer loop
      vertex -14.7 38.7 9
      vertex -16.1679 36.9 9.00935
      vertex -16.1684 36.9 9
    endloop
  endfacet
  facet normal 0.774234 -0.631608 -0.0404149
    outer loop
      vertex -14.6907 38.7 9.1777
      vertex -16.1511 36.9 9.33119
      vertex -16.1679 36.9 9.00935
    endloop
  endfacet
  facet normal 0.765712 -0.631607 -0.121481
    outer loop
      vertex -14.6907 38.7 9.1777
      vertex -16.1006 36.9 9.6495
      vertex -16.1511 36.9 9.33119
    endloop
  endfacet
  facet normal -0.487825 -0.631619 -0.602564
    outer loop
      vertex -10.8799 36.9 11.3546
      vertex -11.1304 36.9 11.5574
      vertex -11.8625 38.7 10.2633
    endloop
  endfacet
  facet normal -0.548203 -0.631622 -0.548203
    outer loop
      vertex -11.8625 38.7 10.2633
      vertex -10.6454 36.9 11.1201
      vertex -10.8799 36.9 11.3546
    endloop
  endfacet
  facet normal -0.548203 -0.631622 -0.548203
    outer loop
      vertex -10.6454 36.9 11.1201
      vertex -11.8625 38.7 10.2633
      vertex -11.7367 38.7 10.1375
    endloop
  endfacet
  facet normal -0.690817 -0.631614 -0.351903
    outer loop
      vertex -10.1055 36.9 10.2887
      vertex -10.2518 36.9 10.5759
      vertex -11.447 38.7 9.69145
    endloop
  endfacet
  facet normal -0.274887 -0.631856 -0.724703
    outer loop
      vertex -12.0209 36.9 12.0133
      vertex -12.3085 38.7 10.553
      vertex -12.0122 36.9 12.01
    endloop
  endfacet
  facet normal -0.277848 -0.631597 -0.7238
    outer loop
      vertex -12.3085 38.7 10.553
      vertex -12.0209 36.9 12.0133
      vertex -12.4747 38.7 10.6168
    endloop
  endfacet
  facet normal -0.0411815 -0.631585 -0.774212
    outer loop
      vertex -13 38.7 10.7
      vertex -12.9906 36.9 12.1679
      vertex -13 36.9 12.1684
    endloop
  endfacet
  facet normal -0.0405199 -0.6316 -0.774235
    outer loop
      vertex -12.9906 36.9 12.1679
      vertex -13 38.7 10.7
      vertex -12.8223 38.7 10.6907
    endloop
  endfacet
  facet normal -0.0404199 -0.631608 -0.774233
    outer loop
      vertex -12.8223 38.7 10.6907
      vertex -12.6688 36.9 12.1511
      vertex -12.9906 36.9 12.1679
    endloop
  endfacet
  facet normal -0.121484 -0.631607 -0.765711
    outer loop
      vertex -12.3505 36.9 12.1006
      vertex -12.6688 36.9 12.1511
      vertex -12.8223 38.7 10.6907
    endloop
  endfacet
  facet normal -0.765781 -0.63159 -0.121131
    outer loop
      vertex -9.89935 36.9 9.6495
      vertex -11.3371 38.7 9.35345
      vertex -11.3093 38.7 9.1777
    endloop
  endfacet
  facet normal -0.765684 -0.631603 -0.121682
    outer loop
      vertex -11.3371 38.7 9.35345
      vertex -9.89935 36.9 9.6495
      vertex -9.90082 36.9 9.65875
    endloop
  endfacet
  facet normal 0.602528 -0.631616 0.487873
    outer loop
      vertex -15.3546 36.9 6.87991
      vertex -14.2633 38.7 7.86248
      vertex -15.5574 36.9 7.13037
    endloop
  endfacet
  facet normal 0.351946 -0.6316 0.690808
    outer loop
      vertex -14.2887 36.9 6.1055
      vertex -13.6915 38.7 7.44697
      vertex -14.5759 36.9 6.25182
    endloop
  endfacet
  facet normal 0.121332 -0.63161 0.765733
    outer loop
      vertex -13.3534 38.7 7.33715
      vertex -13.6495 36.9 5.89935
      vertex -13.1777 38.7 7.30931
    endloop
  endfacet
  facet normal 0.121043 -0.631603 0.765784
    outer loop
      vertex -13.6495 36.9 5.89935
      vertex -13.3534 38.7 7.33715
      vertex -13.6588 36.9 5.90082
    endloop
  endfacet
  facet normal 0.200713 -0.631611 0.748854
    outer loop
      vertex -13.6588 36.9 5.90082
      vertex -13.3534 38.7 7.33715
      vertex -13.97 36.9 5.98423
    endloop
  endfacet
  facet normal 0.200618 -0.631602 0.748886
    outer loop
      vertex -13.5253 38.7 7.3832
      vertex -13.97 36.9 5.98423
      vertex -13.3534 38.7 7.33715
    endloop
  endfacet
  facet normal 0.199258 -0.63157 0.749277
    outer loop
      vertex -13.97 36.9 5.98423
      vertex -13.5253 38.7 7.3832
      vertex -13.9791 36.9 5.98665
    endloop
  endfacet
  facet normal 0.040588 -0.631605 0.774227
    outer loop
      vertex -13.0094 36.9 5.83207
      vertex -13.1777 38.7 7.30931
      vertex -13.3312 36.9 5.84894
    endloop
  endfacet
  facet normal -0.27781 -0.6316 0.723812
    outer loop
      vertex -12.0122 36.9 5.99001
      vertex -11.7113 36.9 6.1055
      vertex -12.3085 38.7 7.44697
    endloop
  endfacet
  facet normal -0.200713 -0.631611 0.748854
    outer loop
      vertex -12.3412 36.9 5.90082
      vertex -12.03 36.9 5.98423
      vertex -12.6466 38.7 7.33715
    endloop
  endfacet
  facet normal -0.040588 -0.631605 0.774227
    outer loop
      vertex -12.6688 36.9 5.84894
      vertex -12.8223 38.7 7.30931
      vertex -12.9906 36.9 5.83207
    endloop
  endfacet
  facet normal 0.040359 -0.631611 0.774234
    outer loop
      vertex -13 38.7 7.3
      vertex -13.0094 36.9 5.83207
      vertex -13 36.9 5.83158
    endloop
  endfacet
  facet normal 0.040563 -0.631607 0.774227
    outer loop
      vertex -13.0094 36.9 5.83207
      vertex -13 38.7 7.3
      vertex -13.1777 38.7 7.30931
    endloop
  endfacet
  facet normal -0.602479 -0.631609 0.487943
    outer loop
      vertex -10.4426 36.9 7.13037
      vertex -11.6247 38.7 8.00077
      vertex -11.7367 38.7 7.86248
    endloop
  endfacet
  facet normal -0.602322 -0.631603 0.488145
    outer loop
      vertex -11.6247 38.7 8.00077
      vertex -10.4426 36.9 7.13037
      vertex -10.4367 36.9 7.13765
    endloop
  endfacet
  facet normal -0.650241 -0.63161 0.422203
    outer loop
      vertex -10.4367 36.9 7.13765
      vertex -10.2612 36.9 7.40794
      vertex -11.6247 38.7 8.00077
    endloop
  endfacet
  facet normal -0.602528 -0.631616 0.487873
    outer loop
      vertex -10.6454 36.9 6.87991
      vertex -10.4426 36.9 7.13037
      vertex -11.7367 38.7 7.86248
    endloop
  endfacet
  facet normal -0.689023 -0.6317 0.355251
    outer loop
      vertex -10.2518 36.9 7.42413
      vertex -11.5278 38.7 8.15
      vertex -10.2561 36.9 7.41579
    endloop
  endfacet
  facet normal -0.690751 -0.631621 0.352019
    outer loop
      vertex -11.5278 38.7 8.15
      vertex -10.2518 36.9 7.42413
      vertex -11.447 38.7 8.30855
    endloop
  endfacet
  facet normal -0.748982 -0.631596 0.20028
    outer loop
      vertex -9.98423 36.9 8.02995
      vertex -11.3832 38.7 8.47467
      vertex -9.98665 36.9 8.0209
    endloop
  endfacet
  facet normal -0.748821 -0.631609 0.200842
    outer loop
      vertex -11.3832 38.7 8.47467
      vertex -9.98423 36.9 8.02995
      vertex -11.3371 38.7 8.64655
    endloop
  endfacet
  facet normal 0.0404199 -0.631608 -0.774233
    outer loop
      vertex -13.1777 38.7 10.6907
      vertex -13.0094 36.9 12.1679
      vertex -13.3312 36.9 12.1511
    endloop
  endfacet
  facet normal 0.200819 -0.631615 -0.748822
    outer loop
      vertex -13.97 36.9 12.0158
      vertex -13.5253 38.7 10.6168
      vertex -13.3534 38.7 10.6629
    endloop
  endfacet
  facet normal 0.205359 -0.631714 -0.747506
    outer loop
      vertex -13.5253 38.7 10.6168
      vertex -13.97 36.9 12.0158
      vertex -13.9791 36.9 12.0133
    endloop
  endfacet
  facet normal 0.121484 -0.631607 -0.765711
    outer loop
      vertex -13.1777 38.7 10.6907
      vertex -13.3312 36.9 12.1511
      vertex -13.6495 36.9 12.1006
    endloop
  endfacet
  facet normal 0.690817 -0.631614 -0.351903
    outer loop
      vertex -14.553 38.7 9.69145
      vertex -15.7482 36.9 10.5759
      vertex -15.8945 36.9 10.2887
    endloop
  endfacet
  facet normal 0.723781 -0.631613 -0.277859
    outer loop
      vertex -14.553 38.7 9.69145
      vertex -15.8945 36.9 10.2887
      vertex -16.01 36.9 9.98784
    endloop
  endfacet
  facet normal 0.650243 -0.631617 -0.422189
    outer loop
      vertex -14.3753 38.7 9.99923
      vertex -15.5633 36.9 10.8624
      vertex -15.7388 36.9 10.5921
    endloop
  endfacet
  facet normal 0.599738 -0.631498 -0.491452
    outer loop
      vertex -14.3753 38.7 9.99923
      vertex -15.5574 36.9 10.8696
      vertex -15.5633 36.9 10.8624
    endloop
  endfacet
  facet normal 0.602449 -0.631603 -0.487989
    outer loop
      vertex -15.5574 36.9 10.8696
      vertex -14.3753 38.7 9.99923
      vertex -14.2633 38.7 10.1375
    endloop
  endfacet
  facet normal 0.747198 -0.631736 -0.206408
    outer loop
      vertex -16.0158 36.9 9.97005
      vertex -14.6168 38.7 9.52533
      vertex -16.0133 36.9 9.9791
    endloop
  endfacet
  facet normal 0.748815 -0.631617 -0.20084
    outer loop
      vertex -14.6168 38.7 9.52533
      vertex -16.0158 36.9 9.97005
      vertex -14.6629 38.7 9.35345
    endloop
  endfacet
  facet normal -0.650243 -0.631617 -0.422189
    outer loop
      vertex -10.2612 36.9 10.5921
      vertex -10.4367 36.9 10.8624
      vertex -11.6247 38.7 9.99923
    endloop
  endfacet
  facet normal -0.690748 -0.631625 -0.352018
    outer loop
      vertex -10.2518 36.9 10.5759
      vertex -11.5278 38.7 9.85
      vertex -11.447 38.7 9.69145
    endloop
  endfacet
  facet normal -0.6883 -0.631733 -0.356589
    outer loop
      vertex -11.5278 38.7 9.85
      vertex -10.2518 36.9 10.5759
      vertex -10.2561 36.9 10.5842
    endloop
  endfacet
  facet normal -0.650233 -0.631608 -0.422218
    outer loop
      vertex -10.2561 36.9 10.5842
      vertex -11.6247 38.7 9.99923
      vertex -11.5278 38.7 9.85
    endloop
  endfacet
  facet normal -0.651232 -0.631781 -0.420416
    outer loop
      vertex -11.6247 38.7 9.99923
      vertex -10.2561 36.9 10.5842
      vertex -10.2612 36.9 10.5921
    endloop
  endfacet
  facet normal -0.72379 -0.631613 -0.277838
    outer loop
      vertex -9.99001 36.9 9.98784
      vertex -10.1055 36.9 10.2887
      vertex -11.447 38.7 9.69145
    endloop
  endfacet
  facet normal -0.72375 -0.631603 -0.277963
    outer loop
      vertex -9.98665 36.9 9.9791
      vertex -11.447 38.7 9.69145
      vertex -11.3832 38.7 9.52533
    endloop
  endfacet
  facet normal -0.723675 -0.631581 -0.278209
    outer loop
      vertex -11.447 38.7 9.69145
      vertex -9.98665 36.9 9.9791
      vertex -9.99001 36.9 9.98784
    endloop
  endfacet
  facet normal -0.351905 -0.631608 -0.690821
    outer loop
      vertex -11.4241 36.9 11.7482
      vertex -11.7113 36.9 11.8945
      vertex -12.3085 38.7 10.553
    endloop
  endfacet
  facet normal -0.277829 -0.631608 -0.723798
    outer loop
      vertex -11.7113 36.9 11.8945
      vertex -12.0122 36.9 12.01
      vertex -12.3085 38.7 10.553
    endloop
  endfacet
  facet normal -0.422187 -0.631621 -0.650241
    outer loop
      vertex -11.1376 36.9 11.5633
      vertex -11.4079 36.9 11.7388
      vertex -12.0008 38.7 10.3753
    endloop
  endfacet
  facet normal -0.49145 -0.631502 -0.599735
    outer loop
      vertex -12.0008 38.7 10.3753
      vertex -11.1304 36.9 11.5574
      vertex -11.1376 36.9 11.5633
    endloop
  endfacet
  facet normal -0.487922 -0.63161 -0.602496
    outer loop
      vertex -11.1304 36.9 11.5574
      vertex -12.0008 38.7 10.3753
      vertex -11.8625 38.7 10.2633
    endloop
  endfacet
  facet normal -0.205359 -0.631714 -0.747506
    outer loop
      vertex -12.03 36.9 12.0158
      vertex -12.4747 38.7 10.6168
      vertex -12.0209 36.9 12.0133
    endloop
  endfacet
  facet normal -0.200819 -0.631615 -0.748822
    outer loop
      vertex -12.4747 38.7 10.6168
      vertex -12.03 36.9 12.0158
      vertex -12.6466 38.7 10.6629
    endloop
  endfacet
  facet normal -0.748821 -0.631609 -0.200842
    outer loop
      vertex -9.98423 36.9 9.97005
      vertex -11.3832 38.7 9.52533
      vertex -11.3371 38.7 9.35345
    endloop
  endfacet
  facet normal -0.748982 -0.631596 -0.20028
    outer loop
      vertex -11.3832 38.7 9.52533
      vertex -9.98423 36.9 9.97005
      vertex -9.98665 36.9 9.9791
    endloop
  endfacet
  facet normal -0.748884 -0.631593 -0.200657
    outer loop
      vertex -9.90082 36.9 9.65875
      vertex -9.98423 36.9 9.97005
      vertex -11.3371 38.7 9.35345
    endloop
  endfacet
  facet normal 0.765712 -0.631607 0.121481
    outer loop
      vertex -16.1006 36.9 8.3505
      vertex -14.6907 38.7 8.8223
      vertex -16.1511 36.9 8.66881
    endloop
  endfacet
  facet normal 0.765792 -0.631578 0.121132
    outer loop
      vertex -16.1006 36.9 8.3505
      vertex -14.6629 38.7 8.64655
      vertex -14.6907 38.7 8.8223
    endloop
  endfacet
  facet normal 0.766683 -0.631452 0.116039
    outer loop
      vertex -14.6629 38.7 8.64655
      vertex -16.1006 36.9 8.3505
      vertex -16.0992 36.9 8.34125
    endloop
  endfacet
  facet normal 0.602322 -0.631603 0.488145
    outer loop
      vertex -15.5574 36.9 7.13037
      vertex -14.3753 38.7 8.00077
      vertex -15.5633 36.9 7.13765
    endloop
  endfacet
  facet normal 0.602479 -0.631609 0.487943
    outer loop
      vertex -14.3753 38.7 8.00077
      vertex -15.5574 36.9 7.13037
      vertex -14.2633 38.7 7.86248
    endloop
  endfacet
  facet normal 0.690797 -0.631614 0.351942
    outer loop
      vertex -15.7482 36.9 7.42413
      vertex -14.553 38.7 8.30855
      vertex -15.8945 36.9 7.71129
    endloop
  endfacet
  facet normal 0.487844 -0.63161 0.602559
    outer loop
      vertex -14.8696 36.9 6.44259
      vertex -14.1375 38.7 7.73665
      vertex -15.1201 36.9 6.6454
    endloop
  endfacet
  facet normal 0.27773 -0.631612 0.723832
    outer loop
      vertex -13.6915 38.7 7.44697
      vertex -13.9791 36.9 5.98665
      vertex -13.5253 38.7 7.3832
    endloop
  endfacet
  facet normal 0.279356 -0.631467 0.723333
    outer loop
      vertex -13.9791 36.9 5.98665
      vertex -13.6915 38.7 7.44697
      vertex -13.9878 36.9 5.99001
    endloop
  endfacet
  facet normal 0.27781 -0.6316 0.723812
    outer loop
      vertex -13.9878 36.9 5.99001
      vertex -13.6915 38.7 7.44697
      vertex -14.2887 36.9 6.1055
    endloop
  endfacet
  facet normal 0.422311 -0.631603 0.650178
    outer loop
      vertex -13.9992 38.7 7.62467
      vertex -14.5842 36.9 6.25607
      vertex -13.85 38.7 7.52776
    endloop
  endfacet
  facet normal 0.420414 -0.631786 0.651229
    outer loop
      vertex -14.5842 36.9 6.25607
      vertex -13.9992 38.7 7.62467
      vertex -14.5921 36.9 6.26117
    endloop
  endfacet
  facet normal 0.352076 -0.631612 0.69073
    outer loop
      vertex -13.85 38.7 7.52776
      vertex -14.5759 36.9 6.25182
      vertex -13.6915 38.7 7.44697
    endloop
  endfacet
  facet normal 0.353341 -0.631644 0.690055
    outer loop
      vertex -14.5759 36.9 6.25182
      vertex -13.85 38.7 7.52776
      vertex -14.5842 36.9 6.25607
    endloop
  endfacet
  facet normal -0.420414 -0.631786 0.651229
    outer loop
      vertex -12.0008 38.7 7.62467
      vertex -11.4158 36.9 6.25607
      vertex -11.4079 36.9 6.26117
    endloop
  endfacet
  facet normal -0.422311 -0.631603 0.650178
    outer loop
      vertex -11.4158 36.9 6.25607
      vertex -12.0008 38.7 7.62467
      vertex -12.15 38.7 7.52776
    endloop
  endfacet
  facet normal -0.351946 -0.6316 0.690808
    outer loop
      vertex -11.7113 36.9 6.1055
      vertex -11.4241 36.9 6.25182
      vertex -12.3085 38.7 7.44697
    endloop
  endfacet
  facet normal 0.49145 -0.631502 -0.599735
    outer loop
      vertex -14.8696 36.9 11.5574
      vertex -13.9992 38.7 10.3753
      vertex -14.8624 36.9 11.5633
    endloop
  endfacet
  facet normal 0.487922 -0.63161 -0.602496
    outer loop
      vertex -13.9992 38.7 10.3753
      vertex -14.8696 36.9 11.5574
      vertex -14.1375 38.7 10.2633
    endloop
  endfacet
  facet normal 0.422187 -0.631621 -0.650241
    outer loop
      vertex -13.9992 38.7 10.3753
      vertex -14.5921 36.9 11.7388
      vertex -14.8624 36.9 11.5633
    endloop
  endfacet
  facet normal 0.351905 -0.631608 -0.690821
    outer loop
      vertex -13.6915 38.7 10.553
      vertex -14.2887 36.9 11.8945
      vertex -14.5759 36.9 11.7482
    endloop
  endfacet
  facet normal 0.0411815 -0.631585 -0.774212
    outer loop
      vertex -13.0094 36.9 12.1679
      vertex -13 38.7 10.7
      vertex -13 36.9 12.1684
    endloop
  endfacet
  facet normal 0.0405199 -0.6316 -0.774235
    outer loop
      vertex -13 38.7 10.7
      vertex -13.0094 36.9 12.1679
      vertex -13.1777 38.7 10.6907
    endloop
  endfacet
  facet normal 0.6883 -0.631733 -0.356589
    outer loop
      vertex -15.7482 36.9 10.5759
      vertex -14.4722 38.7 9.85
      vertex -15.7439 36.9 10.5842
    endloop
  endfacet
  facet normal 0.690748 -0.631625 -0.352018
    outer loop
      vertex -14.4722 38.7 9.85
      vertex -15.7482 36.9 10.5759
      vertex -14.553 38.7 9.69145
    endloop
  endfacet
  facet normal -0.602449 -0.631603 -0.487989
    outer loop
      vertex -11.6247 38.7 9.99923
      vertex -10.4426 36.9 10.8696
      vertex -11.7367 38.7 10.1375
    endloop
  endfacet
  facet normal -0.599738 -0.631498 -0.491452
    outer loop
      vertex -10.4426 36.9 10.8696
      vertex -11.6247 38.7 9.99923
      vertex -10.4367 36.9 10.8624
    endloop
  endfacet
  facet normal -0.356589 -0.631733 -0.6883
    outer loop
      vertex -11.4241 36.9 11.7482
      vertex -12.15 38.7 10.4722
      vertex -11.4158 36.9 11.7439
    endloop
  endfacet
  facet normal -0.352105 -0.631627 -0.690702
    outer loop
      vertex -12.15 38.7 10.4722
      vertex -11.4241 36.9 11.7482
      vertex -12.3085 38.7 10.553
    endloop
  endfacet
  facet normal 0.723759 -0.631591 0.277967
    outer loop
      vertex -16.0133 36.9 8.0209
      vertex -14.553 38.7 8.30855
      vertex -14.6168 38.7 8.47467
    endloop
  endfacet
  facet normal 0.725042 -0.631958 0.273757
    outer loop
      vertex -14.553 38.7 8.30855
      vertex -16.0133 36.9 8.0209
      vertex -16.01 36.9 8.01216
    endloop
  endfacet
  facet normal 0.748886 -0.631599 0.200633
    outer loop
      vertex -16.0158 36.9 8.02995
      vertex -14.6629 38.7 8.64655
      vertex -16.0992 36.9 8.34125
    endloop
  endfacet
  facet normal 0.650241 -0.63161 0.422203
    outer loop
      vertex -15.5633 36.9 7.13765
      vertex -14.3753 38.7 8.00077
      vertex -15.7388 36.9 7.40794
    endloop
  endfacet
  facet normal 0.723784 -0.631614 0.277851
    outer loop
      vertex -15.8945 36.9 7.71129
      vertex -14.553 38.7 8.30855
      vertex -16.01 36.9 8.01216
    endloop
  endfacet
  facet normal 0.422223 -0.631618 0.650221
    outer loop
      vertex -14.5921 36.9 6.26117
      vertex -13.9992 38.7 7.62467
      vertex -14.8624 36.9 6.43669
    endloop
  endfacet
  facet normal 0.48787 -0.631607 0.60254
    outer loop
      vertex -14.8696 36.9 6.44259
      vertex -13.9992 38.7 7.62467
      vertex -14.1375 38.7 7.73665
    endloop
  endfacet
  facet normal 0.491452 -0.631498 0.599738
    outer loop
      vertex -13.9992 38.7 7.62467
      vertex -14.8696 36.9 6.44259
      vertex -14.8624 36.9 6.43669
    endloop
  endfacet
  facet normal -0.353341 -0.631644 0.690055
    outer loop
      vertex -12.15 38.7 7.52776
      vertex -11.4241 36.9 6.25182
      vertex -11.4158 36.9 6.25607
    endloop
  endfacet
  facet normal -0.352076 -0.631612 0.69073
    outer loop
      vertex -11.4241 36.9 6.25182
      vertex -12.15 38.7 7.52776
      vertex -12.3085 38.7 7.44697
    endloop
  endfacet
  facet normal -0.121273 -0.631605 0.765747
    outer loop
      vertex -12.6688 36.9 5.84894
      vertex -12.3505 36.9 5.89935
      vertex -12.8223 38.7 7.30931
    endloop
  endfacet
  facet normal -0.121043 -0.631603 0.765784
    outer loop
      vertex -12.6466 38.7 7.33715
      vertex -12.3505 36.9 5.89935
      vertex -12.3412 36.9 5.90082
    endloop
  endfacet
  facet normal -0.121332 -0.63161 0.765733
    outer loop
      vertex -12.3505 36.9 5.89935
      vertex -12.6466 38.7 7.33715
      vertex -12.8223 38.7 7.30931
    endloop
  endfacet
  facet normal -0.279356 -0.631467 0.723333
    outer loop
      vertex -12.3085 38.7 7.44697
      vertex -12.0209 36.9 5.98665
      vertex -12.0122 36.9 5.99001
    endloop
  endfacet
  facet normal -0.27773 -0.631612 0.723832
    outer loop
      vertex -12.0209 36.9 5.98665
      vertex -12.3085 38.7 7.44697
      vertex -12.4747 38.7 7.3832
    endloop
  endfacet
  facet normal -0.199258 -0.63157 0.749277
    outer loop
      vertex -12.4747 38.7 7.3832
      vertex -12.03 36.9 5.98423
      vertex -12.0209 36.9 5.98665
    endloop
  endfacet
  facet normal -0.200618 -0.631602 0.748886
    outer loop
      vertex -12.03 36.9 5.98423
      vertex -12.4747 38.7 7.3832
      vertex -12.6466 38.7 7.33715
    endloop
  endfacet
  facet normal 0.422279 -0.631606 -0.650196
    outer loop
      vertex -14.5842 36.9 11.7439
      vertex -13.9992 38.7 10.3753
      vertex -13.85 38.7 10.4722
    endloop
  endfacet
  facet normal 0.420414 -0.631786 -0.651229
    outer loop
      vertex -13.9992 38.7 10.3753
      vertex -14.5842 36.9 11.7439
      vertex -14.5921 36.9 11.7388
    endloop
  endfacet
  facet normal 0.200692 -0.631604 -0.748865
    outer loop
      vertex -13.3534 38.7 10.6629
      vertex -13.6588 36.9 12.0992
      vertex -13.97 36.9 12.0158
    endloop
  endfacet
  facet normal 0.352105 -0.631627 -0.690702
    outer loop
      vertex -14.5759 36.9 11.7482
      vertex -13.85 38.7 10.4722
      vertex -13.6915 38.7 10.553
    endloop
  endfacet
  facet normal 0.356589 -0.631733 -0.6883
    outer loop
      vertex -13.85 38.7 10.4722
      vertex -14.5759 36.9 11.7482
      vertex -14.5842 36.9 11.7439
    endloop
  endfacet
  facet normal 0.121166 -0.63158 -0.765784
    outer loop
      vertex -13.6495 36.9 12.1006
      vertex -13.3534 38.7 10.6629
      vertex -13.1777 38.7 10.6907
    endloop
  endfacet
  facet normal 0.11543 -0.631438 -0.766787
    outer loop
      vertex -13.3534 38.7 10.6629
      vertex -13.6495 36.9 12.1006
      vertex -13.6588 36.9 12.0992
    endloop
  endfacet
  facet normal 0.748815 -0.631617 0.20084
    outer loop
      vertex -16.0158 36.9 8.02995
      vertex -14.6168 38.7 8.47467
      vertex -14.6629 38.7 8.64655
    endloop
  endfacet
  facet normal 0.747198 -0.631736 0.206408
    outer loop
      vertex -14.6168 38.7 8.47467
      vertex -16.0158 36.9 8.02995
      vertex -16.0133 36.9 8.0209
    endloop
  endfacet
  facet normal 0.650232 -0.631609 0.422217
    outer loop
      vertex -15.7439 36.9 7.41579
      vertex -14.3753 38.7 8.00077
      vertex -14.4722 38.7 8.15
    endloop
  endfacet
  facet normal 0.65014 -0.631593 0.422384
    outer loop
      vertex -14.3753 38.7 8.00077
      vertex -15.7439 36.9 7.41579
      vertex -15.7388 36.9 7.40794
    endloop
  endfacet
  facet normal 0.690751 -0.631621 0.352019
    outer loop
      vertex -15.7482 36.9 7.42413
      vertex -14.4722 38.7 8.15
      vertex -14.553 38.7 8.30855
    endloop
  endfacet
  facet normal 0.689023 -0.6317 0.355251
    outer loop
      vertex -14.4722 38.7 8.15
      vertex -15.7482 36.9 7.42413
      vertex -15.7439 36.9 7.41579
    endloop
  endfacet
  facet normal 0 0.707085 -0.707128
    outer loop
      vertex -33 39.405 3
      vertex -5 39.9 3.49497
      vertex -5 39.405 3
    endloop
  endfacet
  facet normal 0 0.707085 -0.707128
    outer loop
      vertex -5 39.9 3.49497
      vertex -33 39.405 3
      vertex -33 39.9 3.49497
    endloop
  endfacet
  facet normal 0 -0.707092 0.707121
    outer loop
      vertex -33 39.9 2.50502
      vertex -5 40.395 3
      vertex -33 40.395 3
    endloop
  endfacet
  facet normal 0 -0.707092 0.707121
    outer loop
      vertex -5 40.395 3
      vertex -33 39.9 2.50502
      vertex -5 39.9 2.50502
    endloop
  endfacet
  facet normal -0 0.707092 0.707121
    outer loop
      vertex -33 39.9 2.50502
      vertex -5 39.405 3
      vertex -5 39.9 2.50502
    endloop
  endfacet
  facet normal 0 0.707092 0.707121
    outer loop
      vertex -5 39.405 3
      vertex -33 39.9 2.50502
      vertex -33 39.405 3
    endloop
  endfacet
  facet normal 0 -0.707092 0.707121
    outer loop
      vertex -33 59.295 3
      vertex -5 58.8 2.50502
      vertex -5 59.295 3
    endloop
  endfacet
  facet normal 0 -0.707092 0.707121
    outer loop
      vertex -5 58.8 2.50502
      vertex -33 59.295 3
      vertex -33 58.8 2.50502
    endloop
  endfacet
  facet normal 0 -0.707085 -0.707128
    outer loop
      vertex -33 58.8 3.49497
      vertex -5 59.295 3
      vertex -5 58.8 3.49497
    endloop
  endfacet
  facet normal -0 -0.707085 -0.707128
    outer loop
      vertex -5 59.295 3
      vertex -33 58.8 3.49497
      vertex -33 59.295 3
    endloop
  endfacet
  facet normal -0 0.707092 0.707121
    outer loop
      vertex -33 58.8 2.50502
      vertex -5 58.305 3
      vertex -5 58.8 2.50502
    endloop
  endfacet
  facet normal 0 0.707092 0.707121
    outer loop
      vertex -5 58.305 3
      vertex -33 58.8 2.50502
      vertex -33 58.305 3
    endloop
  endfacet
  facet normal -0.000298188 -0.706843 0.707371
    outer loop
      vertex -32.4897 58.8 11.51
      vertex -30.5 59.7899 12.5
      vertex -30.7613 59.7763 12.4863
    endloop
  endfacet
  facet normal 0 -0.707142 0.707071
    outer loop
      vertex -30.5 59.7899 12.5
      vertex -32.4897 58.8 11.51
      vertex -7.5 59.7899 12.5
    endloop
  endfacet
  facet normal 0.000380157 -0.707443 0.70677
    outer loop
      vertex -32.4897 58.8 11.51
      vertex -30.7613 59.7763 12.4863
      vertex -31.0198 59.7353 12.4454
    endloop
  endfacet
  facet normal 0 -0.707142 0.707071
    outer loop
      vertex -5.51032 58.8 11.51
      vertex -7.5 59.7899 12.5
      vertex -32.4897 58.8 11.51
    endloop
  endfacet
  facet normal -0.000448529 -0.706792 0.707421
    outer loop
      vertex -32.4897 58.8 11.51
      vertex -31.0198 59.7353 12.4454
      vertex -31.2725 59.6676 12.3776
    endloop
  endfacet
  facet normal 0.000298162 -0.706843 0.707371
    outer loop
      vertex -7.5 59.7899 12.5
      vertex -5.51032 58.8 11.51
      vertex -7.23868 59.7763 12.4863
    endloop
  endfacet
  facet normal 0.000627015 -0.707546 0.706667
    outer loop
      vertex -32.4897 58.8 11.51
      vertex -31.2725 59.6676 12.3776
      vertex -31.5168 59.5738 12.2839
    endloop
  endfacet
  facet normal -0.000380235 -0.707443 0.70677
    outer loop
      vertex -7.23868 59.7763 12.4863
      vertex -5.51032 58.8 11.51
      vertex -6.98022 59.7353 12.4454
    endloop
  endfacet
  facet normal 0.000129474 -0.707234 0.70698
    outer loop
      vertex -32.4897 58.8 11.51
      vertex -31.5168 59.5738 12.2839
      vertex -31.75 59.455 12.1651
    endloop
  endfacet
  facet normal 0.000448345 -0.706792 0.707421
    outer loop
      vertex -6.98022 59.7353 12.4454
      vertex -5.51032 58.8 11.51
      vertex -6.72746 59.6676 12.3776
    endloop
  endfacet
  facet normal -0.000945225 -0.706627 0.707586
    outer loop
      vertex -32.4897 58.8 11.51
      vertex -31.75 59.455 12.1651
      vertex -31.9695 59.3125 12.0225
    endloop
  endfacet
  facet normal -0.000626979 -0.707546 0.706667
    outer loop
      vertex -6.72746 59.6676 12.3776
      vertex -5.51032 58.8 11.51
      vertex -6.48316 59.5738 12.2839
    endloop
  endfacet
  facet normal 0.00195461 -0.708097 0.706113
    outer loop
      vertex -32.4897 58.8 11.51
      vertex -31.9695 59.3125 12.0225
      vertex -32.1728 59.1478 11.8579
    endloop
  endfacet
  facet normal -0.000129521 -0.707234 0.70698
    outer loop
      vertex -6.48316 59.5738 12.2839
      vertex -5.51032 58.8 11.51
      vertex -6.25 59.455 12.1651
    endloop
  endfacet
  facet normal -0.00200388 -0.706294 0.707916
    outer loop
      vertex -32.4897 58.8 11.51
      vertex -32.1728 59.1478 11.8579
      vertex -32.3579 58.9628 11.6728
    endloop
  endfacet
  facet normal 0.000945801 -0.706626 0.707586
    outer loop
      vertex -6.25 59.455 12.1651
      vertex -5.51032 58.8 11.51
      vertex -6.03054 59.3125 12.0225
    endloop
  endfacet
  facet normal -0.00195118 -0.708095 0.706114
    outer loop
      vertex -6.03054 59.3125 12.0225
      vertex -5.51032 58.8 11.51
      vertex -5.82717 59.1478 11.8579
    endloop
  endfacet
  facet normal 0.00200916 -0.706291 0.707918
    outer loop
      vertex -5.82717 59.1478 11.8579
      vertex -5.51032 58.8 11.51
      vertex -5.64214 58.9628 11.6728
    endloop
  endfacet
  facet normal -1 0 0
    outer loop
      vertex 5 61.8 0
      vertex 5 59.295 3
      vertex 5 61.8 10
    endloop
  endfacet
  facet normal -1 0 0
    outer loop
      vertex 5 61.8 0
      vertex 5 58.8 2.50502
      vertex 5 59.295 3
    endloop
  endfacet
  facet normal -1 0 0
    outer loop
      vertex 5 58.8 2.50502
      vertex 5 40.395 3
      vertex 5 58.305 3
    endloop
  endfacet
  facet normal -1 0 0
    outer loop
      vertex 5 39.9 2.50502
      vertex 5 58.8 2.50502
      vertex 5 61.8 0
    endloop
  endfacet
  facet normal -1 0 0
    outer loop
      vertex 5 58.8 2.50502
      vertex 5 39.9 2.50502
      vertex 5 40.395 3
    endloop
  endfacet
  facet normal -1 -0 0
    outer loop
      vertex 5 39.9 2.50502
      vertex 5 36.9 0
      vertex 5 39.405 3
    endloop
  endfacet
  facet normal -1 0 0
    outer loop
      vertex 5 36.9 0
      vertex 5 39.9 2.50502
      vertex 5 61.8 0
    endloop
  endfacet
  facet normal -1 0 0
    outer loop
      vertex 5 58.8 3.49497
      vertex 5 61.8 10
      vertex 5 59.295 3
    endloop
  endfacet
  facet normal -1 -0 0
    outer loop
      vertex 5 61.8 10
      vertex 5 58.8 3.49497
      vertex 5 58.8 10
    endloop
  endfacet
  facet normal -1 0 0
    outer loop
      vertex 5 36.9 17.5
      vertex 5 39.9 3.49497
      vertex 5 39.405 3
    endloop
  endfacet
  facet normal -1 0 0
    outer loop
      vertex 5 36.9 17.5
      vertex 5 39.405 3
      vertex 5 36.9 0
    endloop
  endfacet
  facet normal -1 0 0
    outer loop
      vertex 5 39.9 3.49497
      vertex 5 36.9 17.5
      vertex 5 39.9 17.5
    endloop
  endfacet
  facet normal -0 0 1
    outer loop
      vertex 5 58.305 3
      vertex 33 40.395 3
      vertex 33 58.305 3
    endloop
  endfacet
  facet normal 0 0 1
    outer loop
      vertex 33 40.395 3
      vertex 5 58.305 3
      vertex 5 40.395 3
    endloop
  endfacet
  facet normal 1 -0 0
    outer loop
      vertex 33 36.9 17.5
      vertex 33 39.9 3.49497
      vertex 33 39.9 17.5
    endloop
  endfacet
  facet normal 1 0 0
    outer loop
      vertex 33 39.9 3.49497
      vertex 33 36.9 17.5
      vertex 33 39.405 3
    endloop
  endfacet
  facet normal 1 0 0
    outer loop
      vertex 33 61.8 10
      vertex 33 59.295 3
      vertex 33 61.8 0
    endloop
  endfacet
  facet normal 1 0 0
    outer loop
      vertex 33 58.8 3.49497
      vertex 33 61.8 10
      vertex 33 58.8 10
    endloop
  endfacet
  facet normal 1 0 0
    outer loop
      vertex 33 61.8 10
      vertex 33 58.8 3.49497
      vertex 33 59.295 3
    endloop
  endfacet
  facet normal 1 -0 0
    outer loop
      vertex 33 58.8 2.50502
      vertex 33 61.8 0
      vertex 33 59.295 3
    endloop
  endfacet
  facet normal 1 -0 0
    outer loop
      vertex 33 40.395 3
      vertex 33 58.8 2.50502
      vertex 33 58.305 3
    endloop
  endfacet
  facet normal 1 0 0
    outer loop
      vertex 33 39.9 2.50502
      vertex 33 58.8 2.50502
      vertex 33 40.395 3
    endloop
  endfacet
  facet normal 1 0 0
    outer loop
      vertex 33 58.8 2.50502
      vertex 33 39.9 2.50502
      vertex 33 61.8 0
    endloop
  endfacet
  facet normal 1 0 0
    outer loop
      vertex 33 39.9 2.50502
      vertex 33 36.9 0
      vertex 33 61.8 0
    endloop
  endfacet
  facet normal 1 0 0
    outer loop
      vertex 33 39.405 3
      vertex 33 36.9 0
      vertex 33 39.9 2.50502
    endloop
  endfacet
  facet normal 1 0 0
    outer loop
      vertex 33 36.9 0
      vertex 33 39.405 3
      vertex 33 36.9 17.5
    endloop
  endfacet
  facet normal 0 1 0
    outer loop
      vertex 33 61.8 10
      vertex 30.5 61.8 12.5
      vertex 30.7613 61.8 12.4863
    endloop
  endfacet
  facet normal 0 1 0
    outer loop
      vertex 30.5 61.8 12.5
      vertex 33 61.8 0
      vertex 7.5 61.8 12.5
    endloop
  endfacet
  facet normal 0 1 0
    outer loop
      vertex 33 61.8 10
      vertex 30.7613 61.8 12.4863
      vertex 31.0198 61.8 12.4454
    endloop
  endfacet
  facet normal 0 1 0
    outer loop
      vertex 5 61.8 0
      vertex 7.5 61.8 12.5
      vertex 33 61.8 0
    endloop
  endfacet
  facet normal 0 1 0
    outer loop
      vertex 33 61.8 10
      vertex 31.0198 61.8 12.4454
      vertex 31.2725 61.8 12.3776
    endloop
  endfacet
  facet normal -0 1 0
    outer loop
      vertex 5 61.8 10
      vertex 7.5 61.8 12.5
      vertex 5 61.8 0
    endloop
  endfacet
  facet normal 0 1 0
    outer loop
      vertex 33 61.8 10
      vertex 31.2725 61.8 12.3776
      vertex 31.5168 61.8 12.2839
    endloop
  endfacet
  facet normal 0 1 0
    outer loop
      vertex 7.5 61.8 12.5
      vertex 5 61.8 10
      vertex 7.23868 61.8 12.4863
    endloop
  endfacet
  facet normal 0 1 0
    outer loop
      vertex 33 61.8 10
      vertex 31.5168 61.8 12.2839
      vertex 31.75 61.8 12.1651
    endloop
  endfacet
  facet normal 0 1 0
    outer loop
      vertex 7.23868 61.8 12.4863
      vertex 5 61.8 10
      vertex 6.98022 61.8 12.4454
    endloop
  endfacet
  facet normal 0 1 0
    outer loop
      vertex 33 61.8 10
      vertex 31.75 61.8 12.1651
      vertex 31.9695 61.8 12.0225
    endloop
  endfacet
  facet normal 0 1 0
    outer loop
      vertex 6.98022 61.8 12.4454
      vertex 5 61.8 10
      vertex 6.72746 61.8 12.3776
    endloop
  endfacet
  facet normal 0 1 0
    outer loop
      vertex 33 61.8 10
      vertex 31.9695 61.8 12.0225
      vertex 32.1728 61.8 11.8579
    endloop
  endfacet
  facet normal 0 1 0
    outer loop
      vertex 30.5 61.8 12.5
      vertex 33 61.8 10
      vertex 33 61.8 0
    endloop
  endfacet
  facet normal 0 1 0
    outer loop
      vertex 33 61.8 10
      vertex 32.1728 61.8 11.8579
      vertex 32.3579 61.8 11.6728
    endloop
  endfacet
  facet normal 0 1 0
    outer loop
      vertex 6.72746 61.8 12.3776
      vertex 5 61.8 10
      vertex 6.48316 61.8 12.2839
    endloop
  endfacet
  facet normal 0 1 0
    outer loop
      vertex 33 61.8 10
      vertex 32.3579 61.8 11.6728
      vertex 32.5225 61.8 11.4695
    endloop
  endfacet
  facet normal 0 1 0
    outer loop
      vertex 6.03054 61.8 12.0225
      vertex 5 61.8 10
      vertex 5.82717 61.8 11.8579
    endloop
  endfacet
  facet normal 0 1 0
    outer loop
      vertex 33 61.8 10
      vertex 32.5225 61.8 11.4695
      vertex 32.6651 61.8 11.25
    endloop
  endfacet
  facet normal 0 1 0
    outer loop
      vertex 5.82717 61.8 11.8579
      vertex 5 61.8 10
      vertex 5.64214 61.8 11.6728
    endloop
  endfacet
  facet normal 0 1 0
    outer loop
      vertex 33 61.8 10
      vertex 32.6651 61.8 11.25
      vertex 32.7839 61.8 11.0168
    endloop
  endfacet
  facet normal 0 1 0
    outer loop
      vertex 5.64214 61.8 11.6728
      vertex 5 61.8 10
      vertex 5.47746 61.8 11.4695
    endloop
  endfacet
  facet normal 0 1 0
    outer loop
      vertex 33 61.8 10
      vertex 32.7839 61.8 11.0168
      vertex 32.8776 61.8 10.7725
    endloop
  endfacet
  facet normal 0 1 0
    outer loop
      vertex 5.47746 61.8 11.4695
      vertex 5 61.8 10
      vertex 5.33494 61.8 11.25
    endloop
  endfacet
  facet normal 0 1 0
    outer loop
      vertex 33 61.8 10
      vertex 32.8776 61.8 10.7725
      vertex 32.9454 61.8 10.5198
    endloop
  endfacet
  facet normal 0 1 0
    outer loop
      vertex 5.33494 61.8 11.25
      vertex 5 61.8 10
      vertex 5.21614 61.8 11.0168
    endloop
  endfacet
  facet normal 0 1 0
    outer loop
      vertex 33 61.8 10
      vertex 32.9454 61.8 10.5198
      vertex 32.9863 61.8 10.2613
    endloop
  endfacet
  facet normal 0 1 0
    outer loop
      vertex 5.21614 61.8 11.0168
      vertex 5 61.8 10
      vertex 5.12236 61.8 10.7725
    endloop
  endfacet
  facet normal 0 1 0
    outer loop
      vertex 5.12236 61.8 10.7725
      vertex 5 61.8 10
      vertex 5.05463 61.8 10.5198
    endloop
  endfacet
  facet normal 0 1 0
    outer loop
      vertex 5.05463 61.8 10.5198
      vertex 5 61.8 10
      vertex 5.0137 61.8 10.2613
    endloop
  endfacet
  facet normal 0 1 0
    outer loop
      vertex 6.48316 61.8 12.2839
      vertex 5 61.8 10
      vertex 6.25 61.8 12.1651
    endloop
  endfacet
  facet normal 0 1 0
    outer loop
      vertex 6.25 61.8 12.1651
      vertex 5 61.8 10
      vertex 6.03054 61.8 12.0225
    endloop
  endfacet
  facet normal 0 0 -1
    outer loop
      vertex 5 36.9 0
      vertex 33 61.8 0
      vertex 33 36.9 0
    endloop
  endfacet
  facet normal -0 0 -1
    outer loop
      vertex 33 61.8 0
      vertex 5 36.9 0
      vertex 5 61.8 0
    endloop
  endfacet
  facet normal 0 -1 0
    outer loop
      vertex 13.6495 36.9 12.1006
      vertex 7.5 36.9 20
      vertex 13.3312 36.9 12.1511
    endloop
  endfacet
  facet normal 0 -1 0
    outer loop
      vertex 30.5 36.9 20
      vertex 24.9906 36.9 12.1679
      vertex 25 36.9 12.1684
    endloop
  endfacet
  facet normal 0 -1 0
    outer loop
      vertex 13.6588 36.9 12.0992
      vertex 7.5 36.9 20
      vertex 13.6495 36.9 12.1006
    endloop
  endfacet
  facet normal 0 -1 0
    outer loop
      vertex 30.5 36.9 20
      vertex 24.6688 36.9 12.1511
      vertex 24.9906 36.9 12.1679
    endloop
  endfacet
  facet normal 0 -1 0
    outer loop
      vertex 13.97 36.9 12.0158
      vertex 7.5 36.9 20
      vertex 13.6588 36.9 12.0992
    endloop
  endfacet
  facet normal 0 -1 0
    outer loop
      vertex 30.5 36.9 20
      vertex 24.3505 36.9 12.1006
      vertex 24.6688 36.9 12.1511
    endloop
  endfacet
  facet normal 0 -1 0
    outer loop
      vertex 13.9791 36.9 12.0133
      vertex 7.5 36.9 20
      vertex 13.97 36.9 12.0158
    endloop
  endfacet
  facet normal 0 -1 0
    outer loop
      vertex 30.5 36.9 20
      vertex 24.3412 36.9 12.0992
      vertex 24.3505 36.9 12.1006
    endloop
  endfacet
  facet normal 0 -1 0
    outer loop
      vertex 13.9878 36.9 12.01
      vertex 7.5 36.9 20
      vertex 13.9791 36.9 12.0133
    endloop
  endfacet
  facet normal 0 -1 0
    outer loop
      vertex 30.5 36.9 20
      vertex 24.03 36.9 12.0158
      vertex 24.3412 36.9 12.0992
    endloop
  endfacet
  facet normal 0 -1 0
    outer loop
      vertex 14.2887 36.9 11.8945
      vertex 7.5 36.9 20
      vertex 13.9878 36.9 12.01
    endloop
  endfacet
  facet normal 0 -1 0
    outer loop
      vertex 30.5 36.9 20
      vertex 24.0209 36.9 12.0133
      vertex 24.03 36.9 12.0158
    endloop
  endfacet
  facet normal 0 -1 0
    outer loop
      vertex 7.5 36.9 20
      vertex 14.2887 36.9 11.8945
      vertex 30.5 36.9 20
    endloop
  endfacet
  facet normal 0 -1 0
    outer loop
      vertex 30.5 36.9 20
      vertex 24.0122 36.9 12.01
      vertex 24.0209 36.9 12.0133
    endloop
  endfacet
  facet normal 0 -1 0
    outer loop
      vertex 23.7113 36.9 11.8945
      vertex 30.5 36.9 20
      vertex 14.2887 36.9 11.8945
    endloop
  endfacet
  facet normal 0 -1 0
    outer loop
      vertex 30.5 36.9 20
      vertex 23.7113 36.9 11.8945
      vertex 24.0122 36.9 12.01
    endloop
  endfacet
  facet normal 0 -1 0
    outer loop
      vertex 14.5759 36.9 11.7482
      vertex 23.7113 36.9 11.8945
      vertex 14.2887 36.9 11.8945
    endloop
  endfacet
  facet normal 0 -1 0
    outer loop
      vertex 14.5759 36.9 11.7482
      vertex 23.4241 36.9 11.7482
      vertex 23.7113 36.9 11.8945
    endloop
  endfacet
  facet normal 0 -1 0
    outer loop
      vertex 14.5842 36.9 11.7439
      vertex 23.4241 36.9 11.7482
      vertex 14.5759 36.9 11.7482
    endloop
  endfacet
  facet normal 0 -1 0
    outer loop
      vertex 14.5842 36.9 11.7439
      vertex 23.4158 36.9 11.7439
      vertex 23.4241 36.9 11.7482
    endloop
  endfacet
  facet normal 0 -1 0
    outer loop
      vertex 14.5921 36.9 11.7388
      vertex 23.4158 36.9 11.7439
      vertex 14.5842 36.9 11.7439
    endloop
  endfacet
  facet normal 0 -1 0
    outer loop
      vertex 14.5921 36.9 11.7388
      vertex 23.4079 36.9 11.7388
      vertex 23.4158 36.9 11.7439
    endloop
  endfacet
  facet normal 0 -1 0
    outer loop
      vertex 14.8624 36.9 11.5633
      vertex 23.4079 36.9 11.7388
      vertex 14.5921 36.9 11.7388
    endloop
  endfacet
  facet normal 0 -1 0
    outer loop
      vertex 14.8624 36.9 11.5633
      vertex 23.1376 36.9 11.5633
      vertex 23.4079 36.9 11.7388
    endloop
  endfacet
  facet normal 0 -1 0
    outer loop
      vertex 14.8696 36.9 11.5574
      vertex 23.1376 36.9 11.5633
      vertex 14.8624 36.9 11.5633
    endloop
  endfacet
  facet normal 0 -1 0
    outer loop
      vertex 14.8696 36.9 11.5574
      vertex 23.1304 36.9 11.5574
      vertex 23.1376 36.9 11.5633
    endloop
  endfacet
  facet normal 0 -1 0
    outer loop
      vertex 15.1201 36.9 11.3546
      vertex 23.1304 36.9 11.5574
      vertex 14.8696 36.9 11.5574
    endloop
  endfacet
  facet normal 0 -1 0
    outer loop
      vertex 15.1201 36.9 11.3546
      vertex 22.8799 36.9 11.3546
      vertex 23.1304 36.9 11.5574
    endloop
  endfacet
  facet normal 0 -1 0
    outer loop
      vertex 15.3546 36.9 11.1201
      vertex 22.8799 36.9 11.3546
      vertex 15.1201 36.9 11.3546
    endloop
  endfacet
  facet normal 0 -1 0
    outer loop
      vertex 15.3546 36.9 11.1201
      vertex 22.6454 36.9 11.1201
      vertex 22.8799 36.9 11.3546
    endloop
  endfacet
  facet normal 0 -1 0
    outer loop
      vertex 15.5574 36.9 10.8696
      vertex 22.6454 36.9 11.1201
      vertex 15.3546 36.9 11.1201
    endloop
  endfacet
  facet normal 0 -1 0
    outer loop
      vertex 15.5574 36.9 10.8696
      vertex 22.4426 36.9 10.8696
      vertex 22.6454 36.9 11.1201
    endloop
  endfacet
  facet normal 0 -1 0
    outer loop
      vertex 15.5633 36.9 10.8624
      vertex 22.4426 36.9 10.8696
      vertex 15.5574 36.9 10.8696
    endloop
  endfacet
  facet normal 0 -1 0
    outer loop
      vertex 15.5633 36.9 10.8624
      vertex 22.4367 36.9 10.8624
      vertex 22.4426 36.9 10.8696
    endloop
  endfacet
  facet normal 0 -1 0
    outer loop
      vertex 15.7388 36.9 10.5921
      vertex 22.4367 36.9 10.8624
      vertex 15.5633 36.9 10.8624
    endloop
  endfacet
  facet normal 0 -1 0
    outer loop
      vertex 15.7388 36.9 10.5921
      vertex 22.2612 36.9 10.5921
      vertex 22.4367 36.9 10.8624
    endloop
  endfacet
  facet normal 0 -1 0
    outer loop
      vertex 15.7439 36.9 10.5842
      vertex 22.2612 36.9 10.5921
      vertex 15.7388 36.9 10.5921
    endloop
  endfacet
  facet normal 0 -1 0
    outer loop
      vertex 15.7439 36.9 10.5842
      vertex 22.2561 36.9 10.5842
      vertex 22.2612 36.9 10.5921
    endloop
  endfacet
  facet normal 0 -1 0
    outer loop
      vertex 15.7482 36.9 10.5759
      vertex 22.2561 36.9 10.5842
      vertex 15.7439 36.9 10.5842
    endloop
  endfacet
  facet normal 0 -1 0
    outer loop
      vertex 15.7482 36.9 10.5759
      vertex 22.2518 36.9 10.5759
      vertex 22.2561 36.9 10.5842
    endloop
  endfacet
  facet normal 0 -1 0
    outer loop
      vertex 15.8945 36.9 10.2887
      vertex 22.2518 36.9 10.5759
      vertex 15.7482 36.9 10.5759
    endloop
  endfacet
  facet normal 0 -1 0
    outer loop
      vertex 15.8945 36.9 10.2887
      vertex 22.1055 36.9 10.2887
      vertex 22.2518 36.9 10.5759
    endloop
  endfacet
  facet normal 0 -1 0
    outer loop
      vertex 16.01 36.9 9.98784
      vertex 22.1055 36.9 10.2887
      vertex 15.8945 36.9 10.2887
    endloop
  endfacet
  facet normal 0 -1 0
    outer loop
      vertex 16.01 36.9 9.98784
      vertex 21.99 36.9 9.98784
      vertex 22.1055 36.9 10.2887
    endloop
  endfacet
  facet normal 0 -1 0
    outer loop
      vertex 16.0133 36.9 9.9791
      vertex 21.99 36.9 9.98784
      vertex 16.01 36.9 9.98784
    endloop
  endfacet
  facet normal 0 -1 0
    outer loop
      vertex 16.0133 36.9 9.9791
      vertex 21.9867 36.9 9.9791
      vertex 21.99 36.9 9.98784
    endloop
  endfacet
  facet normal 0 -1 0
    outer loop
      vertex 16.0158 36.9 9.97005
      vertex 21.9867 36.9 9.9791
      vertex 16.0133 36.9 9.9791
    endloop
  endfacet
  facet normal 0 -1 0
    outer loop
      vertex 16.0158 36.9 9.97005
      vertex 21.9842 36.9 9.97005
      vertex 21.9867 36.9 9.9791
    endloop
  endfacet
  facet normal 0 -1 0
    outer loop
      vertex 16.0992 36.9 9.65875
      vertex 21.9842 36.9 9.97005
      vertex 16.0158 36.9 9.97005
    endloop
  endfacet
  facet normal 0 -1 0
    outer loop
      vertex 16.0992 36.9 9.65875
      vertex 21.9008 36.9 9.65875
      vertex 21.9842 36.9 9.97005
    endloop
  endfacet
  facet normal 0 -1 0
    outer loop
      vertex 16.1006 36.9 9.6495
      vertex 21.9008 36.9 9.65875
      vertex 16.0992 36.9 9.65875
    endloop
  endfacet
  facet normal 0 -1 0
    outer loop
      vertex 16.1006 36.9 9.6495
      vertex 21.8994 36.9 9.6495
      vertex 21.9008 36.9 9.65875
    endloop
  endfacet
  facet normal 0 -1 0
    outer loop
      vertex 16.1511 36.9 9.33119
      vertex 21.8994 36.9 9.6495
      vertex 16.1006 36.9 9.6495
    endloop
  endfacet
  facet normal 0 -1 0
    outer loop
      vertex 16.1511 36.9 9.33119
      vertex 21.8489 36.9 9.33119
      vertex 21.8994 36.9 9.6495
    endloop
  endfacet
  facet normal 0 -1 0
    outer loop
      vertex 16.1679 36.9 9.00935
      vertex 21.8489 36.9 9.33119
      vertex 16.1511 36.9 9.33119
    endloop
  endfacet
  facet normal 0 -1 0
    outer loop
      vertex 16.1679 36.9 9.00935
      vertex 21.8321 36.9 9.00935
      vertex 21.8489 36.9 9.33119
    endloop
  endfacet
  facet normal 0 -1 0
    outer loop
      vertex 16.1684 36.9 9
      vertex 21.8321 36.9 9.00935
      vertex 16.1679 36.9 9.00935
    endloop
  endfacet
  facet normal 0 -1 0
    outer loop
      vertex 16.1684 36.9 9
      vertex 21.8316 36.9 9
      vertex 21.8321 36.9 9.00935
    endloop
  endfacet
  facet normal 0 -1 0
    outer loop
      vertex 16.1679 36.9 8.99065
      vertex 21.8316 36.9 9
      vertex 16.1684 36.9 9
    endloop
  endfacet
  facet normal 0 -1 0
    outer loop
      vertex 16.1679 36.9 8.99065
      vertex 21.8321 36.9 8.99065
      vertex 21.8316 36.9 9
    endloop
  endfacet
  facet normal 0 -1 0
    outer loop
      vertex 16.1511 36.9 8.66881
      vertex 21.8321 36.9 8.99065
      vertex 16.1679 36.9 8.99065
    endloop
  endfacet
  facet normal 0 -1 0
    outer loop
      vertex 16.1511 36.9 8.66881
      vertex 21.8489 36.9 8.66881
      vertex 21.8321 36.9 8.99065
    endloop
  endfacet
  facet normal 0 -1 0
    outer loop
      vertex 16.1006 36.9 8.3505
      vertex 21.8489 36.9 8.66881
      vertex 16.1511 36.9 8.66881
    endloop
  endfacet
  facet normal 0 -1 0
    outer loop
      vertex 16.1006 36.9 8.3505
      vertex 21.8994 36.9 8.3505
      vertex 21.8489 36.9 8.66881
    endloop
  endfacet
  facet normal 0 -1 0
    outer loop
      vertex 16.0992 36.9 8.34125
      vertex 21.8994 36.9 8.3505
      vertex 16.1006 36.9 8.3505
    endloop
  endfacet
  facet normal 0 -1 0
    outer loop
      vertex 16.0992 36.9 8.34125
      vertex 21.9008 36.9 8.34125
      vertex 21.8994 36.9 8.3505
    endloop
  endfacet
  facet normal 0 -1 0
    outer loop
      vertex 16.0158 36.9 8.02995
      vertex 21.9008 36.9 8.34125
      vertex 16.0992 36.9 8.34125
    endloop
  endfacet
  facet normal 0 -1 0
    outer loop
      vertex 16.0158 36.9 8.02995
      vertex 21.9842 36.9 8.02995
      vertex 21.9008 36.9 8.34125
    endloop
  endfacet
  facet normal 0 -1 0
    outer loop
      vertex 16.0133 36.9 8.0209
      vertex 21.9842 36.9 8.02995
      vertex 16.0158 36.9 8.02995
    endloop
  endfacet
  facet normal 0 -1 0
    outer loop
      vertex 16.0133 36.9 8.0209
      vertex 21.9867 36.9 8.0209
      vertex 21.9842 36.9 8.02995
    endloop
  endfacet
  facet normal 0 -1 0
    outer loop
      vertex 16.01 36.9 8.01216
      vertex 21.9867 36.9 8.0209
      vertex 16.0133 36.9 8.0209
    endloop
  endfacet
  facet normal 0 -1 0
    outer loop
      vertex 16.01 36.9 8.01216
      vertex 21.99 36.9 8.01216
      vertex 21.9867 36.9 8.0209
    endloop
  endfacet
  facet normal 0 -1 0
    outer loop
      vertex 15.8945 36.9 7.71129
      vertex 21.99 36.9 8.01216
      vertex 16.01 36.9 8.01216
    endloop
  endfacet
  facet normal 0 -1 0
    outer loop
      vertex 15.8945 36.9 7.71129
      vertex 22.1055 36.9 7.71129
      vertex 21.99 36.9 8.01216
    endloop
  endfacet
  facet normal 0 -1 0
    outer loop
      vertex 15.7482 36.9 7.42413
      vertex 22.1055 36.9 7.71129
      vertex 15.8945 36.9 7.71129
    endloop
  endfacet
  facet normal 0 -1 0
    outer loop
      vertex 15.7482 36.9 7.42413
      vertex 22.2518 36.9 7.42413
      vertex 22.1055 36.9 7.71129
    endloop
  endfacet
  facet normal 0 -1 0
    outer loop
      vertex 15.7439 36.9 7.41579
      vertex 22.2518 36.9 7.42413
      vertex 15.7482 36.9 7.42413
    endloop
  endfacet
  facet normal 0 -1 0
    outer loop
      vertex 15.7439 36.9 7.41579
      vertex 22.2561 36.9 7.41579
      vertex 22.2518 36.9 7.42413
    endloop
  endfacet
  facet normal 0 -1 0
    outer loop
      vertex 15.7388 36.9 7.40794
      vertex 22.2561 36.9 7.41579
      vertex 15.7439 36.9 7.41579
    endloop
  endfacet
  facet normal 0 -1 0
    outer loop
      vertex 15.7388 36.9 7.40794
      vertex 22.2612 36.9 7.40794
      vertex 22.2561 36.9 7.41579
    endloop
  endfacet
  facet normal 0 -1 0
    outer loop
      vertex 15.5633 36.9 7.13765
      vertex 22.2612 36.9 7.40794
      vertex 15.7388 36.9 7.40794
    endloop
  endfacet
  facet normal 0 -1 0
    outer loop
      vertex 15.5633 36.9 7.13765
      vertex 22.4367 36.9 7.13765
      vertex 22.2612 36.9 7.40794
    endloop
  endfacet
  facet normal 0 -1 0
    outer loop
      vertex 15.5574 36.9 7.13037
      vertex 22.4367 36.9 7.13765
      vertex 15.5633 36.9 7.13765
    endloop
  endfacet
  facet normal 0 -1 0
    outer loop
      vertex 15.5574 36.9 7.13037
      vertex 22.4426 36.9 7.13037
      vertex 22.4367 36.9 7.13765
    endloop
  endfacet
  facet normal 0 -1 0
    outer loop
      vertex 15.3546 36.9 6.87991
      vertex 22.4426 36.9 7.13037
      vertex 15.5574 36.9 7.13037
    endloop
  endfacet
  facet normal 0 -1 0
    outer loop
      vertex 15.3546 36.9 6.87991
      vertex 22.6454 36.9 6.87991
      vertex 22.4426 36.9 7.13037
    endloop
  endfacet
  facet normal 0 -1 0
    outer loop
      vertex 15.1201 36.9 6.6454
      vertex 22.6454 36.9 6.87991
      vertex 15.3546 36.9 6.87991
    endloop
  endfacet
  facet normal 0 -1 0
    outer loop
      vertex 15.1201 36.9 6.6454
      vertex 22.8799 36.9 6.6454
      vertex 22.6454 36.9 6.87991
    endloop
  endfacet
  facet normal 0 -1 0
    outer loop
      vertex 14.8696 36.9 6.44259
      vertex 22.8799 36.9 6.6454
      vertex 15.1201 36.9 6.6454
    endloop
  endfacet
  facet normal 0 -1 0
    outer loop
      vertex 14.8696 36.9 6.44259
      vertex 23.1304 36.9 6.44259
      vertex 22.8799 36.9 6.6454
    endloop
  endfacet
  facet normal 0 -1 0
    outer loop
      vertex 14.8624 36.9 6.43669
      vertex 23.1304 36.9 6.44259
      vertex 14.8696 36.9 6.44259
    endloop
  endfacet
  facet normal 0 -1 0
    outer loop
      vertex 14.8624 36.9 6.43669
      vertex 23.1376 36.9 6.43669
      vertex 23.1304 36.9 6.44259
    endloop
  endfacet
  facet normal 0 -1 0
    outer loop
      vertex 14.5921 36.9 6.26117
      vertex 23.1376 36.9 6.43669
      vertex 14.8624 36.9 6.43669
    endloop
  endfacet
  facet normal 0 -1 0
    outer loop
      vertex 14.5921 36.9 6.26117
      vertex 23.4079 36.9 6.26117
      vertex 23.1376 36.9 6.43669
    endloop
  endfacet
  facet normal 0 -1 0
    outer loop
      vertex 14.5842 36.9 6.25607
      vertex 23.4079 36.9 6.26117
      vertex 14.5921 36.9 6.26117
    endloop
  endfacet
  facet normal 0 -1 0
    outer loop
      vertex 14.5842 36.9 6.25607
      vertex 23.4158 36.9 6.25607
      vertex 23.4079 36.9 6.26117
    endloop
  endfacet
  facet normal 0 -1 0
    outer loop
      vertex 14.5759 36.9 6.25182
      vertex 23.4158 36.9 6.25607
      vertex 14.5842 36.9 6.25607
    endloop
  endfacet
  facet normal 0 -1 0
    outer loop
      vertex 14.5759 36.9 6.25182
      vertex 23.4241 36.9 6.25182
      vertex 23.4158 36.9 6.25607
    endloop
  endfacet
  facet normal 0 -1 0
    outer loop
      vertex 14.2887 36.9 6.1055
      vertex 23.4241 36.9 6.25182
      vertex 14.5759 36.9 6.25182
    endloop
  endfacet
  facet normal 0 -1 0
    outer loop
      vertex 14.2887 36.9 6.1055
      vertex 23.7113 36.9 6.1055
      vertex 23.4241 36.9 6.25182
    endloop
  endfacet
  facet normal 0 -1 0
    outer loop
      vertex 13.9878 36.9 5.99001
      vertex 23.7113 36.9 6.1055
      vertex 14.2887 36.9 6.1055
    endloop
  endfacet
  facet normal 0 -1 0
    outer loop
      vertex 13.9878 36.9 5.99001
      vertex 24.0122 36.9 5.99001
      vertex 23.7113 36.9 6.1055
    endloop
  endfacet
  facet normal 0 -1 0
    outer loop
      vertex 13.9791 36.9 5.98665
      vertex 24.0122 36.9 5.99001
      vertex 13.9878 36.9 5.99001
    endloop
  endfacet
  facet normal 0 -1 0
    outer loop
      vertex 13.9791 36.9 5.98665
      vertex 24.0209 36.9 5.98665
      vertex 24.0122 36.9 5.99001
    endloop
  endfacet
  facet normal 0 -1 0
    outer loop
      vertex 5 36.9 0
      vertex 13.9791 36.9 5.98665
      vertex 13.97 36.9 5.98423
    endloop
  endfacet
  facet normal 0 -1 -0
    outer loop
      vertex 13.9791 36.9 5.98665
      vertex 5 36.9 0
      vertex 24.0209 36.9 5.98665
    endloop
  endfacet
  facet normal 0 -1 0
    outer loop
      vertex 5 36.9 0
      vertex 13.97 36.9 5.98423
      vertex 13.6588 36.9 5.90082
    endloop
  endfacet
  facet normal 0 -1 0
    outer loop
      vertex 33 36.9 0
      vertex 24.0209 36.9 5.98665
      vertex 5 36.9 0
    endloop
  endfacet
  facet normal 0 -1 0
    outer loop
      vertex 5 36.9 0
      vertex 13.6588 36.9 5.90082
      vertex 13.6495 36.9 5.89935
    endloop
  endfacet
  facet normal 0 -1 0
    outer loop
      vertex 24.0209 36.9 5.98665
      vertex 33 36.9 0
      vertex 24.03 36.9 5.98423
    endloop
  endfacet
  facet normal 0 -1 0
    outer loop
      vertex 5 36.9 0
      vertex 13.6495 36.9 5.89935
      vertex 13.3312 36.9 5.84894
    endloop
  endfacet
  facet normal 0 -1 0
    outer loop
      vertex 24.03 36.9 5.98423
      vertex 33 36.9 0
      vertex 24.3412 36.9 5.90082
    endloop
  endfacet
  facet normal 0 -1 0
    outer loop
      vertex 5 36.9 0
      vertex 13.3312 36.9 5.84894
      vertex 13.0094 36.9 5.83207
    endloop
  endfacet
  facet normal 0 -1 0
    outer loop
      vertex 24.3412 36.9 5.90082
      vertex 33 36.9 0
      vertex 24.3505 36.9 5.89935
    endloop
  endfacet
  facet normal 0 -1 0
    outer loop
      vertex 5 36.9 0
      vertex 13.0094 36.9 5.83207
      vertex 13 36.9 5.83158
    endloop
  endfacet
  facet normal 0 -1 0
    outer loop
      vertex 24.3505 36.9 5.89935
      vertex 33 36.9 0
      vertex 24.6688 36.9 5.84894
    endloop
  endfacet
  facet normal 0 -1 0
    outer loop
      vertex 5 36.9 17.5
      vertex 7.5 36.9 20
      vertex 7.23868 36.9 19.9863
    endloop
  endfacet
  facet normal 0 -1 0
    outer loop
      vertex 13.0094 36.9 12.1679
      vertex 7.5 36.9 20
      vertex 13 36.9 12.1684
    endloop
  endfacet
  facet normal 0 -1 0
    outer loop
      vertex 5 36.9 17.5
      vertex 7.23868 36.9 19.9863
      vertex 6.98022 36.9 19.9454
    endloop
  endfacet
  facet normal 0 -1 0
    outer loop
      vertex 13.3312 36.9 12.1511
      vertex 7.5 36.9 20
      vertex 13.0094 36.9 12.1679
    endloop
  endfacet
  facet normal 0 -1 0
    outer loop
      vertex 5 36.9 17.5
      vertex 6.98022 36.9 19.9454
      vertex 6.72746 36.9 19.8776
    endloop
  endfacet
  facet normal 0 -1 0
    outer loop
      vertex 25.0094 36.9 12.1679
      vertex 30.5 36.9 20
      vertex 25 36.9 12.1684
    endloop
  endfacet
  facet normal 0 -1 0
    outer loop
      vertex 5 36.9 17.5
      vertex 6.72746 36.9 19.8776
      vertex 6.48316 36.9 19.7839
    endloop
  endfacet
  facet normal 0 -1 0
    outer loop
      vertex 25.3312 36.9 12.1511
      vertex 30.5 36.9 20
      vertex 25.0094 36.9 12.1679
    endloop
  endfacet
  facet normal 0 -1 0
    outer loop
      vertex 5 36.9 17.5
      vertex 6.48316 36.9 19.7839
      vertex 6.25 36.9 19.6651
    endloop
  endfacet
  facet normal 0 -1 0
    outer loop
      vertex 25.6495 36.9 12.1006
      vertex 30.5 36.9 20
      vertex 25.3312 36.9 12.1511
    endloop
  endfacet
  facet normal 0 -1 0
    outer loop
      vertex 5 36.9 17.5
      vertex 6.25 36.9 19.6651
      vertex 6.03054 36.9 19.5225
    endloop
  endfacet
  facet normal 0 -1 0
    outer loop
      vertex 25.6588 36.9 12.0992
      vertex 30.5 36.9 20
      vertex 25.6495 36.9 12.1006
    endloop
  endfacet
  facet normal 0 -1 0
    outer loop
      vertex 5 36.9 17.5
      vertex 6.03054 36.9 19.5225
      vertex 5.82717 36.9 19.3579
    endloop
  endfacet
  facet normal 0 -1 0
    outer loop
      vertex 25.97 36.9 12.0158
      vertex 30.5 36.9 20
      vertex 25.6588 36.9 12.0992
    endloop
  endfacet
  facet normal 0 -1 0
    outer loop
      vertex 5 36.9 17.5
      vertex 5.82717 36.9 19.3579
      vertex 5.64214 36.9 19.1728
    endloop
  endfacet
  facet normal 0 -1 0
    outer loop
      vertex 25.9791 36.9 12.0133
      vertex 30.5 36.9 20
      vertex 25.97 36.9 12.0158
    endloop
  endfacet
  facet normal 0 -1 0
    outer loop
      vertex 5 36.9 17.5
      vertex 5.64214 36.9 19.1728
      vertex 5.47746 36.9 18.9695
    endloop
  endfacet
  facet normal 0 -1 0
    outer loop
      vertex 25.9878 36.9 12.01
      vertex 30.5 36.9 20
      vertex 25.9791 36.9 12.0133
    endloop
  endfacet
  facet normal 0 -1 0
    outer loop
      vertex 5 36.9 17.5
      vertex 5.47746 36.9 18.9695
      vertex 5.33494 36.9 18.75
    endloop
  endfacet
  facet normal 0 -1 0
    outer loop
      vertex 26.2887 36.9 11.8945
      vertex 30.5 36.9 20
      vertex 25.9878 36.9 12.01
    endloop
  endfacet
  facet normal 0 -1 0
    outer loop
      vertex 5 36.9 17.5
      vertex 5.33494 36.9 18.75
      vertex 5.21614 36.9 18.5168
    endloop
  endfacet
  facet normal 0 -1 0
    outer loop
      vertex 26.5759 36.9 11.7482
      vertex 30.5 36.9 20
      vertex 26.2887 36.9 11.8945
    endloop
  endfacet
  facet normal 0 -1 0
    outer loop
      vertex 5 36.9 17.5
      vertex 5.21614 36.9 18.5168
      vertex 5.12236 36.9 18.2725
    endloop
  endfacet
  facet normal 0 -1 0
    outer loop
      vertex 26.5842 36.9 11.7439
      vertex 30.5 36.9 20
      vertex 26.5759 36.9 11.7482
    endloop
  endfacet
  facet normal 0 -1 0
    outer loop
      vertex 5 36.9 17.5
      vertex 5.12236 36.9 18.2725
      vertex 5.05463 36.9 18.0198
    endloop
  endfacet
  facet normal 0 -1 0
    outer loop
      vertex 30.5 36.9 20
      vertex 33 36.9 17.5
      vertex 30.7613 36.9 19.9863
    endloop
  endfacet
  facet normal 0 -1 0
    outer loop
      vertex 5 36.9 17.5
      vertex 5.05463 36.9 18.0198
      vertex 5.0137 36.9 17.7613
    endloop
  endfacet
  facet normal 0 -1 0
    outer loop
      vertex 31.0198 36.9 19.9454
      vertex 33 36.9 17.5
      vertex 31.2725 36.9 19.8776
    endloop
  endfacet
  facet normal 0 -1 0
    outer loop
      vertex 11.4158 36.9 11.7439
      vertex 7.5 36.9 20
      vertex 5 36.9 17.5
    endloop
  endfacet
  facet normal 0 -1 0
    outer loop
      vertex 31.2725 36.9 19.8776
      vertex 33 36.9 17.5
      vertex 31.5168 36.9 19.7839
    endloop
  endfacet
  facet normal 0 -1 0
    outer loop
      vertex 31.5168 36.9 19.7839
      vertex 33 36.9 17.5
      vertex 31.75 36.9 19.6651
    endloop
  endfacet
  facet normal 0 -1 0
    outer loop
      vertex 7.5 36.9 20
      vertex 12.9906 36.9 12.1679
      vertex 13 36.9 12.1684
    endloop
  endfacet
  facet normal 0 -1 0
    outer loop
      vertex 7.5 36.9 20
      vertex 12.6688 36.9 12.1511
      vertex 12.9906 36.9 12.1679
    endloop
  endfacet
  facet normal 0 -1 0
    outer loop
      vertex 7.5 36.9 20
      vertex 12.3505 36.9 12.1006
      vertex 12.6688 36.9 12.1511
    endloop
  endfacet
  facet normal 0 -1 0
    outer loop
      vertex 7.5 36.9 20
      vertex 12.3412 36.9 12.0992
      vertex 12.3505 36.9 12.1006
    endloop
  endfacet
  facet normal 0 -1 0
    outer loop
      vertex 7.5 36.9 20
      vertex 12.03 36.9 12.0158
      vertex 12.3412 36.9 12.0992
    endloop
  endfacet
  facet normal 0 -1 0
    outer loop
      vertex 7.5 36.9 20
      vertex 12.0209 36.9 12.0133
      vertex 12.03 36.9 12.0158
    endloop
  endfacet
  facet normal 0 -1 0
    outer loop
      vertex 7.5 36.9 20
      vertex 12.0122 36.9 12.01
      vertex 12.0209 36.9 12.0133
    endloop
  endfacet
  facet normal 0 -1 0
    outer loop
      vertex 7.5 36.9 20
      vertex 11.7113 36.9 11.8945
      vertex 12.0122 36.9 12.01
    endloop
  endfacet
  facet normal 0 -1 0
    outer loop
      vertex 7.5 36.9 20
      vertex 11.4241 36.9 11.7482
      vertex 11.7113 36.9 11.8945
    endloop
  endfacet
  facet normal 0 -1 0
    outer loop
      vertex 7.5 36.9 20
      vertex 11.4158 36.9 11.7439
      vertex 11.4241 36.9 11.7482
    endloop
  endfacet
  facet normal 0 -1 0
    outer loop
      vertex 5 36.9 17.5
      vertex 11.4079 36.9 11.7388
      vertex 11.4158 36.9 11.7439
    endloop
  endfacet
  facet normal 0 -1 0
    outer loop
      vertex 5 36.9 17.5
      vertex 11.1376 36.9 11.5633
      vertex 11.4079 36.9 11.7388
    endloop
  endfacet
  facet normal 0 -1 0
    outer loop
      vertex 5 36.9 17.5
      vertex 11.1304 36.9 11.5574
      vertex 11.1376 36.9 11.5633
    endloop
  endfacet
  facet normal 0 -1 0
    outer loop
      vertex 5 36.9 17.5
      vertex 10.8799 36.9 11.3546
      vertex 11.1304 36.9 11.5574
    endloop
  endfacet
  facet normal 0 -1 0
    outer loop
      vertex 5 36.9 17.5
      vertex 10.6454 36.9 11.1201
      vertex 10.8799 36.9 11.3546
    endloop
  endfacet
  facet normal 0 -1 0
    outer loop
      vertex 5 36.9 17.5
      vertex 10.4426 36.9 10.8696
      vertex 10.6454 36.9 11.1201
    endloop
  endfacet
  facet normal 0 -1 0
    outer loop
      vertex 5 36.9 17.5
      vertex 10.4367 36.9 10.8624
      vertex 10.4426 36.9 10.8696
    endloop
  endfacet
  facet normal 0 -1 0
    outer loop
      vertex 5 36.9 17.5
      vertex 10.2612 36.9 10.5921
      vertex 10.4367 36.9 10.8624
    endloop
  endfacet
  facet normal 0 -1 0
    outer loop
      vertex 5 36.9 17.5
      vertex 10.2561 36.9 10.5842
      vertex 10.2612 36.9 10.5921
    endloop
  endfacet
  facet normal 0 -1 0
    outer loop
      vertex 5 36.9 17.5
      vertex 10.2518 36.9 10.5759
      vertex 10.2561 36.9 10.5842
    endloop
  endfacet
  facet normal 0 -1 0
    outer loop
      vertex 5 36.9 17.5
      vertex 10.1055 36.9 10.2887
      vertex 10.2518 36.9 10.5759
    endloop
  endfacet
  facet normal 0 -1 0
    outer loop
      vertex 5 36.9 17.5
      vertex 9.99001 36.9 9.98784
      vertex 10.1055 36.9 10.2887
    endloop
  endfacet
  facet normal 0 -1 0
    outer loop
      vertex 5 36.9 17.5
      vertex 9.98665 36.9 9.9791
      vertex 9.99001 36.9 9.98784
    endloop
  endfacet
  facet normal 0 -1 0
    outer loop
      vertex 5 36.9 17.5
      vertex 9.98423 36.9 9.97005
      vertex 9.98665 36.9 9.9791
    endloop
  endfacet
  facet normal 0 -1 0
    outer loop
      vertex 5 36.9 17.5
      vertex 9.90082 36.9 9.65875
      vertex 9.98423 36.9 9.97005
    endloop
  endfacet
  facet normal 0 -1 0
    outer loop
      vertex 5 36.9 17.5
      vertex 9.89935 36.9 9.6495
      vertex 9.90082 36.9 9.65875
    endloop
  endfacet
  facet normal 0 -1 0
    outer loop
      vertex 5 36.9 17.5
      vertex 9.84894 36.9 9.33119
      vertex 9.89935 36.9 9.6495
    endloop
  endfacet
  facet normal 0 -1 0
    outer loop
      vertex 5 36.9 17.5
      vertex 9.83207 36.9 9.00935
      vertex 9.84894 36.9 9.33119
    endloop
  endfacet
  facet normal 0 -1 0
    outer loop
      vertex 5 36.9 17.5
      vertex 9.83158 36.9 9
      vertex 9.83207 36.9 9.00935
    endloop
  endfacet
  facet normal 0 -1 0
    outer loop
      vertex 5 36.9 0
      vertex 9.83158 36.9 9
      vertex 5 36.9 17.5
    endloop
  endfacet
  facet normal 0 -1 -0
    outer loop
      vertex 9.83158 36.9 9
      vertex 5 36.9 0
      vertex 9.83207 36.9 8.99065
    endloop
  endfacet
  facet normal 0 -1 -0
    outer loop
      vertex 9.83207 36.9 8.99065
      vertex 5 36.9 0
      vertex 9.84894 36.9 8.66881
    endloop
  endfacet
  facet normal 0 -1 -0
    outer loop
      vertex 9.84894 36.9 8.66881
      vertex 5 36.9 0
      vertex 9.89935 36.9 8.3505
    endloop
  endfacet
  facet normal 0 -1 -0
    outer loop
      vertex 9.89935 36.9 8.3505
      vertex 5 36.9 0
      vertex 9.90082 36.9 8.34125
    endloop
  endfacet
  facet normal 0 -1 -0
    outer loop
      vertex 9.90082 36.9 8.34125
      vertex 5 36.9 0
      vertex 9.98423 36.9 8.02995
    endloop
  endfacet
  facet normal 0 -1 -0
    outer loop
      vertex 9.98423 36.9 8.02995
      vertex 5 36.9 0
      vertex 9.98665 36.9 8.0209
    endloop
  endfacet
  facet normal 0 -1 -0
    outer loop
      vertex 9.98665 36.9 8.0209
      vertex 5 36.9 0
      vertex 9.99001 36.9 8.01216
    endloop
  endfacet
  facet normal 0 -1 -0
    outer loop
      vertex 9.99001 36.9 8.01216
      vertex 5 36.9 0
      vertex 10.1055 36.9 7.71129
    endloop
  endfacet
  facet normal 0 -1 -0
    outer loop
      vertex 10.1055 36.9 7.71129
      vertex 5 36.9 0
      vertex 10.2518 36.9 7.42413
    endloop
  endfacet
  facet normal 0 -1 0
    outer loop
      vertex 5 36.9 0
      vertex 10.2612 36.9 7.40794
      vertex 10.2561 36.9 7.41579
    endloop
  endfacet
  facet normal 0 -1 0
    outer loop
      vertex 5 36.9 0
      vertex 10.4426 36.9 7.13037
      vertex 10.4367 36.9 7.13765
    endloop
  endfacet
  facet normal 0 -1 0
    outer loop
      vertex 5 36.9 0
      vertex 12.0122 36.9 5.99001
      vertex 11.7113 36.9 6.1055
    endloop
  endfacet
  facet normal 0 -1 0
    outer loop
      vertex 5 36.9 0
      vertex 12.03 36.9 5.98423
      vertex 12.0209 36.9 5.98665
    endloop
  endfacet
  facet normal 0 -1 0
    outer loop
      vertex 24.6688 36.9 5.84894
      vertex 33 36.9 0
      vertex 24.9906 36.9 5.83207
    endloop
  endfacet
  facet normal 0 -1 -0
    outer loop
      vertex 12.9906 36.9 5.83207
      vertex 5 36.9 0
      vertex 13 36.9 5.83158
    endloop
  endfacet
  facet normal 0 -1 -0
    outer loop
      vertex 12.6688 36.9 5.84894
      vertex 5 36.9 0
      vertex 12.9906 36.9 5.83207
    endloop
  endfacet
  facet normal 0 -1 -0
    outer loop
      vertex 12.3505 36.9 5.89935
      vertex 5 36.9 0
      vertex 12.6688 36.9 5.84894
    endloop
  endfacet
  facet normal 0 -1 -0
    outer loop
      vertex 12.3412 36.9 5.90082
      vertex 5 36.9 0
      vertex 12.3505 36.9 5.89935
    endloop
  endfacet
  facet normal 0 -1 -0
    outer loop
      vertex 12.03 36.9 5.98423
      vertex 5 36.9 0
      vertex 12.3412 36.9 5.90082
    endloop
  endfacet
  facet normal 0 -1 -0
    outer loop
      vertex 12.0122 36.9 5.99001
      vertex 5 36.9 0
      vertex 12.0209 36.9 5.98665
    endloop
  endfacet
  facet normal 0 -1 -0
    outer loop
      vertex 11.4241 36.9 6.25182
      vertex 5 36.9 0
      vertex 11.7113 36.9 6.1055
    endloop
  endfacet
  facet normal 0 -1 -0
    outer loop
      vertex 11.4158 36.9 6.25607
      vertex 5 36.9 0
      vertex 11.4241 36.9 6.25182
    endloop
  endfacet
  facet normal 0 -1 -0
    outer loop
      vertex 11.4079 36.9 6.26117
      vertex 5 36.9 0
      vertex 11.4158 36.9 6.25607
    endloop
  endfacet
  facet normal 0 -1 -0
    outer loop
      vertex 11.1376 36.9 6.43669
      vertex 5 36.9 0
      vertex 11.4079 36.9 6.26117
    endloop
  endfacet
  facet normal 0 -1 -0
    outer loop
      vertex 11.1304 36.9 6.44259
      vertex 5 36.9 0
      vertex 11.1376 36.9 6.43669
    endloop
  endfacet
  facet normal 0 -1 -0
    outer loop
      vertex 10.8799 36.9 6.6454
      vertex 5 36.9 0
      vertex 11.1304 36.9 6.44259
    endloop
  endfacet
  facet normal 0 -1 -0
    outer loop
      vertex 10.6454 36.9 6.87991
      vertex 5 36.9 0
      vertex 10.8799 36.9 6.6454
    endloop
  endfacet
  facet normal 0 -1 -0
    outer loop
      vertex 10.4426 36.9 7.13037
      vertex 5 36.9 0
      vertex 10.6454 36.9 6.87991
    endloop
  endfacet
  facet normal 0 -1 -0
    outer loop
      vertex 10.2612 36.9 7.40794
      vertex 5 36.9 0
      vertex 10.4367 36.9 7.13765
    endloop
  endfacet
  facet normal 0 -1 -0
    outer loop
      vertex 10.2518 36.9 7.42413
      vertex 5 36.9 0
      vertex 10.2561 36.9 7.41579
    endloop
  endfacet
  facet normal 0 -1 0
    outer loop
      vertex 31.75 36.9 19.6651
      vertex 33 36.9 17.5
      vertex 31.9695 36.9 19.5225
    endloop
  endfacet
  facet normal 0 -1 0
    outer loop
      vertex 31.9695 36.9 19.5225
      vertex 33 36.9 17.5
      vertex 32.1728 36.9 19.3579
    endloop
  endfacet
  facet normal 0 -1 0
    outer loop
      vertex 32.3579 36.9 19.1728
      vertex 33 36.9 17.5
      vertex 32.5225 36.9 18.9695
    endloop
  endfacet
  facet normal 0 -1 0
    outer loop
      vertex 32.6651 36.9 18.75
      vertex 33 36.9 17.5
      vertex 32.7839 36.9 18.5168
    endloop
  endfacet
  facet normal 0 -1 0
    outer loop
      vertex 32.7839 36.9 18.5168
      vertex 33 36.9 17.5
      vertex 32.8776 36.9 18.2725
    endloop
  endfacet
  facet normal 0 -1 0
    outer loop
      vertex 32.8776 36.9 18.2725
      vertex 33 36.9 17.5
      vertex 32.9454 36.9 18.0198
    endloop
  endfacet
  facet normal 0 -1 0
    outer loop
      vertex 32.9454 36.9 18.0198
      vertex 33 36.9 17.5
      vertex 32.9863 36.9 17.7613
    endloop
  endfacet
  facet normal 0 -1 0
    outer loop
      vertex 32.5225 36.9 18.9695
      vertex 33 36.9 17.5
      vertex 32.6651 36.9 18.75
    endloop
  endfacet
  facet normal 0 -1 0
    outer loop
      vertex 32.1728 36.9 19.3579
      vertex 33 36.9 17.5
      vertex 32.3579 36.9 19.1728
    endloop
  endfacet
  facet normal 0 -1 0
    outer loop
      vertex 30.7613 36.9 19.9863
      vertex 33 36.9 17.5
      vertex 31.0198 36.9 19.9454
    endloop
  endfacet
  facet normal 0 -1 -0
    outer loop
      vertex 30.5 36.9 20
      vertex 26.5842 36.9 11.7439
      vertex 33 36.9 17.5
    endloop
  endfacet
  facet normal 0 -1 0
    outer loop
      vertex 26.5921 36.9 11.7388
      vertex 33 36.9 17.5
      vertex 26.5842 36.9 11.7439
    endloop
  endfacet
  facet normal 0 -1 0
    outer loop
      vertex 26.8624 36.9 11.5633
      vertex 33 36.9 17.5
      vertex 26.5921 36.9 11.7388
    endloop
  endfacet
  facet normal 0 -1 0
    outer loop
      vertex 26.8696 36.9 11.5574
      vertex 33 36.9 17.5
      vertex 26.8624 36.9 11.5633
    endloop
  endfacet
  facet normal 0 -1 0
    outer loop
      vertex 27.1201 36.9 11.3546
      vertex 33 36.9 17.5
      vertex 26.8696 36.9 11.5574
    endloop
  endfacet
  facet normal 0 -1 0
    outer loop
      vertex 27.3546 36.9 11.1201
      vertex 33 36.9 17.5
      vertex 27.1201 36.9 11.3546
    endloop
  endfacet
  facet normal 0 -1 0
    outer loop
      vertex 27.5574 36.9 10.8696
      vertex 33 36.9 17.5
      vertex 27.3546 36.9 11.1201
    endloop
  endfacet
  facet normal 0 -1 0
    outer loop
      vertex 27.5633 36.9 10.8624
      vertex 33 36.9 17.5
      vertex 27.5574 36.9 10.8696
    endloop
  endfacet
  facet normal 0 -1 0
    outer loop
      vertex 27.7388 36.9 10.5921
      vertex 33 36.9 17.5
      vertex 27.5633 36.9 10.8624
    endloop
  endfacet
  facet normal 0 -1 0
    outer loop
      vertex 27.7439 36.9 10.5842
      vertex 33 36.9 17.5
      vertex 27.7388 36.9 10.5921
    endloop
  endfacet
  facet normal 0 -1 0
    outer loop
      vertex 27.7482 36.9 10.5759
      vertex 33 36.9 17.5
      vertex 27.7439 36.9 10.5842
    endloop
  endfacet
  facet normal 0 -1 0
    outer loop
      vertex 27.8945 36.9 10.2887
      vertex 33 36.9 17.5
      vertex 27.7482 36.9 10.5759
    endloop
  endfacet
  facet normal 0 -1 0
    outer loop
      vertex 28.01 36.9 9.98784
      vertex 33 36.9 17.5
      vertex 27.8945 36.9 10.2887
    endloop
  endfacet
  facet normal 0 -1 0
    outer loop
      vertex 28.0133 36.9 9.9791
      vertex 33 36.9 17.5
      vertex 28.01 36.9 9.98784
    endloop
  endfacet
  facet normal 0 -1 0
    outer loop
      vertex 28.0158 36.9 9.97005
      vertex 33 36.9 17.5
      vertex 28.0133 36.9 9.9791
    endloop
  endfacet
  facet normal 0 -1 0
    outer loop
      vertex 28.0992 36.9 9.65875
      vertex 33 36.9 17.5
      vertex 28.0158 36.9 9.97005
    endloop
  endfacet
  facet normal 0 -1 0
    outer loop
      vertex 28.1006 36.9 9.6495
      vertex 33 36.9 17.5
      vertex 28.0992 36.9 9.65875
    endloop
  endfacet
  facet normal 0 -1 0
    outer loop
      vertex 28.1511 36.9 9.33119
      vertex 33 36.9 17.5
      vertex 28.1006 36.9 9.6495
    endloop
  endfacet
  facet normal 0 -1 0
    outer loop
      vertex 28.1679 36.9 9.00935
      vertex 33 36.9 17.5
      vertex 28.1511 36.9 9.33119
    endloop
  endfacet
  facet normal 0 -1 0
    outer loop
      vertex 28.1684 36.9 9
      vertex 33 36.9 17.5
      vertex 28.1679 36.9 9.00935
    endloop
  endfacet
  facet normal 0 -1 0
    outer loop
      vertex 33 36.9 0
      vertex 28.1684 36.9 9
      vertex 28.1679 36.9 8.99065
    endloop
  endfacet
  facet normal 0 -1 0
    outer loop
      vertex 33 36.9 0
      vertex 28.1679 36.9 8.99065
      vertex 28.1511 36.9 8.66881
    endloop
  endfacet
  facet normal 0 -1 0
    outer loop
      vertex 33 36.9 0
      vertex 28.1511 36.9 8.66881
      vertex 28.1006 36.9 8.3505
    endloop
  endfacet
  facet normal 0 -1 0
    outer loop
      vertex 33 36.9 0
      vertex 28.1006 36.9 8.3505
      vertex 28.0992 36.9 8.34125
    endloop
  endfacet
  facet normal 0 -1 0
    outer loop
      vertex 33 36.9 0
      vertex 28.0992 36.9 8.34125
      vertex 28.0158 36.9 8.02995
    endloop
  endfacet
  facet normal 0 -1 0
    outer loop
      vertex 33 36.9 0
      vertex 28.0158 36.9 8.02995
      vertex 28.0133 36.9 8.0209
    endloop
  endfacet
  facet normal 0 -1 0
    outer loop
      vertex 33 36.9 0
      vertex 28.0133 36.9 8.0209
      vertex 28.01 36.9 8.01216
    endloop
  endfacet
  facet normal 0 -1 0
    outer loop
      vertex 33 36.9 0
      vertex 28.01 36.9 8.01216
      vertex 27.8945 36.9 7.71129
    endloop
  endfacet
  facet normal 0 -1 0
    outer loop
      vertex 33 36.9 0
      vertex 27.8945 36.9 7.71129
      vertex 27.7482 36.9 7.42413
    endloop
  endfacet
  facet normal 0 -1 0
    outer loop
      vertex 33 36.9 0
      vertex 27.7482 36.9 7.42413
      vertex 27.7439 36.9 7.41579
    endloop
  endfacet
  facet normal 0 -1 0
    outer loop
      vertex 33 36.9 0
      vertex 27.5574 36.9 7.13037
      vertex 27.3546 36.9 6.87991
    endloop
  endfacet
  facet normal 0 -1 0
    outer loop
      vertex 33 36.9 0
      vertex 25.9878 36.9 5.99001
      vertex 25.9791 36.9 5.98665
    endloop
  endfacet
  facet normal 0 -1 0
    outer loop
      vertex 33 36.9 0
      vertex 25.97 36.9 5.98423
      vertex 25.6588 36.9 5.90082
    endloop
  endfacet
  facet normal 0 -1 0
    outer loop
      vertex 24.9906 36.9 5.83207
      vertex 33 36.9 0
      vertex 25 36.9 5.83158
    endloop
  endfacet
  facet normal 0 -1 0
    outer loop
      vertex 25 36.9 5.83158
      vertex 33 36.9 0
      vertex 25.0094 36.9 5.83207
    endloop
  endfacet
  facet normal 0 -1 0
    outer loop
      vertex 25.0094 36.9 5.83207
      vertex 33 36.9 0
      vertex 25.3312 36.9 5.84894
    endloop
  endfacet
  facet normal 0 -1 0
    outer loop
      vertex 25.3312 36.9 5.84894
      vertex 33 36.9 0
      vertex 25.6495 36.9 5.89935
    endloop
  endfacet
  facet normal 0 -1 0
    outer loop
      vertex 25.6495 36.9 5.89935
      vertex 33 36.9 0
      vertex 25.6588 36.9 5.90082
    endloop
  endfacet
  facet normal 0 -1 0
    outer loop
      vertex 28.1684 36.9 9
      vertex 33 36.9 0
      vertex 33 36.9 17.5
    endloop
  endfacet
  facet normal 0 -1 0
    outer loop
      vertex 27.7388 36.9 7.40794
      vertex 33 36.9 0
      vertex 27.7439 36.9 7.41579
    endloop
  endfacet
  facet normal 0 -1 0
    outer loop
      vertex 27.5633 36.9 7.13765
      vertex 33 36.9 0
      vertex 27.7388 36.9 7.40794
    endloop
  endfacet
  facet normal 0 -1 0
    outer loop
      vertex 27.5574 36.9 7.13037
      vertex 33 36.9 0
      vertex 27.5633 36.9 7.13765
    endloop
  endfacet
  facet normal 0 -1 0
    outer loop
      vertex 27.1201 36.9 6.6454
      vertex 33 36.9 0
      vertex 27.3546 36.9 6.87991
    endloop
  endfacet
  facet normal 0 -1 0
    outer loop
      vertex 26.8696 36.9 6.44259
      vertex 33 36.9 0
      vertex 27.1201 36.9 6.6454
    endloop
  endfacet
  facet normal 0 -1 0
    outer loop
      vertex 26.8624 36.9 6.43669
      vertex 33 36.9 0
      vertex 26.8696 36.9 6.44259
    endloop
  endfacet
  facet normal 0 -1 0
    outer loop
      vertex 26.5921 36.9 6.26117
      vertex 33 36.9 0
      vertex 26.8624 36.9 6.43669
    endloop
  endfacet
  facet normal 0 -1 0
    outer loop
      vertex 26.5842 36.9 6.25607
      vertex 33 36.9 0
      vertex 26.5921 36.9 6.26117
    endloop
  endfacet
  facet normal 0 -1 0
    outer loop
      vertex 26.5759 36.9 6.25182
      vertex 33 36.9 0
      vertex 26.5842 36.9 6.25607
    endloop
  endfacet
  facet normal 0 -1 0
    outer loop
      vertex 26.2887 36.9 6.1055
      vertex 33 36.9 0
      vertex 26.5759 36.9 6.25182
    endloop
  endfacet
  facet normal 0 -1 0
    outer loop
      vertex 25.9878 36.9 5.99001
      vertex 33 36.9 0
      vertex 26.2887 36.9 6.1055
    endloop
  endfacet
  facet normal 0 -1 0
    outer loop
      vertex 25.97 36.9 5.98423
      vertex 33 36.9 0
      vertex 25.9791 36.9 5.98665
    endloop
  endfacet
  facet normal 0 1 0
    outer loop
      vertex 24.4747 39.9 10.6168
      vertex 30.5 39.9 20
      vertex 24.6465 39.9 10.6629
    endloop
  endfacet
  facet normal 0 1 0
    outer loop
      vertex 7.5 39.9 20
      vertex 13.1777 39.9 10.6907
      vertex 13 39.9 10.7
    endloop
  endfacet
  facet normal 0 1 0
    outer loop
      vertex 24.3085 39.9 10.553
      vertex 30.5 39.9 20
      vertex 24.4747 39.9 10.6168
    endloop
  endfacet
  facet normal 0 1 0
    outer loop
      vertex 7.5 39.9 20
      vertex 13.3534 39.9 10.6629
      vertex 13.1777 39.9 10.6907
    endloop
  endfacet
  facet normal 0 1 0
    outer loop
      vertex 30.5 39.9 20
      vertex 24.3085 39.9 10.553
      vertex 7.5 39.9 20
    endloop
  endfacet
  facet normal 0 1 0
    outer loop
      vertex 7.5 39.9 20
      vertex 13.5253 39.9 10.6168
      vertex 13.3534 39.9 10.6629
    endloop
  endfacet
  facet normal 0 1 -0
    outer loop
      vertex 13.6915 39.9 10.553
      vertex 7.5 39.9 20
      vertex 24.3085 39.9 10.553
    endloop
  endfacet
  facet normal 0 1 0
    outer loop
      vertex 7.5 39.9 20
      vertex 13.6915 39.9 10.553
      vertex 13.5253 39.9 10.6168
    endloop
  endfacet
  facet normal 0 1 -0
    outer loop
      vertex 24.15 39.9 10.4722
      vertex 13.6915 39.9 10.553
      vertex 24.3085 39.9 10.553
    endloop
  endfacet
  facet normal 0 1 0
    outer loop
      vertex 24.15 39.9 10.4722
      vertex 13.85 39.9 10.4722
      vertex 13.6915 39.9 10.553
    endloop
  endfacet
  facet normal 0 1 -0
    outer loop
      vertex 24.0008 39.9 10.3753
      vertex 13.85 39.9 10.4722
      vertex 24.15 39.9 10.4722
    endloop
  endfacet
  facet normal 0 1 0
    outer loop
      vertex 24.0008 39.9 10.3753
      vertex 13.9992 39.9 10.3753
      vertex 13.85 39.9 10.4722
    endloop
  endfacet
  facet normal 0 1 -0
    outer loop
      vertex 23.8625 39.9 10.2633
      vertex 13.9992 39.9 10.3753
      vertex 24.0008 39.9 10.3753
    endloop
  endfacet
  facet normal 0 1 0
    outer loop
      vertex 23.8625 39.9 10.2633
      vertex 14.1375 39.9 10.2633
      vertex 13.9992 39.9 10.3753
    endloop
  endfacet
  facet normal 0 1 -0
    outer loop
      vertex 23.7367 39.9 10.1375
      vertex 14.1375 39.9 10.2633
      vertex 23.8625 39.9 10.2633
    endloop
  endfacet
  facet normal 0 1 0
    outer loop
      vertex 23.7367 39.9 10.1375
      vertex 14.2633 39.9 10.1375
      vertex 14.1375 39.9 10.2633
    endloop
  endfacet
  facet normal 0 1 -0
    outer loop
      vertex 23.6247 39.9 9.99923
      vertex 14.2633 39.9 10.1375
      vertex 23.7367 39.9 10.1375
    endloop
  endfacet
  facet normal 0 1 0
    outer loop
      vertex 23.6247 39.9 9.99923
      vertex 14.3753 39.9 9.99923
      vertex 14.2633 39.9 10.1375
    endloop
  endfacet
  facet normal 0 1 -0
    outer loop
      vertex 23.5278 39.9 9.85
      vertex 14.3753 39.9 9.99923
      vertex 23.6247 39.9 9.99923
    endloop
  endfacet
  facet normal 0 1 0
    outer loop
      vertex 23.5278 39.9 9.85
      vertex 14.4722 39.9 9.85
      vertex 14.3753 39.9 9.99923
    endloop
  endfacet
  facet normal 0 1 -0
    outer loop
      vertex 23.447 39.9 9.69145
      vertex 14.4722 39.9 9.85
      vertex 23.5278 39.9 9.85
    endloop
  endfacet
  facet normal 0 1 0
    outer loop
      vertex 23.447 39.9 9.69145
      vertex 14.553 39.9 9.69145
      vertex 14.4722 39.9 9.85
    endloop
  endfacet
  facet normal 0 1 -0
    outer loop
      vertex 23.3832 39.9 9.52533
      vertex 14.553 39.9 9.69145
      vertex 23.447 39.9 9.69145
    endloop
  endfacet
  facet normal 0 1 0
    outer loop
      vertex 23.3832 39.9 9.52533
      vertex 14.6168 39.9 9.52533
      vertex 14.553 39.9 9.69145
    endloop
  endfacet
  facet normal 0 1 -0
    outer loop
      vertex 23.3372 39.9 9.35345
      vertex 14.6168 39.9 9.52533
      vertex 23.3832 39.9 9.52533
    endloop
  endfacet
  facet normal 0 1 0
    outer loop
      vertex 23.3372 39.9 9.35345
      vertex 14.6629 39.9 9.35345
      vertex 14.6168 39.9 9.52533
    endloop
  endfacet
  facet normal 0 1 -0
    outer loop
      vertex 23.3093 39.9 9.1777
      vertex 14.6629 39.9 9.35345
      vertex 23.3372 39.9 9.35345
    endloop
  endfacet
  facet normal 0 1 0
    outer loop
      vertex 23.3093 39.9 9.1777
      vertex 14.6907 39.9 9.1777
      vertex 14.6629 39.9 9.35345
    endloop
  endfacet
  facet normal 0 1 -0
    outer loop
      vertex 23.3 39.9 9
      vertex 14.6907 39.9 9.1777
      vertex 23.3093 39.9 9.1777
    endloop
  endfacet
  facet normal 0 1 0
    outer loop
      vertex 23.3 39.9 9
      vertex 14.7 39.9 9
      vertex 14.6907 39.9 9.1777
    endloop
  endfacet
  facet normal 0 1 0
    outer loop
      vertex 23.3093 39.9 8.8223
      vertex 14.7 39.9 9
      vertex 23.3 39.9 9
    endloop
  endfacet
  facet normal 0 1 0
    outer loop
      vertex 23.3093 39.9 8.8223
      vertex 14.6907 39.9 8.8223
      vertex 14.7 39.9 9
    endloop
  endfacet
  facet normal 0 1 0
    outer loop
      vertex 23.3372 39.9 8.64655
      vertex 14.6907 39.9 8.8223
      vertex 23.3093 39.9 8.8223
    endloop
  endfacet
  facet normal 0 1 0
    outer loop
      vertex 23.3372 39.9 8.64655
      vertex 14.6629 39.9 8.64655
      vertex 14.6907 39.9 8.8223
    endloop
  endfacet
  facet normal 0 1 0
    outer loop
      vertex 23.3832 39.9 8.47467
      vertex 14.6629 39.9 8.64655
      vertex 23.3372 39.9 8.64655
    endloop
  endfacet
  facet normal 0 1 0
    outer loop
      vertex 23.3832 39.9 8.47467
      vertex 14.6168 39.9 8.47467
      vertex 14.6629 39.9 8.64655
    endloop
  endfacet
  facet normal 0 1 0
    outer loop
      vertex 23.447 39.9 8.30855
      vertex 14.6168 39.9 8.47467
      vertex 23.3832 39.9 8.47467
    endloop
  endfacet
  facet normal 0 1 0
    outer loop
      vertex 23.447 39.9 8.30855
      vertex 14.553 39.9 8.30855
      vertex 14.6168 39.9 8.47467
    endloop
  endfacet
  facet normal 0 1 0
    outer loop
      vertex 23.5278 39.9 8.15
      vertex 14.553 39.9 8.30855
      vertex 23.447 39.9 8.30855
    endloop
  endfacet
  facet normal 0 1 0
    outer loop
      vertex 23.5278 39.9 8.15
      vertex 14.4722 39.9 8.15
      vertex 14.553 39.9 8.30855
    endloop
  endfacet
  facet normal 0 1 0
    outer loop
      vertex 23.6247 39.9 8.00077
      vertex 14.4722 39.9 8.15
      vertex 23.5278 39.9 8.15
    endloop
  endfacet
  facet normal 0 1 0
    outer loop
      vertex 23.6247 39.9 8.00077
      vertex 14.3753 39.9 8.00077
      vertex 14.4722 39.9 8.15
    endloop
  endfacet
  facet normal 0 1 0
    outer loop
      vertex 23.7367 39.9 7.86248
      vertex 14.3753 39.9 8.00077
      vertex 23.6247 39.9 8.00077
    endloop
  endfacet
  facet normal 0 1 0
    outer loop
      vertex 23.7367 39.9 7.86248
      vertex 14.2633 39.9 7.86248
      vertex 14.3753 39.9 8.00077
    endloop
  endfacet
  facet normal 0 1 0
    outer loop
      vertex 23.8625 39.9 7.73665
      vertex 14.2633 39.9 7.86248
      vertex 23.7367 39.9 7.86248
    endloop
  endfacet
  facet normal 0 1 0
    outer loop
      vertex 23.8625 39.9 7.73665
      vertex 14.1375 39.9 7.73665
      vertex 14.2633 39.9 7.86248
    endloop
  endfacet
  facet normal 0 1 0
    outer loop
      vertex 24.0008 39.9 7.62467
      vertex 14.1375 39.9 7.73665
      vertex 23.8625 39.9 7.73665
    endloop
  endfacet
  facet normal 0 1 0
    outer loop
      vertex 24.0008 39.9 7.62467
      vertex 13.9992 39.9 7.62467
      vertex 14.1375 39.9 7.73665
    endloop
  endfacet
  facet normal 0 1 0
    outer loop
      vertex 24.15 39.9 7.52776
      vertex 13.9992 39.9 7.62467
      vertex 24.0008 39.9 7.62467
    endloop
  endfacet
  facet normal 0 1 0
    outer loop
      vertex 24.15 39.9 7.52776
      vertex 13.85 39.9 7.52776
      vertex 13.9992 39.9 7.62467
    endloop
  endfacet
  facet normal 0 1 0
    outer loop
      vertex 24.3085 39.9 7.44697
      vertex 13.85 39.9 7.52776
      vertex 24.15 39.9 7.52776
    endloop
  endfacet
  facet normal 0 1 0
    outer loop
      vertex 24.3085 39.9 7.44697
      vertex 13.6915 39.9 7.44697
      vertex 13.85 39.9 7.52776
    endloop
  endfacet
  facet normal 0 1 0
    outer loop
      vertex 24.4747 39.9 7.3832
      vertex 13.6915 39.9 7.44697
      vertex 24.3085 39.9 7.44697
    endloop
  endfacet
  facet normal 0 1 0
    outer loop
      vertex 24.4747 39.9 7.3832
      vertex 13.5253 39.9 7.3832
      vertex 13.6915 39.9 7.44697
    endloop
  endfacet
  facet normal 0 1 0
    outer loop
      vertex 24.6465 39.9 7.33715
      vertex 13.5253 39.9 7.3832
      vertex 24.4747 39.9 7.3832
    endloop
  endfacet
  facet normal 0 1 0
    outer loop
      vertex 24.6465 39.9 7.33715
      vertex 13.3534 39.9 7.33715
      vertex 13.5253 39.9 7.3832
    endloop
  endfacet
  facet normal 0 1 0
    outer loop
      vertex 33 39.9 3.49497
      vertex 24.6465 39.9 7.33715
      vertex 24.8223 39.9 7.30931
    endloop
  endfacet
  facet normal 0 1 0
    outer loop
      vertex 24.6465 39.9 7.33715
      vertex 33 39.9 3.49497
      vertex 13.3534 39.9 7.33715
    endloop
  endfacet
  facet normal 0 1 0
    outer loop
      vertex 33 39.9 3.49497
      vertex 24.8223 39.9 7.30931
      vertex 25 39.9 7.3
    endloop
  endfacet
  facet normal 0 1 0
    outer loop
      vertex 5 39.9 3.49497
      vertex 13.3534 39.9 7.33715
      vertex 33 39.9 3.49497
    endloop
  endfacet
  facet normal 0 1 0
    outer loop
      vertex 33 39.9 17.5
      vertex 30.5 39.9 20
      vertex 30.7613 39.9 19.9863
    endloop
  endfacet
  facet normal 0 1 0
    outer loop
      vertex 24.8223 39.9 10.6907
      vertex 30.5 39.9 20
      vertex 25 39.9 10.7
    endloop
  endfacet
  facet normal 0 1 0
    outer loop
      vertex 33 39.9 17.5
      vertex 30.7613 39.9 19.9863
      vertex 31.0198 39.9 19.9454
    endloop
  endfacet
  facet normal 0 1 0
    outer loop
      vertex 24.6465 39.9 10.6629
      vertex 30.5 39.9 20
      vertex 24.8223 39.9 10.6907
    endloop
  endfacet
  facet normal 0 1 0
    outer loop
      vertex 33 39.9 17.5
      vertex 31.0198 39.9 19.9454
      vertex 31.2725 39.9 19.8776
    endloop
  endfacet
  facet normal 0 1 -0
    outer loop
      vertex 12.8223 39.9 10.6907
      vertex 7.5 39.9 20
      vertex 13 39.9 10.7
    endloop
  endfacet
  facet normal 0 1 0
    outer loop
      vertex 33 39.9 17.5
      vertex 31.2725 39.9 19.8776
      vertex 31.5168 39.9 19.7839
    endloop
  endfacet
  facet normal 0 1 -0
    outer loop
      vertex 12.6466 39.9 10.6629
      vertex 7.5 39.9 20
      vertex 12.8223 39.9 10.6907
    endloop
  endfacet
  facet normal 0 1 0
    outer loop
      vertex 33 39.9 17.5
      vertex 31.5168 39.9 19.7839
      vertex 31.75 39.9 19.6651
    endloop
  endfacet
  facet normal 0 1 -0
    outer loop
      vertex 12.4747 39.9 10.6168
      vertex 7.5 39.9 20
      vertex 12.6466 39.9 10.6629
    endloop
  endfacet
  facet normal 0 1 0
    outer loop
      vertex 33 39.9 17.5
      vertex 31.75 39.9 19.6651
      vertex 31.9695 39.9 19.5225
    endloop
  endfacet
  facet normal 0 1 -0
    outer loop
      vertex 12.3085 39.9 10.553
      vertex 7.5 39.9 20
      vertex 12.4747 39.9 10.6168
    endloop
  endfacet
  facet normal 0 1 0
    outer loop
      vertex 33 39.9 17.5
      vertex 31.9695 39.9 19.5225
      vertex 32.1728 39.9 19.3579
    endloop
  endfacet
  facet normal -0 1 0
    outer loop
      vertex 5 39.9 17.5
      vertex 7.5 39.9 20
      vertex 12.3085 39.9 10.553
    endloop
  endfacet
  facet normal 0 1 0
    outer loop
      vertex 33 39.9 17.5
      vertex 32.1728 39.9 19.3579
      vertex 32.3579 39.9 19.1728
    endloop
  endfacet
  facet normal 0 1 0
    outer loop
      vertex 7.5 39.9 20
      vertex 5 39.9 17.5
      vertex 7.23868 39.9 19.9863
    endloop
  endfacet
  facet normal 0 1 0
    outer loop
      vertex 33 39.9 17.5
      vertex 32.3579 39.9 19.1728
      vertex 32.5225 39.9 18.9695
    endloop
  endfacet
  facet normal 0 1 0
    outer loop
      vertex 7.23868 39.9 19.9863
      vertex 5 39.9 17.5
      vertex 6.98022 39.9 19.9454
    endloop
  endfacet
  facet normal 0 1 0
    outer loop
      vertex 33 39.9 17.5
      vertex 32.5225 39.9 18.9695
      vertex 32.6651 39.9 18.75
    endloop
  endfacet
  facet normal 0 1 0
    outer loop
      vertex 6.98022 39.9 19.9454
      vertex 5 39.9 17.5
      vertex 6.72746 39.9 19.8776
    endloop
  endfacet
  facet normal 0 1 0
    outer loop
      vertex 33 39.9 17.5
      vertex 32.6651 39.9 18.75
      vertex 32.7839 39.9 18.5168
    endloop
  endfacet
  facet normal 0 1 0
    outer loop
      vertex 6.48316 39.9 19.7839
      vertex 5 39.9 17.5
      vertex 6.25 39.9 19.6651
    endloop
  endfacet
  facet normal 0 1 0
    outer loop
      vertex 33 39.9 17.5
      vertex 32.7839 39.9 18.5168
      vertex 32.8776 39.9 18.2725
    endloop
  endfacet
  facet normal 0 1 0
    outer loop
      vertex 6.25 39.9 19.6651
      vertex 5 39.9 17.5
      vertex 6.03054 39.9 19.5225
    endloop
  endfacet
  facet normal 0 1 0
    outer loop
      vertex 33 39.9 17.5
      vertex 32.8776 39.9 18.2725
      vertex 32.9454 39.9 18.0198
    endloop
  endfacet
  facet normal 0 1 0
    outer loop
      vertex 6.03054 39.9 19.5225
      vertex 5 39.9 17.5
      vertex 5.82717 39.9 19.3579
    endloop
  endfacet
  facet normal 0 1 0
    outer loop
      vertex 33 39.9 17.5
      vertex 32.9454 39.9 18.0198
      vertex 32.9863 39.9 17.7613
    endloop
  endfacet
  facet normal 0 1 0
    outer loop
      vertex 5.82717 39.9 19.3579
      vertex 5 39.9 17.5
      vertex 5.64214 39.9 19.1728
    endloop
  endfacet
  facet normal 0 1 0
    outer loop
      vertex 30.5 39.9 20
      vertex 33 39.9 17.5
      vertex 25.6915 39.9 10.553
    endloop
  endfacet
  facet normal 0 1 0
    outer loop
      vertex 5.47746 39.9 18.9695
      vertex 5 39.9 17.5
      vertex 5.33494 39.9 18.75
    endloop
  endfacet
  facet normal 0 1 0
    outer loop
      vertex 5.33494 39.9 18.75
      vertex 5 39.9 17.5
      vertex 5.21614 39.9 18.5168
    endloop
  endfacet
  facet normal 0 1 0
    outer loop
      vertex 30.5 39.9 20
      vertex 25.1777 39.9 10.6907
      vertex 25 39.9 10.7
    endloop
  endfacet
  facet normal 0 1 0
    outer loop
      vertex 30.5 39.9 20
      vertex 25.3535 39.9 10.6629
      vertex 25.1777 39.9 10.6907
    endloop
  endfacet
  facet normal 0 1 0
    outer loop
      vertex 30.5 39.9 20
      vertex 25.5253 39.9 10.6168
      vertex 25.3535 39.9 10.6629
    endloop
  endfacet
  facet normal 0 1 0
    outer loop
      vertex 30.5 39.9 20
      vertex 25.6915 39.9 10.553
      vertex 25.5253 39.9 10.6168
    endloop
  endfacet
  facet normal 0 1 0
    outer loop
      vertex 33 39.9 17.5
      vertex 25.85 39.9 10.4722
      vertex 25.6915 39.9 10.553
    endloop
  endfacet
  facet normal 0 1 0
    outer loop
      vertex 33 39.9 17.5
      vertex 25.9992 39.9 10.3753
      vertex 25.85 39.9 10.4722
    endloop
  endfacet
  facet normal 0 1 0
    outer loop
      vertex 33 39.9 17.5
      vertex 26.1375 39.9 10.2633
      vertex 25.9992 39.9 10.3753
    endloop
  endfacet
  facet normal 0 1 0
    outer loop
      vertex 33 39.9 17.5
      vertex 26.2633 39.9 10.1375
      vertex 26.1375 39.9 10.2633
    endloop
  endfacet
  facet normal 0 1 0
    outer loop
      vertex 33 39.9 17.5
      vertex 26.3753 39.9 9.99923
      vertex 26.2633 39.9 10.1375
    endloop
  endfacet
  facet normal 0 1 0
    outer loop
      vertex 33 39.9 17.5
      vertex 26.4722 39.9 9.85
      vertex 26.3753 39.9 9.99923
    endloop
  endfacet
  facet normal 0 1 0
    outer loop
      vertex 33 39.9 17.5
      vertex 26.553 39.9 9.69145
      vertex 26.4722 39.9 9.85
    endloop
  endfacet
  facet normal 0 1 0
    outer loop
      vertex 33 39.9 17.5
      vertex 26.6168 39.9 9.52533
      vertex 26.553 39.9 9.69145
    endloop
  endfacet
  facet normal 0 1 0
    outer loop
      vertex 33 39.9 17.5
      vertex 26.6628 39.9 9.35345
      vertex 26.6168 39.9 9.52533
    endloop
  endfacet
  facet normal 0 1 -0
    outer loop
      vertex 33 39.9 3.49497
      vertex 26.6628 39.9 9.35345
      vertex 33 39.9 17.5
    endloop
  endfacet
  facet normal 0 1 0
    outer loop
      vertex 26.6628 39.9 9.35345
      vertex 33 39.9 3.49497
      vertex 26.6907 39.9 9.1777
    endloop
  endfacet
  facet normal 0 1 0
    outer loop
      vertex 26.6907 39.9 9.1777
      vertex 33 39.9 3.49497
      vertex 26.7 39.9 9
    endloop
  endfacet
  facet normal 0 1 0
    outer loop
      vertex 26.7 39.9 9
      vertex 33 39.9 3.49497
      vertex 26.6907 39.9 8.8223
    endloop
  endfacet
  facet normal 0 1 0
    outer loop
      vertex 26.6907 39.9 8.8223
      vertex 33 39.9 3.49497
      vertex 26.6628 39.9 8.64655
    endloop
  endfacet
  facet normal 0 1 0
    outer loop
      vertex 26.6628 39.9 8.64655
      vertex 33 39.9 3.49497
      vertex 26.6168 39.9 8.47467
    endloop
  endfacet
  facet normal 0 1 0
    outer loop
      vertex 26.6168 39.9 8.47467
      vertex 33 39.9 3.49497
      vertex 26.553 39.9 8.30855
    endloop
  endfacet
  facet normal 0 1 0
    outer loop
      vertex 26.553 39.9 8.30855
      vertex 33 39.9 3.49497
      vertex 26.4722 39.9 8.15
    endloop
  endfacet
  facet normal 0 1 0
    outer loop
      vertex 13.3534 39.9 7.33715
      vertex 5 39.9 3.49497
      vertex 13.1777 39.9 7.30931
    endloop
  endfacet
  facet normal 0 1 0
    outer loop
      vertex 25.1777 39.9 7.30931
      vertex 33 39.9 3.49497
      vertex 25 39.9 7.3
    endloop
  endfacet
  facet normal 0 1 0
    outer loop
      vertex 25.3535 39.9 7.33715
      vertex 33 39.9 3.49497
      vertex 25.1777 39.9 7.30931
    endloop
  endfacet
  facet normal 0 1 0
    outer loop
      vertex 25.5253 39.9 7.3832
      vertex 33 39.9 3.49497
      vertex 25.3535 39.9 7.33715
    endloop
  endfacet
  facet normal 0 1 0
    outer loop
      vertex 25.6915 39.9 7.44697
      vertex 33 39.9 3.49497
      vertex 25.5253 39.9 7.3832
    endloop
  endfacet
  facet normal 0 1 0
    outer loop
      vertex 25.85 39.9 7.52776
      vertex 33 39.9 3.49497
      vertex 25.6915 39.9 7.44697
    endloop
  endfacet
  facet normal 0 1 0
    outer loop
      vertex 25.9992 39.9 7.62467
      vertex 33 39.9 3.49497
      vertex 25.85 39.9 7.52776
    endloop
  endfacet
  facet normal 0 1 0
    outer loop
      vertex 26.1375 39.9 7.73665
      vertex 33 39.9 3.49497
      vertex 25.9992 39.9 7.62467
    endloop
  endfacet
  facet normal 0 1 0
    outer loop
      vertex 26.2633 39.9 7.86248
      vertex 33 39.9 3.49497
      vertex 26.1375 39.9 7.73665
    endloop
  endfacet
  facet normal 0 1 0
    outer loop
      vertex 26.3753 39.9 8.00077
      vertex 33 39.9 3.49497
      vertex 26.2633 39.9 7.86248
    endloop
  endfacet
  facet normal 0 1 0
    outer loop
      vertex 26.4722 39.9 8.15
      vertex 33 39.9 3.49497
      vertex 26.3753 39.9 8.00077
    endloop
  endfacet
  facet normal 0 1 0
    outer loop
      vertex 5.21614 39.9 18.5168
      vertex 5 39.9 17.5
      vertex 5.12236 39.9 18.2725
    endloop
  endfacet
  facet normal 0 1 0
    outer loop
      vertex 5.05463 39.9 18.0198
      vertex 5 39.9 17.5
      vertex 5.0137 39.9 17.7613
    endloop
  endfacet
  facet normal 0 1 0
    outer loop
      vertex 5.12236 39.9 18.2725
      vertex 5 39.9 17.5
      vertex 5.05463 39.9 18.0198
    endloop
  endfacet
  facet normal 0 1 0
    outer loop
      vertex 5.64214 39.9 19.1728
      vertex 5 39.9 17.5
      vertex 5.47746 39.9 18.9695
    endloop
  endfacet
  facet normal 0 1 0
    outer loop
      vertex 6.72746 39.9 19.8776
      vertex 5 39.9 17.5
      vertex 6.48316 39.9 19.7839
    endloop
  endfacet
  facet normal 0 1 -0
    outer loop
      vertex 12.15 39.9 10.4722
      vertex 5 39.9 17.5
      vertex 12.3085 39.9 10.553
    endloop
  endfacet
  facet normal 0 1 -0
    outer loop
      vertex 12.0008 39.9 10.3753
      vertex 5 39.9 17.5
      vertex 12.15 39.9 10.4722
    endloop
  endfacet
  facet normal 0 1 -0
    outer loop
      vertex 11.8625 39.9 10.2633
      vertex 5 39.9 17.5
      vertex 12.0008 39.9 10.3753
    endloop
  endfacet
  facet normal 0 1 -0
    outer loop
      vertex 11.7367 39.9 10.1375
      vertex 5 39.9 17.5
      vertex 11.8625 39.9 10.2633
    endloop
  endfacet
  facet normal 0 1 -0
    outer loop
      vertex 11.6247 39.9 9.99923
      vertex 5 39.9 17.5
      vertex 11.7367 39.9 10.1375
    endloop
  endfacet
  facet normal 0 1 -0
    outer loop
      vertex 11.5278 39.9 9.85
      vertex 5 39.9 17.5
      vertex 11.6247 39.9 9.99923
    endloop
  endfacet
  facet normal 0 1 -0
    outer loop
      vertex 11.447 39.9 9.69145
      vertex 5 39.9 17.5
      vertex 11.5278 39.9 9.85
    endloop
  endfacet
  facet normal 0 1 -0
    outer loop
      vertex 11.3832 39.9 9.52533
      vertex 5 39.9 17.5
      vertex 11.447 39.9 9.69145
    endloop
  endfacet
  facet normal 0 1 -0
    outer loop
      vertex 11.3371 39.9 9.35345
      vertex 5 39.9 17.5
      vertex 11.3832 39.9 9.52533
    endloop
  endfacet
  facet normal 0 1 0
    outer loop
      vertex 5 39.9 3.49497
      vertex 11.3371 39.9 9.35345
      vertex 11.3093 39.9 9.1777
    endloop
  endfacet
  facet normal 0 1 0
    outer loop
      vertex 5 39.9 3.49497
      vertex 11.3093 39.9 9.1777
      vertex 11.3 39.9 9
    endloop
  endfacet
  facet normal 0 1 0
    outer loop
      vertex 5 39.9 3.49497
      vertex 11.3 39.9 9
      vertex 11.3093 39.9 8.8223
    endloop
  endfacet
  facet normal 0 1 0
    outer loop
      vertex 5 39.9 3.49497
      vertex 11.3093 39.9 8.8223
      vertex 11.3371 39.9 8.64655
    endloop
  endfacet
  facet normal 0 1 0
    outer loop
      vertex 5 39.9 3.49497
      vertex 11.3371 39.9 8.64655
      vertex 11.3832 39.9 8.47467
    endloop
  endfacet
  facet normal 0 1 0
    outer loop
      vertex 5 39.9 3.49497
      vertex 11.3832 39.9 8.47467
      vertex 11.447 39.9 8.30855
    endloop
  endfacet
  facet normal 0 1 0
    outer loop
      vertex 5 39.9 3.49497
      vertex 11.447 39.9 8.30855
      vertex 11.5278 39.9 8.15
    endloop
  endfacet
  facet normal 0 1 0
    outer loop
      vertex 5 39.9 3.49497
      vertex 11.5278 39.9 8.15
      vertex 11.6247 39.9 8.00077
    endloop
  endfacet
  facet normal 0 1 0
    outer loop
      vertex 13.1777 39.9 7.30931
      vertex 5 39.9 3.49497
      vertex 13 39.9 7.3
    endloop
  endfacet
  facet normal 0 1 0
    outer loop
      vertex 13 39.9 7.3
      vertex 5 39.9 3.49497
      vertex 12.8223 39.9 7.30931
    endloop
  endfacet
  facet normal 0 1 0
    outer loop
      vertex 11.3371 39.9 9.35345
      vertex 5 39.9 3.49497
      vertex 5 39.9 17.5
    endloop
  endfacet
  facet normal 0 1 0
    outer loop
      vertex 11.7367 39.9 7.86248
      vertex 5 39.9 3.49497
      vertex 11.6247 39.9 8.00077
    endloop
  endfacet
  facet normal 0 1 0
    outer loop
      vertex 11.8625 39.9 7.73665
      vertex 5 39.9 3.49497
      vertex 11.7367 39.9 7.86248
    endloop
  endfacet
  facet normal 0 1 0
    outer loop
      vertex 12.0008 39.9 7.62467
      vertex 5 39.9 3.49497
      vertex 11.8625 39.9 7.73665
    endloop
  endfacet
  facet normal 0 1 0
    outer loop
      vertex 12.15 39.9 7.52776
      vertex 5 39.9 3.49497
      vertex 12.0008 39.9 7.62467
    endloop
  endfacet
  facet normal 0 1 0
    outer loop
      vertex 12.3085 39.9 7.44697
      vertex 5 39.9 3.49497
      vertex 12.15 39.9 7.52776
    endloop
  endfacet
  facet normal 0 1 0
    outer loop
      vertex 12.4747 39.9 7.3832
      vertex 5 39.9 3.49497
      vertex 12.3085 39.9 7.44697
    endloop
  endfacet
  facet normal 0 1 0
    outer loop
      vertex 12.6466 39.9 7.33715
      vertex 5 39.9 3.49497
      vertex 12.4747 39.9 7.3832
    endloop
  endfacet
  facet normal 0 1 0
    outer loop
      vertex 12.8223 39.9 7.30931
      vertex 5 39.9 3.49497
      vertex 12.6466 39.9 7.33715
    endloop
  endfacet
  facet normal 0.998628 -0 0.0523582
    outer loop
      vertex 32.9863 36.9 17.7613
      vertex 33 39.9 17.5
      vertex 32.9863 39.9 17.7613
    endloop
  endfacet
  facet normal 0.998628 0 0.0523582
    outer loop
      vertex 33 39.9 17.5
      vertex 32.9863 36.9 17.7613
      vertex 33 36.9 17.5
    endloop
  endfacet
  facet normal 0.707107 -0 0.707107
    outer loop
      vertex 32.1728 36.9 19.3579
      vertex 32.3579 39.9 19.1728
      vertex 32.1728 39.9 19.3579
    endloop
  endfacet
  facet normal 0.707107 0 0.707107
    outer loop
      vertex 32.3579 39.9 19.1728
      vertex 32.1728 36.9 19.3579
      vertex 32.3579 36.9 19.1728
    endloop
  endfacet
  facet normal 0.987713 -0 0.156277
    outer loop
      vertex 32.9454 36.9 18.0198
      vertex 32.9863 39.9 17.7613
      vertex 32.9454 39.9 18.0198
    endloop
  endfacet
  facet normal 0.987713 0 0.156277
    outer loop
      vertex 32.9863 39.9 17.7613
      vertex 32.9454 36.9 18.0198
      vertex 32.9863 36.9 17.7613
    endloop
  endfacet
  facet normal 0.838575 -0 0.544787
    outer loop
      vertex 32.5225 36.9 18.9695
      vertex 32.6651 39.9 18.75
      vertex 32.5225 39.9 18.9695
    endloop
  endfacet
  facet normal 0.838575 0 0.544787
    outer loop
      vertex 32.6651 39.9 18.75
      vertex 32.5225 36.9 18.9695
      vertex 32.6651 36.9 18.75
    endloop
  endfacet
  facet normal 0.93368 -0 0.358108
    outer loop
      vertex 32.7839 36.9 18.5168
      vertex 32.8776 39.9 18.2725
      vertex 32.7839 39.9 18.5168
    endloop
  endfacet
  facet normal 0.93368 0 0.358108
    outer loop
      vertex 32.8776 39.9 18.2725
      vertex 32.7839 36.9 18.5168
      vertex 32.8776 36.9 18.2725
    endloop
  endfacet
  facet normal 0.891039 -0 0.453926
    outer loop
      vertex 32.6651 36.9 18.75
      vertex 32.7839 39.9 18.5168
      vertex 32.6651 39.9 18.75
    endloop
  endfacet
  facet normal 0.891039 0 0.453926
    outer loop
      vertex 32.7839 39.9 18.5168
      vertex 32.6651 36.9 18.75
      vertex 32.7839 36.9 18.5168
    endloop
  endfacet
  facet normal 0.965841 -0 0.259137
    outer loop
      vertex 32.8776 36.9 18.2725
      vertex 32.9454 39.9 18.0198
      vertex 32.8776 39.9 18.2725
    endloop
  endfacet
  facet normal 0.965841 0 0.259137
    outer loop
      vertex 32.9454 39.9 18.0198
      vertex 32.8776 36.9 18.2725
      vertex 32.9454 36.9 18.0198
    endloop
  endfacet
  facet normal 0.453926 0 0.891039
    outer loop
      vertex 31.5168 39.9 19.7839
      vertex 31.75 36.9 19.6651
      vertex 31.75 39.9 19.6651
    endloop
  endfacet
  facet normal 0.453926 0 0.891039
    outer loop
      vertex 31.75 36.9 19.6651
      vertex 31.5168 39.9 19.7839
      vertex 31.5168 36.9 19.7839
    endloop
  endfacet
  facet normal 0.544787 0 0.838575
    outer loop
      vertex 31.75 39.9 19.6651
      vertex 31.9695 36.9 19.5225
      vertex 31.9695 39.9 19.5225
    endloop
  endfacet
  facet normal 0.544787 0 0.838575
    outer loop
      vertex 31.9695 36.9 19.5225
      vertex 31.75 39.9 19.6651
      vertex 31.75 36.9 19.6651
    endloop
  endfacet
  facet normal 0.7772 -0 0.629253
    outer loop
      vertex 32.3579 36.9 19.1728
      vertex 32.5225 39.9 18.9695
      vertex 32.3579 39.9 19.1728
    endloop
  endfacet
  facet normal 0.7772 0 0.629253
    outer loop
      vertex 32.5225 39.9 18.9695
      vertex 32.3579 36.9 19.1728
      vertex 32.5225 36.9 18.9695
    endloop
  endfacet
  facet normal -0 0 1
    outer loop
      vertex 7.5 39.9 20
      vertex 30.5 36.9 20
      vertex 30.5 39.9 20
    endloop
  endfacet
  facet normal 0 0 1
    outer loop
      vertex 30.5 36.9 20
      vertex 7.5 39.9 20
      vertex 7.5 36.9 20
    endloop
  endfacet
  facet normal -0.1563 0 0.98771
    outer loop
      vertex 6.98022 39.9 19.9454
      vertex 7.23868 36.9 19.9863
      vertex 7.23868 39.9 19.9863
    endloop
  endfacet
  facet normal -0.1563 0 0.98771
    outer loop
      vertex 7.23868 36.9 19.9863
      vertex 6.98022 39.9 19.9454
      vertex 6.98022 36.9 19.9454
    endloop
  endfacet
  facet normal 0.0523582 0 0.998628
    outer loop
      vertex 30.5 39.9 20
      vertex 30.7613 36.9 19.9863
      vertex 30.7613 39.9 19.9863
    endloop
  endfacet
  facet normal 0.0523582 0 0.998628
    outer loop
      vertex 30.7613 36.9 19.9863
      vertex 30.5 39.9 20
      vertex 30.5 36.9 20
    endloop
  endfacet
  facet normal 0.629253 0 0.7772
    outer loop
      vertex 31.9695 39.9 19.5225
      vertex 32.1728 36.9 19.3579
      vertex 32.1728 39.9 19.3579
    endloop
  endfacet
  facet normal 0.629253 0 0.7772
    outer loop
      vertex 32.1728 36.9 19.3579
      vertex 31.9695 39.9 19.5225
      vertex 31.9695 36.9 19.5225
    endloop
  endfacet
  facet normal -0.998628 0 0.0523582
    outer loop
      vertex 5 36.9 17.5
      vertex 5.0137 39.9 17.7613
      vertex 5 39.9 17.5
    endloop
  endfacet
  facet normal -0.998628 0 0.0523582
    outer loop
      vertex 5.0137 39.9 17.7613
      vertex 5 36.9 17.5
      vertex 5.0137 36.9 17.7613
    endloop
  endfacet
  facet normal -0.838714 0 0.544572
    outer loop
      vertex 5.33494 36.9 18.75
      vertex 5.47746 39.9 18.9695
      vertex 5.33494 39.9 18.75
    endloop
  endfacet
  facet normal -0.838714 0 0.544572
    outer loop
      vertex 5.47746 39.9 18.9695
      vertex 5.33494 36.9 18.75
      vertex 5.47746 36.9 18.9695
    endloop
  endfacet
  facet normal -0.544857 0 0.838529
    outer loop
      vertex 6.03054 39.9 19.5225
      vertex 6.25 36.9 19.6651
      vertex 6.25 39.9 19.6651
    endloop
  endfacet
  facet normal -0.544857 0 0.838529
    outer loop
      vertex 6.25 36.9 19.6651
      vertex 6.03054 39.9 19.5225
      vertex 6.03054 36.9 19.5225
    endloop
  endfacet
  facet normal -0.25908 0 0.965856
    outer loop
      vertex 6.72746 39.9 19.8776
      vertex 6.98022 36.9 19.9454
      vertex 6.98022 39.9 19.9454
    endloop
  endfacet
  facet normal -0.25908 0 0.965856
    outer loop
      vertex 6.98022 36.9 19.9454
      vertex 6.72746 39.9 19.8776
      vertex 6.72746 36.9 19.8776
    endloop
  endfacet
  facet normal 0.156277 0 0.987713
    outer loop
      vertex 30.7613 39.9 19.9863
      vertex 31.0198 36.9 19.9454
      vertex 31.0198 39.9 19.9454
    endloop
  endfacet
  facet normal 0.156277 0 0.987713
    outer loop
      vertex 31.0198 36.9 19.9454
      vertex 30.7613 39.9 19.9863
      vertex 30.7613 36.9 19.9863
    endloop
  endfacet
  facet normal -0.70724 0 0.706973
    outer loop
      vertex 5.64214 36.9 19.1728
      vertex 5.82717 39.9 19.3579
      vertex 5.64214 39.9 19.1728
    endloop
  endfacet
  facet normal -0.70724 0 0.706973
    outer loop
      vertex 5.82717 39.9 19.3579
      vertex 5.64214 36.9 19.1728
      vertex 5.82717 36.9 19.3579
    endloop
  endfacet
  facet normal -0.965907 0 0.258888
    outer loop
      vertex 5.05463 36.9 18.0198
      vertex 5.12236 39.9 18.2725
      vertex 5.05463 39.9 18.0198
    endloop
  endfacet
  facet normal -0.965907 0 0.258888
    outer loop
      vertex 5.12236 39.9 18.2725
      vertex 5.05463 36.9 18.0198
      vertex 5.12236 36.9 18.2725
    endloop
  endfacet
  facet normal -0.987696 0 0.156388
    outer loop
      vertex 5.0137 36.9 17.7613
      vertex 5.05463 39.9 18.0198
      vertex 5.0137 39.9 17.7613
    endloop
  endfacet
  facet normal -0.987696 0 0.156388
    outer loop
      vertex 5.05463 39.9 18.0198
      vertex 5.0137 36.9 17.7613
      vertex 5.05463 36.9 18.0198
    endloop
  endfacet
  facet normal -0.933578 0 0.358375
    outer loop
      vertex 5.12236 36.9 18.2725
      vertex 5.21614 39.9 18.5168
      vertex 5.12236 39.9 18.2725
    endloop
  endfacet
  facet normal -0.933578 0 0.358375
    outer loop
      vertex 5.21614 39.9 18.5168
      vertex 5.12236 36.9 18.2725
      vertex 5.21614 36.9 18.5168
    endloop
  endfacet
  facet normal -0.629122 0 0.777306
    outer loop
      vertex 5.82717 39.9 19.3579
      vertex 6.03054 36.9 19.5225
      vertex 6.03054 39.9 19.5225
    endloop
  endfacet
  facet normal -0.629122 0 0.777306
    outer loop
      vertex 6.03054 36.9 19.5225
      vertex 5.82717 39.9 19.3579
      vertex 5.82717 36.9 19.3579
    endloop
  endfacet
  facet normal -0.0523542 0 0.998629
    outer loop
      vertex 7.23868 39.9 19.9863
      vertex 7.5 36.9 20
      vertex 7.5 39.9 20
    endloop
  endfacet
  facet normal -0.0523542 0 0.998629
    outer loop
      vertex 7.5 36.9 20
      vertex 7.23868 39.9 19.9863
      vertex 7.23868 36.9 19.9863
    endloop
  endfacet
  facet normal -0.453988 0 0.891008
    outer loop
      vertex 6.25 39.9 19.6651
      vertex 6.48316 36.9 19.7839
      vertex 6.48316 39.9 19.7839
    endloop
  endfacet
  facet normal -0.453988 0 0.891008
    outer loop
      vertex 6.48316 36.9 19.7839
      vertex 6.25 39.9 19.6651
      vertex 6.25 36.9 19.6651
    endloop
  endfacet
  facet normal -0.358108 0 0.93368
    outer loop
      vertex 6.48316 39.9 19.7839
      vertex 6.72746 36.9 19.8776
      vertex 6.72746 39.9 19.8776
    endloop
  endfacet
  facet normal -0.358108 0 0.93368
    outer loop
      vertex 6.72746 36.9 19.8776
      vertex 6.48316 39.9 19.7839
      vertex 6.48316 36.9 19.7839
    endloop
  endfacet
  facet normal -0.891039 0 0.453926
    outer loop
      vertex 5.21614 36.9 18.5168
      vertex 5.33494 39.9 18.75
      vertex 5.21614 39.9 18.5168
    endloop
  endfacet
  facet normal -0.891039 0 0.453926
    outer loop
      vertex 5.33494 39.9 18.75
      vertex 5.21614 36.9 18.5168
      vertex 5.33494 36.9 18.75
    endloop
  endfacet
  facet normal -0.777051 0 0.629438
    outer loop
      vertex 5.47746 36.9 18.9695
      vertex 5.64214 39.9 19.1728
      vertex 5.47746 39.9 18.9695
    endloop
  endfacet
  facet normal -0.777051 0 0.629438
    outer loop
      vertex 5.64214 39.9 19.1728
      vertex 5.47746 36.9 18.9695
      vertex 5.64214 36.9 19.1728
    endloop
  endfacet
  facet normal 0.358108 0 0.93368
    outer loop
      vertex 31.2725 39.9 19.8776
      vertex 31.5168 36.9 19.7839
      vertex 31.5168 39.9 19.7839
    endloop
  endfacet
  facet normal 0.358108 0 0.93368
    outer loop
      vertex 31.5168 36.9 19.7839
      vertex 31.2725 39.9 19.8776
      vertex 31.2725 36.9 19.8776
    endloop
  endfacet
  facet normal 0.259137 0 0.965841
    outer loop
      vertex 31.0198 39.9 19.9454
      vertex 31.2725 36.9 19.8776
      vertex 31.2725 39.9 19.8776
    endloop
  endfacet
  facet normal 0.259137 0 0.965841
    outer loop
      vertex 31.2725 36.9 19.8776
      vertex 31.0198 39.9 19.9454
      vertex 31.0198 36.9 19.9454
    endloop
  endfacet
  facet normal 0.0523582 -0 0.998628
    outer loop
      vertex 30.5 59.7899 12.5
      vertex 30.7613 61.8 12.4863
      vertex 30.5 61.8 12.5
    endloop
  endfacet
  facet normal 0.0523582 0 0.998628
    outer loop
      vertex 30.7613 61.8 12.4863
      vertex 30.5 59.7899 12.5
      vertex 30.7613 59.7763 12.4863
    endloop
  endfacet
  facet normal 0.544787 -0 0.838575
    outer loop
      vertex 31.75 59.455 12.1651
      vertex 31.9695 61.8 12.0225
      vertex 31.75 61.8 12.1651
    endloop
  endfacet
  facet normal 0.544787 0 0.838575
    outer loop
      vertex 31.9695 61.8 12.0225
      vertex 31.75 59.455 12.1651
      vertex 31.9695 59.3125 12.0225
    endloop
  endfacet
  facet normal 0.259137 -0 0.965841
    outer loop
      vertex 31.0198 59.7353 12.4454
      vertex 31.2725 61.8 12.3776
      vertex 31.0198 61.8 12.4454
    endloop
  endfacet
  facet normal 0.259137 0 0.965841
    outer loop
      vertex 31.2725 61.8 12.3776
      vertex 31.0198 59.7353 12.4454
      vertex 31.2725 59.6676 12.3776
    endloop
  endfacet
  facet normal 0.453926 -0 0.891039
    outer loop
      vertex 31.5168 59.5738 12.2839
      vertex 31.75 61.8 12.1651
      vertex 31.5168 61.8 12.2839
    endloop
  endfacet
  facet normal 0.453926 0 0.891039
    outer loop
      vertex 31.75 61.8 12.1651
      vertex 31.5168 59.5738 12.2839
      vertex 31.75 59.455 12.1651
    endloop
  endfacet
  facet normal 0.7772 -0 0.629253
    outer loop
      vertex 32.3579 58.9628 11.6728
      vertex 32.5225 61.8 11.4695
      vertex 32.3579 61.8 11.6728
    endloop
  endfacet
  facet normal 0.777111 -0.000228652 0.629364
    outer loop
      vertex 32.5225 58.8 11.4695
      vertex 32.3579 58.9628 11.6728
      vertex 32.4897 58.8 11.51
    endloop
  endfacet
  facet normal 0.7772 0 0.629253
    outer loop
      vertex 32.3579 58.9628 11.6728
      vertex 32.5225 58.8 11.4695
      vertex 32.5225 61.8 11.4695
    endloop
  endfacet
  facet normal -0.1563 0 0.98771
    outer loop
      vertex 6.98022 61.8 12.4454
      vertex 7.23868 59.7763 12.4863
      vertex 7.23868 61.8 12.4863
    endloop
  endfacet
  facet normal -0.1563 0 0.98771
    outer loop
      vertex 7.23868 59.7763 12.4863
      vertex 6.98022 61.8 12.4454
      vertex 6.98022 59.7353 12.4454
    endloop
  endfacet
  facet normal 0.156277 -0 0.987713
    outer loop
      vertex 30.7613 59.7763 12.4863
      vertex 31.0198 61.8 12.4454
      vertex 30.7613 61.8 12.4863
    endloop
  endfacet
  facet normal 0.156277 0 0.987713
    outer loop
      vertex 31.0198 61.8 12.4454
      vertex 30.7613 59.7763 12.4863
      vertex 31.0198 59.7353 12.4454
    endloop
  endfacet
  facet normal 0.707107 -0 0.707107
    outer loop
      vertex 32.1728 59.1478 11.8579
      vertex 32.3579 61.8 11.6728
      vertex 32.1728 61.8 11.8579
    endloop
  endfacet
  facet normal 0.707107 0 0.707107
    outer loop
      vertex 32.3579 61.8 11.6728
      vertex 32.1728 59.1478 11.8579
      vertex 32.3579 58.9628 11.6728
    endloop
  endfacet
  facet normal 0 -1 0
    outer loop
      vertex 5.33494 58.8 11.25
      vertex 5.51032 58.8 11.51
      vertex 5.47746 58.8 11.4695
    endloop
  endfacet
  facet normal 0 -1 -0
    outer loop
      vertex 5.51032 58.8 11.51
      vertex 5 58.8 3.49497
      vertex 32.4897 58.8 11.51
    endloop
  endfacet
  facet normal 0 -1 0
    outer loop
      vertex 5.51032 58.8 11.51
      vertex 5.33494 58.8 11.25
      vertex 5 58.8 10
    endloop
  endfacet
  facet normal 0 -1 0
    outer loop
      vertex 5.51032 58.8 11.51
      vertex 5 58.8 10
      vertex 5 58.8 3.49497
    endloop
  endfacet
  facet normal 0 -1 0
    outer loop
      vertex 5 58.8 10
      vertex 5.33494 58.8 11.25
      vertex 5.21614 58.8 11.0168
    endloop
  endfacet
  facet normal 0 -1 0
    outer loop
      vertex 33 58.8 3.49497
      vertex 32.4897 58.8 11.51
      vertex 5 58.8 3.49497
    endloop
  endfacet
  facet normal 0 -1 0
    outer loop
      vertex 5 58.8 10
      vertex 5.21614 58.8 11.0168
      vertex 5.12236 58.8 10.7725
    endloop
  endfacet
  facet normal 0 -1 0
    outer loop
      vertex 32.4897 58.8 11.51
      vertex 32.6651 58.8 11.25
      vertex 32.5225 58.8 11.4695
    endloop
  endfacet
  facet normal 0 -1 0
    outer loop
      vertex 5 58.8 10
      vertex 5.12236 58.8 10.7725
      vertex 5.05463 58.8 10.5198
    endloop
  endfacet
  facet normal 0 -1 0
    outer loop
      vertex 32.6651 58.8 11.25
      vertex 33 58.8 10
      vertex 32.7839 58.8 11.0168
    endloop
  endfacet
  facet normal 0 -1 0
    outer loop
      vertex 5 58.8 10
      vertex 5.05463 58.8 10.5198
      vertex 5.0137 58.8 10.2613
    endloop
  endfacet
  facet normal 0 -1 0
    outer loop
      vertex 32.7839 58.8 11.0168
      vertex 33 58.8 10
      vertex 32.8776 58.8 10.7725
    endloop
  endfacet
  facet normal 0 -1 0
    outer loop
      vertex 32.8776 58.8 10.7725
      vertex 33 58.8 10
      vertex 32.9454 58.8 10.5198
    endloop
  endfacet
  facet normal 0 -1 0
    outer loop
      vertex 32.9454 58.8 10.5198
      vertex 33 58.8 10
      vertex 32.9863 58.8 10.2613
    endloop
  endfacet
  facet normal -0 -1 -0
    outer loop
      vertex 33 58.8 10
      vertex 32.4897 58.8 11.51
      vertex 33 58.8 3.49497
    endloop
  endfacet
  facet normal -0 -1 -0
    outer loop
      vertex 32.6651 58.8 11.25
      vertex 32.4897 58.8 11.51
      vertex 33 58.8 10
    endloop
  endfacet
  facet normal 0.998628 -0 0.0523582
    outer loop
      vertex 32.9863 58.8 10.2613
      vertex 33 61.8 10
      vertex 32.9863 61.8 10.2613
    endloop
  endfacet
  facet normal 0.998628 0 0.0523582
    outer loop
      vertex 33 61.8 10
      vertex 32.9863 58.8 10.2613
      vertex 33 58.8 10
    endloop
  endfacet
  facet normal 0.358108 -0 0.93368
    outer loop
      vertex 31.2725 59.6676 12.3776
      vertex 31.5168 61.8 12.2839
      vertex 31.2725 61.8 12.3776
    endloop
  endfacet
  facet normal 0.358108 0 0.93368
    outer loop
      vertex 31.5168 61.8 12.2839
      vertex 31.2725 59.6676 12.3776
      vertex 31.5168 59.5738 12.2839
    endloop
  endfacet
  facet normal 0.629253 -0 0.7772
    outer loop
      vertex 31.9695 59.3125 12.0225
      vertex 32.1728 61.8 11.8579
      vertex 31.9695 61.8 12.0225
    endloop
  endfacet
  facet normal 0.629253 0 0.7772
    outer loop
      vertex 32.1728 61.8 11.8579
      vertex 31.9695 59.3125 12.0225
      vertex 32.1728 59.1478 11.8579
    endloop
  endfacet
  facet normal 0.891039 -0 0.453926
    outer loop
      vertex 32.6651 58.8 11.25
      vertex 32.7839 61.8 11.0168
      vertex 32.6651 61.8 11.25
    endloop
  endfacet
  facet normal 0.891039 0 0.453926
    outer loop
      vertex 32.7839 61.8 11.0168
      vertex 32.6651 58.8 11.25
      vertex 32.7839 58.8 11.0168
    endloop
  endfacet
  facet normal -0 0 1
    outer loop
      vertex 7.5 61.8 12.5
      vertex 30.5 59.7899 12.5
      vertex 30.5 61.8 12.5
    endloop
  endfacet
  facet normal 0 0 1
    outer loop
      vertex 30.5 59.7899 12.5
      vertex 7.5 61.8 12.5
      vertex 7.5 59.7899 12.5
    endloop
  endfacet
  facet normal 0.93368 -0 0.358108
    outer loop
      vertex 32.7839 58.8 11.0168
      vertex 32.8776 61.8 10.7725
      vertex 32.7839 61.8 11.0168
    endloop
  endfacet
  facet normal 0.93368 0 0.358108
    outer loop
      vertex 32.8776 61.8 10.7725
      vertex 32.7839 58.8 11.0168
      vertex 32.8776 58.8 10.7725
    endloop
  endfacet
  facet normal 0.987713 -0 0.156277
    outer loop
      vertex 32.9454 58.8 10.5198
      vertex 32.9863 61.8 10.2613
      vertex 32.9454 61.8 10.5198
    endloop
  endfacet
  facet normal 0.987713 0 0.156277
    outer loop
      vertex 32.9863 61.8 10.2613
      vertex 32.9454 58.8 10.5198
      vertex 32.9863 58.8 10.2613
    endloop
  endfacet
  facet normal 0.838575 -0 0.544787
    outer loop
      vertex 32.5225 58.8 11.4695
      vertex 32.6651 61.8 11.25
      vertex 32.5225 61.8 11.4695
    endloop
  endfacet
  facet normal 0.838575 0 0.544787
    outer loop
      vertex 32.6651 61.8 11.25
      vertex 32.5225 58.8 11.4695
      vertex 32.6651 58.8 11.25
    endloop
  endfacet
  facet normal -0.358108 0 0.93368
    outer loop
      vertex 6.48316 61.8 12.2839
      vertex 6.72746 59.6676 12.3776
      vertex 6.72746 61.8 12.3776
    endloop
  endfacet
  facet normal -0.358108 0 0.93368
    outer loop
      vertex 6.72746 59.6676 12.3776
      vertex 6.48316 61.8 12.2839
      vertex 6.48316 59.5738 12.2839
    endloop
  endfacet
  facet normal -0.0523542 0 0.998629
    outer loop
      vertex 7.23868 61.8 12.4863
      vertex 7.5 59.7899 12.5
      vertex 7.5 61.8 12.5
    endloop
  endfacet
  facet normal -0.0523542 0 0.998629
    outer loop
      vertex 7.5 59.7899 12.5
      vertex 7.23868 61.8 12.4863
      vertex 7.23868 59.7763 12.4863
    endloop
  endfacet
  facet normal -0.933578 0 0.358375
    outer loop
      vertex 5.12236 58.8 10.7725
      vertex 5.21614 61.8 11.0168
      vertex 5.12236 61.8 10.7725
    endloop
  endfacet
  facet normal -0.933578 0 0.358375
    outer loop
      vertex 5.21614 61.8 11.0168
      vertex 5.12236 58.8 10.7725
      vertex 5.21614 58.8 11.0168
    endloop
  endfacet
  facet normal -0.998628 0 0.0523582
    outer loop
      vertex 5 58.8 10
      vertex 5.0137 61.8 10.2613
      vertex 5 61.8 10
    endloop
  endfacet
  facet normal -0.998628 0 0.0523582
    outer loop
      vertex 5.0137 61.8 10.2613
      vertex 5 58.8 10
      vertex 5.0137 58.8 10.2613
    endloop
  endfacet
  facet normal 0.965841 -0 0.259137
    outer loop
      vertex 32.8776 58.8 10.7725
      vertex 32.9454 61.8 10.5198
      vertex 32.8776 61.8 10.7725
    endloop
  endfacet
  facet normal 0.965841 0 0.259137
    outer loop
      vertex 32.9454 61.8 10.5198
      vertex 32.8776 58.8 10.7725
      vertex 32.9454 58.8 10.5198
    endloop
  endfacet
  facet normal -0.25908 0 0.965856
    outer loop
      vertex 6.72746 61.8 12.3776
      vertex 6.98022 59.7353 12.4454
      vertex 6.98022 61.8 12.4454
    endloop
  endfacet
  facet normal -0.25908 0 0.965856
    outer loop
      vertex 6.98022 59.7353 12.4454
      vertex 6.72746 61.8 12.3776
      vertex 6.72746 59.6676 12.3776
    endloop
  endfacet
  facet normal -0.987696 0 0.156388
    outer loop
      vertex 5.0137 58.8 10.2613
      vertex 5.05463 61.8 10.5198
      vertex 5.0137 61.8 10.2613
    endloop
  endfacet
  facet normal -0.987696 0 0.156388
    outer loop
      vertex 5.05463 61.8 10.5198
      vertex 5.0137 58.8 10.2613
      vertex 5.05463 58.8 10.5198
    endloop
  endfacet
  facet normal -0.838714 0 0.544572
    outer loop
      vertex 5.33494 58.8 11.25
      vertex 5.47746 61.8 11.4695
      vertex 5.33494 61.8 11.25
    endloop
  endfacet
  facet normal -0.838714 0 0.544572
    outer loop
      vertex 5.47746 61.8 11.4695
      vertex 5.33494 58.8 11.25
      vertex 5.47746 58.8 11.4695
    endloop
  endfacet
  facet normal -0.544857 0 0.838529
    outer loop
      vertex 6.03054 61.8 12.0225
      vertex 6.25 59.455 12.1651
      vertex 6.25 61.8 12.1651
    endloop
  endfacet
  facet normal -0.544857 0 0.838529
    outer loop
      vertex 6.25 59.455 12.1651
      vertex 6.03054 61.8 12.0225
      vertex 6.03054 59.3125 12.0225
    endloop
  endfacet
  facet normal -0.965907 0 0.258888
    outer loop
      vertex 5.05463 58.8 10.5198
      vertex 5.12236 61.8 10.7725
      vertex 5.05463 61.8 10.5198
    endloop
  endfacet
  facet normal -0.965907 0 0.258888
    outer loop
      vertex 5.12236 61.8 10.7725
      vertex 5.05463 58.8 10.5198
      vertex 5.12236 58.8 10.7725
    endloop
  endfacet
  facet normal -0.453988 0 0.891008
    outer loop
      vertex 6.25 61.8 12.1651
      vertex 6.48316 59.5738 12.2839
      vertex 6.48316 61.8 12.2839
    endloop
  endfacet
  facet normal -0.453988 0 0.891008
    outer loop
      vertex 6.48316 59.5738 12.2839
      vertex 6.25 61.8 12.1651
      vertex 6.25 59.455 12.1651
    endloop
  endfacet
  facet normal -0.629122 0 0.777306
    outer loop
      vertex 5.82717 61.8 11.8579
      vertex 6.03054 59.3125 12.0225
      vertex 6.03054 61.8 12.0225
    endloop
  endfacet
  facet normal -0.629122 0 0.777306
    outer loop
      vertex 6.03054 59.3125 12.0225
      vertex 5.82717 61.8 11.8579
      vertex 5.82717 59.1478 11.8579
    endloop
  endfacet
  facet normal -0.777051 0 0.629438
    outer loop
      vertex 5.47746 61.8 11.4695
      vertex 5.64214 58.9628 11.6728
      vertex 5.64214 61.8 11.6728
    endloop
  endfacet
  facet normal -0.777051 0 0.629438
    outer loop
      vertex 5.47746 58.8 11.4695
      vertex 5.64214 58.9628 11.6728
      vertex 5.47746 61.8 11.4695
    endloop
  endfacet
  facet normal -0.776547 -0.00128353 0.630058
    outer loop
      vertex 5.64214 58.9628 11.6728
      vertex 5.47746 58.8 11.4695
      vertex 5.51032 58.8 11.51
    endloop
  endfacet
  facet normal -0.70724 0 0.706973
    outer loop
      vertex 5.64214 61.8 11.6728
      vertex 5.82717 59.1478 11.8579
      vertex 5.82717 61.8 11.8579
    endloop
  endfacet
  facet normal -0.70724 0 0.706973
    outer loop
      vertex 5.82717 59.1478 11.8579
      vertex 5.64214 61.8 11.6728
      vertex 5.64214 58.9628 11.6728
    endloop
  endfacet
  facet normal -0.891039 0 0.453926
    outer loop
      vertex 5.21614 58.8 11.0168
      vertex 5.33494 61.8 11.25
      vertex 5.21614 61.8 11.0168
    endloop
  endfacet
  facet normal -0.891039 0 0.453926
    outer loop
      vertex 5.33494 61.8 11.25
      vertex 5.21614 58.8 11.0168
      vertex 5.33494 58.8 11.25
    endloop
  endfacet
  facet normal -0.890973 0 0.454056
    outer loop
      vertex 14.4722 38.7 8.15
      vertex 14.553 39.9 8.30855
      vertex 14.4722 39.9 8.15
    endloop
  endfacet
  facet normal -0.890973 0 0.454056
    outer loop
      vertex 14.553 39.9 8.30855
      vertex 14.4722 38.7 8.15
      vertex 14.553 38.7 8.30855
    endloop
  endfacet
  facet normal -0.35823 0 0.933633
    outer loop
      vertex 13.5253 39.9 7.3832
      vertex 13.6915 38.7 7.44697
      vertex 13.6915 39.9 7.44697
    endloop
  endfacet
  facet normal -0.35823 0 0.933633
    outer loop
      vertex 13.6915 38.7 7.44697
      vertex 13.5253 39.9 7.3832
      vertex 13.5253 38.7 7.3832
    endloop
  endfacet
  facet normal 0.35823 0 0.933633
    outer loop
      vertex 12.3085 39.9 7.44697
      vertex 12.4747 38.7 7.3832
      vertex 12.4747 39.9 7.3832
    endloop
  endfacet
  facet normal 0.35823 0 0.933633
    outer loop
      vertex 12.4747 38.7 7.3832
      vertex 12.3085 39.9 7.44697
      vertex 12.3085 38.7 7.44697
    endloop
  endfacet
  facet normal 0.890973 -0 0.454056
    outer loop
      vertex 11.447 38.7 8.30855
      vertex 11.5278 39.9 8.15
      vertex 11.447 39.9 8.30855
    endloop
  endfacet
  facet normal 0.890973 0 0.454056
    outer loop
      vertex 11.5278 39.9 8.15
      vertex 11.447 38.7 8.30855
      vertex 11.5278 38.7 8.15
    endloop
  endfacet
  facet normal -0.998633 0 -0.0522639
    outer loop
      vertex 14.7 38.7 9
      vertex 14.6907 39.9 9.1777
      vertex 14.7 39.9 9
    endloop
  endfacet
  facet normal -0.998633 -0 -0.0522639
    outer loop
      vertex 14.6907 39.9 9.1777
      vertex 14.7 38.7 9
      vertex 14.6907 38.7 9.1777
    endloop
  endfacet
  facet normal -0.358377 0 -0.933577
    outer loop
      vertex 13.5253 38.7 10.6168
      vertex 13.6915 39.9 10.553
      vertex 13.6915 38.7 10.553
    endloop
  endfacet
  facet normal -0.358377 0 -0.933577
    outer loop
      vertex 13.6915 39.9 10.553
      vertex 13.5253 38.7 10.6168
      vertex 13.5253 39.9 10.6168
    endloop
  endfacet
  facet normal -0.156499 0 0.987678
    outer loop
      vertex 13.1777 39.9 7.30931
      vertex 13.3534 38.7 7.33715
      vertex 13.3534 39.9 7.33715
    endloop
  endfacet
  facet normal -0.156499 0 0.987678
    outer loop
      vertex 13.3534 38.7 7.33715
      vertex 13.1777 39.9 7.30931
      vertex 13.1777 38.7 7.30931
    endloop
  endfacet
  facet normal 0.777105 -0 0.629371
    outer loop
      vertex 11.6247 38.7 8.00077
      vertex 11.7367 39.9 7.86248
      vertex 11.6247 39.9 8.00077
    endloop
  endfacet
  facet normal 0.777105 0 0.629371
    outer loop
      vertex 11.7367 39.9 7.86248
      vertex 11.6247 38.7 8.00077
      vertex 11.7367 38.7 7.86248
    endloop
  endfacet
  facet normal 0.156499 0 0.987678
    outer loop
      vertex 12.6466 39.9 7.33715
      vertex 12.8223 38.7 7.30931
      vertex 12.8223 39.9 7.30931
    endloop
  endfacet
  facet normal 0.156499 0 0.987678
    outer loop
      vertex 12.8223 38.7 7.30931
      vertex 12.6466 39.9 7.33715
      vertex 12.6466 38.7 7.33715
    endloop
  endfacet
  facet normal 0.629276 0 0.777182
    outer loop
      vertex 11.8625 39.9 7.73665
      vertex 12.0008 38.7 7.62467
      vertex 12.0008 39.9 7.62467
    endloop
  endfacet
  facet normal 0.629276 0 0.777182
    outer loop
      vertex 12.0008 38.7 7.62467
      vertex 11.8625 39.9 7.73665
      vertex 11.8625 38.7 7.73665
    endloop
  endfacet
  facet normal -0.933519 0 -0.358527
    outer loop
      vertex 14.6168 38.7 9.52533
      vertex 14.553 39.9 9.69145
      vertex 14.6168 39.9 9.52533
    endloop
  endfacet
  facet normal -0.933519 -0 -0.358527
    outer loop
      vertex 14.553 39.9 9.69145
      vertex 14.6168 38.7 9.52533
      vertex 14.553 38.7 9.69145
    endloop
  endfacet
  facet normal 0.259026 0 -0.96587
    outer loop
      vertex 12.4747 38.7 10.6168
      vertex 12.6466 39.9 10.6629
      vertex 12.6466 38.7 10.6629
    endloop
  endfacet
  facet normal 0.259026 0 -0.96587
    outer loop
      vertex 12.6466 39.9 10.6629
      vertex 12.4747 38.7 10.6168
      vertex 12.4747 39.9 10.6168
    endloop
  endfacet
  facet normal -0.259026 0 -0.96587
    outer loop
      vertex 13.3534 38.7 10.6629
      vertex 13.5253 39.9 10.6168
      vertex 13.5253 38.7 10.6168
    endloop
  endfacet
  facet normal -0.259026 0 -0.96587
    outer loop
      vertex 13.5253 39.9 10.6168
      vertex 13.3534 38.7 10.6629
      vertex 13.3534 39.9 10.6629
    endloop
  endfacet
  facet normal -0.838699 0 0.544595
    outer loop
      vertex 14.3753 38.7 8.00077
      vertex 14.4722 39.9 8.15
      vertex 14.3753 39.9 8.00077
    endloop
  endfacet
  facet normal -0.838699 0 0.544595
    outer loop
      vertex 14.4722 39.9 8.15
      vertex 14.3753 38.7 8.00077
      vertex 14.4722 38.7 8.15
    endloop
  endfacet
  facet normal -0.707191 0 0.707022
    outer loop
      vertex 14.1375 38.7 7.73665
      vertex 14.2633 39.9 7.86248
      vertex 14.1375 39.9 7.73665
    endloop
  endfacet
  facet normal -0.707191 0 0.707022
    outer loop
      vertex 14.2633 39.9 7.86248
      vertex 14.1375 38.7 7.73665
      vertex 14.2633 38.7 7.86248
    endloop
  endfacet
  facet normal 0.0523199 0 0.99863
    outer loop
      vertex 12.8223 39.9 7.30931
      vertex 13 38.7 7.3
      vertex 13 39.9 7.3
    endloop
  endfacet
  facet normal 0.0523199 0 0.99863
    outer loop
      vertex 13 38.7 7.3
      vertex 12.8223 39.9 7.30931
      vertex 12.8223 38.7 7.30931
    endloop
  endfacet
  facet normal -0.0523199 0 0.99863
    outer loop
      vertex 13 39.9 7.3
      vertex 13.1777 38.7 7.30931
      vertex 13.1777 39.9 7.30931
    endloop
  endfacet
  facet normal -0.0523199 0 0.99863
    outer loop
      vertex 13.1777 38.7 7.30931
      vertex 13 39.9 7.3
      vertex 13 38.7 7.3
    endloop
  endfacet
  facet normal -0.629276 0 0.777182
    outer loop
      vertex 13.9992 39.9 7.62467
      vertex 14.1375 38.7 7.73665
      vertex 14.1375 39.9 7.73665
    endloop
  endfacet
  facet normal -0.629276 0 0.777182
    outer loop
      vertex 14.1375 38.7 7.73665
      vertex 13.9992 39.9 7.62467
      vertex 13.9992 38.7 7.62467
    endloop
  endfacet
  facet normal -0.454125 0 0.890938
    outer loop
      vertex 13.6915 39.9 7.44697
      vertex 13.85 38.7 7.52776
      vertex 13.85 39.9 7.52776
    endloop
  endfacet
  facet normal -0.454125 0 0.890938
    outer loop
      vertex 13.85 38.7 7.52776
      vertex 13.6915 39.9 7.44697
      vertex 13.6915 38.7 7.44697
    endloop
  endfacet
  facet normal -0.544712 0 0.838623
    outer loop
      vertex 13.85 39.9 7.52776
      vertex 13.9992 38.7 7.62467
      vertex 13.9992 39.9 7.62467
    endloop
  endfacet
  facet normal -0.544712 0 0.838623
    outer loop
      vertex 13.9992 38.7 7.62467
      vertex 13.85 39.9 7.52776
      vertex 13.85 38.7 7.52776
    endloop
  endfacet
  facet normal 0.998633 -0 0.0522639
    outer loop
      vertex 11.3 38.7 9
      vertex 11.3093 39.9 8.8223
      vertex 11.3 39.9 9
    endloop
  endfacet
  facet normal 0.998633 0 0.0522639
    outer loop
      vertex 11.3093 39.9 8.8223
      vertex 11.3 38.7 9
      vertex 11.3093 38.7 8.8223
    endloop
  endfacet
  facet normal 0.933519 -0 0.358527
    outer loop
      vertex 11.3832 38.7 8.47467
      vertex 11.447 39.9 8.30855
      vertex 11.3832 39.9 8.47467
    endloop
  endfacet
  facet normal 0.933519 0 0.358527
    outer loop
      vertex 11.447 39.9 8.30855
      vertex 11.3832 38.7 8.47467
      vertex 11.447 38.7 8.30855
    endloop
  endfacet
  facet normal 0.965863 -0 0.259054
    outer loop
      vertex 11.3371 38.7 8.64655
      vertex 11.3832 39.9 8.47467
      vertex 11.3371 39.9 8.64655
    endloop
  endfacet
  facet normal 0.965863 0 0.259054
    outer loop
      vertex 11.3832 39.9 8.47467
      vertex 11.3371 38.7 8.64655
      vertex 11.3832 38.7 8.47467
    endloop
  endfacet
  facet normal 0.454125 0 0.890938
    outer loop
      vertex 12.15 39.9 7.52776
      vertex 12.3085 38.7 7.44697
      vertex 12.3085 39.9 7.44697
    endloop
  endfacet
  facet normal 0.454125 0 0.890938
    outer loop
      vertex 12.3085 38.7 7.44697
      vertex 12.15 39.9 7.52776
      vertex 12.15 38.7 7.52776
    endloop
  endfacet
  facet normal 0.544712 0 0.838623
    outer loop
      vertex 12.0008 39.9 7.62467
      vertex 12.15 38.7 7.52776
      vertex 12.15 39.9 7.52776
    endloop
  endfacet
  facet normal 0.544712 0 0.838623
    outer loop
      vertex 12.15 38.7 7.52776
      vertex 12.0008 39.9 7.62467
      vertex 12.0008 38.7 7.62467
    endloop
  endfacet
  facet normal 0.707191 -0 0.707022
    outer loop
      vertex 11.7367 38.7 7.86248
      vertex 11.8625 39.9 7.73665
      vertex 11.7367 39.9 7.86248
    endloop
  endfacet
  facet normal 0.707191 0 0.707022
    outer loop
      vertex 11.8625 39.9 7.73665
      vertex 11.7367 38.7 7.86248
      vertex 11.8625 38.7 7.73665
    endloop
  endfacet
  facet normal -0.998633 0 0.0522639
    outer loop
      vertex 14.6907 38.7 8.8223
      vertex 14.7 39.9 9
      vertex 14.6907 39.9 8.8223
    endloop
  endfacet
  facet normal -0.998633 0 0.0522639
    outer loop
      vertex 14.7 39.9 9
      vertex 14.6907 38.7 8.8223
      vertex 14.7 38.7 9
    endloop
  endfacet
  facet normal -0.15628 0 -0.987713
    outer loop
      vertex 13.1777 38.7 10.6907
      vertex 13.3534 39.9 10.6629
      vertex 13.3534 38.7 10.6629
    endloop
  endfacet
  facet normal -0.15628 0 -0.987713
    outer loop
      vertex 13.3534 39.9 10.6629
      vertex 13.1777 38.7 10.6907
      vertex 13.1777 39.9 10.6907
    endloop
  endfacet
  facet normal -0.933519 0 0.358527
    outer loop
      vertex 14.553 38.7 8.30855
      vertex 14.6168 39.9 8.47467
      vertex 14.553 39.9 8.30855
    endloop
  endfacet
  facet normal -0.933519 0 0.358527
    outer loop
      vertex 14.6168 39.9 8.47467
      vertex 14.553 38.7 8.30855
      vertex 14.6168 38.7 8.47467
    endloop
  endfacet
  facet normal -0.965863 0 0.259054
    outer loop
      vertex 14.6168 38.7 8.47467
      vertex 14.6629 39.9 8.64655
      vertex 14.6168 39.9 8.47467
    endloop
  endfacet
  facet normal -0.965863 0 0.259054
    outer loop
      vertex 14.6629 39.9 8.64655
      vertex 14.6168 38.7 8.47467
      vertex 14.6629 38.7 8.64655
    endloop
  endfacet
  facet normal -0.98772 0 0.156237
    outer loop
      vertex 14.6629 38.7 8.64655
      vertex 14.6907 39.9 8.8223
      vertex 14.6629 39.9 8.64655
    endloop
  endfacet
  facet normal -0.98772 0 0.156237
    outer loop
      vertex 14.6907 39.9 8.8223
      vertex 14.6629 38.7 8.64655
      vertex 14.6907 38.7 8.8223
    endloop
  endfacet
  facet normal -0.777105 0 0.629371
    outer loop
      vertex 14.2633 38.7 7.86248
      vertex 14.3753 39.9 8.00077
      vertex 14.2633 39.9 7.86248
    endloop
  endfacet
  facet normal -0.777105 0 0.629371
    outer loop
      vertex 14.3753 39.9 8.00077
      vertex 14.2633 38.7 7.86248
      vertex 14.3753 38.7 8.00077
    endloop
  endfacet
  facet normal -0.258764 0 0.965941
    outer loop
      vertex 13.3534 39.9 7.33715
      vertex 13.5253 38.7 7.3832
      vertex 13.5253 39.9 7.3832
    endloop
  endfacet
  facet normal -0.258764 0 0.965941
    outer loop
      vertex 13.5253 38.7 7.3832
      vertex 13.3534 39.9 7.33715
      vertex 13.3534 38.7 7.33715
    endloop
  endfacet
  facet normal 0.98772 -0 0.156237
    outer loop
      vertex 11.3093 38.7 8.8223
      vertex 11.3371 39.9 8.64655
      vertex 11.3093 39.9 8.8223
    endloop
  endfacet
  facet normal 0.98772 0 0.156237
    outer loop
      vertex 11.3371 39.9 8.64655
      vertex 11.3093 38.7 8.8223
      vertex 11.3371 38.7 8.64655
    endloop
  endfacet
  facet normal 0.838699 -0 0.544595
    outer loop
      vertex 11.5278 38.7 8.15
      vertex 11.6247 39.9 8.00077
      vertex 11.5278 39.9 8.15
    endloop
  endfacet
  facet normal 0.838699 0 0.544595
    outer loop
      vertex 11.6247 39.9 8.00077
      vertex 11.5278 38.7 8.15
      vertex 11.6247 38.7 8.00077
    endloop
  endfacet
  facet normal 0.258764 0 0.965941
    outer loop
      vertex 12.4747 39.9 7.3832
      vertex 12.6466 38.7 7.33715
      vertex 12.6466 39.9 7.33715
    endloop
  endfacet
  facet normal 0.258764 0 0.965941
    outer loop
      vertex 12.6466 38.7 7.33715
      vertex 12.4747 39.9 7.3832
      vertex 12.4747 38.7 7.3832
    endloop
  endfacet
  facet normal -0.98772 0 -0.156237
    outer loop
      vertex 14.6907 38.7 9.1777
      vertex 14.6629 39.9 9.35345
      vertex 14.6907 39.9 9.1777
    endloop
  endfacet
  facet normal -0.98772 -0 -0.156237
    outer loop
      vertex 14.6629 39.9 9.35345
      vertex 14.6907 38.7 9.1777
      vertex 14.6629 38.7 9.35345
    endloop
  endfacet
  facet normal -0.965863 0 -0.259054
    outer loop
      vertex 14.6629 38.7 9.35345
      vertex 14.6168 39.9 9.52533
      vertex 14.6629 39.9 9.35345
    endloop
  endfacet
  facet normal -0.965863 -0 -0.259054
    outer loop
      vertex 14.6168 39.9 9.52533
      vertex 14.6629 38.7 9.35345
      vertex 14.6168 38.7 9.52533
    endloop
  endfacet
  facet normal -0.890973 0 -0.454056
    outer loop
      vertex 14.553 38.7 9.69145
      vertex 14.4722 39.9 9.85
      vertex 14.553 39.9 9.69145
    endloop
  endfacet
  facet normal -0.890973 -0 -0.454056
    outer loop
      vertex 14.4722 39.9 9.85
      vertex 14.553 38.7 9.69145
      vertex 14.4722 38.7 9.85
    endloop
  endfacet
  facet normal -0.77706 0 -0.629426
    outer loop
      vertex 14.3753 38.7 9.99923
      vertex 14.2633 39.9 10.1375
      vertex 14.3753 39.9 9.99923
    endloop
  endfacet
  facet normal -0.77706 -0 -0.629426
    outer loop
      vertex 14.2633 39.9 10.1375
      vertex 14.3753 38.7 9.99923
      vertex 14.2633 38.7 10.1375
    endloop
  endfacet
  facet normal 0.45417 0 -0.890915
    outer loop
      vertex 12.15 38.7 10.4722
      vertex 12.3085 39.9 10.553
      vertex 12.3085 38.7 10.553
    endloop
  endfacet
  facet normal 0.45417 0 -0.890915
    outer loop
      vertex 12.3085 39.9 10.553
      vertex 12.15 38.7 10.4722
      vertex 12.15 39.9 10.4722
    endloop
  endfacet
  facet normal 0.998633 0 -0.0522639
    outer loop
      vertex 11.3093 38.7 9.1777
      vertex 11.3 39.9 9
      vertex 11.3093 39.9 9.1777
    endloop
  endfacet
  facet normal 0.998633 0 -0.0522639
    outer loop
      vertex 11.3 39.9 9
      vertex 11.3093 38.7 9.1777
      vertex 11.3 38.7 9
    endloop
  endfacet
  facet normal 0.77706 0 -0.629426
    outer loop
      vertex 11.7367 38.7 10.1375
      vertex 11.6247 39.9 9.99923
      vertex 11.7367 39.9 10.1375
    endloop
  endfacet
  facet normal 0.77706 0 -0.629426
    outer loop
      vertex 11.6247 39.9 9.99923
      vertex 11.7367 38.7 10.1375
      vertex 11.6247 38.7 9.99923
    endloop
  endfacet
  facet normal -0.45417 0 -0.890915
    outer loop
      vertex 13.6915 38.7 10.553
      vertex 13.85 39.9 10.4722
      vertex 13.85 38.7 10.4722
    endloop
  endfacet
  facet normal -0.45417 0 -0.890915
    outer loop
      vertex 13.85 39.9 10.4722
      vertex 13.6915 38.7 10.553
      vertex 13.6915 39.9 10.553
    endloop
  endfacet
  facet normal -0.838699 0 -0.544595
    outer loop
      vertex 14.4722 38.7 9.85
      vertex 14.3753 39.9 9.99923
      vertex 14.4722 39.9 9.85
    endloop
  endfacet
  facet normal -0.838699 -0 -0.544595
    outer loop
      vertex 14.3753 39.9 9.99923
      vertex 14.4722 38.7 9.85
      vertex 14.3753 38.7 9.99923
    endloop
  endfacet
  facet normal 0.629344 0 -0.777127
    outer loop
      vertex 11.8625 38.7 10.2633
      vertex 12.0008 39.9 10.3753
      vertex 12.0008 38.7 10.3753
    endloop
  endfacet
  facet normal 0.629344 0 -0.777127
    outer loop
      vertex 12.0008 39.9 10.3753
      vertex 11.8625 38.7 10.2633
      vertex 11.8625 39.9 10.2633
    endloop
  endfacet
  facet normal 0.544672 0 -0.838649
    outer loop
      vertex 12.0008 38.7 10.3753
      vertex 12.15 39.9 10.4722
      vertex 12.15 38.7 10.4722
    endloop
  endfacet
  facet normal 0.544672 0 -0.838649
    outer loop
      vertex 12.15 39.9 10.4722
      vertex 12.0008 38.7 10.3753
      vertex 12.0008 39.9 10.3753
    endloop
  endfacet
  facet normal -0.0522639 0 -0.998633
    outer loop
      vertex 13 38.7 10.7
      vertex 13.1777 39.9 10.6907
      vertex 13.1777 38.7 10.6907
    endloop
  endfacet
  facet normal -0.0522639 0 -0.998633
    outer loop
      vertex 13.1777 39.9 10.6907
      vertex 13 38.7 10.7
      vertex 13 39.9 10.7
    endloop
  endfacet
  facet normal 0.98772 0 -0.156237
    outer loop
      vertex 11.3371 38.7 9.35345
      vertex 11.3093 39.9 9.1777
      vertex 11.3371 39.9 9.35345
    endloop
  endfacet
  facet normal 0.98772 0 -0.156237
    outer loop
      vertex 11.3093 39.9 9.1777
      vertex 11.3371 38.7 9.35345
      vertex 11.3093 38.7 9.1777
    endloop
  endfacet
  facet normal 0.707107 0 -0.707107
    outer loop
      vertex 11.8625 38.7 10.2633
      vertex 11.7367 39.9 10.1375
      vertex 11.8625 39.9 10.2633
    endloop
  endfacet
  facet normal 0.707107 0 -0.707107
    outer loop
      vertex 11.7367 39.9 10.1375
      vertex 11.8625 38.7 10.2633
      vertex 11.7367 38.7 10.1375
    endloop
  endfacet
  facet normal 0.890973 0 -0.454056
    outer loop
      vertex 11.5278 38.7 9.85
      vertex 11.447 39.9 9.69145
      vertex 11.5278 39.9 9.85
    endloop
  endfacet
  facet normal 0.890973 0 -0.454056
    outer loop
      vertex 11.447 39.9 9.69145
      vertex 11.5278 38.7 9.85
      vertex 11.447 38.7 9.69145
    endloop
  endfacet
  facet normal 0.933519 0 -0.358527
    outer loop
      vertex 11.447 38.7 9.69145
      vertex 11.3832 39.9 9.52533
      vertex 11.447 39.9 9.69145
    endloop
  endfacet
  facet normal 0.933519 0 -0.358527
    outer loop
      vertex 11.3832 39.9 9.52533
      vertex 11.447 38.7 9.69145
      vertex 11.3832 38.7 9.52533
    endloop
  endfacet
  facet normal 0.965863 0 -0.259054
    outer loop
      vertex 11.3832 38.7 9.52533
      vertex 11.3371 39.9 9.35345
      vertex 11.3832 39.9 9.52533
    endloop
  endfacet
  facet normal 0.965863 0 -0.259054
    outer loop
      vertex 11.3371 39.9 9.35345
      vertex 11.3832 38.7 9.52533
      vertex 11.3371 38.7 9.35345
    endloop
  endfacet
  facet normal -0.544672 0 -0.838649
    outer loop
      vertex 13.85 38.7 10.4722
      vertex 13.9992 39.9 10.3753
      vertex 13.9992 38.7 10.3753
    endloop
  endfacet
  facet normal -0.544672 0 -0.838649
    outer loop
      vertex 13.9992 39.9 10.3753
      vertex 13.85 38.7 10.4722
      vertex 13.85 39.9 10.4722
    endloop
  endfacet
  facet normal -0.707107 0 -0.707107
    outer loop
      vertex 14.2633 38.7 10.1375
      vertex 14.1375 39.9 10.2633
      vertex 14.2633 39.9 10.1375
    endloop
  endfacet
  facet normal -0.707107 -0 -0.707107
    outer loop
      vertex 14.1375 39.9 10.2633
      vertex 14.2633 38.7 10.1375
      vertex 14.1375 38.7 10.2633
    endloop
  endfacet
  facet normal -0.629344 0 -0.777127
    outer loop
      vertex 13.9992 38.7 10.3753
      vertex 14.1375 39.9 10.2633
      vertex 14.1375 38.7 10.2633
    endloop
  endfacet
  facet normal -0.629344 0 -0.777127
    outer loop
      vertex 14.1375 39.9 10.2633
      vertex 13.9992 38.7 10.3753
      vertex 13.9992 39.9 10.3753
    endloop
  endfacet
  facet normal 0.838699 0 -0.544595
    outer loop
      vertex 11.6247 38.7 9.99923
      vertex 11.5278 39.9 9.85
      vertex 11.6247 39.9 9.99923
    endloop
  endfacet
  facet normal 0.838699 0 -0.544595
    outer loop
      vertex 11.5278 39.9 9.85
      vertex 11.6247 38.7 9.99923
      vertex 11.5278 38.7 9.85
    endloop
  endfacet
  facet normal 0.15628 0 -0.987713
    outer loop
      vertex 12.6466 38.7 10.6629
      vertex 12.8223 39.9 10.6907
      vertex 12.8223 38.7 10.6907
    endloop
  endfacet
  facet normal 0.15628 0 -0.987713
    outer loop
      vertex 12.8223 39.9 10.6907
      vertex 12.6466 38.7 10.6629
      vertex 12.6466 39.9 10.6629
    endloop
  endfacet
  facet normal 0.0522639 0 -0.998633
    outer loop
      vertex 12.8223 38.7 10.6907
      vertex 13 39.9 10.7
      vertex 13 38.7 10.7
    endloop
  endfacet
  facet normal 0.0522639 0 -0.998633
    outer loop
      vertex 13 39.9 10.7
      vertex 12.8223 38.7 10.6907
      vertex 12.8223 39.9 10.6907
    endloop
  endfacet
  facet normal 0.358377 0 -0.933577
    outer loop
      vertex 12.3085 38.7 10.553
      vertex 12.4747 39.9 10.6168
      vertex 12.4747 38.7 10.6168
    endloop
  endfacet
  facet normal 0.358377 0 -0.933577
    outer loop
      vertex 12.4747 39.9 10.6168
      vertex 12.3085 38.7 10.553
      vertex 12.3085 39.9 10.553
    endloop
  endfacet
  facet normal -0.774235 -0.631599 0.0405199
    outer loop
      vertex 16.1679 36.9 8.99065
      vertex 14.7 38.7 9
      vertex 14.6907 38.7 8.8223
    endloop
  endfacet
  facet normal -0.774205 -0.631579 0.0414013
    outer loop
      vertex 14.7 38.7 9
      vertex 16.1679 36.9 8.99065
      vertex 16.1684 36.9 9
    endloop
  endfacet
  facet normal -0.774234 -0.631608 0.0404149
    outer loop
      vertex 16.1511 36.9 8.66881
      vertex 16.1679 36.9 8.99065
      vertex 14.6907 38.7 8.8223
    endloop
  endfacet
  facet normal 0.548203 -0.631622 -0.548203
    outer loop
      vertex 10.6454 36.9 11.1201
      vertex 11.8625 38.7 10.2633
      vertex 10.8799 36.9 11.3546
    endloop
  endfacet
  facet normal 0.548203 -0.631622 -0.548203
    outer loop
      vertex 11.8625 38.7 10.2633
      vertex 10.6454 36.9 11.1201
      vertex 11.7367 38.7 10.1375
    endloop
  endfacet
  facet normal -0.602564 -0.631619 -0.487825
    outer loop
      vertex 15.5574 36.9 10.8696
      vertex 15.3546 36.9 11.1201
      vertex 14.2633 38.7 10.1375
    endloop
  endfacet
  facet normal -0.487844 -0.63161 0.602559
    outer loop
      vertex 14.8696 36.9 6.44259
      vertex 15.1201 36.9 6.6454
      vertex 14.1375 38.7 7.73665
    endloop
  endfacet
  facet normal 0.548271 -0.631619 0.54814
    outer loop
      vertex 10.6454 36.9 6.87991
      vertex 11.8625 38.7 7.73665
      vertex 11.7367 38.7 7.86248
    endloop
  endfacet
  facet normal 0.548221 -0.631612 0.548197
    outer loop
      vertex 11.8625 38.7 7.73665
      vertex 10.6454 36.9 6.87991
      vertex 10.8799 36.9 6.6454
    endloop
  endfacet
  facet normal 0.774227 -0.631606 0.0405745
    outer loop
      vertex 9.83207 36.9 8.99065
      vertex 11.3 38.7 9
      vertex 9.83158 36.9 9
    endloop
  endfacet
  facet normal 0.774229 -0.631607 0.0405196
    outer loop
      vertex 11.3 38.7 9
      vertex 9.83207 36.9 8.99065
      vertex 11.3093 38.7 8.8223
    endloop
  endfacet
  facet normal -0.548271 -0.631619 0.54814
    outer loop
      vertex 14.1375 38.7 7.73665
      vertex 15.3546 36.9 6.87991
      vertex 14.2633 38.7 7.86248
    endloop
  endfacet
  facet normal -0.548221 -0.631612 0.548197
    outer loop
      vertex 15.3546 36.9 6.87991
      vertex 14.1375 38.7 7.73665
      vertex 15.1201 36.9 6.6454
    endloop
  endfacet
  facet normal -0.48787 -0.631607 0.60254
    outer loop
      vertex 13.9992 38.7 7.62467
      vertex 14.8696 36.9 6.44259
      vertex 14.1375 38.7 7.73665
    endloop
  endfacet
  facet normal -0.491452 -0.631498 0.599738
    outer loop
      vertex 14.8696 36.9 6.44259
      vertex 13.9992 38.7 7.62467
      vertex 14.8624 36.9 6.43669
    endloop
  endfacet
  facet normal -0.422223 -0.631618 0.650221
    outer loop
      vertex 14.5921 36.9 6.26117
      vertex 14.8624 36.9 6.43669
      vertex 13.9992 38.7 7.62467
    endloop
  endfacet
  facet normal -0.725042 -0.631958 0.273757
    outer loop
      vertex 16.0133 36.9 8.0209
      vertex 14.553 38.7 8.30855
      vertex 16.01 36.9 8.01216
    endloop
  endfacet
  facet normal -0.723759 -0.631591 0.277967
    outer loop
      vertex 14.553 38.7 8.30855
      vertex 16.0133 36.9 8.0209
      vertex 14.6168 38.7 8.47467
    endloop
  endfacet
  facet normal -0.690797 -0.631614 0.351942
    outer loop
      vertex 15.7482 36.9 7.42413
      vertex 15.8945 36.9 7.71129
      vertex 14.553 38.7 8.30855
    endloop
  endfacet
  facet normal 0.651232 -0.631781 -0.420416
    outer loop
      vertex 10.2561 36.9 10.5842
      vertex 11.6247 38.7 9.99923
      vertex 10.2612 36.9 10.5921
    endloop
  endfacet
  facet normal 0.650233 -0.631608 -0.422218
    outer loop
      vertex 11.6247 38.7 9.99923
      vertex 10.2561 36.9 10.5842
      vertex 11.5278 38.7 9.85
    endloop
  endfacet
  facet normal 0.277848 -0.631597 -0.7238
    outer loop
      vertex 12.0209 36.9 12.0133
      vertex 12.3085 38.7 10.553
      vertex 12.4747 38.7 10.6168
    endloop
  endfacet
  facet normal 0.274887 -0.631856 -0.724703
    outer loop
      vertex 12.3085 38.7 10.553
      vertex 12.0209 36.9 12.0133
      vertex 12.0122 36.9 12.01
    endloop
  endfacet
  facet normal 0.765684 -0.631603 -0.121682
    outer loop
      vertex 9.89935 36.9 9.6495
      vertex 11.3371 38.7 9.35345
      vertex 9.90082 36.9 9.65875
    endloop
  endfacet
  facet normal 0.765781 -0.63159 -0.121131
    outer loop
      vertex 11.3371 38.7 9.35345
      vertex 9.89935 36.9 9.6495
      vertex 11.3093 38.7 9.1777
    endloop
  endfacet
  facet normal 0.748884 -0.631593 -0.200657
    outer loop
      vertex 11.3371 38.7 9.35345
      vertex 9.98423 36.9 9.97005
      vertex 9.90082 36.9 9.65875
    endloop
  endfacet
  facet normal -0.420414 -0.631786 -0.651229
    outer loop
      vertex 14.5842 36.9 11.7439
      vertex 13.9992 38.7 10.3753
      vertex 14.5921 36.9 11.7388
    endloop
  endfacet
  facet normal -0.422279 -0.631606 -0.650196
    outer loop
      vertex 13.9992 38.7 10.3753
      vertex 14.5842 36.9 11.7439
      vertex 13.85 38.7 10.4722
    endloop
  endfacet
  facet normal -0.765712 -0.631607 -0.121481
    outer loop
      vertex 16.1511 36.9 9.33119
      vertex 16.1006 36.9 9.6495
      vertex 14.6907 38.7 9.1777
    endloop
  endfacet
  facet normal -0.11543 -0.631438 -0.766787
    outer loop
      vertex 13.6495 36.9 12.1006
      vertex 13.3534 38.7 10.6629
      vertex 13.6588 36.9 12.0992
    endloop
  endfacet
  facet normal -0.121166 -0.63158 -0.765784
    outer loop
      vertex 13.3534 38.7 10.6629
      vertex 13.6495 36.9 12.1006
      vertex 13.1777 38.7 10.6907
    endloop
  endfacet
  facet normal -0.200692 -0.631604 -0.748865
    outer loop
      vertex 13.97 36.9 12.0158
      vertex 13.6588 36.9 12.0992
      vertex 13.3534 38.7 10.6629
    endloop
  endfacet
  facet normal -0.774234 -0.631608 -0.0404149
    outer loop
      vertex 16.1679 36.9 9.00935
      vertex 16.1511 36.9 9.33119
      vertex 14.6907 38.7 9.1777
    endloop
  endfacet
  facet normal -0.774205 -0.631579 -0.0414013
    outer loop
      vertex 16.1679 36.9 9.00935
      vertex 14.7 38.7 9
      vertex 16.1684 36.9 9
    endloop
  endfacet
  facet normal -0.774235 -0.631599 -0.0405199
    outer loop
      vertex 14.7 38.7 9
      vertex 16.1679 36.9 9.00935
      vertex 14.6907 38.7 9.1777
    endloop
  endfacet
  facet normal -0.765712 -0.631607 0.121481
    outer loop
      vertex 16.1006 36.9 8.3505
      vertex 16.1511 36.9 8.66881
      vertex 14.6907 38.7 8.8223
    endloop
  endfacet
  facet normal 0.77423 -0.631602 0.0405831
    outer loop
      vertex 9.84894 36.9 8.66881
      vertex 11.3093 38.7 8.8223
      vertex 9.83207 36.9 8.99065
    endloop
  endfacet
  facet normal 0.121273 -0.631605 0.765747
    outer loop
      vertex 12.6688 36.9 5.84894
      vertex 12.8223 38.7 7.30931
      vertex 12.3505 36.9 5.89935
    endloop
  endfacet
  facet normal -0.040563 -0.631607 0.774227
    outer loop
      vertex 13 38.7 7.3
      vertex 13.0094 36.9 5.83207
      vertex 13.1777 38.7 7.30931
    endloop
  endfacet
  facet normal -0.040359 -0.631611 0.774234
    outer loop
      vertex 13.0094 36.9 5.83207
      vertex 13 38.7 7.3
      vertex 13 36.9 5.83158
    endloop
  endfacet
  facet normal -0.65014 -0.631593 0.422384
    outer loop
      vertex 15.7439 36.9 7.41579
      vertex 14.3753 38.7 8.00077
      vertex 15.7388 36.9 7.40794
    endloop
  endfacet
  facet normal -0.650232 -0.631609 0.422217
    outer loop
      vertex 14.3753 38.7 8.00077
      vertex 15.7439 36.9 7.41579
      vertex 14.4722 38.7 8.15
    endloop
  endfacet
  facet normal -0.766683 -0.631452 0.116039
    outer loop
      vertex 16.1006 36.9 8.3505
      vertex 14.6629 38.7 8.64655
      vertex 16.0992 36.9 8.34125
    endloop
  endfacet
  facet normal -0.765792 -0.631578 0.121132
    outer loop
      vertex 14.6629 38.7 8.64655
      vertex 16.1006 36.9 8.3505
      vertex 14.6907 38.7 8.8223
    endloop
  endfacet
  facet normal -0.748886 -0.631599 0.200633
    outer loop
      vertex 16.0158 36.9 8.02995
      vertex 16.0992 36.9 8.34125
      vertex 14.6629 38.7 8.64655
    endloop
  endfacet
  facet normal -0.723784 -0.631614 0.277851
    outer loop
      vertex 15.8945 36.9 7.71129
      vertex 16.01 36.9 8.01216
      vertex 14.553 38.7 8.30855
    endloop
  endfacet
  facet normal 0.602564 -0.631619 -0.487825
    outer loop
      vertex 11.7367 38.7 10.1375
      vertex 10.6454 36.9 11.1201
      vertex 10.4426 36.9 10.8696
    endloop
  endfacet
  facet normal 0.487825 -0.631619 -0.602564
    outer loop
      vertex 11.8625 38.7 10.2633
      vertex 11.1304 36.9 11.5574
      vertex 10.8799 36.9 11.3546
    endloop
  endfacet
  facet normal 0.277829 -0.631608 -0.723798
    outer loop
      vertex 12.3085 38.7 10.553
      vertex 12.0122 36.9 12.01
      vertex 11.7113 36.9 11.8945
    endloop
  endfacet
  facet normal 0.723675 -0.631581 -0.278209
    outer loop
      vertex 9.98665 36.9 9.9791
      vertex 11.447 38.7 9.69145
      vertex 9.99001 36.9 9.98784
    endloop
  endfacet
  facet normal 0.72375 -0.631603 -0.277963
    outer loop
      vertex 11.447 38.7 9.69145
      vertex 9.98665 36.9 9.9791
      vertex 11.3832 38.7 9.52533
    endloop
  endfacet
  facet normal 0.774229 -0.631607 -0.0405196
    outer loop
      vertex 9.83207 36.9 9.00935
      vertex 11.3 38.7 9
      vertex 11.3093 38.7 9.1777
    endloop
  endfacet
  facet normal 0.774227 -0.631606 -0.0405745
    outer loop
      vertex 11.3 38.7 9
      vertex 9.83207 36.9 9.00935
      vertex 9.83158 36.9 9
    endloop
  endfacet
  facet normal 0.77423 -0.631602 -0.0405831
    outer loop
      vertex 11.3093 38.7 9.1777
      vertex 9.84894 36.9 9.33119
      vertex 9.83207 36.9 9.00935
    endloop
  endfacet
  facet normal 0.76575 -0.631602 -0.12127
    outer loop
      vertex 11.3093 38.7 9.1777
      vertex 9.89935 36.9 9.6495
      vertex 9.84894 36.9 9.33119
    endloop
  endfacet
  facet normal -0.487825 -0.631619 -0.602564
    outer loop
      vertex 15.1201 36.9 11.3546
      vertex 14.8696 36.9 11.5574
      vertex 14.1375 38.7 10.2633
    endloop
  endfacet
  facet normal -0.548203 -0.631622 -0.548203
    outer loop
      vertex 14.1375 38.7 10.2633
      vertex 15.3546 36.9 11.1201
      vertex 15.1201 36.9 11.3546
    endloop
  endfacet
  facet normal -0.548203 -0.631622 -0.548203
    outer loop
      vertex 15.3546 36.9 11.1201
      vertex 14.1375 38.7 10.2633
      vertex 14.2633 38.7 10.1375
    endloop
  endfacet
  facet normal -0.690817 -0.631614 -0.351903
    outer loop
      vertex 15.8945 36.9 10.2887
      vertex 15.7482 36.9 10.5759
      vertex 14.553 38.7 9.69145
    endloop
  endfacet
  facet normal -0.274887 -0.631856 -0.724703
    outer loop
      vertex 13.9791 36.9 12.0133
      vertex 13.6915 38.7 10.553
      vertex 13.9878 36.9 12.01
    endloop
  endfacet
  facet normal -0.277848 -0.631597 -0.7238
    outer loop
      vertex 13.6915 38.7 10.553
      vertex 13.9791 36.9 12.0133
      vertex 13.5253 38.7 10.6168
    endloop
  endfacet
  facet normal -0.0411815 -0.631585 -0.774212
    outer loop
      vertex 13 38.7 10.7
      vertex 13.0094 36.9 12.1679
      vertex 13 36.9 12.1684
    endloop
  endfacet
  facet normal -0.0405199 -0.6316 -0.774235
    outer loop
      vertex 13.0094 36.9 12.1679
      vertex 13 38.7 10.7
      vertex 13.1777 38.7 10.6907
    endloop
  endfacet
  facet normal -0.0404199 -0.631608 -0.774233
    outer loop
      vertex 13.1777 38.7 10.6907
      vertex 13.3312 36.9 12.1511
      vertex 13.0094 36.9 12.1679
    endloop
  endfacet
  facet normal -0.121484 -0.631607 -0.765711
    outer loop
      vertex 13.6495 36.9 12.1006
      vertex 13.3312 36.9 12.1511
      vertex 13.1777 38.7 10.6907
    endloop
  endfacet
  facet normal -0.765792 -0.631578 -0.121132
    outer loop
      vertex 16.1006 36.9 9.6495
      vertex 14.6629 38.7 9.35345
      vertex 14.6907 38.7 9.1777
    endloop
  endfacet
  facet normal -0.766683 -0.631452 -0.116039
    outer loop
      vertex 14.6629 38.7 9.35345
      vertex 16.1006 36.9 9.6495
      vertex 16.0992 36.9 9.65875
    endloop
  endfacet
  facet normal 0.602528 -0.631616 0.487873
    outer loop
      vertex 10.6454 36.9 6.87991
      vertex 11.7367 38.7 7.86248
      vertex 10.4426 36.9 7.13037
    endloop
  endfacet
  facet normal 0.351946 -0.6316 0.690808
    outer loop
      vertex 11.7113 36.9 6.1055
      vertex 12.3085 38.7 7.44697
      vertex 11.4241 36.9 6.25182
    endloop
  endfacet
  facet normal 0.121332 -0.63161 0.765733
    outer loop
      vertex 12.6466 38.7 7.33715
      vertex 12.3505 36.9 5.89935
      vertex 12.8223 38.7 7.30931
    endloop
  endfacet
  facet normal 0.121043 -0.631603 0.765784
    outer loop
      vertex 12.3505 36.9 5.89935
      vertex 12.6466 38.7 7.33715
      vertex 12.3412 36.9 5.90082
    endloop
  endfacet
  facet normal 0.200713 -0.631611 0.748854
    outer loop
      vertex 12.3412 36.9 5.90082
      vertex 12.6466 38.7 7.33715
      vertex 12.03 36.9 5.98423
    endloop
  endfacet
  facet normal 0.200618 -0.631602 0.748886
    outer loop
      vertex 12.4747 38.7 7.3832
      vertex 12.03 36.9 5.98423
      vertex 12.6466 38.7 7.33715
    endloop
  endfacet
  facet normal 0.199258 -0.63157 0.749277
    outer loop
      vertex 12.03 36.9 5.98423
      vertex 12.4747 38.7 7.3832
      vertex 12.0209 36.9 5.98665
    endloop
  endfacet
  facet normal 0.040588 -0.631605 0.774227
    outer loop
      vertex 12.9906 36.9 5.83207
      vertex 12.8223 38.7 7.30931
      vertex 12.6688 36.9 5.84894
    endloop
  endfacet
  facet normal -0.27781 -0.6316 0.723812
    outer loop
      vertex 13.9878 36.9 5.99001
      vertex 14.2887 36.9 6.1055
      vertex 13.6915 38.7 7.44697
    endloop
  endfacet
  facet normal -0.200713 -0.631611 0.748854
    outer loop
      vertex 13.6588 36.9 5.90082
      vertex 13.97 36.9 5.98423
      vertex 13.3534 38.7 7.33715
    endloop
  endfacet
  facet normal -0.040588 -0.631605 0.774227
    outer loop
      vertex 13.3312 36.9 5.84894
      vertex 13.1777 38.7 7.30931
      vertex 13.0094 36.9 5.83207
    endloop
  endfacet
  facet normal 0.040359 -0.631611 0.774234
    outer loop
      vertex 13 38.7 7.3
      vertex 12.9906 36.9 5.83207
      vertex 13 36.9 5.83158
    endloop
  endfacet
  facet normal 0.040563 -0.631607 0.774227
    outer loop
      vertex 12.9906 36.9 5.83207
      vertex 13 38.7 7.3
      vertex 12.8223 38.7 7.30931
    endloop
  endfacet
  facet normal -0.602479 -0.631609 0.487943
    outer loop
      vertex 15.5574 36.9 7.13037
      vertex 14.3753 38.7 8.00077
      vertex 14.2633 38.7 7.86248
    endloop
  endfacet
  facet normal -0.602322 -0.631603 0.488145
    outer loop
      vertex 14.3753 38.7 8.00077
      vertex 15.5574 36.9 7.13037
      vertex 15.5633 36.9 7.13765
    endloop
  endfacet
  facet normal -0.650241 -0.63161 0.422203
    outer loop
      vertex 15.5633 36.9 7.13765
      vertex 15.7388 36.9 7.40794
      vertex 14.3753 38.7 8.00077
    endloop
  endfacet
  facet normal -0.602528 -0.631616 0.487873
    outer loop
      vertex 15.3546 36.9 6.87991
      vertex 15.5574 36.9 7.13037
      vertex 14.2633 38.7 7.86248
    endloop
  endfacet
  facet normal -0.689023 -0.6317 0.355251
    outer loop
      vertex 15.7482 36.9 7.42413
      vertex 14.4722 38.7 8.15
      vertex 15.7439 36.9 7.41579
    endloop
  endfacet
  facet normal -0.690751 -0.631621 0.352019
    outer loop
      vertex 14.4722 38.7 8.15
      vertex 15.7482 36.9 7.42413
      vertex 14.553 38.7 8.30855
    endloop
  endfacet
  facet normal -0.747198 -0.631736 0.206408
    outer loop
      vertex 16.0158 36.9 8.02995
      vertex 14.6168 38.7 8.47467
      vertex 16.0133 36.9 8.0209
    endloop
  endfacet
  facet normal -0.748815 -0.631617 0.20084
    outer loop
      vertex 14.6168 38.7 8.47467
      vertex 16.0158 36.9 8.02995
      vertex 14.6629 38.7 8.64655
    endloop
  endfacet
  facet normal 0.0404199 -0.631608 -0.774233
    outer loop
      vertex 12.8223 38.7 10.6907
      vertex 12.9906 36.9 12.1679
      vertex 12.6688 36.9 12.1511
    endloop
  endfacet
  facet normal 0.200819 -0.631615 -0.748822
    outer loop
      vertex 12.03 36.9 12.0158
      vertex 12.4747 38.7 10.6168
      vertex 12.6466 38.7 10.6629
    endloop
  endfacet
  facet normal 0.205359 -0.631714 -0.747506
    outer loop
      vertex 12.4747 38.7 10.6168
      vertex 12.03 36.9 12.0158
      vertex 12.0209 36.9 12.0133
    endloop
  endfacet
  facet normal 0.121484 -0.631607 -0.765711
    outer loop
      vertex 12.8223 38.7 10.6907
      vertex 12.6688 36.9 12.1511
      vertex 12.3505 36.9 12.1006
    endloop
  endfacet
  facet normal 0.690817 -0.631614 -0.351903
    outer loop
      vertex 11.447 38.7 9.69145
      vertex 10.2518 36.9 10.5759
      vertex 10.1055 36.9 10.2887
    endloop
  endfacet
  facet normal 0.72379 -0.631613 -0.277838
    outer loop
      vertex 11.447 38.7 9.69145
      vertex 10.1055 36.9 10.2887
      vertex 9.99001 36.9 9.98784
    endloop
  endfacet
  facet normal 0.650243 -0.631617 -0.422189
    outer loop
      vertex 11.6247 38.7 9.99923
      vertex 10.4367 36.9 10.8624
      vertex 10.2612 36.9 10.5921
    endloop
  endfacet
  facet normal 0.599738 -0.631498 -0.491452
    outer loop
      vertex 11.6247 38.7 9.99923
      vertex 10.4426 36.9 10.8696
      vertex 10.4367 36.9 10.8624
    endloop
  endfacet
  facet normal 0.602449 -0.631603 -0.487989
    outer loop
      vertex 10.4426 36.9 10.8696
      vertex 11.6247 38.7 9.99923
      vertex 11.7367 38.7 10.1375
    endloop
  endfacet
  facet normal 0.748982 -0.631596 -0.20028
    outer loop
      vertex 9.98423 36.9 9.97005
      vertex 11.3832 38.7 9.52533
      vertex 9.98665 36.9 9.9791
    endloop
  endfacet
  facet normal 0.748821 -0.631609 -0.200842
    outer loop
      vertex 11.3832 38.7 9.52533
      vertex 9.98423 36.9 9.97005
      vertex 11.3371 38.7 9.35345
    endloop
  endfacet
  facet normal -0.650243 -0.631617 -0.422189
    outer loop
      vertex 15.7388 36.9 10.5921
      vertex 15.5633 36.9 10.8624
      vertex 14.3753 38.7 9.99923
    endloop
  endfacet
  facet normal -0.690748 -0.631625 -0.352018
    outer loop
      vertex 15.7482 36.9 10.5759
      vertex 14.4722 38.7 9.85
      vertex 14.553 38.7 9.69145
    endloop
  endfacet
  facet normal -0.6883 -0.631733 -0.356589
    outer loop
      vertex 14.4722 38.7 9.85
      vertex 15.7482 36.9 10.5759
      vertex 15.7439 36.9 10.5842
    endloop
  endfacet
  facet normal -0.650233 -0.631608 -0.422218
    outer loop
      vertex 15.7439 36.9 10.5842
      vertex 14.3753 38.7 9.99923
      vertex 14.4722 38.7 9.85
    endloop
  endfacet
  facet normal -0.651232 -0.631781 -0.420416
    outer loop
      vertex 14.3753 38.7 9.99923
      vertex 15.7439 36.9 10.5842
      vertex 15.7388 36.9 10.5921
    endloop
  endfacet
  facet normal -0.723781 -0.631613 -0.277859
    outer loop
      vertex 16.01 36.9 9.98784
      vertex 15.8945 36.9 10.2887
      vertex 14.553 38.7 9.69145
    endloop
  endfacet
  facet normal -0.723759 -0.631591 -0.277967
    outer loop
      vertex 16.0133 36.9 9.9791
      vertex 14.553 38.7 9.69145
      vertex 14.6168 38.7 9.52533
    endloop
  endfacet
  facet normal -0.725042 -0.631958 -0.273757
    outer loop
      vertex 14.553 38.7 9.69145
      vertex 16.0133 36.9 9.9791
      vertex 16.01 36.9 9.98784
    endloop
  endfacet
  facet normal -0.351905 -0.631608 -0.690821
    outer loop
      vertex 14.5759 36.9 11.7482
      vertex 14.2887 36.9 11.8945
      vertex 13.6915 38.7 10.553
    endloop
  endfacet
  facet normal -0.277829 -0.631608 -0.723798
    outer loop
      vertex 14.2887 36.9 11.8945
      vertex 13.9878 36.9 12.01
      vertex 13.6915 38.7 10.553
    endloop
  endfacet
  facet normal -0.422187 -0.631621 -0.650241
    outer loop
      vertex 14.8624 36.9 11.5633
      vertex 14.5921 36.9 11.7388
      vertex 13.9992 38.7 10.3753
    endloop
  endfacet
  facet normal -0.49145 -0.631502 -0.599735
    outer loop
      vertex 13.9992 38.7 10.3753
      vertex 14.8696 36.9 11.5574
      vertex 14.8624 36.9 11.5633
    endloop
  endfacet
  facet normal -0.487922 -0.63161 -0.602496
    outer loop
      vertex 14.8696 36.9 11.5574
      vertex 13.9992 38.7 10.3753
      vertex 14.1375 38.7 10.2633
    endloop
  endfacet
  facet normal -0.205359 -0.631714 -0.747506
    outer loop
      vertex 13.97 36.9 12.0158
      vertex 13.5253 38.7 10.6168
      vertex 13.9791 36.9 12.0133
    endloop
  endfacet
  facet normal -0.200819 -0.631615 -0.748822
    outer loop
      vertex 13.5253 38.7 10.6168
      vertex 13.97 36.9 12.0158
      vertex 13.3534 38.7 10.6629
    endloop
  endfacet
  facet normal -0.748815 -0.631617 -0.20084
    outer loop
      vertex 16.0158 36.9 9.97005
      vertex 14.6168 38.7 9.52533
      vertex 14.6629 38.7 9.35345
    endloop
  endfacet
  facet normal -0.747198 -0.631736 -0.206408
    outer loop
      vertex 14.6168 38.7 9.52533
      vertex 16.0158 36.9 9.97005
      vertex 16.0133 36.9 9.9791
    endloop
  endfacet
  facet normal -0.748886 -0.631599 -0.200633
    outer loop
      vertex 16.0992 36.9 9.65875
      vertex 16.0158 36.9 9.97005
      vertex 14.6629 38.7 9.35345
    endloop
  endfacet
  facet normal 0.76575 -0.631602 0.12127
    outer loop
      vertex 9.89935 36.9 8.3505
      vertex 11.3093 38.7 8.8223
      vertex 9.84894 36.9 8.66881
    endloop
  endfacet
  facet normal 0.765781 -0.63159 0.121131
    outer loop
      vertex 9.89935 36.9 8.3505
      vertex 11.3371 38.7 8.64655
      vertex 11.3093 38.7 8.8223
    endloop
  endfacet
  facet normal 0.765684 -0.631603 0.121682
    outer loop
      vertex 11.3371 38.7 8.64655
      vertex 9.89935 36.9 8.3505
      vertex 9.90082 36.9 8.34125
    endloop
  endfacet
  facet normal 0.602322 -0.631603 0.488145
    outer loop
      vertex 10.4426 36.9 7.13037
      vertex 11.6247 38.7 8.00077
      vertex 10.4367 36.9 7.13765
    endloop
  endfacet
  facet normal 0.602479 -0.631609 0.487943
    outer loop
      vertex 11.6247 38.7 8.00077
      vertex 10.4426 36.9 7.13037
      vertex 11.7367 38.7 7.86248
    endloop
  endfacet
  facet normal 0.690797 -0.631614 0.351942
    outer loop
      vertex 10.2518 36.9 7.42413
      vertex 11.447 38.7 8.30855
      vertex 10.1055 36.9 7.71129
    endloop
  endfacet
  facet normal 0.487844 -0.63161 0.602559
    outer loop
      vertex 11.1304 36.9 6.44259
      vertex 11.8625 38.7 7.73665
      vertex 10.8799 36.9 6.6454
    endloop
  endfacet
  facet normal 0.27773 -0.631612 0.723832
    outer loop
      vertex 12.3085 38.7 7.44697
      vertex 12.0209 36.9 5.98665
      vertex 12.4747 38.7 7.3832
    endloop
  endfacet
  facet normal 0.279356 -0.631467 0.723333
    outer loop
      vertex 12.0209 36.9 5.98665
      vertex 12.3085 38.7 7.44697
      vertex 12.0122 36.9 5.99001
    endloop
  endfacet
  facet normal 0.27781 -0.6316 0.723812
    outer loop
      vertex 12.0122 36.9 5.99001
      vertex 12.3085 38.7 7.44697
      vertex 11.7113 36.9 6.1055
    endloop
  endfacet
  facet normal 0.422311 -0.631603 0.650178
    outer loop
      vertex 12.0008 38.7 7.62467
      vertex 11.4158 36.9 6.25607
      vertex 12.15 38.7 7.52776
    endloop
  endfacet
  facet normal 0.420414 -0.631786 0.651229
    outer loop
      vertex 11.4158 36.9 6.25607
      vertex 12.0008 38.7 7.62467
      vertex 11.4079 36.9 6.26117
    endloop
  endfacet
  facet normal 0.352076 -0.631612 0.69073
    outer loop
      vertex 12.15 38.7 7.52776
      vertex 11.4241 36.9 6.25182
      vertex 12.3085 38.7 7.44697
    endloop
  endfacet
  facet normal 0.353341 -0.631644 0.690055
    outer loop
      vertex 11.4241 36.9 6.25182
      vertex 12.15 38.7 7.52776
      vertex 11.4158 36.9 6.25607
    endloop
  endfacet
  facet normal -0.420414 -0.631786 0.651229
    outer loop
      vertex 13.9992 38.7 7.62467
      vertex 14.5842 36.9 6.25607
      vertex 14.5921 36.9 6.26117
    endloop
  endfacet
  facet normal -0.422311 -0.631603 0.650178
    outer loop
      vertex 14.5842 36.9 6.25607
      vertex 13.9992 38.7 7.62467
      vertex 13.85 38.7 7.52776
    endloop
  endfacet
  facet normal -0.351946 -0.6316 0.690808
    outer loop
      vertex 14.2887 36.9 6.1055
      vertex 14.5759 36.9 6.25182
      vertex 13.6915 38.7 7.44697
    endloop
  endfacet
  facet normal 0.49145 -0.631502 -0.599735
    outer loop
      vertex 11.1304 36.9 11.5574
      vertex 12.0008 38.7 10.3753
      vertex 11.1376 36.9 11.5633
    endloop
  endfacet
  facet normal 0.487922 -0.63161 -0.602496
    outer loop
      vertex 12.0008 38.7 10.3753
      vertex 11.1304 36.9 11.5574
      vertex 11.8625 38.7 10.2633
    endloop
  endfacet
  facet normal 0.422187 -0.631621 -0.650241
    outer loop
      vertex 12.0008 38.7 10.3753
      vertex 11.4079 36.9 11.7388
      vertex 11.1376 36.9 11.5633
    endloop
  endfacet
  facet normal 0.351905 -0.631608 -0.690821
    outer loop
      vertex 12.3085 38.7 10.553
      vertex 11.7113 36.9 11.8945
      vertex 11.4241 36.9 11.7482
    endloop
  endfacet
  facet normal 0.0411815 -0.631585 -0.774212
    outer loop
      vertex 12.9906 36.9 12.1679
      vertex 13 38.7 10.7
      vertex 13 36.9 12.1684
    endloop
  endfacet
  facet normal 0.0405199 -0.6316 -0.774235
    outer loop
      vertex 13 38.7 10.7
      vertex 12.9906 36.9 12.1679
      vertex 12.8223 38.7 10.6907
    endloop
  endfacet
  facet normal 0.6883 -0.631733 -0.356589
    outer loop
      vertex 10.2518 36.9 10.5759
      vertex 11.5278 38.7 9.85
      vertex 10.2561 36.9 10.5842
    endloop
  endfacet
  facet normal 0.690748 -0.631625 -0.352018
    outer loop
      vertex 11.5278 38.7 9.85
      vertex 10.2518 36.9 10.5759
      vertex 11.447 38.7 9.69145
    endloop
  endfacet
  facet normal -0.602449 -0.631603 -0.487989
    outer loop
      vertex 14.3753 38.7 9.99923
      vertex 15.5574 36.9 10.8696
      vertex 14.2633 38.7 10.1375
    endloop
  endfacet
  facet normal -0.599738 -0.631498 -0.491452
    outer loop
      vertex 15.5574 36.9 10.8696
      vertex 14.3753 38.7 9.99923
      vertex 15.5633 36.9 10.8624
    endloop
  endfacet
  facet normal -0.356589 -0.631733 -0.6883
    outer loop
      vertex 14.5759 36.9 11.7482
      vertex 13.85 38.7 10.4722
      vertex 14.5842 36.9 11.7439
    endloop
  endfacet
  facet normal -0.352105 -0.631627 -0.690702
    outer loop
      vertex 13.85 38.7 10.4722
      vertex 14.5759 36.9 11.7482
      vertex 13.6915 38.7 10.553
    endloop
  endfacet
  facet normal 0.72375 -0.631603 0.277963
    outer loop
      vertex 9.98665 36.9 8.0209
      vertex 11.447 38.7 8.30855
      vertex 11.3832 38.7 8.47467
    endloop
  endfacet
  facet normal 0.723675 -0.631581 0.278209
    outer loop
      vertex 11.447 38.7 8.30855
      vertex 9.98665 36.9 8.0209
      vertex 9.99001 36.9 8.01216
    endloop
  endfacet
  facet normal 0.748884 -0.631593 0.200657
    outer loop
      vertex 9.98423 36.9 8.02995
      vertex 11.3371 38.7 8.64655
      vertex 9.90082 36.9 8.34125
    endloop
  endfacet
  facet normal 0.650241 -0.63161 0.422203
    outer loop
      vertex 10.4367 36.9 7.13765
      vertex 11.6247 38.7 8.00077
      vertex 10.2612 36.9 7.40794
    endloop
  endfacet
  facet normal 0.723792 -0.631613 0.27783
    outer loop
      vertex 10.1055 36.9 7.71129
      vertex 11.447 38.7 8.30855
      vertex 9.99001 36.9 8.01216
    endloop
  endfacet
  facet normal 0.422223 -0.631618 0.650221
    outer loop
      vertex 11.4079 36.9 6.26117
      vertex 12.0008 38.7 7.62467
      vertex 11.1376 36.9 6.43669
    endloop
  endfacet
  facet normal 0.48787 -0.631607 0.60254
    outer loop
      vertex 11.1304 36.9 6.44259
      vertex 12.0008 38.7 7.62467
      vertex 11.8625 38.7 7.73665
    endloop
  endfacet
  facet normal 0.491452 -0.631498 0.599738
    outer loop
      vertex 12.0008 38.7 7.62467
      vertex 11.1304 36.9 6.44259
      vertex 11.1376 36.9 6.43669
    endloop
  endfacet
  facet normal -0.353341 -0.631644 0.690055
    outer loop
      vertex 13.85 38.7 7.52776
      vertex 14.5759 36.9 6.25182
      vertex 14.5842 36.9 6.25607
    endloop
  endfacet
  facet normal -0.352076 -0.631612 0.69073
    outer loop
      vertex 14.5759 36.9 6.25182
      vertex 13.85 38.7 7.52776
      vertex 13.6915 38.7 7.44697
    endloop
  endfacet
  facet normal -0.121273 -0.631605 0.765747
    outer loop
      vertex 13.3312 36.9 5.84894
      vertex 13.6495 36.9 5.89935
      vertex 13.1777 38.7 7.30931
    endloop
  endfacet
  facet normal -0.121043 -0.631603 0.765784
    outer loop
      vertex 13.3534 38.7 7.33715
      vertex 13.6495 36.9 5.89935
      vertex 13.6588 36.9 5.90082
    endloop
  endfacet
  facet normal -0.121332 -0.63161 0.765733
    outer loop
      vertex 13.6495 36.9 5.89935
      vertex 13.3534 38.7 7.33715
      vertex 13.1777 38.7 7.30931
    endloop
  endfacet
  facet normal -0.279356 -0.631467 0.723333
    outer loop
      vertex 13.6915 38.7 7.44697
      vertex 13.9791 36.9 5.98665
      vertex 13.9878 36.9 5.99001
    endloop
  endfacet
  facet normal -0.27773 -0.631612 0.723832
    outer loop
      vertex 13.9791 36.9 5.98665
      vertex 13.6915 38.7 7.44697
      vertex 13.5253 38.7 7.3832
    endloop
  endfacet
  facet normal -0.199258 -0.63157 0.749277
    outer loop
      vertex 13.5253 38.7 7.3832
      vertex 13.97 36.9 5.98423
      vertex 13.9791 36.9 5.98665
    endloop
  endfacet
  facet normal -0.200618 -0.631602 0.748886
    outer loop
      vertex 13.97 36.9 5.98423
      vertex 13.5253 38.7 7.3832
      vertex 13.3534 38.7 7.33715
    endloop
  endfacet
  facet normal 0.422279 -0.631606 -0.650196
    outer loop
      vertex 11.4158 36.9 11.7439
      vertex 12.0008 38.7 10.3753
      vertex 12.15 38.7 10.4722
    endloop
  endfacet
  facet normal 0.420414 -0.631786 -0.651229
    outer loop
      vertex 12.0008 38.7 10.3753
      vertex 11.4158 36.9 11.7439
      vertex 11.4079 36.9 11.7388
    endloop
  endfacet
  facet normal 0.200692 -0.631604 -0.748865
    outer loop
      vertex 12.6466 38.7 10.6629
      vertex 12.3412 36.9 12.0992
      vertex 12.03 36.9 12.0158
    endloop
  endfacet
  facet normal 0.352105 -0.631627 -0.690702
    outer loop
      vertex 11.4241 36.9 11.7482
      vertex 12.15 38.7 10.4722
      vertex 12.3085 38.7 10.553
    endloop
  endfacet
  facet normal 0.356589 -0.631733 -0.6883
    outer loop
      vertex 12.15 38.7 10.4722
      vertex 11.4241 36.9 11.7482
      vertex 11.4158 36.9 11.7439
    endloop
  endfacet
  facet normal 0.121166 -0.63158 -0.765784
    outer loop
      vertex 12.3505 36.9 12.1006
      vertex 12.6466 38.7 10.6629
      vertex 12.8223 38.7 10.6907
    endloop
  endfacet
  facet normal 0.11543 -0.631438 -0.766787
    outer loop
      vertex 12.6466 38.7 10.6629
      vertex 12.3505 36.9 12.1006
      vertex 12.3412 36.9 12.0992
    endloop
  endfacet
  facet normal 0.748821 -0.631609 0.200842
    outer loop
      vertex 9.98423 36.9 8.02995
      vertex 11.3832 38.7 8.47467
      vertex 11.3371 38.7 8.64655
    endloop
  endfacet
  facet normal 0.748982 -0.631596 0.20028
    outer loop
      vertex 11.3832 38.7 8.47467
      vertex 9.98423 36.9 8.02995
      vertex 9.98665 36.9 8.0209
    endloop
  endfacet
  facet normal 0.650232 -0.631609 0.422217
    outer loop
      vertex 10.2561 36.9 7.41579
      vertex 11.6247 38.7 8.00077
      vertex 11.5278 38.7 8.15
    endloop
  endfacet
  facet normal 0.65014 -0.631593 0.422384
    outer loop
      vertex 11.6247 38.7 8.00077
      vertex 10.2561 36.9 7.41579
      vertex 10.2612 36.9 7.40794
    endloop
  endfacet
  facet normal 0.690751 -0.631621 0.352019
    outer loop
      vertex 10.2518 36.9 7.42413
      vertex 11.5278 38.7 8.15
      vertex 11.447 38.7 8.30855
    endloop
  endfacet
  facet normal 0.689023 -0.6317 0.355251
    outer loop
      vertex 11.5278 38.7 8.15
      vertex 10.2518 36.9 7.42413
      vertex 10.2561 36.9 7.41579
    endloop
  endfacet
  facet normal -0.890973 0 0.454056
    outer loop
      vertex 26.4722 38.7 8.15
      vertex 26.553 39.9 8.30855
      vertex 26.4722 39.9 8.15
    endloop
  endfacet
  facet normal -0.890973 0 0.454056
    outer loop
      vertex 26.553 39.9 8.30855
      vertex 26.4722 38.7 8.15
      vertex 26.553 38.7 8.30855
    endloop
  endfacet
  facet normal -0.35823 0 0.933633
    outer loop
      vertex 25.5253 39.9 7.3832
      vertex 25.6915 38.7 7.44697
      vertex 25.6915 39.9 7.44697
    endloop
  endfacet
  facet normal -0.35823 0 0.933633
    outer loop
      vertex 25.6915 38.7 7.44697
      vertex 25.5253 39.9 7.3832
      vertex 25.5253 38.7 7.3832
    endloop
  endfacet
  facet normal 0.35823 0 0.933633
    outer loop
      vertex 24.3085 39.9 7.44697
      vertex 24.4747 38.7 7.3832
      vertex 24.4747 39.9 7.3832
    endloop
  endfacet
  facet normal 0.35823 0 0.933633
    outer loop
      vertex 24.4747 38.7 7.3832
      vertex 24.3085 39.9 7.44697
      vertex 24.3085 38.7 7.44697
    endloop
  endfacet
  facet normal 0.890973 -0 0.454056
    outer loop
      vertex 23.447 38.7 8.30855
      vertex 23.5278 39.9 8.15
      vertex 23.447 39.9 8.30855
    endloop
  endfacet
  facet normal 0.890973 0 0.454056
    outer loop
      vertex 23.5278 39.9 8.15
      vertex 23.447 38.7 8.30855
      vertex 23.5278 38.7 8.15
    endloop
  endfacet
  facet normal -0.998633 0 -0.0522639
    outer loop
      vertex 26.7 38.7 9
      vertex 26.6907 39.9 9.1777
      vertex 26.7 39.9 9
    endloop
  endfacet
  facet normal -0.998633 -0 -0.0522639
    outer loop
      vertex 26.6907 39.9 9.1777
      vertex 26.7 38.7 9
      vertex 26.6907 38.7 9.1777
    endloop
  endfacet
  facet normal -0.358377 0 -0.933577
    outer loop
      vertex 25.5253 38.7 10.6168
      vertex 25.6915 39.9 10.553
      vertex 25.6915 38.7 10.553
    endloop
  endfacet
  facet normal -0.358377 0 -0.933577
    outer loop
      vertex 25.6915 39.9 10.553
      vertex 25.5253 38.7 10.6168
      vertex 25.5253 39.9 10.6168
    endloop
  endfacet
  facet normal -0.156413 0 0.987692
    outer loop
      vertex 25.1777 39.9 7.30931
      vertex 25.3535 38.7 7.33715
      vertex 25.3535 39.9 7.33715
    endloop
  endfacet
  facet normal -0.156413 0 0.987692
    outer loop
      vertex 25.3535 38.7 7.33715
      vertex 25.1777 39.9 7.30931
      vertex 25.1777 38.7 7.30931
    endloop
  endfacet
  facet normal 0.777105 -0 0.629371
    outer loop
      vertex 23.6247 38.7 8.00077
      vertex 23.7367 39.9 7.86248
      vertex 23.6247 39.9 8.00077
    endloop
  endfacet
  facet normal 0.777105 0 0.629371
    outer loop
      vertex 23.7367 39.9 7.86248
      vertex 23.6247 38.7 8.00077
      vertex 23.7367 38.7 7.86248
    endloop
  endfacet
  facet normal 0.156413 0 0.987692
    outer loop
      vertex 24.6465 39.9 7.33715
      vertex 24.8223 38.7 7.30931
      vertex 24.8223 39.9 7.30931
    endloop
  endfacet
  facet normal 0.156413 0 0.987692
    outer loop
      vertex 24.8223 38.7 7.30931
      vertex 24.6465 39.9 7.33715
      vertex 24.6465 38.7 7.33715
    endloop
  endfacet
  facet normal 0.629276 0 0.777182
    outer loop
      vertex 23.8625 39.9 7.73665
      vertex 24.0008 38.7 7.62467
      vertex 24.0008 39.9 7.62467
    endloop
  endfacet
  facet normal 0.629276 0 0.777182
    outer loop
      vertex 24.0008 38.7 7.62467
      vertex 23.8625 39.9 7.73665
      vertex 23.8625 38.7 7.73665
    endloop
  endfacet
  facet normal -0.933519 0 -0.358527
    outer loop
      vertex 26.6168 38.7 9.52533
      vertex 26.553 39.9 9.69145
      vertex 26.6168 39.9 9.52533
    endloop
  endfacet
  facet normal -0.933519 -0 -0.358527
    outer loop
      vertex 26.553 39.9 9.69145
      vertex 26.6168 38.7 9.52533
      vertex 26.553 38.7 9.69145
    endloop
  endfacet
  facet normal 0.259167 0 -0.965833
    outer loop
      vertex 24.4747 38.7 10.6168
      vertex 24.6465 39.9 10.6629
      vertex 24.6465 38.7 10.6629
    endloop
  endfacet
  facet normal 0.259167 0 -0.965833
    outer loop
      vertex 24.6465 39.9 10.6629
      vertex 24.4747 38.7 10.6168
      vertex 24.4747 39.9 10.6168
    endloop
  endfacet
  facet normal -0.259167 0 -0.965833
    outer loop
      vertex 25.3535 38.7 10.6629
      vertex 25.5253 39.9 10.6168
      vertex 25.5253 38.7 10.6168
    endloop
  endfacet
  facet normal -0.259167 0 -0.965833
    outer loop
      vertex 25.5253 39.9 10.6168
      vertex 25.3535 38.7 10.6629
      vertex 25.3535 39.9 10.6629
    endloop
  endfacet
  facet normal -0.838699 0 0.544595
    outer loop
      vertex 26.3753 38.7 8.00077
      vertex 26.4722 39.9 8.15
      vertex 26.3753 39.9 8.00077
    endloop
  endfacet
  facet normal -0.838699 0 0.544595
    outer loop
      vertex 26.4722 39.9 8.15
      vertex 26.3753 38.7 8.00077
      vertex 26.4722 38.7 8.15
    endloop
  endfacet
  facet normal -0.707191 0 0.707022
    outer loop
      vertex 26.1375 38.7 7.73665
      vertex 26.2633 39.9 7.86248
      vertex 26.1375 39.9 7.73665
    endloop
  endfacet
  facet normal -0.707191 0 0.707022
    outer loop
      vertex 26.2633 39.9 7.86248
      vertex 26.1375 38.7 7.73665
      vertex 26.2633 38.7 7.86248
    endloop
  endfacet
  facet normal 0.0523199 0 0.99863
    outer loop
      vertex 24.8223 39.9 7.30931
      vertex 25 38.7 7.3
      vertex 25 39.9 7.3
    endloop
  endfacet
  facet normal 0.0523199 0 0.99863
    outer loop
      vertex 25 38.7 7.3
      vertex 24.8223 39.9 7.30931
      vertex 24.8223 38.7 7.30931
    endloop
  endfacet
  facet normal -0.0523199 0 0.99863
    outer loop
      vertex 25 39.9 7.3
      vertex 25.1777 38.7 7.30931
      vertex 25.1777 39.9 7.30931
    endloop
  endfacet
  facet normal -0.0523199 0 0.99863
    outer loop
      vertex 25.1777 38.7 7.30931
      vertex 25 39.9 7.3
      vertex 25 38.7 7.3
    endloop
  endfacet
  facet normal -0.629276 0 0.777182
    outer loop
      vertex 25.9992 39.9 7.62467
      vertex 26.1375 38.7 7.73665
      vertex 26.1375 39.9 7.73665
    endloop
  endfacet
  facet normal -0.629276 0 0.777182
    outer loop
      vertex 26.1375 38.7 7.73665
      vertex 25.9992 39.9 7.62467
      vertex 25.9992 38.7 7.62467
    endloop
  endfacet
  facet normal -0.454125 0 0.890938
    outer loop
      vertex 25.6915 39.9 7.44697
      vertex 25.85 38.7 7.52776
      vertex 25.85 39.9 7.52776
    endloop
  endfacet
  facet normal -0.454125 0 0.890938
    outer loop
      vertex 25.85 38.7 7.52776
      vertex 25.6915 39.9 7.44697
      vertex 25.6915 38.7 7.44697
    endloop
  endfacet
  facet normal -0.544712 0 0.838623
    outer loop
      vertex 25.85 39.9 7.52776
      vertex 25.9992 38.7 7.62467
      vertex 25.9992 39.9 7.62467
    endloop
  endfacet
  facet normal -0.544712 0 0.838623
    outer loop
      vertex 25.9992 38.7 7.62467
      vertex 25.85 39.9 7.52776
      vertex 25.85 38.7 7.52776
    endloop
  endfacet
  facet normal 0.998633 -0 0.0522639
    outer loop
      vertex 23.3 38.7 9
      vertex 23.3093 39.9 8.8223
      vertex 23.3 39.9 9
    endloop
  endfacet
  facet normal 0.998633 0 0.0522639
    outer loop
      vertex 23.3093 39.9 8.8223
      vertex 23.3 38.7 9
      vertex 23.3093 38.7 8.8223
    endloop
  endfacet
  facet normal 0.933519 -0 0.358527
    outer loop
      vertex 23.3832 38.7 8.47467
      vertex 23.447 39.9 8.30855
      vertex 23.3832 39.9 8.47467
    endloop
  endfacet
  facet normal 0.933519 0 0.358527
    outer loop
      vertex 23.447 39.9 8.30855
      vertex 23.3832 38.7 8.47467
      vertex 23.447 38.7 8.30855
    endloop
  endfacet
  facet normal 0.966003 -0 0.25853
    outer loop
      vertex 23.3372 38.7 8.64655
      vertex 23.3832 39.9 8.47467
      vertex 23.3372 39.9 8.64655
    endloop
  endfacet
  facet normal 0.966003 0 0.25853
    outer loop
      vertex 23.3832 39.9 8.47467
      vertex 23.3372 38.7 8.64655
      vertex 23.3832 38.7 8.47467
    endloop
  endfacet
  facet normal 0.454125 0 0.890938
    outer loop
      vertex 24.15 39.9 7.52776
      vertex 24.3085 38.7 7.44697
      vertex 24.3085 39.9 7.44697
    endloop
  endfacet
  facet normal 0.454125 0 0.890938
    outer loop
      vertex 24.3085 38.7 7.44697
      vertex 24.15 39.9 7.52776
      vertex 24.15 38.7 7.52776
    endloop
  endfacet
  facet normal 0.544712 0 0.838623
    outer loop
      vertex 24.0008 39.9 7.62467
      vertex 24.15 38.7 7.52776
      vertex 24.15 39.9 7.52776
    endloop
  endfacet
  facet normal 0.544712 0 0.838623
    outer loop
      vertex 24.15 38.7 7.52776
      vertex 24.0008 39.9 7.62467
      vertex 24.0008 38.7 7.62467
    endloop
  endfacet
  facet normal 0.707191 -0 0.707022
    outer loop
      vertex 23.7367 38.7 7.86248
      vertex 23.8625 39.9 7.73665
      vertex 23.7367 39.9 7.86248
    endloop
  endfacet
  facet normal 0.707191 0 0.707022
    outer loop
      vertex 23.8625 39.9 7.73665
      vertex 23.7367 38.7 7.86248
      vertex 23.8625 38.7 7.73665
    endloop
  endfacet
  facet normal -0.998633 0 0.0522639
    outer loop
      vertex 26.6907 38.7 8.8223
      vertex 26.7 39.9 9
      vertex 26.6907 39.9 8.8223
    endloop
  endfacet
  facet normal -0.998633 0 0.0522639
    outer loop
      vertex 26.7 39.9 9
      vertex 26.6907 38.7 8.8223
      vertex 26.7 38.7 9
    endloop
  endfacet
  facet normal -0.156193 0 -0.987726
    outer loop
      vertex 25.1777 38.7 10.6907
      vertex 25.3535 39.9 10.6629
      vertex 25.3535 38.7 10.6629
    endloop
  endfacet
  facet normal -0.156193 0 -0.987726
    outer loop
      vertex 25.3535 39.9 10.6629
      vertex 25.1777 38.7 10.6907
      vertex 25.1777 39.9 10.6907
    endloop
  endfacet
  facet normal -0.933519 0 0.358527
    outer loop
      vertex 26.553 38.7 8.30855
      vertex 26.6168 39.9 8.47467
      vertex 26.553 39.9 8.30855
    endloop
  endfacet
  facet normal -0.933519 0 0.358527
    outer loop
      vertex 26.6168 39.9 8.47467
      vertex 26.553 38.7 8.30855
      vertex 26.6168 38.7 8.47467
    endloop
  endfacet
  facet normal -0.966003 0 0.25853
    outer loop
      vertex 26.6168 38.7 8.47467
      vertex 26.6628 39.9 8.64655
      vertex 26.6168 39.9 8.47467
    endloop
  endfacet
  facet normal -0.966003 0 0.25853
    outer loop
      vertex 26.6628 39.9 8.64655
      vertex 26.6168 38.7 8.47467
      vertex 26.6628 38.7 8.64655
    endloop
  endfacet
  facet normal -0.987633 0 0.156785
    outer loop
      vertex 26.6628 38.7 8.64655
      vertex 26.6907 39.9 8.8223
      vertex 26.6628 39.9 8.64655
    endloop
  endfacet
  facet normal -0.987633 0 0.156785
    outer loop
      vertex 26.6907 39.9 8.8223
      vertex 26.6628 38.7 8.64655
      vertex 26.6907 38.7 8.8223
    endloop
  endfacet
  facet normal -0.777105 0 0.629371
    outer loop
      vertex 26.2633 38.7 7.86248
      vertex 26.3753 39.9 8.00077
      vertex 26.2633 39.9 7.86248
    endloop
  endfacet
  facet normal -0.777105 0 0.629371
    outer loop
      vertex 26.3753 39.9 8.00077
      vertex 26.2633 38.7 7.86248
      vertex 26.3753 38.7 8.00077
    endloop
  endfacet
  facet normal -0.258905 0 0.965903
    outer loop
      vertex 25.3535 39.9 7.33715
      vertex 25.5253 38.7 7.3832
      vertex 25.5253 39.9 7.3832
    endloop
  endfacet
  facet normal -0.258905 0 0.965903
    outer loop
      vertex 25.5253 38.7 7.3832
      vertex 25.3535 39.9 7.33715
      vertex 25.3535 38.7 7.33715
    endloop
  endfacet
  facet normal 0.987633 -0 0.156785
    outer loop
      vertex 23.3093 38.7 8.8223
      vertex 23.3372 39.9 8.64655
      vertex 23.3093 39.9 8.8223
    endloop
  endfacet
  facet normal 0.987633 0 0.156785
    outer loop
      vertex 23.3372 39.9 8.64655
      vertex 23.3093 38.7 8.8223
      vertex 23.3372 38.7 8.64655
    endloop
  endfacet
  facet normal 0.838699 -0 0.544595
    outer loop
      vertex 23.5278 38.7 8.15
      vertex 23.6247 39.9 8.00077
      vertex 23.5278 39.9 8.15
    endloop
  endfacet
  facet normal 0.838699 0 0.544595
    outer loop
      vertex 23.6247 39.9 8.00077
      vertex 23.5278 38.7 8.15
      vertex 23.6247 38.7 8.00077
    endloop
  endfacet
  facet normal 0.258905 0 0.965903
    outer loop
      vertex 24.4747 39.9 7.3832
      vertex 24.6465 38.7 7.33715
      vertex 24.6465 39.9 7.33715
    endloop
  endfacet
  facet normal 0.258905 0 0.965903
    outer loop
      vertex 24.6465 38.7 7.33715
      vertex 24.4747 39.9 7.3832
      vertex 24.4747 38.7 7.3832
    endloop
  endfacet
  facet normal -0.987633 0 -0.156785
    outer loop
      vertex 26.6907 38.7 9.1777
      vertex 26.6628 39.9 9.35345
      vertex 26.6907 39.9 9.1777
    endloop
  endfacet
  facet normal -0.987633 -0 -0.156785
    outer loop
      vertex 26.6628 39.9 9.35345
      vertex 26.6907 38.7 9.1777
      vertex 26.6628 38.7 9.35345
    endloop
  endfacet
  facet normal -0.966003 0 -0.25853
    outer loop
      vertex 26.6628 38.7 9.35345
      vertex 26.6168 39.9 9.52533
      vertex 26.6628 39.9 9.35345
    endloop
  endfacet
  facet normal -0.966003 -0 -0.25853
    outer loop
      vertex 26.6168 39.9 9.52533
      vertex 26.6628 38.7 9.35345
      vertex 26.6168 38.7 9.52533
    endloop
  endfacet
  facet normal -0.890973 0 -0.454056
    outer loop
      vertex 26.553 38.7 9.69145
      vertex 26.4722 39.9 9.85
      vertex 26.553 39.9 9.69145
    endloop
  endfacet
  facet normal -0.890973 -0 -0.454056
    outer loop
      vertex 26.4722 39.9 9.85
      vertex 26.553 38.7 9.69145
      vertex 26.4722 38.7 9.85
    endloop
  endfacet
  facet normal -0.77706 0 -0.629426
    outer loop
      vertex 26.3753 38.7 9.99923
      vertex 26.2633 39.9 10.1375
      vertex 26.3753 39.9 9.99923
    endloop
  endfacet
  facet normal -0.77706 -0 -0.629426
    outer loop
      vertex 26.2633 39.9 10.1375
      vertex 26.3753 38.7 9.99923
      vertex 26.2633 38.7 10.1375
    endloop
  endfacet
  facet normal 0.45417 0 -0.890915
    outer loop
      vertex 24.15 38.7 10.4722
      vertex 24.3085 39.9 10.553
      vertex 24.3085 38.7 10.553
    endloop
  endfacet
  facet normal 0.45417 0 -0.890915
    outer loop
      vertex 24.3085 39.9 10.553
      vertex 24.15 38.7 10.4722
      vertex 24.15 39.9 10.4722
    endloop
  endfacet
  facet normal 0.998633 0 -0.0522639
    outer loop
      vertex 23.3093 38.7 9.1777
      vertex 23.3 39.9 9
      vertex 23.3093 39.9 9.1777
    endloop
  endfacet
  facet normal 0.998633 0 -0.0522639
    outer loop
      vertex 23.3 39.9 9
      vertex 23.3093 38.7 9.1777
      vertex 23.3 38.7 9
    endloop
  endfacet
  facet normal 0.77706 0 -0.629426
    outer loop
      vertex 23.7367 38.7 10.1375
      vertex 23.6247 39.9 9.99923
      vertex 23.7367 39.9 10.1375
    endloop
  endfacet
  facet normal 0.77706 0 -0.629426
    outer loop
      vertex 23.6247 39.9 9.99923
      vertex 23.7367 38.7 10.1375
      vertex 23.6247 38.7 9.99923
    endloop
  endfacet
  facet normal -0.45417 0 -0.890915
    outer loop
      vertex 25.6915 38.7 10.553
      vertex 25.85 39.9 10.4722
      vertex 25.85 38.7 10.4722
    endloop
  endfacet
  facet normal -0.45417 0 -0.890915
    outer loop
      vertex 25.85 39.9 10.4722
      vertex 25.6915 38.7 10.553
      vertex 25.6915 39.9 10.553
    endloop
  endfacet
  facet normal -0.838699 0 -0.544595
    outer loop
      vertex 26.4722 38.7 9.85
      vertex 26.3753 39.9 9.99923
      vertex 26.4722 39.9 9.85
    endloop
  endfacet
  facet normal -0.838699 -0 -0.544595
    outer loop
      vertex 26.3753 39.9 9.99923
      vertex 26.4722 38.7 9.85
      vertex 26.3753 38.7 9.99923
    endloop
  endfacet
  facet normal 0.629344 0 -0.777127
    outer loop
      vertex 23.8625 38.7 10.2633
      vertex 24.0008 39.9 10.3753
      vertex 24.0008 38.7 10.3753
    endloop
  endfacet
  facet normal 0.629344 0 -0.777127
    outer loop
      vertex 24.0008 39.9 10.3753
      vertex 23.8625 38.7 10.2633
      vertex 23.8625 39.9 10.2633
    endloop
  endfacet
  facet normal 0.544672 0 -0.838649
    outer loop
      vertex 24.0008 38.7 10.3753
      vertex 24.15 39.9 10.4722
      vertex 24.15 38.7 10.4722
    endloop
  endfacet
  facet normal 0.544672 0 -0.838649
    outer loop
      vertex 24.15 39.9 10.4722
      vertex 24.0008 38.7 10.3753
      vertex 24.0008 39.9 10.3753
    endloop
  endfacet
  facet normal -0.0522639 0 -0.998633
    outer loop
      vertex 25 38.7 10.7
      vertex 25.1777 39.9 10.6907
      vertex 25.1777 38.7 10.6907
    endloop
  endfacet
  facet normal -0.0522639 0 -0.998633
    outer loop
      vertex 25.1777 39.9 10.6907
      vertex 25 38.7 10.7
      vertex 25 39.9 10.7
    endloop
  endfacet
  facet normal 0.987633 0 -0.156785
    outer loop
      vertex 23.3372 38.7 9.35345
      vertex 23.3093 39.9 9.1777
      vertex 23.3372 39.9 9.35345
    endloop
  endfacet
  facet normal 0.987633 0 -0.156785
    outer loop
      vertex 23.3093 39.9 9.1777
      vertex 23.3372 38.7 9.35345
      vertex 23.3093 38.7 9.1777
    endloop
  endfacet
  facet normal 0.707107 0 -0.707107
    outer loop
      vertex 23.8625 38.7 10.2633
      vertex 23.7367 39.9 10.1375
      vertex 23.8625 39.9 10.2633
    endloop
  endfacet
  facet normal 0.707107 0 -0.707107
    outer loop
      vertex 23.7367 39.9 10.1375
      vertex 23.8625 38.7 10.2633
      vertex 23.7367 38.7 10.1375
    endloop
  endfacet
  facet normal 0.890973 0 -0.454056
    outer loop
      vertex 23.5278 38.7 9.85
      vertex 23.447 39.9 9.69145
      vertex 23.5278 39.9 9.85
    endloop
  endfacet
  facet normal 0.890973 0 -0.454056
    outer loop
      vertex 23.447 39.9 9.69145
      vertex 23.5278 38.7 9.85
      vertex 23.447 38.7 9.69145
    endloop
  endfacet
  facet normal 0.933519 0 -0.358527
    outer loop
      vertex 23.447 38.7 9.69145
      vertex 23.3832 39.9 9.52533
      vertex 23.447 39.9 9.69145
    endloop
  endfacet
  facet normal 0.933519 0 -0.358527
    outer loop
      vertex 23.3832 39.9 9.52533
      vertex 23.447 38.7 9.69145
      vertex 23.3832 38.7 9.52533
    endloop
  endfacet
  facet normal 0.966003 0 -0.25853
    outer loop
      vertex 23.3832 38.7 9.52533
      vertex 23.3372 39.9 9.35345
      vertex 23.3832 39.9 9.52533
    endloop
  endfacet
  facet normal 0.966003 0 -0.25853
    outer loop
      vertex 23.3372 39.9 9.35345
      vertex 23.3832 38.7 9.52533
      vertex 23.3372 38.7 9.35345
    endloop
  endfacet
  facet normal -0.544672 0 -0.838649
    outer loop
      vertex 25.85 38.7 10.4722
      vertex 25.9992 39.9 10.3753
      vertex 25.9992 38.7 10.3753
    endloop
  endfacet
  facet normal -0.544672 0 -0.838649
    outer loop
      vertex 25.9992 39.9 10.3753
      vertex 25.85 38.7 10.4722
      vertex 25.85 39.9 10.4722
    endloop
  endfacet
  facet normal -0.707107 0 -0.707107
    outer loop
      vertex 26.2633 38.7 10.1375
      vertex 26.1375 39.9 10.2633
      vertex 26.2633 39.9 10.1375
    endloop
  endfacet
  facet normal -0.707107 -0 -0.707107
    outer loop
      vertex 26.1375 39.9 10.2633
      vertex 26.2633 38.7 10.1375
      vertex 26.1375 38.7 10.2633
    endloop
  endfacet
  facet normal -0.629344 0 -0.777127
    outer loop
      vertex 25.9992 38.7 10.3753
      vertex 26.1375 39.9 10.2633
      vertex 26.1375 38.7 10.2633
    endloop
  endfacet
  facet normal -0.629344 0 -0.777127
    outer loop
      vertex 26.1375 39.9 10.2633
      vertex 25.9992 38.7 10.3753
      vertex 25.9992 39.9 10.3753
    endloop
  endfacet
  facet normal 0.838699 0 -0.544595
    outer loop
      vertex 23.6247 38.7 9.99923
      vertex 23.5278 39.9 9.85
      vertex 23.6247 39.9 9.99923
    endloop
  endfacet
  facet normal 0.838699 0 -0.544595
    outer loop
      vertex 23.5278 39.9 9.85
      vertex 23.6247 38.7 9.99923
      vertex 23.5278 38.7 9.85
    endloop
  endfacet
  facet normal 0.156193 0 -0.987726
    outer loop
      vertex 24.6465 38.7 10.6629
      vertex 24.8223 39.9 10.6907
      vertex 24.8223 38.7 10.6907
    endloop
  endfacet
  facet normal 0.156193 0 -0.987726
    outer loop
      vertex 24.8223 39.9 10.6907
      vertex 24.6465 38.7 10.6629
      vertex 24.6465 39.9 10.6629
    endloop
  endfacet
  facet normal 0.0522639 0 -0.998633
    outer loop
      vertex 24.8223 38.7 10.6907
      vertex 25 39.9 10.7
      vertex 25 38.7 10.7
    endloop
  endfacet
  facet normal 0.0522639 0 -0.998633
    outer loop
      vertex 25 39.9 10.7
      vertex 24.8223 38.7 10.6907
      vertex 24.8223 39.9 10.6907
    endloop
  endfacet
  facet normal 0.358377 0 -0.933577
    outer loop
      vertex 24.3085 38.7 10.553
      vertex 24.4747 39.9 10.6168
      vertex 24.4747 38.7 10.6168
    endloop
  endfacet
  facet normal 0.358377 0 -0.933577
    outer loop
      vertex 24.4747 39.9 10.6168
      vertex 24.3085 38.7 10.553
      vertex 24.3085 39.9 10.553
    endloop
  endfacet
  facet normal -0.774235 -0.631599 0.0405199
    outer loop
      vertex 28.1679 36.9 8.99065
      vertex 26.7 38.7 9
      vertex 26.6907 38.7 8.8223
    endloop
  endfacet
  facet normal -0.774205 -0.631579 0.0414013
    outer loop
      vertex 26.7 38.7 9
      vertex 28.1679 36.9 8.99065
      vertex 28.1684 36.9 9
    endloop
  endfacet
  facet normal -0.774234 -0.631608 0.0404149
    outer loop
      vertex 28.1511 36.9 8.66881
      vertex 28.1679 36.9 8.99065
      vertex 26.6907 38.7 8.8223
    endloop
  endfacet
  facet normal 0.548203 -0.631622 -0.548203
    outer loop
      vertex 22.6454 36.9 11.1201
      vertex 23.8625 38.7 10.2633
      vertex 22.8799 36.9 11.3546
    endloop
  endfacet
  facet normal 0.548203 -0.631622 -0.548203
    outer loop
      vertex 23.8625 38.7 10.2633
      vertex 22.6454 36.9 11.1201
      vertex 23.7367 38.7 10.1375
    endloop
  endfacet
  facet normal -0.602564 -0.631619 -0.487825
    outer loop
      vertex 27.5574 36.9 10.8696
      vertex 27.3546 36.9 11.1201
      vertex 26.2633 38.7 10.1375
    endloop
  endfacet
  facet normal -0.487844 -0.63161 0.602559
    outer loop
      vertex 26.8696 36.9 6.44259
      vertex 27.1201 36.9 6.6454
      vertex 26.1375 38.7 7.73665
    endloop
  endfacet
  facet normal 0.548271 -0.631619 0.54814
    outer loop
      vertex 22.6454 36.9 6.87991
      vertex 23.8625 38.7 7.73665
      vertex 23.7367 38.7 7.86248
    endloop
  endfacet
  facet normal 0.548221 -0.631612 0.548197
    outer loop
      vertex 23.8625 38.7 7.73665
      vertex 22.6454 36.9 6.87991
      vertex 22.8799 36.9 6.6454
    endloop
  endfacet
  facet normal 0.774205 -0.631579 0.0414013
    outer loop
      vertex 21.8321 36.9 8.99065
      vertex 23.3 38.7 9
      vertex 21.8316 36.9 9
    endloop
  endfacet
  facet normal 0.774235 -0.631599 0.0405199
    outer loop
      vertex 23.3 38.7 9
      vertex 21.8321 36.9 8.99065
      vertex 23.3093 38.7 8.8223
    endloop
  endfacet
  facet normal -0.548271 -0.631619 0.54814
    outer loop
      vertex 26.1375 38.7 7.73665
      vertex 27.3546 36.9 6.87991
      vertex 26.2633 38.7 7.86248
    endloop
  endfacet
  facet normal -0.548221 -0.631612 0.548197
    outer loop
      vertex 27.3546 36.9 6.87991
      vertex 26.1375 38.7 7.73665
      vertex 27.1201 36.9 6.6454
    endloop
  endfacet
  facet normal -0.48787 -0.631607 0.60254
    outer loop
      vertex 25.9992 38.7 7.62467
      vertex 26.8696 36.9 6.44259
      vertex 26.1375 38.7 7.73665
    endloop
  endfacet
  facet normal -0.491452 -0.631498 0.599738
    outer loop
      vertex 26.8696 36.9 6.44259
      vertex 25.9992 38.7 7.62467
      vertex 26.8624 36.9 6.43669
    endloop
  endfacet
  facet normal -0.422223 -0.631618 0.650221
    outer loop
      vertex 26.5921 36.9 6.26117
      vertex 26.8624 36.9 6.43669
      vertex 25.9992 38.7 7.62467
    endloop
  endfacet
  facet normal -0.725042 -0.631958 0.273757
    outer loop
      vertex 28.0133 36.9 8.0209
      vertex 26.553 38.7 8.30855
      vertex 28.01 36.9 8.01216
    endloop
  endfacet
  facet normal -0.723759 -0.631591 0.277967
    outer loop
      vertex 26.553 38.7 8.30855
      vertex 28.0133 36.9 8.0209
      vertex 26.6168 38.7 8.47467
    endloop
  endfacet
  facet normal -0.690797 -0.631614 0.351942
    outer loop
      vertex 27.7482 36.9 7.42413
      vertex 27.8945 36.9 7.71129
      vertex 26.553 38.7 8.30855
    endloop
  endfacet
  facet normal 0.651232 -0.631781 -0.420416
    outer loop
      vertex 22.2561 36.9 10.5842
      vertex 23.6247 38.7 9.99923
      vertex 22.2612 36.9 10.5921
    endloop
  endfacet
  facet normal 0.650233 -0.631608 -0.422218
    outer loop
      vertex 23.6247 38.7 9.99923
      vertex 22.2561 36.9 10.5842
      vertex 23.5278 38.7 9.85
    endloop
  endfacet
  facet normal 0.277848 -0.631597 -0.7238
    outer loop
      vertex 24.0209 36.9 12.0133
      vertex 24.3085 38.7 10.553
      vertex 24.4747 38.7 10.6168
    endloop
  endfacet
  facet normal 0.274887 -0.631856 -0.724703
    outer loop
      vertex 24.3085 38.7 10.553
      vertex 24.0209 36.9 12.0133
      vertex 24.0122 36.9 12.01
    endloop
  endfacet
  facet normal 0.766663 -0.631478 -0.116035
    outer loop
      vertex 21.8994 36.9 9.6495
      vertex 23.3372 38.7 9.35345
      vertex 21.9008 36.9 9.65875
    endloop
  endfacet
  facet normal 0.765696 -0.631613 -0.121553
    outer loop
      vertex 23.3372 38.7 9.35345
      vertex 21.8994 36.9 9.6495
      vertex 23.3093 38.7 9.1777
    endloop
  endfacet
  facet normal 0.748866 -0.631624 -0.200628
    outer loop
      vertex 23.3372 38.7 9.35345
      vertex 21.9842 36.9 9.97005
      vertex 21.9008 36.9 9.65875
    endloop
  endfacet
  facet normal -0.420414 -0.631786 -0.651229
    outer loop
      vertex 26.5842 36.9 11.7439
      vertex 25.9992 38.7 10.3753
      vertex 26.5921 36.9 11.7388
    endloop
  endfacet
  facet normal -0.422279 -0.631606 -0.650196
    outer loop
      vertex 25.9992 38.7 10.3753
      vertex 26.5842 36.9 11.7439
      vertex 25.85 38.7 10.4722
    endloop
  endfacet
  facet normal -0.765712 -0.631607 -0.121481
    outer loop
      vertex 28.1511 36.9 9.33119
      vertex 28.1006 36.9 9.6495
      vertex 26.6907 38.7 9.1777
    endloop
  endfacet
  facet normal -0.115431 -0.631434 -0.76679
    outer loop
      vertex 25.6495 36.9 12.1006
      vertex 25.3535 38.7 10.6629
      vertex 25.6588 36.9 12.0992
    endloop
  endfacet
  facet normal -0.121099 -0.631575 -0.765799
    outer loop
      vertex 25.3535 38.7 10.6629
      vertex 25.6495 36.9 12.1006
      vertex 25.1777 38.7 10.6907
    endloop
  endfacet
  facet normal -0.200693 -0.631597 -0.748871
    outer loop
      vertex 25.97 36.9 12.0158
      vertex 25.6588 36.9 12.0992
      vertex 25.3535 38.7 10.6629
    endloop
  endfacet
  facet normal -0.774234 -0.631608 -0.0404149
    outer loop
      vertex 28.1679 36.9 9.00935
      vertex 28.1511 36.9 9.33119
      vertex 26.6907 38.7 9.1777
    endloop
  endfacet
  facet normal -0.774205 -0.631579 -0.0414013
    outer loop
      vertex 28.1679 36.9 9.00935
      vertex 26.7 38.7 9
      vertex 28.1684 36.9 9
    endloop
  endfacet
  facet normal -0.774235 -0.631599 -0.0405199
    outer loop
      vertex 26.7 38.7 9
      vertex 28.1679 36.9 9.00935
      vertex 26.6907 38.7 9.1777
    endloop
  endfacet
  facet normal -0.765712 -0.631607 0.121481
    outer loop
      vertex 28.1006 36.9 8.3505
      vertex 28.1511 36.9 8.66881
      vertex 26.6907 38.7 8.8223
    endloop
  endfacet
  facet normal 0.774234 -0.631608 0.0404149
    outer loop
      vertex 21.8489 36.9 8.66881
      vertex 23.3093 38.7 8.8223
      vertex 21.8321 36.9 8.99065
    endloop
  endfacet
  facet normal 0.121273 -0.631605 0.765747
    outer loop
      vertex 24.6688 36.9 5.84894
      vertex 24.8223 38.7 7.30931
      vertex 24.3505 36.9 5.89935
    endloop
  endfacet
  facet normal -0.040563 -0.631607 0.774227
    outer loop
      vertex 25 38.7 7.3
      vertex 25.0094 36.9 5.83207
      vertex 25.1777 38.7 7.30931
    endloop
  endfacet
  facet normal -0.040359 -0.631611 0.774234
    outer loop
      vertex 25.0094 36.9 5.83207
      vertex 25 38.7 7.3
      vertex 25 36.9 5.83158
    endloop
  endfacet
  facet normal -0.65014 -0.631593 0.422384
    outer loop
      vertex 27.7439 36.9 7.41579
      vertex 26.3753 38.7 8.00077
      vertex 27.7388 36.9 7.40794
    endloop
  endfacet
  facet normal -0.650232 -0.631609 0.422217
    outer loop
      vertex 26.3753 38.7 8.00077
      vertex 27.7439 36.9 7.41579
      vertex 26.4722 38.7 8.15
    endloop
  endfacet
  facet normal -0.766663 -0.631478 0.116035
    outer loop
      vertex 28.1006 36.9 8.3505
      vertex 26.6628 38.7 8.64655
      vertex 28.0992 36.9 8.34125
    endloop
  endfacet
  facet normal -0.765696 -0.631613 0.121553
    outer loop
      vertex 26.6628 38.7 8.64655
      vertex 28.1006 36.9 8.3505
      vertex 26.6907 38.7 8.8223
    endloop
  endfacet
  facet normal -0.748866 -0.631624 0.200628
    outer loop
      vertex 28.0158 36.9 8.02995
      vertex 28.0992 36.9 8.34125
      vertex 26.6628 38.7 8.64655
    endloop
  endfacet
  facet normal -0.723784 -0.631614 0.277851
    outer loop
      vertex 27.8945 36.9 7.71129
      vertex 28.01 36.9 8.01216
      vertex 26.553 38.7 8.30855
    endloop
  endfacet
  facet normal 0.602564 -0.631619 -0.487825
    outer loop
      vertex 23.7367 38.7 10.1375
      vertex 22.6454 36.9 11.1201
      vertex 22.4426 36.9 10.8696
    endloop
  endfacet
  facet normal 0.487825 -0.631619 -0.602564
    outer loop
      vertex 23.8625 38.7 10.2633
      vertex 23.1304 36.9 11.5574
      vertex 22.8799 36.9 11.3546
    endloop
  endfacet
  facet normal 0.277829 -0.631608 -0.723798
    outer loop
      vertex 24.3085 38.7 10.553
      vertex 24.0122 36.9 12.01
      vertex 23.7113 36.9 11.8945
    endloop
  endfacet
  facet normal 0.725042 -0.631958 -0.273757
    outer loop
      vertex 21.9867 36.9 9.9791
      vertex 23.447 38.7 9.69145
      vertex 21.99 36.9 9.98784
    endloop
  endfacet
  facet normal 0.723759 -0.631591 -0.277967
    outer loop
      vertex 23.447 38.7 9.69145
      vertex 21.9867 36.9 9.9791
      vertex 23.3832 38.7 9.52533
    endloop
  endfacet
  facet normal 0.774235 -0.631599 -0.0405199
    outer loop
      vertex 21.8321 36.9 9.00935
      vertex 23.3 38.7 9
      vertex 23.3093 38.7 9.1777
    endloop
  endfacet
  facet normal 0.774205 -0.631579 -0.0414013
    outer loop
      vertex 23.3 38.7 9
      vertex 21.8321 36.9 9.00935
      vertex 21.8316 36.9 9
    endloop
  endfacet
  facet normal 0.774234 -0.631608 -0.0404149
    outer loop
      vertex 23.3093 38.7 9.1777
      vertex 21.8489 36.9 9.33119
      vertex 21.8321 36.9 9.00935
    endloop
  endfacet
  facet normal 0.765712 -0.631607 -0.121481
    outer loop
      vertex 23.3093 38.7 9.1777
      vertex 21.8994 36.9 9.6495
      vertex 21.8489 36.9 9.33119
    endloop
  endfacet
  facet normal -0.487825 -0.631619 -0.602564
    outer loop
      vertex 27.1201 36.9 11.3546
      vertex 26.8696 36.9 11.5574
      vertex 26.1375 38.7 10.2633
    endloop
  endfacet
  facet normal -0.548203 -0.631622 -0.548203
    outer loop
      vertex 26.1375 38.7 10.2633
      vertex 27.3546 36.9 11.1201
      vertex 27.1201 36.9 11.3546
    endloop
  endfacet
  facet normal -0.548203 -0.631622 -0.548203
    outer loop
      vertex 27.3546 36.9 11.1201
      vertex 26.1375 38.7 10.2633
      vertex 26.2633 38.7 10.1375
    endloop
  endfacet
  facet normal -0.690817 -0.631614 -0.351903
    outer loop
      vertex 27.8945 36.9 10.2887
      vertex 27.7482 36.9 10.5759
      vertex 26.553 38.7 9.69145
    endloop
  endfacet
  facet normal -0.274887 -0.631856 -0.724703
    outer loop
      vertex 25.9791 36.9 12.0133
      vertex 25.6915 38.7 10.553
      vertex 25.9878 36.9 12.01
    endloop
  endfacet
  facet normal -0.277848 -0.631597 -0.7238
    outer loop
      vertex 25.6915 38.7 10.553
      vertex 25.9791 36.9 12.0133
      vertex 25.5253 38.7 10.6168
    endloop
  endfacet
  facet normal -0.0411815 -0.631585 -0.774212
    outer loop
      vertex 25 38.7 10.7
      vertex 25.0094 36.9 12.1679
      vertex 25 36.9 12.1684
    endloop
  endfacet
  facet normal -0.0405199 -0.6316 -0.774235
    outer loop
      vertex 25.0094 36.9 12.1679
      vertex 25 38.7 10.7
      vertex 25.1777 38.7 10.6907
    endloop
  endfacet
  facet normal -0.0404199 -0.631608 -0.774233
    outer loop
      vertex 25.1777 38.7 10.6907
      vertex 25.3312 36.9 12.1511
      vertex 25.0094 36.9 12.1679
    endloop
  endfacet
  facet normal -0.121484 -0.631607 -0.765711
    outer loop
      vertex 25.6495 36.9 12.1006
      vertex 25.3312 36.9 12.1511
      vertex 25.1777 38.7 10.6907
    endloop
  endfacet
  facet normal -0.765696 -0.631613 -0.121553
    outer loop
      vertex 28.1006 36.9 9.6495
      vertex 26.6628 38.7 9.35345
      vertex 26.6907 38.7 9.1777
    endloop
  endfacet
  facet normal -0.766663 -0.631478 -0.116035
    outer loop
      vertex 26.6628 38.7 9.35345
      vertex 28.1006 36.9 9.6495
      vertex 28.0992 36.9 9.65875
    endloop
  endfacet
  facet normal 0.602528 -0.631616 0.487873
    outer loop
      vertex 22.6454 36.9 6.87991
      vertex 23.7367 38.7 7.86248
      vertex 22.4426 36.9 7.13037
    endloop
  endfacet
  facet normal 0.351946 -0.6316 0.690808
    outer loop
      vertex 23.7113 36.9 6.1055
      vertex 24.3085 38.7 7.44697
      vertex 23.4241 36.9 6.25182
    endloop
  endfacet
  facet normal 0.121265 -0.631604 0.765748
    outer loop
      vertex 24.6465 38.7 7.33715
      vertex 24.3505 36.9 5.89935
      vertex 24.8223 38.7 7.30931
    endloop
  endfacet
  facet normal 0.121044 -0.631599 0.765788
    outer loop
      vertex 24.3505 36.9 5.89935
      vertex 24.6465 38.7 7.33715
      vertex 24.3412 36.9 5.90082
    endloop
  endfacet
  facet normal 0.200714 -0.631604 0.748859
    outer loop
      vertex 24.3412 36.9 5.90082
      vertex 24.6465 38.7 7.33715
      vertex 24.03 36.9 5.98423
    endloop
  endfacet
  facet normal 0.200726 -0.631605 0.748855
    outer loop
      vertex 24.4747 38.7 7.3832
      vertex 24.03 36.9 5.98423
      vertex 24.6465 38.7 7.33715
    endloop
  endfacet
  facet normal 0.199258 -0.63157 0.749277
    outer loop
      vertex 24.03 36.9 5.98423
      vertex 24.4747 38.7 7.3832
      vertex 24.0209 36.9 5.98665
    endloop
  endfacet
  facet normal 0.040588 -0.631605 0.774227
    outer loop
      vertex 24.9906 36.9 5.83207
      vertex 24.8223 38.7 7.30931
      vertex 24.6688 36.9 5.84894
    endloop
  endfacet
  facet normal -0.27781 -0.6316 0.723812
    outer loop
      vertex 25.9878 36.9 5.99001
      vertex 26.2887 36.9 6.1055
      vertex 25.6915 38.7 7.44697
    endloop
  endfacet
  facet normal -0.200714 -0.631604 0.748859
    outer loop
      vertex 25.6588 36.9 5.90082
      vertex 25.97 36.9 5.98423
      vertex 25.3535 38.7 7.33715
    endloop
  endfacet
  facet normal -0.040588 -0.631605 0.774227
    outer loop
      vertex 25.3312 36.9 5.84894
      vertex 25.1777 38.7 7.30931
      vertex 25.0094 36.9 5.83207
    endloop
  endfacet
  facet normal 0.040359 -0.631611 0.774234
    outer loop
      vertex 25 38.7 7.3
      vertex 24.9906 36.9 5.83207
      vertex 25 36.9 5.83158
    endloop
  endfacet
  facet normal 0.040563 -0.631607 0.774227
    outer loop
      vertex 24.9906 36.9 5.83207
      vertex 25 38.7 7.3
      vertex 24.8223 38.7 7.30931
    endloop
  endfacet
  facet normal -0.602479 -0.631609 0.487943
    outer loop
      vertex 27.5574 36.9 7.13037
      vertex 26.3753 38.7 8.00077
      vertex 26.2633 38.7 7.86248
    endloop
  endfacet
  facet normal -0.602322 -0.631603 0.488145
    outer loop
      vertex 26.3753 38.7 8.00077
      vertex 27.5574 36.9 7.13037
      vertex 27.5633 36.9 7.13765
    endloop
  endfacet
  facet normal -0.650241 -0.63161 0.422203
    outer loop
      vertex 27.5633 36.9 7.13765
      vertex 27.7388 36.9 7.40794
      vertex 26.3753 38.7 8.00077
    endloop
  endfacet
  facet normal -0.602528 -0.631616 0.487873
    outer loop
      vertex 27.3546 36.9 6.87991
      vertex 27.5574 36.9 7.13037
      vertex 26.2633 38.7 7.86248
    endloop
  endfacet
  facet normal -0.689023 -0.6317 0.355251
    outer loop
      vertex 27.7482 36.9 7.42413
      vertex 26.4722 38.7 8.15
      vertex 27.7439 36.9 7.41579
    endloop
  endfacet
  facet normal -0.690751 -0.631621 0.352019
    outer loop
      vertex 26.4722 38.7 8.15
      vertex 27.7482 36.9 7.42413
      vertex 26.553 38.7 8.30855
    endloop
  endfacet
  facet normal -0.747198 -0.631736 0.206408
    outer loop
      vertex 28.0158 36.9 8.02995
      vertex 26.6168 38.7 8.47467
      vertex 28.0133 36.9 8.0209
    endloop
  endfacet
  facet normal -0.748931 -0.631607 0.200435
    outer loop
      vertex 26.6168 38.7 8.47467
      vertex 28.0158 36.9 8.02995
      vertex 26.6628 38.7 8.64655
    endloop
  endfacet
  facet normal 0.0404199 -0.631608 -0.774233
    outer loop
      vertex 24.8223 38.7 10.6907
      vertex 24.9906 36.9 12.1679
      vertex 24.6688 36.9 12.1511
    endloop
  endfacet
  facet normal 0.200927 -0.631617 -0.748791
    outer loop
      vertex 24.03 36.9 12.0158
      vertex 24.4747 38.7 10.6168
      vertex 24.6465 38.7 10.6629
    endloop
  endfacet
  facet normal 0.205359 -0.631714 -0.747506
    outer loop
      vertex 24.4747 38.7 10.6168
      vertex 24.03 36.9 12.0158
      vertex 24.0209 36.9 12.0133
    endloop
  endfacet
  facet normal 0.121484 -0.631607 -0.765711
    outer loop
      vertex 24.8223 38.7 10.6907
      vertex 24.6688 36.9 12.1511
      vertex 24.3505 36.9 12.1006
    endloop
  endfacet
  facet normal 0.690817 -0.631614 -0.351903
    outer loop
      vertex 23.447 38.7 9.69145
      vertex 22.2518 36.9 10.5759
      vertex 22.1055 36.9 10.2887
    endloop
  endfacet
  facet normal 0.723781 -0.631613 -0.277859
    outer loop
      vertex 23.447 38.7 9.69145
      vertex 22.1055 36.9 10.2887
      vertex 21.99 36.9 9.98784
    endloop
  endfacet
  facet normal 0.650243 -0.631617 -0.422189
    outer loop
      vertex 23.6247 38.7 9.99923
      vertex 22.4367 36.9 10.8624
      vertex 22.2612 36.9 10.5921
    endloop
  endfacet
  facet normal 0.599738 -0.631498 -0.491452
    outer loop
      vertex 23.6247 38.7 9.99923
      vertex 22.4426 36.9 10.8696
      vertex 22.4367 36.9 10.8624
    endloop
  endfacet
  facet normal 0.602449 -0.631603 -0.487989
    outer loop
      vertex 22.4426 36.9 10.8696
      vertex 23.6247 38.7 9.99923
      vertex 23.7367 38.7 10.1375
    endloop
  endfacet
  facet normal 0.747198 -0.631736 -0.206408
    outer loop
      vertex 21.9842 36.9 9.97005
      vertex 23.3832 38.7 9.52533
      vertex 21.9867 36.9 9.9791
    endloop
  endfacet
  facet normal 0.748931 -0.631607 -0.200435
    outer loop
      vertex 23.3832 38.7 9.52533
      vertex 21.9842 36.9 9.97005
      vertex 23.3372 38.7 9.35345
    endloop
  endfacet
  facet normal -0.650243 -0.631617 -0.422189
    outer loop
      vertex 27.7388 36.9 10.5921
      vertex 27.5633 36.9 10.8624
      vertex 26.3753 38.7 9.99923
    endloop
  endfacet
  facet normal -0.690748 -0.631625 -0.352018
    outer loop
      vertex 27.7482 36.9 10.5759
      vertex 26.4722 38.7 9.85
      vertex 26.553 38.7 9.69145
    endloop
  endfacet
  facet normal -0.6883 -0.631733 -0.356589
    outer loop
      vertex 26.4722 38.7 9.85
      vertex 27.7482 36.9 10.5759
      vertex 27.7439 36.9 10.5842
    endloop
  endfacet
  facet normal -0.650233 -0.631608 -0.422218
    outer loop
      vertex 27.7439 36.9 10.5842
      vertex 26.3753 38.7 9.99923
      vertex 26.4722 38.7 9.85
    endloop
  endfacet
  facet normal -0.651232 -0.631781 -0.420416
    outer loop
      vertex 26.3753 38.7 9.99923
      vertex 27.7439 36.9 10.5842
      vertex 27.7388 36.9 10.5921
    endloop
  endfacet
  facet normal -0.723781 -0.631613 -0.277859
    outer loop
      vertex 28.01 36.9 9.98784
      vertex 27.8945 36.9 10.2887
      vertex 26.553 38.7 9.69145
    endloop
  endfacet
  facet normal -0.723759 -0.631591 -0.277967
    outer loop
      vertex 28.0133 36.9 9.9791
      vertex 26.553 38.7 9.69145
      vertex 26.6168 38.7 9.52533
    endloop
  endfacet
  facet normal -0.725042 -0.631958 -0.273757
    outer loop
      vertex 26.553 38.7 9.69145
      vertex 28.0133 36.9 9.9791
      vertex 28.01 36.9 9.98784
    endloop
  endfacet
  facet normal -0.351905 -0.631608 -0.690821
    outer loop
      vertex 26.5759 36.9 11.7482
      vertex 26.2887 36.9 11.8945
      vertex 25.6915 38.7 10.553
    endloop
  endfacet
  facet normal -0.277829 -0.631608 -0.723798
    outer loop
      vertex 26.2887 36.9 11.8945
      vertex 25.9878 36.9 12.01
      vertex 25.6915 38.7 10.553
    endloop
  endfacet
  facet normal -0.422187 -0.631621 -0.650241
    outer loop
      vertex 26.8624 36.9 11.5633
      vertex 26.5921 36.9 11.7388
      vertex 25.9992 38.7 10.3753
    endloop
  endfacet
  facet normal -0.49145 -0.631502 -0.599735
    outer loop
      vertex 25.9992 38.7 10.3753
      vertex 26.8696 36.9 11.5574
      vertex 26.8624 36.9 11.5633
    endloop
  endfacet
  facet normal -0.487922 -0.63161 -0.602496
    outer loop
      vertex 26.8696 36.9 11.5574
      vertex 25.9992 38.7 10.3753
      vertex 26.1375 38.7 10.2633
    endloop
  endfacet
  facet normal -0.205359 -0.631714 -0.747506
    outer loop
      vertex 25.97 36.9 12.0158
      vertex 25.5253 38.7 10.6168
      vertex 25.9791 36.9 12.0133
    endloop
  endfacet
  facet normal -0.200927 -0.631617 -0.748791
    outer loop
      vertex 25.5253 38.7 10.6168
      vertex 25.97 36.9 12.0158
      vertex 25.3535 38.7 10.6629
    endloop
  endfacet
  facet normal -0.748931 -0.631607 -0.200435
    outer loop
      vertex 28.0158 36.9 9.97005
      vertex 26.6168 38.7 9.52533
      vertex 26.6628 38.7 9.35345
    endloop
  endfacet
  facet normal -0.747198 -0.631736 -0.206408
    outer loop
      vertex 26.6168 38.7 9.52533
      vertex 28.0158 36.9 9.97005
      vertex 28.0133 36.9 9.9791
    endloop
  endfacet
  facet normal -0.748866 -0.631624 -0.200628
    outer loop
      vertex 28.0992 36.9 9.65875
      vertex 28.0158 36.9 9.97005
      vertex 26.6628 38.7 9.35345
    endloop
  endfacet
  facet normal 0.765712 -0.631607 0.121481
    outer loop
      vertex 21.8994 36.9 8.3505
      vertex 23.3093 38.7 8.8223
      vertex 21.8489 36.9 8.66881
    endloop
  endfacet
  facet normal 0.765696 -0.631613 0.121553
    outer loop
      vertex 21.8994 36.9 8.3505
      vertex 23.3372 38.7 8.64655
      vertex 23.3093 38.7 8.8223
    endloop
  endfacet
  facet normal 0.766663 -0.631478 0.116035
    outer loop
      vertex 23.3372 38.7 8.64655
      vertex 21.8994 36.9 8.3505
      vertex 21.9008 36.9 8.34125
    endloop
  endfacet
  facet normal 0.602322 -0.631603 0.488145
    outer loop
      vertex 22.4426 36.9 7.13037
      vertex 23.6247 38.7 8.00077
      vertex 22.4367 36.9 7.13765
    endloop
  endfacet
  facet normal 0.602479 -0.631609 0.487943
    outer loop
      vertex 23.6247 38.7 8.00077
      vertex 22.4426 36.9 7.13037
      vertex 23.7367 38.7 7.86248
    endloop
  endfacet
  facet normal 0.690797 -0.631614 0.351942
    outer loop
      vertex 22.2518 36.9 7.42413
      vertex 23.447 38.7 8.30855
      vertex 22.1055 36.9 7.71129
    endloop
  endfacet
  facet normal 0.487844 -0.63161 0.602559
    outer loop
      vertex 23.1304 36.9 6.44259
      vertex 23.8625 38.7 7.73665
      vertex 22.8799 36.9 6.6454
    endloop
  endfacet
  facet normal 0.27773 -0.631612 0.723832
    outer loop
      vertex 24.3085 38.7 7.44697
      vertex 24.0209 36.9 5.98665
      vertex 24.4747 38.7 7.3832
    endloop
  endfacet
  facet normal 0.279356 -0.631467 0.723333
    outer loop
      vertex 24.0209 36.9 5.98665
      vertex 24.3085 38.7 7.44697
      vertex 24.0122 36.9 5.99001
    endloop
  endfacet
  facet normal 0.27781 -0.6316 0.723812
    outer loop
      vertex 24.0122 36.9 5.99001
      vertex 24.3085 38.7 7.44697
      vertex 23.7113 36.9 6.1055
    endloop
  endfacet
  facet normal 0.422311 -0.631603 0.650178
    outer loop
      vertex 24.0008 38.7 7.62467
      vertex 23.4158 36.9 6.25607
      vertex 24.15 38.7 7.52776
    endloop
  endfacet
  facet normal 0.420414 -0.631786 0.651229
    outer loop
      vertex 23.4158 36.9 6.25607
      vertex 24.0008 38.7 7.62467
      vertex 23.4079 36.9 6.26117
    endloop
  endfacet
  facet normal 0.352076 -0.631612 0.69073
    outer loop
      vertex 24.15 38.7 7.52776
      vertex 23.4241 36.9 6.25182
      vertex 24.3085 38.7 7.44697
    endloop
  endfacet
  facet normal 0.353341 -0.631644 0.690055
    outer loop
      vertex 23.4241 36.9 6.25182
      vertex 24.15 38.7 7.52776
      vertex 23.4158 36.9 6.25607
    endloop
  endfacet
  facet normal -0.420414 -0.631786 0.651229
    outer loop
      vertex 25.9992 38.7 7.62467
      vertex 26.5842 36.9 6.25607
      vertex 26.5921 36.9 6.26117
    endloop
  endfacet
  facet normal -0.422311 -0.631603 0.650178
    outer loop
      vertex 26.5842 36.9 6.25607
      vertex 25.9992 38.7 7.62467
      vertex 25.85 38.7 7.52776
    endloop
  endfacet
  facet normal -0.351946 -0.6316 0.690808
    outer loop
      vertex 26.2887 36.9 6.1055
      vertex 26.5759 36.9 6.25182
      vertex 25.6915 38.7 7.44697
    endloop
  endfacet
  facet normal 0.49145 -0.631502 -0.599735
    outer loop
      vertex 23.1304 36.9 11.5574
      vertex 24.0008 38.7 10.3753
      vertex 23.1376 36.9 11.5633
    endloop
  endfacet
  facet normal 0.487922 -0.63161 -0.602496
    outer loop
      vertex 24.0008 38.7 10.3753
      vertex 23.1304 36.9 11.5574
      vertex 23.8625 38.7 10.2633
    endloop
  endfacet
  facet normal 0.422187 -0.631621 -0.650241
    outer loop
      vertex 24.0008 38.7 10.3753
      vertex 23.4079 36.9 11.7388
      vertex 23.1376 36.9 11.5633
    endloop
  endfacet
  facet normal 0.351905 -0.631608 -0.690821
    outer loop
      vertex 24.3085 38.7 10.553
      vertex 23.7113 36.9 11.8945
      vertex 23.4241 36.9 11.7482
    endloop
  endfacet
  facet normal 0.0411815 -0.631585 -0.774212
    outer loop
      vertex 24.9906 36.9 12.1679
      vertex 25 38.7 10.7
      vertex 25 36.9 12.1684
    endloop
  endfacet
  facet normal 0.0405199 -0.6316 -0.774235
    outer loop
      vertex 25 38.7 10.7
      vertex 24.9906 36.9 12.1679
      vertex 24.8223 38.7 10.6907
    endloop
  endfacet
  facet normal 0.6883 -0.631733 -0.356589
    outer loop
      vertex 22.2518 36.9 10.5759
      vertex 23.5278 38.7 9.85
      vertex 22.2561 36.9 10.5842
    endloop
  endfacet
  facet normal 0.690748 -0.631625 -0.352018
    outer loop
      vertex 23.5278 38.7 9.85
      vertex 22.2518 36.9 10.5759
      vertex 23.447 38.7 9.69145
    endloop
  endfacet
  facet normal -0.602449 -0.631603 -0.487989
    outer loop
      vertex 26.3753 38.7 9.99923
      vertex 27.5574 36.9 10.8696
      vertex 26.2633 38.7 10.1375
    endloop
  endfacet
  facet normal -0.599738 -0.631498 -0.491452
    outer loop
      vertex 27.5574 36.9 10.8696
      vertex 26.3753 38.7 9.99923
      vertex 27.5633 36.9 10.8624
    endloop
  endfacet
  facet normal -0.356589 -0.631733 -0.6883
    outer loop
      vertex 26.5759 36.9 11.7482
      vertex 25.85 38.7 10.4722
      vertex 26.5842 36.9 11.7439
    endloop
  endfacet
  facet normal -0.352105 -0.631627 -0.690702
    outer loop
      vertex 25.85 38.7 10.4722
      vertex 26.5759 36.9 11.7482
      vertex 25.6915 38.7 10.553
    endloop
  endfacet
  facet normal 0.723759 -0.631591 0.277967
    outer loop
      vertex 21.9867 36.9 8.0209
      vertex 23.447 38.7 8.30855
      vertex 23.3832 38.7 8.47467
    endloop
  endfacet
  facet normal 0.725042 -0.631958 0.273757
    outer loop
      vertex 23.447 38.7 8.30855
      vertex 21.9867 36.9 8.0209
      vertex 21.99 36.9 8.01216
    endloop
  endfacet
  facet normal 0.748866 -0.631624 0.200628
    outer loop
      vertex 21.9842 36.9 8.02995
      vertex 23.3372 38.7 8.64655
      vertex 21.9008 36.9 8.34125
    endloop
  endfacet
  facet normal 0.650241 -0.63161 0.422203
    outer loop
      vertex 22.4367 36.9 7.13765
      vertex 23.6247 38.7 8.00077
      vertex 22.2612 36.9 7.40794
    endloop
  endfacet
  facet normal 0.723784 -0.631614 0.277851
    outer loop
      vertex 22.1055 36.9 7.71129
      vertex 23.447 38.7 8.30855
      vertex 21.99 36.9 8.01216
    endloop
  endfacet
  facet normal 0.422223 -0.631618 0.650221
    outer loop
      vertex 23.4079 36.9 6.26117
      vertex 24.0008 38.7 7.62467
      vertex 23.1376 36.9 6.43669
    endloop
  endfacet
  facet normal 0.48787 -0.631607 0.60254
    outer loop
      vertex 23.1304 36.9 6.44259
      vertex 24.0008 38.7 7.62467
      vertex 23.8625 38.7 7.73665
    endloop
  endfacet
  facet normal 0.491452 -0.631498 0.599738
    outer loop
      vertex 24.0008 38.7 7.62467
      vertex 23.1304 36.9 6.44259
      vertex 23.1376 36.9 6.43669
    endloop
  endfacet
  facet normal -0.353341 -0.631644 0.690055
    outer loop
      vertex 25.85 38.7 7.52776
      vertex 26.5759 36.9 6.25182
      vertex 26.5842 36.9 6.25607
    endloop
  endfacet
  facet normal -0.352076 -0.631612 0.69073
    outer loop
      vertex 26.5759 36.9 6.25182
      vertex 25.85 38.7 7.52776
      vertex 25.6915 38.7 7.44697
    endloop
  endfacet
  facet normal -0.121273 -0.631605 0.765747
    outer loop
      vertex 25.3312 36.9 5.84894
      vertex 25.6495 36.9 5.89935
      vertex 25.1777 38.7 7.30931
    endloop
  endfacet
  facet normal -0.121044 -0.631599 0.765788
    outer loop
      vertex 25.3535 38.7 7.33715
      vertex 25.6495 36.9 5.89935
      vertex 25.6588 36.9 5.90082
    endloop
  endfacet
  facet normal -0.121265 -0.631604 0.765748
    outer loop
      vertex 25.6495 36.9 5.89935
      vertex 25.3535 38.7 7.33715
      vertex 25.1777 38.7 7.30931
    endloop
  endfacet
  facet normal -0.279356 -0.631467 0.723333
    outer loop
      vertex 25.6915 38.7 7.44697
      vertex 25.9791 36.9 5.98665
      vertex 25.9878 36.9 5.99001
    endloop
  endfacet
  facet normal -0.27773 -0.631612 0.723832
    outer loop
      vertex 25.9791 36.9 5.98665
      vertex 25.6915 38.7 7.44697
      vertex 25.5253 38.7 7.3832
    endloop
  endfacet
  facet normal -0.199258 -0.63157 0.749277
    outer loop
      vertex 25.5253 38.7 7.3832
      vertex 25.97 36.9 5.98423
      vertex 25.9791 36.9 5.98665
    endloop
  endfacet
  facet normal -0.200726 -0.631605 0.748855
    outer loop
      vertex 25.97 36.9 5.98423
      vertex 25.5253 38.7 7.3832
      vertex 25.3535 38.7 7.33715
    endloop
  endfacet
  facet normal 0.422279 -0.631606 -0.650196
    outer loop
      vertex 23.4158 36.9 11.7439
      vertex 24.0008 38.7 10.3753
      vertex 24.15 38.7 10.4722
    endloop
  endfacet
  facet normal 0.420414 -0.631786 -0.651229
    outer loop
      vertex 24.0008 38.7 10.3753
      vertex 23.4158 36.9 11.7439
      vertex 23.4079 36.9 11.7388
    endloop
  endfacet
  facet normal 0.200693 -0.631597 -0.748871
    outer loop
      vertex 24.6465 38.7 10.6629
      vertex 24.3412 36.9 12.0992
      vertex 24.03 36.9 12.0158
    endloop
  endfacet
  facet normal 0.352105 -0.631627 -0.690702
    outer loop
      vertex 23.4241 36.9 11.7482
      vertex 24.15 38.7 10.4722
      vertex 24.3085 38.7 10.553
    endloop
  endfacet
  facet normal 0.356589 -0.631733 -0.6883
    outer loop
      vertex 24.15 38.7 10.4722
      vertex 23.4241 36.9 11.7482
      vertex 23.4158 36.9 11.7439
    endloop
  endfacet
  facet normal 0.121099 -0.631575 -0.765799
    outer loop
      vertex 24.3505 36.9 12.1006
      vertex 24.6465 38.7 10.6629
      vertex 24.8223 38.7 10.6907
    endloop
  endfacet
  facet normal 0.115431 -0.631434 -0.76679
    outer loop
      vertex 24.6465 38.7 10.6629
      vertex 24.3505 36.9 12.1006
      vertex 24.3412 36.9 12.0992
    endloop
  endfacet
  facet normal 0.748931 -0.631607 0.200435
    outer loop
      vertex 21.9842 36.9 8.02995
      vertex 23.3832 38.7 8.47467
      vertex 23.3372 38.7 8.64655
    endloop
  endfacet
  facet normal 0.747198 -0.631736 0.206408
    outer loop
      vertex 23.3832 38.7 8.47467
      vertex 21.9842 36.9 8.02995
      vertex 21.9867 36.9 8.0209
    endloop
  endfacet
  facet normal 0.650232 -0.631609 0.422217
    outer loop
      vertex 22.2561 36.9 7.41579
      vertex 23.6247 38.7 8.00077
      vertex 23.5278 38.7 8.15
    endloop
  endfacet
  facet normal 0.65014 -0.631593 0.422384
    outer loop
      vertex 23.6247 38.7 8.00077
      vertex 22.2561 36.9 7.41579
      vertex 22.2612 36.9 7.40794
    endloop
  endfacet
  facet normal 0.690751 -0.631621 0.352019
    outer loop
      vertex 22.2518 36.9 7.42413
      vertex 23.5278 38.7 8.15
      vertex 23.447 38.7 8.30855
    endloop
  endfacet
  facet normal 0.689023 -0.6317 0.355251
    outer loop
      vertex 23.5278 38.7 8.15
      vertex 22.2518 36.9 7.42413
      vertex 22.2561 36.9 7.41579
    endloop
  endfacet
  facet normal 0 0.707085 -0.707128
    outer loop
      vertex 5 39.405 3
      vertex 33 39.9 3.49497
      vertex 33 39.405 3
    endloop
  endfacet
  facet normal 0 0.707085 -0.707128
    outer loop
      vertex 33 39.9 3.49497
      vertex 5 39.405 3
      vertex 5 39.9 3.49497
    endloop
  endfacet
  facet normal 0 -0.707092 0.707121
    outer loop
      vertex 5 39.9 2.50502
      vertex 33 40.395 3
      vertex 5 40.395 3
    endloop
  endfacet
  facet normal 0 -0.707092 0.707121
    outer loop
      vertex 33 40.395 3
      vertex 5 39.9 2.50502
      vertex 33 39.9 2.50502
    endloop
  endfacet
  facet normal -0 0.707092 0.707121
    outer loop
      vertex 5 39.9 2.50502
      vertex 33 39.405 3
      vertex 33 39.9 2.50502
    endloop
  endfacet
  facet normal 0 0.707092 0.707121
    outer loop
      vertex 33 39.405 3
      vertex 5 39.9 2.50502
      vertex 5 39.405 3
    endloop
  endfacet
  facet normal 0 -0.707092 0.707121
    outer loop
      vertex 5 59.295 3
      vertex 33 58.8 2.50502
      vertex 33 59.295 3
    endloop
  endfacet
  facet normal 0 -0.707092 0.707121
    outer loop
      vertex 33 58.8 2.50502
      vertex 5 59.295 3
      vertex 5 58.8 2.50502
    endloop
  endfacet
  facet normal 0 -0.707085 -0.707128
    outer loop
      vertex 5 58.8 3.49497
      vertex 33 59.295 3
      vertex 33 58.8 3.49497
    endloop
  endfacet
  facet normal -0 -0.707085 -0.707128
    outer loop
      vertex 33 59.295 3
      vertex 5 58.8 3.49497
      vertex 5 59.295 3
    endloop
  endfacet
  facet normal -0 0.707092 0.707121
    outer loop
      vertex 5 58.8 2.50502
      vertex 33 58.305 3
      vertex 33 58.8 2.50502
    endloop
  endfacet
  facet normal 0 0.707092 0.707121
    outer loop
      vertex 33 58.305 3
      vertex 5 58.8 2.50502
      vertex 5 58.305 3
    endloop
  endfacet
  facet normal -0.000298162 -0.706843 0.707371
    outer loop
      vertex 5.51032 58.8 11.51
      vertex 7.5 59.7899 12.5
      vertex 7.23868 59.7763 12.4863
    endloop
  endfacet
  facet normal 0 -0.707142 0.707071
    outer loop
      vertex 7.5 59.7899 12.5
      vertex 5.51032 58.8 11.51
      vertex 30.5 59.7899 12.5
    endloop
  endfacet
  facet normal 0.000380235 -0.707443 0.70677
    outer loop
      vertex 5.51032 58.8 11.51
      vertex 7.23868 59.7763 12.4863
      vertex 6.98022 59.7353 12.4454
    endloop
  endfacet
  facet normal 0 -0.707142 0.707071
    outer loop
      vertex 32.4897 58.8 11.51
      vertex 30.5 59.7899 12.5
      vertex 5.51032 58.8 11.51
    endloop
  endfacet
  facet normal -0.000448345 -0.706792 0.707421
    outer loop
      vertex 5.51032 58.8 11.51
      vertex 6.98022 59.7353 12.4454
      vertex 6.72746 59.6676 12.3776
    endloop
  endfacet
  facet normal 0.000298188 -0.706843 0.707371
    outer loop
      vertex 30.5 59.7899 12.5
      vertex 32.4897 58.8 11.51
      vertex 30.7613 59.7763 12.4863
    endloop
  endfacet
  facet normal 0.000626979 -0.707546 0.706667
    outer loop
      vertex 5.51032 58.8 11.51
      vertex 6.72746 59.6676 12.3776
      vertex 6.48316 59.5738 12.2839
    endloop
  endfacet
  facet normal -0.000380157 -0.707443 0.70677
    outer loop
      vertex 30.7613 59.7763 12.4863
      vertex 32.4897 58.8 11.51
      vertex 31.0198 59.7353 12.4454
    endloop
  endfacet
  facet normal 0.000129521 -0.707234 0.70698
    outer loop
      vertex 5.51032 58.8 11.51
      vertex 6.48316 59.5738 12.2839
      vertex 6.25 59.455 12.1651
    endloop
  endfacet
  facet normal 0.000448529 -0.706792 0.707421
    outer loop
      vertex 31.0198 59.7353 12.4454
      vertex 32.4897 58.8 11.51
      vertex 31.2725 59.6676 12.3776
    endloop
  endfacet
  facet normal -0.000945801 -0.706626 0.707586
    outer loop
      vertex 5.51032 58.8 11.51
      vertex 6.25 59.455 12.1651
      vertex 6.03054 59.3125 12.0225
    endloop
  endfacet
  facet normal -0.000627015 -0.707546 0.706667
    outer loop
      vertex 31.2725 59.6676 12.3776
      vertex 32.4897 58.8 11.51
      vertex 31.5168 59.5738 12.2839
    endloop
  endfacet
  facet normal 0.00195118 -0.708095 0.706114
    outer loop
      vertex 5.51032 58.8 11.51
      vertex 6.03054 59.3125 12.0225
      vertex 5.82717 59.1478 11.8579
    endloop
  endfacet
  facet normal -0.000129474 -0.707234 0.70698
    outer loop
      vertex 31.5168 59.5738 12.2839
      vertex 32.4897 58.8 11.51
      vertex 31.75 59.455 12.1651
    endloop
  endfacet
  facet normal -0.00200916 -0.706291 0.707918
    outer loop
      vertex 5.51032 58.8 11.51
      vertex 5.82717 59.1478 11.8579
      vertex 5.64214 58.9628 11.6728
    endloop
  endfacet
  facet normal 0.000945225 -0.706627 0.707586
    outer loop
      vertex 31.75 59.455 12.1651
      vertex 32.4897 58.8 11.51
      vertex 31.9695 59.3125 12.0225
    endloop
  endfacet
  facet normal -0.00195461 -0.708097 0.706113
    outer loop
      vertex 31.9695 59.3125 12.0225
      vertex 32.4897 58.8 11.51
      vertex 32.1728 59.1478 11.8579
    endloop
  endfacet
  facet normal 0.00200388 -0.706294 0.707916
    outer loop
      vertex 32.1728 59.1478 11.8579
      vertex 32.4897 58.8 11.51
      vertex 32.3579 58.9628 11.6728
    endloop
  endfacet
endsolid OpenSCAD_Model
