solid OpenSCAD_Model
  facet normal 0 0 1
    outer loop
      vertex -17.0985 18.1135 1.25
      vertex -16.5806 19.0583 1.25
      vertex -16.9623 18.7123 1.25
    endloop
  endfacet
  facet normal -0 0 1
    outer loop
      vertex -16.5806 19.0583 1.25
      vertex -17.0985 18.1135 1.25
      vertex -16.2071 19.3353 1.25
    endloop
  endfacet
  facet normal -0 0 1
    outer loop
      vertex -17.3083 18.3306 1.25
      vertex -17.0985 18.1135 1.25
      vertex -16.9623 18.7123 1.25
    endloop
  endfacet
  facet normal 0 0 1
    outer loop
      vertex -17.0985 18.1135 1.25
      vertex -17.3083 18.3306 1.25
      vertex -17.1394 18.0523 1.25
    endloop
  endfacet
  facet normal 0 0 1
    outer loop
      vertex -17.1394 18.0523 1.25
      vertex -17.3083 18.3306 1.25
      vertex -17.2453 17.8755 1.25
    endloop
  endfacet
  facet normal -0 0 1
    outer loop
      vertex -17.6152 17.9167 1.25
      vertex -17.2453 17.8755 1.25
      vertex -17.3083 18.3306 1.25
    endloop
  endfacet
  facet normal 0 0 1
    outer loop
      vertex -17.2453 17.8755 1.25
      vertex -17.6152 17.9167 1.25
      vertex -17.28 17.8106 1.25
    endloop
  endfacet
  facet normal 0 0 1
    outer loop
      vertex -17.28 17.8106 1.25
      vertex -17.6152 17.9167 1.25
      vertex -17.3681 17.6243 1.25
    endloop
  endfacet
  facet normal 0 0 1
    outer loop
      vertex -17.3681 17.6243 1.25
      vertex -17.6152 17.9167 1.25
      vertex -17.3963 17.5563 1.25
    endloop
  endfacet
  facet normal 0 0 1
    outer loop
      vertex -17.8801 17.4748 1.25
      vertex -17.3963 17.5563 1.25
      vertex -17.6152 17.9167 1.25
    endloop
  endfacet
  facet normal 0 0 1
    outer loop
      vertex -17.3963 17.5563 1.25
      vertex -17.8801 17.4748 1.25
      vertex -17.4657 17.3623 1.25
    endloop
  endfacet
  facet normal 0 0 1
    outer loop
      vertex -17.4657 17.3623 1.25
      vertex -17.8801 17.4748 1.25
      vertex -17.4871 17.2919 1.25
    endloop
  endfacet
  facet normal 0 0 1
    outer loop
      vertex -17.5818 16.8158 1.25
      vertex -18.1004 17.0091 1.25
      vertex -17.589 16.7427 1.25
    endloop
  endfacet
  facet normal 0 0 1
    outer loop
      vertex -17.5515 17.0197 1.25
      vertex -18.1004 17.0091 1.25
      vertex -17.5818 16.8158 1.25
    endloop
  endfacet
  facet normal 0 0 1
    outer loop
      vertex -17.5372 17.0919 1.25
      vertex -18.1004 17.0091 1.25
      vertex -17.5515 17.0197 1.25
    endloop
  endfacet
  facet normal 0 0 1
    outer loop
      vertex -18.1004 17.0091 1.25
      vertex -17.5372 17.0919 1.25
      vertex -17.8801 17.4748 1.25
    endloop
  endfacet
  facet normal 0 0 1
    outer loop
      vertex -17.4871 17.2919 1.25
      vertex -17.8801 17.4748 1.25
      vertex -17.5372 17.0919 1.25
    endloop
  endfacet
  facet normal 0 0 1
    outer loop
      vertex 18.2739 16.524 1.25
      vertex 17.589 16.7427 1.25
      vertex 17.5991 16.5368 1.25
    endloop
  endfacet
  facet normal 0 0 1
    outer loop
      vertex 17.8801 17.4748 1.25
      vertex 17.5818 16.8158 1.25
      vertex 17.589 16.7427 1.25
    endloop
  endfacet
  facet normal 0 0 1
    outer loop
      vertex 17.8801 17.4748 1.25
      vertex 17.5515 17.0197 1.25
      vertex 17.5818 16.8158 1.25
    endloop
  endfacet
  facet normal 0 0 1
    outer loop
      vertex 17.8801 17.4748 1.25
      vertex 17.5372 17.0919 1.25
      vertex 17.5515 17.0197 1.25
    endloop
  endfacet
  facet normal 0 0 1
    outer loop
      vertex 17.8801 17.4748 1.25
      vertex 17.4871 17.2919 1.25
      vertex 17.5372 17.0919 1.25
    endloop
  endfacet
  facet normal 0 0 1
    outer loop
      vertex 17.8801 17.4748 1.25
      vertex 17.4657 17.3623 1.25
      vertex 17.4871 17.2919 1.25
    endloop
  endfacet
  facet normal 0 0 1
    outer loop
      vertex 17.8801 17.4748 1.25
      vertex 17.3963 17.5563 1.25
      vertex 17.4657 17.3623 1.25
    endloop
  endfacet
  facet normal 0 0 1
    outer loop
      vertex 17.6152 17.9167 1.25
      vertex 17.3681 17.6243 1.25
      vertex 17.3963 17.5563 1.25
    endloop
  endfacet
  facet normal 0 0 1
    outer loop
      vertex 17.2453 17.8755 1.25
      vertex 17.6152 17.9167 1.25
      vertex 17.3083 18.3306 1.25
    endloop
  endfacet
  facet normal 0 0 1
    outer loop
      vertex 17.6152 17.9167 1.25
      vertex 17.28 17.8106 1.25
      vertex 17.3681 17.6243 1.25
    endloop
  endfacet
  facet normal 0 0 1
    outer loop
      vertex 17.6152 17.9167 1.25
      vertex 17.2453 17.8755 1.25
      vertex 17.28 17.8106 1.25
    endloop
  endfacet
  facet normal 0 0 1
    outer loop
      vertex 17.3083 18.3306 1.25
      vertex 17.1394 18.0523 1.25
      vertex 17.2453 17.8755 1.25
    endloop
  endfacet
  facet normal 0 0 1
    outer loop
      vertex 17.3083 18.3306 1.25
      vertex 17.0985 18.1135 1.25
      vertex 17.1394 18.0523 1.25
    endloop
  endfacet
  facet normal 0 0 1
    outer loop
      vertex 16.9623 18.7123 1.25
      vertex 17.0985 18.1135 1.25
      vertex 17.3083 18.3306 1.25
    endloop
  endfacet
  facet normal 0 0 1
    outer loop
      vertex 16.5806 19.0583 1.25
      vertex 17.0985 18.1135 1.25
      vertex 16.9623 18.7123 1.25
    endloop
  endfacet
  facet normal 0 0 1
    outer loop
      vertex 17.0985 18.1135 1.25
      vertex 16.5806 19.0583 1.25
      vertex 16.2071 19.3353 1.25
    endloop
  endfacet
  facet normal -0 0 1
    outer loop
      vertex 17.3963 15.4437 1.25
      vertex 18.5 15 1.25
      vertex 18.4747 15.5146 1.25
    endloop
  endfacet
  facet normal 0 0 1
    outer loop
      vertex 16.5859 14.321 1.25
      vertex 18.5 15 1.25
      vertex 16.7386 14.4594 1.25
    endloop
  endfacet
  facet normal -0 0 1
    outer loop
      vertex 17.5372 15.9081 1.25
      vertex 18.4747 15.5146 1.25
      vertex 18.3991 16.0242 1.25
    endloop
  endfacet
  facet normal 0 0 1
    outer loop
      vertex 18.5 15 1.25
      vertex 16.9757 14.721 1.25
      vertex 16.929 14.6641 1.25
    endloop
  endfacet
  facet normal -0 0 1
    outer loop
      vertex 17.589 16.2574 1.25
      vertex 18.3991 16.0242 1.25
      vertex 18.2739 16.524 1.25
    endloop
  endfacet
  facet normal -0 0 1
    outer loop
      vertex 17.589 16.7427 1.25
      vertex 18.2739 16.524 1.25
      vertex 18.1004 17.0091 1.25
    endloop
  endfacet
  facet normal 0 0 1
    outer loop
      vertex 17.589 16.7427 1.25
      vertex 18.1004 17.0091 1.25
      vertex 17.8801 17.4748 1.25
    endloop
  endfacet
  facet normal 0 0 1
    outer loop
      vertex 18.3991 16.0242 1.25
      vertex 17.5515 15.9803 1.25
      vertex 17.5372 15.9081 1.25
    endloop
  endfacet
  facet normal 0 0 1
    outer loop
      vertex 18.4747 15.5146 1.25
      vertex 17.5372 15.9081 1.25
      vertex 17.4871 15.7082 1.25
    endloop
  endfacet
  facet normal -0 0 1
    outer loop
      vertex 17.3963 17.5563 1.25
      vertex 17.8801 17.4748 1.25
      vertex 17.6152 17.9167 1.25
    endloop
  endfacet
  facet normal 0 0 1
    outer loop
      vertex 18.2739 16.524 1.25
      vertex 17.5991 16.5368 1.25
      vertex 17.5991 16.4632 1.25
    endloop
  endfacet
  facet normal 0 0 1
    outer loop
      vertex 18.2739 16.524 1.25
      vertex 17.5991 16.4632 1.25
      vertex 17.589 16.2574 1.25
    endloop
  endfacet
  facet normal 0 0 1
    outer loop
      vertex 18.3991 16.0242 1.25
      vertex 17.589 16.2574 1.25
      vertex 17.5818 16.1842 1.25
    endloop
  endfacet
  facet normal 0 0 1
    outer loop
      vertex 18.3991 16.0242 1.25
      vertex 17.5818 16.1842 1.25
      vertex 17.5515 15.9803 1.25
    endloop
  endfacet
  facet normal 0 0 1
    outer loop
      vertex 18.4747 15.5146 1.25
      vertex 17.4871 15.7082 1.25
      vertex 17.4657 15.6378 1.25
    endloop
  endfacet
  facet normal 0 0 1
    outer loop
      vertex 18.4747 15.5146 1.25
      vertex 17.4657 15.6378 1.25
      vertex 17.3963 15.4437 1.25
    endloop
  endfacet
  facet normal 0 0 1
    outer loop
      vertex 18.5 15 1.25
      vertex 17.3963 15.4437 1.25
      vertex 17.3681 15.3757 1.25
    endloop
  endfacet
  facet normal 0 0 1
    outer loop
      vertex 18.5 15 1.25
      vertex 17.3681 15.3757 1.25
      vertex 17.28 15.1894 1.25
    endloop
  endfacet
  facet normal 0 0 1
    outer loop
      vertex 18.5 15 1.25
      vertex 17.28 15.1894 1.25
      vertex 17.2453 15.1245 1.25
    endloop
  endfacet
  facet normal 0 0 1
    outer loop
      vertex 18.5 15 1.25
      vertex 17.2453 15.1245 1.25
      vertex 17.1394 14.9477 1.25
    endloop
  endfacet
  facet normal 0 0 1
    outer loop
      vertex 18.5 15 1.25
      vertex 17.1394 14.9477 1.25
      vertex 17.0985 14.8866 1.25
    endloop
  endfacet
  facet normal 0 0 1
    outer loop
      vertex 18.5 15 1.25
      vertex 17.0985 14.8866 1.25
      vertex 16.9757 14.721 1.25
    endloop
  endfacet
  facet normal 0 0 1
    outer loop
      vertex 18.5 15 1.25
      vertex 16.929 14.6641 1.25
      vertex 16.7906 14.5114 1.25
    endloop
  endfacet
  facet normal 0 0 1
    outer loop
      vertex 18.5 15 1.25
      vertex 16.7906 14.5114 1.25
      vertex 16.7386 14.4594 1.25
    endloop
  endfacet
  facet normal 0 0 1
    outer loop
      vertex 16.529 14.2743 1.25
      vertex 18.5 15 1.25
      vertex 16.5859 14.321 1.25
    endloop
  endfacet
  facet normal 0 0 1
    outer loop
      vertex 18.5 15 1.25
      vertex 16.529 14.2743 1.25
      vertex 18.5 7.34308 1.25
    endloop
  endfacet
  facet normal -0 0 1
    outer loop
      vertex 16.3634 14.1515 1.25
      vertex 18.5 7.34308 1.25
      vertex 16.529 14.2743 1.25
    endloop
  endfacet
  facet normal -0 0 1
    outer loop
      vertex 16.3023 14.1106 1.25
      vertex 18.5 7.34308 1.25
      vertex 16.3634 14.1515 1.25
    endloop
  endfacet
  facet normal -0 0 1
    outer loop
      vertex 16.1255 14.0047 1.25
      vertex 18.5 7.34308 1.25
      vertex 16.3023 14.1106 1.25
    endloop
  endfacet
  facet normal -0 0 1
    outer loop
      vertex 16.0606 13.97 1.25
      vertex 18.5 7.34308 1.25
      vertex 16.1255 14.0047 1.25
    endloop
  endfacet
  facet normal -0 0 1
    outer loop
      vertex 15.8743 13.8819 1.25
      vertex 18.5 7.34308 1.25
      vertex 16.0606 13.97 1.25
    endloop
  endfacet
  facet normal -0 0 1
    outer loop
      vertex 15.8063 13.8537 1.25
      vertex 18.5 7.34308 1.25
      vertex 15.8743 13.8819 1.25
    endloop
  endfacet
  facet normal -0 0 1
    outer loop
      vertex 15.6122 13.7843 1.25
      vertex 18.5 7.34308 1.25
      vertex 15.8063 13.8537 1.25
    endloop
  endfacet
  facet normal 0 0 1
    outer loop
      vertex 18.5 7.34308 1.25
      vertex 15.6122 13.7843 1.25
      vertex 18.4199 7.29504 1.25
    endloop
  endfacet
  facet normal -0 0 1
    outer loop
      vertex 15.5418 13.7629 1.25
      vertex 18.4199 7.29504 1.25
      vertex 15.6122 13.7843 1.25
    endloop
  endfacet
  facet normal 0 0 1
    outer loop
      vertex 18.4199 7.29504 1.25
      vertex 15.5418 13.7629 1.25
      vertex 18.3587 7.25415 1.25
    endloop
  endfacet
  facet normal -0 0 1
    outer loop
      vertex 15.3419 13.7128 1.25
      vertex 18.3587 7.25415 1.25
      vertex 15.5418 13.7629 1.25
    endloop
  endfacet
  facet normal -0 0 1
    outer loop
      vertex 15.2697 13.6985 1.25
      vertex 18.3587 7.25415 1.25
      vertex 15.3419 13.7128 1.25
    endloop
  endfacet
  facet normal 0 0 1
    outer loop
      vertex 18.3587 7.25415 1.25
      vertex 15.2697 13.6985 1.25
      vertex 17.7281 6.78648 1.25
    endloop
  endfacet
  facet normal -0 0 1
    outer loop
      vertex 15.0658 13.6682 1.25
      vertex 17.7281 6.78648 1.25
      vertex 15.2697 13.6985 1.25
    endloop
  endfacet
  facet normal -0 0 1
    outer loop
      vertex 14.9926 13.661 1.25
      vertex 17.7281 6.78648 1.25
      vertex 15.0658 13.6682 1.25
    endloop
  endfacet
  facet normal 0 0 1
    outer loop
      vertex 17.7281 6.78648 1.25
      vertex 14.9926 13.661 1.25
      vertex 17.6712 6.73979 1.25
    endloop
  endfacet
  facet normal -0 0 1
    outer loop
      vertex 14.7868 13.6509 1.25
      vertex 17.6712 6.73979 1.25
      vertex 14.9926 13.661 1.25
    endloop
  endfacet
  facet normal -0 0 1
    outer loop
      vertex 14.7132 13.6509 1.25
      vertex 17.6712 6.73979 1.25
      vertex 14.7868 13.6509 1.25
    endloop
  endfacet
  facet normal 0 0 1
    outer loop
      vertex 17.6712 6.73979 1.25
      vertex 14.7132 13.6509 1.25
      vertex 17.0895 6.21255 1.25
    endloop
  endfacet
  facet normal 0 0 1
    outer loop
      vertex 14.5073 13.661 1.25
      vertex 17.0895 6.21255 1.25
      vertex 14.7132 13.6509 1.25
    endloop
  endfacet
  facet normal 0 0 1
    outer loop
      vertex 14.4342 13.6682 1.25
      vertex 17.0895 6.21255 1.25
      vertex 14.5073 13.661 1.25
    endloop
  endfacet
  facet normal 0 0 1
    outer loop
      vertex 17.0895 6.21255 1.25
      vertex 14.4342 13.6682 1.25
      vertex 17.0374 6.16052 1.25
    endloop
  endfacet
  facet normal 0 0 1
    outer loop
      vertex 14.2303 13.6985 1.25
      vertex 17.0374 6.16052 1.25
      vertex 14.4342 13.6682 1.25
    endloop
  endfacet
  facet normal 0 0 1
    outer loop
      vertex 17.0374 6.16052 1.25
      vertex 14.2303 13.6985 1.25
      vertex 16.5102 5.57881 1.25
    endloop
  endfacet
  facet normal 0 0 1
    outer loop
      vertex 14.1581 13.7128 1.25
      vertex 16.5102 5.57881 1.25
      vertex 14.2303 13.6985 1.25
    endloop
  endfacet
  facet normal 0 0 1
    outer loop
      vertex 13.9581 13.7629 1.25
      vertex 16.5102 5.57881 1.25
      vertex 14.1581 13.7128 1.25
    endloop
  endfacet
  facet normal 0 0 1
    outer loop
      vertex 16.5102 5.57881 1.25
      vertex 13.9581 13.7629 1.25
      vertex 16.4635 5.52191 1.25
    endloop
  endfacet
  facet normal 0 0 1
    outer loop
      vertex 13.8877 13.7843 1.25
      vertex 16.4635 5.52191 1.25
      vertex 13.9581 13.7629 1.25
    endloop
  endfacet
  facet normal -0 0 1
    outer loop
      vertex 7 9.5 1.25
      vertex 16.4635 5.52191 1.25
      vertex 13.8877 13.7843 1.25
    endloop
  endfacet
  facet normal 0 0 1
    outer loop
      vertex 16.4635 5.52191 1.25
      vertex 7 9.5 1.25
      vertex 15.9958 4.89133 1.25
    endloop
  endfacet
  facet normal 0 0 1
    outer loop
      vertex 15.9549 4.83012 1.25
      vertex 7 9.5 1.25
      vertex 15.5513 4.15674 1.25
    endloop
  endfacet
  facet normal 0 0 1
    outer loop
      vertex 15.5513 4.15674 1.25
      vertex 7 9.5 1.25
      vertex 15.5166 4.09183 1.25
    endloop
  endfacet
  facet normal 0 0 1
    outer loop
      vertex 15.5166 4.09183 1.25
      vertex 7 9.5 1.25
      vertex 15.181 3.38213 1.25
    endloop
  endfacet
  facet normal 0 0 1
    outer loop
      vertex 15.1528 3.31413 1.25
      vertex 7 9.5 1.25
      vertex 14.8883 2.57494 1.25
    endloop
  endfacet
  facet normal 0 0 1
    outer loop
      vertex 14.8883 2.57494 1.25
      vertex 7 9.5 1.25
      vertex 14.8669 2.50449 1.25
    endloop
  endfacet
  facet normal 0 0 1
    outer loop
      vertex 14.8669 2.50449 1.25
      vertex 7 9.5 1.25
      vertex 14.6762 1.74294 1.25
    endloop
  endfacet
  facet normal 0 0 1
    outer loop
      vertex 14.5394 0.820923 1.25
      vertex 7 9.5 1.25
      vertex 14.5009 0.0367889 1.25
    endloop
  endfacet
  facet normal 0 0 1
    outer loop
      vertex 14.6618 1.67078 1.25
      vertex 7 9.5 1.25
      vertex 14.5466 0.894196 1.25
    endloop
  endfacet
  facet normal -0 0 1
    outer loop
      vertex 16.529 -14.2743 1.25
      vertex 18.5 -15 1.25
      vertex 18.5 -7.34308 1.25
    endloop
  endfacet
  facet normal 0 0 1
    outer loop
      vertex 15.6122 -13.7843 1.25
      vertex 18.5 -7.34308 1.25
      vertex 18.4199 -7.29504 1.25
    endloop
  endfacet
  facet normal -0 -0 1
    outer loop
      vertex 16.7906 -14.5114 1.25
      vertex 18.5 -15 1.25
      vertex 16.7386 -14.4594 1.25
    endloop
  endfacet
  facet normal 0 0 1
    outer loop
      vertex 15.5418 -13.7629 1.25
      vertex 18.4199 -7.29504 1.25
      vertex 18.3587 -7.25415 1.25
    endloop
  endfacet
  facet normal -0 -0 1
    outer loop
      vertex 17.1394 -14.9477 1.25
      vertex 18.5 -15 1.25
      vertex 17.0985 -14.8866 1.25
    endloop
  endfacet
  facet normal 0 -0 1
    outer loop
      vertex 17.3963 -15.4437 1.25
      vertex 18.5 -15 1.25
      vertex 17.3681 -15.3757 1.25
    endloop
  endfacet
  facet normal 0 0 1
    outer loop
      vertex 18.4747 -15.5146 1.25
      vertex 17.5372 -15.9081 1.25
      vertex 18.3991 -16.0242 1.25
    endloop
  endfacet
  facet normal 0 0 1
    outer loop
      vertex 15.2697 -13.6985 1.25
      vertex 18.3587 -7.25415 1.25
      vertex 17.7281 -6.78648 1.25
    endloop
  endfacet
  facet normal 0 0 1
    outer loop
      vertex 14.9926 -13.661 1.25
      vertex 17.7281 -6.78648 1.25
      vertex 17.6712 -6.73979 1.25
    endloop
  endfacet
  facet normal 0 0 1
    outer loop
      vertex 18.3991 -16.0242 1.25
      vertex 17.589 -16.2574 1.25
      vertex 18.2739 -16.524 1.25
    endloop
  endfacet
  facet normal 0 0 1
    outer loop
      vertex 18.2739 -16.524 1.25
      vertex 17.589 -16.7427 1.25
      vertex 18.1004 -17.0091 1.25
    endloop
  endfacet
  facet normal 0 0 1
    outer loop
      vertex 17.589 -16.7427 1.25
      vertex 18.2739 -16.524 1.25
      vertex 17.5991 -16.5368 1.25
    endloop
  endfacet
  facet normal 0 0 1
    outer loop
      vertex 17.5991 -16.5368 1.25
      vertex 18.2739 -16.524 1.25
      vertex 17.5991 -16.4632 1.25
    endloop
  endfacet
  facet normal -0 -0 1
    outer loop
      vertex 17.5991 -16.4632 1.25
      vertex 18.2739 -16.524 1.25
      vertex 17.589 -16.2574 1.25
    endloop
  endfacet
  facet normal 0 -0 1
    outer loop
      vertex 17.589 -16.2574 1.25
      vertex 18.3991 -16.0242 1.25
      vertex 17.5818 -16.1842 1.25
    endloop
  endfacet
  facet normal 0 -0 1
    outer loop
      vertex 17.5818 -16.1842 1.25
      vertex 18.3991 -16.0242 1.25
      vertex 17.5515 -15.9803 1.25
    endloop
  endfacet
  facet normal -0 -0 1
    outer loop
      vertex 17.5515 -15.9803 1.25
      vertex 18.3991 -16.0242 1.25
      vertex 17.5372 -15.9081 1.25
    endloop
  endfacet
  facet normal 0 -0 1
    outer loop
      vertex 17.5372 -15.9081 1.25
      vertex 18.4747 -15.5146 1.25
      vertex 17.4871 -15.7082 1.25
    endloop
  endfacet
  facet normal 0 -0 1
    outer loop
      vertex 17.4871 -15.7082 1.25
      vertex 18.4747 -15.5146 1.25
      vertex 17.4657 -15.6378 1.25
    endloop
  endfacet
  facet normal 0 -0 1
    outer loop
      vertex 17.4657 -15.6378 1.25
      vertex 18.4747 -15.5146 1.25
      vertex 17.3963 -15.4437 1.25
    endloop
  endfacet
  facet normal 0 0 1
    outer loop
      vertex 18.5 -15 1.25
      vertex 17.3963 -15.4437 1.25
      vertex 18.4747 -15.5146 1.25
    endloop
  endfacet
  facet normal 0 -0 1
    outer loop
      vertex 17.3681 -15.3757 1.25
      vertex 18.5 -15 1.25
      vertex 17.28 -15.1894 1.25
    endloop
  endfacet
  facet normal 0 -0 1
    outer loop
      vertex 17.28 -15.1894 1.25
      vertex 18.5 -15 1.25
      vertex 17.2453 -15.1245 1.25
    endloop
  endfacet
  facet normal 0 0 1
    outer loop
      vertex 14.7132 -13.6509 1.25
      vertex 17.6712 -6.73979 1.25
      vertex 17.0895 -6.21255 1.25
    endloop
  endfacet
  facet normal 0 0 1
    outer loop
      vertex 14.4342 -13.6682 1.25
      vertex 17.0895 -6.21255 1.25
      vertex 17.0374 -6.16052 1.25
    endloop
  endfacet
  facet normal 0 -0 1
    outer loop
      vertex 17.2453 -15.1245 1.25
      vertex 18.5 -15 1.25
      vertex 17.1394 -14.9477 1.25
    endloop
  endfacet
  facet normal -0 -0 1
    outer loop
      vertex 17.0985 -14.8866 1.25
      vertex 18.5 -15 1.25
      vertex 16.9757 -14.721 1.25
    endloop
  endfacet
  facet normal -0 -0 1
    outer loop
      vertex 16.9757 -14.721 1.25
      vertex 18.5 -15 1.25
      vertex 16.929 -14.6641 1.25
    endloop
  endfacet
  facet normal -0 -0 1
    outer loop
      vertex 16.929 -14.6641 1.25
      vertex 18.5 -15 1.25
      vertex 16.7906 -14.5114 1.25
    endloop
  endfacet
  facet normal 0 0 1
    outer loop
      vertex 18.5 -15 1.25
      vertex 16.5859 -14.321 1.25
      vertex 16.7386 -14.4594 1.25
    endloop
  endfacet
  facet normal 0 0 1
    outer loop
      vertex 18.5 -15 1.25
      vertex 16.529 -14.2743 1.25
      vertex 16.5859 -14.321 1.25
    endloop
  endfacet
  facet normal 0 0 1
    outer loop
      vertex 14.2303 -13.6985 1.25
      vertex 17.0374 -6.16052 1.25
      vertex 16.5102 -5.57881 1.25
    endloop
  endfacet
  facet normal 0 0 1
    outer loop
      vertex 13.9581 -13.7629 1.25
      vertex 16.5102 -5.57881 1.25
      vertex 16.4635 -5.52191 1.25
    endloop
  endfacet
  facet normal 0 0 1
    outer loop
      vertex 18.5 -7.34308 1.25
      vertex 16.3634 -14.1515 1.25
      vertex 16.529 -14.2743 1.25
    endloop
  endfacet
  facet normal 0 0 1
    outer loop
      vertex 18.5 -7.34308 1.25
      vertex 16.3023 -14.1106 1.25
      vertex 16.3634 -14.1515 1.25
    endloop
  endfacet
  facet normal 0 0 1
    outer loop
      vertex 18.5 -7.34308 1.25
      vertex 16.1255 -14.0047 1.25
      vertex 16.3023 -14.1106 1.25
    endloop
  endfacet
  facet normal 0 0 1
    outer loop
      vertex 18.5 -7.34308 1.25
      vertex 16.0606 -13.97 1.25
      vertex 16.1255 -14.0047 1.25
    endloop
  endfacet
  facet normal 0 0 1
    outer loop
      vertex 7 -9.5 1.25
      vertex 16.4635 -5.52191 1.25
      vertex 15.9958 -4.89133 1.25
    endloop
  endfacet
  facet normal 0 0 1
    outer loop
      vertex 7 -9.5 1.25
      vertex 15.9958 -4.89133 1.25
      vertex 15.9549 -4.83012 1.25
    endloop
  endfacet
  facet normal 0 0 1
    outer loop
      vertex 18.5 -7.34308 1.25
      vertex 15.8743 -13.8819 1.25
      vertex 16.0606 -13.97 1.25
    endloop
  endfacet
  facet normal 0 0 1
    outer loop
      vertex 18.5 -7.34308 1.25
      vertex 15.8063 -13.8537 1.25
      vertex 15.8743 -13.8819 1.25
    endloop
  endfacet
  facet normal 0 0 1
    outer loop
      vertex 18.5 -7.34308 1.25
      vertex 15.6122 -13.7843 1.25
      vertex 15.8063 -13.8537 1.25
    endloop
  endfacet
  facet normal 0 0 1
    outer loop
      vertex 7 -9.5 1.25
      vertex 15.9549 -4.83012 1.25
      vertex 15.5513 -4.15674 1.25
    endloop
  endfacet
  facet normal 0 0 1
    outer loop
      vertex 18.4199 -7.29504 1.25
      vertex 15.5418 -13.7629 1.25
      vertex 15.6122 -13.7843 1.25
    endloop
  endfacet
  facet normal 0 0 1
    outer loop
      vertex 7 -9.5 1.25
      vertex 15.5513 -4.15674 1.25
      vertex 15.5166 -4.09183 1.25
    endloop
  endfacet
  facet normal 0 0 1
    outer loop
      vertex 18.3587 -7.25415 1.25
      vertex 15.3419 -13.7128 1.25
      vertex 15.5418 -13.7629 1.25
    endloop
  endfacet
  facet normal 0 0 1
    outer loop
      vertex 18.3587 -7.25415 1.25
      vertex 15.2697 -13.6985 1.25
      vertex 15.3419 -13.7128 1.25
    endloop
  endfacet
  facet normal 0 0 1
    outer loop
      vertex 7 -9.5 1.25
      vertex 15.5166 -4.09183 1.25
      vertex 15.181 -3.38213 1.25
    endloop
  endfacet
  facet normal 0 0 1
    outer loop
      vertex 7 -9.5 1.25
      vertex 15.181 -3.38213 1.25
      vertex 15.1528 -3.31413 1.25
    endloop
  endfacet
  facet normal 0 0 1
    outer loop
      vertex 17.7281 -6.78648 1.25
      vertex 15.0658 -13.6682 1.25
      vertex 15.2697 -13.6985 1.25
    endloop
  endfacet
  facet normal 0 0 1
    outer loop
      vertex 17.7281 -6.78648 1.25
      vertex 14.9926 -13.661 1.25
      vertex 15.0658 -13.6682 1.25
    endloop
  endfacet
  facet normal 0 0 1
    outer loop
      vertex 7 -9.5 1.25
      vertex 15.1528 -3.31413 1.25
      vertex 14.8883 -2.57494 1.25
    endloop
  endfacet
  facet normal 0 0 1
    outer loop
      vertex 7 -9.5 1.25
      vertex 14.8883 -2.57494 1.25
      vertex 14.8669 -2.50449 1.25
    endloop
  endfacet
  facet normal 0 0 1
    outer loop
      vertex 17.6712 -6.73979 1.25
      vertex 14.7868 -13.6509 1.25
      vertex 14.9926 -13.661 1.25
    endloop
  endfacet
  facet normal 0 0 1
    outer loop
      vertex 17.6712 -6.73979 1.25
      vertex 14.7132 -13.6509 1.25
      vertex 14.7868 -13.6509 1.25
    endloop
  endfacet
  facet normal 0 0 1
    outer loop
      vertex 7 -9.5 1.25
      vertex 14.8669 -2.50449 1.25
      vertex 14.6762 -1.74294 1.25
    endloop
  endfacet
  facet normal 0 0 1
    outer loop
      vertex 7 -9.5 1.25
      vertex 14.6762 -1.74294 1.25
      vertex 14.6618 -1.67078 1.25
    endloop
  endfacet
  facet normal 0 0 1
    outer loop
      vertex 7 -9.5 1.25
      vertex 14.6618 -1.67078 1.25
      vertex 14.5466 -0.894196 1.25
    endloop
  endfacet
  facet normal 0 0 1
    outer loop
      vertex 7 -9.5 1.25
      vertex 14.5466 -0.894196 1.25
      vertex 14.5394 -0.820923 1.25
    endloop
  endfacet
  facet normal 0 0 1
    outer loop
      vertex 17.0895 -6.21255 1.25
      vertex 14.5073 -13.661 1.25
      vertex 14.7132 -13.6509 1.25
    endloop
  endfacet
  facet normal 0 0 1
    outer loop
      vertex 7 -9.5 1.25
      vertex 14.5394 -0.820923 1.25
      vertex 14.5009 -0.0367889 1.25
    endloop
  endfacet
  facet normal 0 0 1
    outer loop
      vertex 14.5009 0.0367889 1.25
      vertex 7 9.5 1.25
      vertex 14.5009 -0.0367889 1.25
    endloop
  endfacet
  facet normal 0 0 1
    outer loop
      vertex 7 -9.5 1.25
      vertex 14.5009 -0.0367889 1.25
      vertex 7 9.5 1.25
    endloop
  endfacet
  facet normal 0 0 1
    outer loop
      vertex 14.5466 0.894196 1.25
      vertex 7 9.5 1.25
      vertex 14.5394 0.820923 1.25
    endloop
  endfacet
  facet normal 0 0 1
    outer loop
      vertex 16.4635 -5.52191 1.25
      vertex 7 -9.5 1.25
      vertex 13.8877 -13.7843 1.25
    endloop
  endfacet
  facet normal 0 0 1
    outer loop
      vertex 14.6762 1.74294 1.25
      vertex 7 9.5 1.25
      vertex 14.6618 1.67078 1.25
    endloop
  endfacet
  facet normal 0 0 1
    outer loop
      vertex 17.0895 -6.21255 1.25
      vertex 14.4342 -13.6682 1.25
      vertex 14.5073 -13.661 1.25
    endloop
  endfacet
  facet normal 0 0 1
    outer loop
      vertex 15.181 3.38213 1.25
      vertex 7 9.5 1.25
      vertex 15.1528 3.31413 1.25
    endloop
  endfacet
  facet normal 0 0 1
    outer loop
      vertex 17.0374 -6.16052 1.25
      vertex 14.2303 -13.6985 1.25
      vertex 14.4342 -13.6682 1.25
    endloop
  endfacet
  facet normal 0 0 1
    outer loop
      vertex 15.9958 4.89133 1.25
      vertex 7 9.5 1.25
      vertex 15.9549 4.83012 1.25
    endloop
  endfacet
  facet normal 0 0 1
    outer loop
      vertex 16.5102 -5.57881 1.25
      vertex 14.1581 -13.7128 1.25
      vertex 14.2303 -13.6985 1.25
    endloop
  endfacet
  facet normal 0 0 1
    outer loop
      vertex 7 9.5 1.25
      vertex 13.8877 13.7843 1.25
      vertex 13.6937 13.8537 1.25
    endloop
  endfacet
  facet normal 0 0 1
    outer loop
      vertex 16.5102 -5.57881 1.25
      vertex 13.9581 -13.7629 1.25
      vertex 14.1581 -13.7128 1.25
    endloop
  endfacet
  facet normal 0 0 1
    outer loop
      vertex 7 9.5 1.25
      vertex 13.6937 13.8537 1.25
      vertex 13.6257 13.8819 1.25
    endloop
  endfacet
  facet normal 0 0 1
    outer loop
      vertex 16.4635 -5.52191 1.25
      vertex 13.8877 -13.7843 1.25
      vertex 13.9581 -13.7629 1.25
    endloop
  endfacet
  facet normal 0 0 1
    outer loop
      vertex 6.9991 9.5368 1.25
      vertex 13.6257 13.8819 1.25
      vertex 13.4394 13.97 1.25
    endloop
  endfacet
  facet normal 0 0 1
    outer loop
      vertex 13.8877 -13.7843 1.25
      vertex 7 -9.5 1.25
      vertex 13.6937 -13.8537 1.25
    endloop
  endfacet
  facet normal 0 0 1
    outer loop
      vertex 6.97261 10.0759 1.25
      vertex 13.4394 13.97 1.25
      vertex 13.3745 14.0047 1.25
    endloop
  endfacet
  facet normal 0 0 1
    outer loop
      vertex 13.6937 -13.8537 1.25
      vertex 7 -9.5 1.25
      vertex 13.6257 -13.8819 1.25
    endloop
  endfacet
  facet normal 0 0 1
    outer loop
      vertex 6.97261 10.0759 1.25
      vertex 13.3745 14.0047 1.25
      vertex 13.1977 14.1106 1.25
    endloop
  endfacet
  facet normal -0 0 1
    outer loop
      vertex 6.9991 -9.5368 1.25
      vertex 13.6257 -13.8819 1.25
      vertex 7 -9.5 1.25
    endloop
  endfacet
  facet normal 0 0 1
    outer loop
      vertex 6.74069 11.2788 1.25
      vertex 13.1977 14.1106 1.25
      vertex 10.9755 15.5264 1.25
    endloop
  endfacet
  facet normal 0 0 1
    outer loop
      vertex 13.6257 -13.8819 1.25
      vertex 6.9991 -9.5368 1.25
      vertex 13.4394 -13.97 1.25
    endloop
  endfacet
  facet normal 0 0 1
    outer loop
      vertex 6.53749 11.8574 1.25
      vertex 10.9755 15.5264 1.25
      vertex 10.9144 15.5672 1.25
    endloop
  endfacet
  facet normal -0 0 1
    outer loop
      vertex 6.97261 -10.0759 1.25
      vertex 13.4394 -13.97 1.25
      vertex 6.9991 -9.5368 1.25
    endloop
  endfacet
  facet normal 0 0 1
    outer loop
      vertex 6.50932 11.9254 1.25
      vertex 10.9144 15.5672 1.25
      vertex 10.7882 15.6608 1.25
    endloop
  endfacet
  facet normal 0 0 1
    outer loop
      vertex 13.4394 -13.97 1.25
      vertex 6.97261 -10.0759 1.25
      vertex 13.3745 -14.0047 1.25
    endloop
  endfacet
  facet normal 0 0 1
    outer loop
      vertex 6.27855 12.4133 1.25
      vertex 10.7882 15.6608 1.25
      vertex 10.7313 15.7075 1.25
    endloop
  endfacet
  facet normal 0 0 1
    outer loop
      vertex 13.3745 -14.0047 1.25
      vertex 6.97261 -10.0759 1.25
      vertex 13.1977 -14.1106 1.25
    endloop
  endfacet
  facet normal 0 0 1
    outer loop
      vertex 6.27855 12.4133 1.25
      vertex 10.7313 15.7075 1.25
      vertex 10.615 15.8129 1.25
    endloop
  endfacet
  facet normal -0 0 1
    outer loop
      vertex 6.96539 -10.1491 1.25
      vertex 13.1977 -14.1106 1.25
      vertex 6.97261 -10.0759 1.25
    endloop
  endfacet
  facet normal 0 0 1
    outer loop
      vertex 6.24385 12.4783 1.25
      vertex 10.615 15.8129 1.25
      vertex 10.5629 15.865 1.25
    endloop
  endfacet
  facet normal -0 0 1
    outer loop
      vertex 6.8862 -10.683 1.25
      vertex 13.1977 -14.1106 1.25
      vertex 6.96539 -10.1491 1.25
    endloop
  endfacet
  facet normal 0 0 1
    outer loop
      vertex 6.24385 12.4783 1.25
      vertex 10.5629 15.865 1.25
      vertex 10.4575 15.9813 1.25
    endloop
  endfacet
  facet normal -0 0 1
    outer loop
      vertex 6.87184 -10.7552 1.25
      vertex 13.1977 -14.1106 1.25
      vertex 6.8862 -10.683 1.25
    endloop
  endfacet
  facet normal 0 0 1
    outer loop
      vertex 5.96637 12.9412 1.25
      vertex 10.4575 15.9813 1.25
      vertex 10.4108 16.0382 1.25
    endloop
  endfacet
  facet normal -0 0 1
    outer loop
      vertex 6.74069 -11.2788 1.25
      vertex 13.1977 -14.1106 1.25
      vertex 6.87184 -10.7552 1.25
    endloop
  endfacet
  facet normal 0 0 1
    outer loop
      vertex 5.96637 12.9412 1.25
      vertex 10.4108 16.0382 1.25
      vertex 10.3172 16.1644 1.25
    endloop
  endfacet
  facet normal 0 0 1
    outer loop
      vertex 13.1977 -14.1106 1.25
      vertex 6.74069 -11.2788 1.25
      vertex 10.9755 -15.5264 1.25
    endloop
  endfacet
  facet normal 0 0 1
    outer loop
      vertex 5.92548 13.0024 1.25
      vertex 10.3172 16.1644 1.25
      vertex 10.2764 16.2255 1.25
    endloop
  endfacet
  facet normal -0 0 1
    outer loop
      vertex 6.71933 -11.3492 1.25
      vertex 10.9755 -15.5264 1.25
      vertex 6.74069 -11.2788 1.25
    endloop
  endfacet
  facet normal 0 0 1
    outer loop
      vertex 5.60396 13.4359 1.25
      vertex 10.2764 16.2255 1.25
      vertex 10.1957 16.3602 1.25
    endloop
  endfacet
  facet normal -0 0 1
    outer loop
      vertex 6.53749 -11.8574 1.25
      vertex 10.9755 -15.5264 1.25
      vertex 6.71933 -11.3492 1.25
    endloop
  endfacet
  facet normal 0 0 1
    outer loop
      vertex 5.60396 13.4359 1.25
      vertex 10.1957 16.3602 1.25
      vertex 10.1609 16.4251 1.25
    endloop
  endfacet
  facet normal 0 0 1
    outer loop
      vertex 10.9755 -15.5264 1.25
      vertex 6.53749 -11.8574 1.25
      vertex 10.9144 -15.5672 1.25
    endloop
  endfacet
  facet normal 0 0 1
    outer loop
      vertex 5.55727 13.4928 1.25
      vertex 10.1609 16.4251 1.25
      vertex 10.0938 16.5671 1.25
    endloop
  endfacet
  facet normal -0 0 1
    outer loop
      vertex 6.50932 -11.9254 1.25
      vertex 10.9144 -15.5672 1.25
      vertex 6.53749 -11.8574 1.25
    endloop
  endfacet
  facet normal 0 0 1
    outer loop
      vertex 5.55727 13.4928 1.25
      vertex 10.0938 16.5671 1.25
      vertex 10.0657 16.635 1.25
    endloop
  endfacet
  facet normal 0 0 1
    outer loop
      vertex 10.9144 -15.5672 1.25
      vertex 6.50932 -11.9254 1.25
      vertex 10.7882 -15.6608 1.25
    endloop
  endfacet
  facet normal 0 0 1
    outer loop
      vertex 5.19479 13.8927 1.25
      vertex 10.0657 16.635 1.25
      vertex 10.0128 16.7829 1.25
    endloop
  endfacet
  facet normal -0 0 1
    outer loop
      vertex 6.27855 -12.4133 1.25
      vertex 10.7882 -15.6608 1.25
      vertex 6.50932 -11.9254 1.25
    endloop
  endfacet
  facet normal 0 0 1
    outer loop
      vertex 5.19479 13.8927 1.25
      vertex 10.0128 16.7829 1.25
      vertex 9.99199 16.8509 1.25
    endloop
  endfacet
  facet normal 0 0 1
    outer loop
      vertex 10.7882 -15.6608 1.25
      vertex 6.27855 -12.4133 1.25
      vertex 10.7313 -15.7075 1.25
    endloop
  endfacet
  facet normal 0 0 1
    outer loop
      vertex 4.25241 14.6755 1.25
      vertex 9.99199 16.8509 1.25
      vertex 9.12866 20.25 1.25
    endloop
  endfacet
  facet normal 0 0 1
    outer loop
      vertex 10.7313 -15.7075 1.25
      vertex 6.27855 -12.4133 1.25
      vertex 10.615 -15.8129 1.25
    endloop
  endfacet
  facet normal -0 0 1
    outer loop
      vertex 6.24385 -12.4783 1.25
      vertex 10.615 -15.8129 1.25
      vertex 6.27855 -12.4133 1.25
    endloop
  endfacet
  facet normal 0 0 1
    outer loop
      vertex 13.6257 13.8819 1.25
      vertex 6.9991 9.5368 1.25
      vertex 7 9.5 1.25
    endloop
  endfacet
  facet normal 0 0 1
    outer loop
      vertex 13.4394 13.97 1.25
      vertex 6.97261 10.0759 1.25
      vertex 6.9991 9.5368 1.25
    endloop
  endfacet
  facet normal 0 0 1
    outer loop
      vertex 13.1977 14.1106 1.25
      vertex 6.96539 10.1491 1.25
      vertex 6.97261 10.0759 1.25
    endloop
  endfacet
  facet normal 0 0 1
    outer loop
      vertex 13.1977 14.1106 1.25
      vertex 6.8862 10.683 1.25
      vertex 6.96539 10.1491 1.25
    endloop
  endfacet
  facet normal 0 0 1
    outer loop
      vertex 13.1977 14.1106 1.25
      vertex 6.87184 10.7552 1.25
      vertex 6.8862 10.683 1.25
    endloop
  endfacet
  facet normal 0 0 1
    outer loop
      vertex 13.1977 14.1106 1.25
      vertex 6.74069 11.2788 1.25
      vertex 6.87184 10.7552 1.25
    endloop
  endfacet
  facet normal 0 0 1
    outer loop
      vertex 10.9755 15.5264 1.25
      vertex 6.71933 11.3492 1.25
      vertex 6.74069 11.2788 1.25
    endloop
  endfacet
  facet normal 0 0 1
    outer loop
      vertex 10.9755 15.5264 1.25
      vertex 6.53749 11.8574 1.25
      vertex 6.71933 11.3492 1.25
    endloop
  endfacet
  facet normal 0 0 1
    outer loop
      vertex 10.9144 15.5672 1.25
      vertex 6.50932 11.9254 1.25
      vertex 6.53749 11.8574 1.25
    endloop
  endfacet
  facet normal 0 0 1
    outer loop
      vertex 10.7882 15.6608 1.25
      vertex 6.27855 12.4133 1.25
      vertex 6.50932 11.9254 1.25
    endloop
  endfacet
  facet normal 0 0 1
    outer loop
      vertex 10.615 15.8129 1.25
      vertex 6.24385 12.4783 1.25
      vertex 6.27855 12.4133 1.25
    endloop
  endfacet
  facet normal 0 0 1
    outer loop
      vertex 10.4575 15.9813 1.25
      vertex 5.96637 12.9412 1.25
      vertex 6.24385 12.4783 1.25
    endloop
  endfacet
  facet normal 0 0 1
    outer loop
      vertex 10.3172 16.1644 1.25
      vertex 5.92548 13.0024 1.25
      vertex 5.96637 12.9412 1.25
    endloop
  endfacet
  facet normal 0 0 1
    outer loop
      vertex 10.2764 16.2255 1.25
      vertex 5.60396 13.4359 1.25
      vertex 5.92548 13.0024 1.25
    endloop
  endfacet
  facet normal 0 0 1
    outer loop
      vertex 10.1609 16.4251 1.25
      vertex 5.55727 13.4928 1.25
      vertex 5.60396 13.4359 1.25
    endloop
  endfacet
  facet normal 0 0 1
    outer loop
      vertex 10.0657 16.635 1.25
      vertex 5.19479 13.8927 1.25
      vertex 5.55727 13.4928 1.25
    endloop
  endfacet
  facet normal 0 0 1
    outer loop
      vertex 9.99199 16.8509 1.25
      vertex 5.14275 13.9448 1.25
      vertex 5.19479 13.8927 1.25
    endloop
  endfacet
  facet normal 0 0 1
    outer loop
      vertex 9.99199 16.8509 1.25
      vertex 4.74281 14.3073 1.25
      vertex 5.14275 13.9448 1.25
    endloop
  endfacet
  facet normal 0 0 1
    outer loop
      vertex 9.99199 16.8509 1.25
      vertex 4.68593 14.354 1.25
      vertex 4.74281 14.3073 1.25
    endloop
  endfacet
  facet normal 0 0 1
    outer loop
      vertex 9.99199 16.8509 1.25
      vertex 4.25241 14.6755 1.25
      vertex 4.68593 14.354 1.25
    endloop
  endfacet
  facet normal 0 0 1
    outer loop
      vertex 9.12866 20.25 1.25
      vertex 4.19121 14.7164 1.25
      vertex 4.25241 14.6755 1.25
    endloop
  endfacet
  facet normal 0 0 1
    outer loop
      vertex 9.12866 20.25 1.25
      vertex 3.72826 14.9939 1.25
      vertex 4.19121 14.7164 1.25
    endloop
  endfacet
  facet normal 0 0 1
    outer loop
      vertex 9.12866 20.25 1.25
      vertex 3.66335 15.0285 1.25
      vertex 3.72826 14.9939 1.25
    endloop
  endfacet
  facet normal 0 0 1
    outer loop
      vertex 9.12866 20.25 1.25
      vertex 3.17542 15.2593 1.25
      vertex 3.66335 15.0285 1.25
    endloop
  endfacet
  facet normal 0 0 1
    outer loop
      vertex 9.12866 20.25 1.25
      vertex 3.10742 15.2875 1.25
      vertex 3.17542 15.2593 1.25
    endloop
  endfacet
  facet normal 0 0 1
    outer loop
      vertex 9.12866 20.25 1.25
      vertex 2.59923 15.4693 1.25
      vertex 3.10742 15.2875 1.25
    endloop
  endfacet
  facet normal 0 0 1
    outer loop
      vertex 9.12866 20.25 1.25
      vertex 2.52879 15.4907 1.25
      vertex 2.59923 15.4693 1.25
    endloop
  endfacet
  facet normal 0 0 1
    outer loop
      vertex 9.12866 20.25 1.25
      vertex 2.00522 15.6218 1.25
      vertex 2.52879 15.4907 1.25
    endloop
  endfacet
  facet normal 0 0 1
    outer loop
      vertex 9.12866 20.25 1.25
      vertex 1.93303 15.6362 1.25
      vertex 2.00522 15.6218 1.25
    endloop
  endfacet
  facet normal 0 0 1
    outer loop
      vertex 9.12866 20.25 1.25
      vertex 1.39914 15.7154 1.25
      vertex 1.93303 15.6362 1.25
    endloop
  endfacet
  facet normal 0 0 1
    outer loop
      vertex 9.12866 20.25 1.25
      vertex 1.3259 15.7226 1.25
      vertex 1.39914 15.7154 1.25
    endloop
  endfacet
  facet normal 0 0 1
    outer loop
      vertex 9.12866 20.25 1.25
      vertex 0.786804 15.7491 1.25
      vertex 1.3259 15.7226 1.25
    endloop
  endfacet
  facet normal 0 0 1
    outer loop
      vertex 9.12866 20.25 1.25
      vertex 0.75 15.75 1.25
      vertex 0.786804 15.7491 1.25
    endloop
  endfacet
  facet normal 0 0 1
    outer loop
      vertex 9.12866 20.25 1.25
      vertex -0.75 15.75 1.25
      vertex 0.75 15.75 1.25
    endloop
  endfacet
  facet normal -0 0 1
    outer loop
      vertex -9.12866 20.25 1.25
      vertex -0.75 15.75 1.25
      vertex 9.12866 20.25 1.25
    endloop
  endfacet
  facet normal 0 0 1
    outer loop
      vertex -0.75 15.75 1.25
      vertex -9.12866 20.25 1.25
      vertex -0.786804 15.7491 1.25
    endloop
  endfacet
  facet normal 0 0 1
    outer loop
      vertex -0.786804 15.7491 1.25
      vertex -9.12866 20.25 1.25
      vertex -1.3259 15.7226 1.25
    endloop
  endfacet
  facet normal 0 0 1
    outer loop
      vertex -1.3259 15.7226 1.25
      vertex -9.12866 20.25 1.25
      vertex -1.39914 15.7154 1.25
    endloop
  endfacet
  facet normal 0 0 1
    outer loop
      vertex -1.39914 15.7154 1.25
      vertex -9.12866 20.25 1.25
      vertex -1.93303 15.6362 1.25
    endloop
  endfacet
  facet normal 0 0 1
    outer loop
      vertex -1.93303 15.6362 1.25
      vertex -9.12866 20.25 1.25
      vertex -2.00522 15.6218 1.25
    endloop
  endfacet
  facet normal 0 0 1
    outer loop
      vertex -2.00522 15.6218 1.25
      vertex -9.12866 20.25 1.25
      vertex -2.52879 15.4907 1.25
    endloop
  endfacet
  facet normal 0 0 1
    outer loop
      vertex -2.52879 15.4907 1.25
      vertex -9.12866 20.25 1.25
      vertex -2.59923 15.4693 1.25
    endloop
  endfacet
  facet normal -0 0 1
    outer loop
      vertex -14.5009 -0.0367889 1.25
      vertex -7 -9.5 1.25
      vertex -7 9.5 1.25
    endloop
  endfacet
  facet normal 0 0 1
    outer loop
      vertex -13.6257 13.8819 1.25
      vertex -7 9.5 1.25
      vertex -6.9991 9.5368 1.25
    endloop
  endfacet
  facet normal 0 0 1
    outer loop
      vertex -13.4394 13.97 1.25
      vertex -6.9991 9.5368 1.25
      vertex -6.97261 10.0759 1.25
    endloop
  endfacet
  facet normal 0 0 1
    outer loop
      vertex -2.59923 15.4693 1.25
      vertex -9.12866 20.25 1.25
      vertex -3.10742 15.2875 1.25
    endloop
  endfacet
  facet normal 0 0 1
    outer loop
      vertex -9.12866 20.25 1.25
      vertex -3.17542 15.2593 1.25
      vertex -3.10742 15.2875 1.25
    endloop
  endfacet
  facet normal 0 0 1
    outer loop
      vertex -9.12866 20.25 1.25
      vertex -3.66335 15.0285 1.25
      vertex -3.17542 15.2593 1.25
    endloop
  endfacet
  facet normal 0 0 1
    outer loop
      vertex -9.12866 20.25 1.25
      vertex -3.72826 14.9939 1.25
      vertex -3.66335 15.0285 1.25
    endloop
  endfacet
  facet normal 0 0 1
    outer loop
      vertex -9.12866 20.25 1.25
      vertex -4.19121 14.7164 1.25
      vertex -3.72826 14.9939 1.25
    endloop
  endfacet
  facet normal 0 0 1
    outer loop
      vertex -9.12866 20.25 1.25
      vertex -4.25241 14.6755 1.25
      vertex -4.19121 14.7164 1.25
    endloop
  endfacet
  facet normal -0 0 1
    outer loop
      vertex -9.99199 16.8509 1.25
      vertex -4.25241 14.6755 1.25
      vertex -9.12866 20.25 1.25
    endloop
  endfacet
  facet normal 0 0 1
    outer loop
      vertex -4.25241 14.6755 1.25
      vertex -9.99199 16.8509 1.25
      vertex -4.68593 14.354 1.25
    endloop
  endfacet
  facet normal 0 0 1
    outer loop
      vertex -4.68593 14.354 1.25
      vertex -9.99199 16.8509 1.25
      vertex -4.74281 14.3073 1.25
    endloop
  endfacet
  facet normal 0 0 1
    outer loop
      vertex -4.74281 14.3073 1.25
      vertex -9.99199 16.8509 1.25
      vertex -5.14275 13.9448 1.25
    endloop
  endfacet
  facet normal 0 0 1
    outer loop
      vertex -5.14275 13.9448 1.25
      vertex -9.99199 16.8509 1.25
      vertex -5.19479 13.8927 1.25
    endloop
  endfacet
  facet normal -0 0 1
    outer loop
      vertex -10.0128 16.7829 1.25
      vertex -5.19479 13.8927 1.25
      vertex -9.99199 16.8509 1.25
    endloop
  endfacet
  facet normal -0 0 1
    outer loop
      vertex -10.0657 16.635 1.25
      vertex -5.19479 13.8927 1.25
      vertex -10.0128 16.7829 1.25
    endloop
  endfacet
  facet normal 0 0 1
    outer loop
      vertex -5.19479 13.8927 1.25
      vertex -10.0657 16.635 1.25
      vertex -5.55727 13.4928 1.25
    endloop
  endfacet
  facet normal -0 0 1
    outer loop
      vertex -10.0938 16.5671 1.25
      vertex -5.55727 13.4928 1.25
      vertex -10.0657 16.635 1.25
    endloop
  endfacet
  facet normal -0 0 1
    outer loop
      vertex -10.1609 16.4251 1.25
      vertex -5.55727 13.4928 1.25
      vertex -10.0938 16.5671 1.25
    endloop
  endfacet
  facet normal 0 0 1
    outer loop
      vertex -5.55727 13.4928 1.25
      vertex -10.1609 16.4251 1.25
      vertex -5.60396 13.4359 1.25
    endloop
  endfacet
  facet normal -0 0 1
    outer loop
      vertex -10.1957 16.3602 1.25
      vertex -5.60396 13.4359 1.25
      vertex -10.1609 16.4251 1.25
    endloop
  endfacet
  facet normal -0 0 1
    outer loop
      vertex -10.2764 16.2255 1.25
      vertex -5.60396 13.4359 1.25
      vertex -10.1957 16.3602 1.25
    endloop
  endfacet
  facet normal 0 0 1
    outer loop
      vertex -5.60396 13.4359 1.25
      vertex -10.2764 16.2255 1.25
      vertex -5.92548 13.0024 1.25
    endloop
  endfacet
  facet normal -0 0 1
    outer loop
      vertex -10.3172 16.1644 1.25
      vertex -5.92548 13.0024 1.25
      vertex -10.2764 16.2255 1.25
    endloop
  endfacet
  facet normal 0 0 1
    outer loop
      vertex -5.92548 13.0024 1.25
      vertex -10.3172 16.1644 1.25
      vertex -5.96637 12.9412 1.25
    endloop
  endfacet
  facet normal -0 0 1
    outer loop
      vertex -10.4108 16.0382 1.25
      vertex -5.96637 12.9412 1.25
      vertex -10.3172 16.1644 1.25
    endloop
  endfacet
  facet normal -0 0 1
    outer loop
      vertex -10.4575 15.9813 1.25
      vertex -5.96637 12.9412 1.25
      vertex -10.4108 16.0382 1.25
    endloop
  endfacet
  facet normal 0 0 1
    outer loop
      vertex -5.96637 12.9412 1.25
      vertex -10.4575 15.9813 1.25
      vertex -6.24385 12.4783 1.25
    endloop
  endfacet
  facet normal -0 0 1
    outer loop
      vertex -10.5629 15.865 1.25
      vertex -6.24385 12.4783 1.25
      vertex -10.4575 15.9813 1.25
    endloop
  endfacet
  facet normal 0 0 1
    outer loop
      vertex -7 -9.5 1.25
      vertex -9.99199 -16.8509 1.25
      vertex -9.12866 -20.25 1.25
    endloop
  endfacet
  facet normal -0 0 1
    outer loop
      vertex -10.615 15.8129 1.25
      vertex -6.24385 12.4783 1.25
      vertex -10.5629 15.865 1.25
    endloop
  endfacet
  facet normal 0 0 1
    outer loop
      vertex -7 -9.5 1.25
      vertex -10.0128 -16.7829 1.25
      vertex -9.99199 -16.8509 1.25
    endloop
  endfacet
  facet normal 0 0 1
    outer loop
      vertex -6.24385 12.4783 1.25
      vertex -10.615 15.8129 1.25
      vertex -6.27855 12.4133 1.25
    endloop
  endfacet
  facet normal 0 0 1
    outer loop
      vertex -7 -9.5 1.25
      vertex -10.0657 -16.635 1.25
      vertex -10.0128 -16.7829 1.25
    endloop
  endfacet
  facet normal -0 0 1
    outer loop
      vertex -10.7313 15.7075 1.25
      vertex -6.27855 12.4133 1.25
      vertex -10.615 15.8129 1.25
    endloop
  endfacet
  facet normal 0 0 1
    outer loop
      vertex -7 -9.5 1.25
      vertex -10.0938 -16.5671 1.25
      vertex -10.0657 -16.635 1.25
    endloop
  endfacet
  facet normal -0 0 1
    outer loop
      vertex -10.7882 15.6608 1.25
      vertex -6.27855 12.4133 1.25
      vertex -10.7313 15.7075 1.25
    endloop
  endfacet
  facet normal 0 0 1
    outer loop
      vertex -7 -9.5 1.25
      vertex -10.1609 -16.4251 1.25
      vertex -10.0938 -16.5671 1.25
    endloop
  endfacet
  facet normal 0 0 1
    outer loop
      vertex -6.27855 12.4133 1.25
      vertex -10.7882 15.6608 1.25
      vertex -6.50932 11.9254 1.25
    endloop
  endfacet
  facet normal 0 0 1
    outer loop
      vertex -7 -9.5 1.25
      vertex -10.1957 -16.3602 1.25
      vertex -10.1609 -16.4251 1.25
    endloop
  endfacet
  facet normal -0 0 1
    outer loop
      vertex -10.9144 15.5672 1.25
      vertex -6.50932 11.9254 1.25
      vertex -10.7882 15.6608 1.25
    endloop
  endfacet
  facet normal 0 0 1
    outer loop
      vertex -7 9.5 1.25
      vertex -14.5009 0.0367889 1.25
      vertex -14.5009 -0.0367889 1.25
    endloop
  endfacet
  facet normal 0 0 1
    outer loop
      vertex -6.50932 11.9254 1.25
      vertex -10.9144 15.5672 1.25
      vertex -6.53749 11.8574 1.25
    endloop
  endfacet
  facet normal 0 0 1
    outer loop
      vertex -7 -9.5 1.25
      vertex -14.5009 -0.0367889 1.25
      vertex -14.5394 -0.820923 1.25
    endloop
  endfacet
  facet normal -0 0 1
    outer loop
      vertex -10.9755 15.5264 1.25
      vertex -6.53749 11.8574 1.25
      vertex -10.9144 15.5672 1.25
    endloop
  endfacet
  facet normal 0 0 1
    outer loop
      vertex -7 -9.5 1.25
      vertex -10.2764 -16.2255 1.25
      vertex -10.1957 -16.3602 1.25
    endloop
  endfacet
  facet normal 0 0 1
    outer loop
      vertex -6.53749 11.8574 1.25
      vertex -10.9755 15.5264 1.25
      vertex -6.71933 11.3492 1.25
    endloop
  endfacet
  facet normal 0 0 1
    outer loop
      vertex -7 -9.5 1.25
      vertex -14.5394 -0.820923 1.25
      vertex -14.5466 -0.894196 1.25
    endloop
  endfacet
  facet normal 0 0 1
    outer loop
      vertex -6.71933 11.3492 1.25
      vertex -10.9755 15.5264 1.25
      vertex -6.74069 11.2788 1.25
    endloop
  endfacet
  facet normal 0 0 1
    outer loop
      vertex -7 -9.5 1.25
      vertex -10.3172 -16.1644 1.25
      vertex -10.2764 -16.2255 1.25
    endloop
  endfacet
  facet normal -0 0 1
    outer loop
      vertex -13.1977 14.1106 1.25
      vertex -6.74069 11.2788 1.25
      vertex -10.9755 15.5264 1.25
    endloop
  endfacet
  facet normal 0 0 1
    outer loop
      vertex -7 -9.5 1.25
      vertex -10.4108 -16.0382 1.25
      vertex -10.3172 -16.1644 1.25
    endloop
  endfacet
  facet normal 0 0 1
    outer loop
      vertex -6.74069 11.2788 1.25
      vertex -13.1977 14.1106 1.25
      vertex -6.87184 10.7552 1.25
    endloop
  endfacet
  facet normal 0 0 1
    outer loop
      vertex -7 -9.5 1.25
      vertex -14.5466 -0.894196 1.25
      vertex -14.6618 -1.67078 1.25
    endloop
  endfacet
  facet normal 0 0 1
    outer loop
      vertex -6.87184 10.7552 1.25
      vertex -13.1977 14.1106 1.25
      vertex -6.8862 10.683 1.25
    endloop
  endfacet
  facet normal 0 0 1
    outer loop
      vertex -7 -9.5 1.25
      vertex -10.4575 -15.9813 1.25
      vertex -10.4108 -16.0382 1.25
    endloop
  endfacet
  facet normal 0 0 1
    outer loop
      vertex -6.8862 10.683 1.25
      vertex -13.1977 14.1106 1.25
      vertex -6.96539 10.1491 1.25
    endloop
  endfacet
  facet normal -0 0 1
    outer loop
      vertex -14.6762 -1.74294 1.25
      vertex -7 -9.5 1.25
      vertex -14.6618 -1.67078 1.25
    endloop
  endfacet
  facet normal 0 0 1
    outer loop
      vertex -6.96539 10.1491 1.25
      vertex -13.1977 14.1106 1.25
      vertex -6.97261 10.0759 1.25
    endloop
  endfacet
  facet normal 0 0 1
    outer loop
      vertex -7 -9.5 1.25
      vertex -10.5629 -15.865 1.25
      vertex -10.4575 -15.9813 1.25
    endloop
  endfacet
  facet normal -0 0 1
    outer loop
      vertex -13.3745 14.0047 1.25
      vertex -6.97261 10.0759 1.25
      vertex -13.1977 14.1106 1.25
    endloop
  endfacet
  facet normal -0 0 1
    outer loop
      vertex -14.8669 -2.50449 1.25
      vertex -7 -9.5 1.25
      vertex -14.6762 -1.74294 1.25
    endloop
  endfacet
  facet normal -0 0 1
    outer loop
      vertex -13.4394 13.97 1.25
      vertex -6.97261 10.0759 1.25
      vertex -13.3745 14.0047 1.25
    endloop
  endfacet
  facet normal 0 0 1
    outer loop
      vertex -7 -9.5 1.25
      vertex -10.615 -15.8129 1.25
      vertex -10.5629 -15.865 1.25
    endloop
  endfacet
  facet normal 0 0 1
    outer loop
      vertex -6.9991 9.5368 1.25
      vertex -13.4394 13.97 1.25
      vertex -13.6257 13.8819 1.25
    endloop
  endfacet
  facet normal 0 0 1
    outer loop
      vertex -7 -9.5 1.25
      vertex -10.7313 -15.7075 1.25
      vertex -10.615 -15.8129 1.25
    endloop
  endfacet
  facet normal 0 0 1
    outer loop
      vertex -7 9.5 1.25
      vertex -13.6257 13.8819 1.25
      vertex -13.6937 13.8537 1.25
    endloop
  endfacet
  facet normal -0 0 1
    outer loop
      vertex -14.8883 -2.57494 1.25
      vertex -7 -9.5 1.25
      vertex -14.8669 -2.50449 1.25
    endloop
  endfacet
  facet normal 0 0 1
    outer loop
      vertex -7 9.5 1.25
      vertex -13.6937 13.8537 1.25
      vertex -13.8877 13.7843 1.25
    endloop
  endfacet
  facet normal 0 0 1
    outer loop
      vertex -7 -9.5 1.25
      vertex -10.7882 -15.6608 1.25
      vertex -10.7313 -15.7075 1.25
    endloop
  endfacet
  facet normal 0 0 1
    outer loop
      vertex -7 9.5 1.25
      vertex -13.8877 13.7843 1.25
      vertex -16.4635 5.52191 1.25
    endloop
  endfacet
  facet normal -0 0 1
    outer loop
      vertex -15.1528 -3.31413 1.25
      vertex -7 -9.5 1.25
      vertex -14.8883 -2.57494 1.25
    endloop
  endfacet
  facet normal 0 0 1
    outer loop
      vertex -16.4635 5.52191 1.25
      vertex -13.8877 13.7843 1.25
      vertex -13.9581 13.7629 1.25
    endloop
  endfacet
  facet normal 0 0 1
    outer loop
      vertex -7 -9.5 1.25
      vertex -10.9144 -15.5672 1.25
      vertex -10.7882 -15.6608 1.25
    endloop
  endfacet
  facet normal 0 0 1
    outer loop
      vertex -16.5102 5.57881 1.25
      vertex -13.9581 13.7629 1.25
      vertex -14.1581 13.7128 1.25
    endloop
  endfacet
  facet normal -0 0 1
    outer loop
      vertex -15.181 -3.38213 1.25
      vertex -7 -9.5 1.25
      vertex -15.1528 -3.31413 1.25
    endloop
  endfacet
  facet normal 0 0 1
    outer loop
      vertex -16.5102 5.57881 1.25
      vertex -14.1581 13.7128 1.25
      vertex -14.2303 13.6985 1.25
    endloop
  endfacet
  facet normal 0 0 1
    outer loop
      vertex -7 -9.5 1.25
      vertex -10.9755 -15.5264 1.25
      vertex -10.9144 -15.5672 1.25
    endloop
  endfacet
  facet normal 0 0 1
    outer loop
      vertex -17.0374 6.16052 1.25
      vertex -14.2303 13.6985 1.25
      vertex -14.4342 13.6682 1.25
    endloop
  endfacet
  facet normal -0 0 1
    outer loop
      vertex -15.5166 -4.09183 1.25
      vertex -7 -9.5 1.25
      vertex -15.181 -3.38213 1.25
    endloop
  endfacet
  facet normal 0 0 1
    outer loop
      vertex -7 -9.5 1.25
      vertex -13.1977 -14.1106 1.25
      vertex -10.9755 -15.5264 1.25
    endloop
  endfacet
  facet normal 0 0 1
    outer loop
      vertex -17.0895 6.21255 1.25
      vertex -14.4342 13.6682 1.25
      vertex -14.5073 13.661 1.25
    endloop
  endfacet
  facet normal 0 0 1
    outer loop
      vertex -7 9.5 1.25
      vertex -14.5394 0.820923 1.25
      vertex -14.5009 0.0367889 1.25
    endloop
  endfacet
  facet normal 0 0 1
    outer loop
      vertex -7 9.5 1.25
      vertex -14.5466 0.894196 1.25
      vertex -14.5394 0.820923 1.25
    endloop
  endfacet
  facet normal 0 0 1
    outer loop
      vertex -7 9.5 1.25
      vertex -14.6618 1.67078 1.25
      vertex -14.5466 0.894196 1.25
    endloop
  endfacet
  facet normal 0 0 1
    outer loop
      vertex -7 9.5 1.25
      vertex -14.6762 1.74294 1.25
      vertex -14.6618 1.67078 1.25
    endloop
  endfacet
  facet normal 0 0 1
    outer loop
      vertex -17.0895 6.21255 1.25
      vertex -14.5073 13.661 1.25
      vertex -14.7132 13.6509 1.25
    endloop
  endfacet
  facet normal 0 0 1
    outer loop
      vertex -17.6712 6.73979 1.25
      vertex -14.7132 13.6509 1.25
      vertex -14.7868 13.6509 1.25
    endloop
  endfacet
  facet normal 0 0 1
    outer loop
      vertex -7 9.5 1.25
      vertex -14.8669 2.50449 1.25
      vertex -14.6762 1.74294 1.25
    endloop
  endfacet
  facet normal 0 0 1
    outer loop
      vertex -7 9.5 1.25
      vertex -14.8883 2.57494 1.25
      vertex -14.8669 2.50449 1.25
    endloop
  endfacet
  facet normal 0 0 1
    outer loop
      vertex -17.6712 6.73979 1.25
      vertex -14.7868 13.6509 1.25
      vertex -14.9926 13.661 1.25
    endloop
  endfacet
  facet normal 0 0 1
    outer loop
      vertex -17.7281 6.78648 1.25
      vertex -14.9926 13.661 1.25
      vertex -15.0658 13.6682 1.25
    endloop
  endfacet
  facet normal 0 0 1
    outer loop
      vertex -7 9.5 1.25
      vertex -15.1528 3.31413 1.25
      vertex -14.8883 2.57494 1.25
    endloop
  endfacet
  facet normal 0 0 1
    outer loop
      vertex -7 9.5 1.25
      vertex -15.181 3.38213 1.25
      vertex -15.1528 3.31413 1.25
    endloop
  endfacet
  facet normal 0 0 1
    outer loop
      vertex -17.7281 6.78648 1.25
      vertex -15.0658 13.6682 1.25
      vertex -15.2697 13.6985 1.25
    endloop
  endfacet
  facet normal 0 0 1
    outer loop
      vertex -18.3587 7.25415 1.25
      vertex -15.2697 13.6985 1.25
      vertex -15.3419 13.7128 1.25
    endloop
  endfacet
  facet normal 0 0 1
    outer loop
      vertex -7 9.5 1.25
      vertex -15.5166 4.09183 1.25
      vertex -15.181 3.38213 1.25
    endloop
  endfacet
  facet normal 0 0 1
    outer loop
      vertex -18.3587 7.25415 1.25
      vertex -15.3419 13.7128 1.25
      vertex -15.5418 13.7629 1.25
    endloop
  endfacet
  facet normal 0 0 1
    outer loop
      vertex -7 9.5 1.25
      vertex -15.5513 4.15674 1.25
      vertex -15.5166 4.09183 1.25
    endloop
  endfacet
  facet normal 0 0 1
    outer loop
      vertex -18.4199 7.29504 1.25
      vertex -15.5418 13.7629 1.25
      vertex -15.6122 13.7843 1.25
    endloop
  endfacet
  facet normal 0 0 1
    outer loop
      vertex -18.5 7.34308 1.25
      vertex -15.6122 13.7843 1.25
      vertex -15.8063 13.8537 1.25
    endloop
  endfacet
  facet normal 0 0 1
    outer loop
      vertex -18.5 7.34308 1.25
      vertex -15.8063 13.8537 1.25
      vertex -15.8743 13.8819 1.25
    endloop
  endfacet
  facet normal 0 0 1
    outer loop
      vertex -7 9.5 1.25
      vertex -15.9549 4.83012 1.25
      vertex -15.5513 4.15674 1.25
    endloop
  endfacet
  facet normal 0 0 1
    outer loop
      vertex -7 9.5 1.25
      vertex -15.9958 4.89133 1.25
      vertex -15.9549 4.83012 1.25
    endloop
  endfacet
  facet normal 0 0 1
    outer loop
      vertex -18.5 7.34308 1.25
      vertex -15.8743 13.8819 1.25
      vertex -16.0606 13.97 1.25
    endloop
  endfacet
  facet normal 0 0 1
    outer loop
      vertex -18.5 7.34308 1.25
      vertex -16.0606 13.97 1.25
      vertex -16.1255 14.0047 1.25
    endloop
  endfacet
  facet normal 0 0 1
    outer loop
      vertex -18.5 7.34308 1.25
      vertex -16.1255 14.0047 1.25
      vertex -16.3023 14.1106 1.25
    endloop
  endfacet
  facet normal 0 0 1
    outer loop
      vertex -18.5 7.34308 1.25
      vertex -16.3023 14.1106 1.25
      vertex -16.3634 14.1515 1.25
    endloop
  endfacet
  facet normal 0 0 1
    outer loop
      vertex -7 9.5 1.25
      vertex -16.4635 5.52191 1.25
      vertex -15.9958 4.89133 1.25
    endloop
  endfacet
  facet normal 0 0 1
    outer loop
      vertex -13.9581 13.7629 1.25
      vertex -16.5102 5.57881 1.25
      vertex -16.4635 5.52191 1.25
    endloop
  endfacet
  facet normal 0 0 1
    outer loop
      vertex -18.5 7.34308 1.25
      vertex -16.3634 14.1515 1.25
      vertex -16.529 14.2743 1.25
    endloop
  endfacet
  facet normal 0 0 1
    outer loop
      vertex -18.5 15 1.25
      vertex -16.529 14.2743 1.25
      vertex -16.5859 14.321 1.25
    endloop
  endfacet
  facet normal 0 0 1
    outer loop
      vertex -18.5 15 1.25
      vertex -16.5859 14.321 1.25
      vertex -16.7386 14.4594 1.25
    endloop
  endfacet
  facet normal 0 0 1
    outer loop
      vertex -18.5 15 1.25
      vertex -16.7386 14.4594 1.25
      vertex -16.7906 14.5114 1.25
    endloop
  endfacet
  facet normal 0 0 1
    outer loop
      vertex -18.5 15 1.25
      vertex -16.7906 14.5114 1.25
      vertex -16.929 14.6641 1.25
    endloop
  endfacet
  facet normal 0 0 1
    outer loop
      vertex -18.5 15 1.25
      vertex -16.929 14.6641 1.25
      vertex -16.9757 14.721 1.25
    endloop
  endfacet
  facet normal 0 0 1
    outer loop
      vertex -14.2303 13.6985 1.25
      vertex -17.0374 6.16052 1.25
      vertex -16.5102 5.57881 1.25
    endloop
  endfacet
  facet normal 0 0 1
    outer loop
      vertex -14.4342 13.6682 1.25
      vertex -17.0895 6.21255 1.25
      vertex -17.0374 6.16052 1.25
    endloop
  endfacet
  facet normal 0 0 1
    outer loop
      vertex -18.5 15 1.25
      vertex -16.9757 14.721 1.25
      vertex -17.0985 14.8866 1.25
    endloop
  endfacet
  facet normal 0 0 1
    outer loop
      vertex -18.5 15 1.25
      vertex -17.0985 14.8866 1.25
      vertex -17.1394 14.9477 1.25
    endloop
  endfacet
  facet normal -0 0 1
    outer loop
      vertex -18.5 15 1.25
      vertex -17.1394 14.9477 1.25
      vertex -17.2453 15.1245 1.25
    endloop
  endfacet
  facet normal 0 0 1
    outer loop
      vertex -18.5 15 1.25
      vertex -17.2453 15.1245 1.25
      vertex -17.28 15.1894 1.25
    endloop
  endfacet
  facet normal 0 0 1
    outer loop
      vertex -18.5 15 1.25
      vertex -17.28 15.1894 1.25
      vertex -17.3681 15.3757 1.25
    endloop
  endfacet
  facet normal 0 0 1
    outer loop
      vertex -18.5 15 1.25
      vertex -17.3681 15.3757 1.25
      vertex -17.3963 15.4437 1.25
    endloop
  endfacet
  facet normal -0 0 1
    outer loop
      vertex -18.4747 15.5146 1.25
      vertex -17.3963 15.4437 1.25
      vertex -17.4657 15.6378 1.25
    endloop
  endfacet
  facet normal 0 0 1
    outer loop
      vertex -18.4747 15.5146 1.25
      vertex -17.4657 15.6378 1.25
      vertex -17.4871 15.7082 1.25
    endloop
  endfacet
  facet normal 0 0 1
    outer loop
      vertex -18.4747 15.5146 1.25
      vertex -17.4871 15.7082 1.25
      vertex -17.5372 15.9081 1.25
    endloop
  endfacet
  facet normal 0 0 1
    outer loop
      vertex -18.3991 16.0242 1.25
      vertex -17.5372 15.9081 1.25
      vertex -17.5515 15.9803 1.25
    endloop
  endfacet
  facet normal -0 0 1
    outer loop
      vertex -18.3991 16.0242 1.25
      vertex -17.5515 15.9803 1.25
      vertex -17.5818 16.1842 1.25
    endloop
  endfacet
  facet normal 0 0 1
    outer loop
      vertex -18.3991 16.0242 1.25
      vertex -17.5818 16.1842 1.25
      vertex -17.589 16.2574 1.25
    endloop
  endfacet
  facet normal 0 0 1
    outer loop
      vertex -16.529 14.2743 1.25
      vertex -18.5 15 1.25
      vertex -18.5 7.34308 1.25
    endloop
  endfacet
  facet normal 0 0 1
    outer loop
      vertex -18.2739 16.524 1.25
      vertex -17.589 16.2574 1.25
      vertex -17.5991 16.4632 1.25
    endloop
  endfacet
  facet normal 0 0 1
    outer loop
      vertex -18.2739 16.524 1.25
      vertex -17.589 16.7427 1.25
      vertex -18.1004 17.0091 1.25
    endloop
  endfacet
  facet normal 0 0 1
    outer loop
      vertex -14.7132 13.6509 1.25
      vertex -17.6712 6.73979 1.25
      vertex -17.0895 6.21255 1.25
    endloop
  endfacet
  facet normal 0 0 1
    outer loop
      vertex -17.589 16.7427 1.25
      vertex -18.2739 16.524 1.25
      vertex -17.5991 16.5368 1.25
    endloop
  endfacet
  facet normal 0 0 1
    outer loop
      vertex -17.5991 16.5368 1.25
      vertex -18.2739 16.524 1.25
      vertex -17.5991 16.4632 1.25
    endloop
  endfacet
  facet normal 0 0 1
    outer loop
      vertex -17.589 16.2574 1.25
      vertex -18.2739 16.524 1.25
      vertex -18.3991 16.0242 1.25
    endloop
  endfacet
  facet normal 0 0 1
    outer loop
      vertex -14.9926 13.661 1.25
      vertex -17.7281 6.78648 1.25
      vertex -17.6712 6.73979 1.25
    endloop
  endfacet
  facet normal 0 0 1
    outer loop
      vertex -17.5372 15.9081 1.25
      vertex -18.3991 16.0242 1.25
      vertex -18.4747 15.5146 1.25
    endloop
  endfacet
  facet normal 0 0 1
    outer loop
      vertex -15.2697 13.6985 1.25
      vertex -18.3587 7.25415 1.25
      vertex -17.7281 6.78648 1.25
    endloop
  endfacet
  facet normal 0 0 1
    outer loop
      vertex -17.3963 15.4437 1.25
      vertex -18.4747 15.5146 1.25
      vertex -18.5 15 1.25
    endloop
  endfacet
  facet normal 0 0 1
    outer loop
      vertex -15.5418 13.7629 1.25
      vertex -18.4199 7.29504 1.25
      vertex -18.3587 7.25415 1.25
    endloop
  endfacet
  facet normal 0 0 1
    outer loop
      vertex -15.6122 13.7843 1.25
      vertex -18.5 7.34308 1.25
      vertex -18.4199 7.29504 1.25
    endloop
  endfacet
  facet normal -0 0 1
    outer loop
      vertex 17.5818 -16.8158 1.25
      vertex 18.1004 -17.0091 1.25
      vertex 17.589 -16.7427 1.25
    endloop
  endfacet
  facet normal 0 0 1
    outer loop
      vertex 17.5515 -17.0197 1.25
      vertex 18.1004 -17.0091 1.25
      vertex 17.5818 -16.8158 1.25
    endloop
  endfacet
  facet normal 0 0 1
    outer loop
      vertex 17.5372 -17.0919 1.25
      vertex 18.1004 -17.0091 1.25
      vertex 17.5515 -17.0197 1.25
    endloop
  endfacet
  facet normal 0 0 1
    outer loop
      vertex 18.1004 -17.0091 1.25
      vertex 17.5372 -17.0919 1.25
      vertex 17.8801 -17.4748 1.25
    endloop
  endfacet
  facet normal -0 0 1
    outer loop
      vertex 17.4871 -17.2919 1.25
      vertex 17.8801 -17.4748 1.25
      vertex 17.5372 -17.0919 1.25
    endloop
  endfacet
  facet normal -0 0 1
    outer loop
      vertex 17.4657 -17.3623 1.25
      vertex 17.8801 -17.4748 1.25
      vertex 17.4871 -17.2919 1.25
    endloop
  endfacet
  facet normal 0 0 1
    outer loop
      vertex 17.3963 -17.5563 1.25
      vertex 17.8801 -17.4748 1.25
      vertex 17.4657 -17.3623 1.25
    endloop
  endfacet
  facet normal 0 0 1
    outer loop
      vertex 17.8801 -17.4748 1.25
      vertex 17.3963 -17.5563 1.25
      vertex 17.6152 -17.9167 1.25
    endloop
  endfacet
  facet normal -0 0 1
    outer loop
      vertex 17.3681 -17.6243 1.25
      vertex 17.6152 -17.9167 1.25
      vertex 17.3963 -17.5563 1.25
    endloop
  endfacet
  facet normal -0 0 1
    outer loop
      vertex 17.28 -17.8106 1.25
      vertex 17.6152 -17.9167 1.25
      vertex 17.3681 -17.6243 1.25
    endloop
  endfacet
  facet normal -0 0 1
    outer loop
      vertex 17.2453 -17.8755 1.25
      vertex 17.6152 -17.9167 1.25
      vertex 17.28 -17.8106 1.25
    endloop
  endfacet
  facet normal 0 0 1
    outer loop
      vertex 17.6152 -17.9167 1.25
      vertex 17.2453 -17.8755 1.25
      vertex 17.3083 -18.3306 1.25
    endloop
  endfacet
  facet normal -0 0 1
    outer loop
      vertex 17.1394 -18.0523 1.25
      vertex 17.3083 -18.3306 1.25
      vertex 17.2453 -17.8755 1.25
    endloop
  endfacet
  facet normal -0 0 1
    outer loop
      vertex 17.0985 -18.1135 1.25
      vertex 17.3083 -18.3306 1.25
      vertex 17.1394 -18.0523 1.25
    endloop
  endfacet
  facet normal 0 0 1
    outer loop
      vertex 17.0985 -18.1135 1.25
      vertex 16.9623 -18.7123 1.25
      vertex 17.3083 -18.3306 1.25
    endloop
  endfacet
  facet normal 0 0 1
    outer loop
      vertex 17.0985 -18.1135 1.25
      vertex 16.5806 -19.0583 1.25
      vertex 16.9623 -18.7123 1.25
    endloop
  endfacet
  facet normal 0 -0 1
    outer loop
      vertex 16.5806 -19.0583 1.25
      vertex 17.0985 -18.1135 1.25
      vertex 16.2071 -19.3353 1.25
    endloop
  endfacet
  facet normal 0 0 1
    outer loop
      vertex 10.615 -15.8129 1.25
      vertex 6.24385 -12.4783 1.25
      vertex 10.5629 -15.865 1.25
    endloop
  endfacet
  facet normal 0 0 1
    outer loop
      vertex 10.5629 -15.865 1.25
      vertex 6.24385 -12.4783 1.25
      vertex 10.4575 -15.9813 1.25
    endloop
  endfacet
  facet normal -0 0 1
    outer loop
      vertex 5.96637 -12.9412 1.25
      vertex 10.4575 -15.9813 1.25
      vertex 6.24385 -12.4783 1.25
    endloop
  endfacet
  facet normal 0 0 1
    outer loop
      vertex 10.4575 -15.9813 1.25
      vertex 5.96637 -12.9412 1.25
      vertex 10.4108 -16.0382 1.25
    endloop
  endfacet
  facet normal 0 0 1
    outer loop
      vertex 10.4108 -16.0382 1.25
      vertex 5.96637 -12.9412 1.25
      vertex 10.3172 -16.1644 1.25
    endloop
  endfacet
  facet normal -0 0 1
    outer loop
      vertex 5.92548 -13.0024 1.25
      vertex 10.3172 -16.1644 1.25
      vertex 5.96637 -12.9412 1.25
    endloop
  endfacet
  facet normal 0 0 1
    outer loop
      vertex 10.3172 -16.1644 1.25
      vertex 5.92548 -13.0024 1.25
      vertex 10.2764 -16.2255 1.25
    endloop
  endfacet
  facet normal -0 0 1
    outer loop
      vertex 5.60396 -13.4359 1.25
      vertex 10.2764 -16.2255 1.25
      vertex 5.92548 -13.0024 1.25
    endloop
  endfacet
  facet normal 0 0 1
    outer loop
      vertex 10.2764 -16.2255 1.25
      vertex 5.60396 -13.4359 1.25
      vertex 10.1957 -16.3602 1.25
    endloop
  endfacet
  facet normal 0 0 1
    outer loop
      vertex 10.1957 -16.3602 1.25
      vertex 5.60396 -13.4359 1.25
      vertex 10.1609 -16.4251 1.25
    endloop
  endfacet
  facet normal -0 0 1
    outer loop
      vertex 5.55727 -13.4928 1.25
      vertex 10.1609 -16.4251 1.25
      vertex 5.60396 -13.4359 1.25
    endloop
  endfacet
  facet normal 0 0 1
    outer loop
      vertex 10.1609 -16.4251 1.25
      vertex 5.55727 -13.4928 1.25
      vertex 10.0938 -16.5671 1.25
    endloop
  endfacet
  facet normal 0 0 1
    outer loop
      vertex 10.0938 -16.5671 1.25
      vertex 5.55727 -13.4928 1.25
      vertex 10.0657 -16.635 1.25
    endloop
  endfacet
  facet normal -0 0 1
    outer loop
      vertex 5.19479 -13.8927 1.25
      vertex 10.0657 -16.635 1.25
      vertex 5.55727 -13.4928 1.25
    endloop
  endfacet
  facet normal 0 0 1
    outer loop
      vertex 10.0657 -16.635 1.25
      vertex 5.19479 -13.8927 1.25
      vertex 10.0128 -16.7829 1.25
    endloop
  endfacet
  facet normal 0 0 1
    outer loop
      vertex 10.0128 -16.7829 1.25
      vertex 5.19479 -13.8927 1.25
      vertex 9.99199 -16.8509 1.25
    endloop
  endfacet
  facet normal -0 0 1
    outer loop
      vertex 5.14275 -13.9448 1.25
      vertex 9.99199 -16.8509 1.25
      vertex 5.19479 -13.8927 1.25
    endloop
  endfacet
  facet normal -0 0 1
    outer loop
      vertex 4.74281 -14.3073 1.25
      vertex 9.99199 -16.8509 1.25
      vertex 5.14275 -13.9448 1.25
    endloop
  endfacet
  facet normal -0 0 1
    outer loop
      vertex 4.68593 -14.354 1.25
      vertex 9.99199 -16.8509 1.25
      vertex 4.74281 -14.3073 1.25
    endloop
  endfacet
  facet normal -0 0 1
    outer loop
      vertex 4.25241 -14.6755 1.25
      vertex 9.99199 -16.8509 1.25
      vertex 4.68593 -14.354 1.25
    endloop
  endfacet
  facet normal 0 0 1
    outer loop
      vertex 9.99199 -16.8509 1.25
      vertex 4.25241 -14.6755 1.25
      vertex 9.12866 -20.25 1.25
    endloop
  endfacet
  facet normal -0 0 1
    outer loop
      vertex 4.19121 -14.7164 1.25
      vertex 9.12866 -20.25 1.25
      vertex 4.25241 -14.6755 1.25
    endloop
  endfacet
  facet normal -0 0 1
    outer loop
      vertex 3.72826 -14.9939 1.25
      vertex 9.12866 -20.25 1.25
      vertex 4.19121 -14.7164 1.25
    endloop
  endfacet
  facet normal -0 0 1
    outer loop
      vertex 3.66335 -15.0285 1.25
      vertex 9.12866 -20.25 1.25
      vertex 3.72826 -14.9939 1.25
    endloop
  endfacet
  facet normal -0 0 1
    outer loop
      vertex 3.17542 -15.2593 1.25
      vertex 9.12866 -20.25 1.25
      vertex 3.66335 -15.0285 1.25
    endloop
  endfacet
  facet normal -0 0 1
    outer loop
      vertex 3.10742 -15.2875 1.25
      vertex 9.12866 -20.25 1.25
      vertex 3.17542 -15.2593 1.25
    endloop
  endfacet
  facet normal -0 0 1
    outer loop
      vertex 2.59923 -15.4693 1.25
      vertex 9.12866 -20.25 1.25
      vertex 3.10742 -15.2875 1.25
    endloop
  endfacet
  facet normal -0 0 1
    outer loop
      vertex 2.52879 -15.4907 1.25
      vertex 9.12866 -20.25 1.25
      vertex 2.59923 -15.4693 1.25
    endloop
  endfacet
  facet normal -0 0 1
    outer loop
      vertex 2.00522 -15.6218 1.25
      vertex 9.12866 -20.25 1.25
      vertex 2.52879 -15.4907 1.25
    endloop
  endfacet
  facet normal -0 0 1
    outer loop
      vertex 1.93303 -15.6362 1.25
      vertex 9.12866 -20.25 1.25
      vertex 2.00522 -15.6218 1.25
    endloop
  endfacet
  facet normal -0 0 1
    outer loop
      vertex 1.39914 -15.7154 1.25
      vertex 9.12866 -20.25 1.25
      vertex 1.93303 -15.6362 1.25
    endloop
  endfacet
  facet normal -0 0 1
    outer loop
      vertex 1.3259 -15.7226 1.25
      vertex 9.12866 -20.25 1.25
      vertex 1.39914 -15.7154 1.25
    endloop
  endfacet
  facet normal -0 0 1
    outer loop
      vertex 0.786804 -15.7491 1.25
      vertex 9.12866 -20.25 1.25
      vertex 1.3259 -15.7226 1.25
    endloop
  endfacet
  facet normal -0 0 1
    outer loop
      vertex 0.75 -15.75 1.25
      vertex 9.12866 -20.25 1.25
      vertex 0.786804 -15.7491 1.25
    endloop
  endfacet
  facet normal -0 0 1
    outer loop
      vertex -0.75 -15.75 1.25
      vertex 9.12866 -20.25 1.25
      vertex 0.75 -15.75 1.25
    endloop
  endfacet
  facet normal 0 0 1
    outer loop
      vertex -9.12866 -20.25 1.25
      vertex -0.75 -15.75 1.25
      vertex -0.786804 -15.7491 1.25
    endloop
  endfacet
  facet normal 0 0 1
    outer loop
      vertex -9.12866 -20.25 1.25
      vertex -0.786804 -15.7491 1.25
      vertex -1.3259 -15.7226 1.25
    endloop
  endfacet
  facet normal 0 0 1
    outer loop
      vertex -9.12866 -20.25 1.25
      vertex -1.3259 -15.7226 1.25
      vertex -1.39914 -15.7154 1.25
    endloop
  endfacet
  facet normal 0 0 1
    outer loop
      vertex -9.12866 -20.25 1.25
      vertex -1.39914 -15.7154 1.25
      vertex -1.93303 -15.6362 1.25
    endloop
  endfacet
  facet normal 0 0 1
    outer loop
      vertex -9.12866 -20.25 1.25
      vertex -1.93303 -15.6362 1.25
      vertex -2.00522 -15.6218 1.25
    endloop
  endfacet
  facet normal 0 0 1
    outer loop
      vertex -9.12866 -20.25 1.25
      vertex -2.00522 -15.6218 1.25
      vertex -2.52879 -15.4907 1.25
    endloop
  endfacet
  facet normal 0 0 1
    outer loop
      vertex -9.12866 -20.25 1.25
      vertex -2.52879 -15.4907 1.25
      vertex -2.59923 -15.4693 1.25
    endloop
  endfacet
  facet normal 0 0 1
    outer loop
      vertex -9.12866 -20.25 1.25
      vertex -2.59923 -15.4693 1.25
      vertex -3.10742 -15.2875 1.25
    endloop
  endfacet
  facet normal 0 0 1
    outer loop
      vertex -0.75 -15.75 1.25
      vertex -9.12866 -20.25 1.25
      vertex 9.12866 -20.25 1.25
    endloop
  endfacet
  facet normal 0 0 1
    outer loop
      vertex -3.17542 -15.2593 1.25
      vertex -9.12866 -20.25 1.25
      vertex -3.10742 -15.2875 1.25
    endloop
  endfacet
  facet normal 0 0 1
    outer loop
      vertex -3.66335 -15.0285 1.25
      vertex -9.12866 -20.25 1.25
      vertex -3.17542 -15.2593 1.25
    endloop
  endfacet
  facet normal 0 0 1
    outer loop
      vertex -3.72826 -14.9939 1.25
      vertex -9.12866 -20.25 1.25
      vertex -3.66335 -15.0285 1.25
    endloop
  endfacet
  facet normal 0 0 1
    outer loop
      vertex -4.19121 -14.7164 1.25
      vertex -9.12866 -20.25 1.25
      vertex -3.72826 -14.9939 1.25
    endloop
  endfacet
  facet normal 0 0 1
    outer loop
      vertex -4.25241 -14.6755 1.25
      vertex -9.12866 -20.25 1.25
      vertex -4.19121 -14.7164 1.25
    endloop
  endfacet
  facet normal 0 0 1
    outer loop
      vertex -4.68593 -14.354 1.25
      vertex -9.12866 -20.25 1.25
      vertex -4.25241 -14.6755 1.25
    endloop
  endfacet
  facet normal 0 0 1
    outer loop
      vertex -4.74281 -14.3073 1.25
      vertex -9.12866 -20.25 1.25
      vertex -4.68593 -14.354 1.25
    endloop
  endfacet
  facet normal 0 0 1
    outer loop
      vertex -5.14275 -13.9448 1.25
      vertex -9.12866 -20.25 1.25
      vertex -4.74281 -14.3073 1.25
    endloop
  endfacet
  facet normal 0 0 1
    outer loop
      vertex -5.19479 -13.8927 1.25
      vertex -9.12866 -20.25 1.25
      vertex -5.14275 -13.9448 1.25
    endloop
  endfacet
  facet normal 0 0 1
    outer loop
      vertex -5.55727 -13.4928 1.25
      vertex -9.12866 -20.25 1.25
      vertex -5.19479 -13.8927 1.25
    endloop
  endfacet
  facet normal 0 0 1
    outer loop
      vertex -5.60396 -13.4359 1.25
      vertex -9.12866 -20.25 1.25
      vertex -5.55727 -13.4928 1.25
    endloop
  endfacet
  facet normal 0 0 1
    outer loop
      vertex -5.92548 -13.0024 1.25
      vertex -9.12866 -20.25 1.25
      vertex -5.60396 -13.4359 1.25
    endloop
  endfacet
  facet normal 0 0 1
    outer loop
      vertex -5.96637 -12.9412 1.25
      vertex -9.12866 -20.25 1.25
      vertex -5.92548 -13.0024 1.25
    endloop
  endfacet
  facet normal 0 0 1
    outer loop
      vertex -6.24385 -12.4783 1.25
      vertex -9.12866 -20.25 1.25
      vertex -5.96637 -12.9412 1.25
    endloop
  endfacet
  facet normal 0 0 1
    outer loop
      vertex -6.27855 -12.4133 1.25
      vertex -9.12866 -20.25 1.25
      vertex -6.24385 -12.4783 1.25
    endloop
  endfacet
  facet normal 0 0 1
    outer loop
      vertex -6.50932 -11.9254 1.25
      vertex -9.12866 -20.25 1.25
      vertex -6.27855 -12.4133 1.25
    endloop
  endfacet
  facet normal 0 0 1
    outer loop
      vertex -6.53749 -11.8574 1.25
      vertex -9.12866 -20.25 1.25
      vertex -6.50932 -11.9254 1.25
    endloop
  endfacet
  facet normal 0 0 1
    outer loop
      vertex -6.71933 -11.3492 1.25
      vertex -9.12866 -20.25 1.25
      vertex -6.53749 -11.8574 1.25
    endloop
  endfacet
  facet normal 0 0 1
    outer loop
      vertex -6.74069 -11.2788 1.25
      vertex -9.12866 -20.25 1.25
      vertex -6.71933 -11.3492 1.25
    endloop
  endfacet
  facet normal 0 0 1
    outer loop
      vertex -6.87184 -10.7552 1.25
      vertex -9.12866 -20.25 1.25
      vertex -6.74069 -11.2788 1.25
    endloop
  endfacet
  facet normal 0 0 1
    outer loop
      vertex -6.8862 -10.683 1.25
      vertex -9.12866 -20.25 1.25
      vertex -6.87184 -10.7552 1.25
    endloop
  endfacet
  facet normal 0 0 1
    outer loop
      vertex -6.96539 -10.1491 1.25
      vertex -9.12866 -20.25 1.25
      vertex -6.8862 -10.683 1.25
    endloop
  endfacet
  facet normal 0 0 1
    outer loop
      vertex -6.97261 -10.0759 1.25
      vertex -9.12866 -20.25 1.25
      vertex -6.96539 -10.1491 1.25
    endloop
  endfacet
  facet normal 0 0 1
    outer loop
      vertex -6.9991 -9.5368 1.25
      vertex -9.12866 -20.25 1.25
      vertex -6.97261 -10.0759 1.25
    endloop
  endfacet
  facet normal 0 0 1
    outer loop
      vertex -9.12866 -20.25 1.25
      vertex -6.9991 -9.5368 1.25
      vertex -7 -9.5 1.25
    endloop
  endfacet
  facet normal -0 0 1
    outer loop
      vertex -15.5513 -4.15674 1.25
      vertex -7 -9.5 1.25
      vertex -15.5166 -4.09183 1.25
    endloop
  endfacet
  facet normal -0 0 1
    outer loop
      vertex -15.9549 -4.83012 1.25
      vertex -7 -9.5 1.25
      vertex -15.5513 -4.15674 1.25
    endloop
  endfacet
  facet normal 0 0 1
    outer loop
      vertex -7 -9.5 1.25
      vertex -13.3745 -14.0047 1.25
      vertex -13.1977 -14.1106 1.25
    endloop
  endfacet
  facet normal -0 0 1
    outer loop
      vertex -15.9958 -4.89133 1.25
      vertex -7 -9.5 1.25
      vertex -15.9549 -4.83012 1.25
    endloop
  endfacet
  facet normal 0 0 1
    outer loop
      vertex -7 -9.5 1.25
      vertex -13.4394 -13.97 1.25
      vertex -13.3745 -14.0047 1.25
    endloop
  endfacet
  facet normal -0 0 1
    outer loop
      vertex -16.4635 -5.52191 1.25
      vertex -7 -9.5 1.25
      vertex -15.9958 -4.89133 1.25
    endloop
  endfacet
  facet normal 0 0 1
    outer loop
      vertex -7 -9.5 1.25
      vertex -13.6257 -13.8819 1.25
      vertex -13.4394 -13.97 1.25
    endloop
  endfacet
  facet normal 0 0 1
    outer loop
      vertex -7 -9.5 1.25
      vertex -13.6937 -13.8537 1.25
      vertex -13.6257 -13.8819 1.25
    endloop
  endfacet
  facet normal 0 -0 1
    outer loop
      vertex -13.8877 -13.7843 1.25
      vertex -7 -9.5 1.25
      vertex -16.4635 -5.52191 1.25
    endloop
  endfacet
  facet normal 0 0 1
    outer loop
      vertex -7 -9.5 1.25
      vertex -13.8877 -13.7843 1.25
      vertex -13.6937 -13.8537 1.25
    endloop
  endfacet
  facet normal 0 0 1
    outer loop
      vertex -13.8877 -13.7843 1.25
      vertex -16.4635 -5.52191 1.25
      vertex -13.9581 -13.7629 1.25
    endloop
  endfacet
  facet normal -0 0 1
    outer loop
      vertex -16.5102 -5.57881 1.25
      vertex -13.9581 -13.7629 1.25
      vertex -16.4635 -5.52191 1.25
    endloop
  endfacet
  facet normal 0 0 1
    outer loop
      vertex -13.9581 -13.7629 1.25
      vertex -16.5102 -5.57881 1.25
      vertex -14.1581 -13.7128 1.25
    endloop
  endfacet
  facet normal 0 0 1
    outer loop
      vertex -14.1581 -13.7128 1.25
      vertex -16.5102 -5.57881 1.25
      vertex -14.2303 -13.6985 1.25
    endloop
  endfacet
  facet normal -0 0 1
    outer loop
      vertex -17.0374 -6.16052 1.25
      vertex -14.2303 -13.6985 1.25
      vertex -16.5102 -5.57881 1.25
    endloop
  endfacet
  facet normal 0 0 1
    outer loop
      vertex -14.2303 -13.6985 1.25
      vertex -17.0374 -6.16052 1.25
      vertex -14.4342 -13.6682 1.25
    endloop
  endfacet
  facet normal -0 0 1
    outer loop
      vertex -17.0895 -6.21255 1.25
      vertex -14.4342 -13.6682 1.25
      vertex -17.0374 -6.16052 1.25
    endloop
  endfacet
  facet normal 0 0 1
    outer loop
      vertex -14.4342 -13.6682 1.25
      vertex -17.0895 -6.21255 1.25
      vertex -14.5073 -13.661 1.25
    endloop
  endfacet
  facet normal 0 0 1
    outer loop
      vertex -14.5073 -13.661 1.25
      vertex -17.0895 -6.21255 1.25
      vertex -14.7132 -13.6509 1.25
    endloop
  endfacet
  facet normal -0 0 1
    outer loop
      vertex -17.6712 -6.73979 1.25
      vertex -14.7132 -13.6509 1.25
      vertex -17.0895 -6.21255 1.25
    endloop
  endfacet
  facet normal 0 0 1
    outer loop
      vertex -14.7132 -13.6509 1.25
      vertex -17.6712 -6.73979 1.25
      vertex -14.7868 -13.6509 1.25
    endloop
  endfacet
  facet normal 0 0 1
    outer loop
      vertex -14.7868 -13.6509 1.25
      vertex -17.6712 -6.73979 1.25
      vertex -14.9926 -13.661 1.25
    endloop
  endfacet
  facet normal -0 0 1
    outer loop
      vertex -17.7281 -6.78648 1.25
      vertex -14.9926 -13.661 1.25
      vertex -17.6712 -6.73979 1.25
    endloop
  endfacet
  facet normal 0 0 1
    outer loop
      vertex -14.9926 -13.661 1.25
      vertex -17.7281 -6.78648 1.25
      vertex -15.0658 -13.6682 1.25
    endloop
  endfacet
  facet normal 0 0 1
    outer loop
      vertex -15.0658 -13.6682 1.25
      vertex -17.7281 -6.78648 1.25
      vertex -15.2697 -13.6985 1.25
    endloop
  endfacet
  facet normal -0 0 1
    outer loop
      vertex -18.3587 -7.25415 1.25
      vertex -15.2697 -13.6985 1.25
      vertex -17.7281 -6.78648 1.25
    endloop
  endfacet
  facet normal 0 0 1
    outer loop
      vertex -15.2697 -13.6985 1.25
      vertex -18.3587 -7.25415 1.25
      vertex -15.3419 -13.7128 1.25
    endloop
  endfacet
  facet normal 0 0 1
    outer loop
      vertex -15.3419 -13.7128 1.25
      vertex -18.3587 -7.25415 1.25
      vertex -15.5418 -13.7629 1.25
    endloop
  endfacet
  facet normal -0 0 1
    outer loop
      vertex -18.4199 -7.29504 1.25
      vertex -15.5418 -13.7629 1.25
      vertex -18.3587 -7.25415 1.25
    endloop
  endfacet
  facet normal 0 0 1
    outer loop
      vertex -15.5418 -13.7629 1.25
      vertex -18.4199 -7.29504 1.25
      vertex -15.6122 -13.7843 1.25
    endloop
  endfacet
  facet normal -0 0 1
    outer loop
      vertex -18.5 -7.34308 1.25
      vertex -15.6122 -13.7843 1.25
      vertex -18.4199 -7.29504 1.25
    endloop
  endfacet
  facet normal 0 0 1
    outer loop
      vertex -15.6122 -13.7843 1.25
      vertex -18.5 -7.34308 1.25
      vertex -15.8063 -13.8537 1.25
    endloop
  endfacet
  facet normal 0 0 1
    outer loop
      vertex -15.8063 -13.8537 1.25
      vertex -18.5 -7.34308 1.25
      vertex -15.8743 -13.8819 1.25
    endloop
  endfacet
  facet normal 0 0 1
    outer loop
      vertex -15.8743 -13.8819 1.25
      vertex -18.5 -7.34308 1.25
      vertex -16.0606 -13.97 1.25
    endloop
  endfacet
  facet normal 0 0 1
    outer loop
      vertex -16.0606 -13.97 1.25
      vertex -18.5 -7.34308 1.25
      vertex -16.1255 -14.0047 1.25
    endloop
  endfacet
  facet normal 0 0 1
    outer loop
      vertex -16.1255 -14.0047 1.25
      vertex -18.5 -7.34308 1.25
      vertex -16.3023 -14.1106 1.25
    endloop
  endfacet
  facet normal 0 0 1
    outer loop
      vertex -16.3023 -14.1106 1.25
      vertex -18.5 -7.34308 1.25
      vertex -16.3634 -14.1515 1.25
    endloop
  endfacet
  facet normal 0 0 1
    outer loop
      vertex -16.3634 -14.1515 1.25
      vertex -18.5 -7.34308 1.25
      vertex -16.529 -14.2743 1.25
    endloop
  endfacet
  facet normal 0 0 1
    outer loop
      vertex -18.5 -15 1.25
      vertex -16.529 -14.2743 1.25
      vertex -18.5 -7.34308 1.25
    endloop
  endfacet
  facet normal 0 0 1
    outer loop
      vertex -16.529 -14.2743 1.25
      vertex -18.5 -15 1.25
      vertex -16.5859 -14.321 1.25
    endloop
  endfacet
  facet normal 0 0 1
    outer loop
      vertex -16.5859 -14.321 1.25
      vertex -18.5 -15 1.25
      vertex -16.7386 -14.4594 1.25
    endloop
  endfacet
  facet normal 0 0 1
    outer loop
      vertex -16.7386 -14.4594 1.25
      vertex -18.5 -15 1.25
      vertex -16.7906 -14.5114 1.25
    endloop
  endfacet
  facet normal 0 0 1
    outer loop
      vertex -16.7906 -14.5114 1.25
      vertex -18.5 -15 1.25
      vertex -16.929 -14.6641 1.25
    endloop
  endfacet
  facet normal 0 0 1
    outer loop
      vertex -16.929 -14.6641 1.25
      vertex -18.5 -15 1.25
      vertex -16.9757 -14.721 1.25
    endloop
  endfacet
  facet normal 0 0 1
    outer loop
      vertex -16.9757 -14.721 1.25
      vertex -18.5 -15 1.25
      vertex -17.0985 -14.8866 1.25
    endloop
  endfacet
  facet normal 0 0 1
    outer loop
      vertex -17.0985 -14.8866 1.25
      vertex -18.5 -15 1.25
      vertex -17.1394 -14.9477 1.25
    endloop
  endfacet
  facet normal 0 0 1
    outer loop
      vertex -17.1394 -14.9477 1.25
      vertex -18.5 -15 1.25
      vertex -17.2453 -15.1245 1.25
    endloop
  endfacet
  facet normal 0 0 1
    outer loop
      vertex -17.2453 -15.1245 1.25
      vertex -18.5 -15 1.25
      vertex -17.28 -15.1894 1.25
    endloop
  endfacet
  facet normal 0 -0 1
    outer loop
      vertex -18.4747 -15.5146 1.25
      vertex -17.3963 -15.4437 1.25
      vertex -18.5 -15 1.25
    endloop
  endfacet
  facet normal 0 -0 1
    outer loop
      vertex -18.3991 -16.0242 1.25
      vertex -17.5372 -15.9081 1.25
      vertex -18.4747 -15.5146 1.25
    endloop
  endfacet
  facet normal -0 0 1
    outer loop
      vertex -18.2739 -16.524 1.25
      vertex -17.5991 -16.5368 1.25
      vertex -17.5991 -16.4632 1.25
    endloop
  endfacet
  facet normal 0 0 1
    outer loop
      vertex -17.4871 -15.7082 1.25
      vertex -18.4747 -15.5146 1.25
      vertex -17.5372 -15.9081 1.25
    endloop
  endfacet
  facet normal 0 0 1
    outer loop
      vertex -17.5372 -15.9081 1.25
      vertex -18.3991 -16.0242 1.25
      vertex -17.5515 -15.9803 1.25
    endloop
  endfacet
  facet normal 0 0 1
    outer loop
      vertex -17.5515 -15.9803 1.25
      vertex -18.3991 -16.0242 1.25
      vertex -17.5818 -16.1842 1.25
    endloop
  endfacet
  facet normal 0 0 1
    outer loop
      vertex -17.4657 -15.6378 1.25
      vertex -18.4747 -15.5146 1.25
      vertex -17.4871 -15.7082 1.25
    endloop
  endfacet
  facet normal 0 0 1
    outer loop
      vertex -17.5818 -16.1842 1.25
      vertex -18.3991 -16.0242 1.25
      vertex -17.589 -16.2574 1.25
    endloop
  endfacet
  facet normal 0 0 1
    outer loop
      vertex -17.5991 -16.5368 1.25
      vertex -17.8801 -17.4748 1.25
      vertex -17.6152 -17.9167 1.25
    endloop
  endfacet
  facet normal 0 0 1
    outer loop
      vertex -17.5991 -16.5368 1.25
      vertex -18.1004 -17.0091 1.25
      vertex -17.8801 -17.4748 1.25
    endloop
  endfacet
  facet normal 0 0 1
    outer loop
      vertex -17.3963 -15.4437 1.25
      vertex -18.4747 -15.5146 1.25
      vertex -17.4657 -15.6378 1.25
    endloop
  endfacet
  facet normal 0 0 1
    outer loop
      vertex -17.5991 -16.5368 1.25
      vertex -18.2739 -16.524 1.25
      vertex -18.1004 -17.0091 1.25
    endloop
  endfacet
  facet normal 0 0 1
    outer loop
      vertex -17.28 -15.1894 1.25
      vertex -18.5 -15 1.25
      vertex -17.3681 -15.3757 1.25
    endloop
  endfacet
  facet normal 0 0 1
    outer loop
      vertex -17.589 -16.2574 1.25
      vertex -18.2739 -16.524 1.25
      vertex -17.5991 -16.4632 1.25
    endloop
  endfacet
  facet normal 0 0 1
    outer loop
      vertex -17.3681 -15.3757 1.25
      vertex -18.5 -15 1.25
      vertex -17.3963 -15.4437 1.25
    endloop
  endfacet
  facet normal 0 -0 1
    outer loop
      vertex -18.2739 -16.524 1.25
      vertex -17.589 -16.2574 1.25
      vertex -18.3991 -16.0242 1.25
    endloop
  endfacet
  facet normal 0 0 1
    outer loop
      vertex -17.0985 -18.1135 1.25
      vertex -16.5806 -19.0583 1.25
      vertex -16.2071 -19.3353 1.25
    endloop
  endfacet
  facet normal 0 0 1
    outer loop
      vertex -16.5806 -19.0583 1.25
      vertex -17.0985 -18.1135 1.25
      vertex -16.9623 -18.7123 1.25
    endloop
  endfacet
  facet normal 0 0 1
    outer loop
      vertex -17.3083 -18.3306 1.25
      vertex -17.0985 -18.1135 1.25
      vertex -17.1394 -18.0523 1.25
    endloop
  endfacet
  facet normal 0 0 1
    outer loop
      vertex -17.3083 -18.3306 1.25
      vertex -17.1394 -18.0523 1.25
      vertex -17.2453 -17.8755 1.25
    endloop
  endfacet
  facet normal 0 0 1
    outer loop
      vertex -17.6152 -17.9167 1.25
      vertex -17.2453 -17.8755 1.25
      vertex -17.28 -17.8106 1.25
    endloop
  endfacet
  facet normal 0 0 1
    outer loop
      vertex -17.0985 -18.1135 1.25
      vertex -17.3083 -18.3306 1.25
      vertex -16.9623 -18.7123 1.25
    endloop
  endfacet
  facet normal 0 0 1
    outer loop
      vertex -17.6152 -17.9167 1.25
      vertex -17.28 -17.8106 1.25
      vertex -17.3681 -17.6243 1.25
    endloop
  endfacet
  facet normal 0 0 1
    outer loop
      vertex -17.6152 -17.9167 1.25
      vertex -17.3681 -17.6243 1.25
      vertex -17.3963 -17.5563 1.25
    endloop
  endfacet
  facet normal 0 0 1
    outer loop
      vertex -17.6152 -17.9167 1.25
      vertex -17.3963 -17.5563 1.25
      vertex -17.4657 -17.3623 1.25
    endloop
  endfacet
  facet normal 0 0 1
    outer loop
      vertex -17.6152 -17.9167 1.25
      vertex -17.4657 -17.3623 1.25
      vertex -17.4871 -17.2919 1.25
    endloop
  endfacet
  facet normal 0 0 1
    outer loop
      vertex -17.6152 -17.9167 1.25
      vertex -17.4871 -17.2919 1.25
      vertex -17.5372 -17.0919 1.25
    endloop
  endfacet
  facet normal 0 0 1
    outer loop
      vertex -17.6152 -17.9167 1.25
      vertex -17.5372 -17.0919 1.25
      vertex -17.5515 -17.0197 1.25
    endloop
  endfacet
  facet normal 0 0 1
    outer loop
      vertex -17.2453 -17.8755 1.25
      vertex -17.6152 -17.9167 1.25
      vertex -17.3083 -18.3306 1.25
    endloop
  endfacet
  facet normal 0 0 1
    outer loop
      vertex -17.5818 -16.8158 1.25
      vertex -17.6152 -17.9167 1.25
      vertex -17.5515 -17.0197 1.25
    endloop
  endfacet
  facet normal 0 0 1
    outer loop
      vertex -17.589 -16.7427 1.25
      vertex -17.6152 -17.9167 1.25
      vertex -17.5818 -16.8158 1.25
    endloop
  endfacet
  facet normal 0 0 1
    outer loop
      vertex -17.6152 -17.9167 1.25
      vertex -17.589 -16.7427 1.25
      vertex -17.5991 -16.5368 1.25
    endloop
  endfacet
  facet normal 0.94158 0.336788 0
    outer loop
      vertex 18.9916 16.7417 0.5
      vertex 18.7933 17.2961 -0.5
      vertex 18.7933 17.2961 0.5
    endloop
  endfacet
  facet normal 0.94158 0.336788 0
    outer loop
      vertex 18.7933 17.2961 -0.5
      vertex 18.9916 16.7417 0.5
      vertex 18.9916 16.7417 -0.5
    endloop
  endfacet
  facet normal 0.699869 0.103827 -0.706685
    outer loop
      vertex 18.4747 15.5146 -1.25
      vertex 18.3991 16.0242 -1.25
      vertex 19.1347 16.1705 -0.5
    endloop
  endfacet
  facet normal 0 -0.707107 -0.707107
    outer loop
      vertex -9.12866 -20.25 -1.25
      vertex 8.93816 -21 -0.5
      vertex -8.93816 -21 -0.5
    endloop
  endfacet
  facet normal 0 -0.707107 -0.707107
    outer loop
      vertex 8.93816 -21 -0.5
      vertex -9.12866 -20.25 -1.25
      vertex 9.12866 -20.25 -1.25
    endloop
  endfacet
  facet normal 0 0 -1
    outer loop
      vertex -17.0985 -18.1135 -1.25
      vertex -16.5806 -19.0583 -1.25
      vertex -16.9623 -18.7123 -1.25
    endloop
  endfacet
  facet normal 0 0 -1
    outer loop
      vertex -16.5806 -19.0583 -1.25
      vertex -17.0985 -18.1135 -1.25
      vertex -16.2071 -19.3353 -1.25
    endloop
  endfacet
  facet normal 0 0 -1
    outer loop
      vertex -17.3083 -18.3306 -1.25
      vertex -17.0985 -18.1135 -1.25
      vertex -16.9623 -18.7123 -1.25
    endloop
  endfacet
  facet normal -0 0 -1
    outer loop
      vertex -17.0985 -18.1135 -1.25
      vertex -17.3083 -18.3306 -1.25
      vertex -17.1394 -18.0523 -1.25
    endloop
  endfacet
  facet normal -0 0 -1
    outer loop
      vertex -17.1394 -18.0523 -1.25
      vertex -17.3083 -18.3306 -1.25
      vertex -17.2453 -17.8755 -1.25
    endloop
  endfacet
  facet normal 0 0 -1
    outer loop
      vertex -17.6152 -17.9167 -1.25
      vertex -17.2453 -17.8755 -1.25
      vertex -17.3083 -18.3306 -1.25
    endloop
  endfacet
  facet normal -0 0 -1
    outer loop
      vertex -17.2453 -17.8755 -1.25
      vertex -17.6152 -17.9167 -1.25
      vertex -17.28 -17.8106 -1.25
    endloop
  endfacet
  facet normal -0 0 -1
    outer loop
      vertex -17.28 -17.8106 -1.25
      vertex -17.6152 -17.9167 -1.25
      vertex -17.3681 -17.6243 -1.25
    endloop
  endfacet
  facet normal -0 0 -1
    outer loop
      vertex -17.3681 -17.6243 -1.25
      vertex -17.6152 -17.9167 -1.25
      vertex -17.3963 -17.5563 -1.25
    endloop
  endfacet
  facet normal 0 0 -1
    outer loop
      vertex -17.8801 -17.4748 -1.25
      vertex -17.3963 -17.5563 -1.25
      vertex -17.6152 -17.9167 -1.25
    endloop
  endfacet
  facet normal 0 0 -1
    outer loop
      vertex -17.3963 -17.5563 -1.25
      vertex -17.8801 -17.4748 -1.25
      vertex -17.4657 -17.3623 -1.25
    endloop
  endfacet
  facet normal -0 0 -1
    outer loop
      vertex -17.4657 -17.3623 -1.25
      vertex -17.8801 -17.4748 -1.25
      vertex -17.4871 -17.2919 -1.25
    endloop
  endfacet
  facet normal -0 0 -1
    outer loop
      vertex -17.5818 -16.8158 -1.25
      vertex -18.1004 -17.0091 -1.25
      vertex -17.589 -16.7427 -1.25
    endloop
  endfacet
  facet normal 0 0 -1
    outer loop
      vertex -17.5515 -17.0197 -1.25
      vertex -18.1004 -17.0091 -1.25
      vertex -17.5818 -16.8158 -1.25
    endloop
  endfacet
  facet normal 0 0 -1
    outer loop
      vertex -17.5372 -17.0919 -1.25
      vertex -18.1004 -17.0091 -1.25
      vertex -17.5515 -17.0197 -1.25
    endloop
  endfacet
  facet normal 0 0 -1
    outer loop
      vertex -18.1004 -17.0091 -1.25
      vertex -17.5372 -17.0919 -1.25
      vertex -17.8801 -17.4748 -1.25
    endloop
  endfacet
  facet normal -0 0 -1
    outer loop
      vertex -17.4871 -17.2919 -1.25
      vertex -17.8801 -17.4748 -1.25
      vertex -17.5372 -17.0919 -1.25
    endloop
  endfacet
  facet normal 0 0 -1
    outer loop
      vertex 18.2739 -16.524 -1.25
      vertex 17.589 -16.7427 -1.25
      vertex 17.5991 -16.5368 -1.25
    endloop
  endfacet
  facet normal 0 0 -1
    outer loop
      vertex 17.8801 -17.4748 -1.25
      vertex 17.5818 -16.8158 -1.25
      vertex 17.589 -16.7427 -1.25
    endloop
  endfacet
  facet normal 0 0 -1
    outer loop
      vertex 17.8801 -17.4748 -1.25
      vertex 17.5515 -17.0197 -1.25
      vertex 17.5818 -16.8158 -1.25
    endloop
  endfacet
  facet normal 0 0 -1
    outer loop
      vertex 17.8801 -17.4748 -1.25
      vertex 17.5372 -17.0919 -1.25
      vertex 17.5515 -17.0197 -1.25
    endloop
  endfacet
  facet normal 0 0 -1
    outer loop
      vertex 17.8801 -17.4748 -1.25
      vertex 17.4871 -17.2919 -1.25
      vertex 17.5372 -17.0919 -1.25
    endloop
  endfacet
  facet normal 0 0 -1
    outer loop
      vertex 17.8801 -17.4748 -1.25
      vertex 17.4657 -17.3623 -1.25
      vertex 17.4871 -17.2919 -1.25
    endloop
  endfacet
  facet normal -0 0 -1
    outer loop
      vertex 17.8801 -17.4748 -1.25
      vertex 17.3963 -17.5563 -1.25
      vertex 17.4657 -17.3623 -1.25
    endloop
  endfacet
  facet normal 0 0 -1
    outer loop
      vertex 17.6152 -17.9167 -1.25
      vertex 17.3681 -17.6243 -1.25
      vertex 17.3963 -17.5563 -1.25
    endloop
  endfacet
  facet normal 0 0 -1
    outer loop
      vertex 17.2453 -17.8755 -1.25
      vertex 17.6152 -17.9167 -1.25
      vertex 17.3083 -18.3306 -1.25
    endloop
  endfacet
  facet normal 0 0 -1
    outer loop
      vertex 17.6152 -17.9167 -1.25
      vertex 17.28 -17.8106 -1.25
      vertex 17.3681 -17.6243 -1.25
    endloop
  endfacet
  facet normal 0 0 -1
    outer loop
      vertex 17.6152 -17.9167 -1.25
      vertex 17.2453 -17.8755 -1.25
      vertex 17.28 -17.8106 -1.25
    endloop
  endfacet
  facet normal 0 0 -1
    outer loop
      vertex 17.3083 -18.3306 -1.25
      vertex 17.1394 -18.0523 -1.25
      vertex 17.2453 -17.8755 -1.25
    endloop
  endfacet
  facet normal 0 0 -1
    outer loop
      vertex 17.3083 -18.3306 -1.25
      vertex 17.0985 -18.1135 -1.25
      vertex 17.1394 -18.0523 -1.25
    endloop
  endfacet
  facet normal 0 0 -1
    outer loop
      vertex 16.9623 -18.7123 -1.25
      vertex 17.0985 -18.1135 -1.25
      vertex 17.3083 -18.3306 -1.25
    endloop
  endfacet
  facet normal 0 0 -1
    outer loop
      vertex 16.5806 -19.0583 -1.25
      vertex 17.0985 -18.1135 -1.25
      vertex 16.9623 -18.7123 -1.25
    endloop
  endfacet
  facet normal 0 0 -1
    outer loop
      vertex 17.0985 -18.1135 -1.25
      vertex 16.5806 -19.0583 -1.25
      vertex 16.2071 -19.3353 -1.25
    endloop
  endfacet
  facet normal 0 0 -1
    outer loop
      vertex 17.3963 -15.4437 -1.25
      vertex 18.5 -15 -1.25
      vertex 18.4747 -15.5146 -1.25
    endloop
  endfacet
  facet normal 0 0 -1
    outer loop
      vertex 16.5859 -14.321 -1.25
      vertex 18.5 -15 -1.25
      vertex 16.7386 -14.4594 -1.25
    endloop
  endfacet
  facet normal 0 0 -1
    outer loop
      vertex 17.5372 -15.9081 -1.25
      vertex 18.4747 -15.5146 -1.25
      vertex 18.3991 -16.0242 -1.25
    endloop
  endfacet
  facet normal 0 0 -1
    outer loop
      vertex 18.5 -15 -1.25
      vertex 16.9757 -14.721 -1.25
      vertex 16.929 -14.6641 -1.25
    endloop
  endfacet
  facet normal 0 0 -1
    outer loop
      vertex 17.589 -16.2574 -1.25
      vertex 18.3991 -16.0242 -1.25
      vertex 18.2739 -16.524 -1.25
    endloop
  endfacet
  facet normal 0 0 -1
    outer loop
      vertex 17.589 -16.7427 -1.25
      vertex 18.2739 -16.524 -1.25
      vertex 18.1004 -17.0091 -1.25
    endloop
  endfacet
  facet normal 0 0 -1
    outer loop
      vertex 17.589 -16.7427 -1.25
      vertex 18.1004 -17.0091 -1.25
      vertex 17.8801 -17.4748 -1.25
    endloop
  endfacet
  facet normal 0 0 -1
    outer loop
      vertex 18.3991 -16.0242 -1.25
      vertex 17.5515 -15.9803 -1.25
      vertex 17.5372 -15.9081 -1.25
    endloop
  endfacet
  facet normal 0 0 -1
    outer loop
      vertex 18.4747 -15.5146 -1.25
      vertex 17.5372 -15.9081 -1.25
      vertex 17.4871 -15.7082 -1.25
    endloop
  endfacet
  facet normal 0 0 -1
    outer loop
      vertex 17.3963 -17.5563 -1.25
      vertex 17.8801 -17.4748 -1.25
      vertex 17.6152 -17.9167 -1.25
    endloop
  endfacet
  facet normal -0 0 -1
    outer loop
      vertex 18.2739 -16.524 -1.25
      vertex 17.5991 -16.5368 -1.25
      vertex 17.5991 -16.4632 -1.25
    endloop
  endfacet
  facet normal 0 0 -1
    outer loop
      vertex 18.2739 -16.524 -1.25
      vertex 17.5991 -16.4632 -1.25
      vertex 17.589 -16.2574 -1.25
    endloop
  endfacet
  facet normal 0 0 -1
    outer loop
      vertex 18.3991 -16.0242 -1.25
      vertex 17.589 -16.2574 -1.25
      vertex 17.5818 -16.1842 -1.25
    endloop
  endfacet
  facet normal -0 0 -1
    outer loop
      vertex 18.3991 -16.0242 -1.25
      vertex 17.5818 -16.1842 -1.25
      vertex 17.5515 -15.9803 -1.25
    endloop
  endfacet
  facet normal 0 0 -1
    outer loop
      vertex 18.4747 -15.5146 -1.25
      vertex 17.4871 -15.7082 -1.25
      vertex 17.4657 -15.6378 -1.25
    endloop
  endfacet
  facet normal -0 0 -1
    outer loop
      vertex 18.4747 -15.5146 -1.25
      vertex 17.4657 -15.6378 -1.25
      vertex 17.3963 -15.4437 -1.25
    endloop
  endfacet
  facet normal 0 0 -1
    outer loop
      vertex 18.5 -15 -1.25
      vertex 17.3963 -15.4437 -1.25
      vertex 17.3681 -15.3757 -1.25
    endloop
  endfacet
  facet normal 0 0 -1
    outer loop
      vertex 18.5 -15 -1.25
      vertex 17.3681 -15.3757 -1.25
      vertex 17.28 -15.1894 -1.25
    endloop
  endfacet
  facet normal 0 0 -1
    outer loop
      vertex 18.5 -15 -1.25
      vertex 17.28 -15.1894 -1.25
      vertex 17.2453 -15.1245 -1.25
    endloop
  endfacet
  facet normal -0 0 -1
    outer loop
      vertex 18.5 -15 -1.25
      vertex 17.2453 -15.1245 -1.25
      vertex 17.1394 -14.9477 -1.25
    endloop
  endfacet
  facet normal 0 0 -1
    outer loop
      vertex 18.5 -15 -1.25
      vertex 17.1394 -14.9477 -1.25
      vertex 17.0985 -14.8866 -1.25
    endloop
  endfacet
  facet normal 0 0 -1
    outer loop
      vertex 18.5 -15 -1.25
      vertex 17.0985 -14.8866 -1.25
      vertex 16.9757 -14.721 -1.25
    endloop
  endfacet
  facet normal 0 0 -1
    outer loop
      vertex 18.5 -15 -1.25
      vertex 16.929 -14.6641 -1.25
      vertex 16.7906 -14.5114 -1.25
    endloop
  endfacet
  facet normal 0 0 -1
    outer loop
      vertex 18.5 -15 -1.25
      vertex 16.7906 -14.5114 -1.25
      vertex 16.7386 -14.4594 -1.25
    endloop
  endfacet
  facet normal 0 0 -1
    outer loop
      vertex 16.529 -14.2743 -1.25
      vertex 18.5 -15 -1.25
      vertex 16.5859 -14.321 -1.25
    endloop
  endfacet
  facet normal 0 0 -1
    outer loop
      vertex 18.5 -15 -1.25
      vertex 16.529 -14.2743 -1.25
      vertex 18.5 -7.34308 -1.25
    endloop
  endfacet
  facet normal 0 0 -1
    outer loop
      vertex 16.3634 -14.1515 -1.25
      vertex 18.5 -7.34308 -1.25
      vertex 16.529 -14.2743 -1.25
    endloop
  endfacet
  facet normal 0 0 -1
    outer loop
      vertex 16.3023 -14.1106 -1.25
      vertex 18.5 -7.34308 -1.25
      vertex 16.3634 -14.1515 -1.25
    endloop
  endfacet
  facet normal 0 0 -1
    outer loop
      vertex 16.1255 -14.0047 -1.25
      vertex 18.5 -7.34308 -1.25
      vertex 16.3023 -14.1106 -1.25
    endloop
  endfacet
  facet normal 0 0 -1
    outer loop
      vertex 16.0606 -13.97 -1.25
      vertex 18.5 -7.34308 -1.25
      vertex 16.1255 -14.0047 -1.25
    endloop
  endfacet
  facet normal 0 0 -1
    outer loop
      vertex 15.8743 -13.8819 -1.25
      vertex 18.5 -7.34308 -1.25
      vertex 16.0606 -13.97 -1.25
    endloop
  endfacet
  facet normal 0 0 -1
    outer loop
      vertex 15.8063 -13.8537 -1.25
      vertex 18.5 -7.34308 -1.25
      vertex 15.8743 -13.8819 -1.25
    endloop
  endfacet
  facet normal 0 0 -1
    outer loop
      vertex 15.6122 -13.7843 -1.25
      vertex 18.5 -7.34308 -1.25
      vertex 15.8063 -13.8537 -1.25
    endloop
  endfacet
  facet normal -0 0 -1
    outer loop
      vertex 18.5 -7.34308 -1.25
      vertex 15.6122 -13.7843 -1.25
      vertex 18.4199 -7.29504 -1.25
    endloop
  endfacet
  facet normal 0 0 -1
    outer loop
      vertex 15.5418 -13.7629 -1.25
      vertex 18.4199 -7.29504 -1.25
      vertex 15.6122 -13.7843 -1.25
    endloop
  endfacet
  facet normal -0 0 -1
    outer loop
      vertex 18.4199 -7.29504 -1.25
      vertex 15.5418 -13.7629 -1.25
      vertex 18.3587 -7.25415 -1.25
    endloop
  endfacet
  facet normal 0 0 -1
    outer loop
      vertex 15.3419 -13.7128 -1.25
      vertex 18.3587 -7.25415 -1.25
      vertex 15.5418 -13.7629 -1.25
    endloop
  endfacet
  facet normal 0 0 -1
    outer loop
      vertex 15.2697 -13.6985 -1.25
      vertex 18.3587 -7.25415 -1.25
      vertex 15.3419 -13.7128 -1.25
    endloop
  endfacet
  facet normal -0 0 -1
    outer loop
      vertex 18.3587 -7.25415 -1.25
      vertex 15.2697 -13.6985 -1.25
      vertex 17.7281 -6.78648 -1.25
    endloop
  endfacet
  facet normal 0 0 -1
    outer loop
      vertex 15.0658 -13.6682 -1.25
      vertex 17.7281 -6.78648 -1.25
      vertex 15.2697 -13.6985 -1.25
    endloop
  endfacet
  facet normal 0 0 -1
    outer loop
      vertex 14.9926 -13.661 -1.25
      vertex 17.7281 -6.78648 -1.25
      vertex 15.0658 -13.6682 -1.25
    endloop
  endfacet
  facet normal -0 0 -1
    outer loop
      vertex 17.7281 -6.78648 -1.25
      vertex 14.9926 -13.661 -1.25
      vertex 17.6712 -6.73979 -1.25
    endloop
  endfacet
  facet normal 0 0 -1
    outer loop
      vertex 14.7868 -13.6509 -1.25
      vertex 17.6712 -6.73979 -1.25
      vertex 14.9926 -13.661 -1.25
    endloop
  endfacet
  facet normal 0 0 -1
    outer loop
      vertex 14.7132 -13.6509 -1.25
      vertex 17.6712 -6.73979 -1.25
      vertex 14.7868 -13.6509 -1.25
    endloop
  endfacet
  facet normal -0 0 -1
    outer loop
      vertex 17.6712 -6.73979 -1.25
      vertex 14.7132 -13.6509 -1.25
      vertex 17.0895 -6.21255 -1.25
    endloop
  endfacet
  facet normal 0 0 -1
    outer loop
      vertex 14.5073 -13.661 -1.25
      vertex 17.0895 -6.21255 -1.25
      vertex 14.7132 -13.6509 -1.25
    endloop
  endfacet
  facet normal 0 0 -1
    outer loop
      vertex 14.4342 -13.6682 -1.25
      vertex 17.0895 -6.21255 -1.25
      vertex 14.5073 -13.661 -1.25
    endloop
  endfacet
  facet normal -0 0 -1
    outer loop
      vertex 17.0895 -6.21255 -1.25
      vertex 14.4342 -13.6682 -1.25
      vertex 17.0374 -6.16052 -1.25
    endloop
  endfacet
  facet normal 0 0 -1
    outer loop
      vertex 14.2303 -13.6985 -1.25
      vertex 17.0374 -6.16052 -1.25
      vertex 14.4342 -13.6682 -1.25
    endloop
  endfacet
  facet normal -0 0 -1
    outer loop
      vertex 17.0374 -6.16052 -1.25
      vertex 14.2303 -13.6985 -1.25
      vertex 16.5102 -5.57881 -1.25
    endloop
  endfacet
  facet normal 0 0 -1
    outer loop
      vertex 14.1581 -13.7128 -1.25
      vertex 16.5102 -5.57881 -1.25
      vertex 14.2303 -13.6985 -1.25
    endloop
  endfacet
  facet normal 0 0 -1
    outer loop
      vertex 13.9581 -13.7629 -1.25
      vertex 16.5102 -5.57881 -1.25
      vertex 14.1581 -13.7128 -1.25
    endloop
  endfacet
  facet normal -0 0 -1
    outer loop
      vertex 16.5102 -5.57881 -1.25
      vertex 13.9581 -13.7629 -1.25
      vertex 16.4635 -5.52191 -1.25
    endloop
  endfacet
  facet normal 0 0 -1
    outer loop
      vertex 13.8877 -13.7843 -1.25
      vertex 16.4635 -5.52191 -1.25
      vertex 13.9581 -13.7629 -1.25
    endloop
  endfacet
  facet normal 0 0 -1
    outer loop
      vertex 7 -9.5 -1.25
      vertex 16.4635 -5.52191 -1.25
      vertex 13.8877 -13.7843 -1.25
    endloop
  endfacet
  facet normal -0 0 -1
    outer loop
      vertex 16.4635 -5.52191 -1.25
      vertex 7 -9.5 -1.25
      vertex 15.9958 -4.89133 -1.25
    endloop
  endfacet
  facet normal -0 0 -1
    outer loop
      vertex 15.9549 -4.83012 -1.25
      vertex 7 -9.5 -1.25
      vertex 15.5513 -4.15674 -1.25
    endloop
  endfacet
  facet normal -0 0 -1
    outer loop
      vertex 15.5513 -4.15674 -1.25
      vertex 7 -9.5 -1.25
      vertex 15.5166 -4.09183 -1.25
    endloop
  endfacet
  facet normal -0 0 -1
    outer loop
      vertex 15.5166 -4.09183 -1.25
      vertex 7 -9.5 -1.25
      vertex 15.181 -3.38213 -1.25
    endloop
  endfacet
  facet normal -0 0 -1
    outer loop
      vertex 15.1528 -3.31413 -1.25
      vertex 7 -9.5 -1.25
      vertex 14.8883 -2.57494 -1.25
    endloop
  endfacet
  facet normal -0 0 -1
    outer loop
      vertex 14.8883 -2.57494 -1.25
      vertex 7 -9.5 -1.25
      vertex 14.8669 -2.50449 -1.25
    endloop
  endfacet
  facet normal -0 0 -1
    outer loop
      vertex 14.8669 -2.50449 -1.25
      vertex 7 -9.5 -1.25
      vertex 14.6762 -1.74294 -1.25
    endloop
  endfacet
  facet normal -0 0 -1
    outer loop
      vertex 14.5394 -0.820923 -1.25
      vertex 7 -9.5 -1.25
      vertex 14.5009 -0.0367889 -1.25
    endloop
  endfacet
  facet normal -0 0 -1
    outer loop
      vertex 14.6618 -1.67078 -1.25
      vertex 7 -9.5 -1.25
      vertex 14.5466 -0.894196 -1.25
    endloop
  endfacet
  facet normal 0 0 -1
    outer loop
      vertex 16.529 14.2743 -1.25
      vertex 18.5 15 -1.25
      vertex 18.5 7.34308 -1.25
    endloop
  endfacet
  facet normal 0 0 -1
    outer loop
      vertex 15.6122 13.7843 -1.25
      vertex 18.5 7.34308 -1.25
      vertex 18.4199 7.29504 -1.25
    endloop
  endfacet
  facet normal 0 -0 -1
    outer loop
      vertex 16.7906 14.5114 -1.25
      vertex 18.5 15 -1.25
      vertex 16.7386 14.4594 -1.25
    endloop
  endfacet
  facet normal 0 0 -1
    outer loop
      vertex 15.5418 13.7629 -1.25
      vertex 18.4199 7.29504 -1.25
      vertex 18.3587 7.25415 -1.25
    endloop
  endfacet
  facet normal 0 -0 -1
    outer loop
      vertex 17.1394 14.9477 -1.25
      vertex 18.5 15 -1.25
      vertex 17.0985 14.8866 -1.25
    endloop
  endfacet
  facet normal 0 -0 -1
    outer loop
      vertex 17.3963 15.4437 -1.25
      vertex 18.5 15 -1.25
      vertex 17.3681 15.3757 -1.25
    endloop
  endfacet
  facet normal 0 0 -1
    outer loop
      vertex 18.4747 15.5146 -1.25
      vertex 17.5372 15.9081 -1.25
      vertex 18.3991 16.0242 -1.25
    endloop
  endfacet
  facet normal 0 0 -1
    outer loop
      vertex 15.2697 13.6985 -1.25
      vertex 18.3587 7.25415 -1.25
      vertex 17.7281 6.78648 -1.25
    endloop
  endfacet
  facet normal 0 0 -1
    outer loop
      vertex 14.9926 13.661 -1.25
      vertex 17.7281 6.78648 -1.25
      vertex 17.6712 6.73979 -1.25
    endloop
  endfacet
  facet normal 0 0 -1
    outer loop
      vertex 18.3991 16.0242 -1.25
      vertex 17.589 16.2574 -1.25
      vertex 18.2739 16.524 -1.25
    endloop
  endfacet
  facet normal 0 0 -1
    outer loop
      vertex 18.2739 16.524 -1.25
      vertex 17.589 16.7427 -1.25
      vertex 18.1004 17.0091 -1.25
    endloop
  endfacet
  facet normal 0 0 -1
    outer loop
      vertex 17.589 16.7427 -1.25
      vertex 18.2739 16.524 -1.25
      vertex 17.5991 16.5368 -1.25
    endloop
  endfacet
  facet normal 0 0 -1
    outer loop
      vertex 17.5991 16.5368 -1.25
      vertex 18.2739 16.524 -1.25
      vertex 17.5991 16.4632 -1.25
    endloop
  endfacet
  facet normal 0 -0 -1
    outer loop
      vertex 17.5991 16.4632 -1.25
      vertex 18.2739 16.524 -1.25
      vertex 17.589 16.2574 -1.25
    endloop
  endfacet
  facet normal 0 -0 -1
    outer loop
      vertex 17.589 16.2574 -1.25
      vertex 18.3991 16.0242 -1.25
      vertex 17.5818 16.1842 -1.25
    endloop
  endfacet
  facet normal 0 -0 -1
    outer loop
      vertex 17.5818 16.1842 -1.25
      vertex 18.3991 16.0242 -1.25
      vertex 17.5515 15.9803 -1.25
    endloop
  endfacet
  facet normal 0 -0 -1
    outer loop
      vertex 17.5515 15.9803 -1.25
      vertex 18.3991 16.0242 -1.25
      vertex 17.5372 15.9081 -1.25
    endloop
  endfacet
  facet normal 0 -0 -1
    outer loop
      vertex 17.5372 15.9081 -1.25
      vertex 18.4747 15.5146 -1.25
      vertex 17.4871 15.7082 -1.25
    endloop
  endfacet
  facet normal 0 -0 -1
    outer loop
      vertex 17.4871 15.7082 -1.25
      vertex 18.4747 15.5146 -1.25
      vertex 17.4657 15.6378 -1.25
    endloop
  endfacet
  facet normal 0 -0 -1
    outer loop
      vertex 17.4657 15.6378 -1.25
      vertex 18.4747 15.5146 -1.25
      vertex 17.3963 15.4437 -1.25
    endloop
  endfacet
  facet normal 0 0 -1
    outer loop
      vertex 18.5 15 -1.25
      vertex 17.3963 15.4437 -1.25
      vertex 18.4747 15.5146 -1.25
    endloop
  endfacet
  facet normal 0 -0 -1
    outer loop
      vertex 17.3681 15.3757 -1.25
      vertex 18.5 15 -1.25
      vertex 17.28 15.1894 -1.25
    endloop
  endfacet
  facet normal 0 -0 -1
    outer loop
      vertex 17.28 15.1894 -1.25
      vertex 18.5 15 -1.25
      vertex 17.2453 15.1245 -1.25
    endloop
  endfacet
  facet normal 0 0 -1
    outer loop
      vertex 14.7132 13.6509 -1.25
      vertex 17.6712 6.73979 -1.25
      vertex 17.0895 6.21255 -1.25
    endloop
  endfacet
  facet normal 0 0 -1
    outer loop
      vertex 14.4342 13.6682 -1.25
      vertex 17.0895 6.21255 -1.25
      vertex 17.0374 6.16052 -1.25
    endloop
  endfacet
  facet normal 0 -0 -1
    outer loop
      vertex 17.2453 15.1245 -1.25
      vertex 18.5 15 -1.25
      vertex 17.1394 14.9477 -1.25
    endloop
  endfacet
  facet normal 0 -0 -1
    outer loop
      vertex 17.0985 14.8866 -1.25
      vertex 18.5 15 -1.25
      vertex 16.9757 14.721 -1.25
    endloop
  endfacet
  facet normal 0 -0 -1
    outer loop
      vertex 16.9757 14.721 -1.25
      vertex 18.5 15 -1.25
      vertex 16.929 14.6641 -1.25
    endloop
  endfacet
  facet normal 0 -0 -1
    outer loop
      vertex 16.929 14.6641 -1.25
      vertex 18.5 15 -1.25
      vertex 16.7906 14.5114 -1.25
    endloop
  endfacet
  facet normal 0 0 -1
    outer loop
      vertex 18.5 15 -1.25
      vertex 16.5859 14.321 -1.25
      vertex 16.7386 14.4594 -1.25
    endloop
  endfacet
  facet normal 0 0 -1
    outer loop
      vertex 18.5 15 -1.25
      vertex 16.529 14.2743 -1.25
      vertex 16.5859 14.321 -1.25
    endloop
  endfacet
  facet normal 0 0 -1
    outer loop
      vertex 14.2303 13.6985 -1.25
      vertex 17.0374 6.16052 -1.25
      vertex 16.5102 5.57881 -1.25
    endloop
  endfacet
  facet normal 0 0 -1
    outer loop
      vertex 13.9581 13.7629 -1.25
      vertex 16.5102 5.57881 -1.25
      vertex 16.4635 5.52191 -1.25
    endloop
  endfacet
  facet normal 0 0 -1
    outer loop
      vertex 18.5 7.34308 -1.25
      vertex 16.3634 14.1515 -1.25
      vertex 16.529 14.2743 -1.25
    endloop
  endfacet
  facet normal 0 0 -1
    outer loop
      vertex 18.5 7.34308 -1.25
      vertex 16.3023 14.1106 -1.25
      vertex 16.3634 14.1515 -1.25
    endloop
  endfacet
  facet normal 0 0 -1
    outer loop
      vertex 18.5 7.34308 -1.25
      vertex 16.1255 14.0047 -1.25
      vertex 16.3023 14.1106 -1.25
    endloop
  endfacet
  facet normal 0 0 -1
    outer loop
      vertex 18.5 7.34308 -1.25
      vertex 16.0606 13.97 -1.25
      vertex 16.1255 14.0047 -1.25
    endloop
  endfacet
  facet normal 0 0 -1
    outer loop
      vertex 7 9.5 -1.25
      vertex 16.4635 5.52191 -1.25
      vertex 15.9958 4.89133 -1.25
    endloop
  endfacet
  facet normal 0 0 -1
    outer loop
      vertex 7 9.5 -1.25
      vertex 15.9958 4.89133 -1.25
      vertex 15.9549 4.83012 -1.25
    endloop
  endfacet
  facet normal 0 0 -1
    outer loop
      vertex 18.5 7.34308 -1.25
      vertex 15.8743 13.8819 -1.25
      vertex 16.0606 13.97 -1.25
    endloop
  endfacet
  facet normal 0 0 -1
    outer loop
      vertex 18.5 7.34308 -1.25
      vertex 15.8063 13.8537 -1.25
      vertex 15.8743 13.8819 -1.25
    endloop
  endfacet
  facet normal 0 0 -1
    outer loop
      vertex 18.5 7.34308 -1.25
      vertex 15.6122 13.7843 -1.25
      vertex 15.8063 13.8537 -1.25
    endloop
  endfacet
  facet normal 0 0 -1
    outer loop
      vertex 7 9.5 -1.25
      vertex 15.9549 4.83012 -1.25
      vertex 15.5513 4.15674 -1.25
    endloop
  endfacet
  facet normal 0 0 -1
    outer loop
      vertex 18.4199 7.29504 -1.25
      vertex 15.5418 13.7629 -1.25
      vertex 15.6122 13.7843 -1.25
    endloop
  endfacet
  facet normal 0 0 -1
    outer loop
      vertex 7 9.5 -1.25
      vertex 15.5513 4.15674 -1.25
      vertex 15.5166 4.09183 -1.25
    endloop
  endfacet
  facet normal 0 0 -1
    outer loop
      vertex 18.3587 7.25415 -1.25
      vertex 15.3419 13.7128 -1.25
      vertex 15.5418 13.7629 -1.25
    endloop
  endfacet
  facet normal 0 0 -1
    outer loop
      vertex 18.3587 7.25415 -1.25
      vertex 15.2697 13.6985 -1.25
      vertex 15.3419 13.7128 -1.25
    endloop
  endfacet
  facet normal 0 0 -1
    outer loop
      vertex 7 9.5 -1.25
      vertex 15.5166 4.09183 -1.25
      vertex 15.181 3.38213 -1.25
    endloop
  endfacet
  facet normal 0 0 -1
    outer loop
      vertex 7 9.5 -1.25
      vertex 15.181 3.38213 -1.25
      vertex 15.1528 3.31413 -1.25
    endloop
  endfacet
  facet normal 0 0 -1
    outer loop
      vertex 17.7281 6.78648 -1.25
      vertex 15.0658 13.6682 -1.25
      vertex 15.2697 13.6985 -1.25
    endloop
  endfacet
  facet normal 0 0 -1
    outer loop
      vertex 17.7281 6.78648 -1.25
      vertex 14.9926 13.661 -1.25
      vertex 15.0658 13.6682 -1.25
    endloop
  endfacet
  facet normal 0 0 -1
    outer loop
      vertex 7 9.5 -1.25
      vertex 15.1528 3.31413 -1.25
      vertex 14.8883 2.57494 -1.25
    endloop
  endfacet
  facet normal 0 0 -1
    outer loop
      vertex 7 9.5 -1.25
      vertex 14.8883 2.57494 -1.25
      vertex 14.8669 2.50449 -1.25
    endloop
  endfacet
  facet normal 0 0 -1
    outer loop
      vertex 17.6712 6.73979 -1.25
      vertex 14.7868 13.6509 -1.25
      vertex 14.9926 13.661 -1.25
    endloop
  endfacet
  facet normal 0 0 -1
    outer loop
      vertex 17.6712 6.73979 -1.25
      vertex 14.7132 13.6509 -1.25
      vertex 14.7868 13.6509 -1.25
    endloop
  endfacet
  facet normal 0 0 -1
    outer loop
      vertex 7 9.5 -1.25
      vertex 14.8669 2.50449 -1.25
      vertex 14.6762 1.74294 -1.25
    endloop
  endfacet
  facet normal 0 0 -1
    outer loop
      vertex 7 9.5 -1.25
      vertex 14.6762 1.74294 -1.25
      vertex 14.6618 1.67078 -1.25
    endloop
  endfacet
  facet normal 0 0 -1
    outer loop
      vertex 7 9.5 -1.25
      vertex 14.6618 1.67078 -1.25
      vertex 14.5466 0.894196 -1.25
    endloop
  endfacet
  facet normal 0 0 -1
    outer loop
      vertex 7 9.5 -1.25
      vertex 14.5466 0.894196 -1.25
      vertex 14.5394 0.820923 -1.25
    endloop
  endfacet
  facet normal 0 0 -1
    outer loop
      vertex 17.0895 6.21255 -1.25
      vertex 14.5073 13.661 -1.25
      vertex 14.7132 13.6509 -1.25
    endloop
  endfacet
  facet normal 0 0 -1
    outer loop
      vertex 7 9.5 -1.25
      vertex 14.5394 0.820923 -1.25
      vertex 14.5009 0.0367889 -1.25
    endloop
  endfacet
  facet normal -0 0 -1
    outer loop
      vertex 14.5009 -0.0367889 -1.25
      vertex 7 -9.5 -1.25
      vertex 14.5009 0.0367889 -1.25
    endloop
  endfacet
  facet normal 0 0 -1
    outer loop
      vertex 7 9.5 -1.25
      vertex 14.5009 0.0367889 -1.25
      vertex 7 -9.5 -1.25
    endloop
  endfacet
  facet normal -0 0 -1
    outer loop
      vertex 14.5466 -0.894196 -1.25
      vertex 7 -9.5 -1.25
      vertex 14.5394 -0.820923 -1.25
    endloop
  endfacet
  facet normal 0 0 -1
    outer loop
      vertex 16.4635 5.52191 -1.25
      vertex 7 9.5 -1.25
      vertex 13.8877 13.7843 -1.25
    endloop
  endfacet
  facet normal -0 0 -1
    outer loop
      vertex 14.6762 -1.74294 -1.25
      vertex 7 -9.5 -1.25
      vertex 14.6618 -1.67078 -1.25
    endloop
  endfacet
  facet normal 0 0 -1
    outer loop
      vertex 17.0895 6.21255 -1.25
      vertex 14.4342 13.6682 -1.25
      vertex 14.5073 13.661 -1.25
    endloop
  endfacet
  facet normal -0 0 -1
    outer loop
      vertex 15.181 -3.38213 -1.25
      vertex 7 -9.5 -1.25
      vertex 15.1528 -3.31413 -1.25
    endloop
  endfacet
  facet normal 0 0 -1
    outer loop
      vertex 17.0374 6.16052 -1.25
      vertex 14.2303 13.6985 -1.25
      vertex 14.4342 13.6682 -1.25
    endloop
  endfacet
  facet normal -0 0 -1
    outer loop
      vertex 15.9958 -4.89133 -1.25
      vertex 7 -9.5 -1.25
      vertex 15.9549 -4.83012 -1.25
    endloop
  endfacet
  facet normal 0 0 -1
    outer loop
      vertex 16.5102 5.57881 -1.25
      vertex 14.1581 13.7128 -1.25
      vertex 14.2303 13.6985 -1.25
    endloop
  endfacet
  facet normal 0 0 -1
    outer loop
      vertex 7 -9.5 -1.25
      vertex 13.8877 -13.7843 -1.25
      vertex 13.6937 -13.8537 -1.25
    endloop
  endfacet
  facet normal 0 0 -1
    outer loop
      vertex 16.5102 5.57881 -1.25
      vertex 13.9581 13.7629 -1.25
      vertex 14.1581 13.7128 -1.25
    endloop
  endfacet
  facet normal 0 0 -1
    outer loop
      vertex 7 -9.5 -1.25
      vertex 13.6937 -13.8537 -1.25
      vertex 13.6257 -13.8819 -1.25
    endloop
  endfacet
  facet normal 0 0 -1
    outer loop
      vertex 16.4635 5.52191 -1.25
      vertex 13.8877 13.7843 -1.25
      vertex 13.9581 13.7629 -1.25
    endloop
  endfacet
  facet normal 0 0 -1
    outer loop
      vertex 6.9991 -9.5368 -1.25
      vertex 13.6257 -13.8819 -1.25
      vertex 13.4394 -13.97 -1.25
    endloop
  endfacet
  facet normal -0 0 -1
    outer loop
      vertex 13.8877 13.7843 -1.25
      vertex 7 9.5 -1.25
      vertex 13.6937 13.8537 -1.25
    endloop
  endfacet
  facet normal 0 0 -1
    outer loop
      vertex 6.97261 -10.0759 -1.25
      vertex 13.4394 -13.97 -1.25
      vertex 13.3745 -14.0047 -1.25
    endloop
  endfacet
  facet normal -0 0 -1
    outer loop
      vertex 13.6937 13.8537 -1.25
      vertex 7 9.5 -1.25
      vertex 13.6257 13.8819 -1.25
    endloop
  endfacet
  facet normal 0 0 -1
    outer loop
      vertex 6.97261 -10.0759 -1.25
      vertex 13.3745 -14.0047 -1.25
      vertex 13.1977 -14.1106 -1.25
    endloop
  endfacet
  facet normal 0 0 -1
    outer loop
      vertex 6.9991 9.5368 -1.25
      vertex 13.6257 13.8819 -1.25
      vertex 7 9.5 -1.25
    endloop
  endfacet
  facet normal 0 0 -1
    outer loop
      vertex 6.74069 -11.2788 -1.25
      vertex 13.1977 -14.1106 -1.25
      vertex 10.9755 -15.5264 -1.25
    endloop
  endfacet
  facet normal -0 0 -1
    outer loop
      vertex 13.6257 13.8819 -1.25
      vertex 6.9991 9.5368 -1.25
      vertex 13.4394 13.97 -1.25
    endloop
  endfacet
  facet normal 0 0 -1
    outer loop
      vertex 6.53749 -11.8574 -1.25
      vertex 10.9755 -15.5264 -1.25
      vertex 10.9144 -15.5672 -1.25
    endloop
  endfacet
  facet normal 0 0 -1
    outer loop
      vertex 6.97261 10.0759 -1.25
      vertex 13.4394 13.97 -1.25
      vertex 6.9991 9.5368 -1.25
    endloop
  endfacet
  facet normal 0 0 -1
    outer loop
      vertex 6.50932 -11.9254 -1.25
      vertex 10.9144 -15.5672 -1.25
      vertex 10.7882 -15.6608 -1.25
    endloop
  endfacet
  facet normal -0 0 -1
    outer loop
      vertex 13.4394 13.97 -1.25
      vertex 6.97261 10.0759 -1.25
      vertex 13.3745 14.0047 -1.25
    endloop
  endfacet
  facet normal 0 0 -1
    outer loop
      vertex 6.27855 -12.4133 -1.25
      vertex 10.7882 -15.6608 -1.25
      vertex 10.7313 -15.7075 -1.25
    endloop
  endfacet
  facet normal -0 0 -1
    outer loop
      vertex 13.3745 14.0047 -1.25
      vertex 6.97261 10.0759 -1.25
      vertex 13.1977 14.1106 -1.25
    endloop
  endfacet
  facet normal 0 0 -1
    outer loop
      vertex 6.27855 -12.4133 -1.25
      vertex 10.7313 -15.7075 -1.25
      vertex 10.615 -15.8129 -1.25
    endloop
  endfacet
  facet normal 0 0 -1
    outer loop
      vertex 6.96539 10.1491 -1.25
      vertex 13.1977 14.1106 -1.25
      vertex 6.97261 10.0759 -1.25
    endloop
  endfacet
  facet normal 0 0 -1
    outer loop
      vertex 6.24385 -12.4783 -1.25
      vertex 10.615 -15.8129 -1.25
      vertex 10.5629 -15.865 -1.25
    endloop
  endfacet
  facet normal 0 0 -1
    outer loop
      vertex 6.8862 10.683 -1.25
      vertex 13.1977 14.1106 -1.25
      vertex 6.96539 10.1491 -1.25
    endloop
  endfacet
  facet normal 0 0 -1
    outer loop
      vertex 6.24385 -12.4783 -1.25
      vertex 10.5629 -15.865 -1.25
      vertex 10.4575 -15.9813 -1.25
    endloop
  endfacet
  facet normal 0 0 -1
    outer loop
      vertex 6.87184 10.7552 -1.25
      vertex 13.1977 14.1106 -1.25
      vertex 6.8862 10.683 -1.25
    endloop
  endfacet
  facet normal 0 0 -1
    outer loop
      vertex 5.96637 -12.9412 -1.25
      vertex 10.4575 -15.9813 -1.25
      vertex 10.4108 -16.0382 -1.25
    endloop
  endfacet
  facet normal 0 0 -1
    outer loop
      vertex 6.74069 11.2788 -1.25
      vertex 13.1977 14.1106 -1.25
      vertex 6.87184 10.7552 -1.25
    endloop
  endfacet
  facet normal 0 0 -1
    outer loop
      vertex 5.96637 -12.9412 -1.25
      vertex 10.4108 -16.0382 -1.25
      vertex 10.3172 -16.1644 -1.25
    endloop
  endfacet
  facet normal -0 0 -1
    outer loop
      vertex 13.1977 14.1106 -1.25
      vertex 6.74069 11.2788 -1.25
      vertex 10.9755 15.5264 -1.25
    endloop
  endfacet
  facet normal 0 0 -1
    outer loop
      vertex 5.92548 -13.0024 -1.25
      vertex 10.3172 -16.1644 -1.25
      vertex 10.2764 -16.2255 -1.25
    endloop
  endfacet
  facet normal 0 0 -1
    outer loop
      vertex 6.71933 11.3492 -1.25
      vertex 10.9755 15.5264 -1.25
      vertex 6.74069 11.2788 -1.25
    endloop
  endfacet
  facet normal 0 0 -1
    outer loop
      vertex 5.60396 -13.4359 -1.25
      vertex 10.2764 -16.2255 -1.25
      vertex 10.1957 -16.3602 -1.25
    endloop
  endfacet
  facet normal 0 0 -1
    outer loop
      vertex 6.53749 11.8574 -1.25
      vertex 10.9755 15.5264 -1.25
      vertex 6.71933 11.3492 -1.25
    endloop
  endfacet
  facet normal 0 0 -1
    outer loop
      vertex 5.60396 -13.4359 -1.25
      vertex 10.1957 -16.3602 -1.25
      vertex 10.1609 -16.4251 -1.25
    endloop
  endfacet
  facet normal -0 0 -1
    outer loop
      vertex 10.9755 15.5264 -1.25
      vertex 6.53749 11.8574 -1.25
      vertex 10.9144 15.5672 -1.25
    endloop
  endfacet
  facet normal 0 0 -1
    outer loop
      vertex 5.55727 -13.4928 -1.25
      vertex 10.1609 -16.4251 -1.25
      vertex 10.0938 -16.5671 -1.25
    endloop
  endfacet
  facet normal 0 0 -1
    outer loop
      vertex 6.50932 11.9254 -1.25
      vertex 10.9144 15.5672 -1.25
      vertex 6.53749 11.8574 -1.25
    endloop
  endfacet
  facet normal 0 0 -1
    outer loop
      vertex 5.55727 -13.4928 -1.25
      vertex 10.0938 -16.5671 -1.25
      vertex 10.0657 -16.635 -1.25
    endloop
  endfacet
  facet normal -0 0 -1
    outer loop
      vertex 10.9144 15.5672 -1.25
      vertex 6.50932 11.9254 -1.25
      vertex 10.7882 15.6608 -1.25
    endloop
  endfacet
  facet normal 0 0 -1
    outer loop
      vertex 5.19479 -13.8927 -1.25
      vertex 10.0657 -16.635 -1.25
      vertex 10.0128 -16.7829 -1.25
    endloop
  endfacet
  facet normal 0 0 -1
    outer loop
      vertex 6.27855 12.4133 -1.25
      vertex 10.7882 15.6608 -1.25
      vertex 6.50932 11.9254 -1.25
    endloop
  endfacet
  facet normal 0 0 -1
    outer loop
      vertex 5.19479 -13.8927 -1.25
      vertex 10.0128 -16.7829 -1.25
      vertex 9.99199 -16.8509 -1.25
    endloop
  endfacet
  facet normal -0 0 -1
    outer loop
      vertex 10.7313 15.7075 -1.25
      vertex 6.27855 12.4133 -1.25
      vertex 10.615 15.8129 -1.25
    endloop
  endfacet
  facet normal 0 0 -1
    outer loop
      vertex 6.24385 12.4783 -1.25
      vertex 10.615 15.8129 -1.25
      vertex 6.27855 12.4133 -1.25
    endloop
  endfacet
  facet normal 0 0 -1
    outer loop
      vertex 4.25241 -14.6755 -1.25
      vertex 9.99199 -16.8509 -1.25
      vertex 9.12866 -20.25 -1.25
    endloop
  endfacet
  facet normal -0 0 -1
    outer loop
      vertex 10.7882 15.6608 -1.25
      vertex 6.27855 12.4133 -1.25
      vertex 10.7313 15.7075 -1.25
    endloop
  endfacet
  facet normal -0 0 -1
    outer loop
      vertex 10.615 15.8129 -1.25
      vertex 6.24385 12.4783 -1.25
      vertex 10.5629 15.865 -1.25
    endloop
  endfacet
  facet normal -0 0 -1
    outer loop
      vertex 10.5629 15.865 -1.25
      vertex 6.24385 12.4783 -1.25
      vertex 10.4575 15.9813 -1.25
    endloop
  endfacet
  facet normal 0 0 -1
    outer loop
      vertex 5.96637 12.9412 -1.25
      vertex 10.4575 15.9813 -1.25
      vertex 6.24385 12.4783 -1.25
    endloop
  endfacet
  facet normal -0 0 -1
    outer loop
      vertex 10.4575 15.9813 -1.25
      vertex 5.96637 12.9412 -1.25
      vertex 10.4108 16.0382 -1.25
    endloop
  endfacet
  facet normal -0 0 -1
    outer loop
      vertex 10.4108 16.0382 -1.25
      vertex 5.96637 12.9412 -1.25
      vertex 10.3172 16.1644 -1.25
    endloop
  endfacet
  facet normal 0 0 -1
    outer loop
      vertex 5.92548 13.0024 -1.25
      vertex 10.3172 16.1644 -1.25
      vertex 5.96637 12.9412 -1.25
    endloop
  endfacet
  facet normal -0 0 -1
    outer loop
      vertex 10.3172 16.1644 -1.25
      vertex 5.92548 13.0024 -1.25
      vertex 10.2764 16.2255 -1.25
    endloop
  endfacet
  facet normal 0 0 -1
    outer loop
      vertex 5.60396 13.4359 -1.25
      vertex 10.2764 16.2255 -1.25
      vertex 5.92548 13.0024 -1.25
    endloop
  endfacet
  facet normal -0 0 -1
    outer loop
      vertex 10.2764 16.2255 -1.25
      vertex 5.60396 13.4359 -1.25
      vertex 10.1957 16.3602 -1.25
    endloop
  endfacet
  facet normal -0 0 -1
    outer loop
      vertex 10.1957 16.3602 -1.25
      vertex 5.60396 13.4359 -1.25
      vertex 10.1609 16.4251 -1.25
    endloop
  endfacet
  facet normal 0 0 -1
    outer loop
      vertex 5.55727 13.4928 -1.25
      vertex 10.1609 16.4251 -1.25
      vertex 5.60396 13.4359 -1.25
    endloop
  endfacet
  facet normal -0 0 -1
    outer loop
      vertex 10.1609 16.4251 -1.25
      vertex 5.55727 13.4928 -1.25
      vertex 10.0938 16.5671 -1.25
    endloop
  endfacet
  facet normal -0 0 -1
    outer loop
      vertex 10.0938 16.5671 -1.25
      vertex 5.55727 13.4928 -1.25
      vertex 10.0657 16.635 -1.25
    endloop
  endfacet
  facet normal 0 0 -1
    outer loop
      vertex 5.19479 13.8927 -1.25
      vertex 10.0657 16.635 -1.25
      vertex 5.55727 13.4928 -1.25
    endloop
  endfacet
  facet normal -0 0 -1
    outer loop
      vertex 10.0657 16.635 -1.25
      vertex 5.19479 13.8927 -1.25
      vertex 10.0128 16.7829 -1.25
    endloop
  endfacet
  facet normal -0 0 -1
    outer loop
      vertex 10.0128 16.7829 -1.25
      vertex 5.19479 13.8927 -1.25
      vertex 9.99199 16.8509 -1.25
    endloop
  endfacet
  facet normal 0 0 -1
    outer loop
      vertex 5.14275 13.9448 -1.25
      vertex 9.99199 16.8509 -1.25
      vertex 5.19479 13.8927 -1.25
    endloop
  endfacet
  facet normal 0 0 -1
    outer loop
      vertex 4.74281 14.3073 -1.25
      vertex 9.99199 16.8509 -1.25
      vertex 5.14275 13.9448 -1.25
    endloop
  endfacet
  facet normal 0 0 -1
    outer loop
      vertex 4.68593 14.354 -1.25
      vertex 9.99199 16.8509 -1.25
      vertex 4.74281 14.3073 -1.25
    endloop
  endfacet
  facet normal 0 0 -1
    outer loop
      vertex 4.25241 14.6755 -1.25
      vertex 9.99199 16.8509 -1.25
      vertex 4.68593 14.354 -1.25
    endloop
  endfacet
  facet normal -0 0 -1
    outer loop
      vertex 9.99199 16.8509 -1.25
      vertex 4.25241 14.6755 -1.25
      vertex 9.12866 20.25 -1.25
    endloop
  endfacet
  facet normal 0 0 -1
    outer loop
      vertex 4.19121 14.7164 -1.25
      vertex 9.12866 20.25 -1.25
      vertex 4.25241 14.6755 -1.25
    endloop
  endfacet
  facet normal 0 0 -1
    outer loop
      vertex 3.72826 14.9939 -1.25
      vertex 9.12866 20.25 -1.25
      vertex 4.19121 14.7164 -1.25
    endloop
  endfacet
  facet normal 0 0 -1
    outer loop
      vertex 3.66335 15.0285 -1.25
      vertex 9.12866 20.25 -1.25
      vertex 3.72826 14.9939 -1.25
    endloop
  endfacet
  facet normal 0 0 -1
    outer loop
      vertex 3.17542 15.2593 -1.25
      vertex 9.12866 20.25 -1.25
      vertex 3.66335 15.0285 -1.25
    endloop
  endfacet
  facet normal 0 0 -1
    outer loop
      vertex 3.10742 15.2875 -1.25
      vertex 9.12866 20.25 -1.25
      vertex 3.17542 15.2593 -1.25
    endloop
  endfacet
  facet normal 0 0 -1
    outer loop
      vertex 2.59923 15.4693 -1.25
      vertex 9.12866 20.25 -1.25
      vertex 3.10742 15.2875 -1.25
    endloop
  endfacet
  facet normal 0 0 -1
    outer loop
      vertex 2.52879 15.4907 -1.25
      vertex 9.12866 20.25 -1.25
      vertex 2.59923 15.4693 -1.25
    endloop
  endfacet
  facet normal 0 0 -1
    outer loop
      vertex 2.00522 15.6218 -1.25
      vertex 9.12866 20.25 -1.25
      vertex 2.52879 15.4907 -1.25
    endloop
  endfacet
  facet normal 0 0 -1
    outer loop
      vertex 1.93303 15.6362 -1.25
      vertex 9.12866 20.25 -1.25
      vertex 2.00522 15.6218 -1.25
    endloop
  endfacet
  facet normal 0 0 -1
    outer loop
      vertex 1.39914 15.7154 -1.25
      vertex 9.12866 20.25 -1.25
      vertex 1.93303 15.6362 -1.25
    endloop
  endfacet
  facet normal 0 0 -1
    outer loop
      vertex 1.3259 15.7226 -1.25
      vertex 9.12866 20.25 -1.25
      vertex 1.39914 15.7154 -1.25
    endloop
  endfacet
  facet normal 0 0 -1
    outer loop
      vertex 0.786804 15.7491 -1.25
      vertex 9.12866 20.25 -1.25
      vertex 1.3259 15.7226 -1.25
    endloop
  endfacet
  facet normal 0 0 -1
    outer loop
      vertex 0.75 15.75 -1.25
      vertex 9.12866 20.25 -1.25
      vertex 0.786804 15.7491 -1.25
    endloop
  endfacet
  facet normal 0 0 -1
    outer loop
      vertex -0.75 15.75 -1.25
      vertex 9.12866 20.25 -1.25
      vertex 0.75 15.75 -1.25
    endloop
  endfacet
  facet normal 0 0 -1
    outer loop
      vertex -9.12866 20.25 -1.25
      vertex -0.75 15.75 -1.25
      vertex -0.786804 15.7491 -1.25
    endloop
  endfacet
  facet normal 0 0 -1
    outer loop
      vertex -9.12866 20.25 -1.25
      vertex -0.786804 15.7491 -1.25
      vertex -1.3259 15.7226 -1.25
    endloop
  endfacet
  facet normal 0 0 -1
    outer loop
      vertex -9.12866 20.25 -1.25
      vertex -1.3259 15.7226 -1.25
      vertex -1.39914 15.7154 -1.25
    endloop
  endfacet
  facet normal 0 0 -1
    outer loop
      vertex -9.12866 20.25 -1.25
      vertex -1.39914 15.7154 -1.25
      vertex -1.93303 15.6362 -1.25
    endloop
  endfacet
  facet normal 0 0 -1
    outer loop
      vertex -9.12866 20.25 -1.25
      vertex -1.93303 15.6362 -1.25
      vertex -2.00522 15.6218 -1.25
    endloop
  endfacet
  facet normal 0 0 -1
    outer loop
      vertex -9.12866 20.25 -1.25
      vertex -2.00522 15.6218 -1.25
      vertex -2.52879 15.4907 -1.25
    endloop
  endfacet
  facet normal 0 0 -1
    outer loop
      vertex -9.12866 20.25 -1.25
      vertex -2.52879 15.4907 -1.25
      vertex -2.59923 15.4693 -1.25
    endloop
  endfacet
  facet normal 0 0 -1
    outer loop
      vertex -9.12866 20.25 -1.25
      vertex -2.59923 15.4693 -1.25
      vertex -3.10742 15.2875 -1.25
    endloop
  endfacet
  facet normal -0 0 -1
    outer loop
      vertex -6.24385 -12.4783 -1.25
      vertex -10.615 -15.8129 -1.25
      vertex -6.27855 -12.4133 -1.25
    endloop
  endfacet
  facet normal 0 0 -1
    outer loop
      vertex -10.7313 -15.7075 -1.25
      vertex -6.27855 -12.4133 -1.25
      vertex -10.615 -15.8129 -1.25
    endloop
  endfacet
  facet normal 0 0 -1
    outer loop
      vertex -0.75 15.75 -1.25
      vertex -9.12866 20.25 -1.25
      vertex 9.12866 20.25 -1.25
    endloop
  endfacet
  facet normal 0 0 -1
    outer loop
      vertex -3.17542 15.2593 -1.25
      vertex -9.12866 20.25 -1.25
      vertex -3.10742 15.2875 -1.25
    endloop
  endfacet
  facet normal 0 0 -1
    outer loop
      vertex -3.66335 15.0285 -1.25
      vertex -9.12866 20.25 -1.25
      vertex -3.17542 15.2593 -1.25
    endloop
  endfacet
  facet normal 0 0 -1
    outer loop
      vertex -3.72826 14.9939 -1.25
      vertex -9.12866 20.25 -1.25
      vertex -3.66335 15.0285 -1.25
    endloop
  endfacet
  facet normal 0 0 -1
    outer loop
      vertex -4.19121 14.7164 -1.25
      vertex -9.12866 20.25 -1.25
      vertex -3.72826 14.9939 -1.25
    endloop
  endfacet
  facet normal 0 0 -1
    outer loop
      vertex -4.25241 14.6755 -1.25
      vertex -9.12866 20.25 -1.25
      vertex -4.19121 14.7164 -1.25
    endloop
  endfacet
  facet normal 0 0 -1
    outer loop
      vertex -9.99199 16.8509 -1.25
      vertex -4.25241 14.6755 -1.25
      vertex -4.68593 14.354 -1.25
    endloop
  endfacet
  facet normal 0 0 -1
    outer loop
      vertex -9.99199 16.8509 -1.25
      vertex -4.68593 14.354 -1.25
      vertex -4.74281 14.3073 -1.25
    endloop
  endfacet
  facet normal 0 0 -1
    outer loop
      vertex -9.99199 16.8509 -1.25
      vertex -4.74281 14.3073 -1.25
      vertex -5.14275 13.9448 -1.25
    endloop
  endfacet
  facet normal 0 0 -1
    outer loop
      vertex -9.99199 16.8509 -1.25
      vertex -5.14275 13.9448 -1.25
      vertex -5.19479 13.8927 -1.25
    endloop
  endfacet
  facet normal 0 0 -1
    outer loop
      vertex -10.0657 16.635 -1.25
      vertex -5.19479 13.8927 -1.25
      vertex -5.55727 13.4928 -1.25
    endloop
  endfacet
  facet normal 0 0 -1
    outer loop
      vertex -10.1609 16.4251 -1.25
      vertex -5.55727 13.4928 -1.25
      vertex -5.60396 13.4359 -1.25
    endloop
  endfacet
  facet normal 0 0 -1
    outer loop
      vertex -10.2764 16.2255 -1.25
      vertex -5.60396 13.4359 -1.25
      vertex -5.92548 13.0024 -1.25
    endloop
  endfacet
  facet normal 0 0 -1
    outer loop
      vertex -10.3172 16.1644 -1.25
      vertex -5.92548 13.0024 -1.25
      vertex -5.96637 12.9412 -1.25
    endloop
  endfacet
  facet normal 0 0 -1
    outer loop
      vertex -10.4575 15.9813 -1.25
      vertex -5.96637 12.9412 -1.25
      vertex -6.24385 12.4783 -1.25
    endloop
  endfacet
  facet normal 0 0 -1
    outer loop
      vertex -10.615 15.8129 -1.25
      vertex -6.24385 12.4783 -1.25
      vertex -6.27855 12.4133 -1.25
    endloop
  endfacet
  facet normal 0 0 -1
    outer loop
      vertex -10.7882 15.6608 -1.25
      vertex -6.27855 12.4133 -1.25
      vertex -6.50932 11.9254 -1.25
    endloop
  endfacet
  facet normal 0 0 -1
    outer loop
      vertex -10.9144 15.5672 -1.25
      vertex -6.50932 11.9254 -1.25
      vertex -6.53749 11.8574 -1.25
    endloop
  endfacet
  facet normal 0 0 -1
    outer loop
      vertex -10.9755 15.5264 -1.25
      vertex -6.53749 11.8574 -1.25
      vertex -6.71933 11.3492 -1.25
    endloop
  endfacet
  facet normal 0 0 -1
    outer loop
      vertex -10.9755 15.5264 -1.25
      vertex -6.71933 11.3492 -1.25
      vertex -6.74069 11.2788 -1.25
    endloop
  endfacet
  facet normal 0 0 -1
    outer loop
      vertex -13.1977 14.1106 -1.25
      vertex -6.74069 11.2788 -1.25
      vertex -6.87184 10.7552 -1.25
    endloop
  endfacet
  facet normal 0 0 -1
    outer loop
      vertex -13.1977 14.1106 -1.25
      vertex -6.87184 10.7552 -1.25
      vertex -6.8862 10.683 -1.25
    endloop
  endfacet
  facet normal 0 0 -1
    outer loop
      vertex -13.1977 14.1106 -1.25
      vertex -6.8862 10.683 -1.25
      vertex -6.96539 10.1491 -1.25
    endloop
  endfacet
  facet normal 0 0 -1
    outer loop
      vertex -13.1977 14.1106 -1.25
      vertex -6.96539 10.1491 -1.25
      vertex -6.97261 10.0759 -1.25
    endloop
  endfacet
  facet normal 0 0 -1
    outer loop
      vertex -10.7882 -15.6608 -1.25
      vertex -6.27855 -12.4133 -1.25
      vertex -10.7313 -15.7075 -1.25
    endloop
  endfacet
  facet normal -0 0 -1
    outer loop
      vertex -6.27855 -12.4133 -1.25
      vertex -10.7882 -15.6608 -1.25
      vertex -6.50932 -11.9254 -1.25
    endloop
  endfacet
  facet normal 0 0 -1
    outer loop
      vertex -4.25241 14.6755 -1.25
      vertex -9.99199 16.8509 -1.25
      vertex -9.12866 20.25 -1.25
    endloop
  endfacet
  facet normal 0 0 -1
    outer loop
      vertex -10.9144 -15.5672 -1.25
      vertex -6.50932 -11.9254 -1.25
      vertex -10.7882 -15.6608 -1.25
    endloop
  endfacet
  facet normal 0 0 -1
    outer loop
      vertex -5.19479 13.8927 -1.25
      vertex -10.0128 16.7829 -1.25
      vertex -9.99199 16.8509 -1.25
    endloop
  endfacet
  facet normal -0 0 -1
    outer loop
      vertex -6.50932 -11.9254 -1.25
      vertex -10.9144 -15.5672 -1.25
      vertex -6.53749 -11.8574 -1.25
    endloop
  endfacet
  facet normal 0 0 -1
    outer loop
      vertex -5.19479 13.8927 -1.25
      vertex -10.0657 16.635 -1.25
      vertex -10.0128 16.7829 -1.25
    endloop
  endfacet
  facet normal 0 0 -1
    outer loop
      vertex -10.9755 -15.5264 -1.25
      vertex -6.53749 -11.8574 -1.25
      vertex -10.9144 -15.5672 -1.25
    endloop
  endfacet
  facet normal 0 0 -1
    outer loop
      vertex -5.55727 13.4928 -1.25
      vertex -10.0938 16.5671 -1.25
      vertex -10.0657 16.635 -1.25
    endloop
  endfacet
  facet normal -0 0 -1
    outer loop
      vertex -6.53749 -11.8574 -1.25
      vertex -10.9755 -15.5264 -1.25
      vertex -6.71933 -11.3492 -1.25
    endloop
  endfacet
  facet normal 0 0 -1
    outer loop
      vertex -5.55727 13.4928 -1.25
      vertex -10.1609 16.4251 -1.25
      vertex -10.0938 16.5671 -1.25
    endloop
  endfacet
  facet normal -0 0 -1
    outer loop
      vertex -6.71933 -11.3492 -1.25
      vertex -10.9755 -15.5264 -1.25
      vertex -6.74069 -11.2788 -1.25
    endloop
  endfacet
  facet normal 0 0 -1
    outer loop
      vertex -5.60396 13.4359 -1.25
      vertex -10.1957 16.3602 -1.25
      vertex -10.1609 16.4251 -1.25
    endloop
  endfacet
  facet normal 0 0 -1
    outer loop
      vertex -13.1977 -14.1106 -1.25
      vertex -6.74069 -11.2788 -1.25
      vertex -10.9755 -15.5264 -1.25
    endloop
  endfacet
  facet normal 0 0 -1
    outer loop
      vertex -14.5466 0.894196 -1.25
      vertex -7 9.5 -1.25
      vertex -14.5394 0.820923 -1.25
    endloop
  endfacet
  facet normal -0 0 -1
    outer loop
      vertex -6.74069 -11.2788 -1.25
      vertex -13.1977 -14.1106 -1.25
      vertex -6.87184 -10.7552 -1.25
    endloop
  endfacet
  facet normal 0 0 -1
    outer loop
      vertex -14.6618 1.67078 -1.25
      vertex -7 9.5 -1.25
      vertex -14.5466 0.894196 -1.25
    endloop
  endfacet
  facet normal 0 -0 -1
    outer loop
      vertex -14.5394 -0.820923 -1.25
      vertex -7 -9.5 -1.25
      vertex -14.5466 -0.894196 -1.25
    endloop
  endfacet
  facet normal 0 0 -1
    outer loop
      vertex -5.60396 13.4359 -1.25
      vertex -10.2764 16.2255 -1.25
      vertex -10.1957 16.3602 -1.25
    endloop
  endfacet
  facet normal 0 -0 -1
    outer loop
      vertex -14.5009 -0.0367889 -1.25
      vertex -7 -9.5 -1.25
      vertex -14.5394 -0.820923 -1.25
    endloop
  endfacet
  facet normal 0 0 -1
    outer loop
      vertex -14.6762 1.74294 -1.25
      vertex -7 9.5 -1.25
      vertex -14.6618 1.67078 -1.25
    endloop
  endfacet
  facet normal 0 -0 -1
    outer loop
      vertex -14.5466 -0.894196 -1.25
      vertex -7 -9.5 -1.25
      vertex -14.6618 -1.67078 -1.25
    endloop
  endfacet
  facet normal 0 0 -1
    outer loop
      vertex -5.92548 13.0024 -1.25
      vertex -10.3172 16.1644 -1.25
      vertex -10.2764 16.2255 -1.25
    endloop
  endfacet
  facet normal -0 0 -1
    outer loop
      vertex -6.87184 -10.7552 -1.25
      vertex -13.1977 -14.1106 -1.25
      vertex -6.8862 -10.683 -1.25
    endloop
  endfacet
  facet normal 0 0 -1
    outer loop
      vertex -5.96637 12.9412 -1.25
      vertex -10.4108 16.0382 -1.25
      vertex -10.3172 16.1644 -1.25
    endloop
  endfacet
  facet normal -0 0 -1
    outer loop
      vertex -6.8862 -10.683 -1.25
      vertex -13.1977 -14.1106 -1.25
      vertex -6.96539 -10.1491 -1.25
    endloop
  endfacet
  facet normal 0 0 -1
    outer loop
      vertex -14.8669 2.50449 -1.25
      vertex -7 9.5 -1.25
      vertex -14.6762 1.74294 -1.25
    endloop
  endfacet
  facet normal -0 0 -1
    outer loop
      vertex -6.96539 -10.1491 -1.25
      vertex -13.1977 -14.1106 -1.25
      vertex -6.97261 -10.0759 -1.25
    endloop
  endfacet
  facet normal 0 0 -1
    outer loop
      vertex -5.96637 12.9412 -1.25
      vertex -10.4575 15.9813 -1.25
      vertex -10.4108 16.0382 -1.25
    endloop
  endfacet
  facet normal 0 0 -1
    outer loop
      vertex -13.3745 -14.0047 -1.25
      vertex -6.97261 -10.0759 -1.25
      vertex -13.1977 -14.1106 -1.25
    endloop
  endfacet
  facet normal 0 0 -1
    outer loop
      vertex -14.8883 2.57494 -1.25
      vertex -7 9.5 -1.25
      vertex -14.8669 2.50449 -1.25
    endloop
  endfacet
  facet normal 0 0 -1
    outer loop
      vertex -13.4394 -13.97 -1.25
      vertex -6.97261 -10.0759 -1.25
      vertex -13.3745 -14.0047 -1.25
    endloop
  endfacet
  facet normal 0 0 -1
    outer loop
      vertex -6.24385 12.4783 -1.25
      vertex -10.5629 15.865 -1.25
      vertex -10.4575 15.9813 -1.25
    endloop
  endfacet
  facet normal -0 0 -1
    outer loop
      vertex -6.97261 -10.0759 -1.25
      vertex -13.4394 -13.97 -1.25
      vertex -6.9991 -9.5368 -1.25
    endloop
  endfacet
  facet normal 0 0 -1
    outer loop
      vertex -15.1528 3.31413 -1.25
      vertex -7 9.5 -1.25
      vertex -14.8883 2.57494 -1.25
    endloop
  endfacet
  facet normal 0 0 -1
    outer loop
      vertex -13.6257 -13.8819 -1.25
      vertex -6.9991 -9.5368 -1.25
      vertex -13.4394 -13.97 -1.25
    endloop
  endfacet
  facet normal 0 0 -1
    outer loop
      vertex -6.24385 12.4783 -1.25
      vertex -10.615 15.8129 -1.25
      vertex -10.5629 15.865 -1.25
    endloop
  endfacet
  facet normal -0 0 -1
    outer loop
      vertex -6.9991 -9.5368 -1.25
      vertex -13.6257 -13.8819 -1.25
      vertex -7 -9.5 -1.25
    endloop
  endfacet
  facet normal 0 0 -1
    outer loop
      vertex -6.27855 12.4133 -1.25
      vertex -10.7313 15.7075 -1.25
      vertex -10.615 15.8129 -1.25
    endloop
  endfacet
  facet normal 0 0 -1
    outer loop
      vertex -13.6937 -13.8537 -1.25
      vertex -7 -9.5 -1.25
      vertex -13.6257 -13.8819 -1.25
    endloop
  endfacet
  facet normal 0 0 -1
    outer loop
      vertex -15.181 3.38213 -1.25
      vertex -7 9.5 -1.25
      vertex -15.1528 3.31413 -1.25
    endloop
  endfacet
  facet normal 0 0 -1
    outer loop
      vertex -13.8877 -13.7843 -1.25
      vertex -7 -9.5 -1.25
      vertex -13.6937 -13.8537 -1.25
    endloop
  endfacet
  facet normal 0 0 -1
    outer loop
      vertex -6.27855 12.4133 -1.25
      vertex -10.7882 15.6608 -1.25
      vertex -10.7313 15.7075 -1.25
    endloop
  endfacet
  facet normal -0 0 -1
    outer loop
      vertex -7 -9.5 -1.25
      vertex -13.8877 -13.7843 -1.25
      vertex -16.4635 -5.52191 -1.25
    endloop
  endfacet
  facet normal 0 0 -1
    outer loop
      vertex -15.5166 4.09183 -1.25
      vertex -7 9.5 -1.25
      vertex -15.181 3.38213 -1.25
    endloop
  endfacet
  facet normal 0 0 -1
    outer loop
      vertex -16.4635 -5.52191 -1.25
      vertex -13.8877 -13.7843 -1.25
      vertex -13.9581 -13.7629 -1.25
    endloop
  endfacet
  facet normal 0 0 -1
    outer loop
      vertex -6.50932 11.9254 -1.25
      vertex -10.9144 15.5672 -1.25
      vertex -10.7882 15.6608 -1.25
    endloop
  endfacet
  facet normal 0 0 -1
    outer loop
      vertex -16.5102 -5.57881 -1.25
      vertex -13.9581 -13.7629 -1.25
      vertex -14.1581 -13.7128 -1.25
    endloop
  endfacet
  facet normal 0 0 -1
    outer loop
      vertex -15.5513 4.15674 -1.25
      vertex -7 9.5 -1.25
      vertex -15.5166 4.09183 -1.25
    endloop
  endfacet
  facet normal 0 0 -1
    outer loop
      vertex -16.5102 -5.57881 -1.25
      vertex -14.1581 -13.7128 -1.25
      vertex -14.2303 -13.6985 -1.25
    endloop
  endfacet
  facet normal 0 0 -1
    outer loop
      vertex -6.53749 11.8574 -1.25
      vertex -10.9755 15.5264 -1.25
      vertex -10.9144 15.5672 -1.25
    endloop
  endfacet
  facet normal 0 0 -1
    outer loop
      vertex -17.0374 -6.16052 -1.25
      vertex -14.2303 -13.6985 -1.25
      vertex -14.4342 -13.6682 -1.25
    endloop
  endfacet
  facet normal 0 0 -1
    outer loop
      vertex -15.9549 4.83012 -1.25
      vertex -7 9.5 -1.25
      vertex -15.5513 4.15674 -1.25
    endloop
  endfacet
  facet normal 0 0 -1
    outer loop
      vertex -6.74069 11.2788 -1.25
      vertex -13.1977 14.1106 -1.25
      vertex -10.9755 15.5264 -1.25
    endloop
  endfacet
  facet normal 0 0 -1
    outer loop
      vertex -17.0895 -6.21255 -1.25
      vertex -14.4342 -13.6682 -1.25
      vertex -14.5073 -13.661 -1.25
    endloop
  endfacet
  facet normal 0 0 -1
    outer loop
      vertex -14.5394 0.820923 -1.25
      vertex -7 9.5 -1.25
      vertex -14.5009 0.0367889 -1.25
    endloop
  endfacet
  facet normal 0 0 -1
    outer loop
      vertex -14.5009 0.0367889 -1.25
      vertex -7 9.5 -1.25
      vertex -14.5009 -0.0367889 -1.25
    endloop
  endfacet
  facet normal 0 0 -1
    outer loop
      vertex -7 -9.5 -1.25
      vertex -14.5009 -0.0367889 -1.25
      vertex -7 9.5 -1.25
    endloop
  endfacet
  facet normal 0 0 -1
    outer loop
      vertex -7 -9.5 -1.25
      vertex -14.6762 -1.74294 -1.25
      vertex -14.6618 -1.67078 -1.25
    endloop
  endfacet
  facet normal 0 0 -1
    outer loop
      vertex -17.0895 -6.21255 -1.25
      vertex -14.5073 -13.661 -1.25
      vertex -14.7132 -13.6509 -1.25
    endloop
  endfacet
  facet normal 0 0 -1
    outer loop
      vertex -17.6712 -6.73979 -1.25
      vertex -14.7132 -13.6509 -1.25
      vertex -14.7868 -13.6509 -1.25
    endloop
  endfacet
  facet normal 0 0 -1
    outer loop
      vertex -7 -9.5 -1.25
      vertex -14.8669 -2.50449 -1.25
      vertex -14.6762 -1.74294 -1.25
    endloop
  endfacet
  facet normal 0 0 -1
    outer loop
      vertex -7 -9.5 -1.25
      vertex -14.8883 -2.57494 -1.25
      vertex -14.8669 -2.50449 -1.25
    endloop
  endfacet
  facet normal 0 0 -1
    outer loop
      vertex -17.6712 -6.73979 -1.25
      vertex -14.7868 -13.6509 -1.25
      vertex -14.9926 -13.661 -1.25
    endloop
  endfacet
  facet normal 0 0 -1
    outer loop
      vertex -17.7281 -6.78648 -1.25
      vertex -14.9926 -13.661 -1.25
      vertex -15.0658 -13.6682 -1.25
    endloop
  endfacet
  facet normal 0 0 -1
    outer loop
      vertex -7 -9.5 -1.25
      vertex -15.1528 -3.31413 -1.25
      vertex -14.8883 -2.57494 -1.25
    endloop
  endfacet
  facet normal 0 0 -1
    outer loop
      vertex -7 -9.5 -1.25
      vertex -15.181 -3.38213 -1.25
      vertex -15.1528 -3.31413 -1.25
    endloop
  endfacet
  facet normal 0 0 -1
    outer loop
      vertex -17.7281 -6.78648 -1.25
      vertex -15.0658 -13.6682 -1.25
      vertex -15.2697 -13.6985 -1.25
    endloop
  endfacet
  facet normal 0 0 -1
    outer loop
      vertex -18.3587 -7.25415 -1.25
      vertex -15.2697 -13.6985 -1.25
      vertex -15.3419 -13.7128 -1.25
    endloop
  endfacet
  facet normal 0 0 -1
    outer loop
      vertex -7 -9.5 -1.25
      vertex -15.5166 -4.09183 -1.25
      vertex -15.181 -3.38213 -1.25
    endloop
  endfacet
  facet normal 0 0 -1
    outer loop
      vertex -18.3587 -7.25415 -1.25
      vertex -15.3419 -13.7128 -1.25
      vertex -15.5418 -13.7629 -1.25
    endloop
  endfacet
  facet normal 0 0 -1
    outer loop
      vertex -7 -9.5 -1.25
      vertex -15.5513 -4.15674 -1.25
      vertex -15.5166 -4.09183 -1.25
    endloop
  endfacet
  facet normal 0 0 -1
    outer loop
      vertex -18.4199 -7.29504 -1.25
      vertex -15.5418 -13.7629 -1.25
      vertex -15.6122 -13.7843 -1.25
    endloop
  endfacet
  facet normal 0 0 -1
    outer loop
      vertex -18.5 -7.34308 -1.25
      vertex -15.6122 -13.7843 -1.25
      vertex -15.8063 -13.8537 -1.25
    endloop
  endfacet
  facet normal 0 0 -1
    outer loop
      vertex -18.5 -7.34308 -1.25
      vertex -15.8063 -13.8537 -1.25
      vertex -15.8743 -13.8819 -1.25
    endloop
  endfacet
  facet normal 0 0 -1
    outer loop
      vertex -7 -9.5 -1.25
      vertex -15.9549 -4.83012 -1.25
      vertex -15.5513 -4.15674 -1.25
    endloop
  endfacet
  facet normal 0 0 -1
    outer loop
      vertex -7 -9.5 -1.25
      vertex -15.9958 -4.89133 -1.25
      vertex -15.9549 -4.83012 -1.25
    endloop
  endfacet
  facet normal 0 0 -1
    outer loop
      vertex -18.5 -7.34308 -1.25
      vertex -15.8743 -13.8819 -1.25
      vertex -16.0606 -13.97 -1.25
    endloop
  endfacet
  facet normal 0 0 -1
    outer loop
      vertex -18.5 -7.34308 -1.25
      vertex -16.0606 -13.97 -1.25
      vertex -16.1255 -14.0047 -1.25
    endloop
  endfacet
  facet normal 0 0 -1
    outer loop
      vertex -18.5 -7.34308 -1.25
      vertex -16.1255 -14.0047 -1.25
      vertex -16.3023 -14.1106 -1.25
    endloop
  endfacet
  facet normal 0 0 -1
    outer loop
      vertex -18.5 -7.34308 -1.25
      vertex -16.3023 -14.1106 -1.25
      vertex -16.3634 -14.1515 -1.25
    endloop
  endfacet
  facet normal 0 0 -1
    outer loop
      vertex -7 -9.5 -1.25
      vertex -16.4635 -5.52191 -1.25
      vertex -15.9958 -4.89133 -1.25
    endloop
  endfacet
  facet normal 0 0 -1
    outer loop
      vertex -13.9581 -13.7629 -1.25
      vertex -16.5102 -5.57881 -1.25
      vertex -16.4635 -5.52191 -1.25
    endloop
  endfacet
  facet normal 0 0 -1
    outer loop
      vertex -18.5 -7.34308 -1.25
      vertex -16.3634 -14.1515 -1.25
      vertex -16.529 -14.2743 -1.25
    endloop
  endfacet
  facet normal 0 0 -1
    outer loop
      vertex -18.5 -15 -1.25
      vertex -16.529 -14.2743 -1.25
      vertex -16.5859 -14.321 -1.25
    endloop
  endfacet
  facet normal 0 0 -1
    outer loop
      vertex -18.5 -15 -1.25
      vertex -16.5859 -14.321 -1.25
      vertex -16.7386 -14.4594 -1.25
    endloop
  endfacet
  facet normal 0 0 -1
    outer loop
      vertex -18.5 -15 -1.25
      vertex -16.7386 -14.4594 -1.25
      vertex -16.7906 -14.5114 -1.25
    endloop
  endfacet
  facet normal 0 0 -1
    outer loop
      vertex -18.5 -15 -1.25
      vertex -16.7906 -14.5114 -1.25
      vertex -16.929 -14.6641 -1.25
    endloop
  endfacet
  facet normal 0 0 -1
    outer loop
      vertex -18.5 -15 -1.25
      vertex -16.929 -14.6641 -1.25
      vertex -16.9757 -14.721 -1.25
    endloop
  endfacet
  facet normal 0 0 -1
    outer loop
      vertex -14.2303 -13.6985 -1.25
      vertex -17.0374 -6.16052 -1.25
      vertex -16.5102 -5.57881 -1.25
    endloop
  endfacet
  facet normal 0 0 -1
    outer loop
      vertex -14.4342 -13.6682 -1.25
      vertex -17.0895 -6.21255 -1.25
      vertex -17.0374 -6.16052 -1.25
    endloop
  endfacet
  facet normal 0 0 -1
    outer loop
      vertex -18.5 -15 -1.25
      vertex -16.9757 -14.721 -1.25
      vertex -17.0985 -14.8866 -1.25
    endloop
  endfacet
  facet normal 0 0 -1
    outer loop
      vertex -18.5 -15 -1.25
      vertex -17.0985 -14.8866 -1.25
      vertex -17.1394 -14.9477 -1.25
    endloop
  endfacet
  facet normal 0 0 -1
    outer loop
      vertex -18.5 -15 -1.25
      vertex -17.1394 -14.9477 -1.25
      vertex -17.2453 -15.1245 -1.25
    endloop
  endfacet
  facet normal 0 0 -1
    outer loop
      vertex -18.5 -15 -1.25
      vertex -17.2453 -15.1245 -1.25
      vertex -17.28 -15.1894 -1.25
    endloop
  endfacet
  facet normal 0 0 -1
    outer loop
      vertex -18.5 -15 -1.25
      vertex -17.28 -15.1894 -1.25
      vertex -17.3681 -15.3757 -1.25
    endloop
  endfacet
  facet normal 0 0 -1
    outer loop
      vertex -18.5 -15 -1.25
      vertex -17.3681 -15.3757 -1.25
      vertex -17.3963 -15.4437 -1.25
    endloop
  endfacet
  facet normal 0 0 -1
    outer loop
      vertex -18.4747 -15.5146 -1.25
      vertex -17.3963 -15.4437 -1.25
      vertex -17.4657 -15.6378 -1.25
    endloop
  endfacet
  facet normal 0 0 -1
    outer loop
      vertex -18.4747 -15.5146 -1.25
      vertex -17.4657 -15.6378 -1.25
      vertex -17.4871 -15.7082 -1.25
    endloop
  endfacet
  facet normal 0 0 -1
    outer loop
      vertex -18.4747 -15.5146 -1.25
      vertex -17.4871 -15.7082 -1.25
      vertex -17.5372 -15.9081 -1.25
    endloop
  endfacet
  facet normal 0 0 -1
    outer loop
      vertex -18.3991 -16.0242 -1.25
      vertex -17.5372 -15.9081 -1.25
      vertex -17.5515 -15.9803 -1.25
    endloop
  endfacet
  facet normal 0 0 -1
    outer loop
      vertex -18.3991 -16.0242 -1.25
      vertex -17.5515 -15.9803 -1.25
      vertex -17.5818 -16.1842 -1.25
    endloop
  endfacet
  facet normal 0 0 -1
    outer loop
      vertex -18.3991 -16.0242 -1.25
      vertex -17.5818 -16.1842 -1.25
      vertex -17.589 -16.2574 -1.25
    endloop
  endfacet
  facet normal -0 0 -1
    outer loop
      vertex -16.529 -14.2743 -1.25
      vertex -18.5 -15 -1.25
      vertex -18.5 -7.34308 -1.25
    endloop
  endfacet
  facet normal 0 0 -1
    outer loop
      vertex -18.2739 -16.524 -1.25
      vertex -17.589 -16.2574 -1.25
      vertex -17.5991 -16.4632 -1.25
    endloop
  endfacet
  facet normal 0 0 -1
    outer loop
      vertex -18.2739 -16.524 -1.25
      vertex -17.589 -16.7427 -1.25
      vertex -18.1004 -17.0091 -1.25
    endloop
  endfacet
  facet normal 0 0 -1
    outer loop
      vertex -14.7132 -13.6509 -1.25
      vertex -17.6712 -6.73979 -1.25
      vertex -17.0895 -6.21255 -1.25
    endloop
  endfacet
  facet normal 0 0 -1
    outer loop
      vertex -17.589 -16.7427 -1.25
      vertex -18.2739 -16.524 -1.25
      vertex -17.5991 -16.5368 -1.25
    endloop
  endfacet
  facet normal 0 0 -1
    outer loop
      vertex -17.5991 -16.5368 -1.25
      vertex -18.2739 -16.524 -1.25
      vertex -17.5991 -16.4632 -1.25
    endloop
  endfacet
  facet normal -0 0 -1
    outer loop
      vertex -17.589 -16.2574 -1.25
      vertex -18.2739 -16.524 -1.25
      vertex -18.3991 -16.0242 -1.25
    endloop
  endfacet
  facet normal 0 0 -1
    outer loop
      vertex -14.9926 -13.661 -1.25
      vertex -17.7281 -6.78648 -1.25
      vertex -17.6712 -6.73979 -1.25
    endloop
  endfacet
  facet normal -0 0 -1
    outer loop
      vertex -17.5372 -15.9081 -1.25
      vertex -18.3991 -16.0242 -1.25
      vertex -18.4747 -15.5146 -1.25
    endloop
  endfacet
  facet normal 0 0 -1
    outer loop
      vertex -15.2697 -13.6985 -1.25
      vertex -18.3587 -7.25415 -1.25
      vertex -17.7281 -6.78648 -1.25
    endloop
  endfacet
  facet normal -0 0 -1
    outer loop
      vertex -17.3963 -15.4437 -1.25
      vertex -18.4747 -15.5146 -1.25
      vertex -18.5 -15 -1.25
    endloop
  endfacet
  facet normal 0 0 -1
    outer loop
      vertex -15.5418 -13.7629 -1.25
      vertex -18.4199 -7.29504 -1.25
      vertex -18.3587 -7.25415 -1.25
    endloop
  endfacet
  facet normal 0 0 -1
    outer loop
      vertex -15.6122 -13.7843 -1.25
      vertex -18.5 -7.34308 -1.25
      vertex -18.4199 -7.29504 -1.25
    endloop
  endfacet
  facet normal 0 0 -1
    outer loop
      vertex 17.5818 16.8158 -1.25
      vertex 18.1004 17.0091 -1.25
      vertex 17.589 16.7427 -1.25
    endloop
  endfacet
  facet normal 0 0 -1
    outer loop
      vertex 17.5515 17.0197 -1.25
      vertex 18.1004 17.0091 -1.25
      vertex 17.5818 16.8158 -1.25
    endloop
  endfacet
  facet normal 0 0 -1
    outer loop
      vertex 17.5372 17.0919 -1.25
      vertex 18.1004 17.0091 -1.25
      vertex 17.5515 17.0197 -1.25
    endloop
  endfacet
  facet normal 0 0 -1
    outer loop
      vertex 18.1004 17.0091 -1.25
      vertex 17.5372 17.0919 -1.25
      vertex 17.8801 17.4748 -1.25
    endloop
  endfacet
  facet normal 0 0 -1
    outer loop
      vertex 17.4871 17.2919 -1.25
      vertex 17.8801 17.4748 -1.25
      vertex 17.5372 17.0919 -1.25
    endloop
  endfacet
  facet normal 0 0 -1
    outer loop
      vertex 17.4657 17.3623 -1.25
      vertex 17.8801 17.4748 -1.25
      vertex 17.4871 17.2919 -1.25
    endloop
  endfacet
  facet normal 0 0 -1
    outer loop
      vertex 17.3963 17.5563 -1.25
      vertex 17.8801 17.4748 -1.25
      vertex 17.4657 17.3623 -1.25
    endloop
  endfacet
  facet normal 0 0 -1
    outer loop
      vertex 17.8801 17.4748 -1.25
      vertex 17.3963 17.5563 -1.25
      vertex 17.6152 17.9167 -1.25
    endloop
  endfacet
  facet normal 0 0 -1
    outer loop
      vertex 17.3681 17.6243 -1.25
      vertex 17.6152 17.9167 -1.25
      vertex 17.3963 17.5563 -1.25
    endloop
  endfacet
  facet normal 0 0 -1
    outer loop
      vertex 17.28 17.8106 -1.25
      vertex 17.6152 17.9167 -1.25
      vertex 17.3681 17.6243 -1.25
    endloop
  endfacet
  facet normal 0 0 -1
    outer loop
      vertex 17.2453 17.8755 -1.25
      vertex 17.6152 17.9167 -1.25
      vertex 17.28 17.8106 -1.25
    endloop
  endfacet
  facet normal -0 0 -1
    outer loop
      vertex 17.6152 17.9167 -1.25
      vertex 17.2453 17.8755 -1.25
      vertex 17.3083 18.3306 -1.25
    endloop
  endfacet
  facet normal 0 0 -1
    outer loop
      vertex 17.1394 18.0523 -1.25
      vertex 17.3083 18.3306 -1.25
      vertex 17.2453 17.8755 -1.25
    endloop
  endfacet
  facet normal 0 0 -1
    outer loop
      vertex 17.0985 18.1135 -1.25
      vertex 17.3083 18.3306 -1.25
      vertex 17.1394 18.0523 -1.25
    endloop
  endfacet
  facet normal 0 0 -1
    outer loop
      vertex 17.0985 18.1135 -1.25
      vertex 16.9623 18.7123 -1.25
      vertex 17.3083 18.3306 -1.25
    endloop
  endfacet
  facet normal 0 0 -1
    outer loop
      vertex 17.0985 18.1135 -1.25
      vertex 16.5806 19.0583 -1.25
      vertex 16.9623 18.7123 -1.25
    endloop
  endfacet
  facet normal -0 -0 -1
    outer loop
      vertex 16.5806 19.0583 -1.25
      vertex 17.0985 18.1135 -1.25
      vertex 16.2071 19.3353 -1.25
    endloop
  endfacet
  facet normal 0 0 -1
    outer loop
      vertex -15.9958 4.89133 -1.25
      vertex -7 9.5 -1.25
      vertex -15.9549 4.83012 -1.25
    endloop
  endfacet
  facet normal 0 0 -1
    outer loop
      vertex -16.4635 5.52191 -1.25
      vertex -7 9.5 -1.25
      vertex -15.9958 4.89133 -1.25
    endloop
  endfacet
  facet normal 0 0 -1
    outer loop
      vertex -6.97261 10.0759 -1.25
      vertex -13.3745 14.0047 -1.25
      vertex -13.1977 14.1106 -1.25
    endloop
  endfacet
  facet normal 0 -0 -1
    outer loop
      vertex -13.8877 13.7843 -1.25
      vertex -7 9.5 -1.25
      vertex -16.4635 5.52191 -1.25
    endloop
  endfacet
  facet normal 0 0 -1
    outer loop
      vertex -6.97261 10.0759 -1.25
      vertex -13.4394 13.97 -1.25
      vertex -13.3745 14.0047 -1.25
    endloop
  endfacet
  facet normal 0 -0 -1
    outer loop
      vertex -13.6937 13.8537 -1.25
      vertex -7 9.5 -1.25
      vertex -13.8877 13.7843 -1.25
    endloop
  endfacet
  facet normal 0 0 -1
    outer loop
      vertex -6.9991 9.5368 -1.25
      vertex -13.4394 13.97 -1.25
      vertex -6.97261 10.0759 -1.25
    endloop
  endfacet
  facet normal 0 -0 -1
    outer loop
      vertex -13.4394 13.97 -1.25
      vertex -6.9991 9.5368 -1.25
      vertex -13.6257 13.8819 -1.25
    endloop
  endfacet
  facet normal 0 -0 -1
    outer loop
      vertex -13.6257 13.8819 -1.25
      vertex -7 9.5 -1.25
      vertex -13.6937 13.8537 -1.25
    endloop
  endfacet
  facet normal 0 0 -1
    outer loop
      vertex -7 9.5 -1.25
      vertex -13.6257 13.8819 -1.25
      vertex -6.9991 9.5368 -1.25
    endloop
  endfacet
  facet normal 0 0 -1
    outer loop
      vertex -13.8877 13.7843 -1.25
      vertex -16.4635 5.52191 -1.25
      vertex -13.9581 13.7629 -1.25
    endloop
  endfacet
  facet normal 0 0 -1
    outer loop
      vertex -16.5102 5.57881 -1.25
      vertex -13.9581 13.7629 -1.25
      vertex -16.4635 5.52191 -1.25
    endloop
  endfacet
  facet normal 0 0 -1
    outer loop
      vertex -13.9581 13.7629 -1.25
      vertex -16.5102 5.57881 -1.25
      vertex -14.1581 13.7128 -1.25
    endloop
  endfacet
  facet normal 0 0 -1
    outer loop
      vertex -14.1581 13.7128 -1.25
      vertex -16.5102 5.57881 -1.25
      vertex -14.2303 13.6985 -1.25
    endloop
  endfacet
  facet normal 0 0 -1
    outer loop
      vertex -17.0374 6.16052 -1.25
      vertex -14.2303 13.6985 -1.25
      vertex -16.5102 5.57881 -1.25
    endloop
  endfacet
  facet normal 0 0 -1
    outer loop
      vertex -14.2303 13.6985 -1.25
      vertex -17.0374 6.16052 -1.25
      vertex -14.4342 13.6682 -1.25
    endloop
  endfacet
  facet normal 0 0 -1
    outer loop
      vertex -17.0895 6.21255 -1.25
      vertex -14.4342 13.6682 -1.25
      vertex -17.0374 6.16052 -1.25
    endloop
  endfacet
  facet normal 0 0 -1
    outer loop
      vertex -14.4342 13.6682 -1.25
      vertex -17.0895 6.21255 -1.25
      vertex -14.5073 13.661 -1.25
    endloop
  endfacet
  facet normal 0 0 -1
    outer loop
      vertex -14.5073 13.661 -1.25
      vertex -17.0895 6.21255 -1.25
      vertex -14.7132 13.6509 -1.25
    endloop
  endfacet
  facet normal 0 0 -1
    outer loop
      vertex -17.6712 6.73979 -1.25
      vertex -14.7132 13.6509 -1.25
      vertex -17.0895 6.21255 -1.25
    endloop
  endfacet
  facet normal -0 0 -1
    outer loop
      vertex -14.7132 13.6509 -1.25
      vertex -17.6712 6.73979 -1.25
      vertex -14.7868 13.6509 -1.25
    endloop
  endfacet
  facet normal -0 0 -1
    outer loop
      vertex -14.7868 13.6509 -1.25
      vertex -17.6712 6.73979 -1.25
      vertex -14.9926 13.661 -1.25
    endloop
  endfacet
  facet normal 0 0 -1
    outer loop
      vertex -17.7281 6.78648 -1.25
      vertex -14.9926 13.661 -1.25
      vertex -17.6712 6.73979 -1.25
    endloop
  endfacet
  facet normal -0 0 -1
    outer loop
      vertex -14.9926 13.661 -1.25
      vertex -17.7281 6.78648 -1.25
      vertex -15.0658 13.6682 -1.25
    endloop
  endfacet
  facet normal -0 0 -1
    outer loop
      vertex -15.0658 13.6682 -1.25
      vertex -17.7281 6.78648 -1.25
      vertex -15.2697 13.6985 -1.25
    endloop
  endfacet
  facet normal 0 0 -1
    outer loop
      vertex -18.3587 7.25415 -1.25
      vertex -15.2697 13.6985 -1.25
      vertex -17.7281 6.78648 -1.25
    endloop
  endfacet
  facet normal -0 0 -1
    outer loop
      vertex -15.2697 13.6985 -1.25
      vertex -18.3587 7.25415 -1.25
      vertex -15.3419 13.7128 -1.25
    endloop
  endfacet
  facet normal -0 0 -1
    outer loop
      vertex -15.3419 13.7128 -1.25
      vertex -18.3587 7.25415 -1.25
      vertex -15.5418 13.7629 -1.25
    endloop
  endfacet
  facet normal 0 0 -1
    outer loop
      vertex -18.4199 7.29504 -1.25
      vertex -15.5418 13.7629 -1.25
      vertex -18.3587 7.25415 -1.25
    endloop
  endfacet
  facet normal -0 0 -1
    outer loop
      vertex -15.5418 13.7629 -1.25
      vertex -18.4199 7.29504 -1.25
      vertex -15.6122 13.7843 -1.25
    endloop
  endfacet
  facet normal 0 0 -1
    outer loop
      vertex -18.5 7.34308 -1.25
      vertex -15.6122 13.7843 -1.25
      vertex -18.4199 7.29504 -1.25
    endloop
  endfacet
  facet normal -0 0 -1
    outer loop
      vertex -15.6122 13.7843 -1.25
      vertex -18.5 7.34308 -1.25
      vertex -15.8063 13.8537 -1.25
    endloop
  endfacet
  facet normal -0 0 -1
    outer loop
      vertex -15.8063 13.8537 -1.25
      vertex -18.5 7.34308 -1.25
      vertex -15.8743 13.8819 -1.25
    endloop
  endfacet
  facet normal -0 0 -1
    outer loop
      vertex -15.8743 13.8819 -1.25
      vertex -18.5 7.34308 -1.25
      vertex -16.0606 13.97 -1.25
    endloop
  endfacet
  facet normal -0 0 -1
    outer loop
      vertex -16.0606 13.97 -1.25
      vertex -18.5 7.34308 -1.25
      vertex -16.1255 14.0047 -1.25
    endloop
  endfacet
  facet normal -0 0 -1
    outer loop
      vertex -16.1255 14.0047 -1.25
      vertex -18.5 7.34308 -1.25
      vertex -16.3023 14.1106 -1.25
    endloop
  endfacet
  facet normal -0 0 -1
    outer loop
      vertex -16.3023 14.1106 -1.25
      vertex -18.5 7.34308 -1.25
      vertex -16.3634 14.1515 -1.25
    endloop
  endfacet
  facet normal -0 0 -1
    outer loop
      vertex -16.3634 14.1515 -1.25
      vertex -18.5 7.34308 -1.25
      vertex -16.529 14.2743 -1.25
    endloop
  endfacet
  facet normal 0 0 -1
    outer loop
      vertex -18.5 15 -1.25
      vertex -16.529 14.2743 -1.25
      vertex -18.5 7.34308 -1.25
    endloop
  endfacet
  facet normal 0 0 -1
    outer loop
      vertex -16.529 14.2743 -1.25
      vertex -18.5 15 -1.25
      vertex -16.5859 14.321 -1.25
    endloop
  endfacet
  facet normal 0 0 -1
    outer loop
      vertex -16.5859 14.321 -1.25
      vertex -18.5 15 -1.25
      vertex -16.7386 14.4594 -1.25
    endloop
  endfacet
  facet normal 0 0 -1
    outer loop
      vertex -16.7386 14.4594 -1.25
      vertex -18.5 15 -1.25
      vertex -16.7906 14.5114 -1.25
    endloop
  endfacet
  facet normal 0 0 -1
    outer loop
      vertex -16.7906 14.5114 -1.25
      vertex -18.5 15 -1.25
      vertex -16.929 14.6641 -1.25
    endloop
  endfacet
  facet normal 0 0 -1
    outer loop
      vertex -16.929 14.6641 -1.25
      vertex -18.5 15 -1.25
      vertex -16.9757 14.721 -1.25
    endloop
  endfacet
  facet normal 0 0 -1
    outer loop
      vertex -16.9757 14.721 -1.25
      vertex -18.5 15 -1.25
      vertex -17.0985 14.8866 -1.25
    endloop
  endfacet
  facet normal 0 0 -1
    outer loop
      vertex -17.0985 14.8866 -1.25
      vertex -18.5 15 -1.25
      vertex -17.1394 14.9477 -1.25
    endloop
  endfacet
  facet normal 0 0 -1
    outer loop
      vertex -17.1394 14.9477 -1.25
      vertex -18.5 15 -1.25
      vertex -17.2453 15.1245 -1.25
    endloop
  endfacet
  facet normal -0 0 -1
    outer loop
      vertex -17.2453 15.1245 -1.25
      vertex -18.5 15 -1.25
      vertex -17.28 15.1894 -1.25
    endloop
  endfacet
  facet normal 0 -0 -1
    outer loop
      vertex -18.4747 15.5146 -1.25
      vertex -17.3963 15.4437 -1.25
      vertex -18.5 15 -1.25
    endloop
  endfacet
  facet normal 0 -0 -1
    outer loop
      vertex -18.3991 16.0242 -1.25
      vertex -17.5372 15.9081 -1.25
      vertex -18.4747 15.5146 -1.25
    endloop
  endfacet
  facet normal 0 0 -1
    outer loop
      vertex -18.2739 16.524 -1.25
      vertex -17.5991 16.5368 -1.25
      vertex -17.5991 16.4632 -1.25
    endloop
  endfacet
  facet normal -0 0 -1
    outer loop
      vertex -17.4871 15.7082 -1.25
      vertex -18.4747 15.5146 -1.25
      vertex -17.5372 15.9081 -1.25
    endloop
  endfacet
  facet normal 0 0 -1
    outer loop
      vertex -17.5372 15.9081 -1.25
      vertex -18.3991 16.0242 -1.25
      vertex -17.5515 15.9803 -1.25
    endloop
  endfacet
  facet normal 0 0 -1
    outer loop
      vertex -17.5515 15.9803 -1.25
      vertex -18.3991 16.0242 -1.25
      vertex -17.5818 16.1842 -1.25
    endloop
  endfacet
  facet normal -0 0 -1
    outer loop
      vertex -17.4657 15.6378 -1.25
      vertex -18.4747 15.5146 -1.25
      vertex -17.4871 15.7082 -1.25
    endloop
  endfacet
  facet normal -0 0 -1
    outer loop
      vertex -17.5818 16.1842 -1.25
      vertex -18.3991 16.0242 -1.25
      vertex -17.589 16.2574 -1.25
    endloop
  endfacet
  facet normal 0 0 -1
    outer loop
      vertex -17.5991 16.5368 -1.25
      vertex -17.8801 17.4748 -1.25
      vertex -17.6152 17.9167 -1.25
    endloop
  endfacet
  facet normal 0 0 -1
    outer loop
      vertex -17.5991 16.5368 -1.25
      vertex -18.1004 17.0091 -1.25
      vertex -17.8801 17.4748 -1.25
    endloop
  endfacet
  facet normal 0 0 -1
    outer loop
      vertex -17.3963 15.4437 -1.25
      vertex -18.4747 15.5146 -1.25
      vertex -17.4657 15.6378 -1.25
    endloop
  endfacet
  facet normal -0 0 -1
    outer loop
      vertex -17.5991 16.5368 -1.25
      vertex -18.2739 16.524 -1.25
      vertex -18.1004 17.0091 -1.25
    endloop
  endfacet
  facet normal -0 0 -1
    outer loop
      vertex -17.28 15.1894 -1.25
      vertex -18.5 15 -1.25
      vertex -17.3681 15.3757 -1.25
    endloop
  endfacet
  facet normal 0 0 -1
    outer loop
      vertex -17.589 16.2574 -1.25
      vertex -18.2739 16.524 -1.25
      vertex -17.5991 16.4632 -1.25
    endloop
  endfacet
  facet normal -0 0 -1
    outer loop
      vertex -17.3681 15.3757 -1.25
      vertex -18.5 15 -1.25
      vertex -17.3963 15.4437 -1.25
    endloop
  endfacet
  facet normal 0 -0 -1
    outer loop
      vertex -18.2739 16.524 -1.25
      vertex -17.589 16.2574 -1.25
      vertex -18.3991 16.0242 -1.25
    endloop
  endfacet
  facet normal 0 0 -1
    outer loop
      vertex -17.0985 18.1135 -1.25
      vertex -16.5806 19.0583 -1.25
      vertex -16.2071 19.3353 -1.25
    endloop
  endfacet
  facet normal 0 0 -1
    outer loop
      vertex -16.5806 19.0583 -1.25
      vertex -17.0985 18.1135 -1.25
      vertex -16.9623 18.7123 -1.25
    endloop
  endfacet
  facet normal 0 0 -1
    outer loop
      vertex -17.3083 18.3306 -1.25
      vertex -17.0985 18.1135 -1.25
      vertex -17.1394 18.0523 -1.25
    endloop
  endfacet
  facet normal 0 0 -1
    outer loop
      vertex -17.3083 18.3306 -1.25
      vertex -17.1394 18.0523 -1.25
      vertex -17.2453 17.8755 -1.25
    endloop
  endfacet
  facet normal 0 0 -1
    outer loop
      vertex -17.6152 17.9167 -1.25
      vertex -17.2453 17.8755 -1.25
      vertex -17.28 17.8106 -1.25
    endloop
  endfacet
  facet normal 0 0 -1
    outer loop
      vertex -17.0985 18.1135 -1.25
      vertex -17.3083 18.3306 -1.25
      vertex -16.9623 18.7123 -1.25
    endloop
  endfacet
  facet normal 0 0 -1
    outer loop
      vertex -17.6152 17.9167 -1.25
      vertex -17.28 17.8106 -1.25
      vertex -17.3681 17.6243 -1.25
    endloop
  endfacet
  facet normal 0 0 -1
    outer loop
      vertex -17.6152 17.9167 -1.25
      vertex -17.3681 17.6243 -1.25
      vertex -17.3963 17.5563 -1.25
    endloop
  endfacet
  facet normal 0 0 -1
    outer loop
      vertex -17.6152 17.9167 -1.25
      vertex -17.3963 17.5563 -1.25
      vertex -17.4657 17.3623 -1.25
    endloop
  endfacet
  facet normal 0 0 -1
    outer loop
      vertex -17.6152 17.9167 -1.25
      vertex -17.4657 17.3623 -1.25
      vertex -17.4871 17.2919 -1.25
    endloop
  endfacet
  facet normal 0 0 -1
    outer loop
      vertex -17.6152 17.9167 -1.25
      vertex -17.4871 17.2919 -1.25
      vertex -17.5372 17.0919 -1.25
    endloop
  endfacet
  facet normal 0 0 -1
    outer loop
      vertex -17.6152 17.9167 -1.25
      vertex -17.5372 17.0919 -1.25
      vertex -17.5515 17.0197 -1.25
    endloop
  endfacet
  facet normal 0 0 -1
    outer loop
      vertex -17.2453 17.8755 -1.25
      vertex -17.6152 17.9167 -1.25
      vertex -17.3083 18.3306 -1.25
    endloop
  endfacet
  facet normal 0 0 -1
    outer loop
      vertex -17.5818 16.8158 -1.25
      vertex -17.6152 17.9167 -1.25
      vertex -17.5515 17.0197 -1.25
    endloop
  endfacet
  facet normal 0 0 -1
    outer loop
      vertex -17.589 16.7427 -1.25
      vertex -17.6152 17.9167 -1.25
      vertex -17.5818 16.8158 -1.25
    endloop
  endfacet
  facet normal 0 0 -1
    outer loop
      vertex -17.6152 17.9167 -1.25
      vertex -17.589 16.7427 -1.25
      vertex -17.5991 16.5368 -1.25
    endloop
  endfacet
  facet normal 0 0 -1
    outer loop
      vertex 13.6257 -13.8819 -1.25
      vertex 6.9991 -9.5368 -1.25
      vertex 7 -9.5 -1.25
    endloop
  endfacet
  facet normal 0 0 -1
    outer loop
      vertex 13.4394 -13.97 -1.25
      vertex 6.97261 -10.0759 -1.25
      vertex 6.9991 -9.5368 -1.25
    endloop
  endfacet
  facet normal 0 0 -1
    outer loop
      vertex 13.1977 -14.1106 -1.25
      vertex 6.96539 -10.1491 -1.25
      vertex 6.97261 -10.0759 -1.25
    endloop
  endfacet
  facet normal 0 0 -1
    outer loop
      vertex 13.1977 -14.1106 -1.25
      vertex 6.8862 -10.683 -1.25
      vertex 6.96539 -10.1491 -1.25
    endloop
  endfacet
  facet normal 0 0 -1
    outer loop
      vertex 13.1977 -14.1106 -1.25
      vertex 6.87184 -10.7552 -1.25
      vertex 6.8862 -10.683 -1.25
    endloop
  endfacet
  facet normal 0 0 -1
    outer loop
      vertex 13.1977 -14.1106 -1.25
      vertex 6.74069 -11.2788 -1.25
      vertex 6.87184 -10.7552 -1.25
    endloop
  endfacet
  facet normal 0 0 -1
    outer loop
      vertex 10.9755 -15.5264 -1.25
      vertex 6.71933 -11.3492 -1.25
      vertex 6.74069 -11.2788 -1.25
    endloop
  endfacet
  facet normal 0 0 -1
    outer loop
      vertex 10.9755 -15.5264 -1.25
      vertex 6.53749 -11.8574 -1.25
      vertex 6.71933 -11.3492 -1.25
    endloop
  endfacet
  facet normal 0 0 -1
    outer loop
      vertex 10.9144 -15.5672 -1.25
      vertex 6.50932 -11.9254 -1.25
      vertex 6.53749 -11.8574 -1.25
    endloop
  endfacet
  facet normal 0 0 -1
    outer loop
      vertex 10.7882 -15.6608 -1.25
      vertex 6.27855 -12.4133 -1.25
      vertex 6.50932 -11.9254 -1.25
    endloop
  endfacet
  facet normal 0 0 -1
    outer loop
      vertex 10.615 -15.8129 -1.25
      vertex 6.24385 -12.4783 -1.25
      vertex 6.27855 -12.4133 -1.25
    endloop
  endfacet
  facet normal 0 0 -1
    outer loop
      vertex 10.4575 -15.9813 -1.25
      vertex 5.96637 -12.9412 -1.25
      vertex 6.24385 -12.4783 -1.25
    endloop
  endfacet
  facet normal 0 0 -1
    outer loop
      vertex 10.3172 -16.1644 -1.25
      vertex 5.92548 -13.0024 -1.25
      vertex 5.96637 -12.9412 -1.25
    endloop
  endfacet
  facet normal 0 0 -1
    outer loop
      vertex 10.2764 -16.2255 -1.25
      vertex 5.60396 -13.4359 -1.25
      vertex 5.92548 -13.0024 -1.25
    endloop
  endfacet
  facet normal 0 0 -1
    outer loop
      vertex 10.1609 -16.4251 -1.25
      vertex 5.55727 -13.4928 -1.25
      vertex 5.60396 -13.4359 -1.25
    endloop
  endfacet
  facet normal 0 0 -1
    outer loop
      vertex 10.0657 -16.635 -1.25
      vertex 5.19479 -13.8927 -1.25
      vertex 5.55727 -13.4928 -1.25
    endloop
  endfacet
  facet normal 0 0 -1
    outer loop
      vertex 9.99199 -16.8509 -1.25
      vertex 5.14275 -13.9448 -1.25
      vertex 5.19479 -13.8927 -1.25
    endloop
  endfacet
  facet normal 0 0 -1
    outer loop
      vertex 9.99199 -16.8509 -1.25
      vertex 4.74281 -14.3073 -1.25
      vertex 5.14275 -13.9448 -1.25
    endloop
  endfacet
  facet normal 0 0 -1
    outer loop
      vertex 9.99199 -16.8509 -1.25
      vertex 4.68593 -14.354 -1.25
      vertex 4.74281 -14.3073 -1.25
    endloop
  endfacet
  facet normal 0 0 -1
    outer loop
      vertex 9.99199 -16.8509 -1.25
      vertex 4.25241 -14.6755 -1.25
      vertex 4.68593 -14.354 -1.25
    endloop
  endfacet
  facet normal 0 0 -1
    outer loop
      vertex 9.12866 -20.25 -1.25
      vertex 4.19121 -14.7164 -1.25
      vertex 4.25241 -14.6755 -1.25
    endloop
  endfacet
  facet normal 0 0 -1
    outer loop
      vertex 9.12866 -20.25 -1.25
      vertex 3.72826 -14.9939 -1.25
      vertex 4.19121 -14.7164 -1.25
    endloop
  endfacet
  facet normal 0 0 -1
    outer loop
      vertex 9.12866 -20.25 -1.25
      vertex 3.66335 -15.0285 -1.25
      vertex 3.72826 -14.9939 -1.25
    endloop
  endfacet
  facet normal 0 0 -1
    outer loop
      vertex 9.12866 -20.25 -1.25
      vertex 3.17542 -15.2593 -1.25
      vertex 3.66335 -15.0285 -1.25
    endloop
  endfacet
  facet normal 0 0 -1
    outer loop
      vertex 9.12866 -20.25 -1.25
      vertex 3.10742 -15.2875 -1.25
      vertex 3.17542 -15.2593 -1.25
    endloop
  endfacet
  facet normal 0 0 -1
    outer loop
      vertex 9.12866 -20.25 -1.25
      vertex 2.59923 -15.4693 -1.25
      vertex 3.10742 -15.2875 -1.25
    endloop
  endfacet
  facet normal 0 0 -1
    outer loop
      vertex 9.12866 -20.25 -1.25
      vertex 2.52879 -15.4907 -1.25
      vertex 2.59923 -15.4693 -1.25
    endloop
  endfacet
  facet normal 0 0 -1
    outer loop
      vertex 9.12866 -20.25 -1.25
      vertex 2.00522 -15.6218 -1.25
      vertex 2.52879 -15.4907 -1.25
    endloop
  endfacet
  facet normal 0 0 -1
    outer loop
      vertex 9.12866 -20.25 -1.25
      vertex 1.93303 -15.6362 -1.25
      vertex 2.00522 -15.6218 -1.25
    endloop
  endfacet
  facet normal 0 0 -1
    outer loop
      vertex 9.12866 -20.25 -1.25
      vertex 1.39914 -15.7154 -1.25
      vertex 1.93303 -15.6362 -1.25
    endloop
  endfacet
  facet normal 0 0 -1
    outer loop
      vertex 9.12866 -20.25 -1.25
      vertex 1.3259 -15.7226 -1.25
      vertex 1.39914 -15.7154 -1.25
    endloop
  endfacet
  facet normal 0 0 -1
    outer loop
      vertex 9.12866 -20.25 -1.25
      vertex 0.786804 -15.7491 -1.25
      vertex 1.3259 -15.7226 -1.25
    endloop
  endfacet
  facet normal 0 0 -1
    outer loop
      vertex 9.12866 -20.25 -1.25
      vertex 0.75 -15.75 -1.25
      vertex 0.786804 -15.7491 -1.25
    endloop
  endfacet
  facet normal 0 0 -1
    outer loop
      vertex 9.12866 -20.25 -1.25
      vertex -0.75 -15.75 -1.25
      vertex 0.75 -15.75 -1.25
    endloop
  endfacet
  facet normal 0 0 -1
    outer loop
      vertex -9.12866 -20.25 -1.25
      vertex -0.75 -15.75 -1.25
      vertex 9.12866 -20.25 -1.25
    endloop
  endfacet
  facet normal -0 0 -1
    outer loop
      vertex -0.75 -15.75 -1.25
      vertex -9.12866 -20.25 -1.25
      vertex -0.786804 -15.7491 -1.25
    endloop
  endfacet
  facet normal -0 0 -1
    outer loop
      vertex -0.786804 -15.7491 -1.25
      vertex -9.12866 -20.25 -1.25
      vertex -1.3259 -15.7226 -1.25
    endloop
  endfacet
  facet normal -0 0 -1
    outer loop
      vertex -1.3259 -15.7226 -1.25
      vertex -9.12866 -20.25 -1.25
      vertex -1.39914 -15.7154 -1.25
    endloop
  endfacet
  facet normal -0 0 -1
    outer loop
      vertex -1.39914 -15.7154 -1.25
      vertex -9.12866 -20.25 -1.25
      vertex -1.93303 -15.6362 -1.25
    endloop
  endfacet
  facet normal -0 0 -1
    outer loop
      vertex -1.93303 -15.6362 -1.25
      vertex -9.12866 -20.25 -1.25
      vertex -2.00522 -15.6218 -1.25
    endloop
  endfacet
  facet normal -0 0 -1
    outer loop
      vertex -2.00522 -15.6218 -1.25
      vertex -9.12866 -20.25 -1.25
      vertex -2.52879 -15.4907 -1.25
    endloop
  endfacet
  facet normal -0 0 -1
    outer loop
      vertex -2.52879 -15.4907 -1.25
      vertex -9.12866 -20.25 -1.25
      vertex -2.59923 -15.4693 -1.25
    endloop
  endfacet
  facet normal 0 0 -1
    outer loop
      vertex -10.615 -15.8129 -1.25
      vertex -6.24385 -12.4783 -1.25
      vertex -10.5629 -15.865 -1.25
    endloop
  endfacet
  facet normal 0 0 -1
    outer loop
      vertex -10.5629 -15.865 -1.25
      vertex -6.24385 -12.4783 -1.25
      vertex -10.4575 -15.9813 -1.25
    endloop
  endfacet
  facet normal -0 0 -1
    outer loop
      vertex -5.96637 -12.9412 -1.25
      vertex -10.4575 -15.9813 -1.25
      vertex -6.24385 -12.4783 -1.25
    endloop
  endfacet
  facet normal 0 0 -1
    outer loop
      vertex -10.4575 -15.9813 -1.25
      vertex -5.96637 -12.9412 -1.25
      vertex -10.4108 -16.0382 -1.25
    endloop
  endfacet
  facet normal 0 0 -1
    outer loop
      vertex -10.4108 -16.0382 -1.25
      vertex -5.96637 -12.9412 -1.25
      vertex -10.3172 -16.1644 -1.25
    endloop
  endfacet
  facet normal -0 0 -1
    outer loop
      vertex -5.92548 -13.0024 -1.25
      vertex -10.3172 -16.1644 -1.25
      vertex -5.96637 -12.9412 -1.25
    endloop
  endfacet
  facet normal 0 0 -1
    outer loop
      vertex -10.3172 -16.1644 -1.25
      vertex -5.92548 -13.0024 -1.25
      vertex -10.2764 -16.2255 -1.25
    endloop
  endfacet
  facet normal -0 0 -1
    outer loop
      vertex -5.60396 -13.4359 -1.25
      vertex -10.2764 -16.2255 -1.25
      vertex -5.92548 -13.0024 -1.25
    endloop
  endfacet
  facet normal 0 0 -1
    outer loop
      vertex -10.2764 -16.2255 -1.25
      vertex -5.60396 -13.4359 -1.25
      vertex -10.1957 -16.3602 -1.25
    endloop
  endfacet
  facet normal 0 0 -1
    outer loop
      vertex -10.1957 -16.3602 -1.25
      vertex -5.60396 -13.4359 -1.25
      vertex -10.1609 -16.4251 -1.25
    endloop
  endfacet
  facet normal -0 0 -1
    outer loop
      vertex -5.55727 -13.4928 -1.25
      vertex -10.1609 -16.4251 -1.25
      vertex -5.60396 -13.4359 -1.25
    endloop
  endfacet
  facet normal 0 0 -1
    outer loop
      vertex -10.1609 -16.4251 -1.25
      vertex -5.55727 -13.4928 -1.25
      vertex -10.0938 -16.5671 -1.25
    endloop
  endfacet
  facet normal 0 0 -1
    outer loop
      vertex -10.0938 -16.5671 -1.25
      vertex -5.55727 -13.4928 -1.25
      vertex -10.0657 -16.635 -1.25
    endloop
  endfacet
  facet normal -0 0 -1
    outer loop
      vertex -5.19479 -13.8927 -1.25
      vertex -10.0657 -16.635 -1.25
      vertex -5.55727 -13.4928 -1.25
    endloop
  endfacet
  facet normal 0 0 -1
    outer loop
      vertex -10.0657 -16.635 -1.25
      vertex -5.19479 -13.8927 -1.25
      vertex -10.0128 -16.7829 -1.25
    endloop
  endfacet
  facet normal 0 0 -1
    outer loop
      vertex -10.0128 -16.7829 -1.25
      vertex -5.19479 -13.8927 -1.25
      vertex -9.99199 -16.8509 -1.25
    endloop
  endfacet
  facet normal -0 0 -1
    outer loop
      vertex -5.14275 -13.9448 -1.25
      vertex -9.99199 -16.8509 -1.25
      vertex -5.19479 -13.8927 -1.25
    endloop
  endfacet
  facet normal -0 0 -1
    outer loop
      vertex -4.74281 -14.3073 -1.25
      vertex -9.99199 -16.8509 -1.25
      vertex -5.14275 -13.9448 -1.25
    endloop
  endfacet
  facet normal -0 0 -1
    outer loop
      vertex -4.68593 -14.354 -1.25
      vertex -9.99199 -16.8509 -1.25
      vertex -4.74281 -14.3073 -1.25
    endloop
  endfacet
  facet normal -0 0 -1
    outer loop
      vertex -4.25241 -14.6755 -1.25
      vertex -9.99199 -16.8509 -1.25
      vertex -4.68593 -14.354 -1.25
    endloop
  endfacet
  facet normal 0 0 -1
    outer loop
      vertex -9.99199 -16.8509 -1.25
      vertex -4.25241 -14.6755 -1.25
      vertex -9.12866 -20.25 -1.25
    endloop
  endfacet
  facet normal -0 0 -1
    outer loop
      vertex -4.19121 -14.7164 -1.25
      vertex -9.12866 -20.25 -1.25
      vertex -4.25241 -14.6755 -1.25
    endloop
  endfacet
  facet normal -0 0 -1
    outer loop
      vertex -3.72826 -14.9939 -1.25
      vertex -9.12866 -20.25 -1.25
      vertex -4.19121 -14.7164 -1.25
    endloop
  endfacet
  facet normal -0 0 -1
    outer loop
      vertex -3.66335 -15.0285 -1.25
      vertex -9.12866 -20.25 -1.25
      vertex -3.72826 -14.9939 -1.25
    endloop
  endfacet
  facet normal -0 0 -1
    outer loop
      vertex -3.17542 -15.2593 -1.25
      vertex -9.12866 -20.25 -1.25
      vertex -3.66335 -15.0285 -1.25
    endloop
  endfacet
  facet normal -0 0 -1
    outer loop
      vertex -3.10742 -15.2875 -1.25
      vertex -9.12866 -20.25 -1.25
      vertex -3.17542 -15.2593 -1.25
    endloop
  endfacet
  facet normal -0 0 -1
    outer loop
      vertex -2.59923 -15.4693 -1.25
      vertex -9.12866 -20.25 -1.25
      vertex -3.10742 -15.2875 -1.25
    endloop
  endfacet
  facet normal 0 0.707107 0.707107
    outer loop
      vertex 8.93816 21 0.5
      vertex -9.12866 20.25 1.25
      vertex 9.12866 20.25 1.25
    endloop
  endfacet
  facet normal 0 0.707107 0.707107
    outer loop
      vertex -9.12866 20.25 1.25
      vertex 8.93816 21 0.5
      vertex -8.93816 21 0.5
    endloop
  endfacet
  facet normal 0.857718 0.514121 0
    outer loop
      vertex 18.5415 17.8284 0.5
      vertex 18.2388 18.3334 -0.5
      vertex 18.2388 18.3334 0.5
    endloop
  endfacet
  facet normal 0.857718 0.514121 0
    outer loop
      vertex 18.2388 18.3334 -0.5
      vertex 18.5415 17.8284 0.5
      vertex 18.5415 17.8284 -0.5
    endloop
  endfacet
  facet normal 0 -0.707107 0.707107
    outer loop
      vertex -8.93816 -21 0.5
      vertex 9.12866 -20.25 1.25
      vertex -9.12866 -20.25 1.25
    endloop
  endfacet
  facet normal 0 -0.707107 0.707107
    outer loop
      vertex 9.12866 -20.25 1.25
      vertex -8.93816 -21 0.5
      vertex 8.93816 -21 0.5
    endloop
  endfacet
  facet normal 0.238236 0.666212 -0.706686
    outer loop
      vertex 15.3983 20.4439 -0.643533
      vertex 15.248 20.6499 -0.5
      vertex 15.5461 20.5433 -0.5
    endloop
  endfacet
  facet normal 0.302463 0.639649 -0.706658
    outer loop
      vertex 15.6269 20.1306 -0.838893
      vertex 16.0784 20.2915 -0.5
      vertex 15.8378 19.8415 -1.01031
    endloop
  endfacet
  facet normal 0.302536 0.639555 -0.706711
    outer loop
      vertex 16.0784 20.2915 -0.5
      vertex 15.6269 20.1306 -0.838893
      vertex 15.5461 20.5433 -0.5
    endloop
  endfacet
  facet normal 0 0.707107 -0.707107
    outer loop
      vertex 9.12866 20.25 -1.25
      vertex -8.93816 21 -0.5
      vertex 8.93816 21 -0.5
    endloop
  endfacet
  facet normal 0 0.707107 -0.707107
    outer loop
      vertex -8.93816 21 -0.5
      vertex 9.12866 20.25 -1.25
      vertex -9.12866 20.25 -1.25
    endloop
  endfacet
  facet normal 0.363803 0.606857 0.706662
    outer loop
      vertex 16.0784 20.2915 0.5
      vertex 15.8378 19.8415 1.01031
      vertex 16.164 19.3944 1.22633
    endloop
  endfacet
  facet normal 0.362593 0.607624 0.706625
    outer loop
      vertex 16.5834 19.9888 0.5
      vertex 16.164 19.3944 1.22633
      vertex 16.1756 19.3785 1.23405
    endloop
  endfacet
  facet normal 0.363759 0.606866 0.706678
    outer loop
      vertex 16.164 19.3944 1.22633
      vertex 16.5834 19.9888 0.5
      vertex 16.0784 20.2915 0.5
    endloop
  endfacet
  facet normal 0.998795 0.0490821 0
    outer loop
      vertex 19.25 15 0.5
      vertex 19.2211 15.5881 -0.5
      vertex 19.2211 15.5881 0.5
    endloop
  endfacet
  facet normal 0.998795 0.0490821 0
    outer loop
      vertex 19.2211 15.5881 -0.5
      vertex 19.25 15 0.5
      vertex 19.25 15 -0.5
    endloop
  endfacet
  facet normal 0.706673 0.0347432 0.706686
    outer loop
      vertex 19.2211 15.5881 0.5
      vertex 18.4747 15.5146 1.25
      vertex 18.5 15 1.25
    endloop
  endfacet
  facet normal 0.707107 0 -0.707107
    outer loop
      vertex 19.25 7.77679 -0.5
      vertex 18.5 15 -1.25
      vertex 19.25 15 -0.5
    endloop
  endfacet
  facet normal 0.707265 3.27728e-05 -0.706949
    outer loop
      vertex 19.1582 7.73335 -0.591843
      vertex 18.5 15 -1.25
      vertex 19.25 7.77679 -0.5
    endloop
  endfacet
  facet normal 0.706643 -7.9713e-05 -0.70757
    outer loop
      vertex 19.0932 7.69865 -0.656754
      vertex 18.5 15 -1.25
      vertex 19.1582 7.73335 -0.591843
    endloop
  endfacet
  facet normal 0.707134 0 -0.707079
    outer loop
      vertex 18.5 15 -1.25
      vertex 19.0932 7.69865 -0.656754
      vertex 18.5 7.34308 -1.25
    endloop
  endfacet
  facet normal 0.707107 0 -0.707107
    outer loop
      vertex 18.5 -15 -1.25
      vertex 19.25 -7.77679 -0.5
      vertex 19.25 -15 -0.5
    endloop
  endfacet
  facet normal 0.707265 -3.27728e-05 -0.706949
    outer loop
      vertex 19.25 -7.77679 -0.5
      vertex 18.5 -15 -1.25
      vertex 19.1582 -7.73335 -0.591843
    endloop
  endfacet
  facet normal 0.706643 7.9713e-05 -0.70757
    outer loop
      vertex 19.1582 -7.73335 -0.591843
      vertex 18.5 -15 -1.25
      vertex 19.0932 -7.69865 -0.656754
    endloop
  endfacet
  facet normal 0.707134 0 -0.707079
    outer loop
      vertex 19.0932 -7.69865 -0.656754
      vertex 18.5 -15 -1.25
      vertex 18.5 -7.34308 -1.25
    endloop
  endfacet
  facet normal 0.699869 -0.103827 -0.706685
    outer loop
      vertex 19.1347 -16.1705 -0.5
      vertex 18.4747 -15.5146 -1.25
      vertex 19.2211 -15.5881 -0.5
    endloop
  endfacet
  facet normal 0.475241 -0.524147 0.706694
    outer loop
      vertex 17.4926 -19.2426 0.5
      vertex 16.5806 -19.0583 1.25
      vertex 17.0564 -19.6381 0.5
    endloop
  endfacet
  facet normal 0.238301 -0.666157 -0.706715
    outer loop
      vertex 15.5461 -20.5433 -0.5
      vertex 15.3983 -20.4439 -0.643533
      vertex 15.4663 -20.3507 -0.708455
    endloop
  endfacet
  facet normal 0.238236 -0.666212 0.706686
    outer loop
      vertex 15.3983 -20.4439 0.643533
      vertex 15.248 -20.6499 0.5
      vertex 15.5461 -20.5433 0.5
    endloop
  endfacet
  facet normal 0 -1 0
    outer loop
      vertex -8.93816 -21 -0.5
      vertex 8.93816 -21 0.5
      vertex -8.93816 -21 0.5
    endloop
  endfacet
  facet normal 0 -1 -0
    outer loop
      vertex 8.93816 -21 0.5
      vertex -8.93816 -21 -0.5
      vertex 8.93816 -21 -0.5
    endloop
  endfacet
  facet normal 0.524147 0.475241 -0.706694
    outer loop
      vertex 17.8881 18.8064 -0.5
      vertex 17.3083 18.3306 -1.25
      vertex 17.4926 19.2426 -0.5
    endloop
  endfacet
  facet normal 0.68632 0.171941 0.706683
    outer loop
      vertex 18.9916 16.7417 0.5
      vertex 18.3991 16.0242 1.25
      vertex 19.1347 16.1705 0.5
    endloop
  endfacet
  facet normal 0.336717 0.941606 -0
    outer loop
      vertex 15.5461 20.5433 -0.5
      vertex 15.248 20.6499 0.5
      vertex 15.5461 20.5433 0.5
    endloop
  endfacet
  facet normal 0.336717 0.941606 0
    outer loop
      vertex 15.248 20.6499 0.5
      vertex 15.5461 20.5433 -0.5
      vertex 15.248 20.6499 -0.5
    endloop
  endfacet
  facet normal 0 1 -0
    outer loop
      vertex 8.93816 21 -0.5
      vertex -8.93816 21 0.5
      vertex 8.93816 21 0.5
    endloop
  endfacet
  facet normal 0 1 0
    outer loop
      vertex -8.93816 21 0.5
      vertex 8.93816 21 -0.5
      vertex -8.93816 21 -0.5
    endloop
  endfacet
  facet normal 0.238301 0.666157 -0.706715
    outer loop
      vertex 15.4663 20.3507 -0.708455
      vertex 15.3983 20.4439 -0.643533
      vertex 15.5461 20.5433 -0.5
    endloop
  endfacet
  facet normal 0.68632 0.171941 -0.706683
    outer loop
      vertex 19.1347 16.1705 -0.5
      vertex 18.3991 16.0242 -1.25
      vertex 18.9916 16.7417 -0.5
    endloop
  endfacet
  facet normal 0.639588 0.302552 -0.706675
    outer loop
      vertex 18.7933 17.2961 -0.5
      vertex 17.8801 17.4748 -1.25
      vertex 18.5415 17.8284 -0.5
    endloop
  endfacet
  facet normal 0.568329 -0.421406 0.706696
    outer loop
      vertex 17.6152 -17.9167 1.25
      vertex 17.3083 -18.3306 1.25
      vertex 17.8881 -18.8064 0.5
    endloop
  endfacet
  facet normal 0.568347 -0.421394 -0.706688
    outer loop
      vertex 17.8881 -18.8064 -0.5
      vertex 17.6152 -17.9167 -1.25
      vertex 18.2388 -18.3334 -0.5
    endloop
  endfacet
  facet normal 0.857718 -0.514121 0
    outer loop
      vertex 18.2388 -18.3334 0.5
      vertex 18.5415 -17.8284 -0.5
      vertex 18.5415 -17.8284 0.5
    endloop
  endfacet
  facet normal 0.857718 -0.514121 0
    outer loop
      vertex 18.5415 -17.8284 -0.5
      vertex 18.2388 -18.3334 0.5
      vertex 18.2388 -18.3334 -0.5
    endloop
  endfacet
  facet normal 0.302463 -0.639649 0.706658
    outer loop
      vertex 15.6269 -20.1306 0.838893
      vertex 16.0784 -20.2915 0.5
      vertex 15.8378 -19.8415 1.01031
    endloop
  endfacet
  facet normal 0.302536 -0.639555 0.706711
    outer loop
      vertex 16.0784 -20.2915 0.5
      vertex 15.6269 -20.1306 0.838893
      vertex 15.5461 -20.5433 0.5
    endloop
  endfacet
  facet normal 0.421415 -0.568376 -0.706653
    outer loop
      vertex 16.5834 -19.9888 -0.5
      vertex 16.1819 -19.3699 -1.23723
      vertex 17.0564 -19.6381 -0.5
    endloop
  endfacet
  facet normal 0.420259 -0.569177 -0.706696
    outer loop
      vertex 16.1819 -19.3699 -1.23723
      vertex 16.5834 -19.9888 -0.5
      vertex 16.1756 -19.3785 -1.23405
    endloop
  endfacet
  facet normal 0.302512 0.639557 0.70672
    outer loop
      vertex 15.5461 20.5433 0.5
      vertex 15.4663 20.3507 0.708455
      vertex 15.6269 20.1306 0.838893
    endloop
  endfacet
  facet normal 0.42146 0.568287 -0.706698
    outer loop
      vertex 16.2071 19.3353 -1.25
      vertex 17.0564 19.6381 -0.5
      vertex 16.5806 19.0583 -1.25
    endloop
  endfacet
  facet normal 0.421673 0.567982 -0.706816
    outer loop
      vertex 17.0564 19.6381 -0.5
      vertex 16.2071 19.3353 -1.25
      vertex 16.1819 19.3699 -1.23723
    endloop
  endfacet
  facet normal 0.421415 0.568376 0.706653
    outer loop
      vertex 16.5834 19.9888 0.5
      vertex 16.1819 19.3699 1.23723
      vertex 17.0564 19.6381 0.5
    endloop
  endfacet
  facet normal 0.420259 0.569177 0.706696
    outer loop
      vertex 16.1819 19.3699 1.23723
      vertex 16.5834 19.9888 0.5
      vertex 16.1756 19.3785 1.23405
    endloop
  endfacet
  facet normal 1 -0 0
    outer loop
      vertex 19.25 7.77679 0.5
      vertex 19.25 15 -0.5
      vertex 19.25 15 0.5
    endloop
  endfacet
  facet normal 1 0 0
    outer loop
      vertex 19.25 15 -0.5
      vertex 19.25 7.77679 0.5
      vertex 19.25 7.77679 -0.5
    endloop
  endfacet
  facet normal 1 -0 0
    outer loop
      vertex 19.25 -15 0.5
      vertex 19.25 -7.77679 -0.5
      vertex 19.25 -7.77679 0.5
    endloop
  endfacet
  facet normal 1 0 0
    outer loop
      vertex 19.25 -7.77679 -0.5
      vertex 19.25 -15 0.5
      vertex 19.25 -15 -0.5
    endloop
  endfacet
  facet normal 0.666201 0.23829 0.706678
    outer loop
      vertex 18.7933 17.2961 0.5
      vertex 18.2739 16.524 1.25
      vertex 18.9916 16.7417 0.5
    endloop
  endfacet
  facet normal 0.699869 0.103827 0.706685
    outer loop
      vertex 19.1347 16.1705 0.5
      vertex 18.3991 16.0242 1.25
      vertex 18.4747 15.5146 1.25
    endloop
  endfacet
  facet normal 0.699869 0.103827 -0.706685
    outer loop
      vertex 19.2211 15.5881 -0.5
      vertex 18.4747 15.5146 -1.25
      vertex 19.1347 16.1705 -0.5
    endloop
  endfacet
  facet normal 0.989174 0.146746 0
    outer loop
      vertex 19.2211 15.5881 0.5
      vertex 19.1347 16.1705 -0.5
      vertex 19.1347 16.1705 0.5
    endloop
  endfacet
  facet normal 0.989174 0.146746 0
    outer loop
      vertex 19.1347 16.1705 -0.5
      vertex 19.2211 15.5881 0.5
      vertex 19.2211 15.5881 -0.5
    endloop
  endfacet
  facet normal 0.666213 0.238276 -0.706672
    outer loop
      vertex 18.2739 16.524 -1.25
      vertex 18.1004 17.0091 -1.25
      vertex 18.7933 17.2961 -0.5
    endloop
  endfacet
  facet normal 0.740823 0.6717 0
    outer loop
      vertex 17.8881 18.8064 0.5
      vertex 17.4926 19.2426 -0.5
      vertex 17.4926 19.2426 0.5
    endloop
  endfacet
  facet normal 0.740823 0.6717 0
    outer loop
      vertex 17.4926 19.2426 -0.5
      vertex 17.8881 18.8064 0.5
      vertex 17.8881 18.8064 -0.5
    endloop
  endfacet
  facet normal 0.639588 0.302558 -0.706673
    outer loop
      vertex 18.1004 17.0091 -1.25
      vertex 17.8801 17.4748 -1.25
      vertex 18.7933 17.2961 -0.5
    endloop
  endfacet
  facet normal 0.699869 0.103827 0.706685
    outer loop
      vertex 19.1347 16.1705 0.5
      vertex 18.4747 15.5146 1.25
      vertex 19.2211 15.5881 0.5
    endloop
  endfacet
  facet normal 0.699869 -0.103827 0.706685
    outer loop
      vertex 19.2211 -15.5881 0.5
      vertex 18.4747 -15.5146 1.25
      vertex 19.1347 -16.1705 0.5
    endloop
  endfacet
  facet normal 0.68633 -0.171926 -0.706677
    outer loop
      vertex 18.9916 -16.7417 -0.5
      vertex 18.2739 -16.524 -1.25
      vertex 18.3991 -16.0242 -1.25
    endloop
  endfacet
  facet normal 0.524147 -0.475241 -0.706694
    outer loop
      vertex 17.4926 -19.2426 -0.5
      vertex 17.3083 -18.3306 -1.25
      vertex 17.8881 -18.8064 -0.5
    endloop
  endfacet
  facet normal 0.42146 -0.568287 -0.706698
    outer loop
      vertex 17.0564 -19.6381 -0.5
      vertex 16.2071 -19.3353 -1.25
      vertex 16.5806 -19.0583 -1.25
    endloop
  endfacet
  facet normal 0.421673 -0.567982 -0.706816
    outer loop
      vertex 16.2071 -19.3353 -1.25
      vertex 17.0564 -19.6381 -0.5
      vertex 16.1819 -19.3699 -1.23723
    endloop
  endfacet
  facet normal 0.803289 -0.595589 0
    outer loop
      vertex 17.8881 -18.8064 0.5
      vertex 18.2388 -18.3334 -0.5
      vertex 18.2388 -18.3334 0.5
    endloop
  endfacet
  facet normal 0.803289 -0.595589 0
    outer loop
      vertex 18.2388 -18.3334 -0.5
      vertex 17.8881 -18.8064 0.5
      vertex 17.8881 -18.8064 -0.5
    endloop
  endfacet
  facet normal 0.568329 -0.421406 -0.706696
    outer loop
      vertex 17.8881 -18.8064 -0.5
      vertex 17.3083 -18.3306 -1.25
      vertex 17.6152 -17.9167 -1.25
    endloop
  endfacet
  facet normal 0.475198 -0.524229 -0.706662
    outer loop
      vertex 17.4926 -19.2426 -0.5
      vertex 16.5806 -19.0583 -1.25
      vertex 16.9623 -18.7123 -1.25
    endloop
  endfacet
  facet normal 0.740823 -0.6717 0
    outer loop
      vertex 17.4926 -19.2426 0.5
      vertex 17.8881 -18.8064 -0.5
      vertex 17.8881 -18.8064 0.5
    endloop
  endfacet
  facet normal 0.740823 -0.6717 0
    outer loop
      vertex 17.8881 -18.8064 -0.5
      vertex 17.4926 -19.2426 0.5
      vertex 17.4926 -19.2426 -0.5
    endloop
  endfacet
  facet normal 0.595589 -0.803289 0
    outer loop
      vertex 16.5834 -19.9888 -0.5
      vertex 17.0564 -19.6381 0.5
      vertex 16.5834 -19.9888 0.5
    endloop
  endfacet
  facet normal 0.595589 -0.803289 0
    outer loop
      vertex 17.0564 -19.6381 0.5
      vertex 16.5834 -19.9888 -0.5
      vertex 17.0564 -19.6381 -0.5
    endloop
  endfacet
  facet normal 0.302463 -0.639649 -0.706658
    outer loop
      vertex 16.0784 -20.2915 -0.5
      vertex 15.6269 -20.1306 -0.838893
      vertex 15.8378 -19.8415 -1.01031
    endloop
  endfacet
  facet normal 0.302536 -0.639555 -0.706711
    outer loop
      vertex 15.6269 -20.1306 -0.838893
      vertex 16.0784 -20.2915 -0.5
      vertex 15.5461 -20.5433 -0.5
    endloop
  endfacet
  facet normal 0.238236 -0.666212 -0.706686
    outer loop
      vertex 15.5461 -20.5433 -0.5
      vertex 15.248 -20.6499 -0.5
      vertex 15.3983 -20.4439 -0.643533
    endloop
  endfacet
  facet normal 0.421415 0.568376 -0.706653
    outer loop
      vertex 16.1819 19.3699 -1.23723
      vertex 16.5834 19.9888 -0.5
      vertex 17.0564 19.6381 -0.5
    endloop
  endfacet
  facet normal 0.420259 0.569177 -0.706696
    outer loop
      vertex 16.5834 19.9888 -0.5
      vertex 16.1819 19.3699 -1.23723
      vertex 16.1756 19.3785 -1.23405
    endloop
  endfacet
  facet normal 0.362593 0.607624 -0.706625
    outer loop
      vertex 16.164 19.3944 -1.22633
      vertex 16.5834 19.9888 -0.5
      vertex 16.1756 19.3785 -1.23405
    endloop
  endfacet
  facet normal 0.363759 0.606866 -0.706678
    outer loop
      vertex 16.5834 19.9888 -0.5
      vertex 16.164 19.3944 -1.22633
      vertex 16.0784 20.2915 -0.5
    endloop
  endfacet
  facet normal 0.302463 0.639649 0.706658
    outer loop
      vertex 16.0784 20.2915 0.5
      vertex 15.6269 20.1306 0.838893
      vertex 15.8378 19.8415 1.01031
    endloop
  endfacet
  facet normal 0.302536 0.639555 0.706711
    outer loop
      vertex 15.6269 20.1306 0.838893
      vertex 16.0784 20.2915 0.5
      vertex 15.5461 20.5433 0.5
    endloop
  endfacet
  facet normal 0.6717 0.740823 -0
    outer loop
      vertex 17.4926 19.2426 -0.5
      vertex 17.0564 19.6381 0.5
      vertex 17.4926 19.2426 0.5
    endloop
  endfacet
  facet normal 0.6717 0.740823 0
    outer loop
      vertex 17.0564 19.6381 0.5
      vertex 17.4926 19.2426 -0.5
      vertex 17.0564 19.6381 -0.5
    endloop
  endfacet
  facet normal 0.475241 0.524147 -0.706694
    outer loop
      vertex 17.4926 19.2426 -0.5
      vertex 16.5806 19.0583 -1.25
      vertex 17.0564 19.6381 -0.5
    endloop
  endfacet
  facet normal 0.524229 0.475198 0.706662
    outer loop
      vertex 17.4926 19.2426 0.5
      vertex 16.9623 18.7123 1.25
      vertex 17.3083 18.3306 1.25
    endloop
  endfacet
  facet normal 0.475198 0.524229 0.706662
    outer loop
      vertex 17.4926 19.2426 0.5
      vertex 16.5806 19.0583 1.25
      vertex 16.9623 18.7123 1.25
    endloop
  endfacet
  facet normal 0.70668 -0.0347272 -0.70668
    outer loop
      vertex 19.2211 -15.5881 -0.5
      vertex 18.5 -15 -1.25
      vertex 19.25 -15 -0.5
    endloop
  endfacet
  facet normal 0.70668 0.0347272 0.70668
    outer loop
      vertex 19.2211 15.5881 0.5
      vertex 18.5 15 1.25
      vertex 19.25 15 0.5
    endloop
  endfacet
  facet normal 0.707107 0 0.707107
    outer loop
      vertex 18.5 15 1.25
      vertex 19.25 7.77679 0.5
      vertex 19.25 15 0.5
    endloop
  endfacet
  facet normal 0.707265 3.27728e-05 0.706949
    outer loop
      vertex 18.5 15 1.25
      vertex 19.1582 7.73335 0.591843
      vertex 19.25 7.77679 0.5
    endloop
  endfacet
  facet normal 0.706643 -7.9713e-05 0.70757
    outer loop
      vertex 18.5 15 1.25
      vertex 19.0932 7.69865 0.656754
      vertex 19.1582 7.73335 0.591843
    endloop
  endfacet
  facet normal 0.707134 0 0.707079
    outer loop
      vertex 19.0932 7.69865 0.656754
      vertex 18.5 15 1.25
      vertex 18.5 7.34308 1.25
    endloop
  endfacet
  facet normal 0.707134 -0 0.707079
    outer loop
      vertex 18.5 -15 1.25
      vertex 19.0932 -7.69865 0.656754
      vertex 18.5 -7.34308 1.25
    endloop
  endfacet
  facet normal 0.706643 7.9713e-05 0.70757
    outer loop
      vertex 18.5 -15 1.25
      vertex 19.1582 -7.73335 0.591843
      vertex 19.0932 -7.69865 0.656754
    endloop
  endfacet
  facet normal 0.707265 -3.27728e-05 0.706949
    outer loop
      vertex 18.5 -15 1.25
      vertex 19.25 -7.77679 0.5
      vertex 19.1582 -7.73335 0.591843
    endloop
  endfacet
  facet normal 0.707107 0 0.707107
    outer loop
      vertex 19.25 -7.77679 0.5
      vertex 18.5 -15 1.25
      vertex 19.25 -15 0.5
    endloop
  endfacet
  facet normal 0.666201 -0.23829 0.706678
    outer loop
      vertex 18.9916 -16.7417 0.5
      vertex 18.2739 -16.524 1.25
      vertex 18.7933 -17.2961 0.5
    endloop
  endfacet
  facet normal 0.666213 -0.238276 0.706672
    outer loop
      vertex 18.2739 -16.524 1.25
      vertex 18.1004 -17.0091 1.25
      vertex 18.7933 -17.2961 0.5
    endloop
  endfacet
  facet normal 0.524147 0.475241 0.706694
    outer loop
      vertex 17.4926 19.2426 0.5
      vertex 17.3083 18.3306 1.25
      vertex 17.8881 18.8064 0.5
    endloop
  endfacet
  facet normal 0.68633 0.171926 0.706677
    outer loop
      vertex 18.9916 16.7417 0.5
      vertex 18.2739 16.524 1.25
      vertex 18.3991 16.0242 1.25
    endloop
  endfacet
  facet normal 0.70668 0.0347272 -0.70668
    outer loop
      vertex 19.25 15 -0.5
      vertex 18.5 15 -1.25
      vertex 19.2211 15.5881 -0.5
    endloop
  endfacet
  facet normal 0.706673 0.0347432 -0.706686
    outer loop
      vertex 18.5 15 -1.25
      vertex 18.4747 15.5146 -1.25
      vertex 19.2211 15.5881 -0.5
    endloop
  endfacet
  facet normal 0.68633 0.171926 -0.706677
    outer loop
      vertex 18.3991 16.0242 -1.25
      vertex 18.2739 16.524 -1.25
      vertex 18.9916 16.7417 -0.5
    endloop
  endfacet
  facet normal 0.666201 0.23829 -0.706678
    outer loop
      vertex 18.9916 16.7417 -0.5
      vertex 18.2739 16.524 -1.25
      vertex 18.7933 17.2961 -0.5
    endloop
  endfacet
  facet normal 0.568347 0.421394 0.706688
    outer loop
      vertex 17.8881 18.8064 0.5
      vertex 17.6152 17.9167 1.25
      vertex 18.2388 18.3334 0.5
    endloop
  endfacet
  facet normal 0.568329 0.421406 0.706696
    outer loop
      vertex 17.8881 18.8064 0.5
      vertex 17.3083 18.3306 1.25
      vertex 17.6152 17.9167 1.25
    endloop
  endfacet
  facet normal 0.706673 -0.0347432 -0.706686
    outer loop
      vertex 19.2211 -15.5881 -0.5
      vertex 18.4747 -15.5146 -1.25
      vertex 18.5 -15 -1.25
    endloop
  endfacet
  facet normal 0.6717 -0.740823 0
    outer loop
      vertex 17.0564 -19.6381 -0.5
      vertex 17.4926 -19.2426 0.5
      vertex 17.0564 -19.6381 0.5
    endloop
  endfacet
  facet normal 0.6717 -0.740823 0
    outer loop
      vertex 17.4926 -19.2426 0.5
      vertex 17.0564 -19.6381 -0.5
      vertex 17.4926 -19.2426 -0.5
    endloop
  endfacet
  facet normal 0.475198 -0.524229 0.706662
    outer loop
      vertex 16.9623 -18.7123 1.25
      vertex 16.5806 -19.0583 1.25
      vertex 17.4926 -19.2426 0.5
    endloop
  endfacet
  facet normal 0.568347 -0.421394 0.706688
    outer loop
      vertex 18.2388 -18.3334 0.5
      vertex 17.6152 -17.9167 1.25
      vertex 17.8881 -18.8064 0.5
    endloop
  endfacet
  facet normal 0.475241 -0.524147 -0.706694
    outer loop
      vertex 17.0564 -19.6381 -0.5
      vertex 16.5806 -19.0583 -1.25
      vertex 17.4926 -19.2426 -0.5
    endloop
  endfacet
  facet normal 0.363803 -0.606857 -0.706662
    outer loop
      vertex 16.0784 -20.2915 -0.5
      vertex 15.8378 -19.8415 -1.01031
      vertex 16.164 -19.3944 -1.22633
    endloop
  endfacet
  facet normal 0.427612 0.903962 -0
    outer loop
      vertex 16.0784 20.2915 -0.5
      vertex 15.5461 20.5433 0.5
      vertex 16.0784 20.2915 0.5
    endloop
  endfacet
  facet normal 0.427612 0.903962 0
    outer loop
      vertex 15.5461 20.5433 0.5
      vertex 16.0784 20.2915 -0.5
      vertex 15.5461 20.5433 -0.5
    endloop
  endfacet
  facet normal 0.514121 0.857718 -0
    outer loop
      vertex 16.5834 19.9888 -0.5
      vertex 16.0784 20.2915 0.5
      vertex 16.5834 19.9888 0.5
    endloop
  endfacet
  facet normal 0.514121 0.857718 0
    outer loop
      vertex 16.0784 20.2915 0.5
      vertex 16.5834 19.9888 -0.5
      vertex 16.0784 20.2915 -0.5
    endloop
  endfacet
  facet normal 0.363803 0.606857 -0.706662
    outer loop
      vertex 16.164 19.3944 -1.22633
      vertex 15.8378 19.8415 -1.01031
      vertex 16.0784 20.2915 -0.5
    endloop
  endfacet
  facet normal 0.238236 0.666212 0.706686
    outer loop
      vertex 15.5461 20.5433 0.5
      vertex 15.248 20.6499 0.5
      vertex 15.3983 20.4439 0.643533
    endloop
  endfacet
  facet normal 0.238301 0.666157 0.706715
    outer loop
      vertex 15.5461 20.5433 0.5
      vertex 15.3983 20.4439 0.643533
      vertex 15.4663 20.3507 0.708455
    endloop
  endfacet
  facet normal 0.42146 0.568287 0.706698
    outer loop
      vertex 17.0564 19.6381 0.5
      vertex 16.2071 19.3353 1.25
      vertex 16.5806 19.0583 1.25
    endloop
  endfacet
  facet normal 0.421673 0.567982 0.706816
    outer loop
      vertex 16.2071 19.3353 1.25
      vertex 17.0564 19.6381 0.5
      vertex 16.1819 19.3699 1.23723
    endloop
  endfacet
  facet normal 0.595589 0.803289 -0
    outer loop
      vertex 17.0564 19.6381 -0.5
      vertex 16.5834 19.9888 0.5
      vertex 17.0564 19.6381 0.5
    endloop
  endfacet
  facet normal 0.595589 0.803289 0
    outer loop
      vertex 16.5834 19.9888 0.5
      vertex 17.0564 19.6381 -0.5
      vertex 16.5834 19.9888 -0.5
    endloop
  endfacet
  facet normal 0.699869 -0.103827 -0.706685
    outer loop
      vertex 19.1347 -16.1705 -0.5
      vertex 18.3991 -16.0242 -1.25
      vertex 18.4747 -15.5146 -1.25
    endloop
  endfacet
  facet normal 0.666201 -0.23829 -0.706678
    outer loop
      vertex 18.7933 -17.2961 -0.5
      vertex 18.2739 -16.524 -1.25
      vertex 18.9916 -16.7417 -0.5
    endloop
  endfacet
  facet normal 0.706673 -0.0347432 0.706686
    outer loop
      vertex 18.5 -15 1.25
      vertex 18.4747 -15.5146 1.25
      vertex 19.2211 -15.5881 0.5
    endloop
  endfacet
  facet normal 0.970023 -0.243015 0
    outer loop
      vertex 18.9916 -16.7417 0.5
      vertex 19.1347 -16.1705 -0.5
      vertex 19.1347 -16.1705 0.5
    endloop
  endfacet
  facet normal 0.970023 -0.243015 0
    outer loop
      vertex 19.1347 -16.1705 -0.5
      vertex 18.9916 -16.7417 0.5
      vertex 18.9916 -16.7417 -0.5
    endloop
  endfacet
  facet normal 0.639588 -0.302552 -0.706675
    outer loop
      vertex 18.5415 -17.8284 -0.5
      vertex 17.8801 -17.4748 -1.25
      vertex 18.7933 -17.2961 -0.5
    endloop
  endfacet
  facet normal 0.94158 -0.336788 0
    outer loop
      vertex 18.7933 -17.2961 0.5
      vertex 18.9916 -16.7417 -0.5
      vertex 18.9916 -16.7417 0.5
    endloop
  endfacet
  facet normal 0.94158 -0.336788 0
    outer loop
      vertex 18.9916 -16.7417 -0.5
      vertex 18.7933 -17.2961 0.5
      vertex 18.7933 -17.2961 -0.5
    endloop
  endfacet
  facet normal 0.970023 0.243015 0
    outer loop
      vertex 19.1347 16.1705 0.5
      vertex 18.9916 16.7417 -0.5
      vertex 18.9916 16.7417 0.5
    endloop
  endfacet
  facet normal 0.970023 0.243015 0
    outer loop
      vertex 18.9916 16.7417 -0.5
      vertex 19.1347 16.1705 0.5
      vertex 19.1347 16.1705 -0.5
    endloop
  endfacet
  facet normal 0.666213 0.238276 0.706672
    outer loop
      vertex 18.7933 17.2961 0.5
      vertex 18.1004 17.0091 1.25
      vertex 18.2739 16.524 1.25
    endloop
  endfacet
  facet normal 0.639588 0.302558 0.706673
    outer loop
      vertex 18.7933 17.2961 0.5
      vertex 17.8801 17.4748 1.25
      vertex 18.1004 17.0091 1.25
    endloop
  endfacet
  facet normal 0.606854 0.363783 -0.706676
    outer loop
      vertex 17.8801 17.4748 -1.25
      vertex 17.6152 17.9167 -1.25
      vertex 18.5415 17.8284 -0.5
    endloop
  endfacet
  facet normal 0.475198 0.524229 -0.706662
    outer loop
      vertex 16.9623 18.7123 -1.25
      vertex 16.5806 19.0583 -1.25
      vertex 17.4926 19.2426 -0.5
    endloop
  endfacet
  facet normal 0.524229 0.475198 -0.706662
    outer loop
      vertex 17.3083 18.3306 -1.25
      vertex 16.9623 18.7123 -1.25
      vertex 17.4926 19.2426 -0.5
    endloop
  endfacet
  facet normal 0.803289 0.595589 0
    outer loop
      vertex 18.2388 18.3334 0.5
      vertex 17.8881 18.8064 -0.5
      vertex 17.8881 18.8064 0.5
    endloop
  endfacet
  facet normal 0.803289 0.595589 0
    outer loop
      vertex 17.8881 18.8064 -0.5
      vertex 18.2388 18.3334 0.5
      vertex 18.2388 18.3334 -0.5
    endloop
  endfacet
  facet normal 0.568329 0.421406 -0.706696
    outer loop
      vertex 17.6152 17.9167 -1.25
      vertex 17.3083 18.3306 -1.25
      vertex 17.8881 18.8064 -0.5
    endloop
  endfacet
  facet normal 0.606859 0.363755 0.706685
    outer loop
      vertex 18.2388 18.3334 0.5
      vertex 17.6152 17.9167 1.25
      vertex 18.5415 17.8284 0.5
    endloop
  endfacet
  facet normal 0.606854 0.363783 0.706676
    outer loop
      vertex 18.5415 17.8284 0.5
      vertex 17.6152 17.9167 1.25
      vertex 17.8801 17.4748 1.25
    endloop
  endfacet
  facet normal 0.238301 -0.666157 0.706715
    outer loop
      vertex 15.4663 -20.3507 0.708455
      vertex 15.3983 -20.4439 0.643533
      vertex 15.5461 -20.5433 0.5
    endloop
  endfacet
  facet normal 0.302512 -0.639557 0.70672
    outer loop
      vertex 15.6269 -20.1306 0.838893
      vertex 15.4663 -20.3507 0.708455
      vertex 15.5461 -20.5433 0.5
    endloop
  endfacet
  facet normal 0.427612 -0.903962 0
    outer loop
      vertex 15.5461 -20.5433 -0.5
      vertex 16.0784 -20.2915 0.5
      vertex 15.5461 -20.5433 0.5
    endloop
  endfacet
  facet normal 0.427612 -0.903962 0
    outer loop
      vertex 16.0784 -20.2915 0.5
      vertex 15.5461 -20.5433 -0.5
      vertex 16.0784 -20.2915 -0.5
    endloop
  endfacet
  facet normal 0.336717 -0.941606 0
    outer loop
      vertex 15.248 -20.6499 -0.5
      vertex 15.5461 -20.5433 0.5
      vertex 15.248 -20.6499 0.5
    endloop
  endfacet
  facet normal 0.336717 -0.941606 0
    outer loop
      vertex 15.5461 -20.5433 0.5
      vertex 15.248 -20.6499 -0.5
      vertex 15.5461 -20.5433 -0.5
    endloop
  endfacet
  facet normal 0.42146 -0.568287 0.706698
    outer loop
      vertex 16.2071 -19.3353 1.25
      vertex 17.0564 -19.6381 0.5
      vertex 16.5806 -19.0583 1.25
    endloop
  endfacet
  facet normal 0.421673 -0.567982 0.706816
    outer loop
      vertex 17.0564 -19.6381 0.5
      vertex 16.2071 -19.3353 1.25
      vertex 16.1819 -19.3699 1.23723
    endloop
  endfacet
  facet normal 0.421415 -0.568376 0.706653
    outer loop
      vertex 16.1819 -19.3699 1.23723
      vertex 16.5834 -19.9888 0.5
      vertex 17.0564 -19.6381 0.5
    endloop
  endfacet
  facet normal 0.420259 -0.569177 0.706696
    outer loop
      vertex 16.5834 -19.9888 0.5
      vertex 16.1819 -19.3699 1.23723
      vertex 16.1756 -19.3785 1.23405
    endloop
  endfacet
  facet normal 0.514121 -0.857718 0
    outer loop
      vertex 16.0784 -20.2915 -0.5
      vertex 16.5834 -19.9888 0.5
      vertex 16.0784 -20.2915 0.5
    endloop
  endfacet
  facet normal 0.514121 -0.857718 0
    outer loop
      vertex 16.5834 -19.9888 0.5
      vertex 16.0784 -20.2915 -0.5
      vertex 16.5834 -19.9888 -0.5
    endloop
  endfacet
  facet normal 0.524229 -0.475198 0.706662
    outer loop
      vertex 17.3083 -18.3306 1.25
      vertex 16.9623 -18.7123 1.25
      vertex 17.4926 -19.2426 0.5
    endloop
  endfacet
  facet normal 0.524147 -0.475241 0.706694
    outer loop
      vertex 17.8881 -18.8064 0.5
      vertex 17.3083 -18.3306 1.25
      vertex 17.4926 -19.2426 0.5
    endloop
  endfacet
  facet normal 0.524229 -0.475198 -0.706662
    outer loop
      vertex 17.4926 -19.2426 -0.5
      vertex 16.9623 -18.7123 -1.25
      vertex 17.3083 -18.3306 -1.25
    endloop
  endfacet
  facet normal 0.302512 0.639557 -0.70672
    outer loop
      vertex 15.6269 20.1306 -0.838893
      vertex 15.4663 20.3507 -0.708455
      vertex 15.5461 20.5433 -0.5
    endloop
  endfacet
  facet normal 0.475241 0.524147 0.706694
    outer loop
      vertex 17.0564 19.6381 0.5
      vertex 16.5806 19.0583 1.25
      vertex 17.4926 19.2426 0.5
    endloop
  endfacet
  facet normal 0.606859 -0.363755 0.706685
    outer loop
      vertex 18.5415 -17.8284 0.5
      vertex 17.6152 -17.9167 1.25
      vertex 18.2388 -18.3334 0.5
    endloop
  endfacet
  facet normal 0.68632 -0.171941 -0.706683
    outer loop
      vertex 18.9916 -16.7417 -0.5
      vertex 18.3991 -16.0242 -1.25
      vertex 19.1347 -16.1705 -0.5
    endloop
  endfacet
  facet normal 0.70668 -0.0347272 0.70668
    outer loop
      vertex 19.25 -15 0.5
      vertex 18.5 -15 1.25
      vertex 19.2211 -15.5881 0.5
    endloop
  endfacet
  facet normal 0.68633 -0.171926 0.706677
    outer loop
      vertex 18.3991 -16.0242 1.25
      vertex 18.2739 -16.524 1.25
      vertex 18.9916 -16.7417 0.5
    endloop
  endfacet
  facet normal 0.68632 -0.171941 0.706683
    outer loop
      vertex 19.1347 -16.1705 0.5
      vertex 18.3991 -16.0242 1.25
      vertex 18.9916 -16.7417 0.5
    endloop
  endfacet
  facet normal 0.639588 -0.302552 0.706675
    outer loop
      vertex 18.7933 -17.2961 0.5
      vertex 17.8801 -17.4748 1.25
      vertex 18.5415 -17.8284 0.5
    endloop
  endfacet
  facet normal 0.606854 -0.363783 0.706676
    outer loop
      vertex 17.8801 -17.4748 1.25
      vertex 17.6152 -17.9167 1.25
      vertex 18.5415 -17.8284 0.5
    endloop
  endfacet
  facet normal 0.606859 -0.363755 -0.706685
    outer loop
      vertex 18.2388 -18.3334 -0.5
      vertex 17.6152 -17.9167 -1.25
      vertex 18.5415 -17.8284 -0.5
    endloop
  endfacet
  facet normal 0.606854 -0.363783 -0.706676
    outer loop
      vertex 18.5415 -17.8284 -0.5
      vertex 17.6152 -17.9167 -1.25
      vertex 17.8801 -17.4748 -1.25
    endloop
  endfacet
  facet normal 0.568347 0.421394 -0.706688
    outer loop
      vertex 18.2388 18.3334 -0.5
      vertex 17.6152 17.9167 -1.25
      vertex 17.8881 18.8064 -0.5
    endloop
  endfacet
  facet normal 0.606859 0.363755 -0.706685
    outer loop
      vertex 18.5415 17.8284 -0.5
      vertex 17.6152 17.9167 -1.25
      vertex 18.2388 18.3334 -0.5
    endloop
  endfacet
  facet normal 0.639588 0.302552 0.706675
    outer loop
      vertex 18.5415 17.8284 0.5
      vertex 17.8801 17.4748 1.25
      vertex 18.7933 17.2961 0.5
    endloop
  endfacet
  facet normal 0.903962 0.427612 0
    outer loop
      vertex 18.7933 17.2961 0.5
      vertex 18.5415 17.8284 -0.5
      vertex 18.5415 17.8284 0.5
    endloop
  endfacet
  facet normal 0.903962 0.427612 0
    outer loop
      vertex 18.5415 17.8284 -0.5
      vertex 18.7933 17.2961 0.5
      vertex 18.7933 17.2961 -0.5
    endloop
  endfacet
  facet normal 0.302512 -0.639557 -0.70672
    outer loop
      vertex 15.5461 -20.5433 -0.5
      vertex 15.4663 -20.3507 -0.708455
      vertex 15.6269 -20.1306 -0.838893
    endloop
  endfacet
  facet normal 0.362593 -0.607624 0.706625
    outer loop
      vertex 16.164 -19.3944 1.22633
      vertex 16.5834 -19.9888 0.5
      vertex 16.1756 -19.3785 1.23405
    endloop
  endfacet
  facet normal 0.363759 -0.606866 0.706678
    outer loop
      vertex 16.5834 -19.9888 0.5
      vertex 16.164 -19.3944 1.22633
      vertex 16.0784 -20.2915 0.5
    endloop
  endfacet
  facet normal 0.363803 -0.606857 0.706662
    outer loop
      vertex 16.164 -19.3944 1.22633
      vertex 15.8378 -19.8415 1.01031
      vertex 16.0784 -20.2915 0.5
    endloop
  endfacet
  facet normal 0.362593 -0.607624 -0.706625
    outer loop
      vertex 16.5834 -19.9888 -0.5
      vertex 16.164 -19.3944 -1.22633
      vertex 16.1756 -19.3785 -1.23405
    endloop
  endfacet
  facet normal 0.363759 -0.606866 -0.706678
    outer loop
      vertex 16.164 -19.3944 -1.22633
      vertex 16.5834 -19.9888 -0.5
      vertex 16.0784 -20.2915 -0.5
    endloop
  endfacet
  facet normal 0.666213 -0.238276 -0.706672
    outer loop
      vertex 18.7933 -17.2961 -0.5
      vertex 18.1004 -17.0091 -1.25
      vertex 18.2739 -16.524 -1.25
    endloop
  endfacet
  facet normal 0.639588 -0.302558 -0.706673
    outer loop
      vertex 18.7933 -17.2961 -0.5
      vertex 17.8801 -17.4748 -1.25
      vertex 18.1004 -17.0091 -1.25
    endloop
  endfacet
  facet normal 0.998795 -0.0490821 0
    outer loop
      vertex 19.2211 -15.5881 0.5
      vertex 19.25 -15 -0.5
      vertex 19.25 -15 0.5
    endloop
  endfacet
  facet normal 0.998795 -0.0490821 0
    outer loop
      vertex 19.25 -15 -0.5
      vertex 19.2211 -15.5881 0.5
      vertex 19.2211 -15.5881 -0.5
    endloop
  endfacet
  facet normal 0.989174 -0.146746 0
    outer loop
      vertex 19.1347 -16.1705 0.5
      vertex 19.2211 -15.5881 -0.5
      vertex 19.2211 -15.5881 0.5
    endloop
  endfacet
  facet normal 0.989174 -0.146746 0
    outer loop
      vertex 19.2211 -15.5881 -0.5
      vertex 19.1347 -16.1705 0.5
      vertex 19.1347 -16.1705 -0.5
    endloop
  endfacet
  facet normal 0.699869 -0.103827 0.706685
    outer loop
      vertex 18.4747 -15.5146 1.25
      vertex 18.3991 -16.0242 1.25
      vertex 19.1347 -16.1705 0.5
    endloop
  endfacet
  facet normal 0.639588 -0.302558 0.706673
    outer loop
      vertex 18.1004 -17.0091 1.25
      vertex 17.8801 -17.4748 1.25
      vertex 18.7933 -17.2961 0.5
    endloop
  endfacet
  facet normal 0.903962 -0.427612 0
    outer loop
      vertex 18.5415 -17.8284 0.5
      vertex 18.7933 -17.2961 -0.5
      vertex 18.7933 -17.2961 0.5
    endloop
  endfacet
  facet normal 0.903962 -0.427612 0
    outer loop
      vertex 18.7933 -17.2961 -0.5
      vertex 18.5415 -17.8284 0.5
      vertex 18.5415 -17.8284 -0.5
    endloop
  endfacet
  facet normal 0 1 -0
    outer loop
      vertex 14.7868 13.6509 -1.25
      vertex 14.7132 13.6509 1.25
      vertex 14.7868 13.6509 1.25
    endloop
  endfacet
  facet normal 0 1 0
    outer loop
      vertex 14.7132 13.6509 1.25
      vertex 14.7868 13.6509 -1.25
      vertex 14.7132 13.6509 -1.25
    endloop
  endfacet
  facet normal 0.427502 0.904014 -0
    outer loop
      vertex 13.6257 13.8819 -1.25
      vertex 13.4394 13.97 1.25
      vertex 13.6257 13.8819 1.25
    endloop
  endfacet
  facet normal 0.427502 0.904014 0
    outer loop
      vertex 13.4394 13.97 1.25
      vertex 13.6257 13.8819 -1.25
      vertex 13.4394 13.97 -1.25
    endloop
  endfacet
  facet normal -0.941566 -0.336828 0
    outer loop
      vertex 17.4657 17.3623 -1.25
      vertex 17.3963 17.5563 1.25
      vertex 17.3963 17.5563 -1.25
    endloop
  endfacet
  facet normal -0.941566 -0.336828 0
    outer loop
      vertex 17.3963 17.5563 1.25
      vertex 17.4657 17.3623 -1.25
      vertex 17.4657 17.3623 1.25
    endloop
  endfacet
  facet normal -0.772988 0.634421 0
    outer loop
      vertex 16.929 14.6641 -1.25
      vertex 16.9757 14.721 1.25
      vertex 16.9757 14.721 -1.25
    endloop
  endfacet
  facet normal -0.772988 0.634421 0
    outer loop
      vertex 16.9757 14.721 1.25
      vertex 16.929 14.6641 -1.25
      vertex 16.929 14.6641 1.25
    endloop
  endfacet
  facet normal 0.740977 0.67153 0
    outer loop
      vertex 10.5629 15.865 1.25
      vertex 10.4575 15.9813 -1.25
      vertex 10.4575 15.9813 1.25
    endloop
  endfacet
  facet normal 0.740977 0.67153 0
    outer loop
      vertex 10.4575 15.9813 -1.25
      vertex 10.5629 15.865 1.25
      vertex 10.5629 15.865 -1.25
    endloop
  endfacet
  facet normal -0.471505 0.881863 0
    outer loop
      vertex 16.1255 14.0047 -1.25
      vertex 16.0606 13.97 1.25
      vertex 16.1255 14.0047 1.25
    endloop
  endfacet
  facet normal -0.471505 0.881863 0
    outer loop
      vertex 16.0606 13.97 1.25
      vertex 16.1255 14.0047 -1.25
      vertex 16.0606 13.97 -1.25
    endloop
  endfacet
  facet normal 0.904139 0.427238 0
    outer loop
      vertex 10.1609 16.4251 1.25
      vertex 10.0938 16.5671 -1.25
      vertex 10.0938 16.5671 1.25
    endloop
  endfacet
  facet normal 0.904139 0.427238 0
    outer loop
      vertex 10.0938 16.5671 -1.25
      vertex 10.1609 16.4251 1.25
      vertex 10.1609 16.4251 -1.25
    endloop
  endfacet
  facet normal 0.537327 0.843374 -0
    outer loop
      vertex 13.1977 14.1106 -1.25
      vertex 10.9755 15.5264 1.25
      vertex 13.1977 14.1106 1.25
    endloop
  endfacet
  facet normal 0.537327 0.843374 0
    outer loop
      vertex 10.9755 15.5264 1.25
      vertex 13.1977 14.1106 -1.25
      vertex 10.9755 15.5264 -1.25
    endloop
  endfacet
  facet normal 0.383072 0.923719 -0
    outer loop
      vertex 13.6937 13.8537 -1.25
      vertex 13.6257 13.8819 1.25
      vertex 13.6937 13.8537 1.25
    endloop
  endfacet
  facet normal 0.383072 0.923719 0
    outer loop
      vertex 13.6257 13.8819 1.25
      vertex 13.6937 13.8537 -1.25
      vertex 13.6257 13.8819 -1.25
    endloop
  endfacet
  facet normal -0.831423 -0.55564 0
    outer loop
      vertex 17.1394 18.0523 -1.25
      vertex 17.0985 18.1135 1.25
      vertex 17.0985 18.1135 -1.25
    endloop
  endfacet
  facet normal -0.831423 -0.55564 0
    outer loop
      vertex 17.0985 18.1135 1.25
      vertex 17.1394 18.0523 -1.25
      vertex 17.1394 18.0523 1.25
    endloop
  endfacet
  facet normal 0.969223 0.246183 0
    outer loop
      vertex 9.12866 20.25 1.25
      vertex 8.93816 21 -0.5
      vertex 8.93816 21 0.5
    endloop
  endfacet
  facet normal 0.969223 0.246183 0
    outer loop
      vertex 9.12866 20.25 1.25
      vertex 9.12866 20.25 -1.25
      vertex 8.93816 21 -0.5
    endloop
  endfacet
  facet normal 0.969226 0.246172 0
    outer loop
      vertex 9.99199 16.8509 1.25
      vertex 9.12866 20.25 -1.25
      vertex 9.12866 20.25 1.25
    endloop
  endfacet
  facet normal 0.969226 0.246172 0
    outer loop
      vertex 9.12866 20.25 -1.25
      vertex 9.99199 16.8509 1.25
      vertex 9.99199 16.8509 -1.25
    endloop
  endfacet
  facet normal 0.881298 0.472561 0
    outer loop
      vertex 10.1957 16.3602 1.25
      vertex 10.1609 16.4251 -1.25
      vertex 10.1609 16.4251 1.25
    endloop
  endfacet
  facet normal 0.881298 0.472561 0
    outer loop
      vertex 10.1609 16.4251 -1.25
      vertex 10.1957 16.3602 1.25
      vertex 10.1957 16.3602 -1.25
    endloop
  endfacet
  facet normal 0.595715 0.803196 -0
    outer loop
      vertex 10.9144 15.5672 -1.25
      vertex 10.7882 15.6608 1.25
      vertex 10.9144 15.5672 1.25
    endloop
  endfacet
  facet normal 0.595715 0.803196 0
    outer loop
      vertex 10.7882 15.6608 1.25
      vertex 10.9144 15.5672 -1.25
      vertex 10.7882 15.6608 -1.25
    endloop
  endfacet
  facet normal 0.555328 0.831631 -0
    outer loop
      vertex 10.9755 15.5264 -1.25
      vertex 10.9144 15.5672 1.25
      vertex 10.9755 15.5264 1.25
    endloop
  endfacet
  facet normal 0.555328 0.831631 0
    outer loop
      vertex 10.9144 15.5672 1.25
      vertex 10.9755 15.5264 -1.25
      vertex 10.9144 15.5672 -1.25
    endloop
  endfacet
  facet normal 0.471505 0.881863 -0
    outer loop
      vertex 13.4394 13.97 -1.25
      vertex 13.3745 14.0047 1.25
      vertex 13.4394 13.97 1.25
    endloop
  endfacet
  facet normal 0.471505 0.881863 0
    outer loop
      vertex 13.3745 14.0047 1.25
      vertex 13.4394 13.97 -1.25
      vertex 13.3745 14.0047 -1.25
    endloop
  endfacet
  facet normal 0.513853 0.857878 -0
    outer loop
      vertex 13.3745 14.0047 -1.25
      vertex 13.1977 14.1106 1.25
      vertex 13.3745 14.0047 1.25
    endloop
  endfacet
  facet normal 0.513853 0.857878 0
    outer loop
      vertex 13.1977 14.1106 1.25
      vertex 13.3745 14.0047 -1.25
      vertex 13.1977 14.1106 -1.25
    endloop
  endfacet
  facet normal -0.0978883 0.995197 0
    outer loop
      vertex 15.0658 13.6682 -1.25
      vertex 14.9926 13.661 1.25
      vertex 15.0658 13.6682 1.25
    endloop
  endfacet
  facet normal -0.0978883 0.995197 0
    outer loop
      vertex 14.9926 13.661 1.25
      vertex 15.0658 13.6682 -1.25
      vertex 14.9926 13.661 -1.25
    endloop
  endfacet
  facet normal -0.881863 -0.471505 0
    outer loop
      vertex 17.28 17.8106 -1.25
      vertex 17.2453 17.8755 1.25
      vertex 17.2453 17.8755 -1.25
    endloop
  endfacet
  facet normal -0.881863 -0.471505 0
    outer loop
      vertex 17.2453 17.8755 1.25
      vertex 17.28 17.8106 -1.25
      vertex 17.28 17.8106 1.25
    endloop
  endfacet
  facet normal -0.995197 0.0978883 0
    outer loop
      vertex 17.5818 16.1842 -1.25
      vertex 17.589 16.2574 1.25
      vertex 17.589 16.2574 -1.25
    endloop
  endfacet
  facet normal -0.995197 0.0978883 0
    outer loop
      vertex 17.589 16.2574 1.25
      vertex 17.5818 16.1842 -1.25
      vertex 17.5818 16.1842 1.25
    endloop
  endfacet
  facet normal -0.807836 -0.589407 0
    outer loop
      vertex 15.3983 20.4439 -0.643533
      vertex 15.248 20.6499 0.5
      vertex 15.248 20.6499 -0.5
    endloop
  endfacet
  facet normal -0.807836 -0.589407 0
    outer loop
      vertex 15.3983 20.4439 -0.643533
      vertex 15.3983 20.4439 0.643533
      vertex 15.248 20.6499 0.5
    endloop
  endfacet
  facet normal -0.807836 -0.589408 0
    outer loop
      vertex 15.4663 20.3507 -0.708455
      vertex 15.3983 20.4439 0.643533
      vertex 15.3983 20.4439 -0.643533
    endloop
  endfacet
  facet normal -0.807836 -0.589408 0
    outer loop
      vertex 15.4663 20.3507 -0.708455
      vertex 15.4663 20.3507 0.708455
      vertex 15.3983 20.4439 0.643533
    endloop
  endfacet
  facet normal -0.807815 -0.589437 0
    outer loop
      vertex 15.6269 20.1306 -0.838893
      vertex 15.4663 20.3507 0.708455
      vertex 15.4663 20.3507 -0.708455
    endloop
  endfacet
  facet normal -0.807815 -0.589437 0
    outer loop
      vertex 15.6269 20.1306 -0.838893
      vertex 15.6269 20.1306 0.838893
      vertex 15.4663 20.3507 0.708455
    endloop
  endfacet
  facet normal -0.807877 -0.589351 0
    outer loop
      vertex 15.8378 19.8415 -1.01031
      vertex 15.6269 20.1306 0.838893
      vertex 15.6269 20.1306 -0.838893
    endloop
  endfacet
  facet normal -0.807877 -0.589351 0
    outer loop
      vertex 15.8378 19.8415 -1.01031
      vertex 15.8378 19.8415 1.01031
      vertex 15.6269 20.1306 0.838893
    endloop
  endfacet
  facet normal -0.807844 -0.589396 0
    outer loop
      vertex 16.164 19.3944 -1.22633
      vertex 15.8378 19.8415 1.01031
      vertex 15.8378 19.8415 -1.01031
    endloop
  endfacet
  facet normal -0.807844 -0.589396 0
    outer loop
      vertex 16.164 19.3944 -1.22633
      vertex 16.164 19.3944 1.22633
      vertex 15.8378 19.8415 1.01031
    endloop
  endfacet
  facet normal -0.802848 -0.595821 0.0207939
    outer loop
      vertex 16.1819 19.3699 -1.23723
      vertex 16.164 19.3944 -1.22633
      vertex 16.1756 19.3785 -1.23405
    endloop
  endfacet
  facet normal -0.812374 -0.582621 -0.0245197
    outer loop
      vertex 16.2071 19.3353 -1.25
      vertex 16.164 19.3944 -1.22633
      vertex 16.1819 19.3699 -1.23723
    endloop
  endfacet
  facet normal -0.807967 -0.589228 0
    outer loop
      vertex 16.164 19.3944 -1.22633
      vertex 16.2071 19.3353 -1.25
      vertex 16.164 19.3944 1.22633
    endloop
  endfacet
  facet normal -0.802848 -0.595821 -0.0207939
    outer loop
      vertex 16.164 19.3944 1.22633
      vertex 16.1819 19.3699 1.23723
      vertex 16.1756 19.3785 1.23405
    endloop
  endfacet
  facet normal -0.807967 -0.589228 -0
    outer loop
      vertex 16.2071 19.3353 1.25
      vertex 16.164 19.3944 1.22633
      vertex 16.2071 19.3353 -1.25
    endloop
  endfacet
  facet normal -0.812374 -0.582621 0.0245197
    outer loop
      vertex 16.164 19.3944 1.22633
      vertex 16.2071 19.3353 1.25
      vertex 16.1819 19.3699 1.23723
    endloop
  endfacet
  facet normal -0.807849 -0.58939 0
    outer loop
      vertex 17.0985 18.1135 -1.25
      vertex 16.2071 19.3353 1.25
      vertex 16.2071 19.3353 -1.25
    endloop
  endfacet
  facet normal -0.807849 -0.58939 0
    outer loop
      vertex 16.2071 19.3353 1.25
      vertex 17.0985 18.1135 -1.25
      vertex 17.0985 18.1135 1.25
    endloop
  endfacet
  facet normal 0.956225 0.292633 0
    outer loop
      vertex 10.0128 16.7829 1.25
      vertex 9.99199 16.8509 -1.25
      vertex 9.99199 16.8509 1.25
    endloop
  endfacet
  facet normal 0.956225 0.292633 0
    outer loop
      vertex 9.99199 16.8509 -1.25
      vertex 10.0128 16.7829 1.25
      vertex 10.0128 16.7829 -1.25
    endloop
  endfacet
  facet normal 0.85783 0.513934 0
    outer loop
      vertex 10.2764 16.2255 1.25
      vertex 10.1957 16.3602 -1.25
      vertex 10.1957 16.3602 1.25
    endloop
  endfacet
  facet normal 0.85783 0.513934 0
    outer loop
      vertex 10.1957 16.3602 -1.25
      vertex 10.2764 16.2255 1.25
      vertex 10.2764 16.2255 -1.25
    endloop
  endfacet
  facet normal 0.707107 0.707107 0
    outer loop
      vertex 10.615 15.8129 1.25
      vertex 10.5629 15.865 -1.25
      vertex 10.5629 15.865 1.25
    endloop
  endfacet
  facet normal 0.707107 0.707107 0
    outer loop
      vertex 10.5629 15.865 -1.25
      vertex 10.615 15.8129 1.25
      vertex 10.615 15.8129 -1.25
    endloop
  endfacet
  facet normal 0.772988 0.634421 0
    outer loop
      vertex 10.4575 15.9813 1.25
      vertex 10.4108 16.0382 -1.25
      vertex 10.4108 16.0382 1.25
    endloop
  endfacet
  facet normal 0.772988 0.634421 0
    outer loop
      vertex 10.4108 16.0382 -1.25
      vertex 10.4575 15.9813 1.25
      vertex 10.4575 15.9813 -1.25
    endloop
  endfacet
  facet normal 0.634421 0.772988 -0
    outer loop
      vertex 10.7882 15.6608 -1.25
      vertex 10.7313 15.7075 1.25
      vertex 10.7882 15.6608 1.25
    endloop
  endfacet
  facet normal 0.634421 0.772988 0
    outer loop
      vertex 10.7313 15.7075 1.25
      vertex 10.7882 15.6608 -1.25
      vertex 10.7313 15.7075 -1.25
    endloop
  endfacet
  facet normal 0.146988 0.989138 -0
    outer loop
      vertex 14.4342 13.6682 -1.25
      vertex 14.2303 13.6985 1.25
      vertex 14.4342 13.6682 1.25
    endloop
  endfacet
  facet normal 0.146988 0.989138 0
    outer loop
      vertex 14.2303 13.6985 1.25
      vertex 14.4342 13.6682 -1.25
      vertex 14.2303 13.6985 -1.25
    endloop
  endfacet
  facet normal 0.336828 0.941566 -0
    outer loop
      vertex 13.8877 13.7843 -1.25
      vertex 13.6937 13.8537 1.25
      vertex 13.8877 13.7843 1.25
    endloop
  endfacet
  facet normal 0.336828 0.941566 0
    outer loop
      vertex 13.6937 13.8537 1.25
      vertex 13.8877 13.7843 -1.25
      vertex 13.6937 13.8537 -1.25
    endloop
  endfacet
  facet normal 0.242992 0.970028 -0
    outer loop
      vertex 14.1581 13.7128 -1.25
      vertex 13.9581 13.7629 1.25
      vertex 14.1581 13.7128 1.25
    endloop
  endfacet
  facet normal 0.242992 0.970028 0
    outer loop
      vertex 13.9581 13.7629 1.25
      vertex 14.1581 13.7128 -1.25
      vertex 13.9581 13.7629 -1.25
    endloop
  endfacet
  facet normal 0.194287 0.980945 -0
    outer loop
      vertex 14.2303 13.6985 -1.25
      vertex 14.1581 13.7128 1.25
      vertex 14.2303 13.6985 1.25
    endloop
  endfacet
  facet normal 0.194287 0.980945 0
    outer loop
      vertex 14.1581 13.7128 1.25
      vertex 14.2303 13.6985 -1.25
      vertex 14.1581 13.7128 -1.25
    endloop
  endfacet
  facet normal 0.048994 0.998799 -0
    outer loop
      vertex 14.7132 13.6509 -1.25
      vertex 14.5073 13.661 1.25
      vertex 14.7132 13.6509 1.25
    endloop
  endfacet
  facet normal 0.048994 0.998799 0
    outer loop
      vertex 14.5073 13.661 1.25
      vertex 14.7132 13.6509 -1.25
      vertex 14.5073 13.661 -1.25
    endloop
  endfacet
  facet normal -0.0490178 0.998798 0
    outer loop
      vertex 14.9926 13.661 -1.25
      vertex 14.7868 13.6509 1.25
      vertex 14.9926 13.661 1.25
    endloop
  endfacet
  facet normal -0.0490178 0.998798 0
    outer loop
      vertex 14.7868 13.6509 1.25
      vertex 14.9926 13.661 -1.25
      vertex 14.7868 13.6509 -1.25
    endloop
  endfacet
  facet normal -0.243106 0.97 0
    outer loop
      vertex 15.5418 13.7629 -1.25
      vertex 15.3419 13.7128 1.25
      vertex 15.5418 13.7629 1.25
    endloop
  endfacet
  facet normal -0.243106 0.97 0
    outer loop
      vertex 15.3419 13.7128 1.25
      vertex 15.5418 13.7629 -1.25
      vertex 15.3419 13.7128 -1.25
    endloop
  endfacet
  facet normal -0.383072 0.923719 0
    outer loop
      vertex 15.8743 13.8819 -1.25
      vertex 15.8063 13.8537 1.25
      vertex 15.8743 13.8819 1.25
    endloop
  endfacet
  facet normal -0.383072 0.923719 0
    outer loop
      vertex 15.8063 13.8537 1.25
      vertex 15.8743 13.8819 -1.25
      vertex 15.8063 13.8537 -1.25
    endloop
  endfacet
  facet normal -0.595645 0.803248 0
    outer loop
      vertex 16.529 14.2743 -1.25
      vertex 16.3634 14.1515 1.25
      vertex 16.529 14.2743 1.25
    endloop
  endfacet
  facet normal -0.595645 0.803248 0
    outer loop
      vertex 16.3634 14.1515 1.25
      vertex 16.529 14.2743 -1.25
      vertex 16.3634 14.1515 -1.25
    endloop
  endfacet
  facet normal -0.904014 0.427502 0
    outer loop
      vertex 17.28 15.1894 -1.25
      vertex 17.3681 15.3757 1.25
      vertex 17.3681 15.3757 -1.25
    endloop
  endfacet
  facet normal -0.904014 0.427502 0
    outer loop
      vertex 17.3681 15.3757 1.25
      vertex 17.28 15.1894 -1.25
      vertex 17.28 15.1894 1.25
    endloop
  endfacet
  facet normal -0.956773 0.290837 0
    outer loop
      vertex 17.4657 15.6378 -1.25
      vertex 17.4871 15.7082 1.25
      vertex 17.4871 15.7082 -1.25
    endloop
  endfacet
  facet normal -0.956773 0.290837 0
    outer loop
      vertex 17.4871 15.7082 1.25
      vertex 17.4657 15.6378 -1.25
      vertex 17.4657 15.6378 1.25
    endloop
  endfacet
  facet normal -0.970028 -0.242992 0
    outer loop
      vertex 17.5372 17.0919 -1.25
      vertex 17.4871 17.2919 1.25
      vertex 17.4871 17.2919 -1.25
    endloop
  endfacet
  facet normal -0.970028 -0.242992 0
    outer loop
      vertex 17.4871 17.2919 1.25
      vertex 17.5372 17.0919 -1.25
      vertex 17.5372 17.0919 1.25
    endloop
  endfacet
  facet normal -1 0 0
    outer loop
      vertex 17.5991 16.4632 -1.25
      vertex 17.5991 16.5368 1.25
      vertex 17.5991 16.5368 -1.25
    endloop
  endfacet
  facet normal -1 -0 0
    outer loop
      vertex 17.5991 16.5368 1.25
      vertex 17.5991 16.4632 -1.25
      vertex 17.5991 16.4632 1.25
    endloop
  endfacet
  facet normal -0.998799 -0.048994 0
    outer loop
      vertex 17.5991 16.5368 -1.25
      vertex 17.589 16.7427 1.25
      vertex 17.589 16.7427 -1.25
    endloop
  endfacet
  facet normal -0.998799 -0.048994 0
    outer loop
      vertex 17.589 16.7427 1.25
      vertex 17.5991 16.5368 -1.25
      vertex 17.5991 16.5368 1.25
    endloop
  endfacet
  facet normal -0.980945 0.194287 0
    outer loop
      vertex 17.5372 15.9081 -1.25
      vertex 17.5515 15.9803 1.25
      vertex 17.5515 15.9803 -1.25
    endloop
  endfacet
  facet normal -0.980945 0.194287 0
    outer loop
      vertex 17.5515 15.9803 1.25
      vertex 17.5372 15.9081 -1.25
      vertex 17.5372 15.9081 1.25
    endloop
  endfacet
  facet normal 0.67153 0.740977 -0
    outer loop
      vertex 10.7313 15.7075 -1.25
      vertex 10.615 15.8129 1.25
      vertex 10.7313 15.7075 1.25
    endloop
  endfacet
  facet normal 0.67153 0.740977 0
    outer loop
      vertex 10.615 15.8129 1.25
      vertex 10.7313 15.7075 -1.25
      vertex 10.615 15.8129 -1.25
    endloop
  endfacet
  facet normal 0.290837 0.956773 -0
    outer loop
      vertex 13.9581 13.7629 -1.25
      vertex 13.8877 13.7843 1.25
      vertex 13.9581 13.7629 1.25
    endloop
  endfacet
  facet normal 0.290837 0.956773 0
    outer loop
      vertex 13.8877 13.7843 1.25
      vertex 13.9581 13.7629 -1.25
      vertex 13.8877 13.7843 -1.25
    endloop
  endfacet
  facet normal 0.0980209 0.995184 -0
    outer loop
      vertex 14.5073 13.661 -1.25
      vertex 14.4342 13.6682 1.25
      vertex 14.5073 13.661 1.25
    endloop
  endfacet
  facet normal 0.0980209 0.995184 0
    outer loop
      vertex 14.4342 13.6682 1.25
      vertex 14.5073 13.661 -1.25
      vertex 14.4342 13.6682 -1.25
    endloop
  endfacet
  facet normal -0.194287 0.980945 0
    outer loop
      vertex 15.3419 13.7128 -1.25
      vertex 15.2697 13.6985 1.25
      vertex 15.3419 13.7128 1.25
    endloop
  endfacet
  facet normal -0.194287 0.980945 0
    outer loop
      vertex 15.2697 13.6985 1.25
      vertex 15.3419 13.7128 -1.25
      vertex 15.2697 13.6985 -1.25
    endloop
  endfacet
  facet normal -0.146988 0.989138 0
    outer loop
      vertex 15.2697 13.6985 -1.25
      vertex 15.0658 13.6682 1.25
      vertex 15.2697 13.6985 1.25
    endloop
  endfacet
  facet normal -0.146988 0.989138 0
    outer loop
      vertex 15.0658 13.6682 1.25
      vertex 15.2697 13.6985 -1.25
      vertex 15.0658 13.6682 -1.25
    endloop
  endfacet
  facet normal -0.427502 0.904014 0
    outer loop
      vertex 16.0606 13.97 -1.25
      vertex 15.8743 13.8819 1.25
      vertex 16.0606 13.97 1.25
    endloop
  endfacet
  facet normal -0.427502 0.904014 0
    outer loop
      vertex 15.8743 13.8819 1.25
      vertex 16.0606 13.97 -1.25
      vertex 15.8743 13.8819 -1.25
    endloop
  endfacet
  facet normal -0.513853 0.857878 0
    outer loop
      vertex 16.3023 14.1106 -1.25
      vertex 16.1255 14.0047 1.25
      vertex 16.3023 14.1106 1.25
    endloop
  endfacet
  facet normal -0.513853 0.857878 0
    outer loop
      vertex 16.1255 14.0047 1.25
      vertex 16.3023 14.1106 -1.25
      vertex 16.1255 14.0047 -1.25
    endloop
  endfacet
  facet normal -0.290837 0.956773 0
    outer loop
      vertex 15.6122 13.7843 -1.25
      vertex 15.5418 13.7629 1.25
      vertex 15.6122 13.7843 1.25
    endloop
  endfacet
  facet normal -0.290837 0.956773 0
    outer loop
      vertex 15.5418 13.7629 1.25
      vertex 15.6122 13.7843 -1.25
      vertex 15.5418 13.7629 -1.25
    endloop
  endfacet
  facet normal -0.634421 0.772988 0
    outer loop
      vertex 16.5859 14.321 -1.25
      vertex 16.529 14.2743 1.25
      vertex 16.5859 14.321 1.25
    endloop
  endfacet
  facet normal -0.634421 0.772988 0
    outer loop
      vertex 16.529 14.2743 1.25
      vertex 16.5859 14.321 -1.25
      vertex 16.529 14.2743 -1.25
    endloop
  endfacet
  facet normal -0.803248 0.595645 0
    outer loop
      vertex 16.9757 14.721 -1.25
      vertex 17.0985 14.8866 1.25
      vertex 17.0985 14.8866 -1.25
    endloop
  endfacet
  facet normal -0.803248 0.595645 0
    outer loop
      vertex 17.0985 14.8866 1.25
      vertex 16.9757 14.721 -1.25
      vertex 16.9757 14.721 1.25
    endloop
  endfacet
  facet normal -0.857878 0.513853 0
    outer loop
      vertex 17.1394 14.9477 -1.25
      vertex 17.2453 15.1245 1.25
      vertex 17.2453 15.1245 -1.25
    endloop
  endfacet
  facet normal -0.857878 0.513853 0
    outer loop
      vertex 17.2453 15.1245 1.25
      vertex 17.1394 14.9477 -1.25
      vertex 17.1394 14.9477 1.25
    endloop
  endfacet
  facet normal -0.97 0.243106 0
    outer loop
      vertex 17.4871 15.7082 -1.25
      vertex 17.5372 15.9081 1.25
      vertex 17.5372 15.9081 -1.25
    endloop
  endfacet
  facet normal -0.97 0.243106 0
    outer loop
      vertex 17.5372 15.9081 1.25
      vertex 17.4871 15.7082 -1.25
      vertex 17.4871 15.7082 1.25
    endloop
  endfacet
  facet normal -0.923719 0.383072 0
    outer loop
      vertex 17.3681 15.3757 -1.25
      vertex 17.3963 15.4437 1.25
      vertex 17.3963 15.4437 -1.25
    endloop
  endfacet
  facet normal -0.923719 0.383072 0
    outer loop
      vertex 17.3963 15.4437 1.25
      vertex 17.3681 15.3757 -1.25
      vertex 17.3681 15.3757 1.25
    endloop
  endfacet
  facet normal -0.956773 -0.290837 0
    outer loop
      vertex 17.4871 17.2919 -1.25
      vertex 17.4657 17.3623 1.25
      vertex 17.4657 17.3623 -1.25
    endloop
  endfacet
  facet normal -0.956773 -0.290837 0
    outer loop
      vertex 17.4657 17.3623 1.25
      vertex 17.4871 17.2919 -1.25
      vertex 17.4871 17.2919 1.25
    endloop
  endfacet
  facet normal -0.980945 -0.194287 0
    outer loop
      vertex 17.5515 17.0197 -1.25
      vertex 17.5372 17.0919 1.25
      vertex 17.5372 17.0919 -1.25
    endloop
  endfacet
  facet normal -0.980945 -0.194287 0
    outer loop
      vertex 17.5372 17.0919 1.25
      vertex 17.5515 17.0197 -1.25
      vertex 17.5515 17.0197 1.25
    endloop
  endfacet
  facet normal -0.857878 -0.513853 0
    outer loop
      vertex 17.2453 17.8755 -1.25
      vertex 17.1394 18.0523 1.25
      vertex 17.1394 18.0523 -1.25
    endloop
  endfacet
  facet normal -0.857878 -0.513853 0
    outer loop
      vertex 17.1394 18.0523 1.25
      vertex 17.2453 17.8755 -1.25
      vertex 17.2453 17.8755 1.25
    endloop
  endfacet
  facet normal -0.904014 -0.427502 0
    outer loop
      vertex 17.3681 17.6243 -1.25
      vertex 17.28 17.8106 1.25
      vertex 17.28 17.8106 -1.25
    endloop
  endfacet
  facet normal -0.904014 -0.427502 0
    outer loop
      vertex 17.28 17.8106 1.25
      vertex 17.3681 17.6243 -1.25
      vertex 17.3681 17.6243 1.25
    endloop
  endfacet
  facet normal -0.923719 -0.383072 0
    outer loop
      vertex 17.3963 17.5563 -1.25
      vertex 17.3681 17.6243 1.25
      vertex 17.3681 17.6243 -1.25
    endloop
  endfacet
  facet normal -0.923719 -0.383072 0
    outer loop
      vertex 17.3681 17.6243 1.25
      vertex 17.3963 17.5563 -1.25
      vertex 17.3963 17.5563 1.25
    endloop
  endfacet
  facet normal -0.998798 0.0490178 0
    outer loop
      vertex 17.589 16.2574 -1.25
      vertex 17.5991 16.4632 1.25
      vertex 17.5991 16.4632 -1.25
    endloop
  endfacet
  facet normal -0.998798 0.0490178 0
    outer loop
      vertex 17.5991 16.4632 1.25
      vertex 17.589 16.2574 -1.25
      vertex 17.589 16.2574 1.25
    endloop
  endfacet
  facet normal -0.995184 -0.0980209 0
    outer loop
      vertex 17.589 16.7427 -1.25
      vertex 17.5818 16.8158 1.25
      vertex 17.5818 16.8158 -1.25
    endloop
  endfacet
  facet normal -0.995184 -0.0980209 0
    outer loop
      vertex 17.5818 16.8158 1.25
      vertex 17.589 16.7427 -1.25
      vertex 17.589 16.7427 1.25
    endloop
  endfacet
  facet normal -0.989138 0.146988 0
    outer loop
      vertex 17.5515 15.9803 -1.25
      vertex 17.5818 16.1842 1.25
      vertex 17.5818 16.1842 -1.25
    endloop
  endfacet
  facet normal -0.989138 0.146988 0
    outer loop
      vertex 17.5818 16.1842 1.25
      vertex 17.5515 15.9803 -1.25
      vertex 17.5515 15.9803 1.25
    endloop
  endfacet
  facet normal 0.924 0.382392 0
    outer loop
      vertex 10.0938 16.5671 1.25
      vertex 10.0657 16.635 -1.25
      vertex 10.0657 16.635 1.25
    endloop
  endfacet
  facet normal 0.924 0.382392 0
    outer loop
      vertex 10.0657 16.635 -1.25
      vertex 10.0938 16.5671 1.25
      vertex 10.0938 16.5671 -1.25
    endloop
  endfacet
  facet normal 0.941583 0.33678 0
    outer loop
      vertex 10.0657 16.635 1.25
      vertex 10.0128 16.7829 -1.25
      vertex 10.0128 16.7829 1.25
    endloop
  endfacet
  facet normal 0.941583 0.33678 0
    outer loop
      vertex 10.0128 16.7829 -1.25
      vertex 10.0657 16.635 1.25
      vertex 10.0657 16.635 -1.25
    endloop
  endfacet
  facet normal 0.803196 0.595715 0
    outer loop
      vertex 10.4108 16.0382 1.25
      vertex 10.3172 16.1644 -1.25
      vertex 10.3172 16.1644 1.25
    endloop
  endfacet
  facet normal 0.803196 0.595715 0
    outer loop
      vertex 10.3172 16.1644 -1.25
      vertex 10.4108 16.0382 1.25
      vertex 10.4108 16.0382 -1.25
    endloop
  endfacet
  facet normal 0.831631 0.555328 0
    outer loop
      vertex 10.3172 16.1644 1.25
      vertex 10.2764 16.2255 -1.25
      vertex 10.2764 16.2255 1.25
    endloop
  endfacet
  facet normal 0.831631 0.555328 0
    outer loop
      vertex 10.2764 16.2255 -1.25
      vertex 10.3172 16.1644 1.25
      vertex 10.3172 16.1644 -1.25
    endloop
  endfacet
  facet normal -0.556269 0.831003 0
    outer loop
      vertex 16.3634 14.1515 -1.25
      vertex 16.3023 14.1106 1.25
      vertex 16.3634 14.1515 1.25
    endloop
  endfacet
  facet normal -0.556269 0.831003 0
    outer loop
      vertex 16.3023 14.1106 1.25
      vertex 16.3634 14.1515 -1.25
      vertex 16.3023 14.1106 -1.25
    endloop
  endfacet
  facet normal -0.707107 0.707107 0
    outer loop
      vertex 16.7386 14.4594 -1.25
      vertex 16.7906 14.5114 1.25
      vertex 16.7906 14.5114 -1.25
    endloop
  endfacet
  facet normal -0.707107 0.707107 0
    outer loop
      vertex 16.7906 14.5114 1.25
      vertex 16.7386 14.4594 -1.25
      vertex 16.7386 14.4594 1.25
    endloop
  endfacet
  facet normal -0.740949 0.671561 0
    outer loop
      vertex 16.7906 14.5114 -1.25
      vertex 16.929 14.6641 1.25
      vertex 16.929 14.6641 -1.25
    endloop
  endfacet
  facet normal -0.740949 0.671561 0
    outer loop
      vertex 16.929 14.6641 1.25
      vertex 16.7906 14.5114 -1.25
      vertex 16.7906 14.5114 1.25
    endloop
  endfacet
  facet normal -0.671561 0.740949 0
    outer loop
      vertex 16.7386 14.4594 -1.25
      vertex 16.5859 14.321 1.25
      vertex 16.7386 14.4594 1.25
    endloop
  endfacet
  facet normal -0.671561 0.740949 0
    outer loop
      vertex 16.5859 14.321 1.25
      vertex 16.7386 14.4594 -1.25
      vertex 16.5859 14.321 -1.25
    endloop
  endfacet
  facet normal -0.831003 0.556269 0
    outer loop
      vertex 17.0985 14.8866 -1.25
      vertex 17.1394 14.9477 1.25
      vertex 17.1394 14.9477 -1.25
    endloop
  endfacet
  facet normal -0.831003 0.556269 0
    outer loop
      vertex 17.1394 14.9477 1.25
      vertex 17.0985 14.8866 -1.25
      vertex 17.0985 14.8866 1.25
    endloop
  endfacet
  facet normal -0.881863 0.471505 0
    outer loop
      vertex 17.2453 15.1245 -1.25
      vertex 17.28 15.1894 1.25
      vertex 17.28 15.1894 -1.25
    endloop
  endfacet
  facet normal -0.881863 0.471505 0
    outer loop
      vertex 17.28 15.1894 1.25
      vertex 17.2453 15.1245 -1.25
      vertex 17.2453 15.1245 1.25
    endloop
  endfacet
  facet normal -0.941621 0.336674 0
    outer loop
      vertex 17.3963 15.4437 -1.25
      vertex 17.4657 15.6378 1.25
      vertex 17.4657 15.6378 -1.25
    endloop
  endfacet
  facet normal -0.941621 0.336674 0
    outer loop
      vertex 17.4657 15.6378 1.25
      vertex 17.3963 15.4437 -1.25
      vertex 17.3963 15.4437 1.25
    endloop
  endfacet
  facet normal -0.989138 -0.146988 0
    outer loop
      vertex 17.5818 16.8158 -1.25
      vertex 17.5515 17.0197 1.25
      vertex 17.5515 17.0197 -1.25
    endloop
  endfacet
  facet normal -0.989138 -0.146988 0
    outer loop
      vertex 17.5515 17.0197 1.25
      vertex 17.5818 16.8158 -1.25
      vertex 17.5818 16.8158 1.25
    endloop
  endfacet
  facet normal -0.336674 0.941621 0
    outer loop
      vertex 15.8063 13.8537 -1.25
      vertex 15.6122 13.7843 1.25
      vertex 15.8063 13.8537 1.25
    endloop
  endfacet
  facet normal -0.336674 0.941621 0
    outer loop
      vertex 15.6122 13.7843 1.25
      vertex 15.8063 13.8537 -1.25
      vertex 15.6122 13.7843 -1.25
    endloop
  endfacet
  facet normal 0.048994 -0.998799 0
    outer loop
      vertex 14.5073 -13.661 -1.25
      vertex 14.7132 -13.6509 1.25
      vertex 14.5073 -13.661 1.25
    endloop
  endfacet
  facet normal 0.048994 -0.998799 0
    outer loop
      vertex 14.7132 -13.6509 1.25
      vertex 14.5073 -13.661 -1.25
      vertex 14.7132 -13.6509 -1.25
    endloop
  endfacet
  facet normal 0.803196 -0.595715 0
    outer loop
      vertex 10.3172 -16.1644 1.25
      vertex 10.4108 -16.0382 -1.25
      vertex 10.4108 -16.0382 1.25
    endloop
  endfacet
  facet normal 0.803196 -0.595715 0
    outer loop
      vertex 10.4108 -16.0382 -1.25
      vertex 10.3172 -16.1644 1.25
      vertex 10.3172 -16.1644 -1.25
    endloop
  endfacet
  facet normal 0.513853 -0.857878 0
    outer loop
      vertex 13.1977 -14.1106 -1.25
      vertex 13.3745 -14.0047 1.25
      vertex 13.1977 -14.1106 1.25
    endloop
  endfacet
  facet normal 0.513853 -0.857878 0
    outer loop
      vertex 13.3745 -14.0047 1.25
      vertex 13.1977 -14.1106 -1.25
      vertex 13.3745 -14.0047 -1.25
    endloop
  endfacet
  facet normal 0.831631 -0.555328 0
    outer loop
      vertex 10.2764 -16.2255 1.25
      vertex 10.3172 -16.1644 -1.25
      vertex 10.3172 -16.1644 1.25
    endloop
  endfacet
  facet normal 0.831631 -0.555328 0
    outer loop
      vertex 10.3172 -16.1644 -1.25
      vertex 10.2764 -16.2255 1.25
      vertex 10.2764 -16.2255 -1.25
    endloop
  endfacet
  facet normal 0.67153 -0.740977 0
    outer loop
      vertex 10.615 -15.8129 -1.25
      vertex 10.7313 -15.7075 1.25
      vertex 10.615 -15.8129 1.25
    endloop
  endfacet
  facet normal 0.67153 -0.740977 0
    outer loop
      vertex 10.7313 -15.7075 1.25
      vertex 10.615 -15.8129 -1.25
      vertex 10.7313 -15.7075 -1.25
    endloop
  endfacet
  facet normal 0.969226 -0.246172 0
    outer loop
      vertex 9.12866 -20.25 1.25
      vertex 9.99199 -16.8509 -1.25
      vertex 9.99199 -16.8509 1.25
    endloop
  endfacet
  facet normal 0.969226 -0.246172 0
    outer loop
      vertex 9.12866 -20.25 1.25
      vertex 9.12866 -20.25 -1.25
      vertex 9.99199 -16.8509 -1.25
    endloop
  endfacet
  facet normal 0.969223 -0.246183 0
    outer loop
      vertex 8.93816 -21 0.5
      vertex 9.12866 -20.25 -1.25
      vertex 9.12866 -20.25 1.25
    endloop
  endfacet
  facet normal 0.969223 -0.246183 0
    outer loop
      vertex 9.12866 -20.25 -1.25
      vertex 8.93816 -21 0.5
      vertex 8.93816 -21 -0.5
    endloop
  endfacet
  facet normal -0.923719 0.383072 0
    outer loop
      vertex 17.3681 -17.6243 -1.25
      vertex 17.3963 -17.5563 1.25
      vertex 17.3963 -17.5563 -1.25
    endloop
  endfacet
  facet normal -0.923719 0.383072 0
    outer loop
      vertex 17.3963 -17.5563 1.25
      vertex 17.3681 -17.6243 -1.25
      vertex 17.3681 -17.6243 1.25
    endloop
  endfacet
  facet normal -0.803248 -0.595645 0
    outer loop
      vertex 17.0985 -14.8866 -1.25
      vertex 16.9757 -14.721 1.25
      vertex 16.9757 -14.721 -1.25
    endloop
  endfacet
  facet normal -0.803248 -0.595645 0
    outer loop
      vertex 16.9757 -14.721 1.25
      vertex 17.0985 -14.8866 -1.25
      vertex 17.0985 -14.8866 1.25
    endloop
  endfacet
  facet normal 0.740977 -0.67153 0
    outer loop
      vertex 10.4575 -15.9813 1.25
      vertex 10.5629 -15.865 -1.25
      vertex 10.5629 -15.865 1.25
    endloop
  endfacet
  facet normal 0.740977 -0.67153 0
    outer loop
      vertex 10.5629 -15.865 -1.25
      vertex 10.4575 -15.9813 1.25
      vertex 10.4575 -15.9813 -1.25
    endloop
  endfacet
  facet normal 0.707107 -0.707107 0
    outer loop
      vertex 10.5629 -15.865 1.25
      vertex 10.615 -15.8129 -1.25
      vertex 10.615 -15.8129 1.25
    endloop
  endfacet
  facet normal 0.707107 -0.707107 0
    outer loop
      vertex 10.615 -15.8129 -1.25
      vertex 10.5629 -15.865 1.25
      vertex 10.5629 -15.865 -1.25
    endloop
  endfacet
  facet normal -0.807849 0.58939 0
    outer loop
      vertex 16.2071 -19.3353 -1.25
      vertex 17.0985 -18.1135 1.25
      vertex 17.0985 -18.1135 -1.25
    endloop
  endfacet
  facet normal -0.807849 0.58939 0
    outer loop
      vertex 16.2071 -19.3353 -1.25
      vertex 16.2071 -19.3353 1.25
      vertex 17.0985 -18.1135 1.25
    endloop
  endfacet
  facet normal -0.812374 0.582621 -0.0245197
    outer loop
      vertex 16.164 -19.3944 -1.22633
      vertex 16.2071 -19.3353 -1.25
      vertex 16.1819 -19.3699 -1.23723
    endloop
  endfacet
  facet normal -0.807967 0.589228 0
    outer loop
      vertex 16.2071 -19.3353 -1.25
      vertex 16.164 -19.3944 -1.22633
      vertex 16.2071 -19.3353 1.25
    endloop
  endfacet
  facet normal -0.802848 0.595821 0.0207939
    outer loop
      vertex 16.164 -19.3944 -1.22633
      vertex 16.1819 -19.3699 -1.23723
      vertex 16.1756 -19.3785 -1.23405
    endloop
  endfacet
  facet normal -0.807967 0.589228 0
    outer loop
      vertex 16.164 -19.3944 1.22633
      vertex 16.2071 -19.3353 1.25
      vertex 16.164 -19.3944 -1.22633
    endloop
  endfacet
  facet normal -0.812374 0.582621 0.0245197
    outer loop
      vertex 16.2071 -19.3353 1.25
      vertex 16.164 -19.3944 1.22633
      vertex 16.1819 -19.3699 1.23723
    endloop
  endfacet
  facet normal -0.802848 0.595821 -0.0207939
    outer loop
      vertex 16.1819 -19.3699 1.23723
      vertex 16.164 -19.3944 1.22633
      vertex 16.1756 -19.3785 1.23405
    endloop
  endfacet
  facet normal -0.807844 0.589396 0
    outer loop
      vertex 15.8378 -19.8415 -1.01031
      vertex 16.164 -19.3944 1.22633
      vertex 16.164 -19.3944 -1.22633
    endloop
  endfacet
  facet normal -0.807844 0.589396 0
    outer loop
      vertex 15.8378 -19.8415 -1.01031
      vertex 15.8378 -19.8415 1.01031
      vertex 16.164 -19.3944 1.22633
    endloop
  endfacet
  facet normal -0.807877 0.589351 0
    outer loop
      vertex 15.6269 -20.1306 -0.838893
      vertex 15.8378 -19.8415 1.01031
      vertex 15.8378 -19.8415 -1.01031
    endloop
  endfacet
  facet normal -0.807877 0.589351 0
    outer loop
      vertex 15.6269 -20.1306 -0.838893
      vertex 15.6269 -20.1306 0.838893
      vertex 15.8378 -19.8415 1.01031
    endloop
  endfacet
  facet normal -0.807815 0.589437 0
    outer loop
      vertex 15.4663 -20.3507 -0.708455
      vertex 15.6269 -20.1306 0.838893
      vertex 15.6269 -20.1306 -0.838893
    endloop
  endfacet
  facet normal -0.807815 0.589437 0
    outer loop
      vertex 15.4663 -20.3507 -0.708455
      vertex 15.4663 -20.3507 0.708455
      vertex 15.6269 -20.1306 0.838893
    endloop
  endfacet
  facet normal -0.807836 0.589408 0
    outer loop
      vertex 15.3983 -20.4439 -0.643533
      vertex 15.4663 -20.3507 0.708455
      vertex 15.4663 -20.3507 -0.708455
    endloop
  endfacet
  facet normal -0.807836 0.589408 0
    outer loop
      vertex 15.3983 -20.4439 -0.643533
      vertex 15.3983 -20.4439 0.643533
      vertex 15.4663 -20.3507 0.708455
    endloop
  endfacet
  facet normal -0.807836 0.589407 0
    outer loop
      vertex 15.248 -20.6499 -0.5
      vertex 15.3983 -20.4439 0.643533
      vertex 15.3983 -20.4439 -0.643533
    endloop
  endfacet
  facet normal -0.807836 0.589407 0
    outer loop
      vertex 15.3983 -20.4439 0.643533
      vertex 15.248 -20.6499 -0.5
      vertex 15.248 -20.6499 0.5
    endloop
  endfacet
  facet normal -0.970028 0.242992 0
    outer loop
      vertex 17.4871 -17.2919 -1.25
      vertex 17.5372 -17.0919 1.25
      vertex 17.5372 -17.0919 -1.25
    endloop
  endfacet
  facet normal -0.970028 0.242992 0
    outer loop
      vertex 17.5372 -17.0919 1.25
      vertex 17.4871 -17.2919 -1.25
      vertex 17.4871 -17.2919 1.25
    endloop
  endfacet
  facet normal -0.980945 -0.194287 0
    outer loop
      vertex 17.5515 -15.9803 -1.25
      vertex 17.5372 -15.9081 1.25
      vertex 17.5372 -15.9081 -1.25
    endloop
  endfacet
  facet normal -0.980945 -0.194287 0
    outer loop
      vertex 17.5372 -15.9081 1.25
      vertex 17.5515 -15.9803 -1.25
      vertex 17.5515 -15.9803 1.25
    endloop
  endfacet
  facet normal -0.243106 -0.97 0
    outer loop
      vertex 15.3419 -13.7128 -1.25
      vertex 15.5418 -13.7629 1.25
      vertex 15.3419 -13.7128 1.25
    endloop
  endfacet
  facet normal -0.243106 -0.97 -0
    outer loop
      vertex 15.5418 -13.7629 1.25
      vertex 15.3419 -13.7128 -1.25
      vertex 15.5418 -13.7629 -1.25
    endloop
  endfacet
  facet normal -0.194287 -0.980945 0
    outer loop
      vertex 15.2697 -13.6985 -1.25
      vertex 15.3419 -13.7128 1.25
      vertex 15.2697 -13.6985 1.25
    endloop
  endfacet
  facet normal -0.194287 -0.980945 -0
    outer loop
      vertex 15.3419 -13.7128 1.25
      vertex 15.2697 -13.6985 -1.25
      vertex 15.3419 -13.7128 -1.25
    endloop
  endfacet
  facet normal -0.831003 -0.556269 0
    outer loop
      vertex 17.1394 -14.9477 -1.25
      vertex 17.0985 -14.8866 1.25
      vertex 17.0985 -14.8866 -1.25
    endloop
  endfacet
  facet normal -0.831003 -0.556269 0
    outer loop
      vertex 17.0985 -14.8866 1.25
      vertex 17.1394 -14.9477 -1.25
      vertex 17.1394 -14.9477 1.25
    endloop
  endfacet
  facet normal 0.595715 -0.803196 0
    outer loop
      vertex 10.7882 -15.6608 -1.25
      vertex 10.9144 -15.5672 1.25
      vertex 10.7882 -15.6608 1.25
    endloop
  endfacet
  facet normal 0.595715 -0.803196 0
    outer loop
      vertex 10.9144 -15.5672 1.25
      vertex 10.7882 -15.6608 -1.25
      vertex 10.9144 -15.5672 -1.25
    endloop
  endfacet
  facet normal 0.336828 -0.941566 0
    outer loop
      vertex 13.6937 -13.8537 -1.25
      vertex 13.8877 -13.7843 1.25
      vertex 13.6937 -13.8537 1.25
    endloop
  endfacet
  facet normal 0.336828 -0.941566 0
    outer loop
      vertex 13.8877 -13.7843 1.25
      vertex 13.6937 -13.8537 -1.25
      vertex 13.8877 -13.7843 -1.25
    endloop
  endfacet
  facet normal 0.881298 -0.472561 0
    outer loop
      vertex 10.1609 -16.4251 1.25
      vertex 10.1957 -16.3602 -1.25
      vertex 10.1957 -16.3602 1.25
    endloop
  endfacet
  facet normal 0.881298 -0.472561 0
    outer loop
      vertex 10.1957 -16.3602 -1.25
      vertex 10.1609 -16.4251 1.25
      vertex 10.1609 -16.4251 -1.25
    endloop
  endfacet
  facet normal 0.85783 -0.513934 0
    outer loop
      vertex 10.1957 -16.3602 1.25
      vertex 10.2764 -16.2255 -1.25
      vertex 10.2764 -16.2255 1.25
    endloop
  endfacet
  facet normal 0.85783 -0.513934 0
    outer loop
      vertex 10.2764 -16.2255 -1.25
      vertex 10.1957 -16.3602 1.25
      vertex 10.1957 -16.3602 -1.25
    endloop
  endfacet
  facet normal 0.924 -0.382392 0
    outer loop
      vertex 10.0657 -16.635 1.25
      vertex 10.0938 -16.5671 -1.25
      vertex 10.0938 -16.5671 1.25
    endloop
  endfacet
  facet normal 0.924 -0.382392 0
    outer loop
      vertex 10.0938 -16.5671 -1.25
      vertex 10.0657 -16.635 1.25
      vertex 10.0657 -16.635 -1.25
    endloop
  endfacet
  facet normal 0.634421 -0.772988 0
    outer loop
      vertex 10.7313 -15.7075 -1.25
      vertex 10.7882 -15.6608 1.25
      vertex 10.7313 -15.7075 1.25
    endloop
  endfacet
  facet normal 0.634421 -0.772988 0
    outer loop
      vertex 10.7882 -15.6608 1.25
      vertex 10.7313 -15.7075 -1.25
      vertex 10.7882 -15.6608 -1.25
    endloop
  endfacet
  facet normal -0.881863 0.471505 0
    outer loop
      vertex 17.2453 -17.8755 -1.25
      vertex 17.28 -17.8106 1.25
      vertex 17.28 -17.8106 -1.25
    endloop
  endfacet
  facet normal -0.881863 0.471505 0
    outer loop
      vertex 17.28 -17.8106 1.25
      vertex 17.2453 -17.8755 -1.25
      vertex 17.2453 -17.8755 1.25
    endloop
  endfacet
  facet normal -0.831423 0.55564 0
    outer loop
      vertex 17.0985 -18.1135 -1.25
      vertex 17.1394 -18.0523 1.25
      vertex 17.1394 -18.0523 -1.25
    endloop
  endfacet
  facet normal -0.831423 0.55564 0
    outer loop
      vertex 17.1394 -18.0523 1.25
      vertex 17.0985 -18.1135 -1.25
      vertex 17.0985 -18.1135 1.25
    endloop
  endfacet
  facet normal -0.941566 0.336828 0
    outer loop
      vertex 17.3963 -17.5563 -1.25
      vertex 17.4657 -17.3623 1.25
      vertex 17.4657 -17.3623 -1.25
    endloop
  endfacet
  facet normal -0.941566 0.336828 0
    outer loop
      vertex 17.4657 -17.3623 1.25
      vertex 17.3963 -17.5563 -1.25
      vertex 17.3963 -17.5563 1.25
    endloop
  endfacet
  facet normal -0.956773 0.290837 0
    outer loop
      vertex 17.4657 -17.3623 -1.25
      vertex 17.4871 -17.2919 1.25
      vertex 17.4871 -17.2919 -1.25
    endloop
  endfacet
  facet normal -0.956773 0.290837 0
    outer loop
      vertex 17.4871 -17.2919 1.25
      vertex 17.4657 -17.3623 -1.25
      vertex 17.4657 -17.3623 1.25
    endloop
  endfacet
  facet normal -0.556269 -0.831003 0
    outer loop
      vertex 16.3023 -14.1106 -1.25
      vertex 16.3634 -14.1515 1.25
      vertex 16.3023 -14.1106 1.25
    endloop
  endfacet
  facet normal -0.556269 -0.831003 -0
    outer loop
      vertex 16.3634 -14.1515 1.25
      vertex 16.3023 -14.1106 -1.25
      vertex 16.3634 -14.1515 -1.25
    endloop
  endfacet
  facet normal -0.904014 -0.427502 0
    outer loop
      vertex 17.3681 -15.3757 -1.25
      vertex 17.28 -15.1894 1.25
      vertex 17.28 -15.1894 -1.25
    endloop
  endfacet
  facet normal -0.904014 -0.427502 0
    outer loop
      vertex 17.28 -15.1894 1.25
      vertex 17.3681 -15.3757 -1.25
      vertex 17.3681 -15.3757 1.25
    endloop
  endfacet
  facet normal -0.881863 -0.471505 0
    outer loop
      vertex 17.28 -15.1894 -1.25
      vertex 17.2453 -15.1245 1.25
      vertex 17.2453 -15.1245 -1.25
    endloop
  endfacet
  facet normal -0.881863 -0.471505 0
    outer loop
      vertex 17.2453 -15.1245 1.25
      vertex 17.28 -15.1894 -1.25
      vertex 17.28 -15.1894 1.25
    endloop
  endfacet
  facet normal -0.998798 -0.0490178 0
    outer loop
      vertex 17.5991 -16.4632 -1.25
      vertex 17.589 -16.2574 1.25
      vertex 17.589 -16.2574 -1.25
    endloop
  endfacet
  facet normal -0.998798 -0.0490178 0
    outer loop
      vertex 17.589 -16.2574 1.25
      vertex 17.5991 -16.4632 -1.25
      vertex 17.5991 -16.4632 1.25
    endloop
  endfacet
  facet normal -0.0490178 -0.998798 0
    outer loop
      vertex 14.7868 -13.6509 -1.25
      vertex 14.9926 -13.661 1.25
      vertex 14.7868 -13.6509 1.25
    endloop
  endfacet
  facet normal -0.0490178 -0.998798 -0
    outer loop
      vertex 14.9926 -13.661 1.25
      vertex 14.7868 -13.6509 -1.25
      vertex 14.9926 -13.661 -1.25
    endloop
  endfacet
  facet normal 0.194287 -0.980945 0
    outer loop
      vertex 14.1581 -13.7128 -1.25
      vertex 14.2303 -13.6985 1.25
      vertex 14.1581 -13.7128 1.25
    endloop
  endfacet
  facet normal 0.194287 -0.980945 0
    outer loop
      vertex 14.2303 -13.6985 1.25
      vertex 14.1581 -13.7128 -1.25
      vertex 14.2303 -13.6985 -1.25
    endloop
  endfacet
  facet normal 0.471505 -0.881863 0
    outer loop
      vertex 13.3745 -14.0047 -1.25
      vertex 13.4394 -13.97 1.25
      vertex 13.3745 -14.0047 1.25
    endloop
  endfacet
  facet normal 0.471505 -0.881863 0
    outer loop
      vertex 13.4394 -13.97 1.25
      vertex 13.3745 -14.0047 -1.25
      vertex 13.4394 -13.97 -1.25
    endloop
  endfacet
  facet normal 0.537327 -0.843374 0
    outer loop
      vertex 10.9755 -15.5264 -1.25
      vertex 13.1977 -14.1106 1.25
      vertex 10.9755 -15.5264 1.25
    endloop
  endfacet
  facet normal 0.537327 -0.843374 0
    outer loop
      vertex 13.1977 -14.1106 1.25
      vertex 10.9755 -15.5264 -1.25
      vertex 13.1977 -14.1106 -1.25
    endloop
  endfacet
  facet normal 0.242992 -0.970028 0
    outer loop
      vertex 13.9581 -13.7629 -1.25
      vertex 14.1581 -13.7128 1.25
      vertex 13.9581 -13.7629 1.25
    endloop
  endfacet
  facet normal 0.242992 -0.970028 0
    outer loop
      vertex 14.1581 -13.7128 1.25
      vertex 13.9581 -13.7629 -1.25
      vertex 14.1581 -13.7128 -1.25
    endloop
  endfacet
  facet normal 0.956225 -0.292633 0
    outer loop
      vertex 9.99199 -16.8509 1.25
      vertex 10.0128 -16.7829 -1.25
      vertex 10.0128 -16.7829 1.25
    endloop
  endfacet
  facet normal 0.956225 -0.292633 0
    outer loop
      vertex 10.0128 -16.7829 -1.25
      vertex 9.99199 -16.8509 1.25
      vertex 9.99199 -16.8509 -1.25
    endloop
  endfacet
  facet normal 0.941583 -0.33678 0
    outer loop
      vertex 10.0128 -16.7829 1.25
      vertex 10.0657 -16.635 -1.25
      vertex 10.0657 -16.635 1.25
    endloop
  endfacet
  facet normal 0.941583 -0.33678 0
    outer loop
      vertex 10.0657 -16.635 -1.25
      vertex 10.0128 -16.7829 1.25
      vertex 10.0128 -16.7829 -1.25
    endloop
  endfacet
  facet normal 0.904139 -0.427238 0
    outer loop
      vertex 10.0938 -16.5671 1.25
      vertex 10.1609 -16.4251 -1.25
      vertex 10.1609 -16.4251 1.25
    endloop
  endfacet
  facet normal 0.904139 -0.427238 0
    outer loop
      vertex 10.1609 -16.4251 -1.25
      vertex 10.0938 -16.5671 1.25
      vertex 10.0938 -16.5671 -1.25
    endloop
  endfacet
  facet normal 0.772988 -0.634421 0
    outer loop
      vertex 10.4108 -16.0382 1.25
      vertex 10.4575 -15.9813 -1.25
      vertex 10.4575 -15.9813 1.25
    endloop
  endfacet
  facet normal 0.772988 -0.634421 0
    outer loop
      vertex 10.4575 -15.9813 -1.25
      vertex 10.4108 -16.0382 1.25
      vertex 10.4108 -16.0382 -1.25
    endloop
  endfacet
  facet normal -0.857878 0.513853 0
    outer loop
      vertex 17.1394 -18.0523 -1.25
      vertex 17.2453 -17.8755 1.25
      vertex 17.2453 -17.8755 -1.25
    endloop
  endfacet
  facet normal -0.857878 0.513853 0
    outer loop
      vertex 17.2453 -17.8755 1.25
      vertex 17.1394 -18.0523 -1.25
      vertex 17.1394 -18.0523 1.25
    endloop
  endfacet
  facet normal -0.904014 0.427502 0
    outer loop
      vertex 17.28 -17.8106 -1.25
      vertex 17.3681 -17.6243 1.25
      vertex 17.3681 -17.6243 -1.25
    endloop
  endfacet
  facet normal -0.904014 0.427502 0
    outer loop
      vertex 17.3681 -17.6243 1.25
      vertex 17.28 -17.8106 -1.25
      vertex 17.28 -17.8106 1.25
    endloop
  endfacet
  facet normal -0.471505 -0.881863 0
    outer loop
      vertex 16.0606 -13.97 -1.25
      vertex 16.1255 -14.0047 1.25
      vertex 16.0606 -13.97 1.25
    endloop
  endfacet
  facet normal -0.471505 -0.881863 -0
    outer loop
      vertex 16.1255 -14.0047 1.25
      vertex 16.0606 -13.97 -1.25
      vertex 16.1255 -14.0047 -1.25
    endloop
  endfacet
  facet normal -0.595645 -0.803248 0
    outer loop
      vertex 16.3634 -14.1515 -1.25
      vertex 16.529 -14.2743 1.25
      vertex 16.3634 -14.1515 1.25
    endloop
  endfacet
  facet normal -0.595645 -0.803248 -0
    outer loop
      vertex 16.529 -14.2743 1.25
      vertex 16.3634 -14.1515 -1.25
      vertex 16.529 -14.2743 -1.25
    endloop
  endfacet
  facet normal -0.707107 -0.707107 0
    outer loop
      vertex 16.7906 -14.5114 -1.25
      vertex 16.7386 -14.4594 1.25
      vertex 16.7386 -14.4594 -1.25
    endloop
  endfacet
  facet normal -0.707107 -0.707107 0
    outer loop
      vertex 16.7386 -14.4594 1.25
      vertex 16.7906 -14.5114 -1.25
      vertex 16.7906 -14.5114 1.25
    endloop
  endfacet
  facet normal -0.290837 -0.956773 0
    outer loop
      vertex 15.5418 -13.7629 -1.25
      vertex 15.6122 -13.7843 1.25
      vertex 15.5418 -13.7629 1.25
    endloop
  endfacet
  facet normal -0.290837 -0.956773 -0
    outer loop
      vertex 15.6122 -13.7843 1.25
      vertex 15.5418 -13.7629 -1.25
      vertex 15.6122 -13.7843 -1.25
    endloop
  endfacet
  facet normal -0.740949 -0.671561 0
    outer loop
      vertex 16.929 -14.6641 -1.25
      vertex 16.7906 -14.5114 1.25
      vertex 16.7906 -14.5114 -1.25
    endloop
  endfacet
  facet normal -0.740949 -0.671561 0
    outer loop
      vertex 16.7906 -14.5114 1.25
      vertex 16.929 -14.6641 -1.25
      vertex 16.929 -14.6641 1.25
    endloop
  endfacet
  facet normal -0.857878 -0.513853 0
    outer loop
      vertex 17.2453 -15.1245 -1.25
      vertex 17.1394 -14.9477 1.25
      vertex 17.1394 -14.9477 -1.25
    endloop
  endfacet
  facet normal -0.857878 -0.513853 0
    outer loop
      vertex 17.1394 -14.9477 1.25
      vertex 17.2453 -15.1245 -1.25
      vertex 17.2453 -15.1245 1.25
    endloop
  endfacet
  facet normal -0.989138 -0.146988 0
    outer loop
      vertex 17.5818 -16.1842 -1.25
      vertex 17.5515 -15.9803 1.25
      vertex 17.5515 -15.9803 -1.25
    endloop
  endfacet
  facet normal -0.989138 -0.146988 0
    outer loop
      vertex 17.5515 -15.9803 1.25
      vertex 17.5818 -16.1842 -1.25
      vertex 17.5818 -16.1842 1.25
    endloop
  endfacet
  facet normal 0 -1 0
    outer loop
      vertex 14.7132 -13.6509 -1.25
      vertex 14.7868 -13.6509 1.25
      vertex 14.7132 -13.6509 1.25
    endloop
  endfacet
  facet normal 0 -1 -0
    outer loop
      vertex 14.7868 -13.6509 1.25
      vertex 14.7132 -13.6509 -1.25
      vertex 14.7868 -13.6509 -1.25
    endloop
  endfacet
  facet normal 0.0980209 -0.995184 0
    outer loop
      vertex 14.4342 -13.6682 -1.25
      vertex 14.5073 -13.661 1.25
      vertex 14.4342 -13.6682 1.25
    endloop
  endfacet
  facet normal 0.0980209 -0.995184 0
    outer loop
      vertex 14.5073 -13.661 1.25
      vertex 14.4342 -13.6682 -1.25
      vertex 14.5073 -13.661 -1.25
    endloop
  endfacet
  facet normal 0.146988 -0.989138 0
    outer loop
      vertex 14.2303 -13.6985 -1.25
      vertex 14.4342 -13.6682 1.25
      vertex 14.2303 -13.6985 1.25
    endloop
  endfacet
  facet normal 0.146988 -0.989138 0
    outer loop
      vertex 14.4342 -13.6682 1.25
      vertex 14.2303 -13.6985 -1.25
      vertex 14.4342 -13.6682 -1.25
    endloop
  endfacet
  facet normal 0.555328 -0.831631 0
    outer loop
      vertex 10.9144 -15.5672 -1.25
      vertex 10.9755 -15.5264 1.25
      vertex 10.9144 -15.5672 1.25
    endloop
  endfacet
  facet normal 0.555328 -0.831631 0
    outer loop
      vertex 10.9755 -15.5264 1.25
      vertex 10.9144 -15.5672 -1.25
      vertex 10.9755 -15.5264 -1.25
    endloop
  endfacet
  facet normal 0.427502 -0.904014 0
    outer loop
      vertex 13.4394 -13.97 -1.25
      vertex 13.6257 -13.8819 1.25
      vertex 13.4394 -13.97 1.25
    endloop
  endfacet
  facet normal 0.427502 -0.904014 0
    outer loop
      vertex 13.6257 -13.8819 1.25
      vertex 13.4394 -13.97 -1.25
      vertex 13.6257 -13.8819 -1.25
    endloop
  endfacet
  facet normal 0.383072 -0.923719 0
    outer loop
      vertex 13.6257 -13.8819 -1.25
      vertex 13.6937 -13.8537 1.25
      vertex 13.6257 -13.8819 1.25
    endloop
  endfacet
  facet normal 0.383072 -0.923719 0
    outer loop
      vertex 13.6937 -13.8537 1.25
      vertex 13.6257 -13.8819 -1.25
      vertex 13.6937 -13.8537 -1.25
    endloop
  endfacet
  facet normal 0.290837 -0.956773 0
    outer loop
      vertex 13.8877 -13.7843 -1.25
      vertex 13.9581 -13.7629 1.25
      vertex 13.8877 -13.7843 1.25
    endloop
  endfacet
  facet normal 0.290837 -0.956773 0
    outer loop
      vertex 13.9581 -13.7629 1.25
      vertex 13.8877 -13.7843 -1.25
      vertex 13.9581 -13.7629 -1.25
    endloop
  endfacet
  facet normal -0.980945 0.194287 0
    outer loop
      vertex 17.5372 -17.0919 -1.25
      vertex 17.5515 -17.0197 1.25
      vertex 17.5515 -17.0197 -1.25
    endloop
  endfacet
  facet normal -0.980945 0.194287 0
    outer loop
      vertex 17.5515 -17.0197 1.25
      vertex 17.5372 -17.0919 -1.25
      vertex 17.5372 -17.0919 1.25
    endloop
  endfacet
  facet normal -0.0978883 -0.995197 0
    outer loop
      vertex 14.9926 -13.661 -1.25
      vertex 15.0658 -13.6682 1.25
      vertex 14.9926 -13.661 1.25
    endloop
  endfacet
  facet normal -0.0978883 -0.995197 -0
    outer loop
      vertex 15.0658 -13.6682 1.25
      vertex 14.9926 -13.661 -1.25
      vertex 15.0658 -13.6682 -1.25
    endloop
  endfacet
  facet normal -0.146988 -0.989138 0
    outer loop
      vertex 15.0658 -13.6682 -1.25
      vertex 15.2697 -13.6985 1.25
      vertex 15.0658 -13.6682 1.25
    endloop
  endfacet
  facet normal -0.146988 -0.989138 -0
    outer loop
      vertex 15.2697 -13.6985 1.25
      vertex 15.0658 -13.6682 -1.25
      vertex 15.2697 -13.6985 -1.25
    endloop
  endfacet
  facet normal -0.427502 -0.904014 0
    outer loop
      vertex 15.8743 -13.8819 -1.25
      vertex 16.0606 -13.97 1.25
      vertex 15.8743 -13.8819 1.25
    endloop
  endfacet
  facet normal -0.427502 -0.904014 -0
    outer loop
      vertex 16.0606 -13.97 1.25
      vertex 15.8743 -13.8819 -1.25
      vertex 16.0606 -13.97 -1.25
    endloop
  endfacet
  facet normal -0.513853 -0.857878 0
    outer loop
      vertex 16.1255 -14.0047 -1.25
      vertex 16.3023 -14.1106 1.25
      vertex 16.1255 -14.0047 1.25
    endloop
  endfacet
  facet normal -0.513853 -0.857878 -0
    outer loop
      vertex 16.3023 -14.1106 1.25
      vertex 16.1255 -14.0047 -1.25
      vertex 16.3023 -14.1106 -1.25
    endloop
  endfacet
  facet normal -0.336674 -0.941621 0
    outer loop
      vertex 15.6122 -13.7843 -1.25
      vertex 15.8063 -13.8537 1.25
      vertex 15.6122 -13.7843 1.25
    endloop
  endfacet
  facet normal -0.336674 -0.941621 -0
    outer loop
      vertex 15.8063 -13.8537 1.25
      vertex 15.6122 -13.7843 -1.25
      vertex 15.8063 -13.8537 -1.25
    endloop
  endfacet
  facet normal -0.671561 -0.740949 0
    outer loop
      vertex 16.5859 -14.321 -1.25
      vertex 16.7386 -14.4594 1.25
      vertex 16.5859 -14.321 1.25
    endloop
  endfacet
  facet normal -0.671561 -0.740949 -0
    outer loop
      vertex 16.7386 -14.4594 1.25
      vertex 16.5859 -14.321 -1.25
      vertex 16.7386 -14.4594 -1.25
    endloop
  endfacet
  facet normal -0.634421 -0.772988 0
    outer loop
      vertex 16.529 -14.2743 -1.25
      vertex 16.5859 -14.321 1.25
      vertex 16.529 -14.2743 1.25
    endloop
  endfacet
  facet normal -0.634421 -0.772988 -0
    outer loop
      vertex 16.5859 -14.321 1.25
      vertex 16.529 -14.2743 -1.25
      vertex 16.5859 -14.321 -1.25
    endloop
  endfacet
  facet normal -0.772988 -0.634421 0
    outer loop
      vertex 16.9757 -14.721 -1.25
      vertex 16.929 -14.6641 1.25
      vertex 16.929 -14.6641 -1.25
    endloop
  endfacet
  facet normal -0.772988 -0.634421 0
    outer loop
      vertex 16.929 -14.6641 1.25
      vertex 16.9757 -14.721 -1.25
      vertex 16.9757 -14.721 1.25
    endloop
  endfacet
  facet normal -0.989138 0.146988 0
    outer loop
      vertex 17.5515 -17.0197 -1.25
      vertex 17.5818 -16.8158 1.25
      vertex 17.5818 -16.8158 -1.25
    endloop
  endfacet
  facet normal -0.989138 0.146988 0
    outer loop
      vertex 17.5818 -16.8158 1.25
      vertex 17.5515 -17.0197 -1.25
      vertex 17.5515 -17.0197 1.25
    endloop
  endfacet
  facet normal -0.998799 0.048994 0
    outer loop
      vertex 17.589 -16.7427 -1.25
      vertex 17.5991 -16.5368 1.25
      vertex 17.5991 -16.5368 -1.25
    endloop
  endfacet
  facet normal -0.998799 0.048994 0
    outer loop
      vertex 17.5991 -16.5368 1.25
      vertex 17.589 -16.7427 -1.25
      vertex 17.589 -16.7427 1.25
    endloop
  endfacet
  facet normal -1 0 0
    outer loop
      vertex 17.5991 -16.5368 -1.25
      vertex 17.5991 -16.4632 1.25
      vertex 17.5991 -16.4632 -1.25
    endloop
  endfacet
  facet normal -1 -0 0
    outer loop
      vertex 17.5991 -16.4632 1.25
      vertex 17.5991 -16.5368 -1.25
      vertex 17.5991 -16.5368 1.25
    endloop
  endfacet
  facet normal -0.383072 -0.923719 0
    outer loop
      vertex 15.8063 -13.8537 -1.25
      vertex 15.8743 -13.8819 1.25
      vertex 15.8063 -13.8537 1.25
    endloop
  endfacet
  facet normal -0.383072 -0.923719 -0
    outer loop
      vertex 15.8743 -13.8819 1.25
      vertex 15.8063 -13.8537 -1.25
      vertex 15.8743 -13.8819 -1.25
    endloop
  endfacet
  facet normal -0.923719 -0.383072 0
    outer loop
      vertex 17.3963 -15.4437 -1.25
      vertex 17.3681 -15.3757 1.25
      vertex 17.3681 -15.3757 -1.25
    endloop
  endfacet
  facet normal -0.923719 -0.383072 0
    outer loop
      vertex 17.3681 -15.3757 1.25
      vertex 17.3963 -15.4437 -1.25
      vertex 17.3963 -15.4437 1.25
    endloop
  endfacet
  facet normal -0.941621 -0.336674 0
    outer loop
      vertex 17.4657 -15.6378 -1.25
      vertex 17.3963 -15.4437 1.25
      vertex 17.3963 -15.4437 -1.25
    endloop
  endfacet
  facet normal -0.941621 -0.336674 0
    outer loop
      vertex 17.3963 -15.4437 1.25
      vertex 17.4657 -15.6378 -1.25
      vertex 17.4657 -15.6378 1.25
    endloop
  endfacet
  facet normal -0.97 -0.243106 0
    outer loop
      vertex 17.5372 -15.9081 -1.25
      vertex 17.4871 -15.7082 1.25
      vertex 17.4871 -15.7082 -1.25
    endloop
  endfacet
  facet normal -0.97 -0.243106 0
    outer loop
      vertex 17.4871 -15.7082 1.25
      vertex 17.5372 -15.9081 -1.25
      vertex 17.5372 -15.9081 1.25
    endloop
  endfacet
  facet normal -0.995197 -0.0978883 0
    outer loop
      vertex 17.589 -16.2574 -1.25
      vertex 17.5818 -16.1842 1.25
      vertex 17.5818 -16.1842 -1.25
    endloop
  endfacet
  facet normal -0.995197 -0.0978883 0
    outer loop
      vertex 17.5818 -16.1842 1.25
      vertex 17.589 -16.2574 -1.25
      vertex 17.589 -16.2574 1.25
    endloop
  endfacet
  facet normal -0.995184 0.0980209 0
    outer loop
      vertex 17.5818 -16.8158 -1.25
      vertex 17.589 -16.7427 1.25
      vertex 17.589 -16.7427 -1.25
    endloop
  endfacet
  facet normal -0.995184 0.0980209 0
    outer loop
      vertex 17.589 -16.7427 1.25
      vertex 17.5818 -16.8158 -1.25
      vertex 17.5818 -16.8158 1.25
    endloop
  endfacet
  facet normal -0.956773 -0.290837 0
    outer loop
      vertex 17.4871 -15.7082 -1.25
      vertex 17.4657 -15.6378 1.25
      vertex 17.4657 -15.6378 -1.25
    endloop
  endfacet
  facet normal -0.956773 -0.290837 0
    outer loop
      vertex 17.4657 -15.6378 1.25
      vertex 17.4871 -15.7082 -1.25
      vertex 17.4871 -15.7082 1.25
    endloop
  endfacet
  facet normal 0.998797 -0.0490397 0
    outer loop
      vertex 14.5009 0.0367889 1.25
      vertex 14.5394 0.820923 -1.25
      vertex 14.5394 0.820923 1.25
    endloop
  endfacet
  facet normal 0.998797 -0.0490397 0
    outer loop
      vertex 14.5394 0.820923 -1.25
      vertex 14.5009 0.0367889 1.25
      vertex 14.5009 0.0367889 -1.25
    endloop
  endfacet
  facet normal 0.923719 -0.383072 0
    outer loop
      vertex 15.1528 3.31413 1.25
      vertex 15.181 3.38213 -1.25
      vertex 15.181 3.38213 1.25
    endloop
  endfacet
  facet normal 0.923719 -0.383072 0
    outer loop
      vertex 15.181 3.38213 -1.25
      vertex 15.1528 3.31413 1.25
      vertex 15.1528 3.31413 -1.25
    endloop
  endfacet
  facet normal 0.831465 -0.555578 0
    outer loop
      vertex 15.9549 4.83012 1.25
      vertex 15.9958 4.89133 -1.25
      vertex 15.9958 4.89133 1.25
    endloop
  endfacet
  facet normal 0.831465 -0.555578 0
    outer loop
      vertex 15.9958 4.89133 -1.25
      vertex 15.9549 4.83012 1.25
      vertex 15.9549 4.83012 -1.25
    endloop
  endfacet
  facet normal 0.989176 -0.146736 0
    outer loop
      vertex 14.5466 0.894196 1.25
      vertex 14.6618 1.67078 -1.25
      vertex 14.6618 1.67078 1.25
    endloop
  endfacet
  facet normal 0.989176 -0.146736 0
    outer loop
      vertex 14.6618 1.67078 -1.25
      vertex 14.5466 0.894196 1.25
      vertex 14.5466 0.894196 -1.25
    endloop
  endfacet
  facet normal 0.803189 -0.595724 0
    outer loop
      vertex 15.9958 4.89133 1.25
      vertex 16.4635 5.52191 -1.25
      vertex 16.4635 5.52191 1.25
    endloop
  endfacet
  facet normal 0.803189 -0.595724 0
    outer loop
      vertex 16.4635 5.52191 -1.25
      vertex 15.9958 4.89133 1.25
      vertex 15.9958 4.89133 -1.25
    endloop
  endfacet
  facet normal 0.881894 -0.471448 0
    outer loop
      vertex 15.5166 4.09183 1.25
      vertex 15.5513 4.15674 -1.25
      vertex 15.5513 4.15674 1.25
    endloop
  endfacet
  facet normal 0.881894 -0.471448 0
    outer loop
      vertex 15.5513 4.15674 -1.25
      vertex 15.5166 4.09183 1.25
      vertex 15.5166 4.09183 -1.25
    endloop
  endfacet
  facet normal 0.95683 -0.290648 0
    outer loop
      vertex 14.8669 2.50449 1.25
      vertex 14.8883 2.57494 -1.25
      vertex 14.8883 2.57494 1.25
    endloop
  endfacet
  facet normal 0.95683 -0.290648 0
    outer loop
      vertex 14.8883 2.57494 -1.25
      vertex 14.8669 2.50449 1.25
      vertex 14.8669 2.50449 -1.25
    endloop
  endfacet
  facet normal 0.740971 -0.671537 0
    outer loop
      vertex 16.5102 5.57881 1.25
      vertex 17.0374 6.16052 -1.25
      vertex 17.0374 6.16052 1.25
    endloop
  endfacet
  facet normal 0.740971 -0.671537 0
    outer loop
      vertex 17.0374 6.16052 -1.25
      vertex 16.5102 5.57881 1.25
      vertex 16.5102 5.57881 -1.25
    endloop
  endfacet
  facet normal 0.47094 -0.882165 0
    outer loop
      vertex 19.0932 7.69865 0.656754
      vertex 19.1582 7.73335 -0.591843
      vertex 19.1582 7.73335 0.591843
    endloop
  endfacet
  facet normal 0.47094 -0.882165 0
    outer loop
      vertex 19.1582 7.73335 -0.591843
      vertex 19.0932 7.69865 0.656754
      vertex 19.0932 7.69865 -0.656754
    endloop
  endfacet
  facet normal 0.995207 -0.0977917 0
    outer loop
      vertex 14.5394 0.820923 1.25
      vertex 14.5466 0.894196 -1.25
      vertex 14.5466 0.894196 1.25
    endloop
  endfacet
  facet normal 0.995207 -0.0977917 0
    outer loop
      vertex 14.5466 0.894196 -1.25
      vertex 14.5394 0.820923 1.25
      vertex 14.5394 0.820923 -1.25
    endloop
  endfacet
  facet normal 0.706631 0.707582 0
    outer loop
      vertex 17.0895 -6.21255 1.25
      vertex 17.0374 -6.16052 -1.25
      vertex 17.0374 -6.16052 1.25
    endloop
  endfacet
  facet normal 0.706631 0.707582 0
    outer loop
      vertex 17.0374 -6.16052 -1.25
      vertex 17.0895 -6.21255 1.25
      vertex 17.0895 -6.21255 -1.25
    endloop
  endfacet
  facet normal 0.427731 0.903906 -0
    outer loop
      vertex 19.25 -7.77679 -0.5
      vertex 19.1582 -7.73335 0.591843
      vertex 19.25 -7.77679 0.5
    endloop
  endfacet
  facet normal 0.427731 0.903906 0
    outer loop
      vertex 19.1582 -7.73335 0.591843
      vertex 19.25 -7.77679 -0.5
      vertex 19.1582 -7.73335 -0.591843
    endloop
  endfacet
  facet normal 0.772988 -0.634421 0
    outer loop
      vertex 16.4635 5.52191 1.25
      vertex 16.5102 5.57881 -1.25
      vertex 16.5102 5.57881 1.25
    endloop
  endfacet
  facet normal 0.772988 -0.634421 0
    outer loop
      vertex 16.5102 5.57881 -1.25
      vertex 16.4635 5.52191 1.25
      vertex 16.4635 5.52191 -1.25
    endloop
  endfacet
  facet normal 0.90402 -0.427489 0
    outer loop
      vertex 15.181 3.38213 1.25
      vertex 15.5166 4.09183 -1.25
      vertex 15.5166 4.09183 1.25
    endloop
  endfacet
  facet normal 0.90402 -0.427489 0
    outer loop
      vertex 15.5166 4.09183 -1.25
      vertex 15.181 3.38213 1.25
      vertex 15.181 3.38213 -1.25
    endloop
  endfacet
  facet normal 0.941539 -0.336905 0
    outer loop
      vertex 14.8883 2.57494 1.25
      vertex 15.1528 3.31413 -1.25
      vertex 15.1528 3.31413 1.25
    endloop
  endfacet
  facet normal 0.941539 -0.336905 0
    outer loop
      vertex 15.1528 3.31413 -1.25
      vertex 14.8883 2.57494 1.25
      vertex 14.8883 2.57494 -1.25
    endloop
  endfacet
  facet normal 0.980664 -0.195698 0
    outer loop
      vertex 14.6618 1.67078 1.25
      vertex 14.6762 1.74294 -1.25
      vertex 14.6762 1.74294 1.25
    endloop
  endfacet
  facet normal 0.980664 -0.195698 0
    outer loop
      vertex 14.6762 1.74294 -1.25
      vertex 14.6618 1.67078 1.25
      vertex 14.6618 1.67078 -1.25
    endloop
  endfacet
  facet normal 0.63434 -0.773055 0
    outer loop
      vertex 17.6712 6.73979 -1.25
      vertex 17.7281 6.78648 1.25
      vertex 17.6712 6.73979 1.25
    endloop
  endfacet
  facet normal 0.63434 -0.773055 0
    outer loop
      vertex 17.7281 6.78648 1.25
      vertex 17.6712 6.73979 -1.25
      vertex 17.7281 6.78648 -1.25
    endloop
  endfacet
  facet normal 0.989176 0.146736 0
    outer loop
      vertex 14.6618 -1.67078 1.25
      vertex 14.5466 -0.894196 -1.25
      vertex 14.5466 -0.894196 1.25
    endloop
  endfacet
  facet normal 0.989176 0.146736 0
    outer loop
      vertex 14.5466 -0.894196 -1.25
      vertex 14.6618 -1.67078 1.25
      vertex 14.6618 -1.67078 -1.25
    endloop
  endfacet
  facet normal 0.995207 0.0977917 0
    outer loop
      vertex 14.5466 -0.894196 1.25
      vertex 14.5394 -0.820923 -1.25
      vertex 14.5394 -0.820923 1.25
    endloop
  endfacet
  facet normal 0.995207 0.0977917 0
    outer loop
      vertex 14.5394 -0.820923 -1.25
      vertex 14.5466 -0.894196 1.25
      vertex 14.5466 -0.894196 -1.25
    endloop
  endfacet
  facet normal 0.923719 0.383072 0
    outer loop
      vertex 15.181 -3.38213 1.25
      vertex 15.1528 -3.31413 -1.25
      vertex 15.1528 -3.31413 1.25
    endloop
  endfacet
  facet normal 0.923719 0.383072 0
    outer loop
      vertex 15.1528 -3.31413 -1.25
      vertex 15.181 -3.38213 1.25
      vertex 15.181 -3.38213 -1.25
    endloop
  endfacet
  facet normal 0.881894 0.471448 0
    outer loop
      vertex 15.5513 -4.15674 1.25
      vertex 15.5166 -4.09183 -1.25
      vertex 15.5166 -4.09183 1.25
    endloop
  endfacet
  facet normal 0.881894 0.471448 0
    outer loop
      vertex 15.5166 -4.09183 -1.25
      vertex 15.5513 -4.15674 1.25
      vertex 15.5513 -4.15674 -1.25
    endloop
  endfacet
  facet normal 0.740971 0.671537 0
    outer loop
      vertex 17.0374 -6.16052 1.25
      vertex 16.5102 -5.57881 -1.25
      vertex 16.5102 -5.57881 1.25
    endloop
  endfacet
  facet normal 0.740971 0.671537 0
    outer loop
      vertex 16.5102 -5.57881 -1.25
      vertex 17.0374 -6.16052 1.25
      vertex 17.0374 -6.16052 -1.25
    endloop
  endfacet
  facet normal 0.555546 0.831486 -0
    outer loop
      vertex 18.4199 -7.29504 -1.25
      vertex 18.3587 -7.25415 1.25
      vertex 18.4199 -7.29504 1.25
    endloop
  endfacet
  facet normal 0.555546 0.831486 0
    outer loop
      vertex 18.3587 -7.25415 1.25
      vertex 18.4199 -7.29504 -1.25
      vertex 18.3587 -7.25415 -1.25
    endloop
  endfacet
  facet normal 0.671571 0.74094 -0
    outer loop
      vertex 17.6712 -6.73979 -1.25
      vertex 17.0895 -6.21255 1.25
      vertex 17.6712 -6.73979 1.25
    endloop
  endfacet
  facet normal 0.671571 0.74094 0
    outer loop
      vertex 17.0895 -6.21255 1.25
      vertex 17.6712 -6.73979 -1.25
      vertex 17.0895 -6.21255 -1.25
    endloop
  endfacet
  facet normal 0.857733 -0.514095 0
    outer loop
      vertex 15.5513 4.15674 1.25
      vertex 15.9549 4.83012 -1.25
      vertex 15.9549 4.83012 1.25
    endloop
  endfacet
  facet normal 0.857733 -0.514095 0
    outer loop
      vertex 15.9549 4.83012 -1.25
      vertex 15.5513 4.15674 1.25
      vertex 15.5513 4.15674 -1.25
    endloop
  endfacet
  facet normal 0.970049 -0.24291 0
    outer loop
      vertex 14.6762 1.74294 1.25
      vertex 14.8669 2.50449 -1.25
      vertex 14.8669 2.50449 1.25
    endloop
  endfacet
  facet normal 0.970049 -0.24291 0
    outer loop
      vertex 14.8669 2.50449 -1.25
      vertex 14.6762 1.74294 1.25
      vertex 14.6762 1.74294 -1.25
    endloop
  endfacet
  facet normal 0.427731 -0.903906 0
    outer loop
      vertex 19.1582 7.73335 0.591843
      vertex 19.25 7.77679 -0.5
      vertex 19.25 7.77679 0.5
    endloop
  endfacet
  facet normal 0.427731 -0.903906 0
    outer loop
      vertex 19.25 7.77679 -0.5
      vertex 19.1582 7.73335 0.591843
      vertex 19.1582 7.73335 -0.591843
    endloop
  endfacet
  facet normal 0.90402 0.427489 0
    outer loop
      vertex 15.5166 -4.09183 1.25
      vertex 15.181 -3.38213 -1.25
      vertex 15.181 -3.38213 1.25
    endloop
  endfacet
  facet normal 0.90402 0.427489 0
    outer loop
      vertex 15.181 -3.38213 -1.25
      vertex 15.5166 -4.09183 1.25
      vertex 15.5166 -4.09183 -1.25
    endloop
  endfacet
  facet normal 0.941539 0.336905 0
    outer loop
      vertex 15.1528 -3.31413 1.25
      vertex 14.8883 -2.57494 -1.25
      vertex 14.8883 -2.57494 1.25
    endloop
  endfacet
  facet normal 0.941539 0.336905 0
    outer loop
      vertex 14.8883 -2.57494 -1.25
      vertex 15.1528 -3.31413 1.25
      vertex 15.1528 -3.31413 -1.25
    endloop
  endfacet
  facet normal 0.857733 0.514095 0
    outer loop
      vertex 15.9549 -4.83012 1.25
      vertex 15.5513 -4.15674 -1.25
      vertex 15.5513 -4.15674 1.25
    endloop
  endfacet
  facet normal 0.857733 0.514095 0
    outer loop
      vertex 15.5513 -4.15674 -1.25
      vertex 15.9549 -4.83012 1.25
      vertex 15.9549 -4.83012 -1.25
    endloop
  endfacet
  facet normal 0.831465 0.555578 0
    outer loop
      vertex 15.9958 -4.89133 1.25
      vertex 15.9549 -4.83012 -1.25
      vertex 15.9549 -4.83012 1.25
    endloop
  endfacet
  facet normal 0.831465 0.555578 0
    outer loop
      vertex 15.9549 -4.83012 -1.25
      vertex 15.9958 -4.89133 1.25
      vertex 15.9958 -4.89133 -1.25
    endloop
  endfacet
  facet normal 0.47094 0.882165 -0
    outer loop
      vertex 19.1582 -7.73335 -0.591843
      vertex 19.0932 -7.69865 0.656754
      vertex 19.1582 -7.73335 0.591843
    endloop
  endfacet
  facet normal 0.47094 0.882165 0
    outer loop
      vertex 19.0932 -7.69865 0.656754
      vertex 19.1582 -7.73335 -0.591843
      vertex 19.0932 -7.69865 -0.656754
    endloop
  endfacet
  facet normal 0.514338 0.857587 0.000291842
    outer loop
      vertex 19.0932 -7.69865 0.656754
      vertex 18.4199 -7.29504 1.25
      vertex 18.5 -7.34308 1.25
    endloop
  endfacet
  facet normal 0.514149 0.857701 -0
    outer loop
      vertex 19.0932 -7.69865 -0.656754
      vertex 18.4199 -7.29504 1.25
      vertex 19.0932 -7.69865 0.656754
    endloop
  endfacet
  facet normal 0.514338 0.857587 -0.000291842
    outer loop
      vertex 18.4199 -7.29504 -1.25
      vertex 19.0932 -7.69865 -0.656754
      vertex 18.5 -7.34308 -1.25
    endloop
  endfacet
  facet normal 0.514149 0.857701 0
    outer loop
      vertex 19.0932 -7.69865 -0.656754
      vertex 18.4199 -7.29504 -1.25
      vertex 18.4199 -7.29504 1.25
    endloop
  endfacet
  facet normal 0.595687 0.803217 -0
    outer loop
      vertex 18.3587 -7.25415 -1.25
      vertex 17.7281 -6.78648 1.25
      vertex 18.3587 -7.25415 1.25
    endloop
  endfacet
  facet normal 0.595687 0.803217 0
    outer loop
      vertex 17.7281 -6.78648 1.25
      vertex 18.3587 -7.25415 -1.25
      vertex 17.7281 -6.78648 -1.25
    endloop
  endfacet
  facet normal 0.63434 0.773055 -0
    outer loop
      vertex 17.7281 -6.78648 -1.25
      vertex 17.6712 -6.73979 1.25
      vertex 17.7281 -6.78648 1.25
    endloop
  endfacet
  facet normal 0.63434 0.773055 0
    outer loop
      vertex 17.6712 -6.73979 1.25
      vertex 17.7281 -6.78648 -1.25
      vertex 17.6712 -6.73979 -1.25
    endloop
  endfacet
  facet normal 0.706631 -0.707582 0
    outer loop
      vertex 17.0374 6.16052 1.25
      vertex 17.0895 6.21255 -1.25
      vertex 17.0895 6.21255 1.25
    endloop
  endfacet
  facet normal 0.706631 -0.707582 0
    outer loop
      vertex 17.0895 6.21255 -1.25
      vertex 17.0374 6.16052 1.25
      vertex 17.0374 6.16052 -1.25
    endloop
  endfacet
  facet normal 0.671571 -0.74094 0
    outer loop
      vertex 17.0895 6.21255 -1.25
      vertex 17.6712 6.73979 1.25
      vertex 17.0895 6.21255 1.25
    endloop
  endfacet
  facet normal 0.671571 -0.74094 0
    outer loop
      vertex 17.6712 6.73979 1.25
      vertex 17.0895 6.21255 -1.25
      vertex 17.6712 6.73979 -1.25
    endloop
  endfacet
  facet normal 0.595687 -0.803217 0
    outer loop
      vertex 17.7281 6.78648 -1.25
      vertex 18.3587 7.25415 1.25
      vertex 17.7281 6.78648 1.25
    endloop
  endfacet
  facet normal 0.595687 -0.803217 0
    outer loop
      vertex 18.3587 7.25415 1.25
      vertex 17.7281 6.78648 -1.25
      vertex 18.3587 7.25415 -1.25
    endloop
  endfacet
  facet normal 0.555546 -0.831486 0
    outer loop
      vertex 18.3587 7.25415 -1.25
      vertex 18.4199 7.29504 1.25
      vertex 18.3587 7.25415 1.25
    endloop
  endfacet
  facet normal 0.555546 -0.831486 0
    outer loop
      vertex 18.4199 7.29504 1.25
      vertex 18.3587 7.25415 -1.25
      vertex 18.4199 7.29504 -1.25
    endloop
  endfacet
  facet normal 0.514338 -0.857587 0.000291842
    outer loop
      vertex 18.4199 7.29504 1.25
      vertex 19.0932 7.69865 0.656754
      vertex 18.5 7.34308 1.25
    endloop
  endfacet
  facet normal 0.514149 -0.857701 0
    outer loop
      vertex 18.4199 7.29504 1.25
      vertex 19.0932 7.69865 -0.656754
      vertex 19.0932 7.69865 0.656754
    endloop
  endfacet
  facet normal 0.514149 -0.857701 0
    outer loop
      vertex 18.4199 7.29504 -1.25
      vertex 19.0932 7.69865 -0.656754
      vertex 18.4199 7.29504 1.25
    endloop
  endfacet
  facet normal 0.514338 -0.857587 -0.000291842
    outer loop
      vertex 19.0932 7.69865 -0.656754
      vertex 18.4199 7.29504 -1.25
      vertex 18.5 7.34308 -1.25
    endloop
  endfacet
  facet normal 0.95683 0.290648 0
    outer loop
      vertex 14.8883 -2.57494 1.25
      vertex 14.8669 -2.50449 -1.25
      vertex 14.8669 -2.50449 1.25
    endloop
  endfacet
  facet normal 0.95683 0.290648 0
    outer loop
      vertex 14.8669 -2.50449 -1.25
      vertex 14.8883 -2.57494 1.25
      vertex 14.8883 -2.57494 -1.25
    endloop
  endfacet
  facet normal 0.998797 0.0490397 0
    outer loop
      vertex 14.5394 -0.820923 1.25
      vertex 14.5009 -0.0367889 -1.25
      vertex 14.5009 -0.0367889 1.25
    endloop
  endfacet
  facet normal 0.998797 0.0490397 0
    outer loop
      vertex 14.5009 -0.0367889 -1.25
      vertex 14.5394 -0.820923 1.25
      vertex 14.5394 -0.820923 -1.25
    endloop
  endfacet
  facet normal 1 -0 0
    outer loop
      vertex 14.5009 -0.0367889 1.25
      vertex 14.5009 0.0367889 -1.25
      vertex 14.5009 0.0367889 1.25
    endloop
  endfacet
  facet normal 1 0 0
    outer loop
      vertex 14.5009 0.0367889 -1.25
      vertex 14.5009 -0.0367889 1.25
      vertex 14.5009 -0.0367889 -1.25
    endloop
  endfacet
  facet normal 0.772988 0.634421 0
    outer loop
      vertex 16.5102 -5.57881 1.25
      vertex 16.4635 -5.52191 -1.25
      vertex 16.4635 -5.52191 1.25
    endloop
  endfacet
  facet normal 0.772988 0.634421 0
    outer loop
      vertex 16.4635 -5.52191 -1.25
      vertex 16.5102 -5.57881 1.25
      vertex 16.5102 -5.57881 -1.25
    endloop
  endfacet
  facet normal 0.803189 0.595724 0
    outer loop
      vertex 16.4635 -5.52191 1.25
      vertex 15.9958 -4.89133 -1.25
      vertex 15.9958 -4.89133 1.25
    endloop
  endfacet
  facet normal 0.803189 0.595724 0
    outer loop
      vertex 15.9958 -4.89133 -1.25
      vertex 16.4635 -5.52191 1.25
      vertex 16.4635 -5.52191 -1.25
    endloop
  endfacet
  facet normal 0.970049 0.24291 0
    outer loop
      vertex 14.8669 -2.50449 1.25
      vertex 14.6762 -1.74294 -1.25
      vertex 14.6762 -1.74294 1.25
    endloop
  endfacet
  facet normal 0.970049 0.24291 0
    outer loop
      vertex 14.6762 -1.74294 -1.25
      vertex 14.8669 -2.50449 1.25
      vertex 14.8669 -2.50449 -1.25
    endloop
  endfacet
  facet normal 0.980664 0.195698 0
    outer loop
      vertex 14.6762 -1.74294 1.25
      vertex 14.6618 -1.67078 -1.25
      vertex 14.6618 -1.67078 1.25
    endloop
  endfacet
  facet normal 0.980664 0.195698 0
    outer loop
      vertex 14.6618 -1.67078 -1.25
      vertex 14.6762 -1.74294 1.25
      vertex 14.6762 -1.74294 -1.25
    endloop
  endfacet
  facet normal -0.94158 0.336788 0
    outer loop
      vertex -18.9916 16.7417 -0.5
      vertex -18.7933 17.2961 0.5
      vertex -18.7933 17.2961 -0.5
    endloop
  endfacet
  facet normal -0.94158 0.336788 0
    outer loop
      vertex -18.7933 17.2961 0.5
      vertex -18.9916 16.7417 -0.5
      vertex -18.9916 16.7417 0.5
    endloop
  endfacet
  facet normal -0.699869 0.103827 -0.706685
    outer loop
      vertex -18.3991 16.0242 -1.25
      vertex -18.4747 15.5146 -1.25
      vertex -19.1347 16.1705 -0.5
    endloop
  endfacet
  facet normal -0.857718 0.514121 0
    outer loop
      vertex -18.5415 17.8284 -0.5
      vertex -18.2388 18.3334 0.5
      vertex -18.2388 18.3334 -0.5
    endloop
  endfacet
  facet normal -0.857718 0.514121 0
    outer loop
      vertex -18.2388 18.3334 0.5
      vertex -18.5415 17.8284 -0.5
      vertex -18.5415 17.8284 0.5
    endloop
  endfacet
  facet normal -0.238236 0.666212 -0.706686
    outer loop
      vertex -15.248 20.6499 -0.5
      vertex -15.3983 20.4439 -0.643533
      vertex -15.5461 20.5433 -0.5
    endloop
  endfacet
  facet normal -0.302463 0.639649 -0.706658
    outer loop
      vertex -16.0784 20.2915 -0.5
      vertex -15.6269 20.1306 -0.838893
      vertex -15.8378 19.8415 -1.01031
    endloop
  endfacet
  facet normal -0.302536 0.639555 -0.706711
    outer loop
      vertex -15.6269 20.1306 -0.838893
      vertex -16.0784 20.2915 -0.5
      vertex -15.5461 20.5433 -0.5
    endloop
  endfacet
  facet normal -0.363803 0.606857 0.706662
    outer loop
      vertex -15.8378 19.8415 1.01031
      vertex -16.0784 20.2915 0.5
      vertex -16.164 19.3944 1.22633
    endloop
  endfacet
  facet normal -0.363759 0.606866 0.706678
    outer loop
      vertex -16.5834 19.9888 0.5
      vertex -16.164 19.3944 1.22633
      vertex -16.0784 20.2915 0.5
    endloop
  endfacet
  facet normal -0.362593 0.607624 0.706625
    outer loop
      vertex -16.164 19.3944 1.22633
      vertex -16.5834 19.9888 0.5
      vertex -16.1756 19.3785 1.23405
    endloop
  endfacet
  facet normal -0.998795 0.0490821 0
    outer loop
      vertex -19.25 15 -0.5
      vertex -19.2211 15.5881 0.5
      vertex -19.2211 15.5881 -0.5
    endloop
  endfacet
  facet normal -0.998795 0.0490821 0
    outer loop
      vertex -19.2211 15.5881 0.5
      vertex -19.25 15 -0.5
      vertex -19.25 15 0.5
    endloop
  endfacet
  facet normal -0.706673 0.0347432 0.706686
    outer loop
      vertex -18.5 15 1.25
      vertex -18.4747 15.5146 1.25
      vertex -19.2211 15.5881 0.5
    endloop
  endfacet
  facet normal -0.707107 0 -0.707107
    outer loop
      vertex -18.5 15 -1.25
      vertex -19.25 7.77679 -0.5
      vertex -19.25 15 -0.5
    endloop
  endfacet
  facet normal -0.707265 3.27728e-05 -0.706949
    outer loop
      vertex -18.5 15 -1.25
      vertex -19.1582 7.73335 -0.591843
      vertex -19.25 7.77679 -0.5
    endloop
  endfacet
  facet normal -0.706643 -7.9713e-05 -0.70757
    outer loop
      vertex -18.5 15 -1.25
      vertex -19.0932 7.69865 -0.656754
      vertex -19.1582 7.73335 -0.591843
    endloop
  endfacet
  facet normal -0.707134 0 -0.707079
    outer loop
      vertex -19.0932 7.69865 -0.656754
      vertex -18.5 15 -1.25
      vertex -18.5 7.34308 -1.25
    endloop
  endfacet
  facet normal -0.707134 0 -0.707079
    outer loop
      vertex -18.5 -15 -1.25
      vertex -19.0932 -7.69865 -0.656754
      vertex -18.5 -7.34308 -1.25
    endloop
  endfacet
  facet normal -0.706643 7.9713e-05 -0.70757
    outer loop
      vertex -18.5 -15 -1.25
      vertex -19.1582 -7.73335 -0.591843
      vertex -19.0932 -7.69865 -0.656754
    endloop
  endfacet
  facet normal -0.707265 -3.27728e-05 -0.706949
    outer loop
      vertex -18.5 -15 -1.25
      vertex -19.25 -7.77679 -0.5
      vertex -19.1582 -7.73335 -0.591843
    endloop
  endfacet
  facet normal -0.707107 -0 -0.707107
    outer loop
      vertex -19.25 -7.77679 -0.5
      vertex -18.5 -15 -1.25
      vertex -19.25 -15 -0.5
    endloop
  endfacet
  facet normal -0.699869 -0.103827 -0.706685
    outer loop
      vertex -18.4747 -15.5146 -1.25
      vertex -19.1347 -16.1705 -0.5
      vertex -19.2211 -15.5881 -0.5
    endloop
  endfacet
  facet normal -0.475241 -0.524147 0.706694
    outer loop
      vertex -17.0564 -19.6381 0.5
      vertex -16.5806 -19.0583 1.25
      vertex -17.4926 -19.2426 0.5
    endloop
  endfacet
  facet normal -0.238301 -0.666157 -0.706715
    outer loop
      vertex -15.4663 -20.3507 -0.708455
      vertex -15.3983 -20.4439 -0.643533
      vertex -15.5461 -20.5433 -0.5
    endloop
  endfacet
  facet normal -0.238236 -0.666212 0.706686
    outer loop
      vertex -15.248 -20.6499 0.5
      vertex -15.3983 -20.4439 0.643533
      vertex -15.5461 -20.5433 0.5
    endloop
  endfacet
  facet normal -0.524147 0.475241 -0.706694
    outer loop
      vertex -17.4926 19.2426 -0.5
      vertex -17.3083 18.3306 -1.25
      vertex -17.8881 18.8064 -0.5
    endloop
  endfacet
  facet normal -0.68632 0.171941 0.706683
    outer loop
      vertex -18.3991 16.0242 1.25
      vertex -18.9916 16.7417 0.5
      vertex -19.1347 16.1705 0.5
    endloop
  endfacet
  facet normal -0.336717 0.941606 0
    outer loop
      vertex -15.248 20.6499 -0.5
      vertex -15.5461 20.5433 0.5
      vertex -15.248 20.6499 0.5
    endloop
  endfacet
  facet normal -0.336717 0.941606 0
    outer loop
      vertex -15.5461 20.5433 0.5
      vertex -15.248 20.6499 -0.5
      vertex -15.5461 20.5433 -0.5
    endloop
  endfacet
  facet normal -0.238301 0.666157 -0.706715
    outer loop
      vertex -15.3983 20.4439 -0.643533
      vertex -15.4663 20.3507 -0.708455
      vertex -15.5461 20.5433 -0.5
    endloop
  endfacet
  facet normal -0.68632 0.171941 -0.706683
    outer loop
      vertex -18.9916 16.7417 -0.5
      vertex -18.3991 16.0242 -1.25
      vertex -19.1347 16.1705 -0.5
    endloop
  endfacet
  facet normal -0.639588 0.302552 -0.706675
    outer loop
      vertex -18.5415 17.8284 -0.5
      vertex -17.8801 17.4748 -1.25
      vertex -18.7933 17.2961 -0.5
    endloop
  endfacet
  facet normal -0.568329 -0.421406 0.706696
    outer loop
      vertex -17.3083 -18.3306 1.25
      vertex -17.6152 -17.9167 1.25
      vertex -17.8881 -18.8064 0.5
    endloop
  endfacet
  facet normal -0.568347 -0.421394 -0.706688
    outer loop
      vertex -17.6152 -17.9167 -1.25
      vertex -17.8881 -18.8064 -0.5
      vertex -18.2388 -18.3334 -0.5
    endloop
  endfacet
  facet normal -0.857718 -0.514121 0
    outer loop
      vertex -18.2388 -18.3334 -0.5
      vertex -18.5415 -17.8284 0.5
      vertex -18.5415 -17.8284 -0.5
    endloop
  endfacet
  facet normal -0.857718 -0.514121 0
    outer loop
      vertex -18.5415 -17.8284 0.5
      vertex -18.2388 -18.3334 -0.5
      vertex -18.2388 -18.3334 0.5
    endloop
  endfacet
  facet normal -0.302463 -0.639649 0.706658
    outer loop
      vertex -16.0784 -20.2915 0.5
      vertex -15.6269 -20.1306 0.838893
      vertex -15.8378 -19.8415 1.01031
    endloop
  endfacet
  facet normal -0.302536 -0.639555 0.706711
    outer loop
      vertex -15.6269 -20.1306 0.838893
      vertex -16.0784 -20.2915 0.5
      vertex -15.5461 -20.5433 0.5
    endloop
  endfacet
  facet normal -0.420259 -0.569177 -0.706696
    outer loop
      vertex -16.5834 -19.9888 -0.5
      vertex -16.1819 -19.3699 -1.23723
      vertex -16.1756 -19.3785 -1.23405
    endloop
  endfacet
  facet normal -0.421415 -0.568376 -0.706653
    outer loop
      vertex -16.1819 -19.3699 -1.23723
      vertex -16.5834 -19.9888 -0.5
      vertex -17.0564 -19.6381 -0.5
    endloop
  endfacet
  facet normal -0.302512 0.639557 0.70672
    outer loop
      vertex -15.4663 20.3507 0.708455
      vertex -15.5461 20.5433 0.5
      vertex -15.6269 20.1306 0.838893
    endloop
  endfacet
  facet normal -0.42146 0.568287 -0.706698
    outer loop
      vertex -17.0564 19.6381 -0.5
      vertex -16.2071 19.3353 -1.25
      vertex -16.5806 19.0583 -1.25
    endloop
  endfacet
  facet normal -0.421673 0.567982 -0.706816
    outer loop
      vertex -16.2071 19.3353 -1.25
      vertex -17.0564 19.6381 -0.5
      vertex -16.1819 19.3699 -1.23723
    endloop
  endfacet
  facet normal -0.420259 0.569177 0.706696
    outer loop
      vertex -16.5834 19.9888 0.5
      vertex -16.1819 19.3699 1.23723
      vertex -16.1756 19.3785 1.23405
    endloop
  endfacet
  facet normal -0.421415 0.568376 0.706653
    outer loop
      vertex -16.1819 19.3699 1.23723
      vertex -16.5834 19.9888 0.5
      vertex -17.0564 19.6381 0.5
    endloop
  endfacet
  facet normal -1 0 0
    outer loop
      vertex -19.25 7.77679 -0.5
      vertex -19.25 15 0.5
      vertex -19.25 15 -0.5
    endloop
  endfacet
  facet normal -1 -0 0
    outer loop
      vertex -19.25 15 0.5
      vertex -19.25 7.77679 -0.5
      vertex -19.25 7.77679 0.5
    endloop
  endfacet
  facet normal -1 0 0
    outer loop
      vertex -19.25 -15 -0.5
      vertex -19.25 -7.77679 0.5
      vertex -19.25 -7.77679 -0.5
    endloop
  endfacet
  facet normal -1 -0 0
    outer loop
      vertex -19.25 -7.77679 0.5
      vertex -19.25 -15 -0.5
      vertex -19.25 -15 0.5
    endloop
  endfacet
  facet normal -0.666201 0.23829 0.706678
    outer loop
      vertex -18.2739 16.524 1.25
      vertex -18.7933 17.2961 0.5
      vertex -18.9916 16.7417 0.5
    endloop
  endfacet
  facet normal -0.699869 0.103827 0.706685
    outer loop
      vertex -18.4747 15.5146 1.25
      vertex -18.3991 16.0242 1.25
      vertex -19.1347 16.1705 0.5
    endloop
  endfacet
  facet normal -0.699869 0.103827 -0.706685
    outer loop
      vertex -19.1347 16.1705 -0.5
      vertex -18.4747 15.5146 -1.25
      vertex -19.2211 15.5881 -0.5
    endloop
  endfacet
  facet normal -0.989174 0.146746 0
    outer loop
      vertex -19.2211 15.5881 -0.5
      vertex -19.1347 16.1705 0.5
      vertex -19.1347 16.1705 -0.5
    endloop
  endfacet
  facet normal -0.989174 0.146746 0
    outer loop
      vertex -19.1347 16.1705 0.5
      vertex -19.2211 15.5881 -0.5
      vertex -19.2211 15.5881 0.5
    endloop
  endfacet
  facet normal -0.666213 0.238276 -0.706672
    outer loop
      vertex -18.1004 17.0091 -1.25
      vertex -18.2739 16.524 -1.25
      vertex -18.7933 17.2961 -0.5
    endloop
  endfacet
  facet normal -0.740823 0.6717 0
    outer loop
      vertex -17.8881 18.8064 -0.5
      vertex -17.4926 19.2426 0.5
      vertex -17.4926 19.2426 -0.5
    endloop
  endfacet
  facet normal -0.740823 0.6717 0
    outer loop
      vertex -17.4926 19.2426 0.5
      vertex -17.8881 18.8064 -0.5
      vertex -17.8881 18.8064 0.5
    endloop
  endfacet
  facet normal -0.639588 0.302558 -0.706673
    outer loop
      vertex -17.8801 17.4748 -1.25
      vertex -18.1004 17.0091 -1.25
      vertex -18.7933 17.2961 -0.5
    endloop
  endfacet
  facet normal -0.699869 0.103827 0.706685
    outer loop
      vertex -18.4747 15.5146 1.25
      vertex -19.1347 16.1705 0.5
      vertex -19.2211 15.5881 0.5
    endloop
  endfacet
  facet normal -0.699869 -0.103827 0.706685
    outer loop
      vertex -19.1347 -16.1705 0.5
      vertex -18.4747 -15.5146 1.25
      vertex -19.2211 -15.5881 0.5
    endloop
  endfacet
  facet normal -0.68633 -0.171926 -0.706677
    outer loop
      vertex -18.3991 -16.0242 -1.25
      vertex -18.2739 -16.524 -1.25
      vertex -18.9916 -16.7417 -0.5
    endloop
  endfacet
  facet normal -0.524147 -0.475241 -0.706694
    outer loop
      vertex -17.3083 -18.3306 -1.25
      vertex -17.4926 -19.2426 -0.5
      vertex -17.8881 -18.8064 -0.5
    endloop
  endfacet
  facet normal -0.421673 -0.567982 -0.706816
    outer loop
      vertex -17.0564 -19.6381 -0.5
      vertex -16.2071 -19.3353 -1.25
      vertex -16.1819 -19.3699 -1.23723
    endloop
  endfacet
  facet normal -0.42146 -0.568287 -0.706698
    outer loop
      vertex -16.2071 -19.3353 -1.25
      vertex -17.0564 -19.6381 -0.5
      vertex -16.5806 -19.0583 -1.25
    endloop
  endfacet
  facet normal -0.803289 -0.595589 0
    outer loop
      vertex -17.8881 -18.8064 -0.5
      vertex -18.2388 -18.3334 0.5
      vertex -18.2388 -18.3334 -0.5
    endloop
  endfacet
  facet normal -0.803289 -0.595589 0
    outer loop
      vertex -18.2388 -18.3334 0.5
      vertex -17.8881 -18.8064 -0.5
      vertex -17.8881 -18.8064 0.5
    endloop
  endfacet
  facet normal -0.568329 -0.421406 -0.706696
    outer loop
      vertex -17.6152 -17.9167 -1.25
      vertex -17.3083 -18.3306 -1.25
      vertex -17.8881 -18.8064 -0.5
    endloop
  endfacet
  facet normal -0.475198 -0.524229 -0.706662
    outer loop
      vertex -16.9623 -18.7123 -1.25
      vertex -16.5806 -19.0583 -1.25
      vertex -17.4926 -19.2426 -0.5
    endloop
  endfacet
  facet normal -0.740823 -0.6717 0
    outer loop
      vertex -17.4926 -19.2426 -0.5
      vertex -17.8881 -18.8064 0.5
      vertex -17.8881 -18.8064 -0.5
    endloop
  endfacet
  facet normal -0.740823 -0.6717 0
    outer loop
      vertex -17.8881 -18.8064 0.5
      vertex -17.4926 -19.2426 -0.5
      vertex -17.4926 -19.2426 0.5
    endloop
  endfacet
  facet normal -0.595589 -0.803289 0
    outer loop
      vertex -17.0564 -19.6381 -0.5
      vertex -16.5834 -19.9888 0.5
      vertex -17.0564 -19.6381 0.5
    endloop
  endfacet
  facet normal -0.595589 -0.803289 -0
    outer loop
      vertex -16.5834 -19.9888 0.5
      vertex -17.0564 -19.6381 -0.5
      vertex -16.5834 -19.9888 -0.5
    endloop
  endfacet
  facet normal -0.302536 -0.639555 -0.706711
    outer loop
      vertex -16.0784 -20.2915 -0.5
      vertex -15.6269 -20.1306 -0.838893
      vertex -15.5461 -20.5433 -0.5
    endloop
  endfacet
  facet normal -0.302463 -0.639649 -0.706658
    outer loop
      vertex -15.6269 -20.1306 -0.838893
      vertex -16.0784 -20.2915 -0.5
      vertex -15.8378 -19.8415 -1.01031
    endloop
  endfacet
  facet normal -0.238236 -0.666212 -0.706686
    outer loop
      vertex -15.3983 -20.4439 -0.643533
      vertex -15.248 -20.6499 -0.5
      vertex -15.5461 -20.5433 -0.5
    endloop
  endfacet
  facet normal -0.420259 0.569177 -0.706696
    outer loop
      vertex -16.1819 19.3699 -1.23723
      vertex -16.5834 19.9888 -0.5
      vertex -16.1756 19.3785 -1.23405
    endloop
  endfacet
  facet normal -0.421415 0.568376 -0.706653
    outer loop
      vertex -16.5834 19.9888 -0.5
      vertex -16.1819 19.3699 -1.23723
      vertex -17.0564 19.6381 -0.5
    endloop
  endfacet
  facet normal -0.362593 0.607624 -0.706625
    outer loop
      vertex -16.5834 19.9888 -0.5
      vertex -16.164 19.3944 -1.22633
      vertex -16.1756 19.3785 -1.23405
    endloop
  endfacet
  facet normal -0.363759 0.606866 -0.706678
    outer loop
      vertex -16.164 19.3944 -1.22633
      vertex -16.5834 19.9888 -0.5
      vertex -16.0784 20.2915 -0.5
    endloop
  endfacet
  facet normal -0.302536 0.639555 0.706711
    outer loop
      vertex -16.0784 20.2915 0.5
      vertex -15.6269 20.1306 0.838893
      vertex -15.5461 20.5433 0.5
    endloop
  endfacet
  facet normal -0.302463 0.639649 0.706658
    outer loop
      vertex -15.6269 20.1306 0.838893
      vertex -16.0784 20.2915 0.5
      vertex -15.8378 19.8415 1.01031
    endloop
  endfacet
  facet normal -0.6717 0.740823 0
    outer loop
      vertex -17.0564 19.6381 -0.5
      vertex -17.4926 19.2426 0.5
      vertex -17.0564 19.6381 0.5
    endloop
  endfacet
  facet normal -0.6717 0.740823 0
    outer loop
      vertex -17.4926 19.2426 0.5
      vertex -17.0564 19.6381 -0.5
      vertex -17.4926 19.2426 -0.5
    endloop
  endfacet
  facet normal -0.475241 0.524147 -0.706694
    outer loop
      vertex -17.0564 19.6381 -0.5
      vertex -16.5806 19.0583 -1.25
      vertex -17.4926 19.2426 -0.5
    endloop
  endfacet
  facet normal -0.524229 0.475198 0.706662
    outer loop
      vertex -17.3083 18.3306 1.25
      vertex -16.9623 18.7123 1.25
      vertex -17.4926 19.2426 0.5
    endloop
  endfacet
  facet normal -0.475198 0.524229 0.706662
    outer loop
      vertex -16.9623 18.7123 1.25
      vertex -16.5806 19.0583 1.25
      vertex -17.4926 19.2426 0.5
    endloop
  endfacet
  facet normal -0.70668 -0.0347272 -0.70668
    outer loop
      vertex -18.5 -15 -1.25
      vertex -19.2211 -15.5881 -0.5
      vertex -19.25 -15 -0.5
    endloop
  endfacet
  facet normal -0.70668 0.0347272 0.70668
    outer loop
      vertex -18.5 15 1.25
      vertex -19.2211 15.5881 0.5
      vertex -19.25 15 0.5
    endloop
  endfacet
  facet normal -0.707107 0 0.707107
    outer loop
      vertex -19.25 7.77679 0.5
      vertex -18.5 15 1.25
      vertex -19.25 15 0.5
    endloop
  endfacet
  facet normal -0.707265 3.27728e-05 0.706949
    outer loop
      vertex -19.1582 7.73335 0.591843
      vertex -18.5 15 1.25
      vertex -19.25 7.77679 0.5
    endloop
  endfacet
  facet normal -0.706643 -7.9713e-05 0.70757
    outer loop
      vertex -19.0932 7.69865 0.656754
      vertex -18.5 15 1.25
      vertex -19.1582 7.73335 0.591843
    endloop
  endfacet
  facet normal -0.707134 0 0.707079
    outer loop
      vertex -18.5 15 1.25
      vertex -19.0932 7.69865 0.656754
      vertex -18.5 7.34308 1.25
    endloop
  endfacet
  facet normal -0.707107 0 0.707107
    outer loop
      vertex -18.5 -15 1.25
      vertex -19.25 -7.77679 0.5
      vertex -19.25 -15 0.5
    endloop
  endfacet
  facet normal -0.707265 -3.27728e-05 0.706949
    outer loop
      vertex -19.25 -7.77679 0.5
      vertex -18.5 -15 1.25
      vertex -19.1582 -7.73335 0.591843
    endloop
  endfacet
  facet normal -0.706643 7.9713e-05 0.70757
    outer loop
      vertex -19.1582 -7.73335 0.591843
      vertex -18.5 -15 1.25
      vertex -19.0932 -7.69865 0.656754
    endloop
  endfacet
  facet normal -0.707134 0 0.707079
    outer loop
      vertex -19.0932 -7.69865 0.656754
      vertex -18.5 -15 1.25
      vertex -18.5 -7.34308 1.25
    endloop
  endfacet
  facet normal -0.666201 -0.23829 0.706678
    outer loop
      vertex -18.7933 -17.2961 0.5
      vertex -18.2739 -16.524 1.25
      vertex -18.9916 -16.7417 0.5
    endloop
  endfacet
  facet normal -0.666213 -0.238276 0.706672
    outer loop
      vertex -18.1004 -17.0091 1.25
      vertex -18.2739 -16.524 1.25
      vertex -18.7933 -17.2961 0.5
    endloop
  endfacet
  facet normal -0.524147 0.475241 0.706694
    outer loop
      vertex -17.3083 18.3306 1.25
      vertex -17.4926 19.2426 0.5
      vertex -17.8881 18.8064 0.5
    endloop
  endfacet
  facet normal -0.68633 0.171926 0.706677
    outer loop
      vertex -18.3991 16.0242 1.25
      vertex -18.2739 16.524 1.25
      vertex -18.9916 16.7417 0.5
    endloop
  endfacet
  facet normal -0.70668 0.0347272 -0.70668
    outer loop
      vertex -19.2211 15.5881 -0.5
      vertex -18.5 15 -1.25
      vertex -19.25 15 -0.5
    endloop
  endfacet
  facet normal -0.706673 0.0347432 -0.706686
    outer loop
      vertex -18.4747 15.5146 -1.25
      vertex -18.5 15 -1.25
      vertex -19.2211 15.5881 -0.5
    endloop
  endfacet
  facet normal -0.68633 0.171926 -0.706677
    outer loop
      vertex -18.2739 16.524 -1.25
      vertex -18.3991 16.0242 -1.25
      vertex -18.9916 16.7417 -0.5
    endloop
  endfacet
  facet normal -0.666201 0.23829 -0.706678
    outer loop
      vertex -18.7933 17.2961 -0.5
      vertex -18.2739 16.524 -1.25
      vertex -18.9916 16.7417 -0.5
    endloop
  endfacet
  facet normal -0.568347 0.421394 0.706688
    outer loop
      vertex -17.6152 17.9167 1.25
      vertex -17.8881 18.8064 0.5
      vertex -18.2388 18.3334 0.5
    endloop
  endfacet
  facet normal -0.568329 0.421406 0.706696
    outer loop
      vertex -17.6152 17.9167 1.25
      vertex -17.3083 18.3306 1.25
      vertex -17.8881 18.8064 0.5
    endloop
  endfacet
  facet normal -0.706673 -0.0347432 -0.706686
    outer loop
      vertex -18.5 -15 -1.25
      vertex -18.4747 -15.5146 -1.25
      vertex -19.2211 -15.5881 -0.5
    endloop
  endfacet
  facet normal -0.6717 -0.740823 0
    outer loop
      vertex -17.4926 -19.2426 -0.5
      vertex -17.0564 -19.6381 0.5
      vertex -17.4926 -19.2426 0.5
    endloop
  endfacet
  facet normal -0.6717 -0.740823 -0
    outer loop
      vertex -17.0564 -19.6381 0.5
      vertex -17.4926 -19.2426 -0.5
      vertex -17.0564 -19.6381 -0.5
    endloop
  endfacet
  facet normal -0.475198 -0.524229 0.706662
    outer loop
      vertex -16.5806 -19.0583 1.25
      vertex -16.9623 -18.7123 1.25
      vertex -17.4926 -19.2426 0.5
    endloop
  endfacet
  facet normal -0.568347 -0.421394 0.706688
    outer loop
      vertex -17.8881 -18.8064 0.5
      vertex -17.6152 -17.9167 1.25
      vertex -18.2388 -18.3334 0.5
    endloop
  endfacet
  facet normal -0.475241 -0.524147 -0.706694
    outer loop
      vertex -16.5806 -19.0583 -1.25
      vertex -17.0564 -19.6381 -0.5
      vertex -17.4926 -19.2426 -0.5
    endloop
  endfacet
  facet normal -0.363803 -0.606857 -0.706662
    outer loop
      vertex -15.8378 -19.8415 -1.01031
      vertex -16.0784 -20.2915 -0.5
      vertex -16.164 -19.3944 -1.22633
    endloop
  endfacet
  facet normal -0.427612 0.903962 0
    outer loop
      vertex -15.5461 20.5433 -0.5
      vertex -16.0784 20.2915 0.5
      vertex -15.5461 20.5433 0.5
    endloop
  endfacet
  facet normal -0.427612 0.903962 0
    outer loop
      vertex -16.0784 20.2915 0.5
      vertex -15.5461 20.5433 -0.5
      vertex -16.0784 20.2915 -0.5
    endloop
  endfacet
  facet normal -0.514121 0.857718 0
    outer loop
      vertex -16.0784 20.2915 -0.5
      vertex -16.5834 19.9888 0.5
      vertex -16.0784 20.2915 0.5
    endloop
  endfacet
  facet normal -0.514121 0.857718 0
    outer loop
      vertex -16.5834 19.9888 0.5
      vertex -16.0784 20.2915 -0.5
      vertex -16.5834 19.9888 -0.5
    endloop
  endfacet
  facet normal -0.363803 0.606857 -0.706662
    outer loop
      vertex -16.0784 20.2915 -0.5
      vertex -15.8378 19.8415 -1.01031
      vertex -16.164 19.3944 -1.22633
    endloop
  endfacet
  facet normal -0.238236 0.666212 0.706686
    outer loop
      vertex -15.3983 20.4439 0.643533
      vertex -15.248 20.6499 0.5
      vertex -15.5461 20.5433 0.5
    endloop
  endfacet
  facet normal -0.238301 0.666157 0.706715
    outer loop
      vertex -15.4663 20.3507 0.708455
      vertex -15.3983 20.4439 0.643533
      vertex -15.5461 20.5433 0.5
    endloop
  endfacet
  facet normal -0.421673 0.567982 0.706816
    outer loop
      vertex -17.0564 19.6381 0.5
      vertex -16.2071 19.3353 1.25
      vertex -16.1819 19.3699 1.23723
    endloop
  endfacet
  facet normal -0.42146 0.568287 0.706698
    outer loop
      vertex -16.2071 19.3353 1.25
      vertex -17.0564 19.6381 0.5
      vertex -16.5806 19.0583 1.25
    endloop
  endfacet
  facet normal -0.595589 0.803289 0
    outer loop
      vertex -16.5834 19.9888 -0.5
      vertex -17.0564 19.6381 0.5
      vertex -16.5834 19.9888 0.5
    endloop
  endfacet
  facet normal -0.595589 0.803289 0
    outer loop
      vertex -17.0564 19.6381 0.5
      vertex -16.5834 19.9888 -0.5
      vertex -17.0564 19.6381 -0.5
    endloop
  endfacet
  facet normal -0.699869 -0.103827 -0.706685
    outer loop
      vertex -18.4747 -15.5146 -1.25
      vertex -18.3991 -16.0242 -1.25
      vertex -19.1347 -16.1705 -0.5
    endloop
  endfacet
  facet normal -0.666201 -0.23829 -0.706678
    outer loop
      vertex -18.2739 -16.524 -1.25
      vertex -18.7933 -17.2961 -0.5
      vertex -18.9916 -16.7417 -0.5
    endloop
  endfacet
  facet normal -0.706673 -0.0347432 0.706686
    outer loop
      vertex -18.4747 -15.5146 1.25
      vertex -18.5 -15 1.25
      vertex -19.2211 -15.5881 0.5
    endloop
  endfacet
  facet normal -0.970023 -0.243015 0
    outer loop
      vertex -18.9916 -16.7417 -0.5
      vertex -19.1347 -16.1705 0.5
      vertex -19.1347 -16.1705 -0.5
    endloop
  endfacet
  facet normal -0.970023 -0.243015 0
    outer loop
      vertex -19.1347 -16.1705 0.5
      vertex -18.9916 -16.7417 -0.5
      vertex -18.9916 -16.7417 0.5
    endloop
  endfacet
  facet normal -0.639588 -0.302552 -0.706675
    outer loop
      vertex -17.8801 -17.4748 -1.25
      vertex -18.5415 -17.8284 -0.5
      vertex -18.7933 -17.2961 -0.5
    endloop
  endfacet
  facet normal -0.94158 -0.336788 0
    outer loop
      vertex -18.7933 -17.2961 -0.5
      vertex -18.9916 -16.7417 0.5
      vertex -18.9916 -16.7417 -0.5
    endloop
  endfacet
  facet normal -0.94158 -0.336788 0
    outer loop
      vertex -18.9916 -16.7417 0.5
      vertex -18.7933 -17.2961 -0.5
      vertex -18.7933 -17.2961 0.5
    endloop
  endfacet
  facet normal -0.970023 0.243015 0
    outer loop
      vertex -19.1347 16.1705 -0.5
      vertex -18.9916 16.7417 0.5
      vertex -18.9916 16.7417 -0.5
    endloop
  endfacet
  facet normal -0.970023 0.243015 0
    outer loop
      vertex -18.9916 16.7417 0.5
      vertex -19.1347 16.1705 -0.5
      vertex -19.1347 16.1705 0.5
    endloop
  endfacet
  facet normal -0.666213 0.238276 0.706672
    outer loop
      vertex -18.2739 16.524 1.25
      vertex -18.1004 17.0091 1.25
      vertex -18.7933 17.2961 0.5
    endloop
  endfacet
  facet normal -0.639588 0.302558 0.706673
    outer loop
      vertex -18.1004 17.0091 1.25
      vertex -17.8801 17.4748 1.25
      vertex -18.7933 17.2961 0.5
    endloop
  endfacet
  facet normal -0.606854 0.363783 -0.706676
    outer loop
      vertex -17.6152 17.9167 -1.25
      vertex -17.8801 17.4748 -1.25
      vertex -18.5415 17.8284 -0.5
    endloop
  endfacet
  facet normal -0.475198 0.524229 -0.706662
    outer loop
      vertex -16.5806 19.0583 -1.25
      vertex -16.9623 18.7123 -1.25
      vertex -17.4926 19.2426 -0.5
    endloop
  endfacet
  facet normal -0.524229 0.475198 -0.706662
    outer loop
      vertex -16.9623 18.7123 -1.25
      vertex -17.3083 18.3306 -1.25
      vertex -17.4926 19.2426 -0.5
    endloop
  endfacet
  facet normal -0.803289 0.595589 0
    outer loop
      vertex -18.2388 18.3334 -0.5
      vertex -17.8881 18.8064 0.5
      vertex -17.8881 18.8064 -0.5
    endloop
  endfacet
  facet normal -0.803289 0.595589 0
    outer loop
      vertex -17.8881 18.8064 0.5
      vertex -18.2388 18.3334 -0.5
      vertex -18.2388 18.3334 0.5
    endloop
  endfacet
  facet normal -0.568329 0.421406 -0.706696
    outer loop
      vertex -17.3083 18.3306 -1.25
      vertex -17.6152 17.9167 -1.25
      vertex -17.8881 18.8064 -0.5
    endloop
  endfacet
  facet normal -0.606859 0.363755 0.706685
    outer loop
      vertex -17.6152 17.9167 1.25
      vertex -18.2388 18.3334 0.5
      vertex -18.5415 17.8284 0.5
    endloop
  endfacet
  facet normal -0.606854 0.363783 0.706676
    outer loop
      vertex -17.8801 17.4748 1.25
      vertex -17.6152 17.9167 1.25
      vertex -18.5415 17.8284 0.5
    endloop
  endfacet
  facet normal -0.238301 -0.666157 0.706715
    outer loop
      vertex -15.3983 -20.4439 0.643533
      vertex -15.4663 -20.3507 0.708455
      vertex -15.5461 -20.5433 0.5
    endloop
  endfacet
  facet normal -0.302512 -0.639557 0.70672
    outer loop
      vertex -15.5461 -20.5433 0.5
      vertex -15.4663 -20.3507 0.708455
      vertex -15.6269 -20.1306 0.838893
    endloop
  endfacet
  facet normal -0.427612 -0.903962 0
    outer loop
      vertex -16.0784 -20.2915 -0.5
      vertex -15.5461 -20.5433 0.5
      vertex -16.0784 -20.2915 0.5
    endloop
  endfacet
  facet normal -0.427612 -0.903962 -0
    outer loop
      vertex -15.5461 -20.5433 0.5
      vertex -16.0784 -20.2915 -0.5
      vertex -15.5461 -20.5433 -0.5
    endloop
  endfacet
  facet normal -0.336717 -0.941606 0
    outer loop
      vertex -15.5461 -20.5433 -0.5
      vertex -15.248 -20.6499 0.5
      vertex -15.5461 -20.5433 0.5
    endloop
  endfacet
  facet normal -0.336717 -0.941606 -0
    outer loop
      vertex -15.248 -20.6499 0.5
      vertex -15.5461 -20.5433 -0.5
      vertex -15.248 -20.6499 -0.5
    endloop
  endfacet
  facet normal -0.42146 -0.568287 0.706698
    outer loop
      vertex -17.0564 -19.6381 0.5
      vertex -16.2071 -19.3353 1.25
      vertex -16.5806 -19.0583 1.25
    endloop
  endfacet
  facet normal -0.421673 -0.567982 0.706816
    outer loop
      vertex -16.2071 -19.3353 1.25
      vertex -17.0564 -19.6381 0.5
      vertex -16.1819 -19.3699 1.23723
    endloop
  endfacet
  facet normal -0.420259 -0.569177 0.706696
    outer loop
      vertex -16.1819 -19.3699 1.23723
      vertex -16.5834 -19.9888 0.5
      vertex -16.1756 -19.3785 1.23405
    endloop
  endfacet
  facet normal -0.421415 -0.568376 0.706653
    outer loop
      vertex -16.5834 -19.9888 0.5
      vertex -16.1819 -19.3699 1.23723
      vertex -17.0564 -19.6381 0.5
    endloop
  endfacet
  facet normal -0.514121 -0.857718 0
    outer loop
      vertex -16.5834 -19.9888 -0.5
      vertex -16.0784 -20.2915 0.5
      vertex -16.5834 -19.9888 0.5
    endloop
  endfacet
  facet normal -0.514121 -0.857718 -0
    outer loop
      vertex -16.0784 -20.2915 0.5
      vertex -16.5834 -19.9888 -0.5
      vertex -16.0784 -20.2915 -0.5
    endloop
  endfacet
  facet normal -0.524229 -0.475198 0.706662
    outer loop
      vertex -16.9623 -18.7123 1.25
      vertex -17.3083 -18.3306 1.25
      vertex -17.4926 -19.2426 0.5
    endloop
  endfacet
  facet normal -0.524147 -0.475241 0.706694
    outer loop
      vertex -17.4926 -19.2426 0.5
      vertex -17.3083 -18.3306 1.25
      vertex -17.8881 -18.8064 0.5
    endloop
  endfacet
  facet normal -0.524229 -0.475198 -0.706662
    outer loop
      vertex -17.3083 -18.3306 -1.25
      vertex -16.9623 -18.7123 -1.25
      vertex -17.4926 -19.2426 -0.5
    endloop
  endfacet
  facet normal -0.302512 0.639557 -0.70672
    outer loop
      vertex -15.5461 20.5433 -0.5
      vertex -15.4663 20.3507 -0.708455
      vertex -15.6269 20.1306 -0.838893
    endloop
  endfacet
  facet normal -0.475241 0.524147 0.706694
    outer loop
      vertex -16.5806 19.0583 1.25
      vertex -17.0564 19.6381 0.5
      vertex -17.4926 19.2426 0.5
    endloop
  endfacet
  facet normal -0.606859 -0.363755 0.706685
    outer loop
      vertex -18.2388 -18.3334 0.5
      vertex -17.6152 -17.9167 1.25
      vertex -18.5415 -17.8284 0.5
    endloop
  endfacet
  facet normal -0.68632 -0.171941 -0.706683
    outer loop
      vertex -18.3991 -16.0242 -1.25
      vertex -18.9916 -16.7417 -0.5
      vertex -19.1347 -16.1705 -0.5
    endloop
  endfacet
  facet normal -0.70668 -0.0347272 0.70668
    outer loop
      vertex -19.2211 -15.5881 0.5
      vertex -18.5 -15 1.25
      vertex -19.25 -15 0.5
    endloop
  endfacet
  facet normal -0.68633 -0.171926 0.706677
    outer loop
      vertex -18.2739 -16.524 1.25
      vertex -18.3991 -16.0242 1.25
      vertex -18.9916 -16.7417 0.5
    endloop
  endfacet
  facet normal -0.68632 -0.171941 0.706683
    outer loop
      vertex -18.9916 -16.7417 0.5
      vertex -18.3991 -16.0242 1.25
      vertex -19.1347 -16.1705 0.5
    endloop
  endfacet
  facet normal -0.639588 -0.302552 0.706675
    outer loop
      vertex -18.5415 -17.8284 0.5
      vertex -17.8801 -17.4748 1.25
      vertex -18.7933 -17.2961 0.5
    endloop
  endfacet
  facet normal -0.606854 -0.363783 0.706676
    outer loop
      vertex -17.6152 -17.9167 1.25
      vertex -17.8801 -17.4748 1.25
      vertex -18.5415 -17.8284 0.5
    endloop
  endfacet
  facet normal -0.606859 -0.363755 -0.706685
    outer loop
      vertex -17.6152 -17.9167 -1.25
      vertex -18.2388 -18.3334 -0.5
      vertex -18.5415 -17.8284 -0.5
    endloop
  endfacet
  facet normal -0.606854 -0.363783 -0.706676
    outer loop
      vertex -17.8801 -17.4748 -1.25
      vertex -17.6152 -17.9167 -1.25
      vertex -18.5415 -17.8284 -0.5
    endloop
  endfacet
  facet normal -0.568347 0.421394 -0.706688
    outer loop
      vertex -17.8881 18.8064 -0.5
      vertex -17.6152 17.9167 -1.25
      vertex -18.2388 18.3334 -0.5
    endloop
  endfacet
  facet normal -0.606859 0.363755 -0.706685
    outer loop
      vertex -18.2388 18.3334 -0.5
      vertex -17.6152 17.9167 -1.25
      vertex -18.5415 17.8284 -0.5
    endloop
  endfacet
  facet normal -0.639588 0.302552 0.706675
    outer loop
      vertex -17.8801 17.4748 1.25
      vertex -18.5415 17.8284 0.5
      vertex -18.7933 17.2961 0.5
    endloop
  endfacet
  facet normal -0.903962 0.427612 0
    outer loop
      vertex -18.7933 17.2961 -0.5
      vertex -18.5415 17.8284 0.5
      vertex -18.5415 17.8284 -0.5
    endloop
  endfacet
  facet normal -0.903962 0.427612 0
    outer loop
      vertex -18.5415 17.8284 0.5
      vertex -18.7933 17.2961 -0.5
      vertex -18.7933 17.2961 0.5
    endloop
  endfacet
  facet normal -0.302512 -0.639557 -0.70672
    outer loop
      vertex -15.4663 -20.3507 -0.708455
      vertex -15.5461 -20.5433 -0.5
      vertex -15.6269 -20.1306 -0.838893
    endloop
  endfacet
  facet normal -0.362593 -0.607624 0.706625
    outer loop
      vertex -16.5834 -19.9888 0.5
      vertex -16.164 -19.3944 1.22633
      vertex -16.1756 -19.3785 1.23405
    endloop
  endfacet
  facet normal -0.363759 -0.606866 0.706678
    outer loop
      vertex -16.164 -19.3944 1.22633
      vertex -16.5834 -19.9888 0.5
      vertex -16.0784 -20.2915 0.5
    endloop
  endfacet
  facet normal -0.363803 -0.606857 0.706662
    outer loop
      vertex -16.0784 -20.2915 0.5
      vertex -15.8378 -19.8415 1.01031
      vertex -16.164 -19.3944 1.22633
    endloop
  endfacet
  facet normal -0.363759 -0.606866 -0.706678
    outer loop
      vertex -16.5834 -19.9888 -0.5
      vertex -16.164 -19.3944 -1.22633
      vertex -16.0784 -20.2915 -0.5
    endloop
  endfacet
  facet normal -0.362593 -0.607624 -0.706625
    outer loop
      vertex -16.164 -19.3944 -1.22633
      vertex -16.5834 -19.9888 -0.5
      vertex -16.1756 -19.3785 -1.23405
    endloop
  endfacet
  facet normal -0.666213 -0.238276 -0.706672
    outer loop
      vertex -18.2739 -16.524 -1.25
      vertex -18.1004 -17.0091 -1.25
      vertex -18.7933 -17.2961 -0.5
    endloop
  endfacet
  facet normal -0.639588 -0.302558 -0.706673
    outer loop
      vertex -18.1004 -17.0091 -1.25
      vertex -17.8801 -17.4748 -1.25
      vertex -18.7933 -17.2961 -0.5
    endloop
  endfacet
  facet normal -0.998795 -0.0490821 0
    outer loop
      vertex -19.2211 -15.5881 -0.5
      vertex -19.25 -15 0.5
      vertex -19.25 -15 -0.5
    endloop
  endfacet
  facet normal -0.998795 -0.0490821 0
    outer loop
      vertex -19.25 -15 0.5
      vertex -19.2211 -15.5881 -0.5
      vertex -19.2211 -15.5881 0.5
    endloop
  endfacet
  facet normal -0.989174 -0.146746 0
    outer loop
      vertex -19.1347 -16.1705 -0.5
      vertex -19.2211 -15.5881 0.5
      vertex -19.2211 -15.5881 -0.5
    endloop
  endfacet
  facet normal -0.989174 -0.146746 0
    outer loop
      vertex -19.2211 -15.5881 0.5
      vertex -19.1347 -16.1705 -0.5
      vertex -19.1347 -16.1705 0.5
    endloop
  endfacet
  facet normal -0.699869 -0.103827 0.706685
    outer loop
      vertex -18.3991 -16.0242 1.25
      vertex -18.4747 -15.5146 1.25
      vertex -19.1347 -16.1705 0.5
    endloop
  endfacet
  facet normal -0.639588 -0.302558 0.706673
    outer loop
      vertex -17.8801 -17.4748 1.25
      vertex -18.1004 -17.0091 1.25
      vertex -18.7933 -17.2961 0.5
    endloop
  endfacet
  facet normal -0.903962 -0.427612 0
    outer loop
      vertex -18.5415 -17.8284 -0.5
      vertex -18.7933 -17.2961 0.5
      vertex -18.7933 -17.2961 -0.5
    endloop
  endfacet
  facet normal -0.903962 -0.427612 0
    outer loop
      vertex -18.7933 -17.2961 0.5
      vertex -18.5415 -17.8284 -0.5
      vertex -18.5415 -17.8284 0.5
    endloop
  endfacet
  facet normal 0 1 -0
    outer loop
      vertex -14.7132 13.6509 -1.25
      vertex -14.7868 13.6509 1.25
      vertex -14.7132 13.6509 1.25
    endloop
  endfacet
  facet normal 0 1 0
    outer loop
      vertex -14.7868 13.6509 1.25
      vertex -14.7132 13.6509 -1.25
      vertex -14.7868 13.6509 -1.25
    endloop
  endfacet
  facet normal -0.427502 0.904014 0
    outer loop
      vertex -13.4394 13.97 -1.25
      vertex -13.6257 13.8819 1.25
      vertex -13.4394 13.97 1.25
    endloop
  endfacet
  facet normal -0.427502 0.904014 0
    outer loop
      vertex -13.6257 13.8819 1.25
      vertex -13.4394 13.97 -1.25
      vertex -13.6257 13.8819 -1.25
    endloop
  endfacet
  facet normal 0.941566 -0.336828 0
    outer loop
      vertex -17.4657 17.3623 1.25
      vertex -17.3963 17.5563 -1.25
      vertex -17.3963 17.5563 1.25
    endloop
  endfacet
  facet normal 0.941566 -0.336828 0
    outer loop
      vertex -17.3963 17.5563 -1.25
      vertex -17.4657 17.3623 1.25
      vertex -17.4657 17.3623 -1.25
    endloop
  endfacet
  facet normal 0.772988 0.634421 0
    outer loop
      vertex -16.929 14.6641 1.25
      vertex -16.9757 14.721 -1.25
      vertex -16.9757 14.721 1.25
    endloop
  endfacet
  facet normal 0.772988 0.634421 0
    outer loop
      vertex -16.9757 14.721 -1.25
      vertex -16.929 14.6641 1.25
      vertex -16.929 14.6641 -1.25
    endloop
  endfacet
  facet normal -0.740977 0.67153 0
    outer loop
      vertex -10.5629 15.865 -1.25
      vertex -10.4575 15.9813 1.25
      vertex -10.4575 15.9813 -1.25
    endloop
  endfacet
  facet normal -0.740977 0.67153 0
    outer loop
      vertex -10.4575 15.9813 1.25
      vertex -10.5629 15.865 -1.25
      vertex -10.5629 15.865 1.25
    endloop
  endfacet
  facet normal 0.471505 0.881863 -0
    outer loop
      vertex -16.0606 13.97 -1.25
      vertex -16.1255 14.0047 1.25
      vertex -16.0606 13.97 1.25
    endloop
  endfacet
  facet normal 0.471505 0.881863 0
    outer loop
      vertex -16.1255 14.0047 1.25
      vertex -16.0606 13.97 -1.25
      vertex -16.1255 14.0047 -1.25
    endloop
  endfacet
  facet normal -0.904139 0.427238 0
    outer loop
      vertex -10.1609 16.4251 -1.25
      vertex -10.0938 16.5671 1.25
      vertex -10.0938 16.5671 -1.25
    endloop
  endfacet
  facet normal -0.904139 0.427238 0
    outer loop
      vertex -10.0938 16.5671 1.25
      vertex -10.1609 16.4251 -1.25
      vertex -10.1609 16.4251 1.25
    endloop
  endfacet
  facet normal -0.537327 0.843374 0
    outer loop
      vertex -10.9755 15.5264 -1.25
      vertex -13.1977 14.1106 1.25
      vertex -10.9755 15.5264 1.25
    endloop
  endfacet
  facet normal -0.537327 0.843374 0
    outer loop
      vertex -13.1977 14.1106 1.25
      vertex -10.9755 15.5264 -1.25
      vertex -13.1977 14.1106 -1.25
    endloop
  endfacet
  facet normal -0.383072 0.923719 0
    outer loop
      vertex -13.6257 13.8819 -1.25
      vertex -13.6937 13.8537 1.25
      vertex -13.6257 13.8819 1.25
    endloop
  endfacet
  facet normal -0.383072 0.923719 0
    outer loop
      vertex -13.6937 13.8537 1.25
      vertex -13.6257 13.8819 -1.25
      vertex -13.6937 13.8537 -1.25
    endloop
  endfacet
  facet normal 0.831423 -0.55564 0
    outer loop
      vertex -17.1394 18.0523 1.25
      vertex -17.0985 18.1135 -1.25
      vertex -17.0985 18.1135 1.25
    endloop
  endfacet
  facet normal 0.831423 -0.55564 0
    outer loop
      vertex -17.0985 18.1135 -1.25
      vertex -17.1394 18.0523 1.25
      vertex -17.1394 18.0523 -1.25
    endloop
  endfacet
  facet normal -0.969223 0.246183 0
    outer loop
      vertex -9.12866 20.25 -1.25
      vertex -8.93816 21 0.5
      vertex -8.93816 21 -0.5
    endloop
  endfacet
  facet normal -0.969223 0.246183 0
    outer loop
      vertex -9.12866 20.25 -1.25
      vertex -9.12866 20.25 1.25
      vertex -8.93816 21 0.5
    endloop
  endfacet
  facet normal -0.969226 0.246172 0
    outer loop
      vertex -9.99199 16.8509 -1.25
      vertex -9.12866 20.25 1.25
      vertex -9.12866 20.25 -1.25
    endloop
  endfacet
  facet normal -0.969226 0.246172 0
    outer loop
      vertex -9.12866 20.25 1.25
      vertex -9.99199 16.8509 -1.25
      vertex -9.99199 16.8509 1.25
    endloop
  endfacet
  facet normal -0.881298 0.472561 0
    outer loop
      vertex -10.1957 16.3602 -1.25
      vertex -10.1609 16.4251 1.25
      vertex -10.1609 16.4251 -1.25
    endloop
  endfacet
  facet normal -0.881298 0.472561 0
    outer loop
      vertex -10.1609 16.4251 1.25
      vertex -10.1957 16.3602 -1.25
      vertex -10.1957 16.3602 1.25
    endloop
  endfacet
  facet normal -0.595715 0.803196 0
    outer loop
      vertex -10.7882 15.6608 -1.25
      vertex -10.9144 15.5672 1.25
      vertex -10.7882 15.6608 1.25
    endloop
  endfacet
  facet normal -0.595715 0.803196 0
    outer loop
      vertex -10.9144 15.5672 1.25
      vertex -10.7882 15.6608 -1.25
      vertex -10.9144 15.5672 -1.25
    endloop
  endfacet
  facet normal -0.555328 0.831631 0
    outer loop
      vertex -10.9144 15.5672 -1.25
      vertex -10.9755 15.5264 1.25
      vertex -10.9144 15.5672 1.25
    endloop
  endfacet
  facet normal -0.555328 0.831631 0
    outer loop
      vertex -10.9755 15.5264 1.25
      vertex -10.9144 15.5672 -1.25
      vertex -10.9755 15.5264 -1.25
    endloop
  endfacet
  facet normal -0.471505 0.881863 0
    outer loop
      vertex -13.3745 14.0047 -1.25
      vertex -13.4394 13.97 1.25
      vertex -13.3745 14.0047 1.25
    endloop
  endfacet
  facet normal -0.471505 0.881863 0
    outer loop
      vertex -13.4394 13.97 1.25
      vertex -13.3745 14.0047 -1.25
      vertex -13.4394 13.97 -1.25
    endloop
  endfacet
  facet normal -0.513853 0.857878 0
    outer loop
      vertex -13.1977 14.1106 -1.25
      vertex -13.3745 14.0047 1.25
      vertex -13.1977 14.1106 1.25
    endloop
  endfacet
  facet normal -0.513853 0.857878 0
    outer loop
      vertex -13.3745 14.0047 1.25
      vertex -13.1977 14.1106 -1.25
      vertex -13.3745 14.0047 -1.25
    endloop
  endfacet
  facet normal 0.0978883 0.995197 -0
    outer loop
      vertex -14.9926 13.661 -1.25
      vertex -15.0658 13.6682 1.25
      vertex -14.9926 13.661 1.25
    endloop
  endfacet
  facet normal 0.0978883 0.995197 0
    outer loop
      vertex -15.0658 13.6682 1.25
      vertex -14.9926 13.661 -1.25
      vertex -15.0658 13.6682 -1.25
    endloop
  endfacet
  facet normal 0.881863 -0.471505 0
    outer loop
      vertex -17.28 17.8106 1.25
      vertex -17.2453 17.8755 -1.25
      vertex -17.2453 17.8755 1.25
    endloop
  endfacet
  facet normal 0.881863 -0.471505 0
    outer loop
      vertex -17.2453 17.8755 -1.25
      vertex -17.28 17.8106 1.25
      vertex -17.28 17.8106 -1.25
    endloop
  endfacet
  facet normal 0.995197 0.0978883 0
    outer loop
      vertex -17.5818 16.1842 1.25
      vertex -17.589 16.2574 -1.25
      vertex -17.589 16.2574 1.25
    endloop
  endfacet
  facet normal 0.995197 0.0978883 0
    outer loop
      vertex -17.589 16.2574 -1.25
      vertex -17.5818 16.1842 1.25
      vertex -17.5818 16.1842 -1.25
    endloop
  endfacet
  facet normal 0.807836 -0.589407 0
    outer loop
      vertex -15.3983 20.4439 0.643533
      vertex -15.248 20.6499 -0.5
      vertex -15.248 20.6499 0.5
    endloop
  endfacet
  facet normal 0.807836 -0.589407 0
    outer loop
      vertex -15.3983 20.4439 0.643533
      vertex -15.3983 20.4439 -0.643533
      vertex -15.248 20.6499 -0.5
    endloop
  endfacet
  facet normal 0.807836 -0.589408 0
    outer loop
      vertex -15.4663 20.3507 0.708455
      vertex -15.3983 20.4439 -0.643533
      vertex -15.3983 20.4439 0.643533
    endloop
  endfacet
  facet normal 0.807836 -0.589408 0
    outer loop
      vertex -15.4663 20.3507 0.708455
      vertex -15.4663 20.3507 -0.708455
      vertex -15.3983 20.4439 -0.643533
    endloop
  endfacet
  facet normal 0.807815 -0.589437 0
    outer loop
      vertex -15.6269 20.1306 0.838893
      vertex -15.4663 20.3507 -0.708455
      vertex -15.4663 20.3507 0.708455
    endloop
  endfacet
  facet normal 0.807815 -0.589437 0
    outer loop
      vertex -15.6269 20.1306 0.838893
      vertex -15.6269 20.1306 -0.838893
      vertex -15.4663 20.3507 -0.708455
    endloop
  endfacet
  facet normal 0.807877 -0.589351 0
    outer loop
      vertex -15.8378 19.8415 1.01031
      vertex -15.6269 20.1306 -0.838893
      vertex -15.6269 20.1306 0.838893
    endloop
  endfacet
  facet normal 0.807877 -0.589351 0
    outer loop
      vertex -15.8378 19.8415 1.01031
      vertex -15.8378 19.8415 -1.01031
      vertex -15.6269 20.1306 -0.838893
    endloop
  endfacet
  facet normal 0.807844 -0.589396 0
    outer loop
      vertex -16.164 19.3944 1.22633
      vertex -15.8378 19.8415 -1.01031
      vertex -15.8378 19.8415 1.01031
    endloop
  endfacet
  facet normal 0.807844 -0.589396 0
    outer loop
      vertex -16.164 19.3944 1.22633
      vertex -16.164 19.3944 -1.22633
      vertex -15.8378 19.8415 -1.01031
    endloop
  endfacet
  facet normal 0.802848 -0.595821 -0.0207939
    outer loop
      vertex -16.1819 19.3699 1.23723
      vertex -16.164 19.3944 1.22633
      vertex -16.1756 19.3785 1.23405
    endloop
  endfacet
  facet normal 0.812374 -0.582621 0.0245197
    outer loop
      vertex -16.2071 19.3353 1.25
      vertex -16.164 19.3944 1.22633
      vertex -16.1819 19.3699 1.23723
    endloop
  endfacet
  facet normal 0.807967 -0.589228 0
    outer loop
      vertex -16.164 19.3944 1.22633
      vertex -16.2071 19.3353 1.25
      vertex -16.164 19.3944 -1.22633
    endloop
  endfacet
  facet normal 0.802848 -0.595821 0.0207939
    outer loop
      vertex -16.164 19.3944 -1.22633
      vertex -16.1819 19.3699 -1.23723
      vertex -16.1756 19.3785 -1.23405
    endloop
  endfacet
  facet normal 0.807967 -0.589228 0
    outer loop
      vertex -16.2071 19.3353 -1.25
      vertex -16.164 19.3944 -1.22633
      vertex -16.2071 19.3353 1.25
    endloop
  endfacet
  facet normal 0.812374 -0.582621 -0.0245197
    outer loop
      vertex -16.164 19.3944 -1.22633
      vertex -16.2071 19.3353 -1.25
      vertex -16.1819 19.3699 -1.23723
    endloop
  endfacet
  facet normal 0.807849 -0.58939 0
    outer loop
      vertex -17.0985 18.1135 1.25
      vertex -16.2071 19.3353 -1.25
      vertex -16.2071 19.3353 1.25
    endloop
  endfacet
  facet normal 0.807849 -0.58939 0
    outer loop
      vertex -16.2071 19.3353 -1.25
      vertex -17.0985 18.1135 1.25
      vertex -17.0985 18.1135 -1.25
    endloop
  endfacet
  facet normal -0.956225 0.292633 0
    outer loop
      vertex -10.0128 16.7829 -1.25
      vertex -9.99199 16.8509 1.25
      vertex -9.99199 16.8509 -1.25
    endloop
  endfacet
  facet normal -0.956225 0.292633 0
    outer loop
      vertex -9.99199 16.8509 1.25
      vertex -10.0128 16.7829 -1.25
      vertex -10.0128 16.7829 1.25
    endloop
  endfacet
  facet normal -0.85783 0.513934 0
    outer loop
      vertex -10.2764 16.2255 -1.25
      vertex -10.1957 16.3602 1.25
      vertex -10.1957 16.3602 -1.25
    endloop
  endfacet
  facet normal -0.85783 0.513934 0
    outer loop
      vertex -10.1957 16.3602 1.25
      vertex -10.2764 16.2255 -1.25
      vertex -10.2764 16.2255 1.25
    endloop
  endfacet
  facet normal -0.707107 0.707107 0
    outer loop
      vertex -10.615 15.8129 -1.25
      vertex -10.5629 15.865 1.25
      vertex -10.5629 15.865 -1.25
    endloop
  endfacet
  facet normal -0.707107 0.707107 0
    outer loop
      vertex -10.5629 15.865 1.25
      vertex -10.615 15.8129 -1.25
      vertex -10.615 15.8129 1.25
    endloop
  endfacet
  facet normal -0.772988 0.634421 0
    outer loop
      vertex -10.4575 15.9813 -1.25
      vertex -10.4108 16.0382 1.25
      vertex -10.4108 16.0382 -1.25
    endloop
  endfacet
  facet normal -0.772988 0.634421 0
    outer loop
      vertex -10.4108 16.0382 1.25
      vertex -10.4575 15.9813 -1.25
      vertex -10.4575 15.9813 1.25
    endloop
  endfacet
  facet normal -0.634421 0.772988 0
    outer loop
      vertex -10.7313 15.7075 -1.25
      vertex -10.7882 15.6608 1.25
      vertex -10.7313 15.7075 1.25
    endloop
  endfacet
  facet normal -0.634421 0.772988 0
    outer loop
      vertex -10.7882 15.6608 1.25
      vertex -10.7313 15.7075 -1.25
      vertex -10.7882 15.6608 -1.25
    endloop
  endfacet
  facet normal -0.146988 0.989138 0
    outer loop
      vertex -14.2303 13.6985 -1.25
      vertex -14.4342 13.6682 1.25
      vertex -14.2303 13.6985 1.25
    endloop
  endfacet
  facet normal -0.146988 0.989138 0
    outer loop
      vertex -14.4342 13.6682 1.25
      vertex -14.2303 13.6985 -1.25
      vertex -14.4342 13.6682 -1.25
    endloop
  endfacet
  facet normal -0.336828 0.941566 0
    outer loop
      vertex -13.6937 13.8537 -1.25
      vertex -13.8877 13.7843 1.25
      vertex -13.6937 13.8537 1.25
    endloop
  endfacet
  facet normal -0.336828 0.941566 0
    outer loop
      vertex -13.8877 13.7843 1.25
      vertex -13.6937 13.8537 -1.25
      vertex -13.8877 13.7843 -1.25
    endloop
  endfacet
  facet normal -0.242992 0.970028 0
    outer loop
      vertex -13.9581 13.7629 -1.25
      vertex -14.1581 13.7128 1.25
      vertex -13.9581 13.7629 1.25
    endloop
  endfacet
  facet normal -0.242992 0.970028 0
    outer loop
      vertex -14.1581 13.7128 1.25
      vertex -13.9581 13.7629 -1.25
      vertex -14.1581 13.7128 -1.25
    endloop
  endfacet
  facet normal -0.194287 0.980945 0
    outer loop
      vertex -14.1581 13.7128 -1.25
      vertex -14.2303 13.6985 1.25
      vertex -14.1581 13.7128 1.25
    endloop
  endfacet
  facet normal -0.194287 0.980945 0
    outer loop
      vertex -14.2303 13.6985 1.25
      vertex -14.1581 13.7128 -1.25
      vertex -14.2303 13.6985 -1.25
    endloop
  endfacet
  facet normal -0.048994 0.998799 0
    outer loop
      vertex -14.5073 13.661 -1.25
      vertex -14.7132 13.6509 1.25
      vertex -14.5073 13.661 1.25
    endloop
  endfacet
  facet normal -0.048994 0.998799 0
    outer loop
      vertex -14.7132 13.6509 1.25
      vertex -14.5073 13.661 -1.25
      vertex -14.7132 13.6509 -1.25
    endloop
  endfacet
  facet normal 0.0490178 0.998798 -0
    outer loop
      vertex -14.7868 13.6509 -1.25
      vertex -14.9926 13.661 1.25
      vertex -14.7868 13.6509 1.25
    endloop
  endfacet
  facet normal 0.0490178 0.998798 0
    outer loop
      vertex -14.9926 13.661 1.25
      vertex -14.7868 13.6509 -1.25
      vertex -14.9926 13.661 -1.25
    endloop
  endfacet
  facet normal 0.243106 0.97 -0
    outer loop
      vertex -15.3419 13.7128 -1.25
      vertex -15.5418 13.7629 1.25
      vertex -15.3419 13.7128 1.25
    endloop
  endfacet
  facet normal 0.243106 0.97 0
    outer loop
      vertex -15.5418 13.7629 1.25
      vertex -15.3419 13.7128 -1.25
      vertex -15.5418 13.7629 -1.25
    endloop
  endfacet
  facet normal 0.383072 0.923719 -0
    outer loop
      vertex -15.8063 13.8537 -1.25
      vertex -15.8743 13.8819 1.25
      vertex -15.8063 13.8537 1.25
    endloop
  endfacet
  facet normal 0.383072 0.923719 0
    outer loop
      vertex -15.8743 13.8819 1.25
      vertex -15.8063 13.8537 -1.25
      vertex -15.8743 13.8819 -1.25
    endloop
  endfacet
  facet normal 0.595645 0.803248 -0
    outer loop
      vertex -16.3634 14.1515 -1.25
      vertex -16.529 14.2743 1.25
      vertex -16.3634 14.1515 1.25
    endloop
  endfacet
  facet normal 0.595645 0.803248 0
    outer loop
      vertex -16.529 14.2743 1.25
      vertex -16.3634 14.1515 -1.25
      vertex -16.529 14.2743 -1.25
    endloop
  endfacet
  facet normal 0.904014 0.427502 0
    outer loop
      vertex -17.28 15.1894 1.25
      vertex -17.3681 15.3757 -1.25
      vertex -17.3681 15.3757 1.25
    endloop
  endfacet
  facet normal 0.904014 0.427502 0
    outer loop
      vertex -17.3681 15.3757 -1.25
      vertex -17.28 15.1894 1.25
      vertex -17.28 15.1894 -1.25
    endloop
  endfacet
  facet normal 0.956773 0.290837 0
    outer loop
      vertex -17.4657 15.6378 1.25
      vertex -17.4871 15.7082 -1.25
      vertex -17.4871 15.7082 1.25
    endloop
  endfacet
  facet normal 0.956773 0.290837 0
    outer loop
      vertex -17.4871 15.7082 -1.25
      vertex -17.4657 15.6378 1.25
      vertex -17.4657 15.6378 -1.25
    endloop
  endfacet
  facet normal 0.970028 -0.242992 0
    outer loop
      vertex -17.5372 17.0919 1.25
      vertex -17.4871 17.2919 -1.25
      vertex -17.4871 17.2919 1.25
    endloop
  endfacet
  facet normal 0.970028 -0.242992 0
    outer loop
      vertex -17.4871 17.2919 -1.25
      vertex -17.5372 17.0919 1.25
      vertex -17.5372 17.0919 -1.25
    endloop
  endfacet
  facet normal 1 -0 0
    outer loop
      vertex -17.5991 16.4632 1.25
      vertex -17.5991 16.5368 -1.25
      vertex -17.5991 16.5368 1.25
    endloop
  endfacet
  facet normal 1 0 0
    outer loop
      vertex -17.5991 16.5368 -1.25
      vertex -17.5991 16.4632 1.25
      vertex -17.5991 16.4632 -1.25
    endloop
  endfacet
  facet normal 0.998799 -0.048994 0
    outer loop
      vertex -17.5991 16.5368 1.25
      vertex -17.589 16.7427 -1.25
      vertex -17.589 16.7427 1.25
    endloop
  endfacet
  facet normal 0.998799 -0.048994 0
    outer loop
      vertex -17.589 16.7427 -1.25
      vertex -17.5991 16.5368 1.25
      vertex -17.5991 16.5368 -1.25
    endloop
  endfacet
  facet normal 0.980945 0.194287 0
    outer loop
      vertex -17.5372 15.9081 1.25
      vertex -17.5515 15.9803 -1.25
      vertex -17.5515 15.9803 1.25
    endloop
  endfacet
  facet normal 0.980945 0.194287 0
    outer loop
      vertex -17.5515 15.9803 -1.25
      vertex -17.5372 15.9081 1.25
      vertex -17.5372 15.9081 -1.25
    endloop
  endfacet
  facet normal -0.67153 0.740977 0
    outer loop
      vertex -10.615 15.8129 -1.25
      vertex -10.7313 15.7075 1.25
      vertex -10.615 15.8129 1.25
    endloop
  endfacet
  facet normal -0.67153 0.740977 0
    outer loop
      vertex -10.7313 15.7075 1.25
      vertex -10.615 15.8129 -1.25
      vertex -10.7313 15.7075 -1.25
    endloop
  endfacet
  facet normal -0.290837 0.956773 0
    outer loop
      vertex -13.8877 13.7843 -1.25
      vertex -13.9581 13.7629 1.25
      vertex -13.8877 13.7843 1.25
    endloop
  endfacet
  facet normal -0.290837 0.956773 0
    outer loop
      vertex -13.9581 13.7629 1.25
      vertex -13.8877 13.7843 -1.25
      vertex -13.9581 13.7629 -1.25
    endloop
  endfacet
  facet normal -0.0980209 0.995184 0
    outer loop
      vertex -14.4342 13.6682 -1.25
      vertex -14.5073 13.661 1.25
      vertex -14.4342 13.6682 1.25
    endloop
  endfacet
  facet normal -0.0980209 0.995184 0
    outer loop
      vertex -14.5073 13.661 1.25
      vertex -14.4342 13.6682 -1.25
      vertex -14.5073 13.661 -1.25
    endloop
  endfacet
  facet normal 0.194287 0.980945 -0
    outer loop
      vertex -15.2697 13.6985 -1.25
      vertex -15.3419 13.7128 1.25
      vertex -15.2697 13.6985 1.25
    endloop
  endfacet
  facet normal 0.194287 0.980945 0
    outer loop
      vertex -15.3419 13.7128 1.25
      vertex -15.2697 13.6985 -1.25
      vertex -15.3419 13.7128 -1.25
    endloop
  endfacet
  facet normal 0.146988 0.989138 -0
    outer loop
      vertex -15.0658 13.6682 -1.25
      vertex -15.2697 13.6985 1.25
      vertex -15.0658 13.6682 1.25
    endloop
  endfacet
  facet normal 0.146988 0.989138 0
    outer loop
      vertex -15.2697 13.6985 1.25
      vertex -15.0658 13.6682 -1.25
      vertex -15.2697 13.6985 -1.25
    endloop
  endfacet
  facet normal 0.427502 0.904014 -0
    outer loop
      vertex -15.8743 13.8819 -1.25
      vertex -16.0606 13.97 1.25
      vertex -15.8743 13.8819 1.25
    endloop
  endfacet
  facet normal 0.427502 0.904014 0
    outer loop
      vertex -16.0606 13.97 1.25
      vertex -15.8743 13.8819 -1.25
      vertex -16.0606 13.97 -1.25
    endloop
  endfacet
  facet normal 0.513853 0.857878 -0
    outer loop
      vertex -16.1255 14.0047 -1.25
      vertex -16.3023 14.1106 1.25
      vertex -16.1255 14.0047 1.25
    endloop
  endfacet
  facet normal 0.513853 0.857878 0
    outer loop
      vertex -16.3023 14.1106 1.25
      vertex -16.1255 14.0047 -1.25
      vertex -16.3023 14.1106 -1.25
    endloop
  endfacet
  facet normal 0.290837 0.956773 -0
    outer loop
      vertex -15.5418 13.7629 -1.25
      vertex -15.6122 13.7843 1.25
      vertex -15.5418 13.7629 1.25
    endloop
  endfacet
  facet normal 0.290837 0.956773 0
    outer loop
      vertex -15.6122 13.7843 1.25
      vertex -15.5418 13.7629 -1.25
      vertex -15.6122 13.7843 -1.25
    endloop
  endfacet
  facet normal 0.634421 0.772988 -0
    outer loop
      vertex -16.529 14.2743 -1.25
      vertex -16.5859 14.321 1.25
      vertex -16.529 14.2743 1.25
    endloop
  endfacet
  facet normal 0.634421 0.772988 0
    outer loop
      vertex -16.5859 14.321 1.25
      vertex -16.529 14.2743 -1.25
      vertex -16.5859 14.321 -1.25
    endloop
  endfacet
  facet normal 0.803248 0.595645 0
    outer loop
      vertex -16.9757 14.721 1.25
      vertex -17.0985 14.8866 -1.25
      vertex -17.0985 14.8866 1.25
    endloop
  endfacet
  facet normal 0.803248 0.595645 0
    outer loop
      vertex -17.0985 14.8866 -1.25
      vertex -16.9757 14.721 1.25
      vertex -16.9757 14.721 -1.25
    endloop
  endfacet
  facet normal 0.857878 0.513853 0
    outer loop
      vertex -17.1394 14.9477 1.25
      vertex -17.2453 15.1245 -1.25
      vertex -17.2453 15.1245 1.25
    endloop
  endfacet
  facet normal 0.857878 0.513853 0
    outer loop
      vertex -17.2453 15.1245 -1.25
      vertex -17.1394 14.9477 1.25
      vertex -17.1394 14.9477 -1.25
    endloop
  endfacet
  facet normal 0.97 0.243106 0
    outer loop
      vertex -17.4871 15.7082 1.25
      vertex -17.5372 15.9081 -1.25
      vertex -17.5372 15.9081 1.25
    endloop
  endfacet
  facet normal 0.97 0.243106 0
    outer loop
      vertex -17.5372 15.9081 -1.25
      vertex -17.4871 15.7082 1.25
      vertex -17.4871 15.7082 -1.25
    endloop
  endfacet
  facet normal 0.923719 0.383072 0
    outer loop
      vertex -17.3681 15.3757 1.25
      vertex -17.3963 15.4437 -1.25
      vertex -17.3963 15.4437 1.25
    endloop
  endfacet
  facet normal 0.923719 0.383072 0
    outer loop
      vertex -17.3963 15.4437 -1.25
      vertex -17.3681 15.3757 1.25
      vertex -17.3681 15.3757 -1.25
    endloop
  endfacet
  facet normal 0.956773 -0.290837 0
    outer loop
      vertex -17.4871 17.2919 1.25
      vertex -17.4657 17.3623 -1.25
      vertex -17.4657 17.3623 1.25
    endloop
  endfacet
  facet normal 0.956773 -0.290837 0
    outer loop
      vertex -17.4657 17.3623 -1.25
      vertex -17.4871 17.2919 1.25
      vertex -17.4871 17.2919 -1.25
    endloop
  endfacet
  facet normal 0.980945 -0.194287 0
    outer loop
      vertex -17.5515 17.0197 1.25
      vertex -17.5372 17.0919 -1.25
      vertex -17.5372 17.0919 1.25
    endloop
  endfacet
  facet normal 0.980945 -0.194287 0
    outer loop
      vertex -17.5372 17.0919 -1.25
      vertex -17.5515 17.0197 1.25
      vertex -17.5515 17.0197 -1.25
    endloop
  endfacet
  facet normal 0.857878 -0.513853 0
    outer loop
      vertex -17.2453 17.8755 1.25
      vertex -17.1394 18.0523 -1.25
      vertex -17.1394 18.0523 1.25
    endloop
  endfacet
  facet normal 0.857878 -0.513853 0
    outer loop
      vertex -17.1394 18.0523 -1.25
      vertex -17.2453 17.8755 1.25
      vertex -17.2453 17.8755 -1.25
    endloop
  endfacet
  facet normal 0.904014 -0.427502 0
    outer loop
      vertex -17.3681 17.6243 1.25
      vertex -17.28 17.8106 -1.25
      vertex -17.28 17.8106 1.25
    endloop
  endfacet
  facet normal 0.904014 -0.427502 0
    outer loop
      vertex -17.28 17.8106 -1.25
      vertex -17.3681 17.6243 1.25
      vertex -17.3681 17.6243 -1.25
    endloop
  endfacet
  facet normal 0.923719 -0.383072 0
    outer loop
      vertex -17.3963 17.5563 1.25
      vertex -17.3681 17.6243 -1.25
      vertex -17.3681 17.6243 1.25
    endloop
  endfacet
  facet normal 0.923719 -0.383072 0
    outer loop
      vertex -17.3681 17.6243 -1.25
      vertex -17.3963 17.5563 1.25
      vertex -17.3963 17.5563 -1.25
    endloop
  endfacet
  facet normal 0.998798 0.0490178 0
    outer loop
      vertex -17.589 16.2574 1.25
      vertex -17.5991 16.4632 -1.25
      vertex -17.5991 16.4632 1.25
    endloop
  endfacet
  facet normal 0.998798 0.0490178 0
    outer loop
      vertex -17.5991 16.4632 -1.25
      vertex -17.589 16.2574 1.25
      vertex -17.589 16.2574 -1.25
    endloop
  endfacet
  facet normal 0.995184 -0.0980209 0
    outer loop
      vertex -17.589 16.7427 1.25
      vertex -17.5818 16.8158 -1.25
      vertex -17.5818 16.8158 1.25
    endloop
  endfacet
  facet normal 0.995184 -0.0980209 0
    outer loop
      vertex -17.5818 16.8158 -1.25
      vertex -17.589 16.7427 1.25
      vertex -17.589 16.7427 -1.25
    endloop
  endfacet
  facet normal 0.989138 0.146988 0
    outer loop
      vertex -17.5515 15.9803 1.25
      vertex -17.5818 16.1842 -1.25
      vertex -17.5818 16.1842 1.25
    endloop
  endfacet
  facet normal 0.989138 0.146988 0
    outer loop
      vertex -17.5818 16.1842 -1.25
      vertex -17.5515 15.9803 1.25
      vertex -17.5515 15.9803 -1.25
    endloop
  endfacet
  facet normal -0.924 0.382392 0
    outer loop
      vertex -10.0938 16.5671 -1.25
      vertex -10.0657 16.635 1.25
      vertex -10.0657 16.635 -1.25
    endloop
  endfacet
  facet normal -0.924 0.382392 0
    outer loop
      vertex -10.0657 16.635 1.25
      vertex -10.0938 16.5671 -1.25
      vertex -10.0938 16.5671 1.25
    endloop
  endfacet
  facet normal -0.941583 0.33678 0
    outer loop
      vertex -10.0657 16.635 -1.25
      vertex -10.0128 16.7829 1.25
      vertex -10.0128 16.7829 -1.25
    endloop
  endfacet
  facet normal -0.941583 0.33678 0
    outer loop
      vertex -10.0128 16.7829 1.25
      vertex -10.0657 16.635 -1.25
      vertex -10.0657 16.635 1.25
    endloop
  endfacet
  facet normal -0.803196 0.595715 0
    outer loop
      vertex -10.4108 16.0382 -1.25
      vertex -10.3172 16.1644 1.25
      vertex -10.3172 16.1644 -1.25
    endloop
  endfacet
  facet normal -0.803196 0.595715 0
    outer loop
      vertex -10.3172 16.1644 1.25
      vertex -10.4108 16.0382 -1.25
      vertex -10.4108 16.0382 1.25
    endloop
  endfacet
  facet normal -0.831631 0.555328 0
    outer loop
      vertex -10.3172 16.1644 -1.25
      vertex -10.2764 16.2255 1.25
      vertex -10.2764 16.2255 -1.25
    endloop
  endfacet
  facet normal -0.831631 0.555328 0
    outer loop
      vertex -10.2764 16.2255 1.25
      vertex -10.3172 16.1644 -1.25
      vertex -10.3172 16.1644 1.25
    endloop
  endfacet
  facet normal 0.556269 0.831003 -0
    outer loop
      vertex -16.3023 14.1106 -1.25
      vertex -16.3634 14.1515 1.25
      vertex -16.3023 14.1106 1.25
    endloop
  endfacet
  facet normal 0.556269 0.831003 0
    outer loop
      vertex -16.3634 14.1515 1.25
      vertex -16.3023 14.1106 -1.25
      vertex -16.3634 14.1515 -1.25
    endloop
  endfacet
  facet normal 0.707107 0.707107 0
    outer loop
      vertex -16.7386 14.4594 1.25
      vertex -16.7906 14.5114 -1.25
      vertex -16.7906 14.5114 1.25
    endloop
  endfacet
  facet normal 0.707107 0.707107 0
    outer loop
      vertex -16.7906 14.5114 -1.25
      vertex -16.7386 14.4594 1.25
      vertex -16.7386 14.4594 -1.25
    endloop
  endfacet
  facet normal 0.740949 0.671561 0
    outer loop
      vertex -16.7906 14.5114 1.25
      vertex -16.929 14.6641 -1.25
      vertex -16.929 14.6641 1.25
    endloop
  endfacet
  facet normal 0.740949 0.671561 0
    outer loop
      vertex -16.929 14.6641 -1.25
      vertex -16.7906 14.5114 1.25
      vertex -16.7906 14.5114 -1.25
    endloop
  endfacet
  facet normal 0.671561 0.740949 -0
    outer loop
      vertex -16.5859 14.321 -1.25
      vertex -16.7386 14.4594 1.25
      vertex -16.5859 14.321 1.25
    endloop
  endfacet
  facet normal 0.671561 0.740949 0
    outer loop
      vertex -16.7386 14.4594 1.25
      vertex -16.5859 14.321 -1.25
      vertex -16.7386 14.4594 -1.25
    endloop
  endfacet
  facet normal 0.831003 0.556269 0
    outer loop
      vertex -17.0985 14.8866 1.25
      vertex -17.1394 14.9477 -1.25
      vertex -17.1394 14.9477 1.25
    endloop
  endfacet
  facet normal 0.831003 0.556269 0
    outer loop
      vertex -17.1394 14.9477 -1.25
      vertex -17.0985 14.8866 1.25
      vertex -17.0985 14.8866 -1.25
    endloop
  endfacet
  facet normal 0.881863 0.471505 0
    outer loop
      vertex -17.2453 15.1245 1.25
      vertex -17.28 15.1894 -1.25
      vertex -17.28 15.1894 1.25
    endloop
  endfacet
  facet normal 0.881863 0.471505 0
    outer loop
      vertex -17.28 15.1894 -1.25
      vertex -17.2453 15.1245 1.25
      vertex -17.2453 15.1245 -1.25
    endloop
  endfacet
  facet normal 0.941621 0.336674 0
    outer loop
      vertex -17.3963 15.4437 1.25
      vertex -17.4657 15.6378 -1.25
      vertex -17.4657 15.6378 1.25
    endloop
  endfacet
  facet normal 0.941621 0.336674 0
    outer loop
      vertex -17.4657 15.6378 -1.25
      vertex -17.3963 15.4437 1.25
      vertex -17.3963 15.4437 -1.25
    endloop
  endfacet
  facet normal 0.989138 -0.146988 0
    outer loop
      vertex -17.5818 16.8158 1.25
      vertex -17.5515 17.0197 -1.25
      vertex -17.5515 17.0197 1.25
    endloop
  endfacet
  facet normal 0.989138 -0.146988 0
    outer loop
      vertex -17.5515 17.0197 -1.25
      vertex -17.5818 16.8158 1.25
      vertex -17.5818 16.8158 -1.25
    endloop
  endfacet
  facet normal 0.336674 0.941621 -0
    outer loop
      vertex -15.6122 13.7843 -1.25
      vertex -15.8063 13.8537 1.25
      vertex -15.6122 13.7843 1.25
    endloop
  endfacet
  facet normal 0.336674 0.941621 0
    outer loop
      vertex -15.8063 13.8537 1.25
      vertex -15.6122 13.7843 -1.25
      vertex -15.8063 13.8537 -1.25
    endloop
  endfacet
  facet normal -0.048994 -0.998799 0
    outer loop
      vertex -14.7132 -13.6509 -1.25
      vertex -14.5073 -13.661 1.25
      vertex -14.7132 -13.6509 1.25
    endloop
  endfacet
  facet normal -0.048994 -0.998799 -0
    outer loop
      vertex -14.5073 -13.661 1.25
      vertex -14.7132 -13.6509 -1.25
      vertex -14.5073 -13.661 -1.25
    endloop
  endfacet
  facet normal -0.803196 -0.595715 0
    outer loop
      vertex -10.3172 -16.1644 -1.25
      vertex -10.4108 -16.0382 1.25
      vertex -10.4108 -16.0382 -1.25
    endloop
  endfacet
  facet normal -0.803196 -0.595715 0
    outer loop
      vertex -10.4108 -16.0382 1.25
      vertex -10.3172 -16.1644 -1.25
      vertex -10.3172 -16.1644 1.25
    endloop
  endfacet
  facet normal -0.513853 -0.857878 0
    outer loop
      vertex -13.3745 -14.0047 -1.25
      vertex -13.1977 -14.1106 1.25
      vertex -13.3745 -14.0047 1.25
    endloop
  endfacet
  facet normal -0.513853 -0.857878 -0
    outer loop
      vertex -13.1977 -14.1106 1.25
      vertex -13.3745 -14.0047 -1.25
      vertex -13.1977 -14.1106 -1.25
    endloop
  endfacet
  facet normal -0.831631 -0.555328 0
    outer loop
      vertex -10.2764 -16.2255 -1.25
      vertex -10.3172 -16.1644 1.25
      vertex -10.3172 -16.1644 -1.25
    endloop
  endfacet
  facet normal -0.831631 -0.555328 0
    outer loop
      vertex -10.3172 -16.1644 1.25
      vertex -10.2764 -16.2255 -1.25
      vertex -10.2764 -16.2255 1.25
    endloop
  endfacet
  facet normal -0.67153 -0.740977 0
    outer loop
      vertex -10.7313 -15.7075 -1.25
      vertex -10.615 -15.8129 1.25
      vertex -10.7313 -15.7075 1.25
    endloop
  endfacet
  facet normal -0.67153 -0.740977 -0
    outer loop
      vertex -10.615 -15.8129 1.25
      vertex -10.7313 -15.7075 -1.25
      vertex -10.615 -15.8129 -1.25
    endloop
  endfacet
  facet normal -0.969226 -0.246172 0
    outer loop
      vertex -9.12866 -20.25 -1.25
      vertex -9.99199 -16.8509 1.25
      vertex -9.99199 -16.8509 -1.25
    endloop
  endfacet
  facet normal -0.969226 -0.246172 0
    outer loop
      vertex -9.12866 -20.25 -1.25
      vertex -9.12866 -20.25 1.25
      vertex -9.99199 -16.8509 1.25
    endloop
  endfacet
  facet normal -0.969223 -0.246183 0
    outer loop
      vertex -8.93816 -21 -0.5
      vertex -9.12866 -20.25 1.25
      vertex -9.12866 -20.25 -1.25
    endloop
  endfacet
  facet normal -0.969223 -0.246183 0
    outer loop
      vertex -9.12866 -20.25 1.25
      vertex -8.93816 -21 -0.5
      vertex -8.93816 -21 0.5
    endloop
  endfacet
  facet normal 0.923719 0.383072 0
    outer loop
      vertex -17.3681 -17.6243 1.25
      vertex -17.3963 -17.5563 -1.25
      vertex -17.3963 -17.5563 1.25
    endloop
  endfacet
  facet normal 0.923719 0.383072 0
    outer loop
      vertex -17.3963 -17.5563 -1.25
      vertex -17.3681 -17.6243 1.25
      vertex -17.3681 -17.6243 -1.25
    endloop
  endfacet
  facet normal 0.803248 -0.595645 0
    outer loop
      vertex -17.0985 -14.8866 1.25
      vertex -16.9757 -14.721 -1.25
      vertex -16.9757 -14.721 1.25
    endloop
  endfacet
  facet normal 0.803248 -0.595645 0
    outer loop
      vertex -16.9757 -14.721 -1.25
      vertex -17.0985 -14.8866 1.25
      vertex -17.0985 -14.8866 -1.25
    endloop
  endfacet
  facet normal -0.740977 -0.67153 0
    outer loop
      vertex -10.4575 -15.9813 -1.25
      vertex -10.5629 -15.865 1.25
      vertex -10.5629 -15.865 -1.25
    endloop
  endfacet
  facet normal -0.740977 -0.67153 0
    outer loop
      vertex -10.5629 -15.865 1.25
      vertex -10.4575 -15.9813 -1.25
      vertex -10.4575 -15.9813 1.25
    endloop
  endfacet
  facet normal -0.707107 -0.707107 0
    outer loop
      vertex -10.5629 -15.865 -1.25
      vertex -10.615 -15.8129 1.25
      vertex -10.615 -15.8129 -1.25
    endloop
  endfacet
  facet normal -0.707107 -0.707107 0
    outer loop
      vertex -10.615 -15.8129 1.25
      vertex -10.5629 -15.865 -1.25
      vertex -10.5629 -15.865 1.25
    endloop
  endfacet
  facet normal 0.807849 0.58939 0
    outer loop
      vertex -16.2071 -19.3353 1.25
      vertex -17.0985 -18.1135 -1.25
      vertex -17.0985 -18.1135 1.25
    endloop
  endfacet
  facet normal 0.807849 0.58939 0
    outer loop
      vertex -16.2071 -19.3353 1.25
      vertex -16.2071 -19.3353 -1.25
      vertex -17.0985 -18.1135 -1.25
    endloop
  endfacet
  facet normal 0.812374 0.582621 0.0245197
    outer loop
      vertex -16.164 -19.3944 1.22633
      vertex -16.2071 -19.3353 1.25
      vertex -16.1819 -19.3699 1.23723
    endloop
  endfacet
  facet normal 0.807967 0.589228 0
    outer loop
      vertex -16.2071 -19.3353 1.25
      vertex -16.164 -19.3944 1.22633
      vertex -16.2071 -19.3353 -1.25
    endloop
  endfacet
  facet normal 0.802848 0.595821 -0.0207939
    outer loop
      vertex -16.164 -19.3944 1.22633
      vertex -16.1819 -19.3699 1.23723
      vertex -16.1756 -19.3785 1.23405
    endloop
  endfacet
  facet normal 0.807967 0.589228 -0
    outer loop
      vertex -16.164 -19.3944 -1.22633
      vertex -16.2071 -19.3353 -1.25
      vertex -16.164 -19.3944 1.22633
    endloop
  endfacet
  facet normal 0.812374 0.582621 -0.0245197
    outer loop
      vertex -16.2071 -19.3353 -1.25
      vertex -16.164 -19.3944 -1.22633
      vertex -16.1819 -19.3699 -1.23723
    endloop
  endfacet
  facet normal 0.802848 0.595821 0.0207939
    outer loop
      vertex -16.1819 -19.3699 -1.23723
      vertex -16.164 -19.3944 -1.22633
      vertex -16.1756 -19.3785 -1.23405
    endloop
  endfacet
  facet normal 0.807844 0.589396 0
    outer loop
      vertex -15.8378 -19.8415 1.01031
      vertex -16.164 -19.3944 -1.22633
      vertex -16.164 -19.3944 1.22633
    endloop
  endfacet
  facet normal 0.807844 0.589396 0
    outer loop
      vertex -15.8378 -19.8415 1.01031
      vertex -15.8378 -19.8415 -1.01031
      vertex -16.164 -19.3944 -1.22633
    endloop
  endfacet
  facet normal 0.807877 0.589351 0
    outer loop
      vertex -15.6269 -20.1306 0.838893
      vertex -15.8378 -19.8415 -1.01031
      vertex -15.8378 -19.8415 1.01031
    endloop
  endfacet
  facet normal 0.807877 0.589351 0
    outer loop
      vertex -15.6269 -20.1306 0.838893
      vertex -15.6269 -20.1306 -0.838893
      vertex -15.8378 -19.8415 -1.01031
    endloop
  endfacet
  facet normal 0.807815 0.589437 0
    outer loop
      vertex -15.4663 -20.3507 0.708455
      vertex -15.6269 -20.1306 -0.838893
      vertex -15.6269 -20.1306 0.838893
    endloop
  endfacet
  facet normal 0.807815 0.589437 0
    outer loop
      vertex -15.4663 -20.3507 0.708455
      vertex -15.4663 -20.3507 -0.708455
      vertex -15.6269 -20.1306 -0.838893
    endloop
  endfacet
  facet normal 0.807836 0.589408 0
    outer loop
      vertex -15.3983 -20.4439 0.643533
      vertex -15.4663 -20.3507 -0.708455
      vertex -15.4663 -20.3507 0.708455
    endloop
  endfacet
  facet normal 0.807836 0.589408 0
    outer loop
      vertex -15.3983 -20.4439 0.643533
      vertex -15.3983 -20.4439 -0.643533
      vertex -15.4663 -20.3507 -0.708455
    endloop
  endfacet
  facet normal 0.807836 0.589407 0
    outer loop
      vertex -15.248 -20.6499 0.5
      vertex -15.3983 -20.4439 -0.643533
      vertex -15.3983 -20.4439 0.643533
    endloop
  endfacet
  facet normal 0.807836 0.589407 0
    outer loop
      vertex -15.3983 -20.4439 -0.643533
      vertex -15.248 -20.6499 0.5
      vertex -15.248 -20.6499 -0.5
    endloop
  endfacet
  facet normal 0.970028 0.242992 0
    outer loop
      vertex -17.4871 -17.2919 1.25
      vertex -17.5372 -17.0919 -1.25
      vertex -17.5372 -17.0919 1.25
    endloop
  endfacet
  facet normal 0.970028 0.242992 0
    outer loop
      vertex -17.5372 -17.0919 -1.25
      vertex -17.4871 -17.2919 1.25
      vertex -17.4871 -17.2919 -1.25
    endloop
  endfacet
  facet normal 0.980945 -0.194287 0
    outer loop
      vertex -17.5515 -15.9803 1.25
      vertex -17.5372 -15.9081 -1.25
      vertex -17.5372 -15.9081 1.25
    endloop
  endfacet
  facet normal 0.980945 -0.194287 0
    outer loop
      vertex -17.5372 -15.9081 -1.25
      vertex -17.5515 -15.9803 1.25
      vertex -17.5515 -15.9803 -1.25
    endloop
  endfacet
  facet normal 0.243106 -0.97 0
    outer loop
      vertex -15.5418 -13.7629 -1.25
      vertex -15.3419 -13.7128 1.25
      vertex -15.5418 -13.7629 1.25
    endloop
  endfacet
  facet normal 0.243106 -0.97 0
    outer loop
      vertex -15.3419 -13.7128 1.25
      vertex -15.5418 -13.7629 -1.25
      vertex -15.3419 -13.7128 -1.25
    endloop
  endfacet
  facet normal 0.194287 -0.980945 0
    outer loop
      vertex -15.3419 -13.7128 -1.25
      vertex -15.2697 -13.6985 1.25
      vertex -15.3419 -13.7128 1.25
    endloop
  endfacet
  facet normal 0.194287 -0.980945 0
    outer loop
      vertex -15.2697 -13.6985 1.25
      vertex -15.3419 -13.7128 -1.25
      vertex -15.2697 -13.6985 -1.25
    endloop
  endfacet
  facet normal 0.831003 -0.556269 0
    outer loop
      vertex -17.1394 -14.9477 1.25
      vertex -17.0985 -14.8866 -1.25
      vertex -17.0985 -14.8866 1.25
    endloop
  endfacet
  facet normal 0.831003 -0.556269 0
    outer loop
      vertex -17.0985 -14.8866 -1.25
      vertex -17.1394 -14.9477 1.25
      vertex -17.1394 -14.9477 -1.25
    endloop
  endfacet
  facet normal -0.595715 -0.803196 0
    outer loop
      vertex -10.9144 -15.5672 -1.25
      vertex -10.7882 -15.6608 1.25
      vertex -10.9144 -15.5672 1.25
    endloop
  endfacet
  facet normal -0.595715 -0.803196 -0
    outer loop
      vertex -10.7882 -15.6608 1.25
      vertex -10.9144 -15.5672 -1.25
      vertex -10.7882 -15.6608 -1.25
    endloop
  endfacet
  facet normal -0.336828 -0.941566 0
    outer loop
      vertex -13.8877 -13.7843 -1.25
      vertex -13.6937 -13.8537 1.25
      vertex -13.8877 -13.7843 1.25
    endloop
  endfacet
  facet normal -0.336828 -0.941566 -0
    outer loop
      vertex -13.6937 -13.8537 1.25
      vertex -13.8877 -13.7843 -1.25
      vertex -13.6937 -13.8537 -1.25
    endloop
  endfacet
  facet normal -0.881298 -0.472561 0
    outer loop
      vertex -10.1609 -16.4251 -1.25
      vertex -10.1957 -16.3602 1.25
      vertex -10.1957 -16.3602 -1.25
    endloop
  endfacet
  facet normal -0.881298 -0.472561 0
    outer loop
      vertex -10.1957 -16.3602 1.25
      vertex -10.1609 -16.4251 -1.25
      vertex -10.1609 -16.4251 1.25
    endloop
  endfacet
  facet normal -0.85783 -0.513934 0
    outer loop
      vertex -10.1957 -16.3602 -1.25
      vertex -10.2764 -16.2255 1.25
      vertex -10.2764 -16.2255 -1.25
    endloop
  endfacet
  facet normal -0.85783 -0.513934 0
    outer loop
      vertex -10.2764 -16.2255 1.25
      vertex -10.1957 -16.3602 -1.25
      vertex -10.1957 -16.3602 1.25
    endloop
  endfacet
  facet normal -0.924 -0.382392 0
    outer loop
      vertex -10.0657 -16.635 -1.25
      vertex -10.0938 -16.5671 1.25
      vertex -10.0938 -16.5671 -1.25
    endloop
  endfacet
  facet normal -0.924 -0.382392 0
    outer loop
      vertex -10.0938 -16.5671 1.25
      vertex -10.0657 -16.635 -1.25
      vertex -10.0657 -16.635 1.25
    endloop
  endfacet
  facet normal -0.634421 -0.772988 0
    outer loop
      vertex -10.7882 -15.6608 -1.25
      vertex -10.7313 -15.7075 1.25
      vertex -10.7882 -15.6608 1.25
    endloop
  endfacet
  facet normal -0.634421 -0.772988 -0
    outer loop
      vertex -10.7313 -15.7075 1.25
      vertex -10.7882 -15.6608 -1.25
      vertex -10.7313 -15.7075 -1.25
    endloop
  endfacet
  facet normal 0.881863 0.471505 0
    outer loop
      vertex -17.2453 -17.8755 1.25
      vertex -17.28 -17.8106 -1.25
      vertex -17.28 -17.8106 1.25
    endloop
  endfacet
  facet normal 0.881863 0.471505 0
    outer loop
      vertex -17.28 -17.8106 -1.25
      vertex -17.2453 -17.8755 1.25
      vertex -17.2453 -17.8755 -1.25
    endloop
  endfacet
  facet normal 0.831423 0.55564 0
    outer loop
      vertex -17.0985 -18.1135 1.25
      vertex -17.1394 -18.0523 -1.25
      vertex -17.1394 -18.0523 1.25
    endloop
  endfacet
  facet normal 0.831423 0.55564 0
    outer loop
      vertex -17.1394 -18.0523 -1.25
      vertex -17.0985 -18.1135 1.25
      vertex -17.0985 -18.1135 -1.25
    endloop
  endfacet
  facet normal 0.941566 0.336828 0
    outer loop
      vertex -17.3963 -17.5563 1.25
      vertex -17.4657 -17.3623 -1.25
      vertex -17.4657 -17.3623 1.25
    endloop
  endfacet
  facet normal 0.941566 0.336828 0
    outer loop
      vertex -17.4657 -17.3623 -1.25
      vertex -17.3963 -17.5563 1.25
      vertex -17.3963 -17.5563 -1.25
    endloop
  endfacet
  facet normal 0.956773 0.290837 0
    outer loop
      vertex -17.4657 -17.3623 1.25
      vertex -17.4871 -17.2919 -1.25
      vertex -17.4871 -17.2919 1.25
    endloop
  endfacet
  facet normal 0.956773 0.290837 0
    outer loop
      vertex -17.4871 -17.2919 -1.25
      vertex -17.4657 -17.3623 1.25
      vertex -17.4657 -17.3623 -1.25
    endloop
  endfacet
  facet normal 0.556269 -0.831003 0
    outer loop
      vertex -16.3634 -14.1515 -1.25
      vertex -16.3023 -14.1106 1.25
      vertex -16.3634 -14.1515 1.25
    endloop
  endfacet
  facet normal 0.556269 -0.831003 0
    outer loop
      vertex -16.3023 -14.1106 1.25
      vertex -16.3634 -14.1515 -1.25
      vertex -16.3023 -14.1106 -1.25
    endloop
  endfacet
  facet normal 0.904014 -0.427502 0
    outer loop
      vertex -17.3681 -15.3757 1.25
      vertex -17.28 -15.1894 -1.25
      vertex -17.28 -15.1894 1.25
    endloop
  endfacet
  facet normal 0.904014 -0.427502 0
    outer loop
      vertex -17.28 -15.1894 -1.25
      vertex -17.3681 -15.3757 1.25
      vertex -17.3681 -15.3757 -1.25
    endloop
  endfacet
  facet normal 0.881863 -0.471505 0
    outer loop
      vertex -17.28 -15.1894 1.25
      vertex -17.2453 -15.1245 -1.25
      vertex -17.2453 -15.1245 1.25
    endloop
  endfacet
  facet normal 0.881863 -0.471505 0
    outer loop
      vertex -17.2453 -15.1245 -1.25
      vertex -17.28 -15.1894 1.25
      vertex -17.28 -15.1894 -1.25
    endloop
  endfacet
  facet normal 0.998798 -0.0490178 0
    outer loop
      vertex -17.5991 -16.4632 1.25
      vertex -17.589 -16.2574 -1.25
      vertex -17.589 -16.2574 1.25
    endloop
  endfacet
  facet normal 0.998798 -0.0490178 0
    outer loop
      vertex -17.589 -16.2574 -1.25
      vertex -17.5991 -16.4632 1.25
      vertex -17.5991 -16.4632 -1.25
    endloop
  endfacet
  facet normal 0.0490178 -0.998798 0
    outer loop
      vertex -14.9926 -13.661 -1.25
      vertex -14.7868 -13.6509 1.25
      vertex -14.9926 -13.661 1.25
    endloop
  endfacet
  facet normal 0.0490178 -0.998798 0
    outer loop
      vertex -14.7868 -13.6509 1.25
      vertex -14.9926 -13.661 -1.25
      vertex -14.7868 -13.6509 -1.25
    endloop
  endfacet
  facet normal -0.194287 -0.980945 0
    outer loop
      vertex -14.2303 -13.6985 -1.25
      vertex -14.1581 -13.7128 1.25
      vertex -14.2303 -13.6985 1.25
    endloop
  endfacet
  facet normal -0.194287 -0.980945 -0
    outer loop
      vertex -14.1581 -13.7128 1.25
      vertex -14.2303 -13.6985 -1.25
      vertex -14.1581 -13.7128 -1.25
    endloop
  endfacet
  facet normal -0.471505 -0.881863 0
    outer loop
      vertex -13.4394 -13.97 -1.25
      vertex -13.3745 -14.0047 1.25
      vertex -13.4394 -13.97 1.25
    endloop
  endfacet
  facet normal -0.471505 -0.881863 -0
    outer loop
      vertex -13.3745 -14.0047 1.25
      vertex -13.4394 -13.97 -1.25
      vertex -13.3745 -14.0047 -1.25
    endloop
  endfacet
  facet normal -0.537327 -0.843374 0
    outer loop
      vertex -13.1977 -14.1106 -1.25
      vertex -10.9755 -15.5264 1.25
      vertex -13.1977 -14.1106 1.25
    endloop
  endfacet
  facet normal -0.537327 -0.843374 -0
    outer loop
      vertex -10.9755 -15.5264 1.25
      vertex -13.1977 -14.1106 -1.25
      vertex -10.9755 -15.5264 -1.25
    endloop
  endfacet
  facet normal -0.242992 -0.970028 0
    outer loop
      vertex -14.1581 -13.7128 -1.25
      vertex -13.9581 -13.7629 1.25
      vertex -14.1581 -13.7128 1.25
    endloop
  endfacet
  facet normal -0.242992 -0.970028 -0
    outer loop
      vertex -13.9581 -13.7629 1.25
      vertex -14.1581 -13.7128 -1.25
      vertex -13.9581 -13.7629 -1.25
    endloop
  endfacet
  facet normal -0.956225 -0.292633 0
    outer loop
      vertex -9.99199 -16.8509 -1.25
      vertex -10.0128 -16.7829 1.25
      vertex -10.0128 -16.7829 -1.25
    endloop
  endfacet
  facet normal -0.956225 -0.292633 0
    outer loop
      vertex -10.0128 -16.7829 1.25
      vertex -9.99199 -16.8509 -1.25
      vertex -9.99199 -16.8509 1.25
    endloop
  endfacet
  facet normal -0.941583 -0.33678 0
    outer loop
      vertex -10.0128 -16.7829 -1.25
      vertex -10.0657 -16.635 1.25
      vertex -10.0657 -16.635 -1.25
    endloop
  endfacet
  facet normal -0.941583 -0.33678 0
    outer loop
      vertex -10.0657 -16.635 1.25
      vertex -10.0128 -16.7829 -1.25
      vertex -10.0128 -16.7829 1.25
    endloop
  endfacet
  facet normal -0.904139 -0.427238 0
    outer loop
      vertex -10.0938 -16.5671 -1.25
      vertex -10.1609 -16.4251 1.25
      vertex -10.1609 -16.4251 -1.25
    endloop
  endfacet
  facet normal -0.904139 -0.427238 0
    outer loop
      vertex -10.1609 -16.4251 1.25
      vertex -10.0938 -16.5671 -1.25
      vertex -10.0938 -16.5671 1.25
    endloop
  endfacet
  facet normal -0.772988 -0.634421 0
    outer loop
      vertex -10.4108 -16.0382 -1.25
      vertex -10.4575 -15.9813 1.25
      vertex -10.4575 -15.9813 -1.25
    endloop
  endfacet
  facet normal -0.772988 -0.634421 0
    outer loop
      vertex -10.4575 -15.9813 1.25
      vertex -10.4108 -16.0382 -1.25
      vertex -10.4108 -16.0382 1.25
    endloop
  endfacet
  facet normal 0.857878 0.513853 0
    outer loop
      vertex -17.1394 -18.0523 1.25
      vertex -17.2453 -17.8755 -1.25
      vertex -17.2453 -17.8755 1.25
    endloop
  endfacet
  facet normal 0.857878 0.513853 0
    outer loop
      vertex -17.2453 -17.8755 -1.25
      vertex -17.1394 -18.0523 1.25
      vertex -17.1394 -18.0523 -1.25
    endloop
  endfacet
  facet normal 0.904014 0.427502 0
    outer loop
      vertex -17.28 -17.8106 1.25
      vertex -17.3681 -17.6243 -1.25
      vertex -17.3681 -17.6243 1.25
    endloop
  endfacet
  facet normal 0.904014 0.427502 0
    outer loop
      vertex -17.3681 -17.6243 -1.25
      vertex -17.28 -17.8106 1.25
      vertex -17.28 -17.8106 -1.25
    endloop
  endfacet
  facet normal 0.471505 -0.881863 0
    outer loop
      vertex -16.1255 -14.0047 -1.25
      vertex -16.0606 -13.97 1.25
      vertex -16.1255 -14.0047 1.25
    endloop
  endfacet
  facet normal 0.471505 -0.881863 0
    outer loop
      vertex -16.0606 -13.97 1.25
      vertex -16.1255 -14.0047 -1.25
      vertex -16.0606 -13.97 -1.25
    endloop
  endfacet
  facet normal 0.595645 -0.803248 0
    outer loop
      vertex -16.529 -14.2743 -1.25
      vertex -16.3634 -14.1515 1.25
      vertex -16.529 -14.2743 1.25
    endloop
  endfacet
  facet normal 0.595645 -0.803248 0
    outer loop
      vertex -16.3634 -14.1515 1.25
      vertex -16.529 -14.2743 -1.25
      vertex -16.3634 -14.1515 -1.25
    endloop
  endfacet
  facet normal 0.707107 -0.707107 0
    outer loop
      vertex -16.7906 -14.5114 1.25
      vertex -16.7386 -14.4594 -1.25
      vertex -16.7386 -14.4594 1.25
    endloop
  endfacet
  facet normal 0.707107 -0.707107 0
    outer loop
      vertex -16.7386 -14.4594 -1.25
      vertex -16.7906 -14.5114 1.25
      vertex -16.7906 -14.5114 -1.25
    endloop
  endfacet
  facet normal 0.290837 -0.956773 0
    outer loop
      vertex -15.6122 -13.7843 -1.25
      vertex -15.5418 -13.7629 1.25
      vertex -15.6122 -13.7843 1.25
    endloop
  endfacet
  facet normal 0.290837 -0.956773 0
    outer loop
      vertex -15.5418 -13.7629 1.25
      vertex -15.6122 -13.7843 -1.25
      vertex -15.5418 -13.7629 -1.25
    endloop
  endfacet
  facet normal 0.740949 -0.671561 0
    outer loop
      vertex -16.929 -14.6641 1.25
      vertex -16.7906 -14.5114 -1.25
      vertex -16.7906 -14.5114 1.25
    endloop
  endfacet
  facet normal 0.740949 -0.671561 0
    outer loop
      vertex -16.7906 -14.5114 -1.25
      vertex -16.929 -14.6641 1.25
      vertex -16.929 -14.6641 -1.25
    endloop
  endfacet
  facet normal 0.857878 -0.513853 0
    outer loop
      vertex -17.2453 -15.1245 1.25
      vertex -17.1394 -14.9477 -1.25
      vertex -17.1394 -14.9477 1.25
    endloop
  endfacet
  facet normal 0.857878 -0.513853 0
    outer loop
      vertex -17.1394 -14.9477 -1.25
      vertex -17.2453 -15.1245 1.25
      vertex -17.2453 -15.1245 -1.25
    endloop
  endfacet
  facet normal 0.989138 -0.146988 0
    outer loop
      vertex -17.5818 -16.1842 1.25
      vertex -17.5515 -15.9803 -1.25
      vertex -17.5515 -15.9803 1.25
    endloop
  endfacet
  facet normal 0.989138 -0.146988 0
    outer loop
      vertex -17.5515 -15.9803 -1.25
      vertex -17.5818 -16.1842 1.25
      vertex -17.5818 -16.1842 -1.25
    endloop
  endfacet
  facet normal 0 -1 0
    outer loop
      vertex -14.7868 -13.6509 -1.25
      vertex -14.7132 -13.6509 1.25
      vertex -14.7868 -13.6509 1.25
    endloop
  endfacet
  facet normal 0 -1 -0
    outer loop
      vertex -14.7132 -13.6509 1.25
      vertex -14.7868 -13.6509 -1.25
      vertex -14.7132 -13.6509 -1.25
    endloop
  endfacet
  facet normal -0.0980209 -0.995184 0
    outer loop
      vertex -14.5073 -13.661 -1.25
      vertex -14.4342 -13.6682 1.25
      vertex -14.5073 -13.661 1.25
    endloop
  endfacet
  facet normal -0.0980209 -0.995184 -0
    outer loop
      vertex -14.4342 -13.6682 1.25
      vertex -14.5073 -13.661 -1.25
      vertex -14.4342 -13.6682 -1.25
    endloop
  endfacet
  facet normal -0.146988 -0.989138 0
    outer loop
      vertex -14.4342 -13.6682 -1.25
      vertex -14.2303 -13.6985 1.25
      vertex -14.4342 -13.6682 1.25
    endloop
  endfacet
  facet normal -0.146988 -0.989138 -0
    outer loop
      vertex -14.2303 -13.6985 1.25
      vertex -14.4342 -13.6682 -1.25
      vertex -14.2303 -13.6985 -1.25
    endloop
  endfacet
  facet normal -0.555328 -0.831631 0
    outer loop
      vertex -10.9755 -15.5264 -1.25
      vertex -10.9144 -15.5672 1.25
      vertex -10.9755 -15.5264 1.25
    endloop
  endfacet
  facet normal -0.555328 -0.831631 -0
    outer loop
      vertex -10.9144 -15.5672 1.25
      vertex -10.9755 -15.5264 -1.25
      vertex -10.9144 -15.5672 -1.25
    endloop
  endfacet
  facet normal -0.427502 -0.904014 0
    outer loop
      vertex -13.6257 -13.8819 -1.25
      vertex -13.4394 -13.97 1.25
      vertex -13.6257 -13.8819 1.25
    endloop
  endfacet
  facet normal -0.427502 -0.904014 -0
    outer loop
      vertex -13.4394 -13.97 1.25
      vertex -13.6257 -13.8819 -1.25
      vertex -13.4394 -13.97 -1.25
    endloop
  endfacet
  facet normal -0.383072 -0.923719 0
    outer loop
      vertex -13.6937 -13.8537 -1.25
      vertex -13.6257 -13.8819 1.25
      vertex -13.6937 -13.8537 1.25
    endloop
  endfacet
  facet normal -0.383072 -0.923719 -0
    outer loop
      vertex -13.6257 -13.8819 1.25
      vertex -13.6937 -13.8537 -1.25
      vertex -13.6257 -13.8819 -1.25
    endloop
  endfacet
  facet normal -0.290837 -0.956773 0
    outer loop
      vertex -13.9581 -13.7629 -1.25
      vertex -13.8877 -13.7843 1.25
      vertex -13.9581 -13.7629 1.25
    endloop
  endfacet
  facet normal -0.290837 -0.956773 -0
    outer loop
      vertex -13.8877 -13.7843 1.25
      vertex -13.9581 -13.7629 -1.25
      vertex -13.8877 -13.7843 -1.25
    endloop
  endfacet
  facet normal 0.980945 0.194287 0
    outer loop
      vertex -17.5372 -17.0919 1.25
      vertex -17.5515 -17.0197 -1.25
      vertex -17.5515 -17.0197 1.25
    endloop
  endfacet
  facet normal 0.980945 0.194287 0
    outer loop
      vertex -17.5515 -17.0197 -1.25
      vertex -17.5372 -17.0919 1.25
      vertex -17.5372 -17.0919 -1.25
    endloop
  endfacet
  facet normal 0.0978883 -0.995197 0
    outer loop
      vertex -15.0658 -13.6682 -1.25
      vertex -14.9926 -13.661 1.25
      vertex -15.0658 -13.6682 1.25
    endloop
  endfacet
  facet normal 0.0978883 -0.995197 0
    outer loop
      vertex -14.9926 -13.661 1.25
      vertex -15.0658 -13.6682 -1.25
      vertex -14.9926 -13.661 -1.25
    endloop
  endfacet
  facet normal 0.146988 -0.989138 0
    outer loop
      vertex -15.2697 -13.6985 -1.25
      vertex -15.0658 -13.6682 1.25
      vertex -15.2697 -13.6985 1.25
    endloop
  endfacet
  facet normal 0.146988 -0.989138 0
    outer loop
      vertex -15.0658 -13.6682 1.25
      vertex -15.2697 -13.6985 -1.25
      vertex -15.0658 -13.6682 -1.25
    endloop
  endfacet
  facet normal 0.427502 -0.904014 0
    outer loop
      vertex -16.0606 -13.97 -1.25
      vertex -15.8743 -13.8819 1.25
      vertex -16.0606 -13.97 1.25
    endloop
  endfacet
  facet normal 0.427502 -0.904014 0
    outer loop
      vertex -15.8743 -13.8819 1.25
      vertex -16.0606 -13.97 -1.25
      vertex -15.8743 -13.8819 -1.25
    endloop
  endfacet
  facet normal 0.513853 -0.857878 0
    outer loop
      vertex -16.3023 -14.1106 -1.25
      vertex -16.1255 -14.0047 1.25
      vertex -16.3023 -14.1106 1.25
    endloop
  endfacet
  facet normal 0.513853 -0.857878 0
    outer loop
      vertex -16.1255 -14.0047 1.25
      vertex -16.3023 -14.1106 -1.25
      vertex -16.1255 -14.0047 -1.25
    endloop
  endfacet
  facet normal 0.336674 -0.941621 0
    outer loop
      vertex -15.8063 -13.8537 -1.25
      vertex -15.6122 -13.7843 1.25
      vertex -15.8063 -13.8537 1.25
    endloop
  endfacet
  facet normal 0.336674 -0.941621 0
    outer loop
      vertex -15.6122 -13.7843 1.25
      vertex -15.8063 -13.8537 -1.25
      vertex -15.6122 -13.7843 -1.25
    endloop
  endfacet
  facet normal 0.671561 -0.740949 0
    outer loop
      vertex -16.7386 -14.4594 -1.25
      vertex -16.5859 -14.321 1.25
      vertex -16.7386 -14.4594 1.25
    endloop
  endfacet
  facet normal 0.671561 -0.740949 0
    outer loop
      vertex -16.5859 -14.321 1.25
      vertex -16.7386 -14.4594 -1.25
      vertex -16.5859 -14.321 -1.25
    endloop
  endfacet
  facet normal 0.634421 -0.772988 0
    outer loop
      vertex -16.5859 -14.321 -1.25
      vertex -16.529 -14.2743 1.25
      vertex -16.5859 -14.321 1.25
    endloop
  endfacet
  facet normal 0.634421 -0.772988 0
    outer loop
      vertex -16.529 -14.2743 1.25
      vertex -16.5859 -14.321 -1.25
      vertex -16.529 -14.2743 -1.25
    endloop
  endfacet
  facet normal 0.772988 -0.634421 0
    outer loop
      vertex -16.9757 -14.721 1.25
      vertex -16.929 -14.6641 -1.25
      vertex -16.929 -14.6641 1.25
    endloop
  endfacet
  facet normal 0.772988 -0.634421 0
    outer loop
      vertex -16.929 -14.6641 -1.25
      vertex -16.9757 -14.721 1.25
      vertex -16.9757 -14.721 -1.25
    endloop
  endfacet
  facet normal 0.989138 0.146988 0
    outer loop
      vertex -17.5515 -17.0197 1.25
      vertex -17.5818 -16.8158 -1.25
      vertex -17.5818 -16.8158 1.25
    endloop
  endfacet
  facet normal 0.989138 0.146988 0
    outer loop
      vertex -17.5818 -16.8158 -1.25
      vertex -17.5515 -17.0197 1.25
      vertex -17.5515 -17.0197 -1.25
    endloop
  endfacet
  facet normal 0.998799 0.048994 0
    outer loop
      vertex -17.589 -16.7427 1.25
      vertex -17.5991 -16.5368 -1.25
      vertex -17.5991 -16.5368 1.25
    endloop
  endfacet
  facet normal 0.998799 0.048994 0
    outer loop
      vertex -17.5991 -16.5368 -1.25
      vertex -17.589 -16.7427 1.25
      vertex -17.589 -16.7427 -1.25
    endloop
  endfacet
  facet normal 1 -0 0
    outer loop
      vertex -17.5991 -16.5368 1.25
      vertex -17.5991 -16.4632 -1.25
      vertex -17.5991 -16.4632 1.25
    endloop
  endfacet
  facet normal 1 0 0
    outer loop
      vertex -17.5991 -16.4632 -1.25
      vertex -17.5991 -16.5368 1.25
      vertex -17.5991 -16.5368 -1.25
    endloop
  endfacet
  facet normal 0.383072 -0.923719 0
    outer loop
      vertex -15.8743 -13.8819 -1.25
      vertex -15.8063 -13.8537 1.25
      vertex -15.8743 -13.8819 1.25
    endloop
  endfacet
  facet normal 0.383072 -0.923719 0
    outer loop
      vertex -15.8063 -13.8537 1.25
      vertex -15.8743 -13.8819 -1.25
      vertex -15.8063 -13.8537 -1.25
    endloop
  endfacet
  facet normal 0.923719 -0.383072 0
    outer loop
      vertex -17.3963 -15.4437 1.25
      vertex -17.3681 -15.3757 -1.25
      vertex -17.3681 -15.3757 1.25
    endloop
  endfacet
  facet normal 0.923719 -0.383072 0
    outer loop
      vertex -17.3681 -15.3757 -1.25
      vertex -17.3963 -15.4437 1.25
      vertex -17.3963 -15.4437 -1.25
    endloop
  endfacet
  facet normal 0.941621 -0.336674 0
    outer loop
      vertex -17.4657 -15.6378 1.25
      vertex -17.3963 -15.4437 -1.25
      vertex -17.3963 -15.4437 1.25
    endloop
  endfacet
  facet normal 0.941621 -0.336674 0
    outer loop
      vertex -17.3963 -15.4437 -1.25
      vertex -17.4657 -15.6378 1.25
      vertex -17.4657 -15.6378 -1.25
    endloop
  endfacet
  facet normal 0.97 -0.243106 0
    outer loop
      vertex -17.5372 -15.9081 1.25
      vertex -17.4871 -15.7082 -1.25
      vertex -17.4871 -15.7082 1.25
    endloop
  endfacet
  facet normal 0.97 -0.243106 0
    outer loop
      vertex -17.4871 -15.7082 -1.25
      vertex -17.5372 -15.9081 1.25
      vertex -17.5372 -15.9081 -1.25
    endloop
  endfacet
  facet normal 0.995197 -0.0978883 0
    outer loop
      vertex -17.589 -16.2574 1.25
      vertex -17.5818 -16.1842 -1.25
      vertex -17.5818 -16.1842 1.25
    endloop
  endfacet
  facet normal 0.995197 -0.0978883 0
    outer loop
      vertex -17.5818 -16.1842 -1.25
      vertex -17.589 -16.2574 1.25
      vertex -17.589 -16.2574 -1.25
    endloop
  endfacet
  facet normal 0.995184 0.0980209 0
    outer loop
      vertex -17.5818 -16.8158 1.25
      vertex -17.589 -16.7427 -1.25
      vertex -17.589 -16.7427 1.25
    endloop
  endfacet
  facet normal 0.995184 0.0980209 0
    outer loop
      vertex -17.589 -16.7427 -1.25
      vertex -17.5818 -16.8158 1.25
      vertex -17.5818 -16.8158 -1.25
    endloop
  endfacet
  facet normal 0.956773 -0.290837 0
    outer loop
      vertex -17.4871 -15.7082 1.25
      vertex -17.4657 -15.6378 -1.25
      vertex -17.4657 -15.6378 1.25
    endloop
  endfacet
  facet normal 0.956773 -0.290837 0
    outer loop
      vertex -17.4657 -15.6378 -1.25
      vertex -17.4871 -15.7082 1.25
      vertex -17.4871 -15.7082 -1.25
    endloop
  endfacet
  facet normal -0.998797 -0.0490397 0
    outer loop
      vertex -14.5009 0.0367889 -1.25
      vertex -14.5394 0.820923 1.25
      vertex -14.5394 0.820923 -1.25
    endloop
  endfacet
  facet normal -0.998797 -0.0490397 0
    outer loop
      vertex -14.5394 0.820923 1.25
      vertex -14.5009 0.0367889 -1.25
      vertex -14.5009 0.0367889 1.25
    endloop
  endfacet
  facet normal -0.923719 -0.383072 0
    outer loop
      vertex -15.1528 3.31413 -1.25
      vertex -15.181 3.38213 1.25
      vertex -15.181 3.38213 -1.25
    endloop
  endfacet
  facet normal -0.923719 -0.383072 0
    outer loop
      vertex -15.181 3.38213 1.25
      vertex -15.1528 3.31413 -1.25
      vertex -15.1528 3.31413 1.25
    endloop
  endfacet
  facet normal -0.831465 -0.555578 0
    outer loop
      vertex -15.9549 4.83012 -1.25
      vertex -15.9958 4.89133 1.25
      vertex -15.9958 4.89133 -1.25
    endloop
  endfacet
  facet normal -0.831465 -0.555578 0
    outer loop
      vertex -15.9958 4.89133 1.25
      vertex -15.9549 4.83012 -1.25
      vertex -15.9549 4.83012 1.25
    endloop
  endfacet
  facet normal -0.989176 -0.146736 0
    outer loop
      vertex -14.5466 0.894196 -1.25
      vertex -14.6618 1.67078 1.25
      vertex -14.6618 1.67078 -1.25
    endloop
  endfacet
  facet normal -0.989176 -0.146736 0
    outer loop
      vertex -14.6618 1.67078 1.25
      vertex -14.5466 0.894196 -1.25
      vertex -14.5466 0.894196 1.25
    endloop
  endfacet
  facet normal -0.803189 -0.595724 0
    outer loop
      vertex -15.9958 4.89133 -1.25
      vertex -16.4635 5.52191 1.25
      vertex -16.4635 5.52191 -1.25
    endloop
  endfacet
  facet normal -0.803189 -0.595724 0
    outer loop
      vertex -16.4635 5.52191 1.25
      vertex -15.9958 4.89133 -1.25
      vertex -15.9958 4.89133 1.25
    endloop
  endfacet
  facet normal -0.881894 -0.471448 0
    outer loop
      vertex -15.5166 4.09183 -1.25
      vertex -15.5513 4.15674 1.25
      vertex -15.5513 4.15674 -1.25
    endloop
  endfacet
  facet normal -0.881894 -0.471448 0
    outer loop
      vertex -15.5513 4.15674 1.25
      vertex -15.5166 4.09183 -1.25
      vertex -15.5166 4.09183 1.25
    endloop
  endfacet
  facet normal -0.95683 -0.290648 0
    outer loop
      vertex -14.8669 2.50449 -1.25
      vertex -14.8883 2.57494 1.25
      vertex -14.8883 2.57494 -1.25
    endloop
  endfacet
  facet normal -0.95683 -0.290648 0
    outer loop
      vertex -14.8883 2.57494 1.25
      vertex -14.8669 2.50449 -1.25
      vertex -14.8669 2.50449 1.25
    endloop
  endfacet
  facet normal -0.740971 -0.671537 0
    outer loop
      vertex -16.5102 5.57881 -1.25
      vertex -17.0374 6.16052 1.25
      vertex -17.0374 6.16052 -1.25
    endloop
  endfacet
  facet normal -0.740971 -0.671537 0
    outer loop
      vertex -17.0374 6.16052 1.25
      vertex -16.5102 5.57881 -1.25
      vertex -16.5102 5.57881 1.25
    endloop
  endfacet
  facet normal -0.47094 -0.882165 0
    outer loop
      vertex -19.1582 7.73335 -0.591843
      vertex -19.0932 7.69865 0.656754
      vertex -19.1582 7.73335 0.591843
    endloop
  endfacet
  facet normal -0.47094 -0.882165 -0
    outer loop
      vertex -19.0932 7.69865 0.656754
      vertex -19.1582 7.73335 -0.591843
      vertex -19.0932 7.69865 -0.656754
    endloop
  endfacet
  facet normal -0.995207 -0.0977917 0
    outer loop
      vertex -14.5394 0.820923 -1.25
      vertex -14.5466 0.894196 1.25
      vertex -14.5466 0.894196 -1.25
    endloop
  endfacet
  facet normal -0.995207 -0.0977917 0
    outer loop
      vertex -14.5466 0.894196 1.25
      vertex -14.5394 0.820923 -1.25
      vertex -14.5394 0.820923 1.25
    endloop
  endfacet
  facet normal -0.706631 0.707582 0
    outer loop
      vertex -17.0895 -6.21255 -1.25
      vertex -17.0374 -6.16052 1.25
      vertex -17.0374 -6.16052 -1.25
    endloop
  endfacet
  facet normal -0.706631 0.707582 0
    outer loop
      vertex -17.0374 -6.16052 1.25
      vertex -17.0895 -6.21255 -1.25
      vertex -17.0895 -6.21255 1.25
    endloop
  endfacet
  facet normal -0.427731 0.903906 0
    outer loop
      vertex -19.1582 -7.73335 0.591843
      vertex -19.25 -7.77679 -0.5
      vertex -19.25 -7.77679 0.5
    endloop
  endfacet
  facet normal -0.427731 0.903906 0
    outer loop
      vertex -19.25 -7.77679 -0.5
      vertex -19.1582 -7.73335 0.591843
      vertex -19.1582 -7.73335 -0.591843
    endloop
  endfacet
  facet normal -0.772988 -0.634421 0
    outer loop
      vertex -16.4635 5.52191 -1.25
      vertex -16.5102 5.57881 1.25
      vertex -16.5102 5.57881 -1.25
    endloop
  endfacet
  facet normal -0.772988 -0.634421 0
    outer loop
      vertex -16.5102 5.57881 1.25
      vertex -16.4635 5.52191 -1.25
      vertex -16.4635 5.52191 1.25
    endloop
  endfacet
  facet normal -0.90402 -0.427489 0
    outer loop
      vertex -15.181 3.38213 -1.25
      vertex -15.5166 4.09183 1.25
      vertex -15.5166 4.09183 -1.25
    endloop
  endfacet
  facet normal -0.90402 -0.427489 0
    outer loop
      vertex -15.5166 4.09183 1.25
      vertex -15.181 3.38213 -1.25
      vertex -15.181 3.38213 1.25
    endloop
  endfacet
  facet normal -0.941539 -0.336905 0
    outer loop
      vertex -14.8883 2.57494 -1.25
      vertex -15.1528 3.31413 1.25
      vertex -15.1528 3.31413 -1.25
    endloop
  endfacet
  facet normal -0.941539 -0.336905 0
    outer loop
      vertex -15.1528 3.31413 1.25
      vertex -14.8883 2.57494 -1.25
      vertex -14.8883 2.57494 1.25
    endloop
  endfacet
  facet normal -0.980664 -0.195698 0
    outer loop
      vertex -14.6618 1.67078 -1.25
      vertex -14.6762 1.74294 1.25
      vertex -14.6762 1.74294 -1.25
    endloop
  endfacet
  facet normal -0.980664 -0.195698 0
    outer loop
      vertex -14.6762 1.74294 1.25
      vertex -14.6618 1.67078 -1.25
      vertex -14.6618 1.67078 1.25
    endloop
  endfacet
  facet normal -0.63434 -0.773055 0
    outer loop
      vertex -17.7281 6.78648 -1.25
      vertex -17.6712 6.73979 1.25
      vertex -17.7281 6.78648 1.25
    endloop
  endfacet
  facet normal -0.63434 -0.773055 -0
    outer loop
      vertex -17.6712 6.73979 1.25
      vertex -17.7281 6.78648 -1.25
      vertex -17.6712 6.73979 -1.25
    endloop
  endfacet
  facet normal -0.989176 0.146736 0
    outer loop
      vertex -14.6618 -1.67078 -1.25
      vertex -14.5466 -0.894196 1.25
      vertex -14.5466 -0.894196 -1.25
    endloop
  endfacet
  facet normal -0.989176 0.146736 0
    outer loop
      vertex -14.5466 -0.894196 1.25
      vertex -14.6618 -1.67078 -1.25
      vertex -14.6618 -1.67078 1.25
    endloop
  endfacet
  facet normal -0.995207 0.0977917 0
    outer loop
      vertex -14.5466 -0.894196 -1.25
      vertex -14.5394 -0.820923 1.25
      vertex -14.5394 -0.820923 -1.25
    endloop
  endfacet
  facet normal -0.995207 0.0977917 0
    outer loop
      vertex -14.5394 -0.820923 1.25
      vertex -14.5466 -0.894196 -1.25
      vertex -14.5466 -0.894196 1.25
    endloop
  endfacet
  facet normal -0.923719 0.383072 0
    outer loop
      vertex -15.181 -3.38213 -1.25
      vertex -15.1528 -3.31413 1.25
      vertex -15.1528 -3.31413 -1.25
    endloop
  endfacet
  facet normal -0.923719 0.383072 0
    outer loop
      vertex -15.1528 -3.31413 1.25
      vertex -15.181 -3.38213 -1.25
      vertex -15.181 -3.38213 1.25
    endloop
  endfacet
  facet normal -0.881894 0.471448 0
    outer loop
      vertex -15.5513 -4.15674 -1.25
      vertex -15.5166 -4.09183 1.25
      vertex -15.5166 -4.09183 -1.25
    endloop
  endfacet
  facet normal -0.881894 0.471448 0
    outer loop
      vertex -15.5166 -4.09183 1.25
      vertex -15.5513 -4.15674 -1.25
      vertex -15.5513 -4.15674 1.25
    endloop
  endfacet
  facet normal -0.740971 0.671537 0
    outer loop
      vertex -17.0374 -6.16052 -1.25
      vertex -16.5102 -5.57881 1.25
      vertex -16.5102 -5.57881 -1.25
    endloop
  endfacet
  facet normal -0.740971 0.671537 0
    outer loop
      vertex -16.5102 -5.57881 1.25
      vertex -17.0374 -6.16052 -1.25
      vertex -17.0374 -6.16052 1.25
    endloop
  endfacet
  facet normal -0.555546 0.831486 0
    outer loop
      vertex -18.3587 -7.25415 -1.25
      vertex -18.4199 -7.29504 1.25
      vertex -18.3587 -7.25415 1.25
    endloop
  endfacet
  facet normal -0.555546 0.831486 0
    outer loop
      vertex -18.4199 -7.29504 1.25
      vertex -18.3587 -7.25415 -1.25
      vertex -18.4199 -7.29504 -1.25
    endloop
  endfacet
  facet normal -0.671571 0.74094 0
    outer loop
      vertex -17.0895 -6.21255 -1.25
      vertex -17.6712 -6.73979 1.25
      vertex -17.0895 -6.21255 1.25
    endloop
  endfacet
  facet normal -0.671571 0.74094 0
    outer loop
      vertex -17.6712 -6.73979 1.25
      vertex -17.0895 -6.21255 -1.25
      vertex -17.6712 -6.73979 -1.25
    endloop
  endfacet
  facet normal -0.857733 -0.514095 0
    outer loop
      vertex -15.5513 4.15674 -1.25
      vertex -15.9549 4.83012 1.25
      vertex -15.9549 4.83012 -1.25
    endloop
  endfacet
  facet normal -0.857733 -0.514095 0
    outer loop
      vertex -15.9549 4.83012 1.25
      vertex -15.5513 4.15674 -1.25
      vertex -15.5513 4.15674 1.25
    endloop
  endfacet
  facet normal -0.970049 -0.24291 0
    outer loop
      vertex -14.6762 1.74294 -1.25
      vertex -14.8669 2.50449 1.25
      vertex -14.8669 2.50449 -1.25
    endloop
  endfacet
  facet normal -0.970049 -0.24291 0
    outer loop
      vertex -14.8669 2.50449 1.25
      vertex -14.6762 1.74294 -1.25
      vertex -14.6762 1.74294 1.25
    endloop
  endfacet
  facet normal -0.427731 -0.903906 0
    outer loop
      vertex -19.25 7.77679 -0.5
      vertex -19.1582 7.73335 0.591843
      vertex -19.25 7.77679 0.5
    endloop
  endfacet
  facet normal -0.427731 -0.903906 -0
    outer loop
      vertex -19.1582 7.73335 0.591843
      vertex -19.25 7.77679 -0.5
      vertex -19.1582 7.73335 -0.591843
    endloop
  endfacet
  facet normal -0.90402 0.427489 0
    outer loop
      vertex -15.5166 -4.09183 -1.25
      vertex -15.181 -3.38213 1.25
      vertex -15.181 -3.38213 -1.25
    endloop
  endfacet
  facet normal -0.90402 0.427489 0
    outer loop
      vertex -15.181 -3.38213 1.25
      vertex -15.5166 -4.09183 -1.25
      vertex -15.5166 -4.09183 1.25
    endloop
  endfacet
  facet normal -0.941539 0.336905 0
    outer loop
      vertex -15.1528 -3.31413 -1.25
      vertex -14.8883 -2.57494 1.25
      vertex -14.8883 -2.57494 -1.25
    endloop
  endfacet
  facet normal -0.941539 0.336905 0
    outer loop
      vertex -14.8883 -2.57494 1.25
      vertex -15.1528 -3.31413 -1.25
      vertex -15.1528 -3.31413 1.25
    endloop
  endfacet
  facet normal -0.857733 0.514095 0
    outer loop
      vertex -15.9549 -4.83012 -1.25
      vertex -15.5513 -4.15674 1.25
      vertex -15.5513 -4.15674 -1.25
    endloop
  endfacet
  facet normal -0.857733 0.514095 0
    outer loop
      vertex -15.5513 -4.15674 1.25
      vertex -15.9549 -4.83012 -1.25
      vertex -15.9549 -4.83012 1.25
    endloop
  endfacet
  facet normal -0.831465 0.555578 0
    outer loop
      vertex -15.9958 -4.89133 -1.25
      vertex -15.9549 -4.83012 1.25
      vertex -15.9549 -4.83012 -1.25
    endloop
  endfacet
  facet normal -0.831465 0.555578 0
    outer loop
      vertex -15.9549 -4.83012 1.25
      vertex -15.9958 -4.89133 -1.25
      vertex -15.9958 -4.89133 1.25
    endloop
  endfacet
  facet normal -0.47094 0.882165 0
    outer loop
      vertex -19.0932 -7.69865 0.656754
      vertex -19.1582 -7.73335 -0.591843
      vertex -19.1582 -7.73335 0.591843
    endloop
  endfacet
  facet normal -0.47094 0.882165 0
    outer loop
      vertex -19.1582 -7.73335 -0.591843
      vertex -19.0932 -7.69865 0.656754
      vertex -19.0932 -7.69865 -0.656754
    endloop
  endfacet
  facet normal -0.514338 0.857587 0.000291842
    outer loop
      vertex -18.4199 -7.29504 1.25
      vertex -19.0932 -7.69865 0.656754
      vertex -18.5 -7.34308 1.25
    endloop
  endfacet
  facet normal -0.514149 0.857701 0
    outer loop
      vertex -18.4199 -7.29504 1.25
      vertex -19.0932 -7.69865 -0.656754
      vertex -19.0932 -7.69865 0.656754
    endloop
  endfacet
  facet normal -0.514149 0.857701 0
    outer loop
      vertex -18.4199 -7.29504 -1.25
      vertex -19.0932 -7.69865 -0.656754
      vertex -18.4199 -7.29504 1.25
    endloop
  endfacet
  facet normal -0.514338 0.857587 -0.000291842
    outer loop
      vertex -19.0932 -7.69865 -0.656754
      vertex -18.4199 -7.29504 -1.25
      vertex -18.5 -7.34308 -1.25
    endloop
  endfacet
  facet normal -0.595687 0.803217 0
    outer loop
      vertex -17.7281 -6.78648 -1.25
      vertex -18.3587 -7.25415 1.25
      vertex -17.7281 -6.78648 1.25
    endloop
  endfacet
  facet normal -0.595687 0.803217 0
    outer loop
      vertex -18.3587 -7.25415 1.25
      vertex -17.7281 -6.78648 -1.25
      vertex -18.3587 -7.25415 -1.25
    endloop
  endfacet
  facet normal -0.63434 0.773055 0
    outer loop
      vertex -17.6712 -6.73979 -1.25
      vertex -17.7281 -6.78648 1.25
      vertex -17.6712 -6.73979 1.25
    endloop
  endfacet
  facet normal -0.63434 0.773055 0
    outer loop
      vertex -17.7281 -6.78648 1.25
      vertex -17.6712 -6.73979 -1.25
      vertex -17.7281 -6.78648 -1.25
    endloop
  endfacet
  facet normal -0.706631 -0.707582 0
    outer loop
      vertex -17.0374 6.16052 -1.25
      vertex -17.0895 6.21255 1.25
      vertex -17.0895 6.21255 -1.25
    endloop
  endfacet
  facet normal -0.706631 -0.707582 0
    outer loop
      vertex -17.0895 6.21255 1.25
      vertex -17.0374 6.16052 -1.25
      vertex -17.0374 6.16052 1.25
    endloop
  endfacet
  facet normal -0.671571 -0.74094 0
    outer loop
      vertex -17.6712 6.73979 -1.25
      vertex -17.0895 6.21255 1.25
      vertex -17.6712 6.73979 1.25
    endloop
  endfacet
  facet normal -0.671571 -0.74094 -0
    outer loop
      vertex -17.0895 6.21255 1.25
      vertex -17.6712 6.73979 -1.25
      vertex -17.0895 6.21255 -1.25
    endloop
  endfacet
  facet normal -0.595687 -0.803217 0
    outer loop
      vertex -18.3587 7.25415 -1.25
      vertex -17.7281 6.78648 1.25
      vertex -18.3587 7.25415 1.25
    endloop
  endfacet
  facet normal -0.595687 -0.803217 -0
    outer loop
      vertex -17.7281 6.78648 1.25
      vertex -18.3587 7.25415 -1.25
      vertex -17.7281 6.78648 -1.25
    endloop
  endfacet
  facet normal -0.555546 -0.831486 0
    outer loop
      vertex -18.4199 7.29504 -1.25
      vertex -18.3587 7.25415 1.25
      vertex -18.4199 7.29504 1.25
    endloop
  endfacet
  facet normal -0.555546 -0.831486 -0
    outer loop
      vertex -18.3587 7.25415 1.25
      vertex -18.4199 7.29504 -1.25
      vertex -18.3587 7.25415 -1.25
    endloop
  endfacet
  facet normal -0.514338 -0.857587 0.000291842
    outer loop
      vertex -19.0932 7.69865 0.656754
      vertex -18.4199 7.29504 1.25
      vertex -18.5 7.34308 1.25
    endloop
  endfacet
  facet normal -0.514149 -0.857701 0
    outer loop
      vertex -19.0932 7.69865 -0.656754
      vertex -18.4199 7.29504 1.25
      vertex -19.0932 7.69865 0.656754
    endloop
  endfacet
  facet normal -0.514338 -0.857587 -0.000291842
    outer loop
      vertex -18.4199 7.29504 -1.25
      vertex -19.0932 7.69865 -0.656754
      vertex -18.5 7.34308 -1.25
    endloop
  endfacet
  facet normal -0.514149 -0.857701 0
    outer loop
      vertex -19.0932 7.69865 -0.656754
      vertex -18.4199 7.29504 -1.25
      vertex -18.4199 7.29504 1.25
    endloop
  endfacet
  facet normal -0.95683 0.290648 0
    outer loop
      vertex -14.8883 -2.57494 -1.25
      vertex -14.8669 -2.50449 1.25
      vertex -14.8669 -2.50449 -1.25
    endloop
  endfacet
  facet normal -0.95683 0.290648 0
    outer loop
      vertex -14.8669 -2.50449 1.25
      vertex -14.8883 -2.57494 -1.25
      vertex -14.8883 -2.57494 1.25
    endloop
  endfacet
  facet normal -0.998797 0.0490397 0
    outer loop
      vertex -14.5394 -0.820923 -1.25
      vertex -14.5009 -0.0367889 1.25
      vertex -14.5009 -0.0367889 -1.25
    endloop
  endfacet
  facet normal -0.998797 0.0490397 0
    outer loop
      vertex -14.5009 -0.0367889 1.25
      vertex -14.5394 -0.820923 -1.25
      vertex -14.5394 -0.820923 1.25
    endloop
  endfacet
  facet normal -1 0 0
    outer loop
      vertex -14.5009 -0.0367889 -1.25
      vertex -14.5009 0.0367889 1.25
      vertex -14.5009 0.0367889 -1.25
    endloop
  endfacet
  facet normal -1 -0 0
    outer loop
      vertex -14.5009 0.0367889 1.25
      vertex -14.5009 -0.0367889 -1.25
      vertex -14.5009 -0.0367889 1.25
    endloop
  endfacet
  facet normal -0.772988 0.634421 0
    outer loop
      vertex -16.5102 -5.57881 -1.25
      vertex -16.4635 -5.52191 1.25
      vertex -16.4635 -5.52191 -1.25
    endloop
  endfacet
  facet normal -0.772988 0.634421 0
    outer loop
      vertex -16.4635 -5.52191 1.25
      vertex -16.5102 -5.57881 -1.25
      vertex -16.5102 -5.57881 1.25
    endloop
  endfacet
  facet normal -0.803189 0.595724 0
    outer loop
      vertex -16.4635 -5.52191 -1.25
      vertex -15.9958 -4.89133 1.25
      vertex -15.9958 -4.89133 -1.25
    endloop
  endfacet
  facet normal -0.803189 0.595724 0
    outer loop
      vertex -15.9958 -4.89133 1.25
      vertex -16.4635 -5.52191 -1.25
      vertex -16.4635 -5.52191 1.25
    endloop
  endfacet
  facet normal -0.970049 0.24291 0
    outer loop
      vertex -14.8669 -2.50449 -1.25
      vertex -14.6762 -1.74294 1.25
      vertex -14.6762 -1.74294 -1.25
    endloop
  endfacet
  facet normal -0.970049 0.24291 0
    outer loop
      vertex -14.6762 -1.74294 1.25
      vertex -14.8669 -2.50449 -1.25
      vertex -14.8669 -2.50449 1.25
    endloop
  endfacet
  facet normal -0.980664 0.195698 0
    outer loop
      vertex -14.6762 -1.74294 -1.25
      vertex -14.6618 -1.67078 1.25
      vertex -14.6618 -1.67078 -1.25
    endloop
  endfacet
  facet normal -0.980664 0.195698 0
    outer loop
      vertex -14.6618 -1.67078 1.25
      vertex -14.6762 -1.74294 -1.25
      vertex -14.6762 -1.74294 1.25
    endloop
  endfacet
  facet normal -0.980789 0.195071 0
    outer loop
      vertex 6.87184 -10.7552 -1.25
      vertex 6.8862 -10.683 1.25
      vertex 6.8862 -10.683 -1.25
    endloop
  endfacet
  facet normal -0.980789 0.195071 0
    outer loop
      vertex 6.8862 -10.683 1.25
      vertex 6.87184 -10.7552 -1.25
      vertex 6.87184 -10.7552 1.25
    endloop
  endfacet
  facet normal 0.998795 -0.0490782 0
    outer loop
      vertex -6.9991 9.5368 1.25
      vertex -6.97261 10.0759 -1.25
      vertex -6.97261 10.0759 1.25
    endloop
  endfacet
  facet normal 0.998795 -0.0490782 0
    outer loop
      vertex -6.97261 10.0759 -1.25
      vertex -6.9991 9.5368 1.25
      vertex -6.9991 9.5368 -1.25
    endloop
  endfacet
  facet normal 0.980789 -0.195071 0
    outer loop
      vertex -6.8862 10.683 1.25
      vertex -6.87184 10.7552 -1.25
      vertex -6.87184 10.7552 1.25
    endloop
  endfacet
  facet normal 0.980789 -0.195071 0
    outer loop
      vertex -6.87184 10.7552 -1.25
      vertex -6.8862 10.683 1.25
      vertex -6.8862 10.683 -1.25
    endloop
  endfacet
  facet normal -0.146739 -0.989175 0
    outer loop
      vertex 1.39914 15.7154 -1.25
      vertex 1.93303 15.6362 1.25
      vertex 1.39914 15.7154 1.25
    endloop
  endfacet
  facet normal -0.146739 -0.989175 -0
    outer loop
      vertex 1.93303 15.6362 1.25
      vertex 1.39914 15.7154 -1.25
      vertex 1.93303 15.6362 -1.25
    endloop
  endfacet
  facet normal -0.831486 -0.555546 0
    outer loop
      vertex 5.96637 12.9412 -1.25
      vertex 5.92548 13.0024 1.25
      vertex 5.92548 13.0024 -1.25
    endloop
  endfacet
  facet normal -0.831486 -0.555546 0
    outer loop
      vertex 5.92548 13.0024 1.25
      vertex 5.96637 12.9412 -1.25
      vertex 5.96637 12.9412 1.25
    endloop
  endfacet
  facet normal 0.470391 0.882458 -0
    outer loop
      vertex -3.66335 -15.0285 -1.25
      vertex -3.72826 -14.9939 1.25
      vertex -3.66335 -15.0285 1.25
    endloop
  endfacet
  facet normal 0.470391 0.882458 0
    outer loop
      vertex -3.72826 -14.9939 1.25
      vertex -3.66335 -15.0285 -1.25
      vertex -3.72826 -14.9939 -1.25
    endloop
  endfacet
  facet normal -0.595675 0.803226 0
    outer loop
      vertex 4.68593 -14.354 -1.25
      vertex 4.25241 -14.6755 1.25
      vertex 4.68593 -14.354 1.25
    endloop
  endfacet
  facet normal -0.595675 0.803226 0
    outer loop
      vertex 4.25241 -14.6755 1.25
      vertex 4.68593 -14.354 -1.25
      vertex 4.25241 -14.6755 -1.25
    endloop
  endfacet
  facet normal -1 0 0
    outer loop
      vertex 7 -9.5 -1.25
      vertex 7 9.5 1.25
      vertex 7 9.5 -1.25
    endloop
  endfacet
  facet normal -1 -0 0
    outer loop
      vertex 7 9.5 1.25
      vertex 7 -9.5 -1.25
      vertex 7 -9.5 1.25
    endloop
  endfacet
  facet normal -0.998795 0.0490782 0
    outer loop
      vertex 6.97261 -10.0759 -1.25
      vertex 6.9991 -9.5368 1.25
      vertex 6.9991 -9.5368 -1.25
    endloop
  endfacet
  facet normal -0.998795 0.0490782 0
    outer loop
      vertex 6.9991 -9.5368 1.25
      vertex 6.97261 -10.0759 -1.25
      vertex 6.97261 -10.0759 1.25
    endloop
  endfacet
  facet normal -0.999701 -0.0244492 0
    outer loop
      vertex 7 9.5 -1.25
      vertex 6.9991 9.5368 1.25
      vertex 6.9991 9.5368 -1.25
    endloop
  endfacet
  facet normal -0.999701 -0.0244492 0
    outer loop
      vertex 6.9991 9.5368 1.25
      vertex 7 9.5 -1.25
      vertex 7 9.5 1.25
    endloop
  endfacet
  facet normal 1 -0 0
    outer loop
      vertex -7 -9.5 1.25
      vertex -7 9.5 -1.25
      vertex -7 9.5 1.25
    endloop
  endfacet
  facet normal 1 0 0
    outer loop
      vertex -7 9.5 -1.25
      vertex -7 -9.5 1.25
      vertex -7 -9.5 -1.25
    endloop
  endfacet
  facet normal 0.0978353 -0.995203 0
    outer loop
      vertex -1.39914 15.7154 -1.25
      vertex -1.3259 15.7226 1.25
      vertex -1.39914 15.7154 1.25
    endloop
  endfacet
  facet normal 0.0978353 -0.995203 0
    outer loop
      vertex -1.3259 15.7226 1.25
      vertex -1.39914 15.7154 -1.25
      vertex -1.3259 15.7226 -1.25
    endloop
  endfacet
  facet normal 0.773055 -0.63434 0
    outer loop
      vertex -5.60396 13.4359 1.25
      vertex -5.55727 13.4928 -1.25
      vertex -5.55727 13.4928 1.25
    endloop
  endfacet
  facet normal 0.773055 -0.63434 0
    outer loop
      vertex -5.55727 13.4928 -1.25
      vertex -5.60396 13.4359 1.25
      vertex -5.60396 13.4359 -1.25
    endloop
  endfacet
  facet normal -0.989178 -0.146719 0
    outer loop
      vertex 6.96539 10.1491 -1.25
      vertex 6.8862 10.683 1.25
      vertex 6.8862 10.683 -1.25
    endloop
  endfacet
  facet normal -0.989178 -0.146719 0
    outer loop
      vertex 6.8862 10.683 1.25
      vertex 6.96539 10.1491 -1.25
      vertex 6.96539 10.1491 1.25
    endloop
  endfacet
  facet normal -0.923863 -0.382724 0
    outer loop
      vertex 6.53749 11.8574 -1.25
      vertex 6.50932 11.9254 1.25
      vertex 6.50932 11.9254 -1.25
    endloop
  endfacet
  facet normal -0.923863 -0.382724 0
    outer loop
      vertex 6.50932 11.9254 1.25
      vertex 6.53749 11.8574 -1.25
      vertex 6.53749 11.8574 1.25
    endloop
  endfacet
  facet normal -0.740922 -0.671591 0
    outer loop
      vertex 5.55727 13.4928 -1.25
      vertex 5.19479 13.8927 1.25
      vertex 5.19479 13.8927 -1.25
    endloop
  endfacet
  facet normal -0.740922 -0.671591 0
    outer loop
      vertex 5.19479 13.8927 1.25
      vertex 5.55727 13.4928 -1.25
      vertex 5.55727 13.4928 1.25
    endloop
  endfacet
  facet normal -0.470391 -0.882458 0
    outer loop
      vertex 3.66335 15.0285 -1.25
      vertex 3.72826 14.9939 1.25
      vertex 3.66335 15.0285 1.25
    endloop
  endfacet
  facet normal -0.470391 -0.882458 -0
    outer loop
      vertex 3.72826 14.9939 1.25
      vertex 3.66335 15.0285 -1.25
      vertex 3.72826 14.9939 -1.25
    endloop
  endfacet
  facet normal -0.290686 0.956819 0
    outer loop
      vertex 2.59923 -15.4693 -1.25
      vertex 2.52879 -15.4907 1.25
      vertex 2.59923 -15.4693 1.25
    endloop
  endfacet
  facet normal -0.290686 0.956819 0
    outer loop
      vertex 2.52879 -15.4907 1.25
      vertex 2.59923 -15.4693 -1.25
      vertex 2.52879 -15.4907 -1.25
    endloop
  endfacet
  facet normal -0.989178 0.146719 0
    outer loop
      vertex 6.8862 -10.683 -1.25
      vertex 6.96539 -10.1491 1.25
      vertex 6.96539 -10.1491 -1.25
    endloop
  endfacet
  facet normal -0.989178 0.146719 0
    outer loop
      vertex 6.96539 -10.1491 1.25
      vertex 6.8862 -10.683 -1.25
      vertex 6.8862 -10.683 1.25
    endloop
  endfacet
  facet normal 0.999701 0.0244492 0
    outer loop
      vertex -6.9991 -9.5368 1.25
      vertex -7 -9.5 -1.25
      vertex -7 -9.5 1.25
    endloop
  endfacet
  facet normal 0.999701 0.0244492 0
    outer loop
      vertex -7 -9.5 -1.25
      vertex -6.9991 -9.5368 1.25
      vertex -6.9991 -9.5368 -1.25
    endloop
  endfacet
  facet normal 0.989178 0.146719 0
    outer loop
      vertex -6.8862 -10.683 1.25
      vertex -6.96539 -10.1491 -1.25
      vertex -6.96539 -10.1491 1.25
    endloop
  endfacet
  facet normal 0.989178 0.146719 0
    outer loop
      vertex -6.96539 -10.1491 -1.25
      vertex -6.8862 -10.683 1.25
      vertex -6.8862 -10.683 -1.25
    endloop
  endfacet
  facet normal 0.857705 0.514141 0
    outer loop
      vertex -5.96637 -12.9412 1.25
      vertex -6.24385 -12.4783 -1.25
      vertex -6.24385 -12.4783 1.25
    endloop
  endfacet
  facet normal 0.857705 0.514141 0
    outer loop
      vertex -6.24385 -12.4783 -1.25
      vertex -5.96637 -12.9412 1.25
      vertex -5.96637 -12.9412 -1.25
    endloop
  endfacet
  facet normal -0.19562 -0.98068 0
    outer loop
      vertex 1.93303 15.6362 -1.25
      vertex 2.00522 15.6218 1.25
      vertex 1.93303 15.6362 1.25
    endloop
  endfacet
  facet normal -0.19562 -0.98068 -0
    outer loop
      vertex 2.00522 15.6218 1.25
      vertex 1.93303 15.6362 -1.25
      vertex 2.00522 15.6218 -1.25
    endloop
  endfacet
  facet normal -0.336835 -0.941564 0
    outer loop
      vertex 2.59923 15.4693 -1.25
      vertex 3.10742 15.2875 1.25
      vertex 2.59923 15.4693 1.25
    endloop
  endfacet
  facet normal -0.336835 -0.941564 -0
    outer loop
      vertex 3.10742 15.2875 1.25
      vertex 2.59923 15.4693 -1.25
      vertex 3.10742 15.2875 -1.25
    endloop
  endfacet
  facet normal 0.427595 -0.90397 0
    outer loop
      vertex -3.66335 15.0285 -1.25
      vertex -3.17542 15.2593 1.25
      vertex -3.66335 15.0285 1.25
    endloop
  endfacet
  facet normal 0.427595 -0.90397 0
    outer loop
      vertex -3.17542 15.2593 1.25
      vertex -3.66335 15.0285 -1.25
      vertex -3.17542 15.2593 -1.25
    endloop
  endfacet
  facet normal 0.146739 -0.989175 0
    outer loop
      vertex -1.93303 15.6362 -1.25
      vertex -1.39914 15.7154 1.25
      vertex -1.93303 15.6362 1.25
    endloop
  endfacet
  facet normal 0.146739 -0.989175 0
    outer loop
      vertex -1.39914 15.7154 1.25
      vertex -1.93303 15.6362 -1.25
      vertex -1.39914 15.7154 -1.25
    endloop
  endfacet
  facet normal -0.980789 -0.195071 0
    outer loop
      vertex 6.8862 10.683 -1.25
      vertex 6.87184 10.7552 1.25
      vertex 6.87184 10.7552 -1.25
    endloop
  endfacet
  facet normal -0.980789 -0.195071 0
    outer loop
      vertex 6.87184 10.7552 1.25
      vertex 6.8862 10.683 -1.25
      vertex 6.8862 10.683 1.25
    endloop
  endfacet
  facet normal -0.970033 -0.242972 0
    outer loop
      vertex 6.87184 10.7552 -1.25
      vertex 6.74069 11.2788 1.25
      vertex 6.74069 11.2788 -1.25
    endloop
  endfacet
  facet normal -0.970033 -0.242972 0
    outer loop
      vertex 6.74069 11.2788 1.25
      vertex 6.87184 10.7552 -1.25
      vertex 6.87184 10.7552 1.25
    endloop
  endfacet
  facet normal -0.707514 -0.706699 0
    outer loop
      vertex 5.19479 13.8927 -1.25
      vertex 5.14275 13.9448 1.25
      vertex 5.14275 13.9448 -1.25
    endloop
  endfacet
  facet normal -0.707514 -0.706699 0
    outer loop
      vertex 5.14275 13.9448 1.25
      vertex 5.19479 13.8927 -1.25
      vertex 5.19479 13.8927 1.25
    endloop
  endfacet
  facet normal -0.803195 -0.595717 0
    outer loop
      vertex 5.92548 13.0024 -1.25
      vertex 5.60396 13.4359 1.25
      vertex 5.60396 13.4359 -1.25
    endloop
  endfacet
  facet normal -0.803195 -0.595717 0
    outer loop
      vertex 5.60396 13.4359 1.25
      vertex 5.92548 13.0024 -1.25
      vertex 5.92548 13.0024 1.25
    endloop
  endfacet
  facet normal -0.634554 -0.772879 0
    outer loop
      vertex 4.68593 14.354 -1.25
      vertex 4.74281 14.3073 1.25
      vertex 4.68593 14.354 1.25
    endloop
  endfacet
  facet normal -0.634554 -0.772879 -0
    outer loop
      vertex 4.74281 14.3073 1.25
      vertex 4.68593 14.354 -1.25
      vertex 4.74281 14.3073 -1.25
    endloop
  endfacet
  facet normal -0.427595 -0.90397 0
    outer loop
      vertex 3.17542 15.2593 -1.25
      vertex 3.66335 15.0285 1.25
      vertex 3.17542 15.2593 1.25
    endloop
  endfacet
  facet normal -0.427595 -0.90397 -0
    outer loop
      vertex 3.66335 15.0285 1.25
      vertex 3.17542 15.2593 -1.25
      vertex 3.66335 15.0285 -1.25
    endloop
  endfacet
  facet normal -0.0490971 0.998794 0
    outer loop
      vertex 1.3259 -15.7226 -1.25
      vertex 0.786804 -15.7491 1.25
      vertex 1.3259 -15.7226 1.25
    endloop
  endfacet
  facet normal -0.0490971 0.998794 0
    outer loop
      vertex 0.786804 -15.7491 1.25
      vertex 1.3259 -15.7226 -1.25
      vertex 0.786804 -15.7491 -1.25
    endloop
  endfacet
  facet normal 0.0978353 0.995203 -0
    outer loop
      vertex -1.3259 -15.7226 -1.25
      vertex -1.39914 -15.7154 1.25
      vertex -1.3259 -15.7226 1.25
    endloop
  endfacet
  facet normal 0.0978353 0.995203 0
    outer loop
      vertex -1.39914 -15.7154 1.25
      vertex -1.3259 -15.7226 -1.25
      vertex -1.39914 -15.7154 -1.25
    endloop
  endfacet
  facet normal 0.290686 0.956819 -0
    outer loop
      vertex -2.52879 -15.4907 -1.25
      vertex -2.59923 -15.4693 1.25
      vertex -2.52879 -15.4907 1.25
    endloop
  endfacet
  facet normal 0.290686 0.956819 0
    outer loop
      vertex -2.59923 -15.4693 1.25
      vertex -2.52879 -15.4907 -1.25
      vertex -2.59923 -15.4693 -1.25
    endloop
  endfacet
  facet normal -0.831486 0.555546 0
    outer loop
      vertex 5.92548 -13.0024 -1.25
      vertex 5.96637 -12.9412 1.25
      vertex 5.96637 -12.9412 -1.25
    endloop
  endfacet
  facet normal -0.831486 0.555546 0
    outer loop
      vertex 5.96637 -12.9412 1.25
      vertex 5.92548 -13.0024 -1.25
      vertex 5.92548 -13.0024 1.25
    endloop
  endfacet
  facet normal -0.903982 0.427571 0
    outer loop
      vertex 6.27855 -12.4133 -1.25
      vertex 6.50932 -11.9254 1.25
      vertex 6.50932 -11.9254 -1.25
    endloop
  endfacet
  facet normal -0.903982 0.427571 0
    outer loop
      vertex 6.50932 -11.9254 1.25
      vertex 6.27855 -12.4133 -1.25
      vertex 6.27855 -12.4133 1.25
    endloop
  endfacet
  facet normal -0.671575 0.740937 0
    outer loop
      vertex 5.14275 -13.9448 -1.25
      vertex 4.74281 -14.3073 1.25
      vertex 5.14275 -13.9448 1.25
    endloop
  endfacet
  facet normal -0.671575 0.740937 0
    outer loop
      vertex 4.74281 -14.3073 1.25
      vertex 5.14275 -13.9448 -1.25
      vertex 4.74281 -14.3073 -1.25
    endloop
  endfacet
  facet normal -0.55564 0.831423 0
    outer loop
      vertex 4.25241 -14.6755 -1.25
      vertex 4.19121 -14.7164 1.25
      vertex 4.25241 -14.6755 1.25
    endloop
  endfacet
  facet normal -0.55564 0.831423 0
    outer loop
      vertex 4.19121 -14.7164 1.25
      vertex 4.25241 -14.6755 -1.25
      vertex 4.19121 -14.7164 -1.25
    endloop
  endfacet
  facet normal -0.995171 -0.0981576 0
    outer loop
      vertex 6.97261 10.0759 -1.25
      vertex 6.96539 10.1491 1.25
      vertex 6.96539 10.1491 -1.25
    endloop
  endfacet
  facet normal -0.995171 -0.0981576 0
    outer loop
      vertex 6.96539 10.1491 1.25
      vertex 6.97261 10.0759 -1.25
      vertex 6.97261 10.0759 1.25
    endloop
  endfacet
  facet normal -0.998795 -0.0490782 0
    outer loop
      vertex 6.9991 9.5368 -1.25
      vertex 6.97261 10.0759 1.25
      vertex 6.97261 10.0759 -1.25
    endloop
  endfacet
  facet normal -0.998795 -0.0490782 0
    outer loop
      vertex 6.97261 10.0759 1.25
      vertex 6.9991 9.5368 -1.25
      vertex 6.9991 9.5368 1.25
    endloop
  endfacet
  facet normal 0.995171 0.0981576 0
    outer loop
      vertex -6.96539 -10.1491 1.25
      vertex -6.97261 -10.0759 -1.25
      vertex -6.97261 -10.0759 1.25
    endloop
  endfacet
  facet normal 0.995171 0.0981576 0
    outer loop
      vertex -6.97261 -10.0759 -1.25
      vertex -6.96539 -10.1491 1.25
      vertex -6.96539 -10.1491 -1.25
    endloop
  endfacet
  facet normal 0.956924 0.290339 0
    outer loop
      vertex -6.71933 -11.3492 1.25
      vertex -6.74069 -11.2788 -1.25
      vertex -6.74069 -11.2788 1.25
    endloop
  endfacet
  facet normal 0.956924 0.290339 0
    outer loop
      vertex -6.74069 -11.2788 -1.25
      vertex -6.71933 -11.3492 1.25
      vertex -6.71933 -11.3492 -1.25
    endloop
  endfacet
  facet normal 0.882165 0.47094 0
    outer loop
      vertex -6.24385 -12.4783 1.25
      vertex -6.27855 -12.4133 -1.25
      vertex -6.27855 -12.4133 1.25
    endloop
  endfacet
  facet normal 0.882165 0.47094 0
    outer loop
      vertex -6.27855 -12.4133 -1.25
      vertex -6.24385 -12.4783 1.25
      vertex -6.24385 -12.4783 -1.25
    endloop
  endfacet
  facet normal 0.999701 -0.0244492 0
    outer loop
      vertex -7 9.5 1.25
      vertex -6.9991 9.5368 -1.25
      vertex -6.9991 9.5368 1.25
    endloop
  endfacet
  facet normal 0.999701 -0.0244492 0
    outer loop
      vertex -6.9991 9.5368 -1.25
      vertex -7 9.5 1.25
      vertex -7 9.5 -1.25
    endloop
  endfacet
  facet normal 0.995171 -0.0981576 0
    outer loop
      vertex -6.97261 10.0759 1.25
      vertex -6.96539 10.1491 -1.25
      vertex -6.96539 10.1491 1.25
    endloop
  endfacet
  facet normal 0.995171 -0.0981576 0
    outer loop
      vertex -6.96539 10.1491 -1.25
      vertex -6.97261 10.0759 1.25
      vertex -6.97261 10.0759 -1.25
    endloop
  endfacet
  facet normal 0.989178 -0.146719 0
    outer loop
      vertex -6.96539 10.1491 1.25
      vertex -6.8862 10.683 -1.25
      vertex -6.8862 10.683 1.25
    endloop
  endfacet
  facet normal 0.989178 -0.146719 0
    outer loop
      vertex -6.8862 10.683 -1.25
      vertex -6.96539 10.1491 1.25
      vertex -6.96539 10.1491 -1.25
    endloop
  endfacet
  facet normal 0 -1 0
    outer loop
      vertex -0.75 15.75 -1.25
      vertex 0.75 15.75 1.25
      vertex -0.75 15.75 1.25
    endloop
  endfacet
  facet normal 0 -1 -0
    outer loop
      vertex 0.75 15.75 1.25
      vertex -0.75 15.75 -1.25
      vertex 0.75 15.75 -1.25
    endloop
  endfacet
  facet normal 0.55564 -0.831423 0
    outer loop
      vertex -4.25241 14.6755 -1.25
      vertex -4.19121 14.7164 1.25
      vertex -4.25241 14.6755 1.25
    endloop
  endfacet
  facet normal 0.55564 -0.831423 0
    outer loop
      vertex -4.19121 14.7164 1.25
      vertex -4.25241 14.6755 -1.25
      vertex -4.19121 14.7164 -1.25
    endloop
  endfacet
  facet normal -0.0978353 -0.995203 0
    outer loop
      vertex 1.3259 15.7226 -1.25
      vertex 1.39914 15.7154 1.25
      vertex 1.3259 15.7226 1.25
    endloop
  endfacet
  facet normal -0.0978353 -0.995203 -0
    outer loop
      vertex 1.39914 15.7154 1.25
      vertex 1.3259 15.7226 -1.25
      vertex 1.39914 15.7154 -1.25
    endloop
  endfacet
  facet normal -0.857705 -0.514141 0
    outer loop
      vertex 6.24385 12.4783 -1.25
      vertex 5.96637 12.9412 1.25
      vertex 5.96637 12.9412 -1.25
    endloop
  endfacet
  facet normal -0.857705 -0.514141 0
    outer loop
      vertex 5.96637 12.9412 1.25
      vertex 6.24385 12.4783 -1.25
      vertex 6.24385 12.4783 1.25
    endloop
  endfacet
  facet normal -0.882165 -0.47094 0
    outer loop
      vertex 6.27855 12.4133 -1.25
      vertex 6.24385 12.4783 1.25
      vertex 6.24385 12.4783 -1.25
    endloop
  endfacet
  facet normal -0.882165 -0.47094 0
    outer loop
      vertex 6.24385 12.4783 1.25
      vertex 6.27855 12.4133 -1.25
      vertex 6.27855 12.4133 1.25
    endloop
  endfacet
  facet normal -0.903982 -0.427571 0
    outer loop
      vertex 6.50932 11.9254 -1.25
      vertex 6.27855 12.4133 1.25
      vertex 6.27855 12.4133 -1.25
    endloop
  endfacet
  facet normal -0.903982 -0.427571 0
    outer loop
      vertex 6.27855 12.4133 1.25
      vertex 6.50932 11.9254 -1.25
      vertex 6.50932 11.9254 1.25
    endloop
  endfacet
  facet normal -0.941542 -0.336895 0
    outer loop
      vertex 6.71933 11.3492 -1.25
      vertex 6.53749 11.8574 1.25
      vertex 6.53749 11.8574 -1.25
    endloop
  endfacet
  facet normal -0.941542 -0.336895 0
    outer loop
      vertex 6.53749 11.8574 1.25
      vertex 6.71933 11.3492 -1.25
      vertex 6.71933 11.3492 1.25
    endloop
  endfacet
  facet normal -0.956924 -0.290339 0
    outer loop
      vertex 6.74069 11.2788 -1.25
      vertex 6.71933 11.3492 1.25
      vertex 6.71933 11.3492 -1.25
    endloop
  endfacet
  facet normal -0.956924 -0.290339 0
    outer loop
      vertex 6.71933 11.3492 1.25
      vertex 6.74069 11.2788 -1.25
      vertex 6.74069 11.2788 1.25
    endloop
  endfacet
  facet normal -0.773055 -0.63434 0
    outer loop
      vertex 5.60396 13.4359 -1.25
      vertex 5.55727 13.4928 1.25
      vertex 5.55727 13.4928 -1.25
    endloop
  endfacet
  facet normal -0.773055 -0.63434 0
    outer loop
      vertex 5.55727 13.4928 1.25
      vertex 5.60396 13.4359 -1.25
      vertex 5.60396 13.4359 1.25
    endloop
  endfacet
  facet normal -0.671575 -0.740937 0
    outer loop
      vertex 4.74281 14.3073 -1.25
      vertex 5.14275 13.9448 1.25
      vertex 4.74281 14.3073 1.25
    endloop
  endfacet
  facet normal -0.671575 -0.740937 -0
    outer loop
      vertex 5.14275 13.9448 1.25
      vertex 4.74281 14.3073 -1.25
      vertex 5.14275 13.9448 -1.25
    endloop
  endfacet
  facet normal -0.595675 -0.803226 0
    outer loop
      vertex 4.25241 14.6755 -1.25
      vertex 4.68593 14.354 1.25
      vertex 4.25241 14.6755 1.25
    endloop
  endfacet
  facet normal -0.595675 -0.803226 -0
    outer loop
      vertex 4.68593 14.354 1.25
      vertex 4.25241 14.6755 -1.25
      vertex 4.68593 14.354 -1.25
    endloop
  endfacet
  facet normal -0.514128 -0.857714 0
    outer loop
      vertex 3.72826 14.9939 -1.25
      vertex 4.19121 14.7164 1.25
      vertex 3.72826 14.9939 1.25
    endloop
  endfacet
  facet normal -0.514128 -0.857714 -0
    outer loop
      vertex 4.19121 14.7164 1.25
      vertex 3.72826 14.9939 -1.25
      vertex 4.19121 14.7164 -1.25
    endloop
  endfacet
  facet normal -0.383072 -0.923719 0
    outer loop
      vertex 3.10742 15.2875 -1.25
      vertex 3.17542 15.2593 1.25
      vertex 3.10742 15.2875 1.25
    endloop
  endfacet
  facet normal -0.383072 -0.923719 -0
    outer loop
      vertex 3.17542 15.2593 1.25
      vertex 3.10742 15.2875 -1.25
      vertex 3.17542 15.2593 -1.25
    endloop
  endfacet
  facet normal -0.19562 0.98068 0
    outer loop
      vertex 2.00522 -15.6218 -1.25
      vertex 1.93303 -15.6362 1.25
      vertex 2.00522 -15.6218 1.25
    endloop
  endfacet
  facet normal -0.19562 0.98068 0
    outer loop
      vertex 1.93303 -15.6362 1.25
      vertex 2.00522 -15.6218 -1.25
      vertex 1.93303 -15.6362 -1.25
    endloop
  endfacet
  facet normal -0.242897 0.970052 0
    outer loop
      vertex 2.52879 -15.4907 -1.25
      vertex 2.00522 -15.6218 1.25
      vertex 2.52879 -15.4907 1.25
    endloop
  endfacet
  facet normal -0.242897 0.970052 0
    outer loop
      vertex 2.00522 -15.6218 1.25
      vertex 2.52879 -15.4907 -1.25
      vertex 2.00522 -15.6218 -1.25
    endloop
  endfacet
  facet normal -0.0244466 0.999701 0
    outer loop
      vertex 0.786804 -15.7491 -1.25
      vertex 0.75 -15.75 1.25
      vertex 0.786804 -15.7491 1.25
    endloop
  endfacet
  facet normal -0.0244466 0.999701 0
    outer loop
      vertex 0.75 -15.75 1.25
      vertex 0.786804 -15.7491 -1.25
      vertex 0.75 -15.75 -1.25
    endloop
  endfacet
  facet normal 0 1 -0
    outer loop
      vertex 0.75 -15.75 -1.25
      vertex -0.75 -15.75 1.25
      vertex 0.75 -15.75 1.25
    endloop
  endfacet
  facet normal 0 1 0
    outer loop
      vertex -0.75 -15.75 1.25
      vertex 0.75 -15.75 -1.25
      vertex -0.75 -15.75 -1.25
    endloop
  endfacet
  facet normal 0.19562 0.98068 -0
    outer loop
      vertex -1.93303 -15.6362 -1.25
      vertex -2.00522 -15.6218 1.25
      vertex -1.93303 -15.6362 1.25
    endloop
  endfacet
  facet normal 0.19562 0.98068 0
    outer loop
      vertex -2.00522 -15.6218 1.25
      vertex -1.93303 -15.6362 -1.25
      vertex -2.00522 -15.6218 -1.25
    endloop
  endfacet
  facet normal 0.383072 0.923719 -0
    outer loop
      vertex -3.10742 -15.2875 -1.25
      vertex -3.17542 -15.2593 1.25
      vertex -3.10742 -15.2875 1.25
    endloop
  endfacet
  facet normal 0.383072 0.923719 0
    outer loop
      vertex -3.17542 -15.2593 1.25
      vertex -3.10742 -15.2875 -1.25
      vertex -3.17542 -15.2593 -1.25
    endloop
  endfacet
  facet normal 0.242897 0.970052 -0
    outer loop
      vertex -2.00522 -15.6218 -1.25
      vertex -2.52879 -15.4907 1.25
      vertex -2.00522 -15.6218 1.25
    endloop
  endfacet
  facet normal 0.242897 0.970052 0
    outer loop
      vertex -2.52879 -15.4907 1.25
      vertex -2.00522 -15.6218 -1.25
      vertex -2.52879 -15.4907 -1.25
    endloop
  endfacet
  facet normal -0.923863 0.382724 0
    outer loop
      vertex 6.50932 -11.9254 -1.25
      vertex 6.53749 -11.8574 1.25
      vertex 6.53749 -11.8574 -1.25
    endloop
  endfacet
  facet normal -0.923863 0.382724 0
    outer loop
      vertex 6.53749 -11.8574 1.25
      vertex 6.50932 -11.9254 -1.25
      vertex 6.50932 -11.9254 1.25
    endloop
  endfacet
  facet normal -0.941542 0.336895 0
    outer loop
      vertex 6.53749 -11.8574 -1.25
      vertex 6.71933 -11.3492 1.25
      vertex 6.71933 -11.3492 -1.25
    endloop
  endfacet
  facet normal -0.941542 0.336895 0
    outer loop
      vertex 6.71933 -11.3492 1.25
      vertex 6.53749 -11.8574 -1.25
      vertex 6.53749 -11.8574 1.25
    endloop
  endfacet
  facet normal -0.773055 0.63434 0
    outer loop
      vertex 5.55727 -13.4928 -1.25
      vertex 5.60396 -13.4359 1.25
      vertex 5.60396 -13.4359 -1.25
    endloop
  endfacet
  facet normal -0.773055 0.63434 0
    outer loop
      vertex 5.60396 -13.4359 1.25
      vertex 5.55727 -13.4928 -1.25
      vertex 5.55727 -13.4928 1.25
    endloop
  endfacet
  facet normal -0.427595 0.90397 0
    outer loop
      vertex 3.66335 -15.0285 -1.25
      vertex 3.17542 -15.2593 1.25
      vertex 3.66335 -15.0285 1.25
    endloop
  endfacet
  facet normal -0.427595 0.90397 0
    outer loop
      vertex 3.17542 -15.2593 1.25
      vertex 3.66335 -15.0285 -1.25
      vertex 3.17542 -15.2593 -1.25
    endloop
  endfacet
  facet normal -0.336835 0.941564 0
    outer loop
      vertex 3.10742 -15.2875 -1.25
      vertex 2.59923 -15.4693 1.25
      vertex 3.10742 -15.2875 1.25
    endloop
  endfacet
  facet normal -0.336835 0.941564 0
    outer loop
      vertex 2.59923 -15.4693 1.25
      vertex 3.10742 -15.2875 -1.25
      vertex 2.59923 -15.4693 -1.25
    endloop
  endfacet
  facet normal -0.999701 0.0244492 0
    outer loop
      vertex 6.9991 -9.5368 -1.25
      vertex 7 -9.5 1.25
      vertex 7 -9.5 -1.25
    endloop
  endfacet
  facet normal -0.999701 0.0244492 0
    outer loop
      vertex 7 -9.5 1.25
      vertex 6.9991 -9.5368 -1.25
      vertex 6.9991 -9.5368 1.25
    endloop
  endfacet
  facet normal -0.995171 0.0981576 0
    outer loop
      vertex 6.96539 -10.1491 -1.25
      vertex 6.97261 -10.0759 1.25
      vertex 6.97261 -10.0759 -1.25
    endloop
  endfacet
  facet normal -0.995171 0.0981576 0
    outer loop
      vertex 6.97261 -10.0759 1.25
      vertex 6.96539 -10.1491 -1.25
      vertex 6.96539 -10.1491 1.25
    endloop
  endfacet
  facet normal 0.707514 0.706699 0
    outer loop
      vertex -5.14275 -13.9448 1.25
      vertex -5.19479 -13.8927 -1.25
      vertex -5.19479 -13.8927 1.25
    endloop
  endfacet
  facet normal 0.707514 0.706699 0
    outer loop
      vertex -5.19479 -13.8927 -1.25
      vertex -5.14275 -13.9448 1.25
      vertex -5.14275 -13.9448 -1.25
    endloop
  endfacet
  facet normal 0.671575 0.740937 -0
    outer loop
      vertex -4.74281 -14.3073 -1.25
      vertex -5.14275 -13.9448 1.25
      vertex -4.74281 -14.3073 1.25
    endloop
  endfacet
  facet normal 0.671575 0.740937 0
    outer loop
      vertex -5.14275 -13.9448 1.25
      vertex -4.74281 -14.3073 -1.25
      vertex -5.14275 -13.9448 -1.25
    endloop
  endfacet
  facet normal 0.980789 0.195071 0
    outer loop
      vertex -6.87184 -10.7552 1.25
      vertex -6.8862 -10.683 -1.25
      vertex -6.8862 -10.683 1.25
    endloop
  endfacet
  facet normal 0.980789 0.195071 0
    outer loop
      vertex -6.8862 -10.683 -1.25
      vertex -6.87184 -10.7552 1.25
      vertex -6.87184 -10.7552 -1.25
    endloop
  endfacet
  facet normal 0.941542 0.336895 0
    outer loop
      vertex -6.53749 -11.8574 1.25
      vertex -6.71933 -11.3492 -1.25
      vertex -6.71933 -11.3492 1.25
    endloop
  endfacet
  facet normal 0.941542 0.336895 0
    outer loop
      vertex -6.71933 -11.3492 -1.25
      vertex -6.53749 -11.8574 1.25
      vertex -6.53749 -11.8574 -1.25
    endloop
  endfacet
  facet normal -0.242897 -0.970052 0
    outer loop
      vertex 2.00522 15.6218 -1.25
      vertex 2.52879 15.4907 1.25
      vertex 2.00522 15.6218 1.25
    endloop
  endfacet
  facet normal -0.242897 -0.970052 -0
    outer loop
      vertex 2.52879 15.4907 1.25
      vertex 2.00522 15.6218 -1.25
      vertex 2.52879 15.4907 -1.25
    endloop
  endfacet
  facet normal -0.290686 -0.956819 0
    outer loop
      vertex 2.52879 15.4907 -1.25
      vertex 2.59923 15.4693 1.25
      vertex 2.52879 15.4907 1.25
    endloop
  endfacet
  facet normal -0.290686 -0.956819 -0
    outer loop
      vertex 2.59923 15.4693 1.25
      vertex 2.52879 15.4907 -1.25
      vertex 2.59923 15.4693 -1.25
    endloop
  endfacet
  facet normal 0.970033 -0.242972 0
    outer loop
      vertex -6.87184 10.7552 1.25
      vertex -6.74069 11.2788 -1.25
      vertex -6.74069 11.2788 1.25
    endloop
  endfacet
  facet normal 0.970033 -0.242972 0
    outer loop
      vertex -6.74069 11.2788 -1.25
      vertex -6.87184 10.7552 1.25
      vertex -6.87184 10.7552 -1.25
    endloop
  endfacet
  facet normal 0.740922 -0.671591 0
    outer loop
      vertex -5.55727 13.4928 1.25
      vertex -5.19479 13.8927 -1.25
      vertex -5.19479 13.8927 1.25
    endloop
  endfacet
  facet normal 0.740922 -0.671591 0
    outer loop
      vertex -5.19479 13.8927 -1.25
      vertex -5.55727 13.4928 1.25
      vertex -5.55727 13.4928 -1.25
    endloop
  endfacet
  facet normal 0.595675 -0.803226 0
    outer loop
      vertex -4.68593 14.354 -1.25
      vertex -4.25241 14.6755 1.25
      vertex -4.68593 14.354 1.25
    endloop
  endfacet
  facet normal 0.595675 -0.803226 0
    outer loop
      vertex -4.25241 14.6755 1.25
      vertex -4.68593 14.354 -1.25
      vertex -4.25241 14.6755 -1.25
    endloop
  endfacet
  facet normal 0.19562 -0.98068 0
    outer loop
      vertex -2.00522 15.6218 -1.25
      vertex -1.93303 15.6362 1.25
      vertex -2.00522 15.6218 1.25
    endloop
  endfacet
  facet normal 0.19562 -0.98068 0
    outer loop
      vertex -1.93303 15.6362 1.25
      vertex -2.00522 15.6218 -1.25
      vertex -1.93303 15.6362 -1.25
    endloop
  endfacet
  facet normal -0.55564 -0.831423 0
    outer loop
      vertex 4.19121 14.7164 -1.25
      vertex 4.25241 14.6755 1.25
      vertex 4.19121 14.7164 1.25
    endloop
  endfacet
  facet normal -0.55564 -0.831423 -0
    outer loop
      vertex 4.25241 14.6755 1.25
      vertex 4.19121 14.7164 -1.25
      vertex 4.25241 14.6755 -1.25
    endloop
  endfacet
  facet normal -0.0978353 0.995203 0
    outer loop
      vertex 1.39914 -15.7154 -1.25
      vertex 1.3259 -15.7226 1.25
      vertex 1.39914 -15.7154 1.25
    endloop
  endfacet
  facet normal -0.0978353 0.995203 0
    outer loop
      vertex 1.3259 -15.7226 1.25
      vertex 1.39914 -15.7154 -1.25
      vertex 1.3259 -15.7226 -1.25
    endloop
  endfacet
  facet normal 0.0490971 0.998794 -0
    outer loop
      vertex -0.786804 -15.7491 -1.25
      vertex -1.3259 -15.7226 1.25
      vertex -0.786804 -15.7491 1.25
    endloop
  endfacet
  facet normal 0.0490971 0.998794 0
    outer loop
      vertex -1.3259 -15.7226 1.25
      vertex -0.786804 -15.7491 -1.25
      vertex -1.3259 -15.7226 -1.25
    endloop
  endfacet
  facet normal 0.146739 0.989175 -0
    outer loop
      vertex -1.39914 -15.7154 -1.25
      vertex -1.93303 -15.6362 1.25
      vertex -1.39914 -15.7154 1.25
    endloop
  endfacet
  facet normal 0.146739 0.989175 0
    outer loop
      vertex -1.93303 -15.6362 1.25
      vertex -1.39914 -15.7154 -1.25
      vertex -1.93303 -15.6362 -1.25
    endloop
  endfacet
  facet normal 0.427595 0.90397 -0
    outer loop
      vertex -3.17542 -15.2593 -1.25
      vertex -3.66335 -15.0285 1.25
      vertex -3.17542 -15.2593 1.25
    endloop
  endfacet
  facet normal 0.427595 0.90397 0
    outer loop
      vertex -3.66335 -15.0285 1.25
      vertex -3.17542 -15.2593 -1.25
      vertex -3.66335 -15.0285 -1.25
    endloop
  endfacet
  facet normal 0.336835 0.941564 -0
    outer loop
      vertex -2.59923 -15.4693 -1.25
      vertex -3.10742 -15.2875 1.25
      vertex -2.59923 -15.4693 1.25
    endloop
  endfacet
  facet normal 0.336835 0.941564 0
    outer loop
      vertex -3.10742 -15.2875 1.25
      vertex -2.59923 -15.4693 -1.25
      vertex -3.10742 -15.2875 -1.25
    endloop
  endfacet
  facet normal -0.970033 0.242972 0
    outer loop
      vertex 6.74069 -11.2788 -1.25
      vertex 6.87184 -10.7552 1.25
      vertex 6.87184 -10.7552 -1.25
    endloop
  endfacet
  facet normal -0.970033 0.242972 0
    outer loop
      vertex 6.87184 -10.7552 1.25
      vertex 6.74069 -11.2788 -1.25
      vertex 6.74069 -11.2788 1.25
    endloop
  endfacet
  facet normal -0.956924 0.290339 0
    outer loop
      vertex 6.71933 -11.3492 -1.25
      vertex 6.74069 -11.2788 1.25
      vertex 6.74069 -11.2788 -1.25
    endloop
  endfacet
  facet normal -0.956924 0.290339 0
    outer loop
      vertex 6.74069 -11.2788 1.25
      vertex 6.71933 -11.3492 -1.25
      vertex 6.71933 -11.3492 1.25
    endloop
  endfacet
  facet normal -0.707514 0.706699 0
    outer loop
      vertex 5.14275 -13.9448 -1.25
      vertex 5.19479 -13.8927 1.25
      vertex 5.19479 -13.8927 -1.25
    endloop
  endfacet
  facet normal -0.707514 0.706699 0
    outer loop
      vertex 5.19479 -13.8927 1.25
      vertex 5.14275 -13.9448 -1.25
      vertex 5.14275 -13.9448 1.25
    endloop
  endfacet
  facet normal -0.740922 0.671591 0
    outer loop
      vertex 5.19479 -13.8927 -1.25
      vertex 5.55727 -13.4928 1.25
      vertex 5.55727 -13.4928 -1.25
    endloop
  endfacet
  facet normal -0.740922 0.671591 0
    outer loop
      vertex 5.55727 -13.4928 1.25
      vertex 5.19479 -13.8927 -1.25
      vertex 5.19479 -13.8927 1.25
    endloop
  endfacet
  facet normal -0.803195 0.595717 0
    outer loop
      vertex 5.60396 -13.4359 -1.25
      vertex 5.92548 -13.0024 1.25
      vertex 5.92548 -13.0024 -1.25
    endloop
  endfacet
  facet normal -0.803195 0.595717 0
    outer loop
      vertex 5.92548 -13.0024 1.25
      vertex 5.60396 -13.4359 -1.25
      vertex 5.60396 -13.4359 1.25
    endloop
  endfacet
  facet normal -0.882165 0.47094 0
    outer loop
      vertex 6.24385 -12.4783 -1.25
      vertex 6.27855 -12.4133 1.25
      vertex 6.27855 -12.4133 -1.25
    endloop
  endfacet
  facet normal -0.882165 0.47094 0
    outer loop
      vertex 6.27855 -12.4133 1.25
      vertex 6.24385 -12.4783 -1.25
      vertex 6.24385 -12.4783 1.25
    endloop
  endfacet
  facet normal -0.857705 0.514141 0
    outer loop
      vertex 5.96637 -12.9412 -1.25
      vertex 6.24385 -12.4783 1.25
      vertex 6.24385 -12.4783 -1.25
    endloop
  endfacet
  facet normal -0.857705 0.514141 0
    outer loop
      vertex 6.24385 -12.4783 1.25
      vertex 5.96637 -12.9412 -1.25
      vertex 5.96637 -12.9412 1.25
    endloop
  endfacet
  facet normal -0.634554 0.772879 0
    outer loop
      vertex 4.74281 -14.3073 -1.25
      vertex 4.68593 -14.354 1.25
      vertex 4.74281 -14.3073 1.25
    endloop
  endfacet
  facet normal -0.634554 0.772879 0
    outer loop
      vertex 4.68593 -14.354 1.25
      vertex 4.74281 -14.3073 -1.25
      vertex 4.68593 -14.354 -1.25
    endloop
  endfacet
  facet normal -0.514128 0.857714 0
    outer loop
      vertex 4.19121 -14.7164 -1.25
      vertex 3.72826 -14.9939 1.25
      vertex 4.19121 -14.7164 1.25
    endloop
  endfacet
  facet normal -0.514128 0.857714 0
    outer loop
      vertex 3.72826 -14.9939 1.25
      vertex 4.19121 -14.7164 -1.25
      vertex 3.72826 -14.9939 -1.25
    endloop
  endfacet
  facet normal -0.383072 0.923719 0
    outer loop
      vertex 3.17542 -15.2593 -1.25
      vertex 3.10742 -15.2875 1.25
      vertex 3.17542 -15.2593 1.25
    endloop
  endfacet
  facet normal -0.383072 0.923719 0
    outer loop
      vertex 3.10742 -15.2875 1.25
      vertex 3.17542 -15.2593 -1.25
      vertex 3.10742 -15.2875 -1.25
    endloop
  endfacet
  facet normal 0.740922 0.671591 0
    outer loop
      vertex -5.19479 -13.8927 1.25
      vertex -5.55727 -13.4928 -1.25
      vertex -5.55727 -13.4928 1.25
    endloop
  endfacet
  facet normal 0.740922 0.671591 0
    outer loop
      vertex -5.55727 -13.4928 -1.25
      vertex -5.19479 -13.8927 1.25
      vertex -5.19479 -13.8927 -1.25
    endloop
  endfacet
  facet normal 0.634554 0.772879 -0
    outer loop
      vertex -4.68593 -14.354 -1.25
      vertex -4.74281 -14.3073 1.25
      vertex -4.68593 -14.354 1.25
    endloop
  endfacet
  facet normal 0.634554 0.772879 0
    outer loop
      vertex -4.74281 -14.3073 1.25
      vertex -4.68593 -14.354 -1.25
      vertex -4.74281 -14.3073 -1.25
    endloop
  endfacet
  facet normal 0.998795 0.0490782 0
    outer loop
      vertex -6.97261 -10.0759 1.25
      vertex -6.9991 -9.5368 -1.25
      vertex -6.9991 -9.5368 1.25
    endloop
  endfacet
  facet normal 0.998795 0.0490782 0
    outer loop
      vertex -6.9991 -9.5368 -1.25
      vertex -6.97261 -10.0759 1.25
      vertex -6.97261 -10.0759 -1.25
    endloop
  endfacet
  facet normal 0.970033 0.242972 0
    outer loop
      vertex -6.74069 -11.2788 1.25
      vertex -6.87184 -10.7552 -1.25
      vertex -6.87184 -10.7552 1.25
    endloop
  endfacet
  facet normal 0.970033 0.242972 0
    outer loop
      vertex -6.87184 -10.7552 -1.25
      vertex -6.74069 -11.2788 1.25
      vertex -6.74069 -11.2788 -1.25
    endloop
  endfacet
  facet normal 0.923863 0.382724 0
    outer loop
      vertex -6.50932 -11.9254 1.25
      vertex -6.53749 -11.8574 -1.25
      vertex -6.53749 -11.8574 1.25
    endloop
  endfacet
  facet normal 0.923863 0.382724 0
    outer loop
      vertex -6.53749 -11.8574 -1.25
      vertex -6.50932 -11.9254 1.25
      vertex -6.50932 -11.9254 -1.25
    endloop
  endfacet
  facet normal 0.956924 -0.290339 0
    outer loop
      vertex -6.74069 11.2788 1.25
      vertex -6.71933 11.3492 -1.25
      vertex -6.71933 11.3492 1.25
    endloop
  endfacet
  facet normal 0.956924 -0.290339 0
    outer loop
      vertex -6.71933 11.3492 -1.25
      vertex -6.74069 11.2788 1.25
      vertex -6.74069 11.2788 -1.25
    endloop
  endfacet
  facet normal 0.941542 -0.336895 0
    outer loop
      vertex -6.71933 11.3492 1.25
      vertex -6.53749 11.8574 -1.25
      vertex -6.53749 11.8574 1.25
    endloop
  endfacet
  facet normal 0.941542 -0.336895 0
    outer loop
      vertex -6.53749 11.8574 -1.25
      vertex -6.71933 11.3492 1.25
      vertex -6.71933 11.3492 -1.25
    endloop
  endfacet
  facet normal 0.923863 -0.382724 0
    outer loop
      vertex -6.53749 11.8574 1.25
      vertex -6.50932 11.9254 -1.25
      vertex -6.50932 11.9254 1.25
    endloop
  endfacet
  facet normal 0.923863 -0.382724 0
    outer loop
      vertex -6.50932 11.9254 -1.25
      vertex -6.53749 11.8574 1.25
      vertex -6.53749 11.8574 -1.25
    endloop
  endfacet
  facet normal 0.831486 -0.555546 0
    outer loop
      vertex -5.96637 12.9412 1.25
      vertex -5.92548 13.0024 -1.25
      vertex -5.92548 13.0024 1.25
    endloop
  endfacet
  facet normal 0.831486 -0.555546 0
    outer loop
      vertex -5.92548 13.0024 -1.25
      vertex -5.96637 12.9412 1.25
      vertex -5.96637 12.9412 -1.25
    endloop
  endfacet
  facet normal 0.803195 -0.595717 0
    outer loop
      vertex -5.92548 13.0024 1.25
      vertex -5.60396 13.4359 -1.25
      vertex -5.60396 13.4359 1.25
    endloop
  endfacet
  facet normal 0.803195 -0.595717 0
    outer loop
      vertex -5.60396 13.4359 -1.25
      vertex -5.92548 13.0024 1.25
      vertex -5.92548 13.0024 -1.25
    endloop
  endfacet
  facet normal 0.671575 -0.740937 0
    outer loop
      vertex -5.14275 13.9448 -1.25
      vertex -4.74281 14.3073 1.25
      vertex -5.14275 13.9448 1.25
    endloop
  endfacet
  facet normal 0.671575 -0.740937 0
    outer loop
      vertex -4.74281 14.3073 1.25
      vertex -5.14275 13.9448 -1.25
      vertex -4.74281 14.3073 -1.25
    endloop
  endfacet
  facet normal 0.634554 -0.772879 0
    outer loop
      vertex -4.74281 14.3073 -1.25
      vertex -4.68593 14.354 1.25
      vertex -4.74281 14.3073 1.25
    endloop
  endfacet
  facet normal 0.634554 -0.772879 0
    outer loop
      vertex -4.68593 14.354 1.25
      vertex -4.74281 14.3073 -1.25
      vertex -4.68593 14.354 -1.25
    endloop
  endfacet
  facet normal 0.707514 -0.706699 0
    outer loop
      vertex -5.19479 13.8927 1.25
      vertex -5.14275 13.9448 -1.25
      vertex -5.14275 13.9448 1.25
    endloop
  endfacet
  facet normal 0.707514 -0.706699 0
    outer loop
      vertex -5.14275 13.9448 -1.25
      vertex -5.19479 13.8927 1.25
      vertex -5.19479 13.8927 -1.25
    endloop
  endfacet
  facet normal 0.242897 -0.970052 0
    outer loop
      vertex -2.52879 15.4907 -1.25
      vertex -2.00522 15.6218 1.25
      vertex -2.52879 15.4907 1.25
    endloop
  endfacet
  facet normal 0.242897 -0.970052 0
    outer loop
      vertex -2.00522 15.6218 1.25
      vertex -2.52879 15.4907 -1.25
      vertex -2.00522 15.6218 -1.25
    endloop
  endfacet
  facet normal 0.0244466 -0.999701 0
    outer loop
      vertex -0.786804 15.7491 -1.25
      vertex -0.75 15.75 1.25
      vertex -0.786804 15.7491 1.25
    endloop
  endfacet
  facet normal 0.0244466 -0.999701 0
    outer loop
      vertex -0.75 15.75 1.25
      vertex -0.786804 15.7491 -1.25
      vertex -0.75 15.75 -1.25
    endloop
  endfacet
  facet normal -0.146739 0.989175 0
    outer loop
      vertex 1.93303 -15.6362 -1.25
      vertex 1.39914 -15.7154 1.25
      vertex 1.93303 -15.6362 1.25
    endloop
  endfacet
  facet normal -0.146739 0.989175 0
    outer loop
      vertex 1.39914 -15.7154 1.25
      vertex 1.93303 -15.6362 -1.25
      vertex 1.39914 -15.7154 -1.25
    endloop
  endfacet
  facet normal 0.0244466 0.999701 -0
    outer loop
      vertex -0.75 -15.75 -1.25
      vertex -0.786804 -15.7491 1.25
      vertex -0.75 -15.75 1.25
    endloop
  endfacet
  facet normal 0.0244466 0.999701 0
    outer loop
      vertex -0.786804 -15.7491 1.25
      vertex -0.75 -15.75 -1.25
      vertex -0.786804 -15.7491 -1.25
    endloop
  endfacet
  facet normal -0.470391 0.882458 0
    outer loop
      vertex 3.72826 -14.9939 -1.25
      vertex 3.66335 -15.0285 1.25
      vertex 3.72826 -14.9939 1.25
    endloop
  endfacet
  facet normal -0.470391 0.882458 0
    outer loop
      vertex 3.66335 -15.0285 1.25
      vertex 3.72826 -14.9939 -1.25
      vertex 3.66335 -15.0285 -1.25
    endloop
  endfacet
  facet normal 0.803195 0.595717 0
    outer loop
      vertex -5.60396 -13.4359 1.25
      vertex -5.92548 -13.0024 -1.25
      vertex -5.92548 -13.0024 1.25
    endloop
  endfacet
  facet normal 0.803195 0.595717 0
    outer loop
      vertex -5.92548 -13.0024 -1.25
      vertex -5.60396 -13.4359 1.25
      vertex -5.60396 -13.4359 -1.25
    endloop
  endfacet
  facet normal 0.773055 0.63434 0
    outer loop
      vertex -5.55727 -13.4928 1.25
      vertex -5.60396 -13.4359 -1.25
      vertex -5.60396 -13.4359 1.25
    endloop
  endfacet
  facet normal 0.773055 0.63434 0
    outer loop
      vertex -5.60396 -13.4359 -1.25
      vertex -5.55727 -13.4928 1.25
      vertex -5.55727 -13.4928 -1.25
    endloop
  endfacet
  facet normal 0.831486 0.555546 0
    outer loop
      vertex -5.92548 -13.0024 1.25
      vertex -5.96637 -12.9412 -1.25
      vertex -5.96637 -12.9412 1.25
    endloop
  endfacet
  facet normal 0.831486 0.555546 0
    outer loop
      vertex -5.96637 -12.9412 -1.25
      vertex -5.92548 -13.0024 1.25
      vertex -5.92548 -13.0024 -1.25
    endloop
  endfacet
  facet normal 0.903982 0.427571 0
    outer loop
      vertex -6.27855 -12.4133 1.25
      vertex -6.50932 -11.9254 -1.25
      vertex -6.50932 -11.9254 1.25
    endloop
  endfacet
  facet normal 0.903982 0.427571 0
    outer loop
      vertex -6.50932 -11.9254 -1.25
      vertex -6.27855 -12.4133 1.25
      vertex -6.27855 -12.4133 -1.25
    endloop
  endfacet
  facet normal 0.903982 -0.427571 0
    outer loop
      vertex -6.50932 11.9254 1.25
      vertex -6.27855 12.4133 -1.25
      vertex -6.27855 12.4133 1.25
    endloop
  endfacet
  facet normal 0.903982 -0.427571 0
    outer loop
      vertex -6.27855 12.4133 -1.25
      vertex -6.50932 11.9254 1.25
      vertex -6.50932 11.9254 -1.25
    endloop
  endfacet
  facet normal 0.514128 -0.857714 0
    outer loop
      vertex -4.19121 14.7164 -1.25
      vertex -3.72826 14.9939 1.25
      vertex -4.19121 14.7164 1.25
    endloop
  endfacet
  facet normal 0.514128 -0.857714 0
    outer loop
      vertex -3.72826 14.9939 1.25
      vertex -4.19121 14.7164 -1.25
      vertex -3.72826 14.9939 -1.25
    endloop
  endfacet
  facet normal 0.470391 -0.882458 0
    outer loop
      vertex -3.72826 14.9939 -1.25
      vertex -3.66335 15.0285 1.25
      vertex -3.72826 14.9939 1.25
    endloop
  endfacet
  facet normal 0.470391 -0.882458 0
    outer loop
      vertex -3.66335 15.0285 1.25
      vertex -3.72826 14.9939 -1.25
      vertex -3.66335 15.0285 -1.25
    endloop
  endfacet
  facet normal 0.290686 -0.956819 0
    outer loop
      vertex -2.59923 15.4693 -1.25
      vertex -2.52879 15.4907 1.25
      vertex -2.59923 15.4693 1.25
    endloop
  endfacet
  facet normal 0.290686 -0.956819 0
    outer loop
      vertex -2.52879 15.4907 1.25
      vertex -2.59923 15.4693 -1.25
      vertex -2.52879 15.4907 -1.25
    endloop
  endfacet
  facet normal -0.0244466 -0.999701 0
    outer loop
      vertex 0.75 15.75 -1.25
      vertex 0.786804 15.7491 1.25
      vertex 0.75 15.75 1.25
    endloop
  endfacet
  facet normal -0.0244466 -0.999701 -0
    outer loop
      vertex 0.786804 15.7491 1.25
      vertex 0.75 15.75 -1.25
      vertex 0.786804 15.7491 -1.25
    endloop
  endfacet
  facet normal 0.0490971 -0.998794 0
    outer loop
      vertex -1.3259 15.7226 -1.25
      vertex -0.786804 15.7491 1.25
      vertex -1.3259 15.7226 1.25
    endloop
  endfacet
  facet normal 0.0490971 -0.998794 0
    outer loop
      vertex -0.786804 15.7491 1.25
      vertex -1.3259 15.7226 -1.25
      vertex -0.786804 15.7491 -1.25
    endloop
  endfacet
  facet normal 0.595675 0.803226 -0
    outer loop
      vertex -4.25241 -14.6755 -1.25
      vertex -4.68593 -14.354 1.25
      vertex -4.25241 -14.6755 1.25
    endloop
  endfacet
  facet normal 0.595675 0.803226 0
    outer loop
      vertex -4.68593 -14.354 1.25
      vertex -4.25241 -14.6755 -1.25
      vertex -4.68593 -14.354 -1.25
    endloop
  endfacet
  facet normal 0.55564 0.831423 -0
    outer loop
      vertex -4.19121 -14.7164 -1.25
      vertex -4.25241 -14.6755 1.25
      vertex -4.19121 -14.7164 1.25
    endloop
  endfacet
  facet normal 0.55564 0.831423 0
    outer loop
      vertex -4.25241 -14.6755 1.25
      vertex -4.19121 -14.7164 -1.25
      vertex -4.25241 -14.6755 -1.25
    endloop
  endfacet
  facet normal 0.882165 -0.47094 0
    outer loop
      vertex -6.27855 12.4133 1.25
      vertex -6.24385 12.4783 -1.25
      vertex -6.24385 12.4783 1.25
    endloop
  endfacet
  facet normal 0.882165 -0.47094 0
    outer loop
      vertex -6.24385 12.4783 -1.25
      vertex -6.27855 12.4133 1.25
      vertex -6.27855 12.4133 -1.25
    endloop
  endfacet
  facet normal 0.857705 -0.514141 0
    outer loop
      vertex -6.24385 12.4783 1.25
      vertex -5.96637 12.9412 -1.25
      vertex -5.96637 12.9412 1.25
    endloop
  endfacet
  facet normal 0.857705 -0.514141 0
    outer loop
      vertex -5.96637 12.9412 -1.25
      vertex -6.24385 12.4783 1.25
      vertex -6.24385 12.4783 -1.25
    endloop
  endfacet
  facet normal 0.383072 -0.923719 0
    outer loop
      vertex -3.17542 15.2593 -1.25
      vertex -3.10742 15.2875 1.25
      vertex -3.17542 15.2593 1.25
    endloop
  endfacet
  facet normal 0.383072 -0.923719 0
    outer loop
      vertex -3.10742 15.2875 1.25
      vertex -3.17542 15.2593 -1.25
      vertex -3.10742 15.2875 -1.25
    endloop
  endfacet
  facet normal -0.0490971 -0.998794 0
    outer loop
      vertex 0.786804 15.7491 -1.25
      vertex 1.3259 15.7226 1.25
      vertex 0.786804 15.7491 1.25
    endloop
  endfacet
  facet normal -0.0490971 -0.998794 -0
    outer loop
      vertex 1.3259 15.7226 1.25
      vertex 0.786804 15.7491 -1.25
      vertex 1.3259 15.7226 -1.25
    endloop
  endfacet
  facet normal 0.514128 0.857714 -0
    outer loop
      vertex -3.72826 -14.9939 -1.25
      vertex -4.19121 -14.7164 1.25
      vertex -3.72826 -14.9939 1.25
    endloop
  endfacet
  facet normal 0.514128 0.857714 0
    outer loop
      vertex -4.19121 -14.7164 1.25
      vertex -3.72826 -14.9939 -1.25
      vertex -4.19121 -14.7164 -1.25
    endloop
  endfacet
  facet normal 0.336835 -0.941564 0
    outer loop
      vertex -3.10742 15.2875 -1.25
      vertex -2.59923 15.4693 1.25
      vertex -3.10742 15.2875 1.25
    endloop
  endfacet
  facet normal 0.336835 -0.941564 0
    outer loop
      vertex -2.59923 15.4693 1.25
      vertex -3.10742 15.2875 -1.25
      vertex -2.59923 15.4693 -1.25
    endloop
  endfacet
endsolid OpenSCAD_Model
