solid OpenSCAD_Model
  facet normal -1 0 0
    outer loop
      vertex -32 8.45 0
      vertex -32 5.94497 3
      vertex -32 8.45 10
    endloop
  endfacet
  facet normal -1 0 0
    outer loop
      vertex -32 8.45 0
      vertex -32 5.45 2.50502
      vertex -32 5.94497 3
    endloop
  endfacet
  facet normal -1 0 0
    outer loop
      vertex -32 5.45 2.50502
      vertex -32 -12.955 3
      vertex -32 4.95502 3
    endloop
  endfacet
  facet normal -1 0 0
    outer loop
      vertex -32 -13.45 2.50502
      vertex -32 5.45 2.50502
      vertex -32 8.45 0
    endloop
  endfacet
  facet normal -1 0 0
    outer loop
      vertex -32 5.45 2.50502
      vertex -32 -13.45 2.50502
      vertex -32 -12.955 3
    endloop
  endfacet
  facet normal -1 -0 0
    outer loop
      vertex -32 -13.45 2.50502
      vertex -32 -16.45 0
      vertex -32 -13.945 3
    endloop
  endfacet
  facet normal -1 0 0
    outer loop
      vertex -32 -16.45 0
      vertex -32 -13.45 2.50502
      vertex -32 8.45 0
    endloop
  endfacet
  facet normal -1 0 0
    outer loop
      vertex -32 5.45 3.49497
      vertex -32 8.45 10
      vertex -32 5.94497 3
    endloop
  endfacet
  facet normal -1 -0 0
    outer loop
      vertex -32 8.45 10
      vertex -32 5.45 3.49497
      vertex -32 5.45 10
    endloop
  endfacet
  facet normal -1 0 0
    outer loop
      vertex -32 -16.45 17.5
      vertex -32 -13.45 3.49497
      vertex -32 -13.945 3
    endloop
  endfacet
  facet normal -1 0 0
    outer loop
      vertex -32 -16.45 17.5
      vertex -32 -13.945 3
      vertex -32 -16.45 0
    endloop
  endfacet
  facet normal -1 0 0
    outer loop
      vertex -32 -13.45 3.49497
      vertex -32 -16.45 17.5
      vertex -32 -13.45 17.5
    endloop
  endfacet
  facet normal -0 0 1
    outer loop
      vertex -32 4.95502 3
      vertex -4 -12.955 3
      vertex -4 4.95502 3
    endloop
  endfacet
  facet normal 0 0 1
    outer loop
      vertex -4 -12.955 3
      vertex -32 4.95502 3
      vertex -32 -12.955 3
    endloop
  endfacet
  facet normal 1 -0 0
    outer loop
      vertex -4 -16.45 17.5
      vertex -4 -13.45 3.49497
      vertex -4 -13.45 17.5
    endloop
  endfacet
  facet normal 1 0 0
    outer loop
      vertex -4 -13.45 3.49497
      vertex -4 -16.45 17.5
      vertex -4 -13.945 3
    endloop
  endfacet
  facet normal 1 0 0
    outer loop
      vertex -4 8.45 10
      vertex -4 5.94497 3
      vertex -4 8.45 0
    endloop
  endfacet
  facet normal 1 0 0
    outer loop
      vertex -4 5.45 3.49497
      vertex -4 8.45 10
      vertex -4 5.45 10
    endloop
  endfacet
  facet normal 1 0 0
    outer loop
      vertex -4 8.45 10
      vertex -4 5.45 3.49497
      vertex -4 5.94497 3
    endloop
  endfacet
  facet normal 1 -0 0
    outer loop
      vertex -4 5.45 2.50502
      vertex -4 8.45 0
      vertex -4 5.94497 3
    endloop
  endfacet
  facet normal 1 -0 0
    outer loop
      vertex -4 -12.955 3
      vertex -4 5.45 2.50502
      vertex -4 4.95502 3
    endloop
  endfacet
  facet normal 1 0 0
    outer loop
      vertex -4 -13.45 2.50502
      vertex -4 5.45 2.50502
      vertex -4 -12.955 3
    endloop
  endfacet
  facet normal 1 0 0
    outer loop
      vertex -4 5.45 2.50502
      vertex -4 -13.45 2.50502
      vertex -4 8.45 0
    endloop
  endfacet
  facet normal 1 0 0
    outer loop
      vertex -4 -13.45 2.50502
      vertex -4 -16.45 0
      vertex -4 8.45 0
    endloop
  endfacet
  facet normal 1 0 0
    outer loop
      vertex -4 -13.945 3
      vertex -4 -16.45 0
      vertex -4 -13.45 2.50502
    endloop
  endfacet
  facet normal 1 0 0
    outer loop
      vertex -4 -16.45 0
      vertex -4 -13.945 3
      vertex -4 -16.45 17.5
    endloop
  endfacet
  facet normal 0 1 0
    outer loop
      vertex -4 8.45 10
      vertex -6.5 8.45 12.5
      vertex -6.23868 8.45 12.4863
    endloop
  endfacet
  facet normal 0 1 0
    outer loop
      vertex -6.5 8.45 12.5
      vertex -4 8.45 0
      vertex -29.5 8.45 12.5
    endloop
  endfacet
  facet normal 0 1 0
    outer loop
      vertex -4 8.45 10
      vertex -6.23868 8.45 12.4863
      vertex -5.98022 8.45 12.4454
    endloop
  endfacet
  facet normal 0 1 0
    outer loop
      vertex -32 8.45 0
      vertex -29.5 8.45 12.5
      vertex -4 8.45 0
    endloop
  endfacet
  facet normal 0 1 0
    outer loop
      vertex -4 8.45 10
      vertex -5.98022 8.45 12.4454
      vertex -5.72746 8.45 12.3776
    endloop
  endfacet
  facet normal -0 1 0
    outer loop
      vertex -32 8.45 10
      vertex -29.5 8.45 12.5
      vertex -32 8.45 0
    endloop
  endfacet
  facet normal 0 1 0
    outer loop
      vertex -4 8.45 10
      vertex -5.72746 8.45 12.3776
      vertex -5.48316 8.45 12.2839
    endloop
  endfacet
  facet normal 0 1 0
    outer loop
      vertex -29.5 8.45 12.5
      vertex -32 8.45 10
      vertex -29.7613 8.45 12.4863
    endloop
  endfacet
  facet normal 0 1 0
    outer loop
      vertex -4 8.45 10
      vertex -5.48316 8.45 12.2839
      vertex -5.25 8.45 12.1651
    endloop
  endfacet
  facet normal 0 1 0
    outer loop
      vertex -29.7613 8.45 12.4863
      vertex -32 8.45 10
      vertex -30.0198 8.45 12.4454
    endloop
  endfacet
  facet normal 0 1 0
    outer loop
      vertex -4 8.45 10
      vertex -5.25 8.45 12.1651
      vertex -5.03054 8.45 12.0225
    endloop
  endfacet
  facet normal 0 1 0
    outer loop
      vertex -30.0198 8.45 12.4454
      vertex -32 8.45 10
      vertex -30.2725 8.45 12.3776
    endloop
  endfacet
  facet normal 0 1 0
    outer loop
      vertex -4 8.45 10
      vertex -5.03054 8.45 12.0225
      vertex -4.82717 8.45 11.8579
    endloop
  endfacet
  facet normal 0 1 0
    outer loop
      vertex -6.5 8.45 12.5
      vertex -4 8.45 10
      vertex -4 8.45 0
    endloop
  endfacet
  facet normal 0 1 0
    outer loop
      vertex -4 8.45 10
      vertex -4.82717 8.45 11.8579
      vertex -4.64214 8.45 11.6728
    endloop
  endfacet
  facet normal 0 1 0
    outer loop
      vertex -30.2725 8.45 12.3776
      vertex -32 8.45 10
      vertex -30.5168 8.45 12.2839
    endloop
  endfacet
  facet normal 0 1 0
    outer loop
      vertex -4 8.45 10
      vertex -4.64214 8.45 11.6728
      vertex -4.47746 8.45 11.4695
    endloop
  endfacet
  facet normal 0 1 0
    outer loop
      vertex -30.9695 8.45 12.0225
      vertex -32 8.45 10
      vertex -31.1728 8.45 11.8579
    endloop
  endfacet
  facet normal 0 1 0
    outer loop
      vertex -4 8.45 10
      vertex -4.47746 8.45 11.4695
      vertex -4.33494 8.45 11.25
    endloop
  endfacet
  facet normal 0 1 0
    outer loop
      vertex -31.1728 8.45 11.8579
      vertex -32 8.45 10
      vertex -31.3579 8.45 11.6728
    endloop
  endfacet
  facet normal 0 1 0
    outer loop
      vertex -4 8.45 10
      vertex -4.33494 8.45 11.25
      vertex -4.21614 8.45 11.0168
    endloop
  endfacet
  facet normal 0 1 0
    outer loop
      vertex -31.3579 8.45 11.6728
      vertex -32 8.45 10
      vertex -31.5225 8.45 11.4695
    endloop
  endfacet
  facet normal 0 1 0
    outer loop
      vertex -4 8.45 10
      vertex -4.21614 8.45 11.0168
      vertex -4.12236 8.45 10.7725
    endloop
  endfacet
  facet normal 0 1 0
    outer loop
      vertex -31.5225 8.45 11.4695
      vertex -32 8.45 10
      vertex -31.6651 8.45 11.25
    endloop
  endfacet
  facet normal 0 1 0
    outer loop
      vertex -4 8.45 10
      vertex -4.12236 8.45 10.7725
      vertex -4.05463 8.45 10.5198
    endloop
  endfacet
  facet normal 0 1 0
    outer loop
      vertex -31.6651 8.45 11.25
      vertex -32 8.45 10
      vertex -31.7839 8.45 11.0168
    endloop
  endfacet
  facet normal 0 1 0
    outer loop
      vertex -4 8.45 10
      vertex -4.05463 8.45 10.5198
      vertex -4.0137 8.45 10.2613
    endloop
  endfacet
  facet normal 0 1 0
    outer loop
      vertex -31.7839 8.45 11.0168
      vertex -32 8.45 10
      vertex -31.8776 8.45 10.7725
    endloop
  endfacet
  facet normal 0 1 0
    outer loop
      vertex -31.8776 8.45 10.7725
      vertex -32 8.45 10
      vertex -31.9454 8.45 10.5198
    endloop
  endfacet
  facet normal 0 1 0
    outer loop
      vertex -31.9454 8.45 10.5198
      vertex -32 8.45 10
      vertex -31.9863 8.45 10.2613
    endloop
  endfacet
  facet normal 0 1 0
    outer loop
      vertex -30.5168 8.45 12.2839
      vertex -32 8.45 10
      vertex -30.75 8.45 12.1651
    endloop
  endfacet
  facet normal 0 1 0
    outer loop
      vertex -30.75 8.45 12.1651
      vertex -32 8.45 10
      vertex -30.9695 8.45 12.0225
    endloop
  endfacet
  facet normal 0 0 -1
    outer loop
      vertex -32 -16.45 0
      vertex -4 8.45 0
      vertex -4 -16.45 0
    endloop
  endfacet
  facet normal -0 0 -1
    outer loop
      vertex -4 8.45 0
      vertex -32 -16.45 0
      vertex -32 8.45 0
    endloop
  endfacet
  facet normal 0 -1 0
    outer loop
      vertex -23.3505 -16.45 12.1006
      vertex -29.5 -16.45 20
      vertex -23.6688 -16.45 12.1511
    endloop
  endfacet
  facet normal 0 -1 0
    outer loop
      vertex -6.5 -16.45 20
      vertex -12.0094 -16.45 12.1679
      vertex -12 -16.45 12.1684
    endloop
  endfacet
  facet normal 0 -1 0
    outer loop
      vertex -23.3412 -16.45 12.0992
      vertex -29.5 -16.45 20
      vertex -23.3505 -16.45 12.1006
    endloop
  endfacet
  facet normal 0 -1 0
    outer loop
      vertex -6.5 -16.45 20
      vertex -12.3312 -16.45 12.1511
      vertex -12.0094 -16.45 12.1679
    endloop
  endfacet
  facet normal 0 -1 0
    outer loop
      vertex -23.03 -16.45 12.0158
      vertex -29.5 -16.45 20
      vertex -23.3412 -16.45 12.0992
    endloop
  endfacet
  facet normal 0 -1 0
    outer loop
      vertex -6.5 -16.45 20
      vertex -12.6495 -16.45 12.1006
      vertex -12.3312 -16.45 12.1511
    endloop
  endfacet
  facet normal 0 -1 0
    outer loop
      vertex -23.0209 -16.45 12.0133
      vertex -29.5 -16.45 20
      vertex -23.03 -16.45 12.0158
    endloop
  endfacet
  facet normal 0 -1 0
    outer loop
      vertex -6.5 -16.45 20
      vertex -12.6588 -16.45 12.0992
      vertex -12.6495 -16.45 12.1006
    endloop
  endfacet
  facet normal 0 -1 0
    outer loop
      vertex -23.0122 -16.45 12.01
      vertex -29.5 -16.45 20
      vertex -23.0209 -16.45 12.0133
    endloop
  endfacet
  facet normal 0 -1 0
    outer loop
      vertex -6.5 -16.45 20
      vertex -12.97 -16.45 12.0158
      vertex -12.6588 -16.45 12.0992
    endloop
  endfacet
  facet normal 0 -1 0
    outer loop
      vertex -22.7113 -16.45 11.8945
      vertex -29.5 -16.45 20
      vertex -23.0122 -16.45 12.01
    endloop
  endfacet
  facet normal 0 -1 0
    outer loop
      vertex -6.5 -16.45 20
      vertex -12.9791 -16.45 12.0133
      vertex -12.97 -16.45 12.0158
    endloop
  endfacet
  facet normal 0 -1 0
    outer loop
      vertex -29.5 -16.45 20
      vertex -22.7113 -16.45 11.8945
      vertex -6.5 -16.45 20
    endloop
  endfacet
  facet normal 0 -1 0
    outer loop
      vertex -6.5 -16.45 20
      vertex -12.9878 -16.45 12.01
      vertex -12.9791 -16.45 12.0133
    endloop
  endfacet
  facet normal 0 -1 0
    outer loop
      vertex -13.2887 -16.45 11.8945
      vertex -6.5 -16.45 20
      vertex -22.7113 -16.45 11.8945
    endloop
  endfacet
  facet normal 0 -1 0
    outer loop
      vertex -6.5 -16.45 20
      vertex -13.2887 -16.45 11.8945
      vertex -12.9878 -16.45 12.01
    endloop
  endfacet
  facet normal 0 -1 0
    outer loop
      vertex -22.4241 -16.45 11.7482
      vertex -13.2887 -16.45 11.8945
      vertex -22.7113 -16.45 11.8945
    endloop
  endfacet
  facet normal 0 -1 0
    outer loop
      vertex -22.4241 -16.45 11.7482
      vertex -13.5759 -16.45 11.7482
      vertex -13.2887 -16.45 11.8945
    endloop
  endfacet
  facet normal 0 -1 0
    outer loop
      vertex -22.4158 -16.45 11.7439
      vertex -13.5759 -16.45 11.7482
      vertex -22.4241 -16.45 11.7482
    endloop
  endfacet
  facet normal 0 -1 0
    outer loop
      vertex -22.4158 -16.45 11.7439
      vertex -13.5842 -16.45 11.7439
      vertex -13.5759 -16.45 11.7482
    endloop
  endfacet
  facet normal 0 -1 0
    outer loop
      vertex -22.4079 -16.45 11.7388
      vertex -13.5842 -16.45 11.7439
      vertex -22.4158 -16.45 11.7439
    endloop
  endfacet
  facet normal 0 -1 0
    outer loop
      vertex -22.4079 -16.45 11.7388
      vertex -13.5921 -16.45 11.7388
      vertex -13.5842 -16.45 11.7439
    endloop
  endfacet
  facet normal 0 -1 0
    outer loop
      vertex -22.1376 -16.45 11.5633
      vertex -13.5921 -16.45 11.7388
      vertex -22.4079 -16.45 11.7388
    endloop
  endfacet
  facet normal 0 -1 0
    outer loop
      vertex -22.1376 -16.45 11.5633
      vertex -13.8624 -16.45 11.5633
      vertex -13.5921 -16.45 11.7388
    endloop
  endfacet
  facet normal 0 -1 0
    outer loop
      vertex -22.1304 -16.45 11.5574
      vertex -13.8624 -16.45 11.5633
      vertex -22.1376 -16.45 11.5633
    endloop
  endfacet
  facet normal 0 -1 0
    outer loop
      vertex -22.1304 -16.45 11.5574
      vertex -13.8696 -16.45 11.5574
      vertex -13.8624 -16.45 11.5633
    endloop
  endfacet
  facet normal 0 -1 0
    outer loop
      vertex -21.8799 -16.45 11.3546
      vertex -13.8696 -16.45 11.5574
      vertex -22.1304 -16.45 11.5574
    endloop
  endfacet
  facet normal 0 -1 0
    outer loop
      vertex -21.8799 -16.45 11.3546
      vertex -14.1201 -16.45 11.3546
      vertex -13.8696 -16.45 11.5574
    endloop
  endfacet
  facet normal 0 -1 0
    outer loop
      vertex -21.6454 -16.45 11.1201
      vertex -14.1201 -16.45 11.3546
      vertex -21.8799 -16.45 11.3546
    endloop
  endfacet
  facet normal 0 -1 0
    outer loop
      vertex -21.6454 -16.45 11.1201
      vertex -14.3546 -16.45 11.1201
      vertex -14.1201 -16.45 11.3546
    endloop
  endfacet
  facet normal 0 -1 0
    outer loop
      vertex -21.4426 -16.45 10.8696
      vertex -14.3546 -16.45 11.1201
      vertex -21.6454 -16.45 11.1201
    endloop
  endfacet
  facet normal 0 -1 0
    outer loop
      vertex -21.4426 -16.45 10.8696
      vertex -14.5574 -16.45 10.8696
      vertex -14.3546 -16.45 11.1201
    endloop
  endfacet
  facet normal 0 -1 0
    outer loop
      vertex -21.4367 -16.45 10.8624
      vertex -14.5574 -16.45 10.8696
      vertex -21.4426 -16.45 10.8696
    endloop
  endfacet
  facet normal 0 -1 0
    outer loop
      vertex -21.4367 -16.45 10.8624
      vertex -14.5633 -16.45 10.8624
      vertex -14.5574 -16.45 10.8696
    endloop
  endfacet
  facet normal 0 -1 0
    outer loop
      vertex -21.2612 -16.45 10.5921
      vertex -14.5633 -16.45 10.8624
      vertex -21.4367 -16.45 10.8624
    endloop
  endfacet
  facet normal 0 -1 0
    outer loop
      vertex -21.2612 -16.45 10.5921
      vertex -14.7388 -16.45 10.5921
      vertex -14.5633 -16.45 10.8624
    endloop
  endfacet
  facet normal 0 -1 0
    outer loop
      vertex -21.2561 -16.45 10.5842
      vertex -14.7388 -16.45 10.5921
      vertex -21.2612 -16.45 10.5921
    endloop
  endfacet
  facet normal 0 -1 0
    outer loop
      vertex -21.2561 -16.45 10.5842
      vertex -14.7439 -16.45 10.5842
      vertex -14.7388 -16.45 10.5921
    endloop
  endfacet
  facet normal 0 -1 0
    outer loop
      vertex -21.2518 -16.45 10.5759
      vertex -14.7439 -16.45 10.5842
      vertex -21.2561 -16.45 10.5842
    endloop
  endfacet
  facet normal 0 -1 0
    outer loop
      vertex -21.2518 -16.45 10.5759
      vertex -14.7482 -16.45 10.5759
      vertex -14.7439 -16.45 10.5842
    endloop
  endfacet
  facet normal 0 -1 0
    outer loop
      vertex -21.1055 -16.45 10.2887
      vertex -14.7482 -16.45 10.5759
      vertex -21.2518 -16.45 10.5759
    endloop
  endfacet
  facet normal 0 -1 0
    outer loop
      vertex -21.1055 -16.45 10.2887
      vertex -14.8945 -16.45 10.2887
      vertex -14.7482 -16.45 10.5759
    endloop
  endfacet
  facet normal 0 -1 0
    outer loop
      vertex -20.99 -16.45 9.98784
      vertex -14.8945 -16.45 10.2887
      vertex -21.1055 -16.45 10.2887
    endloop
  endfacet
  facet normal 0 -1 0
    outer loop
      vertex -20.99 -16.45 9.98784
      vertex -15.01 -16.45 9.98784
      vertex -14.8945 -16.45 10.2887
    endloop
  endfacet
  facet normal 0 -1 0
    outer loop
      vertex -20.9867 -16.45 9.9791
      vertex -15.01 -16.45 9.98784
      vertex -20.99 -16.45 9.98784
    endloop
  endfacet
  facet normal 0 -1 0
    outer loop
      vertex -20.9867 -16.45 9.9791
      vertex -15.0133 -16.45 9.9791
      vertex -15.01 -16.45 9.98784
    endloop
  endfacet
  facet normal 0 -1 0
    outer loop
      vertex -20.9842 -16.45 9.97005
      vertex -15.0133 -16.45 9.9791
      vertex -20.9867 -16.45 9.9791
    endloop
  endfacet
  facet normal 0 -1 0
    outer loop
      vertex -20.9842 -16.45 9.97005
      vertex -15.0158 -16.45 9.97005
      vertex -15.0133 -16.45 9.9791
    endloop
  endfacet
  facet normal 0 -1 0
    outer loop
      vertex -20.9008 -16.45 9.65875
      vertex -15.0158 -16.45 9.97005
      vertex -20.9842 -16.45 9.97005
    endloop
  endfacet
  facet normal 0 -1 0
    outer loop
      vertex -20.9008 -16.45 9.65875
      vertex -15.0992 -16.45 9.65875
      vertex -15.0158 -16.45 9.97005
    endloop
  endfacet
  facet normal 0 -1 0
    outer loop
      vertex -20.8994 -16.45 9.6495
      vertex -15.0992 -16.45 9.65875
      vertex -20.9008 -16.45 9.65875
    endloop
  endfacet
  facet normal 0 -1 0
    outer loop
      vertex -20.8994 -16.45 9.6495
      vertex -15.1006 -16.45 9.6495
      vertex -15.0992 -16.45 9.65875
    endloop
  endfacet
  facet normal 0 -1 0
    outer loop
      vertex -20.8489 -16.45 9.33119
      vertex -15.1006 -16.45 9.6495
      vertex -20.8994 -16.45 9.6495
    endloop
  endfacet
  facet normal 0 -1 0
    outer loop
      vertex -20.8489 -16.45 9.33119
      vertex -15.1511 -16.45 9.33119
      vertex -15.1006 -16.45 9.6495
    endloop
  endfacet
  facet normal 0 -1 0
    outer loop
      vertex -20.8321 -16.45 9.00935
      vertex -15.1511 -16.45 9.33119
      vertex -20.8489 -16.45 9.33119
    endloop
  endfacet
  facet normal 0 -1 0
    outer loop
      vertex -20.8321 -16.45 9.00935
      vertex -15.1679 -16.45 9.00935
      vertex -15.1511 -16.45 9.33119
    endloop
  endfacet
  facet normal 0 -1 0
    outer loop
      vertex -20.8316 -16.45 9
      vertex -15.1679 -16.45 9.00935
      vertex -20.8321 -16.45 9.00935
    endloop
  endfacet
  facet normal 0 -1 0
    outer loop
      vertex -20.8316 -16.45 9
      vertex -15.1684 -16.45 9
      vertex -15.1679 -16.45 9.00935
    endloop
  endfacet
  facet normal 0 -1 0
    outer loop
      vertex -20.8321 -16.45 8.99065
      vertex -15.1684 -16.45 9
      vertex -20.8316 -16.45 9
    endloop
  endfacet
  facet normal 0 -1 0
    outer loop
      vertex -20.8321 -16.45 8.99065
      vertex -15.1679 -16.45 8.99065
      vertex -15.1684 -16.45 9
    endloop
  endfacet
  facet normal 0 -1 0
    outer loop
      vertex -20.8489 -16.45 8.66881
      vertex -15.1679 -16.45 8.99065
      vertex -20.8321 -16.45 8.99065
    endloop
  endfacet
  facet normal 0 -1 0
    outer loop
      vertex -20.8489 -16.45 8.66881
      vertex -15.1511 -16.45 8.66881
      vertex -15.1679 -16.45 8.99065
    endloop
  endfacet
  facet normal 0 -1 0
    outer loop
      vertex -20.8994 -16.45 8.3505
      vertex -15.1511 -16.45 8.66881
      vertex -20.8489 -16.45 8.66881
    endloop
  endfacet
  facet normal 0 -1 0
    outer loop
      vertex -20.8994 -16.45 8.3505
      vertex -15.1006 -16.45 8.3505
      vertex -15.1511 -16.45 8.66881
    endloop
  endfacet
  facet normal 0 -1 0
    outer loop
      vertex -20.9008 -16.45 8.34125
      vertex -15.1006 -16.45 8.3505
      vertex -20.8994 -16.45 8.3505
    endloop
  endfacet
  facet normal 0 -1 0
    outer loop
      vertex -20.9008 -16.45 8.34125
      vertex -15.0992 -16.45 8.34125
      vertex -15.1006 -16.45 8.3505
    endloop
  endfacet
  facet normal 0 -1 0
    outer loop
      vertex -20.9842 -16.45 8.02995
      vertex -15.0992 -16.45 8.34125
      vertex -20.9008 -16.45 8.34125
    endloop
  endfacet
  facet normal 0 -1 0
    outer loop
      vertex -20.9842 -16.45 8.02995
      vertex -15.0158 -16.45 8.02995
      vertex -15.0992 -16.45 8.34125
    endloop
  endfacet
  facet normal 0 -1 0
    outer loop
      vertex -20.9867 -16.45 8.0209
      vertex -15.0158 -16.45 8.02995
      vertex -20.9842 -16.45 8.02995
    endloop
  endfacet
  facet normal 0 -1 0
    outer loop
      vertex -20.9867 -16.45 8.0209
      vertex -15.0133 -16.45 8.0209
      vertex -15.0158 -16.45 8.02995
    endloop
  endfacet
  facet normal 0 -1 0
    outer loop
      vertex -20.99 -16.45 8.01216
      vertex -15.0133 -16.45 8.0209
      vertex -20.9867 -16.45 8.0209
    endloop
  endfacet
  facet normal 0 -1 0
    outer loop
      vertex -20.99 -16.45 8.01216
      vertex -15.01 -16.45 8.01216
      vertex -15.0133 -16.45 8.0209
    endloop
  endfacet
  facet normal 0 -1 0
    outer loop
      vertex -21.1055 -16.45 7.71129
      vertex -15.01 -16.45 8.01216
      vertex -20.99 -16.45 8.01216
    endloop
  endfacet
  facet normal 0 -1 0
    outer loop
      vertex -21.1055 -16.45 7.71129
      vertex -14.8945 -16.45 7.71129
      vertex -15.01 -16.45 8.01216
    endloop
  endfacet
  facet normal 0 -1 0
    outer loop
      vertex -21.2518 -16.45 7.42413
      vertex -14.8945 -16.45 7.71129
      vertex -21.1055 -16.45 7.71129
    endloop
  endfacet
  facet normal 0 -1 0
    outer loop
      vertex -21.2518 -16.45 7.42413
      vertex -14.7482 -16.45 7.42413
      vertex -14.8945 -16.45 7.71129
    endloop
  endfacet
  facet normal 0 -1 0
    outer loop
      vertex -21.2561 -16.45 7.41579
      vertex -14.7482 -16.45 7.42413
      vertex -21.2518 -16.45 7.42413
    endloop
  endfacet
  facet normal 0 -1 0
    outer loop
      vertex -21.2561 -16.45 7.41579
      vertex -14.7439 -16.45 7.41579
      vertex -14.7482 -16.45 7.42413
    endloop
  endfacet
  facet normal 0 -1 0
    outer loop
      vertex -21.2612 -16.45 7.40794
      vertex -14.7439 -16.45 7.41579
      vertex -21.2561 -16.45 7.41579
    endloop
  endfacet
  facet normal 0 -1 0
    outer loop
      vertex -21.2612 -16.45 7.40794
      vertex -14.7388 -16.45 7.40794
      vertex -14.7439 -16.45 7.41579
    endloop
  endfacet
  facet normal 0 -1 0
    outer loop
      vertex -21.4367 -16.45 7.13765
      vertex -14.7388 -16.45 7.40794
      vertex -21.2612 -16.45 7.40794
    endloop
  endfacet
  facet normal 0 -1 0
    outer loop
      vertex -21.4367 -16.45 7.13765
      vertex -14.5633 -16.45 7.13765
      vertex -14.7388 -16.45 7.40794
    endloop
  endfacet
  facet normal 0 -1 0
    outer loop
      vertex -21.4426 -16.45 7.13037
      vertex -14.5633 -16.45 7.13765
      vertex -21.4367 -16.45 7.13765
    endloop
  endfacet
  facet normal 0 -1 0
    outer loop
      vertex -21.4426 -16.45 7.13037
      vertex -14.5574 -16.45 7.13037
      vertex -14.5633 -16.45 7.13765
    endloop
  endfacet
  facet normal 0 -1 0
    outer loop
      vertex -21.6454 -16.45 6.87991
      vertex -14.5574 -16.45 7.13037
      vertex -21.4426 -16.45 7.13037
    endloop
  endfacet
  facet normal 0 -1 0
    outer loop
      vertex -21.6454 -16.45 6.87991
      vertex -14.3546 -16.45 6.87991
      vertex -14.5574 -16.45 7.13037
    endloop
  endfacet
  facet normal 0 -1 0
    outer loop
      vertex -21.8799 -16.45 6.6454
      vertex -14.3546 -16.45 6.87991
      vertex -21.6454 -16.45 6.87991
    endloop
  endfacet
  facet normal 0 -1 0
    outer loop
      vertex -21.8799 -16.45 6.6454
      vertex -14.1201 -16.45 6.6454
      vertex -14.3546 -16.45 6.87991
    endloop
  endfacet
  facet normal 0 -1 0
    outer loop
      vertex -22.1304 -16.45 6.44259
      vertex -14.1201 -16.45 6.6454
      vertex -21.8799 -16.45 6.6454
    endloop
  endfacet
  facet normal 0 -1 0
    outer loop
      vertex -22.1304 -16.45 6.44259
      vertex -13.8696 -16.45 6.44259
      vertex -14.1201 -16.45 6.6454
    endloop
  endfacet
  facet normal 0 -1 0
    outer loop
      vertex -22.1376 -16.45 6.43669
      vertex -13.8696 -16.45 6.44259
      vertex -22.1304 -16.45 6.44259
    endloop
  endfacet
  facet normal 0 -1 0
    outer loop
      vertex -22.1376 -16.45 6.43669
      vertex -13.8624 -16.45 6.43669
      vertex -13.8696 -16.45 6.44259
    endloop
  endfacet
  facet normal 0 -1 0
    outer loop
      vertex -22.4079 -16.45 6.26117
      vertex -13.8624 -16.45 6.43669
      vertex -22.1376 -16.45 6.43669
    endloop
  endfacet
  facet normal 0 -1 0
    outer loop
      vertex -22.4079 -16.45 6.26117
      vertex -13.5921 -16.45 6.26117
      vertex -13.8624 -16.45 6.43669
    endloop
  endfacet
  facet normal 0 -1 0
    outer loop
      vertex -22.4158 -16.45 6.25607
      vertex -13.5921 -16.45 6.26117
      vertex -22.4079 -16.45 6.26117
    endloop
  endfacet
  facet normal 0 -1 0
    outer loop
      vertex -22.4158 -16.45 6.25607
      vertex -13.5842 -16.45 6.25607
      vertex -13.5921 -16.45 6.26117
    endloop
  endfacet
  facet normal 0 -1 0
    outer loop
      vertex -22.4241 -16.45 6.25182
      vertex -13.5842 -16.45 6.25607
      vertex -22.4158 -16.45 6.25607
    endloop
  endfacet
  facet normal 0 -1 0
    outer loop
      vertex -22.4241 -16.45 6.25182
      vertex -13.5759 -16.45 6.25182
      vertex -13.5842 -16.45 6.25607
    endloop
  endfacet
  facet normal 0 -1 0
    outer loop
      vertex -22.7113 -16.45 6.1055
      vertex -13.5759 -16.45 6.25182
      vertex -22.4241 -16.45 6.25182
    endloop
  endfacet
  facet normal 0 -1 0
    outer loop
      vertex -22.7113 -16.45 6.1055
      vertex -13.2887 -16.45 6.1055
      vertex -13.5759 -16.45 6.25182
    endloop
  endfacet
  facet normal 0 -1 0
    outer loop
      vertex -23.0122 -16.45 5.99001
      vertex -13.2887 -16.45 6.1055
      vertex -22.7113 -16.45 6.1055
    endloop
  endfacet
  facet normal 0 -1 0
    outer loop
      vertex -23.0122 -16.45 5.99001
      vertex -12.9878 -16.45 5.99001
      vertex -13.2887 -16.45 6.1055
    endloop
  endfacet
  facet normal 0 -1 0
    outer loop
      vertex -23.0209 -16.45 5.98665
      vertex -12.9878 -16.45 5.99001
      vertex -23.0122 -16.45 5.99001
    endloop
  endfacet
  facet normal 0 -1 0
    outer loop
      vertex -23.0209 -16.45 5.98665
      vertex -12.9791 -16.45 5.98665
      vertex -12.9878 -16.45 5.99001
    endloop
  endfacet
  facet normal 0 -1 0
    outer loop
      vertex -32 -16.45 0
      vertex -23.0209 -16.45 5.98665
      vertex -23.03 -16.45 5.98423
    endloop
  endfacet
  facet normal 0 -1 -0
    outer loop
      vertex -23.0209 -16.45 5.98665
      vertex -32 -16.45 0
      vertex -12.9791 -16.45 5.98665
    endloop
  endfacet
  facet normal 0 -1 0
    outer loop
      vertex -32 -16.45 0
      vertex -23.03 -16.45 5.98423
      vertex -23.3412 -16.45 5.90082
    endloop
  endfacet
  facet normal 0 -1 0
    outer loop
      vertex -4 -16.45 0
      vertex -12.9791 -16.45 5.98665
      vertex -32 -16.45 0
    endloop
  endfacet
  facet normal 0 -1 0
    outer loop
      vertex -32 -16.45 0
      vertex -23.3412 -16.45 5.90082
      vertex -23.3505 -16.45 5.89935
    endloop
  endfacet
  facet normal 0 -1 0
    outer loop
      vertex -12.9791 -16.45 5.98665
      vertex -4 -16.45 0
      vertex -12.97 -16.45 5.98423
    endloop
  endfacet
  facet normal 0 -1 0
    outer loop
      vertex -32 -16.45 0
      vertex -23.3505 -16.45 5.89935
      vertex -23.6688 -16.45 5.84894
    endloop
  endfacet
  facet normal 0 -1 0
    outer loop
      vertex -12.97 -16.45 5.98423
      vertex -4 -16.45 0
      vertex -12.6588 -16.45 5.90082
    endloop
  endfacet
  facet normal 0 -1 0
    outer loop
      vertex -32 -16.45 0
      vertex -23.6688 -16.45 5.84894
      vertex -23.9906 -16.45 5.83207
    endloop
  endfacet
  facet normal 0 -1 0
    outer loop
      vertex -12.6588 -16.45 5.90082
      vertex -4 -16.45 0
      vertex -12.6495 -16.45 5.89935
    endloop
  endfacet
  facet normal 0 -1 0
    outer loop
      vertex -32 -16.45 0
      vertex -23.9906 -16.45 5.83207
      vertex -24 -16.45 5.83158
    endloop
  endfacet
  facet normal 0 -1 0
    outer loop
      vertex -12.6495 -16.45 5.89935
      vertex -4 -16.45 0
      vertex -12.3312 -16.45 5.84894
    endloop
  endfacet
  facet normal 0 -1 0
    outer loop
      vertex -32 -16.45 17.5
      vertex -29.5 -16.45 20
      vertex -29.7613 -16.45 19.9863
    endloop
  endfacet
  facet normal 0 -1 0
    outer loop
      vertex -23.9906 -16.45 12.1679
      vertex -29.5 -16.45 20
      vertex -24 -16.45 12.1684
    endloop
  endfacet
  facet normal 0 -1 0
    outer loop
      vertex -32 -16.45 17.5
      vertex -29.7613 -16.45 19.9863
      vertex -30.0198 -16.45 19.9454
    endloop
  endfacet
  facet normal 0 -1 0
    outer loop
      vertex -23.6688 -16.45 12.1511
      vertex -29.5 -16.45 20
      vertex -23.9906 -16.45 12.1679
    endloop
  endfacet
  facet normal 0 -1 0
    outer loop
      vertex -32 -16.45 17.5
      vertex -30.0198 -16.45 19.9454
      vertex -30.2725 -16.45 19.8776
    endloop
  endfacet
  facet normal 0 -1 0
    outer loop
      vertex -11.9906 -16.45 12.1679
      vertex -6.5 -16.45 20
      vertex -12 -16.45 12.1684
    endloop
  endfacet
  facet normal 0 -1 0
    outer loop
      vertex -32 -16.45 17.5
      vertex -30.2725 -16.45 19.8776
      vertex -30.5168 -16.45 19.7839
    endloop
  endfacet
  facet normal 0 -1 0
    outer loop
      vertex -11.6688 -16.45 12.1511
      vertex -6.5 -16.45 20
      vertex -11.9906 -16.45 12.1679
    endloop
  endfacet
  facet normal 0 -1 0
    outer loop
      vertex -32 -16.45 17.5
      vertex -30.5168 -16.45 19.7839
      vertex -30.75 -16.45 19.6651
    endloop
  endfacet
  facet normal 0 -1 0
    outer loop
      vertex -11.3505 -16.45 12.1006
      vertex -6.5 -16.45 20
      vertex -11.6688 -16.45 12.1511
    endloop
  endfacet
  facet normal 0 -1 0
    outer loop
      vertex -32 -16.45 17.5
      vertex -30.75 -16.45 19.6651
      vertex -30.9695 -16.45 19.5225
    endloop
  endfacet
  facet normal 0 -1 0
    outer loop
      vertex -11.3412 -16.45 12.0992
      vertex -6.5 -16.45 20
      vertex -11.3505 -16.45 12.1006
    endloop
  endfacet
  facet normal 0 -1 0
    outer loop
      vertex -32 -16.45 17.5
      vertex -30.9695 -16.45 19.5225
      vertex -31.1728 -16.45 19.3579
    endloop
  endfacet
  facet normal 0 -1 0
    outer loop
      vertex -11.03 -16.45 12.0158
      vertex -6.5 -16.45 20
      vertex -11.3412 -16.45 12.0992
    endloop
  endfacet
  facet normal 0 -1 0
    outer loop
      vertex -32 -16.45 17.5
      vertex -31.1728 -16.45 19.3579
      vertex -31.3579 -16.45 19.1728
    endloop
  endfacet
  facet normal 0 -1 0
    outer loop
      vertex -11.0209 -16.45 12.0133
      vertex -6.5 -16.45 20
      vertex -11.03 -16.45 12.0158
    endloop
  endfacet
  facet normal 0 -1 0
    outer loop
      vertex -32 -16.45 17.5
      vertex -31.3579 -16.45 19.1728
      vertex -31.5225 -16.45 18.9695
    endloop
  endfacet
  facet normal 0 -1 0
    outer loop
      vertex -11.0122 -16.45 12.01
      vertex -6.5 -16.45 20
      vertex -11.0209 -16.45 12.0133
    endloop
  endfacet
  facet normal 0 -1 0
    outer loop
      vertex -32 -16.45 17.5
      vertex -31.5225 -16.45 18.9695
      vertex -31.6651 -16.45 18.75
    endloop
  endfacet
  facet normal 0 -1 0
    outer loop
      vertex -10.7113 -16.45 11.8945
      vertex -6.5 -16.45 20
      vertex -11.0122 -16.45 12.01
    endloop
  endfacet
  facet normal 0 -1 0
    outer loop
      vertex -32 -16.45 17.5
      vertex -31.6651 -16.45 18.75
      vertex -31.7839 -16.45 18.5168
    endloop
  endfacet
  facet normal 0 -1 0
    outer loop
      vertex -10.4241 -16.45 11.7482
      vertex -6.5 -16.45 20
      vertex -10.7113 -16.45 11.8945
    endloop
  endfacet
  facet normal 0 -1 0
    outer loop
      vertex -32 -16.45 17.5
      vertex -31.7839 -16.45 18.5168
      vertex -31.8776 -16.45 18.2725
    endloop
  endfacet
  facet normal 0 -1 0
    outer loop
      vertex -10.4158 -16.45 11.7439
      vertex -6.5 -16.45 20
      vertex -10.4241 -16.45 11.7482
    endloop
  endfacet
  facet normal 0 -1 0
    outer loop
      vertex -32 -16.45 17.5
      vertex -31.8776 -16.45 18.2725
      vertex -31.9454 -16.45 18.0198
    endloop
  endfacet
  facet normal 0 -1 0
    outer loop
      vertex -6.5 -16.45 20
      vertex -4 -16.45 17.5
      vertex -6.23868 -16.45 19.9863
    endloop
  endfacet
  facet normal 0 -1 0
    outer loop
      vertex -32 -16.45 17.5
      vertex -31.9454 -16.45 18.0198
      vertex -31.9863 -16.45 17.7613
    endloop
  endfacet
  facet normal 0 -1 0
    outer loop
      vertex -5.98022 -16.45 19.9454
      vertex -4 -16.45 17.5
      vertex -5.72746 -16.45 19.8776
    endloop
  endfacet
  facet normal 0 -1 0
    outer loop
      vertex -25.5842 -16.45 11.7439
      vertex -29.5 -16.45 20
      vertex -32 -16.45 17.5
    endloop
  endfacet
  facet normal 0 -1 0
    outer loop
      vertex -5.72746 -16.45 19.8776
      vertex -4 -16.45 17.5
      vertex -5.48316 -16.45 19.7839
    endloop
  endfacet
  facet normal 0 -1 0
    outer loop
      vertex -5.48316 -16.45 19.7839
      vertex -4 -16.45 17.5
      vertex -5.25 -16.45 19.6651
    endloop
  endfacet
  facet normal 0 -1 0
    outer loop
      vertex -29.5 -16.45 20
      vertex -24.0094 -16.45 12.1679
      vertex -24 -16.45 12.1684
    endloop
  endfacet
  facet normal 0 -1 0
    outer loop
      vertex -29.5 -16.45 20
      vertex -24.3312 -16.45 12.1511
      vertex -24.0094 -16.45 12.1679
    endloop
  endfacet
  facet normal 0 -1 0
    outer loop
      vertex -29.5 -16.45 20
      vertex -24.6495 -16.45 12.1006
      vertex -24.3312 -16.45 12.1511
    endloop
  endfacet
  facet normal 0 -1 0
    outer loop
      vertex -29.5 -16.45 20
      vertex -24.6588 -16.45 12.0992
      vertex -24.6495 -16.45 12.1006
    endloop
  endfacet
  facet normal 0 -1 0
    outer loop
      vertex -29.5 -16.45 20
      vertex -24.97 -16.45 12.0158
      vertex -24.6588 -16.45 12.0992
    endloop
  endfacet
  facet normal 0 -1 0
    outer loop
      vertex -29.5 -16.45 20
      vertex -24.9791 -16.45 12.0133
      vertex -24.97 -16.45 12.0158
    endloop
  endfacet
  facet normal 0 -1 0
    outer loop
      vertex -29.5 -16.45 20
      vertex -24.9878 -16.45 12.01
      vertex -24.9791 -16.45 12.0133
    endloop
  endfacet
  facet normal 0 -1 0
    outer loop
      vertex -29.5 -16.45 20
      vertex -25.2887 -16.45 11.8945
      vertex -24.9878 -16.45 12.01
    endloop
  endfacet
  facet normal 0 -1 0
    outer loop
      vertex -29.5 -16.45 20
      vertex -25.5759 -16.45 11.7482
      vertex -25.2887 -16.45 11.8945
    endloop
  endfacet
  facet normal 0 -1 0
    outer loop
      vertex -29.5 -16.45 20
      vertex -25.5842 -16.45 11.7439
      vertex -25.5759 -16.45 11.7482
    endloop
  endfacet
  facet normal 0 -1 0
    outer loop
      vertex -32 -16.45 17.5
      vertex -25.5921 -16.45 11.7388
      vertex -25.5842 -16.45 11.7439
    endloop
  endfacet
  facet normal 0 -1 0
    outer loop
      vertex -32 -16.45 17.5
      vertex -25.8624 -16.45 11.5633
      vertex -25.5921 -16.45 11.7388
    endloop
  endfacet
  facet normal 0 -1 0
    outer loop
      vertex -32 -16.45 17.5
      vertex -25.8696 -16.45 11.5574
      vertex -25.8624 -16.45 11.5633
    endloop
  endfacet
  facet normal 0 -1 0
    outer loop
      vertex -32 -16.45 17.5
      vertex -26.1201 -16.45 11.3546
      vertex -25.8696 -16.45 11.5574
    endloop
  endfacet
  facet normal 0 -1 0
    outer loop
      vertex -32 -16.45 17.5
      vertex -26.3546 -16.45 11.1201
      vertex -26.1201 -16.45 11.3546
    endloop
  endfacet
  facet normal 0 -1 0
    outer loop
      vertex -32 -16.45 17.5
      vertex -26.5574 -16.45 10.8696
      vertex -26.3546 -16.45 11.1201
    endloop
  endfacet
  facet normal 0 -1 0
    outer loop
      vertex -32 -16.45 17.5
      vertex -26.5633 -16.45 10.8624
      vertex -26.5574 -16.45 10.8696
    endloop
  endfacet
  facet normal 0 -1 0
    outer loop
      vertex -32 -16.45 17.5
      vertex -26.7388 -16.45 10.5921
      vertex -26.5633 -16.45 10.8624
    endloop
  endfacet
  facet normal 0 -1 0
    outer loop
      vertex -32 -16.45 17.5
      vertex -26.7439 -16.45 10.5842
      vertex -26.7388 -16.45 10.5921
    endloop
  endfacet
  facet normal 0 -1 0
    outer loop
      vertex -32 -16.45 17.5
      vertex -26.7482 -16.45 10.5759
      vertex -26.7439 -16.45 10.5842
    endloop
  endfacet
  facet normal 0 -1 0
    outer loop
      vertex -32 -16.45 17.5
      vertex -26.8945 -16.45 10.2887
      vertex -26.7482 -16.45 10.5759
    endloop
  endfacet
  facet normal 0 -1 0
    outer loop
      vertex -32 -16.45 17.5
      vertex -27.01 -16.45 9.98784
      vertex -26.8945 -16.45 10.2887
    endloop
  endfacet
  facet normal 0 -1 0
    outer loop
      vertex -32 -16.45 17.5
      vertex -27.0133 -16.45 9.9791
      vertex -27.01 -16.45 9.98784
    endloop
  endfacet
  facet normal 0 -1 0
    outer loop
      vertex -32 -16.45 17.5
      vertex -27.0158 -16.45 9.97005
      vertex -27.0133 -16.45 9.9791
    endloop
  endfacet
  facet normal 0 -1 0
    outer loop
      vertex -32 -16.45 17.5
      vertex -27.0992 -16.45 9.65875
      vertex -27.0158 -16.45 9.97005
    endloop
  endfacet
  facet normal 0 -1 0
    outer loop
      vertex -32 -16.45 17.5
      vertex -27.1006 -16.45 9.6495
      vertex -27.0992 -16.45 9.65875
    endloop
  endfacet
  facet normal 0 -1 0
    outer loop
      vertex -32 -16.45 17.5
      vertex -27.1511 -16.45 9.33119
      vertex -27.1006 -16.45 9.6495
    endloop
  endfacet
  facet normal 0 -1 0
    outer loop
      vertex -32 -16.45 17.5
      vertex -27.1679 -16.45 9.00935
      vertex -27.1511 -16.45 9.33119
    endloop
  endfacet
  facet normal 0 -1 0
    outer loop
      vertex -32 -16.45 17.5
      vertex -27.1684 -16.45 9
      vertex -27.1679 -16.45 9.00935
    endloop
  endfacet
  facet normal 0 -1 0
    outer loop
      vertex -32 -16.45 0
      vertex -27.1684 -16.45 9
      vertex -32 -16.45 17.5
    endloop
  endfacet
  facet normal 0 -1 -0
    outer loop
      vertex -27.1684 -16.45 9
      vertex -32 -16.45 0
      vertex -27.1679 -16.45 8.99065
    endloop
  endfacet
  facet normal 0 -1 -0
    outer loop
      vertex -27.1679 -16.45 8.99065
      vertex -32 -16.45 0
      vertex -27.1511 -16.45 8.66881
    endloop
  endfacet
  facet normal 0 -1 -0
    outer loop
      vertex -27.1511 -16.45 8.66881
      vertex -32 -16.45 0
      vertex -27.1006 -16.45 8.3505
    endloop
  endfacet
  facet normal 0 -1 -0
    outer loop
      vertex -27.1006 -16.45 8.3505
      vertex -32 -16.45 0
      vertex -27.0992 -16.45 8.34125
    endloop
  endfacet
  facet normal 0 -1 -0
    outer loop
      vertex -27.0992 -16.45 8.34125
      vertex -32 -16.45 0
      vertex -27.0158 -16.45 8.02995
    endloop
  endfacet
  facet normal 0 -1 -0
    outer loop
      vertex -27.0158 -16.45 8.02995
      vertex -32 -16.45 0
      vertex -27.0133 -16.45 8.0209
    endloop
  endfacet
  facet normal 0 -1 -0
    outer loop
      vertex -27.0133 -16.45 8.0209
      vertex -32 -16.45 0
      vertex -27.01 -16.45 8.01216
    endloop
  endfacet
  facet normal 0 -1 -0
    outer loop
      vertex -27.01 -16.45 8.01216
      vertex -32 -16.45 0
      vertex -26.8945 -16.45 7.71129
    endloop
  endfacet
  facet normal 0 -1 -0
    outer loop
      vertex -26.8945 -16.45 7.71129
      vertex -32 -16.45 0
      vertex -26.7482 -16.45 7.42413
    endloop
  endfacet
  facet normal 0 -1 0
    outer loop
      vertex -32 -16.45 0
      vertex -26.5574 -16.45 7.13037
      vertex -26.5633 -16.45 7.13765
    endloop
  endfacet
  facet normal 0 -1 0
    outer loop
      vertex -32 -16.45 0
      vertex -24.9878 -16.45 5.99001
      vertex -25.2887 -16.45 6.1055
    endloop
  endfacet
  facet normal 0 -1 0
    outer loop
      vertex -32 -16.45 0
      vertex -24.97 -16.45 5.98423
      vertex -24.9791 -16.45 5.98665
    endloop
  endfacet
  facet normal 0 -1 0
    outer loop
      vertex -12.3312 -16.45 5.84894
      vertex -4 -16.45 0
      vertex -12.0094 -16.45 5.83207
    endloop
  endfacet
  facet normal 0 -1 -0
    outer loop
      vertex -24.0094 -16.45 5.83207
      vertex -32 -16.45 0
      vertex -24 -16.45 5.83158
    endloop
  endfacet
  facet normal 0 -1 -0
    outer loop
      vertex -24.3312 -16.45 5.84894
      vertex -32 -16.45 0
      vertex -24.0094 -16.45 5.83207
    endloop
  endfacet
  facet normal 0 -1 -0
    outer loop
      vertex -24.6495 -16.45 5.89935
      vertex -32 -16.45 0
      vertex -24.3312 -16.45 5.84894
    endloop
  endfacet
  facet normal 0 -1 -0
    outer loop
      vertex -24.6588 -16.45 5.90082
      vertex -32 -16.45 0
      vertex -24.6495 -16.45 5.89935
    endloop
  endfacet
  facet normal 0 -1 -0
    outer loop
      vertex -24.97 -16.45 5.98423
      vertex -32 -16.45 0
      vertex -24.6588 -16.45 5.90082
    endloop
  endfacet
  facet normal 0 -1 -0
    outer loop
      vertex -24.9878 -16.45 5.99001
      vertex -32 -16.45 0
      vertex -24.9791 -16.45 5.98665
    endloop
  endfacet
  facet normal 0 -1 -0
    outer loop
      vertex -25.5759 -16.45 6.25182
      vertex -32 -16.45 0
      vertex -25.2887 -16.45 6.1055
    endloop
  endfacet
  facet normal 0 -1 -0
    outer loop
      vertex -25.5842 -16.45 6.25607
      vertex -32 -16.45 0
      vertex -25.5759 -16.45 6.25182
    endloop
  endfacet
  facet normal 0 -1 -0
    outer loop
      vertex -25.5921 -16.45 6.26117
      vertex -32 -16.45 0
      vertex -25.5842 -16.45 6.25607
    endloop
  endfacet
  facet normal 0 -1 -0
    outer loop
      vertex -25.8624 -16.45 6.43669
      vertex -32 -16.45 0
      vertex -25.5921 -16.45 6.26117
    endloop
  endfacet
  facet normal 0 -1 -0
    outer loop
      vertex -25.8696 -16.45 6.44259
      vertex -32 -16.45 0
      vertex -25.8624 -16.45 6.43669
    endloop
  endfacet
  facet normal 0 -1 -0
    outer loop
      vertex -26.1201 -16.45 6.6454
      vertex -32 -16.45 0
      vertex -25.8696 -16.45 6.44259
    endloop
  endfacet
  facet normal 0 -1 -0
    outer loop
      vertex -26.3546 -16.45 6.87991
      vertex -32 -16.45 0
      vertex -26.1201 -16.45 6.6454
    endloop
  endfacet
  facet normal 0 -1 -0
    outer loop
      vertex -26.5574 -16.45 7.13037
      vertex -32 -16.45 0
      vertex -26.3546 -16.45 6.87991
    endloop
  endfacet
  facet normal 0 -1 -0
    outer loop
      vertex -26.7388 -16.45 7.40794
      vertex -32 -16.45 0
      vertex -26.5633 -16.45 7.13765
    endloop
  endfacet
  facet normal 0 -1 -0
    outer loop
      vertex -26.7439 -16.45 7.41579
      vertex -32 -16.45 0
      vertex -26.7388 -16.45 7.40794
    endloop
  endfacet
  facet normal 0 -1 -0
    outer loop
      vertex -26.7482 -16.45 7.42413
      vertex -32 -16.45 0
      vertex -26.7439 -16.45 7.41579
    endloop
  endfacet
  facet normal 0 -1 0
    outer loop
      vertex -5.25 -16.45 19.6651
      vertex -4 -16.45 17.5
      vertex -5.03054 -16.45 19.5225
    endloop
  endfacet
  facet normal 0 -1 0
    outer loop
      vertex -5.03054 -16.45 19.5225
      vertex -4 -16.45 17.5
      vertex -4.82717 -16.45 19.3579
    endloop
  endfacet
  facet normal 0 -1 0
    outer loop
      vertex -4.64214 -16.45 19.1728
      vertex -4 -16.45 17.5
      vertex -4.47746 -16.45 18.9695
    endloop
  endfacet
  facet normal 0 -1 0
    outer loop
      vertex -4.33494 -16.45 18.75
      vertex -4 -16.45 17.5
      vertex -4.21614 -16.45 18.5168
    endloop
  endfacet
  facet normal 0 -1 0
    outer loop
      vertex -4.21614 -16.45 18.5168
      vertex -4 -16.45 17.5
      vertex -4.12236 -16.45 18.2725
    endloop
  endfacet
  facet normal 0 -1 0
    outer loop
      vertex -4.12236 -16.45 18.2725
      vertex -4 -16.45 17.5
      vertex -4.05463 -16.45 18.0198
    endloop
  endfacet
  facet normal 0 -1 0
    outer loop
      vertex -4.05463 -16.45 18.0198
      vertex -4 -16.45 17.5
      vertex -4.0137 -16.45 17.7613
    endloop
  endfacet
  facet normal 0 -1 0
    outer loop
      vertex -4.47746 -16.45 18.9695
      vertex -4 -16.45 17.5
      vertex -4.33494 -16.45 18.75
    endloop
  endfacet
  facet normal 0 -1 0
    outer loop
      vertex -4.82717 -16.45 19.3579
      vertex -4 -16.45 17.5
      vertex -4.64214 -16.45 19.1728
    endloop
  endfacet
  facet normal 0 -1 0
    outer loop
      vertex -6.23868 -16.45 19.9863
      vertex -4 -16.45 17.5
      vertex -5.98022 -16.45 19.9454
    endloop
  endfacet
  facet normal 0 -1 -0
    outer loop
      vertex -6.5 -16.45 20
      vertex -10.4158 -16.45 11.7439
      vertex -4 -16.45 17.5
    endloop
  endfacet
  facet normal 0 -1 0
    outer loop
      vertex -10.4079 -16.45 11.7388
      vertex -4 -16.45 17.5
      vertex -10.4158 -16.45 11.7439
    endloop
  endfacet
  facet normal 0 -1 0
    outer loop
      vertex -10.1376 -16.45 11.5633
      vertex -4 -16.45 17.5
      vertex -10.4079 -16.45 11.7388
    endloop
  endfacet
  facet normal 0 -1 0
    outer loop
      vertex -10.1304 -16.45 11.5574
      vertex -4 -16.45 17.5
      vertex -10.1376 -16.45 11.5633
    endloop
  endfacet
  facet normal 0 -1 0
    outer loop
      vertex -9.87991 -16.45 11.3546
      vertex -4 -16.45 17.5
      vertex -10.1304 -16.45 11.5574
    endloop
  endfacet
  facet normal 0 -1 0
    outer loop
      vertex -9.6454 -16.45 11.1201
      vertex -4 -16.45 17.5
      vertex -9.87991 -16.45 11.3546
    endloop
  endfacet
  facet normal 0 -1 0
    outer loop
      vertex -9.44259 -16.45 10.8696
      vertex -4 -16.45 17.5
      vertex -9.6454 -16.45 11.1201
    endloop
  endfacet
  facet normal 0 -1 0
    outer loop
      vertex -9.43669 -16.45 10.8624
      vertex -4 -16.45 17.5
      vertex -9.44259 -16.45 10.8696
    endloop
  endfacet
  facet normal 0 -1 0
    outer loop
      vertex -9.26117 -16.45 10.5921
      vertex -4 -16.45 17.5
      vertex -9.43669 -16.45 10.8624
    endloop
  endfacet
  facet normal 0 -1 0
    outer loop
      vertex -9.25607 -16.45 10.5842
      vertex -4 -16.45 17.5
      vertex -9.26117 -16.45 10.5921
    endloop
  endfacet
  facet normal 0 -1 0
    outer loop
      vertex -9.25182 -16.45 10.5759
      vertex -4 -16.45 17.5
      vertex -9.25607 -16.45 10.5842
    endloop
  endfacet
  facet normal 0 -1 0
    outer loop
      vertex -9.1055 -16.45 10.2887
      vertex -4 -16.45 17.5
      vertex -9.25182 -16.45 10.5759
    endloop
  endfacet
  facet normal 0 -1 0
    outer loop
      vertex -8.99001 -16.45 9.98784
      vertex -4 -16.45 17.5
      vertex -9.1055 -16.45 10.2887
    endloop
  endfacet
  facet normal 0 -1 0
    outer loop
      vertex -8.98665 -16.45 9.9791
      vertex -4 -16.45 17.5
      vertex -8.99001 -16.45 9.98784
    endloop
  endfacet
  facet normal 0 -1 0
    outer loop
      vertex -8.98423 -16.45 9.97005
      vertex -4 -16.45 17.5
      vertex -8.98665 -16.45 9.9791
    endloop
  endfacet
  facet normal 0 -1 0
    outer loop
      vertex -8.90082 -16.45 9.65875
      vertex -4 -16.45 17.5
      vertex -8.98423 -16.45 9.97005
    endloop
  endfacet
  facet normal 0 -1 0
    outer loop
      vertex -8.89935 -16.45 9.6495
      vertex -4 -16.45 17.5
      vertex -8.90082 -16.45 9.65875
    endloop
  endfacet
  facet normal 0 -1 0
    outer loop
      vertex -8.84894 -16.45 9.33119
      vertex -4 -16.45 17.5
      vertex -8.89935 -16.45 9.6495
    endloop
  endfacet
  facet normal 0 -1 0
    outer loop
      vertex -8.83207 -16.45 9.00935
      vertex -4 -16.45 17.5
      vertex -8.84894 -16.45 9.33119
    endloop
  endfacet
  facet normal 0 -1 0
    outer loop
      vertex -8.83158 -16.45 9
      vertex -4 -16.45 17.5
      vertex -8.83207 -16.45 9.00935
    endloop
  endfacet
  facet normal 0 -1 0
    outer loop
      vertex -4 -16.45 0
      vertex -8.83158 -16.45 9
      vertex -8.83207 -16.45 8.99065
    endloop
  endfacet
  facet normal 0 -1 0
    outer loop
      vertex -4 -16.45 0
      vertex -8.83207 -16.45 8.99065
      vertex -8.84894 -16.45 8.66881
    endloop
  endfacet
  facet normal 0 -1 0
    outer loop
      vertex -4 -16.45 0
      vertex -8.84894 -16.45 8.66881
      vertex -8.89935 -16.45 8.3505
    endloop
  endfacet
  facet normal 0 -1 0
    outer loop
      vertex -4 -16.45 0
      vertex -8.89935 -16.45 8.3505
      vertex -8.90082 -16.45 8.34125
    endloop
  endfacet
  facet normal 0 -1 0
    outer loop
      vertex -4 -16.45 0
      vertex -8.90082 -16.45 8.34125
      vertex -8.98423 -16.45 8.02995
    endloop
  endfacet
  facet normal 0 -1 0
    outer loop
      vertex -4 -16.45 0
      vertex -8.98423 -16.45 8.02995
      vertex -8.98665 -16.45 8.0209
    endloop
  endfacet
  facet normal 0 -1 0
    outer loop
      vertex -4 -16.45 0
      vertex -8.98665 -16.45 8.0209
      vertex -8.99001 -16.45 8.01216
    endloop
  endfacet
  facet normal 0 -1 0
    outer loop
      vertex -4 -16.45 0
      vertex -8.99001 -16.45 8.01216
      vertex -9.1055 -16.45 7.71129
    endloop
  endfacet
  facet normal 0 -1 0
    outer loop
      vertex -4 -16.45 0
      vertex -9.1055 -16.45 7.71129
      vertex -9.25182 -16.45 7.42413
    endloop
  endfacet
  facet normal 0 -1 0
    outer loop
      vertex -4 -16.45 0
      vertex -9.25182 -16.45 7.42413
      vertex -9.25607 -16.45 7.41579
    endloop
  endfacet
  facet normal 0 -1 0
    outer loop
      vertex -4 -16.45 0
      vertex -9.26117 -16.45 7.40794
      vertex -9.43669 -16.45 7.13765
    endloop
  endfacet
  facet normal 0 -1 0
    outer loop
      vertex -4 -16.45 0
      vertex -9.44259 -16.45 7.13037
      vertex -9.6454 -16.45 6.87991
    endloop
  endfacet
  facet normal 0 -1 0
    outer loop
      vertex -4 -16.45 0
      vertex -11.0122 -16.45 5.99001
      vertex -11.0209 -16.45 5.98665
    endloop
  endfacet
  facet normal 0 -1 0
    outer loop
      vertex -4 -16.45 0
      vertex -11.03 -16.45 5.98423
      vertex -11.3412 -16.45 5.90082
    endloop
  endfacet
  facet normal 0 -1 0
    outer loop
      vertex -12.0094 -16.45 5.83207
      vertex -4 -16.45 0
      vertex -12 -16.45 5.83158
    endloop
  endfacet
  facet normal 0 -1 0
    outer loop
      vertex -12 -16.45 5.83158
      vertex -4 -16.45 0
      vertex -11.9906 -16.45 5.83207
    endloop
  endfacet
  facet normal 0 -1 0
    outer loop
      vertex -11.9906 -16.45 5.83207
      vertex -4 -16.45 0
      vertex -11.6688 -16.45 5.84894
    endloop
  endfacet
  facet normal 0 -1 0
    outer loop
      vertex -11.6688 -16.45 5.84894
      vertex -4 -16.45 0
      vertex -11.3505 -16.45 5.89935
    endloop
  endfacet
  facet normal 0 -1 0
    outer loop
      vertex -11.3505 -16.45 5.89935
      vertex -4 -16.45 0
      vertex -11.3412 -16.45 5.90082
    endloop
  endfacet
  facet normal 0 -1 0
    outer loop
      vertex -8.83158 -16.45 9
      vertex -4 -16.45 0
      vertex -4 -16.45 17.5
    endloop
  endfacet
  facet normal 0 -1 0
    outer loop
      vertex -9.26117 -16.45 7.40794
      vertex -4 -16.45 0
      vertex -9.25607 -16.45 7.41579
    endloop
  endfacet
  facet normal 0 -1 0
    outer loop
      vertex -9.44259 -16.45 7.13037
      vertex -4 -16.45 0
      vertex -9.43669 -16.45 7.13765
    endloop
  endfacet
  facet normal 0 -1 0
    outer loop
      vertex -9.87991 -16.45 6.6454
      vertex -4 -16.45 0
      vertex -9.6454 -16.45 6.87991
    endloop
  endfacet
  facet normal 0 -1 0
    outer loop
      vertex -10.1304 -16.45 6.44259
      vertex -4 -16.45 0
      vertex -9.87991 -16.45 6.6454
    endloop
  endfacet
  facet normal 0 -1 0
    outer loop
      vertex -10.1376 -16.45 6.43669
      vertex -4 -16.45 0
      vertex -10.1304 -16.45 6.44259
    endloop
  endfacet
  facet normal 0 -1 0
    outer loop
      vertex -10.4079 -16.45 6.26117
      vertex -4 -16.45 0
      vertex -10.1376 -16.45 6.43669
    endloop
  endfacet
  facet normal 0 -1 0
    outer loop
      vertex -10.4158 -16.45 6.25607
      vertex -4 -16.45 0
      vertex -10.4079 -16.45 6.26117
    endloop
  endfacet
  facet normal 0 -1 0
    outer loop
      vertex -10.4241 -16.45 6.25182
      vertex -4 -16.45 0
      vertex -10.4158 -16.45 6.25607
    endloop
  endfacet
  facet normal 0 -1 0
    outer loop
      vertex -10.7113 -16.45 6.1055
      vertex -4 -16.45 0
      vertex -10.4241 -16.45 6.25182
    endloop
  endfacet
  facet normal 0 -1 0
    outer loop
      vertex -11.0122 -16.45 5.99001
      vertex -4 -16.45 0
      vertex -10.7113 -16.45 6.1055
    endloop
  endfacet
  facet normal 0 -1 0
    outer loop
      vertex -11.03 -16.45 5.98423
      vertex -4 -16.45 0
      vertex -11.0209 -16.45 5.98665
    endloop
  endfacet
  facet normal 0 1 0
    outer loop
      vertex -12.5253 -13.45 10.6168
      vertex -6.5 -13.45 20
      vertex -12.3534 -13.45 10.6629
    endloop
  endfacet
  facet normal 0 1 0
    outer loop
      vertex -29.5 -13.45 20
      vertex -23.8223 -13.45 10.6907
      vertex -24 -13.45 10.7
    endloop
  endfacet
  facet normal 0 1 0
    outer loop
      vertex -12.6915 -13.45 10.553
      vertex -6.5 -13.45 20
      vertex -12.5253 -13.45 10.6168
    endloop
  endfacet
  facet normal 0 1 0
    outer loop
      vertex -29.5 -13.45 20
      vertex -23.6465 -13.45 10.6629
      vertex -23.8223 -13.45 10.6907
    endloop
  endfacet
  facet normal 0 1 0
    outer loop
      vertex -6.5 -13.45 20
      vertex -12.6915 -13.45 10.553
      vertex -29.5 -13.45 20
    endloop
  endfacet
  facet normal 0 1 0
    outer loop
      vertex -29.5 -13.45 20
      vertex -23.4747 -13.45 10.6168
      vertex -23.6465 -13.45 10.6629
    endloop
  endfacet
  facet normal 0 1 -0
    outer loop
      vertex -23.3085 -13.45 10.553
      vertex -29.5 -13.45 20
      vertex -12.6915 -13.45 10.553
    endloop
  endfacet
  facet normal 0 1 0
    outer loop
      vertex -29.5 -13.45 20
      vertex -23.3085 -13.45 10.553
      vertex -23.4747 -13.45 10.6168
    endloop
  endfacet
  facet normal 0 1 -0
    outer loop
      vertex -12.85 -13.45 10.4722
      vertex -23.3085 -13.45 10.553
      vertex -12.6915 -13.45 10.553
    endloop
  endfacet
  facet normal 0 1 0
    outer loop
      vertex -12.85 -13.45 10.4722
      vertex -23.15 -13.45 10.4722
      vertex -23.3085 -13.45 10.553
    endloop
  endfacet
  facet normal 0 1 -0
    outer loop
      vertex -12.9992 -13.45 10.3753
      vertex -23.15 -13.45 10.4722
      vertex -12.85 -13.45 10.4722
    endloop
  endfacet
  facet normal 0 1 0
    outer loop
      vertex -12.9992 -13.45 10.3753
      vertex -23.0008 -13.45 10.3753
      vertex -23.15 -13.45 10.4722
    endloop
  endfacet
  facet normal 0 1 -0
    outer loop
      vertex -13.1375 -13.45 10.2633
      vertex -23.0008 -13.45 10.3753
      vertex -12.9992 -13.45 10.3753
    endloop
  endfacet
  facet normal 0 1 0
    outer loop
      vertex -13.1375 -13.45 10.2633
      vertex -22.8625 -13.45 10.2633
      vertex -23.0008 -13.45 10.3753
    endloop
  endfacet
  facet normal 0 1 -0
    outer loop
      vertex -13.2633 -13.45 10.1375
      vertex -22.8625 -13.45 10.2633
      vertex -13.1375 -13.45 10.2633
    endloop
  endfacet
  facet normal 0 1 0
    outer loop
      vertex -13.2633 -13.45 10.1375
      vertex -22.7367 -13.45 10.1375
      vertex -22.8625 -13.45 10.2633
    endloop
  endfacet
  facet normal 0 1 -0
    outer loop
      vertex -13.3753 -13.45 9.99923
      vertex -22.7367 -13.45 10.1375
      vertex -13.2633 -13.45 10.1375
    endloop
  endfacet
  facet normal 0 1 0
    outer loop
      vertex -13.3753 -13.45 9.99923
      vertex -22.6247 -13.45 9.99923
      vertex -22.7367 -13.45 10.1375
    endloop
  endfacet
  facet normal 0 1 -0
    outer loop
      vertex -13.4722 -13.45 9.85
      vertex -22.6247 -13.45 9.99923
      vertex -13.3753 -13.45 9.99923
    endloop
  endfacet
  facet normal 0 1 0
    outer loop
      vertex -13.4722 -13.45 9.85
      vertex -22.5278 -13.45 9.85
      vertex -22.6247 -13.45 9.99923
    endloop
  endfacet
  facet normal 0 1 -0
    outer loop
      vertex -13.553 -13.45 9.69145
      vertex -22.5278 -13.45 9.85
      vertex -13.4722 -13.45 9.85
    endloop
  endfacet
  facet normal 0 1 0
    outer loop
      vertex -13.553 -13.45 9.69145
      vertex -22.447 -13.45 9.69145
      vertex -22.5278 -13.45 9.85
    endloop
  endfacet
  facet normal 0 1 -0
    outer loop
      vertex -13.6168 -13.45 9.52533
      vertex -22.447 -13.45 9.69145
      vertex -13.553 -13.45 9.69145
    endloop
  endfacet
  facet normal 0 1 0
    outer loop
      vertex -13.6168 -13.45 9.52533
      vertex -22.3832 -13.45 9.52533
      vertex -22.447 -13.45 9.69145
    endloop
  endfacet
  facet normal 0 1 -0
    outer loop
      vertex -13.6629 -13.45 9.35345
      vertex -22.3832 -13.45 9.52533
      vertex -13.6168 -13.45 9.52533
    endloop
  endfacet
  facet normal 0 1 0
    outer loop
      vertex -13.6629 -13.45 9.35345
      vertex -22.3372 -13.45 9.35345
      vertex -22.3832 -13.45 9.52533
    endloop
  endfacet
  facet normal 0 1 -0
    outer loop
      vertex -13.6907 -13.45 9.1777
      vertex -22.3372 -13.45 9.35345
      vertex -13.6629 -13.45 9.35345
    endloop
  endfacet
  facet normal 0 1 0
    outer loop
      vertex -13.6907 -13.45 9.1777
      vertex -22.3093 -13.45 9.1777
      vertex -22.3372 -13.45 9.35345
    endloop
  endfacet
  facet normal 0 1 -0
    outer loop
      vertex -13.7 -13.45 9
      vertex -22.3093 -13.45 9.1777
      vertex -13.6907 -13.45 9.1777
    endloop
  endfacet
  facet normal 0 1 0
    outer loop
      vertex -13.7 -13.45 9
      vertex -22.3 -13.45 9
      vertex -22.3093 -13.45 9.1777
    endloop
  endfacet
  facet normal 0 1 0
    outer loop
      vertex -13.6907 -13.45 8.8223
      vertex -22.3 -13.45 9
      vertex -13.7 -13.45 9
    endloop
  endfacet
  facet normal 0 1 0
    outer loop
      vertex -13.6907 -13.45 8.8223
      vertex -22.3093 -13.45 8.8223
      vertex -22.3 -13.45 9
    endloop
  endfacet
  facet normal 0 1 0
    outer loop
      vertex -13.6629 -13.45 8.64655
      vertex -22.3093 -13.45 8.8223
      vertex -13.6907 -13.45 8.8223
    endloop
  endfacet
  facet normal 0 1 0
    outer loop
      vertex -13.6629 -13.45 8.64655
      vertex -22.3372 -13.45 8.64655
      vertex -22.3093 -13.45 8.8223
    endloop
  endfacet
  facet normal 0 1 0
    outer loop
      vertex -13.6168 -13.45 8.47467
      vertex -22.3372 -13.45 8.64655
      vertex -13.6629 -13.45 8.64655
    endloop
  endfacet
  facet normal 0 1 0
    outer loop
      vertex -13.6168 -13.45 8.47467
      vertex -22.3832 -13.45 8.47467
      vertex -22.3372 -13.45 8.64655
    endloop
  endfacet
  facet normal 0 1 0
    outer loop
      vertex -13.553 -13.45 8.30855
      vertex -22.3832 -13.45 8.47467
      vertex -13.6168 -13.45 8.47467
    endloop
  endfacet
  facet normal 0 1 0
    outer loop
      vertex -13.553 -13.45 8.30855
      vertex -22.447 -13.45 8.30855
      vertex -22.3832 -13.45 8.47467
    endloop
  endfacet
  facet normal 0 1 0
    outer loop
      vertex -13.4722 -13.45 8.15
      vertex -22.447 -13.45 8.30855
      vertex -13.553 -13.45 8.30855
    endloop
  endfacet
  facet normal 0 1 0
    outer loop
      vertex -13.4722 -13.45 8.15
      vertex -22.5278 -13.45 8.15
      vertex -22.447 -13.45 8.30855
    endloop
  endfacet
  facet normal 0 1 0
    outer loop
      vertex -13.3753 -13.45 8.00077
      vertex -22.5278 -13.45 8.15
      vertex -13.4722 -13.45 8.15
    endloop
  endfacet
  facet normal 0 1 0
    outer loop
      vertex -13.3753 -13.45 8.00077
      vertex -22.6247 -13.45 8.00077
      vertex -22.5278 -13.45 8.15
    endloop
  endfacet
  facet normal 0 1 0
    outer loop
      vertex -13.2633 -13.45 7.86248
      vertex -22.6247 -13.45 8.00077
      vertex -13.3753 -13.45 8.00077
    endloop
  endfacet
  facet normal 0 1 0
    outer loop
      vertex -13.2633 -13.45 7.86248
      vertex -22.7367 -13.45 7.86248
      vertex -22.6247 -13.45 8.00077
    endloop
  endfacet
  facet normal 0 1 0
    outer loop
      vertex -13.1375 -13.45 7.73665
      vertex -22.7367 -13.45 7.86248
      vertex -13.2633 -13.45 7.86248
    endloop
  endfacet
  facet normal 0 1 0
    outer loop
      vertex -13.1375 -13.45 7.73665
      vertex -22.8625 -13.45 7.73665
      vertex -22.7367 -13.45 7.86248
    endloop
  endfacet
  facet normal 0 1 0
    outer loop
      vertex -12.9992 -13.45 7.62467
      vertex -22.8625 -13.45 7.73665
      vertex -13.1375 -13.45 7.73665
    endloop
  endfacet
  facet normal 0 1 0
    outer loop
      vertex -12.9992 -13.45 7.62467
      vertex -23.0008 -13.45 7.62467
      vertex -22.8625 -13.45 7.73665
    endloop
  endfacet
  facet normal 0 1 0
    outer loop
      vertex -12.85 -13.45 7.52776
      vertex -23.0008 -13.45 7.62467
      vertex -12.9992 -13.45 7.62467
    endloop
  endfacet
  facet normal 0 1 0
    outer loop
      vertex -12.85 -13.45 7.52776
      vertex -23.15 -13.45 7.52776
      vertex -23.0008 -13.45 7.62467
    endloop
  endfacet
  facet normal 0 1 0
    outer loop
      vertex -12.6915 -13.45 7.44697
      vertex -23.15 -13.45 7.52776
      vertex -12.85 -13.45 7.52776
    endloop
  endfacet
  facet normal 0 1 0
    outer loop
      vertex -12.6915 -13.45 7.44697
      vertex -23.3085 -13.45 7.44697
      vertex -23.15 -13.45 7.52776
    endloop
  endfacet
  facet normal 0 1 0
    outer loop
      vertex -12.5253 -13.45 7.3832
      vertex -23.3085 -13.45 7.44697
      vertex -12.6915 -13.45 7.44697
    endloop
  endfacet
  facet normal 0 1 0
    outer loop
      vertex -12.5253 -13.45 7.3832
      vertex -23.4747 -13.45 7.3832
      vertex -23.3085 -13.45 7.44697
    endloop
  endfacet
  facet normal 0 1 0
    outer loop
      vertex -12.3534 -13.45 7.33715
      vertex -23.4747 -13.45 7.3832
      vertex -12.5253 -13.45 7.3832
    endloop
  endfacet
  facet normal 0 1 0
    outer loop
      vertex -12.3534 -13.45 7.33715
      vertex -23.6465 -13.45 7.33715
      vertex -23.4747 -13.45 7.3832
    endloop
  endfacet
  facet normal 0 1 0
    outer loop
      vertex -4 -13.45 3.49497
      vertex -12.3534 -13.45 7.33715
      vertex -12.1777 -13.45 7.30931
    endloop
  endfacet
  facet normal 0 1 0
    outer loop
      vertex -12.3534 -13.45 7.33715
      vertex -4 -13.45 3.49497
      vertex -23.6465 -13.45 7.33715
    endloop
  endfacet
  facet normal 0 1 0
    outer loop
      vertex -4 -13.45 3.49497
      vertex -12.1777 -13.45 7.30931
      vertex -12 -13.45 7.3
    endloop
  endfacet
  facet normal 0 1 0
    outer loop
      vertex -32 -13.45 3.49497
      vertex -23.6465 -13.45 7.33715
      vertex -4 -13.45 3.49497
    endloop
  endfacet
  facet normal 0 1 0
    outer loop
      vertex -4 -13.45 17.5
      vertex -6.5 -13.45 20
      vertex -6.23868 -13.45 19.9863
    endloop
  endfacet
  facet normal 0 1 0
    outer loop
      vertex -12.1777 -13.45 10.6907
      vertex -6.5 -13.45 20
      vertex -12 -13.45 10.7
    endloop
  endfacet
  facet normal 0 1 0
    outer loop
      vertex -4 -13.45 17.5
      vertex -6.23868 -13.45 19.9863
      vertex -5.98022 -13.45 19.9454
    endloop
  endfacet
  facet normal 0 1 0
    outer loop
      vertex -12.3534 -13.45 10.6629
      vertex -6.5 -13.45 20
      vertex -12.1777 -13.45 10.6907
    endloop
  endfacet
  facet normal 0 1 0
    outer loop
      vertex -4 -13.45 17.5
      vertex -5.98022 -13.45 19.9454
      vertex -5.72746 -13.45 19.8776
    endloop
  endfacet
  facet normal 0 1 -0
    outer loop
      vertex -24.1777 -13.45 10.6907
      vertex -29.5 -13.45 20
      vertex -24 -13.45 10.7
    endloop
  endfacet
  facet normal 0 1 0
    outer loop
      vertex -4 -13.45 17.5
      vertex -5.72746 -13.45 19.8776
      vertex -5.48316 -13.45 19.7839
    endloop
  endfacet
  facet normal 0 1 -0
    outer loop
      vertex -24.3535 -13.45 10.6629
      vertex -29.5 -13.45 20
      vertex -24.1777 -13.45 10.6907
    endloop
  endfacet
  facet normal 0 1 0
    outer loop
      vertex -4 -13.45 17.5
      vertex -5.48316 -13.45 19.7839
      vertex -5.25 -13.45 19.6651
    endloop
  endfacet
  facet normal 0 1 -0
    outer loop
      vertex -24.5253 -13.45 10.6168
      vertex -29.5 -13.45 20
      vertex -24.3535 -13.45 10.6629
    endloop
  endfacet
  facet normal 0 1 0
    outer loop
      vertex -4 -13.45 17.5
      vertex -5.25 -13.45 19.6651
      vertex -5.03054 -13.45 19.5225
    endloop
  endfacet
  facet normal 0 1 -0
    outer loop
      vertex -24.6915 -13.45 10.553
      vertex -29.5 -13.45 20
      vertex -24.5253 -13.45 10.6168
    endloop
  endfacet
  facet normal 0 1 0
    outer loop
      vertex -4 -13.45 17.5
      vertex -5.03054 -13.45 19.5225
      vertex -4.82717 -13.45 19.3579
    endloop
  endfacet
  facet normal -0 1 0
    outer loop
      vertex -32 -13.45 17.5
      vertex -29.5 -13.45 20
      vertex -24.6915 -13.45 10.553
    endloop
  endfacet
  facet normal 0 1 0
    outer loop
      vertex -4 -13.45 17.5
      vertex -4.82717 -13.45 19.3579
      vertex -4.64214 -13.45 19.1728
    endloop
  endfacet
  facet normal 0 1 0
    outer loop
      vertex -29.5 -13.45 20
      vertex -32 -13.45 17.5
      vertex -29.7613 -13.45 19.9863
    endloop
  endfacet
  facet normal 0 1 0
    outer loop
      vertex -4 -13.45 17.5
      vertex -4.64214 -13.45 19.1728
      vertex -4.47746 -13.45 18.9695
    endloop
  endfacet
  facet normal 0 1 0
    outer loop
      vertex -29.7613 -13.45 19.9863
      vertex -32 -13.45 17.5
      vertex -30.0198 -13.45 19.9454
    endloop
  endfacet
  facet normal 0 1 0
    outer loop
      vertex -4 -13.45 17.5
      vertex -4.47746 -13.45 18.9695
      vertex -4.33494 -13.45 18.75
    endloop
  endfacet
  facet normal 0 1 0
    outer loop
      vertex -30.0198 -13.45 19.9454
      vertex -32 -13.45 17.5
      vertex -30.2725 -13.45 19.8776
    endloop
  endfacet
  facet normal 0 1 0
    outer loop
      vertex -4 -13.45 17.5
      vertex -4.33494 -13.45 18.75
      vertex -4.21614 -13.45 18.5168
    endloop
  endfacet
  facet normal 0 1 0
    outer loop
      vertex -30.5168 -13.45 19.7839
      vertex -32 -13.45 17.5
      vertex -30.75 -13.45 19.6651
    endloop
  endfacet
  facet normal 0 1 0
    outer loop
      vertex -4 -13.45 17.5
      vertex -4.21614 -13.45 18.5168
      vertex -4.12236 -13.45 18.2725
    endloop
  endfacet
  facet normal 0 1 0
    outer loop
      vertex -30.75 -13.45 19.6651
      vertex -32 -13.45 17.5
      vertex -30.9695 -13.45 19.5225
    endloop
  endfacet
  facet normal 0 1 0
    outer loop
      vertex -4 -13.45 17.5
      vertex -4.12236 -13.45 18.2725
      vertex -4.05463 -13.45 18.0198
    endloop
  endfacet
  facet normal 0 1 0
    outer loop
      vertex -30.9695 -13.45 19.5225
      vertex -32 -13.45 17.5
      vertex -31.1728 -13.45 19.3579
    endloop
  endfacet
  facet normal 0 1 0
    outer loop
      vertex -4 -13.45 17.5
      vertex -4.05463 -13.45 18.0198
      vertex -4.0137 -13.45 17.7613
    endloop
  endfacet
  facet normal 0 1 0
    outer loop
      vertex -31.1728 -13.45 19.3579
      vertex -32 -13.45 17.5
      vertex -31.3579 -13.45 19.1728
    endloop
  endfacet
  facet normal 0 1 0
    outer loop
      vertex -6.5 -13.45 20
      vertex -4 -13.45 17.5
      vertex -11.3085 -13.45 10.553
    endloop
  endfacet
  facet normal 0 1 0
    outer loop
      vertex -31.5225 -13.45 18.9695
      vertex -32 -13.45 17.5
      vertex -31.6651 -13.45 18.75
    endloop
  endfacet
  facet normal 0 1 0
    outer loop
      vertex -31.6651 -13.45 18.75
      vertex -32 -13.45 17.5
      vertex -31.7839 -13.45 18.5168
    endloop
  endfacet
  facet normal 0 1 0
    outer loop
      vertex -6.5 -13.45 20
      vertex -11.8223 -13.45 10.6907
      vertex -12 -13.45 10.7
    endloop
  endfacet
  facet normal 0 1 0
    outer loop
      vertex -6.5 -13.45 20
      vertex -11.6466 -13.45 10.6629
      vertex -11.8223 -13.45 10.6907
    endloop
  endfacet
  facet normal 0 1 0
    outer loop
      vertex -6.5 -13.45 20
      vertex -11.4747 -13.45 10.6168
      vertex -11.6466 -13.45 10.6629
    endloop
  endfacet
  facet normal 0 1 0
    outer loop
      vertex -6.5 -13.45 20
      vertex -11.3085 -13.45 10.553
      vertex -11.4747 -13.45 10.6168
    endloop
  endfacet
  facet normal 0 1 0
    outer loop
      vertex -4 -13.45 17.5
      vertex -11.15 -13.45 10.4722
      vertex -11.3085 -13.45 10.553
    endloop
  endfacet
  facet normal 0 1 0
    outer loop
      vertex -4 -13.45 17.5
      vertex -11.0008 -13.45 10.3753
      vertex -11.15 -13.45 10.4722
    endloop
  endfacet
  facet normal 0 1 0
    outer loop
      vertex -4 -13.45 17.5
      vertex -10.8625 -13.45 10.2633
      vertex -11.0008 -13.45 10.3753
    endloop
  endfacet
  facet normal 0 1 0
    outer loop
      vertex -4 -13.45 17.5
      vertex -10.7367 -13.45 10.1375
      vertex -10.8625 -13.45 10.2633
    endloop
  endfacet
  facet normal 0 1 0
    outer loop
      vertex -4 -13.45 17.5
      vertex -10.6247 -13.45 9.99923
      vertex -10.7367 -13.45 10.1375
    endloop
  endfacet
  facet normal 0 1 0
    outer loop
      vertex -4 -13.45 17.5
      vertex -10.5278 -13.45 9.85
      vertex -10.6247 -13.45 9.99923
    endloop
  endfacet
  facet normal 0 1 0
    outer loop
      vertex -4 -13.45 17.5
      vertex -10.447 -13.45 9.69145
      vertex -10.5278 -13.45 9.85
    endloop
  endfacet
  facet normal 0 1 0
    outer loop
      vertex -4 -13.45 17.5
      vertex -10.3832 -13.45 9.52533
      vertex -10.447 -13.45 9.69145
    endloop
  endfacet
  facet normal 0 1 0
    outer loop
      vertex -4 -13.45 17.5
      vertex -10.3371 -13.45 9.35345
      vertex -10.3832 -13.45 9.52533
    endloop
  endfacet
  facet normal 0 1 -0
    outer loop
      vertex -4 -13.45 3.49497
      vertex -10.3371 -13.45 9.35345
      vertex -4 -13.45 17.5
    endloop
  endfacet
  facet normal 0 1 0
    outer loop
      vertex -10.3371 -13.45 9.35345
      vertex -4 -13.45 3.49497
      vertex -10.3093 -13.45 9.1777
    endloop
  endfacet
  facet normal 0 1 0
    outer loop
      vertex -10.3093 -13.45 9.1777
      vertex -4 -13.45 3.49497
      vertex -10.3 -13.45 9
    endloop
  endfacet
  facet normal 0 1 0
    outer loop
      vertex -10.3 -13.45 9
      vertex -4 -13.45 3.49497
      vertex -10.3093 -13.45 8.8223
    endloop
  endfacet
  facet normal 0 1 0
    outer loop
      vertex -10.3093 -13.45 8.8223
      vertex -4 -13.45 3.49497
      vertex -10.3371 -13.45 8.64655
    endloop
  endfacet
  facet normal 0 1 0
    outer loop
      vertex -10.3371 -13.45 8.64655
      vertex -4 -13.45 3.49497
      vertex -10.3832 -13.45 8.47467
    endloop
  endfacet
  facet normal 0 1 0
    outer loop
      vertex -10.3832 -13.45 8.47467
      vertex -4 -13.45 3.49497
      vertex -10.447 -13.45 8.30855
    endloop
  endfacet
  facet normal 0 1 0
    outer loop
      vertex -10.447 -13.45 8.30855
      vertex -4 -13.45 3.49497
      vertex -10.5278 -13.45 8.15
    endloop
  endfacet
  facet normal 0 1 0
    outer loop
      vertex -23.6465 -13.45 7.33715
      vertex -32 -13.45 3.49497
      vertex -23.8223 -13.45 7.30931
    endloop
  endfacet
  facet normal 0 1 0
    outer loop
      vertex -11.8223 -13.45 7.30931
      vertex -4 -13.45 3.49497
      vertex -12 -13.45 7.3
    endloop
  endfacet
  facet normal 0 1 0
    outer loop
      vertex -11.6466 -13.45 7.33715
      vertex -4 -13.45 3.49497
      vertex -11.8223 -13.45 7.30931
    endloop
  endfacet
  facet normal 0 1 0
    outer loop
      vertex -11.4747 -13.45 7.3832
      vertex -4 -13.45 3.49497
      vertex -11.6466 -13.45 7.33715
    endloop
  endfacet
  facet normal 0 1 0
    outer loop
      vertex -11.3085 -13.45 7.44697
      vertex -4 -13.45 3.49497
      vertex -11.4747 -13.45 7.3832
    endloop
  endfacet
  facet normal 0 1 0
    outer loop
      vertex -11.15 -13.45 7.52776
      vertex -4 -13.45 3.49497
      vertex -11.3085 -13.45 7.44697
    endloop
  endfacet
  facet normal 0 1 0
    outer loop
      vertex -11.0008 -13.45 7.62467
      vertex -4 -13.45 3.49497
      vertex -11.15 -13.45 7.52776
    endloop
  endfacet
  facet normal 0 1 0
    outer loop
      vertex -10.8625 -13.45 7.73665
      vertex -4 -13.45 3.49497
      vertex -11.0008 -13.45 7.62467
    endloop
  endfacet
  facet normal 0 1 0
    outer loop
      vertex -10.7367 -13.45 7.86248
      vertex -4 -13.45 3.49497
      vertex -10.8625 -13.45 7.73665
    endloop
  endfacet
  facet normal 0 1 0
    outer loop
      vertex -10.6247 -13.45 8.00077
      vertex -4 -13.45 3.49497
      vertex -10.7367 -13.45 7.86248
    endloop
  endfacet
  facet normal 0 1 0
    outer loop
      vertex -10.5278 -13.45 8.15
      vertex -4 -13.45 3.49497
      vertex -10.6247 -13.45 8.00077
    endloop
  endfacet
  facet normal 0 1 0
    outer loop
      vertex -31.7839 -13.45 18.5168
      vertex -32 -13.45 17.5
      vertex -31.8776 -13.45 18.2725
    endloop
  endfacet
  facet normal 0 1 0
    outer loop
      vertex -31.9454 -13.45 18.0198
      vertex -32 -13.45 17.5
      vertex -31.9863 -13.45 17.7613
    endloop
  endfacet
  facet normal 0 1 0
    outer loop
      vertex -31.8776 -13.45 18.2725
      vertex -32 -13.45 17.5
      vertex -31.9454 -13.45 18.0198
    endloop
  endfacet
  facet normal 0 1 0
    outer loop
      vertex -31.3579 -13.45 19.1728
      vertex -32 -13.45 17.5
      vertex -31.5225 -13.45 18.9695
    endloop
  endfacet
  facet normal 0 1 0
    outer loop
      vertex -30.2725 -13.45 19.8776
      vertex -32 -13.45 17.5
      vertex -30.5168 -13.45 19.7839
    endloop
  endfacet
  facet normal 0 1 -0
    outer loop
      vertex -24.85 -13.45 10.4722
      vertex -32 -13.45 17.5
      vertex -24.6915 -13.45 10.553
    endloop
  endfacet
  facet normal 0 1 -0
    outer loop
      vertex -24.9992 -13.45 10.3753
      vertex -32 -13.45 17.5
      vertex -24.85 -13.45 10.4722
    endloop
  endfacet
  facet normal 0 1 -0
    outer loop
      vertex -25.1375 -13.45 10.2633
      vertex -32 -13.45 17.5
      vertex -24.9992 -13.45 10.3753
    endloop
  endfacet
  facet normal 0 1 -0
    outer loop
      vertex -25.2633 -13.45 10.1375
      vertex -32 -13.45 17.5
      vertex -25.1375 -13.45 10.2633
    endloop
  endfacet
  facet normal 0 1 -0
    outer loop
      vertex -25.3753 -13.45 9.99923
      vertex -32 -13.45 17.5
      vertex -25.2633 -13.45 10.1375
    endloop
  endfacet
  facet normal 0 1 -0
    outer loop
      vertex -25.4722 -13.45 9.85
      vertex -32 -13.45 17.5
      vertex -25.3753 -13.45 9.99923
    endloop
  endfacet
  facet normal 0 1 -0
    outer loop
      vertex -25.553 -13.45 9.69145
      vertex -32 -13.45 17.5
      vertex -25.4722 -13.45 9.85
    endloop
  endfacet
  facet normal 0 1 -0
    outer loop
      vertex -25.6168 -13.45 9.52533
      vertex -32 -13.45 17.5
      vertex -25.553 -13.45 9.69145
    endloop
  endfacet
  facet normal 0 1 -0
    outer loop
      vertex -25.6628 -13.45 9.35345
      vertex -32 -13.45 17.5
      vertex -25.6168 -13.45 9.52533
    endloop
  endfacet
  facet normal 0 1 0
    outer loop
      vertex -32 -13.45 3.49497
      vertex -25.6628 -13.45 9.35345
      vertex -25.6907 -13.45 9.1777
    endloop
  endfacet
  facet normal 0 1 0
    outer loop
      vertex -32 -13.45 3.49497
      vertex -25.6907 -13.45 9.1777
      vertex -25.7 -13.45 9
    endloop
  endfacet
  facet normal 0 1 0
    outer loop
      vertex -32 -13.45 3.49497
      vertex -25.7 -13.45 9
      vertex -25.6907 -13.45 8.8223
    endloop
  endfacet
  facet normal 0 1 0
    outer loop
      vertex -32 -13.45 3.49497
      vertex -25.6907 -13.45 8.8223
      vertex -25.6628 -13.45 8.64655
    endloop
  endfacet
  facet normal 0 1 0
    outer loop
      vertex -32 -13.45 3.49497
      vertex -25.6628 -13.45 8.64655
      vertex -25.6168 -13.45 8.47467
    endloop
  endfacet
  facet normal 0 1 0
    outer loop
      vertex -32 -13.45 3.49497
      vertex -25.6168 -13.45 8.47467
      vertex -25.553 -13.45 8.30855
    endloop
  endfacet
  facet normal 0 1 0
    outer loop
      vertex -32 -13.45 3.49497
      vertex -25.553 -13.45 8.30855
      vertex -25.4722 -13.45 8.15
    endloop
  endfacet
  facet normal 0 1 0
    outer loop
      vertex -32 -13.45 3.49497
      vertex -25.4722 -13.45 8.15
      vertex -25.3753 -13.45 8.00077
    endloop
  endfacet
  facet normal 0 1 0
    outer loop
      vertex -23.8223 -13.45 7.30931
      vertex -32 -13.45 3.49497
      vertex -24 -13.45 7.3
    endloop
  endfacet
  facet normal 0 1 0
    outer loop
      vertex -24 -13.45 7.3
      vertex -32 -13.45 3.49497
      vertex -24.1777 -13.45 7.30931
    endloop
  endfacet
  facet normal 0 1 0
    outer loop
      vertex -25.6628 -13.45 9.35345
      vertex -32 -13.45 3.49497
      vertex -32 -13.45 17.5
    endloop
  endfacet
  facet normal 0 1 0
    outer loop
      vertex -25.2633 -13.45 7.86248
      vertex -32 -13.45 3.49497
      vertex -25.3753 -13.45 8.00077
    endloop
  endfacet
  facet normal 0 1 0
    outer loop
      vertex -25.1375 -13.45 7.73665
      vertex -32 -13.45 3.49497
      vertex -25.2633 -13.45 7.86248
    endloop
  endfacet
  facet normal 0 1 0
    outer loop
      vertex -24.9992 -13.45 7.62467
      vertex -32 -13.45 3.49497
      vertex -25.1375 -13.45 7.73665
    endloop
  endfacet
  facet normal 0 1 0
    outer loop
      vertex -24.85 -13.45 7.52776
      vertex -32 -13.45 3.49497
      vertex -24.9992 -13.45 7.62467
    endloop
  endfacet
  facet normal 0 1 0
    outer loop
      vertex -24.6915 -13.45 7.44697
      vertex -32 -13.45 3.49497
      vertex -24.85 -13.45 7.52776
    endloop
  endfacet
  facet normal 0 1 0
    outer loop
      vertex -24.5253 -13.45 7.3832
      vertex -32 -13.45 3.49497
      vertex -24.6915 -13.45 7.44697
    endloop
  endfacet
  facet normal 0 1 0
    outer loop
      vertex -24.3535 -13.45 7.33715
      vertex -32 -13.45 3.49497
      vertex -24.5253 -13.45 7.3832
    endloop
  endfacet
  facet normal 0 1 0
    outer loop
      vertex -24.1777 -13.45 7.30931
      vertex -32 -13.45 3.49497
      vertex -24.3535 -13.45 7.33715
    endloop
  endfacet
  facet normal 0.998628 -0 0.0523582
    outer loop
      vertex -4.0137 -16.45 17.7613
      vertex -4 -13.45 17.5
      vertex -4.0137 -13.45 17.7613
    endloop
  endfacet
  facet normal 0.998628 0 0.0523582
    outer loop
      vertex -4 -13.45 17.5
      vertex -4.0137 -16.45 17.7613
      vertex -4 -16.45 17.5
    endloop
  endfacet
  facet normal 0.891039 -0 0.453926
    outer loop
      vertex -4.33494 -16.45 18.75
      vertex -4.21614 -13.45 18.5168
      vertex -4.33494 -13.45 18.75
    endloop
  endfacet
  facet normal 0.891039 0 0.453926
    outer loop
      vertex -4.21614 -13.45 18.5168
      vertex -4.33494 -16.45 18.75
      vertex -4.21614 -16.45 18.5168
    endloop
  endfacet
  facet normal 0.987696 -0 0.156388
    outer loop
      vertex -4.05463 -16.45 18.0198
      vertex -4.0137 -13.45 17.7613
      vertex -4.05463 -13.45 18.0198
    endloop
  endfacet
  facet normal 0.987696 0 0.156388
    outer loop
      vertex -4.0137 -13.45 17.7613
      vertex -4.05463 -16.45 18.0198
      vertex -4.0137 -16.45 17.7613
    endloop
  endfacet
  facet normal -0.629253 0 0.7772
    outer loop
      vertex -31.1728 -13.45 19.3579
      vertex -30.9695 -16.45 19.5225
      vertex -30.9695 -13.45 19.5225
    endloop
  endfacet
  facet normal -0.629253 0 0.7772
    outer loop
      vertex -30.9695 -16.45 19.5225
      vertex -31.1728 -13.45 19.3579
      vertex -31.1728 -16.45 19.3579
    endloop
  endfacet
  facet normal 0.777051 -0 0.629438
    outer loop
      vertex -4.64214 -16.45 19.1728
      vertex -4.47746 -13.45 18.9695
      vertex -4.64214 -13.45 19.1728
    endloop
  endfacet
  facet normal 0.777051 0 0.629438
    outer loop
      vertex -4.47746 -13.45 18.9695
      vertex -4.64214 -16.45 19.1728
      vertex -4.47746 -16.45 18.9695
    endloop
  endfacet
  facet normal 0.933578 -0 0.358375
    outer loop
      vertex -4.21614 -16.45 18.5168
      vertex -4.12236 -13.45 18.2725
      vertex -4.21614 -13.45 18.5168
    endloop
  endfacet
  facet normal 0.933578 0 0.358375
    outer loop
      vertex -4.12236 -13.45 18.2725
      vertex -4.21614 -16.45 18.5168
      vertex -4.12236 -16.45 18.2725
    endloop
  endfacet
  facet normal 0.0523542 0 0.998629
    outer loop
      vertex -6.5 -13.45 20
      vertex -6.23868 -16.45 19.9863
      vertex -6.23868 -13.45 19.9863
    endloop
  endfacet
  facet normal 0.0523542 0 0.998629
    outer loop
      vertex -6.23868 -16.45 19.9863
      vertex -6.5 -13.45 20
      vertex -6.5 -16.45 20
    endloop
  endfacet
  facet normal -0.0523582 0 0.998628
    outer loop
      vertex -29.7613 -13.45 19.9863
      vertex -29.5 -16.45 20
      vertex -29.5 -13.45 20
    endloop
  endfacet
  facet normal -0.0523582 0 0.998628
    outer loop
      vertex -29.5 -16.45 20
      vertex -29.7613 -13.45 19.9863
      vertex -29.7613 -16.45 19.9863
    endloop
  endfacet
  facet normal 0.544857 0 0.838529
    outer loop
      vertex -5.25 -13.45 19.6651
      vertex -5.03054 -16.45 19.5225
      vertex -5.03054 -13.45 19.5225
    endloop
  endfacet
  facet normal 0.544857 0 0.838529
    outer loop
      vertex -5.03054 -16.45 19.5225
      vertex -5.25 -13.45 19.6651
      vertex -5.25 -16.45 19.6651
    endloop
  endfacet
  facet normal 0.70724 -0 0.706973
    outer loop
      vertex -4.82717 -16.45 19.3579
      vertex -4.64214 -13.45 19.1728
      vertex -4.82717 -13.45 19.3579
    endloop
  endfacet
  facet normal 0.70724 0 0.706973
    outer loop
      vertex -4.64214 -13.45 19.1728
      vertex -4.82717 -16.45 19.3579
      vertex -4.64214 -16.45 19.1728
    endloop
  endfacet
  facet normal 0.838714 -0 0.544572
    outer loop
      vertex -4.47746 -16.45 18.9695
      vertex -4.33494 -13.45 18.75
      vertex -4.47746 -13.45 18.9695
    endloop
  endfacet
  facet normal 0.838714 0 0.544572
    outer loop
      vertex -4.33494 -13.45 18.75
      vertex -4.47746 -16.45 18.9695
      vertex -4.33494 -16.45 18.75
    endloop
  endfacet
  facet normal 0.965907 -0 0.258888
    outer loop
      vertex -4.12236 -16.45 18.2725
      vertex -4.05463 -13.45 18.0198
      vertex -4.12236 -13.45 18.2725
    endloop
  endfacet
  facet normal 0.965907 0 0.258888
    outer loop
      vertex -4.05463 -13.45 18.0198
      vertex -4.12236 -16.45 18.2725
      vertex -4.05463 -16.45 18.0198
    endloop
  endfacet
  facet normal -0 0 1
    outer loop
      vertex -29.5 -13.45 20
      vertex -6.5 -16.45 20
      vertex -6.5 -13.45 20
    endloop
  endfacet
  facet normal 0 0 1
    outer loop
      vertex -6.5 -16.45 20
      vertex -29.5 -13.45 20
      vertex -29.5 -16.45 20
    endloop
  endfacet
  facet normal -0.358108 0 0.93368
    outer loop
      vertex -30.5168 -13.45 19.7839
      vertex -30.2725 -16.45 19.8776
      vertex -30.2725 -13.45 19.8776
    endloop
  endfacet
  facet normal -0.358108 0 0.93368
    outer loop
      vertex -30.2725 -16.45 19.8776
      vertex -30.5168 -13.45 19.7839
      vertex -30.5168 -16.45 19.7839
    endloop
  endfacet
  facet normal 0.629122 0 0.777306
    outer loop
      vertex -5.03054 -13.45 19.5225
      vertex -4.82717 -16.45 19.3579
      vertex -4.82717 -13.45 19.3579
    endloop
  endfacet
  facet normal 0.629122 0 0.777306
    outer loop
      vertex -4.82717 -16.45 19.3579
      vertex -5.03054 -13.45 19.5225
      vertex -5.03054 -16.45 19.5225
    endloop
  endfacet
  facet normal -0.998628 0 0.0523582
    outer loop
      vertex -32 -16.45 17.5
      vertex -31.9863 -13.45 17.7613
      vertex -32 -13.45 17.5
    endloop
  endfacet
  facet normal -0.998628 0 0.0523582
    outer loop
      vertex -31.9863 -13.45 17.7613
      vertex -32 -16.45 17.5
      vertex -31.9863 -16.45 17.7613
    endloop
  endfacet
  facet normal 0.25908 0 0.965856
    outer loop
      vertex -5.98022 -13.45 19.9454
      vertex -5.72746 -16.45 19.8776
      vertex -5.72746 -13.45 19.8776
    endloop
  endfacet
  facet normal 0.25908 0 0.965856
    outer loop
      vertex -5.72746 -16.45 19.8776
      vertex -5.98022 -13.45 19.9454
      vertex -5.98022 -16.45 19.9454
    endloop
  endfacet
  facet normal -0.259137 0 0.965841
    outer loop
      vertex -30.2725 -13.45 19.8776
      vertex -30.0198 -16.45 19.9454
      vertex -30.0198 -13.45 19.9454
    endloop
  endfacet
  facet normal -0.259137 0 0.965841
    outer loop
      vertex -30.0198 -16.45 19.9454
      vertex -30.2725 -13.45 19.8776
      vertex -30.2725 -16.45 19.8776
    endloop
  endfacet
  facet normal -0.544787 0 0.838575
    outer loop
      vertex -30.9695 -13.45 19.5225
      vertex -30.75 -16.45 19.6651
      vertex -30.75 -13.45 19.6651
    endloop
  endfacet
  facet normal -0.544787 0 0.838575
    outer loop
      vertex -30.75 -16.45 19.6651
      vertex -30.9695 -13.45 19.5225
      vertex -30.9695 -16.45 19.5225
    endloop
  endfacet
  facet normal -0.987713 0 0.156277
    outer loop
      vertex -31.9863 -16.45 17.7613
      vertex -31.9454 -13.45 18.0198
      vertex -31.9863 -13.45 17.7613
    endloop
  endfacet
  facet normal -0.987713 0 0.156277
    outer loop
      vertex -31.9454 -13.45 18.0198
      vertex -31.9863 -16.45 17.7613
      vertex -31.9454 -16.45 18.0198
    endloop
  endfacet
  facet normal -0.93368 0 0.358108
    outer loop
      vertex -31.8776 -16.45 18.2725
      vertex -31.7839 -13.45 18.5168
      vertex -31.8776 -13.45 18.2725
    endloop
  endfacet
  facet normal -0.93368 0 0.358108
    outer loop
      vertex -31.7839 -13.45 18.5168
      vertex -31.8776 -16.45 18.2725
      vertex -31.7839 -16.45 18.5168
    endloop
  endfacet
  facet normal -0.838575 0 0.544787
    outer loop
      vertex -31.6651 -16.45 18.75
      vertex -31.5225 -13.45 18.9695
      vertex -31.6651 -13.45 18.75
    endloop
  endfacet
  facet normal -0.838575 0 0.544787
    outer loop
      vertex -31.5225 -13.45 18.9695
      vertex -31.6651 -16.45 18.75
      vertex -31.5225 -16.45 18.9695
    endloop
  endfacet
  facet normal -0.707107 0 0.707107
    outer loop
      vertex -31.3579 -16.45 19.1728
      vertex -31.1728 -13.45 19.3579
      vertex -31.3579 -13.45 19.1728
    endloop
  endfacet
  facet normal -0.707107 0 0.707107
    outer loop
      vertex -31.1728 -13.45 19.3579
      vertex -31.3579 -16.45 19.1728
      vertex -31.1728 -16.45 19.3579
    endloop
  endfacet
  facet normal 0.1563 0 0.98771
    outer loop
      vertex -6.23868 -13.45 19.9863
      vertex -5.98022 -16.45 19.9454
      vertex -5.98022 -13.45 19.9454
    endloop
  endfacet
  facet normal 0.1563 0 0.98771
    outer loop
      vertex -5.98022 -16.45 19.9454
      vertex -6.23868 -13.45 19.9863
      vertex -6.23868 -16.45 19.9863
    endloop
  endfacet
  facet normal 0.453988 0 0.891008
    outer loop
      vertex -5.48316 -13.45 19.7839
      vertex -5.25 -16.45 19.6651
      vertex -5.25 -13.45 19.6651
    endloop
  endfacet
  facet normal 0.453988 0 0.891008
    outer loop
      vertex -5.25 -16.45 19.6651
      vertex -5.48316 -13.45 19.7839
      vertex -5.48316 -16.45 19.7839
    endloop
  endfacet
  facet normal -0.156277 0 0.987713
    outer loop
      vertex -30.0198 -13.45 19.9454
      vertex -29.7613 -16.45 19.9863
      vertex -29.7613 -13.45 19.9863
    endloop
  endfacet
  facet normal -0.156277 0 0.987713
    outer loop
      vertex -29.7613 -16.45 19.9863
      vertex -30.0198 -13.45 19.9454
      vertex -30.0198 -16.45 19.9454
    endloop
  endfacet
  facet normal -0.453926 0 0.891039
    outer loop
      vertex -30.75 -13.45 19.6651
      vertex -30.5168 -16.45 19.7839
      vertex -30.5168 -13.45 19.7839
    endloop
  endfacet
  facet normal -0.453926 0 0.891039
    outer loop
      vertex -30.5168 -16.45 19.7839
      vertex -30.75 -13.45 19.6651
      vertex -30.75 -16.45 19.6651
    endloop
  endfacet
  facet normal -0.965841 0 0.259137
    outer loop
      vertex -31.9454 -16.45 18.0198
      vertex -31.8776 -13.45 18.2725
      vertex -31.9454 -13.45 18.0198
    endloop
  endfacet
  facet normal -0.965841 0 0.259137
    outer loop
      vertex -31.8776 -13.45 18.2725
      vertex -31.9454 -16.45 18.0198
      vertex -31.8776 -16.45 18.2725
    endloop
  endfacet
  facet normal -0.891039 0 0.453926
    outer loop
      vertex -31.7839 -16.45 18.5168
      vertex -31.6651 -13.45 18.75
      vertex -31.7839 -13.45 18.5168
    endloop
  endfacet
  facet normal -0.891039 0 0.453926
    outer loop
      vertex -31.6651 -13.45 18.75
      vertex -31.7839 -16.45 18.5168
      vertex -31.6651 -16.45 18.75
    endloop
  endfacet
  facet normal -0.7772 0 0.629253
    outer loop
      vertex -31.5225 -16.45 18.9695
      vertex -31.3579 -13.45 19.1728
      vertex -31.5225 -13.45 18.9695
    endloop
  endfacet
  facet normal -0.7772 0 0.629253
    outer loop
      vertex -31.3579 -13.45 19.1728
      vertex -31.5225 -16.45 18.9695
      vertex -31.3579 -16.45 19.1728
    endloop
  endfacet
  facet normal 0.358108 0 0.93368
    outer loop
      vertex -5.72746 -13.45 19.8776
      vertex -5.48316 -16.45 19.7839
      vertex -5.48316 -13.45 19.7839
    endloop
  endfacet
  facet normal 0.358108 0 0.93368
    outer loop
      vertex -5.48316 -16.45 19.7839
      vertex -5.72746 -13.45 19.8776
      vertex -5.72746 -16.45 19.8776
    endloop
  endfacet
  facet normal 0.0523542 -0 0.998629
    outer loop
      vertex -6.5 6.43995 12.5
      vertex -6.23868 8.45 12.4863
      vertex -6.5 8.45 12.5
    endloop
  endfacet
  facet normal 0.0523542 0 0.998629
    outer loop
      vertex -6.23868 8.45 12.4863
      vertex -6.5 6.43995 12.5
      vertex -6.23868 6.42625 12.4863
    endloop
  endfacet
  facet normal 0.544857 -0 0.838529
    outer loop
      vertex -5.25 6.10501 12.1651
      vertex -5.03054 8.45 12.0225
      vertex -5.25 8.45 12.1651
    endloop
  endfacet
  facet normal 0.544857 0 0.838529
    outer loop
      vertex -5.03054 8.45 12.0225
      vertex -5.25 6.10501 12.1651
      vertex -5.03054 5.96249 12.0225
    endloop
  endfacet
  facet normal 0.25908 -0 0.965856
    outer loop
      vertex -5.98022 6.38532 12.4454
      vertex -5.72746 8.45 12.3776
      vertex -5.98022 8.45 12.4454
    endloop
  endfacet
  facet normal 0.25908 0 0.965856
    outer loop
      vertex -5.72746 8.45 12.3776
      vertex -5.98022 6.38532 12.4454
      vertex -5.72746 6.31759 12.3776
    endloop
  endfacet
  facet normal 0.453988 -0 0.891008
    outer loop
      vertex -5.48316 6.22381 12.2839
      vertex -5.25 8.45 12.1651
      vertex -5.48316 8.45 12.2839
    endloop
  endfacet
  facet normal 0.453988 0 0.891008
    outer loop
      vertex -5.25 8.45 12.1651
      vertex -5.48316 6.22381 12.2839
      vertex -5.25 6.10501 12.1651
    endloop
  endfacet
  facet normal 0.777051 -0 0.629438
    outer loop
      vertex -4.64214 5.61278 11.6728
      vertex -4.47746 8.45 11.4695
      vertex -4.64214 8.45 11.6728
    endloop
  endfacet
  facet normal 0.776547 -0.00128369 0.630058
    outer loop
      vertex -4.47746 5.45 11.4695
      vertex -4.64214 5.61278 11.6728
      vertex -4.51032 5.45 11.51
    endloop
  endfacet
  facet normal 0.777051 0 0.629438
    outer loop
      vertex -4.64214 5.61278 11.6728
      vertex -4.47746 5.45 11.4695
      vertex -4.47746 8.45 11.4695
    endloop
  endfacet
  facet normal -0.156277 0 0.987713
    outer loop
      vertex -30.0198 8.45 12.4454
      vertex -29.7613 6.42625 12.4863
      vertex -29.7613 8.45 12.4863
    endloop
  endfacet
  facet normal -0.156277 0 0.987713
    outer loop
      vertex -29.7613 6.42625 12.4863
      vertex -30.0198 8.45 12.4454
      vertex -30.0198 6.38532 12.4454
    endloop
  endfacet
  facet normal 0.1563 -0 0.98771
    outer loop
      vertex -6.23868 6.42625 12.4863
      vertex -5.98022 8.45 12.4454
      vertex -6.23868 8.45 12.4863
    endloop
  endfacet
  facet normal 0.1563 0 0.98771
    outer loop
      vertex -5.98022 8.45 12.4454
      vertex -6.23868 6.42625 12.4863
      vertex -5.98022 6.38532 12.4454
    endloop
  endfacet
  facet normal 0.70724 -0 0.706973
    outer loop
      vertex -4.82717 5.79781 11.8579
      vertex -4.64214 8.45 11.6728
      vertex -4.82717 8.45 11.8579
    endloop
  endfacet
  facet normal 0.70724 0 0.706973
    outer loop
      vertex -4.64214 8.45 11.6728
      vertex -4.82717 5.79781 11.8579
      vertex -4.64214 5.61278 11.6728
    endloop
  endfacet
  facet normal 0 -1 0
    outer loop
      vertex -31.6651 5.45 11.25
      vertex -31.4897 5.45 11.51
      vertex -31.5225 5.45 11.4695
    endloop
  endfacet
  facet normal 0 -1 -0
    outer loop
      vertex -31.4897 5.45 11.51
      vertex -32 5.45 3.49497
      vertex -4.51032 5.45 11.51
    endloop
  endfacet
  facet normal 0 -1 0
    outer loop
      vertex -31.4897 5.45 11.51
      vertex -31.6651 5.45 11.25
      vertex -32 5.45 10
    endloop
  endfacet
  facet normal 0 -1 0
    outer loop
      vertex -31.4897 5.45 11.51
      vertex -32 5.45 10
      vertex -32 5.45 3.49497
    endloop
  endfacet
  facet normal 0 -1 0
    outer loop
      vertex -32 5.45 10
      vertex -31.6651 5.45 11.25
      vertex -31.7839 5.45 11.0168
    endloop
  endfacet
  facet normal 0 -1 0
    outer loop
      vertex -4 5.45 3.49497
      vertex -4.51032 5.45 11.51
      vertex -32 5.45 3.49497
    endloop
  endfacet
  facet normal 0 -1 0
    outer loop
      vertex -32 5.45 10
      vertex -31.7839 5.45 11.0168
      vertex -31.8776 5.45 10.7725
    endloop
  endfacet
  facet normal 0 -1 0
    outer loop
      vertex -4.51032 5.45 11.51
      vertex -4.33494 5.45 11.25
      vertex -4.47746 5.45 11.4695
    endloop
  endfacet
  facet normal 0 -1 0
    outer loop
      vertex -32 5.45 10
      vertex -31.8776 5.45 10.7725
      vertex -31.9454 5.45 10.5198
    endloop
  endfacet
  facet normal 0 -1 0
    outer loop
      vertex -4.33494 5.45 11.25
      vertex -4 5.45 10
      vertex -4.21614 5.45 11.0168
    endloop
  endfacet
  facet normal 0 -1 0
    outer loop
      vertex -32 5.45 10
      vertex -31.9454 5.45 10.5198
      vertex -31.9863 5.45 10.2613
    endloop
  endfacet
  facet normal 0 -1 0
    outer loop
      vertex -4.21614 5.45 11.0168
      vertex -4 5.45 10
      vertex -4.12236 5.45 10.7725
    endloop
  endfacet
  facet normal 0 -1 0
    outer loop
      vertex -4.12236 5.45 10.7725
      vertex -4 5.45 10
      vertex -4.05463 5.45 10.5198
    endloop
  endfacet
  facet normal 0 -1 0
    outer loop
      vertex -4.05463 5.45 10.5198
      vertex -4 5.45 10
      vertex -4.0137 5.45 10.2613
    endloop
  endfacet
  facet normal -0 -1 -0
    outer loop
      vertex -4 5.45 10
      vertex -4.51032 5.45 11.51
      vertex -4 5.45 3.49497
    endloop
  endfacet
  facet normal -0 -1 -0
    outer loop
      vertex -4.33494 5.45 11.25
      vertex -4.51032 5.45 11.51
      vertex -4 5.45 10
    endloop
  endfacet
  facet normal 0.998628 -0 0.0523582
    outer loop
      vertex -4.0137 5.45 10.2613
      vertex -4 8.45 10
      vertex -4.0137 8.45 10.2613
    endloop
  endfacet
  facet normal 0.998628 0 0.0523582
    outer loop
      vertex -4 8.45 10
      vertex -4.0137 5.45 10.2613
      vertex -4 5.45 10
    endloop
  endfacet
  facet normal 0.358108 -0 0.93368
    outer loop
      vertex -5.72746 6.31759 12.3776
      vertex -5.48316 8.45 12.2839
      vertex -5.72746 8.45 12.3776
    endloop
  endfacet
  facet normal 0.358108 0 0.93368
    outer loop
      vertex -5.48316 8.45 12.2839
      vertex -5.72746 6.31759 12.3776
      vertex -5.48316 6.22381 12.2839
    endloop
  endfacet
  facet normal 0.629122 -0 0.777306
    outer loop
      vertex -5.03054 5.96249 12.0225
      vertex -4.82717 8.45 11.8579
      vertex -5.03054 8.45 12.0225
    endloop
  endfacet
  facet normal 0.629122 0 0.777306
    outer loop
      vertex -4.82717 8.45 11.8579
      vertex -5.03054 5.96249 12.0225
      vertex -4.82717 5.79781 11.8579
    endloop
  endfacet
  facet normal 0.891039 -0 0.453926
    outer loop
      vertex -4.33494 5.45 11.25
      vertex -4.21614 8.45 11.0168
      vertex -4.33494 8.45 11.25
    endloop
  endfacet
  facet normal 0.891039 0 0.453926
    outer loop
      vertex -4.21614 8.45 11.0168
      vertex -4.33494 5.45 11.25
      vertex -4.21614 5.45 11.0168
    endloop
  endfacet
  facet normal -0 0 1
    outer loop
      vertex -29.5 8.45 12.5
      vertex -6.5 6.43995 12.5
      vertex -6.5 8.45 12.5
    endloop
  endfacet
  facet normal 0 0 1
    outer loop
      vertex -6.5 6.43995 12.5
      vertex -29.5 8.45 12.5
      vertex -29.5 6.43995 12.5
    endloop
  endfacet
  facet normal 0.933578 -0 0.358375
    outer loop
      vertex -4.21614 5.45 11.0168
      vertex -4.12236 8.45 10.7725
      vertex -4.21614 8.45 11.0168
    endloop
  endfacet
  facet normal 0.933578 0 0.358375
    outer loop
      vertex -4.12236 8.45 10.7725
      vertex -4.21614 5.45 11.0168
      vertex -4.12236 5.45 10.7725
    endloop
  endfacet
  facet normal 0.987696 -0 0.156388
    outer loop
      vertex -4.05463 5.45 10.5198
      vertex -4.0137 8.45 10.2613
      vertex -4.05463 8.45 10.5198
    endloop
  endfacet
  facet normal 0.987696 0 0.156388
    outer loop
      vertex -4.0137 8.45 10.2613
      vertex -4.05463 5.45 10.5198
      vertex -4.0137 5.45 10.2613
    endloop
  endfacet
  facet normal 0.838714 -0 0.544572
    outer loop
      vertex -4.47746 5.45 11.4695
      vertex -4.33494 8.45 11.25
      vertex -4.47746 8.45 11.4695
    endloop
  endfacet
  facet normal 0.838714 0 0.544572
    outer loop
      vertex -4.33494 8.45 11.25
      vertex -4.47746 5.45 11.4695
      vertex -4.33494 5.45 11.25
    endloop
  endfacet
  facet normal -0.358108 0 0.93368
    outer loop
      vertex -30.5168 8.45 12.2839
      vertex -30.2725 6.31759 12.3776
      vertex -30.2725 8.45 12.3776
    endloop
  endfacet
  facet normal -0.358108 0 0.93368
    outer loop
      vertex -30.2725 6.31759 12.3776
      vertex -30.5168 8.45 12.2839
      vertex -30.5168 6.22381 12.2839
    endloop
  endfacet
  facet normal -0.0523582 0 0.998628
    outer loop
      vertex -29.7613 8.45 12.4863
      vertex -29.5 6.43995 12.5
      vertex -29.5 8.45 12.5
    endloop
  endfacet
  facet normal -0.0523582 0 0.998628
    outer loop
      vertex -29.5 6.43995 12.5
      vertex -29.7613 8.45 12.4863
      vertex -29.7613 6.42625 12.4863
    endloop
  endfacet
  facet normal -0.93368 0 0.358108
    outer loop
      vertex -31.8776 5.45 10.7725
      vertex -31.7839 8.45 11.0168
      vertex -31.8776 8.45 10.7725
    endloop
  endfacet
  facet normal -0.93368 0 0.358108
    outer loop
      vertex -31.7839 8.45 11.0168
      vertex -31.8776 5.45 10.7725
      vertex -31.7839 5.45 11.0168
    endloop
  endfacet
  facet normal -0.998628 0 0.0523582
    outer loop
      vertex -32 5.45 10
      vertex -31.9863 8.45 10.2613
      vertex -32 8.45 10
    endloop
  endfacet
  facet normal -0.998628 0 0.0523582
    outer loop
      vertex -31.9863 8.45 10.2613
      vertex -32 5.45 10
      vertex -31.9863 5.45 10.2613
    endloop
  endfacet
  facet normal 0.965907 -0 0.258888
    outer loop
      vertex -4.12236 5.45 10.7725
      vertex -4.05463 8.45 10.5198
      vertex -4.12236 8.45 10.7725
    endloop
  endfacet
  facet normal 0.965907 0 0.258888
    outer loop
      vertex -4.05463 8.45 10.5198
      vertex -4.12236 5.45 10.7725
      vertex -4.05463 5.45 10.5198
    endloop
  endfacet
  facet normal -0.259137 0 0.965841
    outer loop
      vertex -30.2725 8.45 12.3776
      vertex -30.0198 6.38532 12.4454
      vertex -30.0198 8.45 12.4454
    endloop
  endfacet
  facet normal -0.259137 0 0.965841
    outer loop
      vertex -30.0198 6.38532 12.4454
      vertex -30.2725 8.45 12.3776
      vertex -30.2725 6.31759 12.3776
    endloop
  endfacet
  facet normal -0.987713 0 0.156277
    outer loop
      vertex -31.9863 5.45 10.2613
      vertex -31.9454 8.45 10.5198
      vertex -31.9863 8.45 10.2613
    endloop
  endfacet
  facet normal -0.987713 0 0.156277
    outer loop
      vertex -31.9454 8.45 10.5198
      vertex -31.9863 5.45 10.2613
      vertex -31.9454 5.45 10.5198
    endloop
  endfacet
  facet normal -0.838575 0 0.544787
    outer loop
      vertex -31.6651 5.45 11.25
      vertex -31.5225 8.45 11.4695
      vertex -31.6651 8.45 11.25
    endloop
  endfacet
  facet normal -0.838575 0 0.544787
    outer loop
      vertex -31.5225 8.45 11.4695
      vertex -31.6651 5.45 11.25
      vertex -31.5225 5.45 11.4695
    endloop
  endfacet
  facet normal -0.544787 0 0.838575
    outer loop
      vertex -30.9695 8.45 12.0225
      vertex -30.75 6.10501 12.1651
      vertex -30.75 8.45 12.1651
    endloop
  endfacet
  facet normal -0.544787 0 0.838575
    outer loop
      vertex -30.75 6.10501 12.1651
      vertex -30.9695 8.45 12.0225
      vertex -30.9695 5.96249 12.0225
    endloop
  endfacet
  facet normal -0.965841 0 0.259137
    outer loop
      vertex -31.9454 5.45 10.5198
      vertex -31.8776 8.45 10.7725
      vertex -31.9454 8.45 10.5198
    endloop
  endfacet
  facet normal -0.965841 0 0.259137
    outer loop
      vertex -31.8776 8.45 10.7725
      vertex -31.9454 5.45 10.5198
      vertex -31.8776 5.45 10.7725
    endloop
  endfacet
  facet normal -0.453926 0 0.891039
    outer loop
      vertex -30.75 8.45 12.1651
      vertex -30.5168 6.22381 12.2839
      vertex -30.5168 8.45 12.2839
    endloop
  endfacet
  facet normal -0.453926 0 0.891039
    outer loop
      vertex -30.5168 6.22381 12.2839
      vertex -30.75 8.45 12.1651
      vertex -30.75 6.10501 12.1651
    endloop
  endfacet
  facet normal -0.629253 0 0.7772
    outer loop
      vertex -31.1728 8.45 11.8579
      vertex -30.9695 5.96249 12.0225
      vertex -30.9695 8.45 12.0225
    endloop
  endfacet
  facet normal -0.629253 0 0.7772
    outer loop
      vertex -30.9695 5.96249 12.0225
      vertex -31.1728 8.45 11.8579
      vertex -31.1728 5.79781 11.8579
    endloop
  endfacet
  facet normal -0.707107 0 0.707107
    outer loop
      vertex -31.3579 8.45 11.6728
      vertex -31.1728 5.79781 11.8579
      vertex -31.1728 8.45 11.8579
    endloop
  endfacet
  facet normal -0.707107 0 0.707107
    outer loop
      vertex -31.1728 5.79781 11.8579
      vertex -31.3579 8.45 11.6728
      vertex -31.3579 5.61278 11.6728
    endloop
  endfacet
  facet normal -0.7772 0 0.629253
    outer loop
      vertex -31.5225 8.45 11.4695
      vertex -31.3579 5.61278 11.6728
      vertex -31.3579 8.45 11.6728
    endloop
  endfacet
  facet normal -0.7772 0 0.629253
    outer loop
      vertex -31.5225 5.45 11.4695
      vertex -31.3579 5.61278 11.6728
      vertex -31.5225 8.45 11.4695
    endloop
  endfacet
  facet normal -0.777111 -0.00022868 0.629364
    outer loop
      vertex -31.3579 5.61278 11.6728
      vertex -31.5225 5.45 11.4695
      vertex -31.4897 5.45 11.51
    endloop
  endfacet
  facet normal -0.891039 0 0.453926
    outer loop
      vertex -31.7839 5.45 11.0168
      vertex -31.6651 8.45 11.25
      vertex -31.7839 8.45 11.0168
    endloop
  endfacet
  facet normal -0.891039 0 0.453926
    outer loop
      vertex -31.6651 8.45 11.25
      vertex -31.7839 5.45 11.0168
      vertex -31.6651 5.45 11.25
    endloop
  endfacet
  facet normal -0.998633 0 0.0522639
    outer loop
      vertex -22.3093 -14.65 8.8223
      vertex -22.3 -13.45 9
      vertex -22.3093 -13.45 8.8223
    endloop
  endfacet
  facet normal -0.998633 0 0.0522639
    outer loop
      vertex -22.3 -13.45 9
      vertex -22.3093 -14.65 8.8223
      vertex -22.3 -14.65 9
    endloop
  endfacet
  facet normal 0.998633 -0 0.0522639
    outer loop
      vertex -25.7 -14.65 9
      vertex -25.6907 -13.45 8.8223
      vertex -25.7 -13.45 9
    endloop
  endfacet
  facet normal 0.998633 0 0.0522639
    outer loop
      vertex -25.6907 -13.45 8.8223
      vertex -25.7 -14.65 9
      vertex -25.6907 -14.65 8.8223
    endloop
  endfacet
  facet normal 0.0523199 0 0.99863
    outer loop
      vertex -24.1777 -13.45 7.30931
      vertex -24 -14.65 7.3
      vertex -24 -13.45 7.3
    endloop
  endfacet
  facet normal 0.0523199 0 0.99863
    outer loop
      vertex -24 -14.65 7.3
      vertex -24.1777 -13.45 7.30931
      vertex -24.1777 -14.65 7.30931
    endloop
  endfacet
  facet normal -0.0522639 0 -0.998633
    outer loop
      vertex -24 -14.65 10.7
      vertex -23.8223 -13.45 10.6907
      vertex -23.8223 -14.65 10.6907
    endloop
  endfacet
  facet normal -0.0522639 0 -0.998633
    outer loop
      vertex -23.8223 -13.45 10.6907
      vertex -24 -14.65 10.7
      vertex -24 -13.45 10.7
    endloop
  endfacet
  facet normal -0.707191 0 0.707022
    outer loop
      vertex -22.8625 -14.65 7.73665
      vertex -22.7367 -13.45 7.86248
      vertex -22.8625 -13.45 7.73665
    endloop
  endfacet
  facet normal -0.707191 0 0.707022
    outer loop
      vertex -22.7367 -13.45 7.86248
      vertex -22.8625 -14.65 7.73665
      vertex -22.7367 -14.65 7.86248
    endloop
  endfacet
  facet normal 0.707191 -0 0.707022
    outer loop
      vertex -25.2633 -14.65 7.86248
      vertex -25.1375 -13.45 7.73665
      vertex -25.2633 -13.45 7.86248
    endloop
  endfacet
  facet normal 0.707191 0 0.707022
    outer loop
      vertex -25.1375 -13.45 7.73665
      vertex -25.2633 -14.65 7.86248
      vertex -25.1375 -14.65 7.73665
    endloop
  endfacet
  facet normal 0.35823 0 0.933633
    outer loop
      vertex -24.6915 -13.45 7.44697
      vertex -24.5253 -14.65 7.3832
      vertex -24.5253 -13.45 7.3832
    endloop
  endfacet
  facet normal 0.35823 0 0.933633
    outer loop
      vertex -24.5253 -14.65 7.3832
      vertex -24.6915 -13.45 7.44697
      vertex -24.6915 -14.65 7.44697
    endloop
  endfacet
  facet normal -0.933519 0 0.358527
    outer loop
      vertex -22.447 -14.65 8.30855
      vertex -22.3832 -13.45 8.47467
      vertex -22.447 -13.45 8.30855
    endloop
  endfacet
  facet normal -0.933519 0 0.358527
    outer loop
      vertex -22.3832 -13.45 8.47467
      vertex -22.447 -14.65 8.30855
      vertex -22.3832 -14.65 8.47467
    endloop
  endfacet
  facet normal -0.987633 0 0.156785
    outer loop
      vertex -22.3372 -14.65 8.64655
      vertex -22.3093 -13.45 8.8223
      vertex -22.3372 -13.45 8.64655
    endloop
  endfacet
  facet normal -0.987633 0 0.156785
    outer loop
      vertex -22.3093 -13.45 8.8223
      vertex -22.3372 -14.65 8.64655
      vertex -22.3093 -14.65 8.8223
    endloop
  endfacet
  facet normal -0.35823 0 0.933633
    outer loop
      vertex -23.4747 -13.45 7.3832
      vertex -23.3085 -14.65 7.44697
      vertex -23.3085 -13.45 7.44697
    endloop
  endfacet
  facet normal -0.35823 0 0.933633
    outer loop
      vertex -23.3085 -14.65 7.44697
      vertex -23.4747 -13.45 7.3832
      vertex -23.4747 -14.65 7.3832
    endloop
  endfacet
  facet normal -0.544712 0 0.838623
    outer loop
      vertex -23.15 -13.45 7.52776
      vertex -23.0008 -14.65 7.62467
      vertex -23.0008 -13.45 7.62467
    endloop
  endfacet
  facet normal -0.544712 0 0.838623
    outer loop
      vertex -23.0008 -14.65 7.62467
      vertex -23.15 -13.45 7.52776
      vertex -23.15 -14.65 7.52776
    endloop
  endfacet
  facet normal 0.890973 -0 0.454056
    outer loop
      vertex -25.553 -14.65 8.30855
      vertex -25.4722 -13.45 8.15
      vertex -25.553 -13.45 8.30855
    endloop
  endfacet
  facet normal 0.890973 0 0.454056
    outer loop
      vertex -25.4722 -13.45 8.15
      vertex -25.553 -14.65 8.30855
      vertex -25.4722 -14.65 8.15
    endloop
  endfacet
  facet normal 0.777105 -0 0.629371
    outer loop
      vertex -25.3753 -14.65 8.00077
      vertex -25.2633 -13.45 7.86248
      vertex -25.3753 -13.45 8.00077
    endloop
  endfacet
  facet normal 0.777105 0 0.629371
    outer loop
      vertex -25.2633 -13.45 7.86248
      vertex -25.3753 -14.65 8.00077
      vertex -25.2633 -14.65 7.86248
    endloop
  endfacet
  facet normal 0.156413 0 0.987692
    outer loop
      vertex -24.3535 -13.45 7.33715
      vertex -24.1777 -14.65 7.30931
      vertex -24.1777 -13.45 7.30931
    endloop
  endfacet
  facet normal 0.156413 0 0.987692
    outer loop
      vertex -24.1777 -14.65 7.30931
      vertex -24.3535 -13.45 7.33715
      vertex -24.3535 -14.65 7.33715
    endloop
  endfacet
  facet normal 0.77706 0 -0.629426
    outer loop
      vertex -25.2633 -14.65 10.1375
      vertex -25.3753 -13.45 9.99923
      vertex -25.2633 -13.45 10.1375
    endloop
  endfacet
  facet normal 0.77706 0 -0.629426
    outer loop
      vertex -25.3753 -13.45 9.99923
      vertex -25.2633 -14.65 10.1375
      vertex -25.3753 -14.65 9.99923
    endloop
  endfacet
  facet normal -0.156193 0 -0.987726
    outer loop
      vertex -23.8223 -14.65 10.6907
      vertex -23.6465 -13.45 10.6629
      vertex -23.6465 -14.65 10.6629
    endloop
  endfacet
  facet normal -0.156193 0 -0.987726
    outer loop
      vertex -23.6465 -13.45 10.6629
      vertex -23.8223 -14.65 10.6907
      vertex -23.8223 -13.45 10.6907
    endloop
  endfacet
  facet normal -0.966003 0 0.25853
    outer loop
      vertex -22.3832 -14.65 8.47467
      vertex -22.3372 -13.45 8.64655
      vertex -22.3832 -13.45 8.47467
    endloop
  endfacet
  facet normal -0.966003 0 0.25853
    outer loop
      vertex -22.3372 -13.45 8.64655
      vertex -22.3832 -14.65 8.47467
      vertex -22.3372 -14.65 8.64655
    endloop
  endfacet
  facet normal -0.838699 0 0.544595
    outer loop
      vertex -22.6247 -14.65 8.00077
      vertex -22.5278 -13.45 8.15
      vertex -22.6247 -13.45 8.00077
    endloop
  endfacet
  facet normal -0.838699 0 0.544595
    outer loop
      vertex -22.5278 -13.45 8.15
      vertex -22.6247 -14.65 8.00077
      vertex -22.5278 -14.65 8.15
    endloop
  endfacet
  facet normal -0.777105 0 0.629371
    outer loop
      vertex -22.7367 -14.65 7.86248
      vertex -22.6247 -13.45 8.00077
      vertex -22.7367 -13.45 7.86248
    endloop
  endfacet
  facet normal -0.777105 0 0.629371
    outer loop
      vertex -22.6247 -13.45 8.00077
      vertex -22.7367 -14.65 7.86248
      vertex -22.6247 -14.65 8.00077
    endloop
  endfacet
  facet normal -0.890973 0 0.454056
    outer loop
      vertex -22.5278 -14.65 8.15
      vertex -22.447 -13.45 8.30855
      vertex -22.5278 -13.45 8.15
    endloop
  endfacet
  facet normal -0.890973 0 0.454056
    outer loop
      vertex -22.447 -13.45 8.30855
      vertex -22.5278 -14.65 8.15
      vertex -22.447 -14.65 8.30855
    endloop
  endfacet
  facet normal -0.156413 0 0.987692
    outer loop
      vertex -23.8223 -13.45 7.30931
      vertex -23.6465 -14.65 7.33715
      vertex -23.6465 -13.45 7.33715
    endloop
  endfacet
  facet normal -0.156413 0 0.987692
    outer loop
      vertex -23.6465 -14.65 7.33715
      vertex -23.8223 -13.45 7.30931
      vertex -23.8223 -14.65 7.30931
    endloop
  endfacet
  facet normal -0.258905 0 0.965903
    outer loop
      vertex -23.6465 -13.45 7.33715
      vertex -23.4747 -14.65 7.3832
      vertex -23.4747 -13.45 7.3832
    endloop
  endfacet
  facet normal -0.258905 0 0.965903
    outer loop
      vertex -23.4747 -14.65 7.3832
      vertex -23.6465 -13.45 7.33715
      vertex -23.6465 -14.65 7.33715
    endloop
  endfacet
  facet normal -0.0523199 0 0.99863
    outer loop
      vertex -24 -13.45 7.3
      vertex -23.8223 -14.65 7.30931
      vertex -23.8223 -13.45 7.30931
    endloop
  endfacet
  facet normal -0.0523199 0 0.99863
    outer loop
      vertex -23.8223 -14.65 7.30931
      vertex -24 -13.45 7.3
      vertex -24 -14.65 7.3
    endloop
  endfacet
  facet normal -0.454125 0 0.890938
    outer loop
      vertex -23.3085 -13.45 7.44697
      vertex -23.15 -14.65 7.52776
      vertex -23.15 -13.45 7.52776
    endloop
  endfacet
  facet normal -0.454125 0 0.890938
    outer loop
      vertex -23.15 -14.65 7.52776
      vertex -23.3085 -13.45 7.44697
      vertex -23.3085 -14.65 7.44697
    endloop
  endfacet
  facet normal -0.629276 0 0.777182
    outer loop
      vertex -23.0008 -13.45 7.62467
      vertex -22.8625 -14.65 7.73665
      vertex -22.8625 -13.45 7.73665
    endloop
  endfacet
  facet normal -0.629276 0 0.777182
    outer loop
      vertex -22.8625 -14.65 7.73665
      vertex -23.0008 -13.45 7.62467
      vertex -23.0008 -14.65 7.62467
    endloop
  endfacet
  facet normal 0.966003 -0 0.25853
    outer loop
      vertex -25.6628 -14.65 8.64655
      vertex -25.6168 -13.45 8.47467
      vertex -25.6628 -13.45 8.64655
    endloop
  endfacet
  facet normal 0.966003 0 0.25853
    outer loop
      vertex -25.6168 -13.45 8.47467
      vertex -25.6628 -14.65 8.64655
      vertex -25.6168 -14.65 8.47467
    endloop
  endfacet
  facet normal 0.838699 -0 0.544595
    outer loop
      vertex -25.4722 -14.65 8.15
      vertex -25.3753 -13.45 8.00077
      vertex -25.4722 -13.45 8.15
    endloop
  endfacet
  facet normal 0.838699 0 0.544595
    outer loop
      vertex -25.3753 -13.45 8.00077
      vertex -25.4722 -14.65 8.15
      vertex -25.3753 -14.65 8.00077
    endloop
  endfacet
  facet normal 0.933519 -0 0.358527
    outer loop
      vertex -25.6168 -14.65 8.47467
      vertex -25.553 -13.45 8.30855
      vertex -25.6168 -13.45 8.47467
    endloop
  endfacet
  facet normal 0.933519 0 0.358527
    outer loop
      vertex -25.553 -13.45 8.30855
      vertex -25.6168 -14.65 8.47467
      vertex -25.553 -14.65 8.30855
    endloop
  endfacet
  facet normal 0.987633 -0 0.156785
    outer loop
      vertex -25.6907 -14.65 8.8223
      vertex -25.6628 -13.45 8.64655
      vertex -25.6907 -13.45 8.8223
    endloop
  endfacet
  facet normal 0.987633 0 0.156785
    outer loop
      vertex -25.6628 -13.45 8.64655
      vertex -25.6907 -14.65 8.8223
      vertex -25.6628 -14.65 8.64655
    endloop
  endfacet
  facet normal 0.544712 0 0.838623
    outer loop
      vertex -24.9992 -13.45 7.62467
      vertex -24.85 -14.65 7.52776
      vertex -24.85 -13.45 7.52776
    endloop
  endfacet
  facet normal 0.544712 0 0.838623
    outer loop
      vertex -24.85 -14.65 7.52776
      vertex -24.9992 -13.45 7.62467
      vertex -24.9992 -14.65 7.62467
    endloop
  endfacet
  facet normal 0.454125 0 0.890938
    outer loop
      vertex -24.85 -13.45 7.52776
      vertex -24.6915 -14.65 7.44697
      vertex -24.6915 -13.45 7.44697
    endloop
  endfacet
  facet normal 0.454125 0 0.890938
    outer loop
      vertex -24.6915 -14.65 7.44697
      vertex -24.85 -13.45 7.52776
      vertex -24.85 -14.65 7.52776
    endloop
  endfacet
  facet normal 0.629276 0 0.777182
    outer loop
      vertex -25.1375 -13.45 7.73665
      vertex -24.9992 -14.65 7.62467
      vertex -24.9992 -13.45 7.62467
    endloop
  endfacet
  facet normal 0.629276 0 0.777182
    outer loop
      vertex -24.9992 -14.65 7.62467
      vertex -25.1375 -13.45 7.73665
      vertex -25.1375 -14.65 7.73665
    endloop
  endfacet
  facet normal 0.258905 0 0.965903
    outer loop
      vertex -24.5253 -13.45 7.3832
      vertex -24.3535 -14.65 7.33715
      vertex -24.3535 -13.45 7.33715
    endloop
  endfacet
  facet normal 0.258905 0 0.965903
    outer loop
      vertex -24.3535 -14.65 7.33715
      vertex -24.5253 -13.45 7.3832
      vertex -24.5253 -14.65 7.3832
    endloop
  endfacet
  facet normal -0.998633 0 -0.0522639
    outer loop
      vertex -22.3 -14.65 9
      vertex -22.3093 -13.45 9.1777
      vertex -22.3 -13.45 9
    endloop
  endfacet
  facet normal -0.998633 -0 -0.0522639
    outer loop
      vertex -22.3093 -13.45 9.1777
      vertex -22.3 -14.65 9
      vertex -22.3093 -14.65 9.1777
    endloop
  endfacet
  facet normal -0.966003 0 -0.25853
    outer loop
      vertex -22.3372 -14.65 9.35345
      vertex -22.3832 -13.45 9.52533
      vertex -22.3372 -13.45 9.35345
    endloop
  endfacet
  facet normal -0.966003 -0 -0.25853
    outer loop
      vertex -22.3832 -13.45 9.52533
      vertex -22.3372 -14.65 9.35345
      vertex -22.3832 -14.65 9.52533
    endloop
  endfacet
  facet normal -0.629344 0 -0.777127
    outer loop
      vertex -23.0008 -14.65 10.3753
      vertex -22.8625 -13.45 10.2633
      vertex -22.8625 -14.65 10.2633
    endloop
  endfacet
  facet normal -0.629344 0 -0.777127
    outer loop
      vertex -22.8625 -13.45 10.2633
      vertex -23.0008 -14.65 10.3753
      vertex -23.0008 -13.45 10.3753
    endloop
  endfacet
  facet normal -0.890973 0 -0.454056
    outer loop
      vertex -22.447 -14.65 9.69145
      vertex -22.5278 -13.45 9.85
      vertex -22.447 -13.45 9.69145
    endloop
  endfacet
  facet normal -0.890973 -0 -0.454056
    outer loop
      vertex -22.5278 -13.45 9.85
      vertex -22.447 -14.65 9.69145
      vertex -22.5278 -14.65 9.85
    endloop
  endfacet
  facet normal -0.77706 0 -0.629426
    outer loop
      vertex -22.6247 -14.65 9.99923
      vertex -22.7367 -13.45 10.1375
      vertex -22.6247 -13.45 9.99923
    endloop
  endfacet
  facet normal -0.77706 -0 -0.629426
    outer loop
      vertex -22.7367 -13.45 10.1375
      vertex -22.6247 -14.65 9.99923
      vertex -22.7367 -14.65 10.1375
    endloop
  endfacet
  facet normal 0.966003 0 -0.25853
    outer loop
      vertex -25.6168 -14.65 9.52533
      vertex -25.6628 -13.45 9.35345
      vertex -25.6168 -13.45 9.52533
    endloop
  endfacet
  facet normal 0.966003 0 -0.25853
    outer loop
      vertex -25.6628 -13.45 9.35345
      vertex -25.6168 -14.65 9.52533
      vertex -25.6628 -14.65 9.35345
    endloop
  endfacet
  facet normal 0.998633 0 -0.0522639
    outer loop
      vertex -25.6907 -14.65 9.1777
      vertex -25.7 -13.45 9
      vertex -25.6907 -13.45 9.1777
    endloop
  endfacet
  facet normal 0.998633 0 -0.0522639
    outer loop
      vertex -25.7 -13.45 9
      vertex -25.6907 -14.65 9.1777
      vertex -25.7 -14.65 9
    endloop
  endfacet
  facet normal 0.987633 0 -0.156785
    outer loop
      vertex -25.6628 -14.65 9.35345
      vertex -25.6907 -13.45 9.1777
      vertex -25.6628 -13.45 9.35345
    endloop
  endfacet
  facet normal 0.987633 0 -0.156785
    outer loop
      vertex -25.6907 -13.45 9.1777
      vertex -25.6628 -14.65 9.35345
      vertex -25.6907 -14.65 9.1777
    endloop
  endfacet
  facet normal -0.358377 0 -0.933577
    outer loop
      vertex -23.4747 -14.65 10.6168
      vertex -23.3085 -13.45 10.553
      vertex -23.3085 -14.65 10.553
    endloop
  endfacet
  facet normal -0.358377 0 -0.933577
    outer loop
      vertex -23.3085 -13.45 10.553
      vertex -23.4747 -14.65 10.6168
      vertex -23.4747 -13.45 10.6168
    endloop
  endfacet
  facet normal -0.259167 0 -0.965833
    outer loop
      vertex -23.6465 -14.65 10.6629
      vertex -23.4747 -13.45 10.6168
      vertex -23.4747 -14.65 10.6168
    endloop
  endfacet
  facet normal -0.259167 0 -0.965833
    outer loop
      vertex -23.4747 -13.45 10.6168
      vertex -23.6465 -14.65 10.6629
      vertex -23.6465 -13.45 10.6629
    endloop
  endfacet
  facet normal -0.987633 0 -0.156785
    outer loop
      vertex -22.3093 -14.65 9.1777
      vertex -22.3372 -13.45 9.35345
      vertex -22.3093 -13.45 9.1777
    endloop
  endfacet
  facet normal -0.987633 -0 -0.156785
    outer loop
      vertex -22.3372 -13.45 9.35345
      vertex -22.3093 -14.65 9.1777
      vertex -22.3372 -14.65 9.35345
    endloop
  endfacet
  facet normal -0.45417 0 -0.890915
    outer loop
      vertex -23.3085 -14.65 10.553
      vertex -23.15 -13.45 10.4722
      vertex -23.15 -14.65 10.4722
    endloop
  endfacet
  facet normal -0.45417 0 -0.890915
    outer loop
      vertex -23.15 -13.45 10.4722
      vertex -23.3085 -14.65 10.553
      vertex -23.3085 -13.45 10.553
    endloop
  endfacet
  facet normal -0.544672 0 -0.838649
    outer loop
      vertex -23.15 -14.65 10.4722
      vertex -23.0008 -13.45 10.3753
      vertex -23.0008 -14.65 10.3753
    endloop
  endfacet
  facet normal -0.544672 0 -0.838649
    outer loop
      vertex -23.0008 -13.45 10.3753
      vertex -23.15 -14.65 10.4722
      vertex -23.15 -13.45 10.4722
    endloop
  endfacet
  facet normal -0.933519 0 -0.358527
    outer loop
      vertex -22.3832 -14.65 9.52533
      vertex -22.447 -13.45 9.69145
      vertex -22.3832 -13.45 9.52533
    endloop
  endfacet
  facet normal -0.933519 -0 -0.358527
    outer loop
      vertex -22.447 -13.45 9.69145
      vertex -22.3832 -14.65 9.52533
      vertex -22.447 -14.65 9.69145
    endloop
  endfacet
  facet normal -0.838699 0 -0.544595
    outer loop
      vertex -22.5278 -14.65 9.85
      vertex -22.6247 -13.45 9.99923
      vertex -22.5278 -13.45 9.85
    endloop
  endfacet
  facet normal -0.838699 -0 -0.544595
    outer loop
      vertex -22.6247 -13.45 9.99923
      vertex -22.5278 -14.65 9.85
      vertex -22.6247 -14.65 9.99923
    endloop
  endfacet
  facet normal 0.890973 0 -0.454056
    outer loop
      vertex -25.4722 -14.65 9.85
      vertex -25.553 -13.45 9.69145
      vertex -25.4722 -13.45 9.85
    endloop
  endfacet
  facet normal 0.890973 0 -0.454056
    outer loop
      vertex -25.553 -13.45 9.69145
      vertex -25.4722 -14.65 9.85
      vertex -25.553 -14.65 9.69145
    endloop
  endfacet
  facet normal 0.707107 0 -0.707107
    outer loop
      vertex -25.1375 -14.65 10.2633
      vertex -25.2633 -13.45 10.1375
      vertex -25.1375 -13.45 10.2633
    endloop
  endfacet
  facet normal 0.707107 0 -0.707107
    outer loop
      vertex -25.2633 -13.45 10.1375
      vertex -25.1375 -14.65 10.2633
      vertex -25.2633 -14.65 10.1375
    endloop
  endfacet
  facet normal 0.933519 0 -0.358527
    outer loop
      vertex -25.553 -14.65 9.69145
      vertex -25.6168 -13.45 9.52533
      vertex -25.553 -13.45 9.69145
    endloop
  endfacet
  facet normal 0.933519 0 -0.358527
    outer loop
      vertex -25.6168 -13.45 9.52533
      vertex -25.553 -14.65 9.69145
      vertex -25.6168 -14.65 9.52533
    endloop
  endfacet
  facet normal -0.707107 0 -0.707107
    outer loop
      vertex -22.7367 -14.65 10.1375
      vertex -22.8625 -13.45 10.2633
      vertex -22.7367 -13.45 10.1375
    endloop
  endfacet
  facet normal -0.707107 -0 -0.707107
    outer loop
      vertex -22.8625 -13.45 10.2633
      vertex -22.7367 -14.65 10.1375
      vertex -22.8625 -14.65 10.2633
    endloop
  endfacet
  facet normal 0.629344 0 -0.777127
    outer loop
      vertex -25.1375 -14.65 10.2633
      vertex -24.9992 -13.45 10.3753
      vertex -24.9992 -14.65 10.3753
    endloop
  endfacet
  facet normal 0.629344 0 -0.777127
    outer loop
      vertex -24.9992 -13.45 10.3753
      vertex -25.1375 -14.65 10.2633
      vertex -25.1375 -13.45 10.2633
    endloop
  endfacet
  facet normal 0.544672 0 -0.838649
    outer loop
      vertex -24.9992 -14.65 10.3753
      vertex -24.85 -13.45 10.4722
      vertex -24.85 -14.65 10.4722
    endloop
  endfacet
  facet normal 0.544672 0 -0.838649
    outer loop
      vertex -24.85 -13.45 10.4722
      vertex -24.9992 -14.65 10.3753
      vertex -24.9992 -13.45 10.3753
    endloop
  endfacet
  facet normal 0.358377 0 -0.933577
    outer loop
      vertex -24.6915 -14.65 10.553
      vertex -24.5253 -13.45 10.6168
      vertex -24.5253 -14.65 10.6168
    endloop
  endfacet
  facet normal 0.358377 0 -0.933577
    outer loop
      vertex -24.5253 -13.45 10.6168
      vertex -24.6915 -14.65 10.553
      vertex -24.6915 -13.45 10.553
    endloop
  endfacet
  facet normal 0.45417 0 -0.890915
    outer loop
      vertex -24.85 -14.65 10.4722
      vertex -24.6915 -13.45 10.553
      vertex -24.6915 -14.65 10.553
    endloop
  endfacet
  facet normal 0.45417 0 -0.890915
    outer loop
      vertex -24.6915 -13.45 10.553
      vertex -24.85 -14.65 10.4722
      vertex -24.85 -13.45 10.4722
    endloop
  endfacet
  facet normal 0.259167 0 -0.965833
    outer loop
      vertex -24.5253 -14.65 10.6168
      vertex -24.3535 -13.45 10.6629
      vertex -24.3535 -14.65 10.6629
    endloop
  endfacet
  facet normal 0.259167 0 -0.965833
    outer loop
      vertex -24.3535 -13.45 10.6629
      vertex -24.5253 -14.65 10.6168
      vertex -24.5253 -13.45 10.6168
    endloop
  endfacet
  facet normal 0.156193 0 -0.987726
    outer loop
      vertex -24.3535 -14.65 10.6629
      vertex -24.1777 -13.45 10.6907
      vertex -24.1777 -14.65 10.6907
    endloop
  endfacet
  facet normal 0.156193 0 -0.987726
    outer loop
      vertex -24.1777 -13.45 10.6907
      vertex -24.3535 -14.65 10.6629
      vertex -24.3535 -13.45 10.6629
    endloop
  endfacet
  facet normal 0.0522639 0 -0.998633
    outer loop
      vertex -24.1777 -14.65 10.6907
      vertex -24 -13.45 10.7
      vertex -24 -14.65 10.7
    endloop
  endfacet
  facet normal 0.0522639 0 -0.998633
    outer loop
      vertex -24 -13.45 10.7
      vertex -24.1777 -14.65 10.6907
      vertex -24.1777 -13.45 10.6907
    endloop
  endfacet
  facet normal 0.838699 0 -0.544595
    outer loop
      vertex -25.3753 -14.65 9.99923
      vertex -25.4722 -13.45 9.85
      vertex -25.3753 -13.45 9.99923
    endloop
  endfacet
  facet normal 0.838699 0 -0.544595
    outer loop
      vertex -25.4722 -13.45 9.85
      vertex -25.3753 -14.65 9.99923
      vertex -25.4722 -14.65 9.85
    endloop
  endfacet
  facet normal -0.774235 -0.631599 0.0405199
    outer loop
      vertex -20.8321 -16.45 8.99065
      vertex -22.3 -14.65 9
      vertex -22.3093 -14.65 8.8223
    endloop
  endfacet
  facet normal -0.774205 -0.631579 0.0414013
    outer loop
      vertex -22.3 -14.65 9
      vertex -20.8321 -16.45 8.99065
      vertex -20.8316 -16.45 9
    endloop
  endfacet
  facet normal -0.774234 -0.631608 0.0404149
    outer loop
      vertex -20.8489 -16.45 8.66881
      vertex -20.8321 -16.45 8.99065
      vertex -22.3093 -14.65 8.8223
    endloop
  endfacet
  facet normal 0.774205 -0.631579 0.0414013
    outer loop
      vertex -27.1679 -16.45 8.99065
      vertex -25.7 -14.65 9
      vertex -27.1684 -16.45 9
    endloop
  endfacet
  facet normal 0.774235 -0.631599 0.0405199
    outer loop
      vertex -25.7 -14.65 9
      vertex -27.1679 -16.45 8.99065
      vertex -25.6907 -14.65 8.8223
    endloop
  endfacet
  facet normal -0.766663 -0.631478 0.116035
    outer loop
      vertex -20.8994 -16.45 8.3505
      vertex -22.3372 -14.65 8.64655
      vertex -20.9008 -16.45 8.34125
    endloop
  endfacet
  facet normal -0.765696 -0.631613 0.121553
    outer loop
      vertex -22.3372 -14.65 8.64655
      vertex -20.8994 -16.45 8.3505
      vertex -22.3093 -14.65 8.8223
    endloop
  endfacet
  facet normal -0.548271 -0.631619 0.54814
    outer loop
      vertex -22.8625 -14.65 7.73665
      vertex -21.6454 -16.45 6.87991
      vertex -22.7367 -14.65 7.86248
    endloop
  endfacet
  facet normal -0.548221 -0.631612 0.548197
    outer loop
      vertex -21.6454 -16.45 6.87991
      vertex -22.8625 -14.65 7.73665
      vertex -21.8799 -16.45 6.6454
    endloop
  endfacet
  facet normal 0.0411815 -0.631585 -0.774212
    outer loop
      vertex -24.0094 -16.45 12.1679
      vertex -24 -14.65 10.7
      vertex -24 -16.45 12.1684
    endloop
  endfacet
  facet normal 0.0405199 -0.6316 -0.774235
    outer loop
      vertex -24 -14.65 10.7
      vertex -24.0094 -16.45 12.1679
      vertex -24.1777 -14.65 10.6907
    endloop
  endfacet
  facet normal 0.040359 -0.631611 0.774234
    outer loop
      vertex -24 -14.65 7.3
      vertex -24.0094 -16.45 5.83207
      vertex -24 -16.45 5.83158
    endloop
  endfacet
  facet normal 0.040563 -0.631607 0.774227
    outer loop
      vertex -24.0094 -16.45 5.83207
      vertex -24 -14.65 7.3
      vertex -24.1777 -14.65 7.30931
    endloop
  endfacet
  facet normal 0.774234 -0.631608 -0.0404149
    outer loop
      vertex -25.6907 -14.65 9.1777
      vertex -27.1511 -16.45 9.33119
      vertex -27.1679 -16.45 9.00935
    endloop
  endfacet
  facet normal 0.766663 -0.631478 -0.116035
    outer loop
      vertex -27.1006 -16.45 9.6495
      vertex -25.6628 -14.65 9.35345
      vertex -27.0992 -16.45 9.65875
    endloop
  endfacet
  facet normal 0.765696 -0.631613 -0.121553
    outer loop
      vertex -25.6628 -14.65 9.35345
      vertex -27.1006 -16.45 9.6495
      vertex -25.6907 -14.65 9.1777
    endloop
  endfacet
  facet normal -0.487825 -0.631619 -0.602564
    outer loop
      vertex -21.8799 -16.45 11.3546
      vertex -22.1304 -16.45 11.5574
      vertex -22.8625 -14.65 10.2633
    endloop
  endfacet
  facet normal -0.690797 -0.631614 0.351942
    outer loop
      vertex -21.2518 -16.45 7.42413
      vertex -21.1055 -16.45 7.71129
      vertex -22.447 -14.65 8.30855
    endloop
  endfacet
  facet normal 0.548271 -0.631619 0.54814
    outer loop
      vertex -26.3546 -16.45 6.87991
      vertex -25.1375 -14.65 7.73665
      vertex -25.2633 -14.65 7.86248
    endloop
  endfacet
  facet normal 0.548221 -0.631612 0.548197
    outer loop
      vertex -25.1375 -14.65 7.73665
      vertex -26.3546 -16.45 6.87991
      vertex -26.1201 -16.45 6.6454
    endloop
  endfacet
  facet normal 0.27773 -0.631612 0.723832
    outer loop
      vertex -24.6915 -14.65 7.44697
      vertex -24.9791 -16.45 5.98665
      vertex -24.5253 -14.65 7.3832
    endloop
  endfacet
  facet normal 0.279356 -0.631467 0.723333
    outer loop
      vertex -24.9791 -16.45 5.98665
      vertex -24.6915 -14.65 7.44697
      vertex -24.9878 -16.45 5.99001
    endloop
  endfacet
  facet normal -0.650241 -0.63161 0.422203
    outer loop
      vertex -21.4367 -16.45 7.13765
      vertex -21.2612 -16.45 7.40794
      vertex -22.6247 -14.65 8.00077
    endloop
  endfacet
  facet normal -0.602479 -0.631609 0.487943
    outer loop
      vertex -21.4426 -16.45 7.13037
      vertex -22.6247 -14.65 8.00077
      vertex -22.7367 -14.65 7.86248
    endloop
  endfacet
  facet normal -0.602322 -0.631603 0.488145
    outer loop
      vertex -22.6247 -14.65 8.00077
      vertex -21.4426 -16.45 7.13037
      vertex -21.4367 -16.45 7.13765
    endloop
  endfacet
  facet normal 0.602564 -0.631619 -0.487825
    outer loop
      vertex -25.2633 -14.65 10.1375
      vertex -26.3546 -16.45 11.1201
      vertex -26.5574 -16.45 10.8696
    endloop
  endfacet
  facet normal 0.765712 -0.631607 -0.121481
    outer loop
      vertex -25.6907 -14.65 9.1777
      vertex -27.1006 -16.45 9.6495
      vertex -27.1511 -16.45 9.33119
    endloop
  endfacet
  facet normal 0.650243 -0.631617 -0.422189
    outer loop
      vertex -25.3753 -14.65 9.99923
      vertex -26.5633 -16.45 10.8624
      vertex -26.7388 -16.45 10.5921
    endloop
  endfacet
  facet normal -0.0404199 -0.631608 -0.774233
    outer loop
      vertex -23.8223 -14.65 10.6907
      vertex -23.6688 -16.45 12.1511
      vertex -23.9906 -16.45 12.1679
    endloop
  endfacet
  facet normal -0.121484 -0.631607 -0.765711
    outer loop
      vertex -23.3505 -16.45 12.1006
      vertex -23.6688 -16.45 12.1511
      vertex -23.8223 -14.65 10.6907
    endloop
  endfacet
  facet normal -0.115431 -0.631434 -0.76679
    outer loop
      vertex -23.3505 -16.45 12.1006
      vertex -23.6465 -14.65 10.6629
      vertex -23.3412 -16.45 12.0992
    endloop
  endfacet
  facet normal -0.121099 -0.631575 -0.765799
    outer loop
      vertex -23.6465 -14.65 10.6629
      vertex -23.3505 -16.45 12.1006
      vertex -23.8223 -14.65 10.6907
    endloop
  endfacet
  facet normal -0.49145 -0.631502 -0.599735
    outer loop
      vertex -23.0008 -14.65 10.3753
      vertex -22.1304 -16.45 11.5574
      vertex -22.1376 -16.45 11.5633
    endloop
  endfacet
  facet normal -0.487922 -0.63161 -0.602496
    outer loop
      vertex -22.1304 -16.45 11.5574
      vertex -23.0008 -14.65 10.3753
      vertex -22.8625 -14.65 10.2633
    endloop
  endfacet
  facet normal -0.723781 -0.631613 -0.277859
    outer loop
      vertex -20.99 -16.45 9.98784
      vertex -21.1055 -16.45 10.2887
      vertex -22.447 -14.65 9.69145
    endloop
  endfacet
  facet normal -0.748866 -0.631624 -0.200628
    outer loop
      vertex -20.9008 -16.45 9.65875
      vertex -20.9842 -16.45 9.97005
      vertex -22.3372 -14.65 9.35345
    endloop
  endfacet
  facet normal -0.765712 -0.631607 -0.121481
    outer loop
      vertex -20.8489 -16.45 9.33119
      vertex -20.8994 -16.45 9.6495
      vertex -22.3093 -14.65 9.1777
    endloop
  endfacet
  facet normal -0.748866 -0.631624 0.200628
    outer loop
      vertex -20.9842 -16.45 8.02995
      vertex -20.9008 -16.45 8.34125
      vertex -22.3372 -14.65 8.64655
    endloop
  endfacet
  facet normal -0.765712 -0.631607 0.121481
    outer loop
      vertex -20.8994 -16.45 8.3505
      vertex -20.8489 -16.45 8.66881
      vertex -22.3093 -14.65 8.8223
    endloop
  endfacet
  facet normal 0.121265 -0.631604 0.765748
    outer loop
      vertex -24.3535 -14.65 7.33715
      vertex -24.6495 -16.45 5.89935
      vertex -24.1777 -14.65 7.30931
    endloop
  endfacet
  facet normal 0.121044 -0.631599 0.765788
    outer loop
      vertex -24.6495 -16.45 5.89935
      vertex -24.3535 -14.65 7.33715
      vertex -24.6588 -16.45 5.90082
    endloop
  endfacet
  facet normal -0.725042 -0.631958 0.273757
    outer loop
      vertex -20.9867 -16.45 8.0209
      vertex -22.447 -14.65 8.30855
      vertex -20.99 -16.45 8.01216
    endloop
  endfacet
  facet normal -0.723759 -0.631591 0.277967
    outer loop
      vertex -22.447 -14.65 8.30855
      vertex -20.9867 -16.45 8.0209
      vertex -22.3832 -14.65 8.47467
    endloop
  endfacet
  facet normal -0.723784 -0.631614 0.277851
    outer loop
      vertex -21.1055 -16.45 7.71129
      vertex -20.99 -16.45 8.01216
      vertex -22.447 -14.65 8.30855
    endloop
  endfacet
  facet normal -0.040588 -0.631605 0.774227
    outer loop
      vertex -23.6688 -16.45 5.84894
      vertex -23.8223 -14.65 7.30931
      vertex -23.9906 -16.45 5.83207
    endloop
  endfacet
  facet normal -0.420414 -0.631786 0.651229
    outer loop
      vertex -23.0008 -14.65 7.62467
      vertex -22.4158 -16.45 6.25607
      vertex -22.4079 -16.45 6.26117
    endloop
  endfacet
  facet normal -0.422311 -0.631603 0.650178
    outer loop
      vertex -22.4158 -16.45 6.25607
      vertex -23.0008 -14.65 7.62467
      vertex -23.15 -14.65 7.52776
    endloop
  endfacet
  facet normal 0.351905 -0.631608 -0.690821
    outer loop
      vertex -24.6915 -14.65 10.553
      vertex -25.2887 -16.45 11.8945
      vertex -25.5759 -16.45 11.7482
    endloop
  endfacet
  facet normal 0.747198 -0.631736 -0.206408
    outer loop
      vertex -27.0158 -16.45 9.97005
      vertex -25.6168 -14.65 9.52533
      vertex -27.0133 -16.45 9.9791
    endloop
  endfacet
  facet normal 0.748931 -0.631607 -0.200435
    outer loop
      vertex -25.6168 -14.65 9.52533
      vertex -27.0158 -16.45 9.97005
      vertex -25.6628 -14.65 9.35345
    endloop
  endfacet
  facet normal 0.690817 -0.631614 -0.351903
    outer loop
      vertex -25.553 -14.65 9.69145
      vertex -26.7482 -16.45 10.5759
      vertex -26.8945 -16.45 10.2887
    endloop
  endfacet
  facet normal -0.422187 -0.631621 -0.650241
    outer loop
      vertex -22.1376 -16.45 11.5633
      vertex -22.4079 -16.45 11.7388
      vertex -23.0008 -14.65 10.3753
    endloop
  endfacet
  facet normal -0.205359 -0.631714 -0.747506
    outer loop
      vertex -23.03 -16.45 12.0158
      vertex -23.4747 -14.65 10.6168
      vertex -23.0209 -16.45 12.0133
    endloop
  endfacet
  facet normal -0.200927 -0.631617 -0.748791
    outer loop
      vertex -23.4747 -14.65 10.6168
      vertex -23.03 -16.45 12.0158
      vertex -23.6465 -14.65 10.6629
    endloop
  endfacet
  facet normal -0.548203 -0.631622 -0.548203
    outer loop
      vertex -22.8625 -14.65 10.2633
      vertex -21.6454 -16.45 11.1201
      vertex -21.8799 -16.45 11.3546
    endloop
  endfacet
  facet normal -0.548203 -0.631622 -0.548203
    outer loop
      vertex -21.6454 -16.45 11.1201
      vertex -22.8625 -14.65 10.2633
      vertex -22.7367 -14.65 10.1375
    endloop
  endfacet
  facet normal -0.602564 -0.631619 -0.487825
    outer loop
      vertex -21.4426 -16.45 10.8696
      vertex -21.6454 -16.45 11.1201
      vertex -22.7367 -14.65 10.1375
    endloop
  endfacet
  facet normal -0.690817 -0.631614 -0.351903
    outer loop
      vertex -21.1055 -16.45 10.2887
      vertex -21.2518 -16.45 10.5759
      vertex -22.447 -14.65 9.69145
    endloop
  endfacet
  facet normal -0.765696 -0.631613 -0.121553
    outer loop
      vertex -20.8994 -16.45 9.6495
      vertex -22.3372 -14.65 9.35345
      vertex -22.3093 -14.65 9.1777
    endloop
  endfacet
  facet normal -0.766663 -0.631478 -0.116035
    outer loop
      vertex -22.3372 -14.65 9.35345
      vertex -20.8994 -16.45 9.6495
      vertex -20.9008 -16.45 9.65875
    endloop
  endfacet
  facet normal -0.723759 -0.631591 -0.277967
    outer loop
      vertex -20.9867 -16.45 9.9791
      vertex -22.447 -14.65 9.69145
      vertex -22.3832 -14.65 9.52533
    endloop
  endfacet
  facet normal -0.725042 -0.631958 -0.273757
    outer loop
      vertex -22.447 -14.65 9.69145
      vertex -20.9867 -16.45 9.9791
      vertex -20.99 -16.45 9.98784
    endloop
  endfacet
  facet normal -0.774234 -0.631608 -0.0404149
    outer loop
      vertex -20.8321 -16.45 9.00935
      vertex -20.8489 -16.45 9.33119
      vertex -22.3093 -14.65 9.1777
    endloop
  endfacet
  facet normal -0.774205 -0.631579 -0.0414013
    outer loop
      vertex -20.8321 -16.45 9.00935
      vertex -22.3 -14.65 9
      vertex -20.8316 -16.45 9
    endloop
  endfacet
  facet normal -0.774235 -0.631599 -0.0405199
    outer loop
      vertex -22.3 -14.65 9
      vertex -20.8321 -16.45 9.00935
      vertex -22.3093 -14.65 9.1777
    endloop
  endfacet
  facet normal 0.748866 -0.631624 0.200628
    outer loop
      vertex -27.0158 -16.45 8.02995
      vertex -25.6628 -14.65 8.64655
      vertex -27.0992 -16.45 8.34125
    endloop
  endfacet
  facet normal 0.774234 -0.631608 0.0404149
    outer loop
      vertex -27.1511 -16.45 8.66881
      vertex -25.6907 -14.65 8.8223
      vertex -27.1679 -16.45 8.99065
    endloop
  endfacet
  facet normal 0.602322 -0.631603 0.488145
    outer loop
      vertex -26.5574 -16.45 7.13037
      vertex -25.3753 -14.65 8.00077
      vertex -26.5633 -16.45 7.13765
    endloop
  endfacet
  facet normal 0.602479 -0.631609 0.487943
    outer loop
      vertex -25.3753 -14.65 8.00077
      vertex -26.5574 -16.45 7.13037
      vertex -25.2633 -14.65 7.86248
    endloop
  endfacet
  facet normal 0.602528 -0.631616 0.487873
    outer loop
      vertex -26.3546 -16.45 6.87991
      vertex -25.2633 -14.65 7.86248
      vertex -26.5574 -16.45 7.13037
    endloop
  endfacet
  facet normal 0.351946 -0.6316 0.690808
    outer loop
      vertex -25.2887 -16.45 6.1055
      vertex -24.6915 -14.65 7.44697
      vertex -25.5759 -16.45 6.25182
    endloop
  endfacet
  facet normal 0.200714 -0.631604 0.748859
    outer loop
      vertex -24.6588 -16.45 5.90082
      vertex -24.3535 -14.65 7.33715
      vertex -24.97 -16.45 5.98423
    endloop
  endfacet
  facet normal 0.200726 -0.631605 0.748855
    outer loop
      vertex -24.5253 -14.65 7.3832
      vertex -24.97 -16.45 5.98423
      vertex -24.3535 -14.65 7.33715
    endloop
  endfacet
  facet normal 0.199258 -0.63157 0.749277
    outer loop
      vertex -24.97 -16.45 5.98423
      vertex -24.5253 -14.65 7.3832
      vertex -24.9791 -16.45 5.98665
    endloop
  endfacet
  facet normal 0.121273 -0.631605 0.765747
    outer loop
      vertex -24.3312 -16.45 5.84894
      vertex -24.1777 -14.65 7.30931
      vertex -24.6495 -16.45 5.89935
    endloop
  endfacet
  facet normal 0.040588 -0.631605 0.774227
    outer loop
      vertex -24.0094 -16.45 5.83207
      vertex -24.1777 -14.65 7.30931
      vertex -24.3312 -16.45 5.84894
    endloop
  endfacet
  facet normal -0.747198 -0.631736 0.206408
    outer loop
      vertex -20.9842 -16.45 8.02995
      vertex -22.3832 -14.65 8.47467
      vertex -20.9867 -16.45 8.0209
    endloop
  endfacet
  facet normal -0.748931 -0.631607 0.200435
    outer loop
      vertex -22.3832 -14.65 8.47467
      vertex -20.9842 -16.45 8.02995
      vertex -22.3372 -14.65 8.64655
    endloop
  endfacet
  facet normal -0.602528 -0.631616 0.487873
    outer loop
      vertex -21.6454 -16.45 6.87991
      vertex -21.4426 -16.45 7.13037
      vertex -22.7367 -14.65 7.86248
    endloop
  endfacet
  facet normal -0.689023 -0.6317 0.355251
    outer loop
      vertex -21.2518 -16.45 7.42413
      vertex -22.5278 -14.65 8.15
      vertex -21.2561 -16.45 7.41579
    endloop
  endfacet
  facet normal -0.690751 -0.631621 0.352019
    outer loop
      vertex -22.5278 -14.65 8.15
      vertex -21.2518 -16.45 7.42413
      vertex -22.447 -14.65 8.30855
    endloop
  endfacet
  facet normal -0.65014 -0.631593 0.422384
    outer loop
      vertex -21.2561 -16.45 7.41579
      vertex -22.6247 -14.65 8.00077
      vertex -21.2612 -16.45 7.40794
    endloop
  endfacet
  facet normal -0.650232 -0.631609 0.422217
    outer loop
      vertex -22.6247 -14.65 8.00077
      vertex -21.2561 -16.45 7.41579
      vertex -22.5278 -14.65 8.15
    endloop
  endfacet
  facet normal -0.040563 -0.631607 0.774227
    outer loop
      vertex -24 -14.65 7.3
      vertex -23.9906 -16.45 5.83207
      vertex -23.8223 -14.65 7.30931
    endloop
  endfacet
  facet normal -0.040359 -0.631611 0.774234
    outer loop
      vertex -23.9906 -16.45 5.83207
      vertex -24 -14.65 7.3
      vertex -24 -16.45 5.83158
    endloop
  endfacet
  facet normal -0.121044 -0.631599 0.765788
    outer loop
      vertex -23.6465 -14.65 7.33715
      vertex -23.3505 -16.45 5.89935
      vertex -23.3412 -16.45 5.90082
    endloop
  endfacet
  facet normal -0.121265 -0.631604 0.765748
    outer loop
      vertex -23.3505 -16.45 5.89935
      vertex -23.6465 -14.65 7.33715
      vertex -23.8223 -14.65 7.30931
    endloop
  endfacet
  facet normal -0.487844 -0.63161 0.602559
    outer loop
      vertex -22.1304 -16.45 6.44259
      vertex -21.8799 -16.45 6.6454
      vertex -22.8625 -14.65 7.73665
    endloop
  endfacet
  facet normal 0.277829 -0.631608 -0.723798
    outer loop
      vertex -24.6915 -14.65 10.553
      vertex -24.9878 -16.45 12.01
      vertex -25.2887 -16.45 11.8945
    endloop
  endfacet
  facet normal 0.422279 -0.631606 -0.650196
    outer loop
      vertex -25.5842 -16.45 11.7439
      vertex -24.9992 -14.65 10.3753
      vertex -24.85 -14.65 10.4722
    endloop
  endfacet
  facet normal 0.420414 -0.631786 -0.651229
    outer loop
      vertex -24.9992 -14.65 10.3753
      vertex -25.5842 -16.45 11.7439
      vertex -25.5921 -16.45 11.7388
    endloop
  endfacet
  facet normal 0.774235 -0.631599 -0.0405199
    outer loop
      vertex -27.1679 -16.45 9.00935
      vertex -25.7 -14.65 9
      vertex -25.6907 -14.65 9.1777
    endloop
  endfacet
  facet normal 0.774205 -0.631579 -0.0414013
    outer loop
      vertex -25.7 -14.65 9
      vertex -27.1679 -16.45 9.00935
      vertex -27.1684 -16.45 9
    endloop
  endfacet
  facet normal 0.748866 -0.631624 -0.200628
    outer loop
      vertex -25.6628 -14.65 9.35345
      vertex -27.0158 -16.45 9.97005
      vertex -27.0992 -16.45 9.65875
    endloop
  endfacet
  facet normal 0.725042 -0.631958 -0.273757
    outer loop
      vertex -27.0133 -16.45 9.9791
      vertex -25.553 -14.65 9.69145
      vertex -27.01 -16.45 9.98784
    endloop
  endfacet
  facet normal 0.723759 -0.631591 -0.277967
    outer loop
      vertex -25.553 -14.65 9.69145
      vertex -27.0133 -16.45 9.9791
      vertex -25.6168 -14.65 9.52533
    endloop
  endfacet
  facet normal 0.599738 -0.631498 -0.491452
    outer loop
      vertex -25.3753 -14.65 9.99923
      vertex -26.5574 -16.45 10.8696
      vertex -26.5633 -16.45 10.8624
    endloop
  endfacet
  facet normal 0.602449 -0.631603 -0.487989
    outer loop
      vertex -26.5574 -16.45 10.8696
      vertex -25.3753 -14.65 9.99923
      vertex -25.2633 -14.65 10.1375
    endloop
  endfacet
  facet normal 0.723781 -0.631613 -0.277859
    outer loop
      vertex -25.553 -14.65 9.69145
      vertex -26.8945 -16.45 10.2887
      vertex -27.01 -16.45 9.98784
    endloop
  endfacet
  facet normal -0.351905 -0.631608 -0.690821
    outer loop
      vertex -22.4241 -16.45 11.7482
      vertex -22.7113 -16.45 11.8945
      vertex -23.3085 -14.65 10.553
    endloop
  endfacet
  facet normal -0.0411815 -0.631585 -0.774212
    outer loop
      vertex -24 -14.65 10.7
      vertex -23.9906 -16.45 12.1679
      vertex -24 -16.45 12.1684
    endloop
  endfacet
  facet normal -0.0405199 -0.6316 -0.774235
    outer loop
      vertex -23.9906 -16.45 12.1679
      vertex -24 -14.65 10.7
      vertex -23.8223 -14.65 10.6907
    endloop
  endfacet
  facet normal -0.200693 -0.631597 -0.748871
    outer loop
      vertex -23.03 -16.45 12.0158
      vertex -23.3412 -16.45 12.0992
      vertex -23.6465 -14.65 10.6629
    endloop
  endfacet
  facet normal -0.274887 -0.631856 -0.724703
    outer loop
      vertex -23.0209 -16.45 12.0133
      vertex -23.3085 -14.65 10.553
      vertex -23.0122 -16.45 12.01
    endloop
  endfacet
  facet normal -0.277848 -0.631597 -0.7238
    outer loop
      vertex -23.3085 -14.65 10.553
      vertex -23.0209 -16.45 12.0133
      vertex -23.4747 -14.65 10.6168
    endloop
  endfacet
  facet normal -0.690748 -0.631625 -0.352018
    outer loop
      vertex -21.2518 -16.45 10.5759
      vertex -22.5278 -14.65 9.85
      vertex -22.447 -14.65 9.69145
    endloop
  endfacet
  facet normal -0.6883 -0.631733 -0.356589
    outer loop
      vertex -22.5278 -14.65 9.85
      vertex -21.2518 -16.45 10.5759
      vertex -21.2561 -16.45 10.5842
    endloop
  endfacet
  facet normal -0.602449 -0.631603 -0.487989
    outer loop
      vertex -22.6247 -14.65 9.99923
      vertex -21.4426 -16.45 10.8696
      vertex -22.7367 -14.65 10.1375
    endloop
  endfacet
  facet normal -0.599738 -0.631498 -0.491452
    outer loop
      vertex -21.4426 -16.45 10.8696
      vertex -22.6247 -14.65 9.99923
      vertex -21.4367 -16.45 10.8624
    endloop
  endfacet
  facet normal -0.748931 -0.631607 -0.200435
    outer loop
      vertex -20.9842 -16.45 9.97005
      vertex -22.3832 -14.65 9.52533
      vertex -22.3372 -14.65 9.35345
    endloop
  endfacet
  facet normal -0.747198 -0.631736 -0.206408
    outer loop
      vertex -22.3832 -14.65 9.52533
      vertex -20.9842 -16.45 9.97005
      vertex -20.9867 -16.45 9.9791
    endloop
  endfacet
  facet normal 0.690797 -0.631614 0.351942
    outer loop
      vertex -26.7482 -16.45 7.42413
      vertex -25.553 -14.65 8.30855
      vertex -26.8945 -16.45 7.71129
    endloop
  endfacet
  facet normal 0.723759 -0.631591 0.277967
    outer loop
      vertex -27.0133 -16.45 8.0209
      vertex -25.553 -14.65 8.30855
      vertex -25.6168 -14.65 8.47467
    endloop
  endfacet
  facet normal 0.725042 -0.631958 0.273757
    outer loop
      vertex -25.553 -14.65 8.30855
      vertex -27.0133 -16.45 8.0209
      vertex -27.01 -16.45 8.01216
    endloop
  endfacet
  facet normal 0.765712 -0.631607 0.121481
    outer loop
      vertex -27.1006 -16.45 8.3505
      vertex -25.6907 -14.65 8.8223
      vertex -27.1511 -16.45 8.66881
    endloop
  endfacet
  facet normal 0.487844 -0.63161 0.602559
    outer loop
      vertex -25.8696 -16.45 6.44259
      vertex -25.1375 -14.65 7.73665
      vertex -26.1201 -16.45 6.6454
    endloop
  endfacet
  facet normal 0.27781 -0.6316 0.723812
    outer loop
      vertex -24.9878 -16.45 5.99001
      vertex -24.6915 -14.65 7.44697
      vertex -25.2887 -16.45 6.1055
    endloop
  endfacet
  facet normal 0.422311 -0.631603 0.650178
    outer loop
      vertex -24.9992 -14.65 7.62467
      vertex -25.5842 -16.45 6.25607
      vertex -24.85 -14.65 7.52776
    endloop
  endfacet
  facet normal 0.420414 -0.631786 0.651229
    outer loop
      vertex -25.5842 -16.45 6.25607
      vertex -24.9992 -14.65 7.62467
      vertex -25.5921 -16.45 6.26117
    endloop
  endfacet
  facet normal 0.352076 -0.631612 0.69073
    outer loop
      vertex -24.85 -14.65 7.52776
      vertex -25.5759 -16.45 6.25182
      vertex -24.6915 -14.65 7.44697
    endloop
  endfacet
  facet normal 0.353341 -0.631644 0.690055
    outer loop
      vertex -25.5759 -16.45 6.25182
      vertex -24.85 -14.65 7.52776
      vertex -25.5842 -16.45 6.25607
    endloop
  endfacet
  facet normal -0.121273 -0.631605 0.765747
    outer loop
      vertex -23.6688 -16.45 5.84894
      vertex -23.3505 -16.45 5.89935
      vertex -23.8223 -14.65 7.30931
    endloop
  endfacet
  facet normal -0.27781 -0.6316 0.723812
    outer loop
      vertex -23.0122 -16.45 5.99001
      vertex -22.7113 -16.45 6.1055
      vertex -23.3085 -14.65 7.44697
    endloop
  endfacet
  facet normal -0.351946 -0.6316 0.690808
    outer loop
      vertex -22.7113 -16.45 6.1055
      vertex -22.4241 -16.45 6.25182
      vertex -23.3085 -14.65 7.44697
    endloop
  endfacet
  facet normal -0.200714 -0.631604 0.748859
    outer loop
      vertex -23.3412 -16.45 5.90082
      vertex -23.03 -16.45 5.98423
      vertex -23.6465 -14.65 7.33715
    endloop
  endfacet
  facet normal -0.48787 -0.631607 0.60254
    outer loop
      vertex -23.0008 -14.65 7.62467
      vertex -22.1304 -16.45 6.44259
      vertex -22.8625 -14.65 7.73665
    endloop
  endfacet
  facet normal -0.491452 -0.631498 0.599738
    outer loop
      vertex -22.1304 -16.45 6.44259
      vertex -23.0008 -14.65 7.62467
      vertex -22.1376 -16.45 6.43669
    endloop
  endfacet
  facet normal -0.422223 -0.631618 0.650221
    outer loop
      vertex -22.4079 -16.45 6.26117
      vertex -22.1376 -16.45 6.43669
      vertex -23.0008 -14.65 7.62467
    endloop
  endfacet
  facet normal 0.121484 -0.631607 -0.765711
    outer loop
      vertex -24.1777 -14.65 10.6907
      vertex -24.3312 -16.45 12.1511
      vertex -24.6495 -16.45 12.1006
    endloop
  endfacet
  facet normal 0.0404199 -0.631608 -0.774233
    outer loop
      vertex -24.1777 -14.65 10.6907
      vertex -24.0094 -16.45 12.1679
      vertex -24.3312 -16.45 12.1511
    endloop
  endfacet
  facet normal 0.548203 -0.631622 -0.548203
    outer loop
      vertex -26.3546 -16.45 11.1201
      vertex -25.1375 -14.65 10.2633
      vertex -26.1201 -16.45 11.3546
    endloop
  endfacet
  facet normal 0.548203 -0.631622 -0.548203
    outer loop
      vertex -25.1375 -14.65 10.2633
      vertex -26.3546 -16.45 11.1201
      vertex -25.2633 -14.65 10.1375
    endloop
  endfacet
  facet normal 0.352105 -0.631627 -0.690702
    outer loop
      vertex -25.5759 -16.45 11.7482
      vertex -24.85 -14.65 10.4722
      vertex -24.6915 -14.65 10.553
    endloop
  endfacet
  facet normal 0.356589 -0.631733 -0.6883
    outer loop
      vertex -24.85 -14.65 10.4722
      vertex -25.5759 -16.45 11.7482
      vertex -25.5842 -16.45 11.7439
    endloop
  endfacet
  facet normal 0.200927 -0.631617 -0.748791
    outer loop
      vertex -24.97 -16.45 12.0158
      vertex -24.5253 -14.65 10.6168
      vertex -24.3535 -14.65 10.6629
    endloop
  endfacet
  facet normal 0.205359 -0.631714 -0.747506
    outer loop
      vertex -24.5253 -14.65 10.6168
      vertex -24.97 -16.45 12.0158
      vertex -24.9791 -16.45 12.0133
    endloop
  endfacet
  facet normal 0.277848 -0.631597 -0.7238
    outer loop
      vertex -24.9791 -16.45 12.0133
      vertex -24.6915 -14.65 10.553
      vertex -24.5253 -14.65 10.6168
    endloop
  endfacet
  facet normal 0.274887 -0.631856 -0.724703
    outer loop
      vertex -24.6915 -14.65 10.553
      vertex -24.9791 -16.45 12.0133
      vertex -24.9878 -16.45 12.01
    endloop
  endfacet
  facet normal -0.356589 -0.631733 -0.6883
    outer loop
      vertex -22.4241 -16.45 11.7482
      vertex -23.15 -14.65 10.4722
      vertex -22.4158 -16.45 11.7439
    endloop
  endfacet
  facet normal -0.352105 -0.631627 -0.690702
    outer loop
      vertex -23.15 -14.65 10.4722
      vertex -22.4241 -16.45 11.7482
      vertex -23.3085 -14.65 10.553
    endloop
  endfacet
  facet normal -0.420414 -0.631786 -0.651229
    outer loop
      vertex -22.4158 -16.45 11.7439
      vertex -23.0008 -14.65 10.3753
      vertex -22.4079 -16.45 11.7388
    endloop
  endfacet
  facet normal -0.422279 -0.631606 -0.650196
    outer loop
      vertex -23.0008 -14.65 10.3753
      vertex -22.4158 -16.45 11.7439
      vertex -23.15 -14.65 10.4722
    endloop
  endfacet
  facet normal -0.277829 -0.631608 -0.723798
    outer loop
      vertex -22.7113 -16.45 11.8945
      vertex -23.0122 -16.45 12.01
      vertex -23.3085 -14.65 10.553
    endloop
  endfacet
  facet normal -0.650243 -0.631617 -0.422189
    outer loop
      vertex -21.2612 -16.45 10.5921
      vertex -21.4367 -16.45 10.8624
      vertex -22.6247 -14.65 9.99923
    endloop
  endfacet
  facet normal -0.650233 -0.631608 -0.422218
    outer loop
      vertex -21.2561 -16.45 10.5842
      vertex -22.6247 -14.65 9.99923
      vertex -22.5278 -14.65 9.85
    endloop
  endfacet
  facet normal -0.651232 -0.631781 -0.420416
    outer loop
      vertex -22.6247 -14.65 9.99923
      vertex -21.2561 -16.45 10.5842
      vertex -21.2612 -16.45 10.5921
    endloop
  endfacet
  facet normal 0.650241 -0.63161 0.422203
    outer loop
      vertex -26.5633 -16.45 7.13765
      vertex -25.3753 -14.65 8.00077
      vertex -26.7388 -16.45 7.40794
    endloop
  endfacet
  facet normal 0.723784 -0.631614 0.277851
    outer loop
      vertex -26.8945 -16.45 7.71129
      vertex -25.553 -14.65 8.30855
      vertex -27.01 -16.45 8.01216
    endloop
  endfacet
  facet normal 0.765696 -0.631613 0.121553
    outer loop
      vertex -27.1006 -16.45 8.3505
      vertex -25.6628 -14.65 8.64655
      vertex -25.6907 -14.65 8.8223
    endloop
  endfacet
  facet normal 0.766663 -0.631478 0.116035
    outer loop
      vertex -25.6628 -14.65 8.64655
      vertex -27.1006 -16.45 8.3505
      vertex -27.0992 -16.45 8.34125
    endloop
  endfacet
  facet normal 0.422223 -0.631618 0.650221
    outer loop
      vertex -25.5921 -16.45 6.26117
      vertex -24.9992 -14.65 7.62467
      vertex -25.8624 -16.45 6.43669
    endloop
  endfacet
  facet normal 0.48787 -0.631607 0.60254
    outer loop
      vertex -25.8696 -16.45 6.44259
      vertex -24.9992 -14.65 7.62467
      vertex -25.1375 -14.65 7.73665
    endloop
  endfacet
  facet normal 0.491452 -0.631498 0.599738
    outer loop
      vertex -24.9992 -14.65 7.62467
      vertex -25.8696 -16.45 6.44259
      vertex -25.8624 -16.45 6.43669
    endloop
  endfacet
  facet normal -0.279356 -0.631467 0.723333
    outer loop
      vertex -23.3085 -14.65 7.44697
      vertex -23.0209 -16.45 5.98665
      vertex -23.0122 -16.45 5.99001
    endloop
  endfacet
  facet normal -0.27773 -0.631612 0.723832
    outer loop
      vertex -23.0209 -16.45 5.98665
      vertex -23.3085 -14.65 7.44697
      vertex -23.4747 -14.65 7.3832
    endloop
  endfacet
  facet normal -0.199258 -0.63157 0.749277
    outer loop
      vertex -23.4747 -14.65 7.3832
      vertex -23.03 -16.45 5.98423
      vertex -23.0209 -16.45 5.98665
    endloop
  endfacet
  facet normal -0.200726 -0.631605 0.748855
    outer loop
      vertex -23.03 -16.45 5.98423
      vertex -23.4747 -14.65 7.3832
      vertex -23.6465 -14.65 7.33715
    endloop
  endfacet
  facet normal -0.353341 -0.631644 0.690055
    outer loop
      vertex -23.15 -14.65 7.52776
      vertex -22.4241 -16.45 6.25182
      vertex -22.4158 -16.45 6.25607
    endloop
  endfacet
  facet normal -0.352076 -0.631612 0.69073
    outer loop
      vertex -22.4241 -16.45 6.25182
      vertex -23.15 -14.65 7.52776
      vertex -23.3085 -14.65 7.44697
    endloop
  endfacet
  facet normal 0.200693 -0.631597 -0.748871
    outer loop
      vertex -24.3535 -14.65 10.6629
      vertex -24.6588 -16.45 12.0992
      vertex -24.97 -16.45 12.0158
    endloop
  endfacet
  facet normal 0.121099 -0.631575 -0.765799
    outer loop
      vertex -24.6495 -16.45 12.1006
      vertex -24.3535 -14.65 10.6629
      vertex -24.1777 -14.65 10.6907
    endloop
  endfacet
  facet normal 0.115431 -0.631434 -0.76679
    outer loop
      vertex -24.3535 -14.65 10.6629
      vertex -24.6495 -16.45 12.1006
      vertex -24.6588 -16.45 12.0992
    endloop
  endfacet
  facet normal 0.487825 -0.631619 -0.602564
    outer loop
      vertex -25.1375 -14.65 10.2633
      vertex -25.8696 -16.45 11.5574
      vertex -26.1201 -16.45 11.3546
    endloop
  endfacet
  facet normal 0.49145 -0.631502 -0.599735
    outer loop
      vertex -25.8696 -16.45 11.5574
      vertex -24.9992 -14.65 10.3753
      vertex -25.8624 -16.45 11.5633
    endloop
  endfacet
  facet normal 0.487922 -0.63161 -0.602496
    outer loop
      vertex -24.9992 -14.65 10.3753
      vertex -25.8696 -16.45 11.5574
      vertex -25.1375 -14.65 10.2633
    endloop
  endfacet
  facet normal 0.422187 -0.631621 -0.650241
    outer loop
      vertex -24.9992 -14.65 10.3753
      vertex -25.5921 -16.45 11.7388
      vertex -25.8624 -16.45 11.5633
    endloop
  endfacet
  facet normal 0.6883 -0.631733 -0.356589
    outer loop
      vertex -26.7482 -16.45 10.5759
      vertex -25.4722 -14.65 9.85
      vertex -26.7439 -16.45 10.5842
    endloop
  endfacet
  facet normal 0.690748 -0.631625 -0.352018
    outer loop
      vertex -25.4722 -14.65 9.85
      vertex -26.7482 -16.45 10.5759
      vertex -25.553 -14.65 9.69145
    endloop
  endfacet
  facet normal 0.651232 -0.631781 -0.420416
    outer loop
      vertex -26.7439 -16.45 10.5842
      vertex -25.3753 -14.65 9.99923
      vertex -26.7388 -16.45 10.5921
    endloop
  endfacet
  facet normal 0.650233 -0.631608 -0.422218
    outer loop
      vertex -25.3753 -14.65 9.99923
      vertex -26.7439 -16.45 10.5842
      vertex -25.4722 -14.65 9.85
    endloop
  endfacet
  facet normal 0.650232 -0.631609 0.422217
    outer loop
      vertex -26.7439 -16.45 7.41579
      vertex -25.3753 -14.65 8.00077
      vertex -25.4722 -14.65 8.15
    endloop
  endfacet
  facet normal 0.65014 -0.631593 0.422384
    outer loop
      vertex -25.3753 -14.65 8.00077
      vertex -26.7439 -16.45 7.41579
      vertex -26.7388 -16.45 7.40794
    endloop
  endfacet
  facet normal 0.690751 -0.631621 0.352019
    outer loop
      vertex -26.7482 -16.45 7.42413
      vertex -25.4722 -14.65 8.15
      vertex -25.553 -14.65 8.30855
    endloop
  endfacet
  facet normal 0.689023 -0.6317 0.355251
    outer loop
      vertex -25.4722 -14.65 8.15
      vertex -26.7482 -16.45 7.42413
      vertex -26.7439 -16.45 7.41579
    endloop
  endfacet
  facet normal 0.748931 -0.631607 0.200435
    outer loop
      vertex -27.0158 -16.45 8.02995
      vertex -25.6168 -14.65 8.47467
      vertex -25.6628 -14.65 8.64655
    endloop
  endfacet
  facet normal 0.747198 -0.631736 0.206408
    outer loop
      vertex -25.6168 -14.65 8.47467
      vertex -27.0158 -16.45 8.02995
      vertex -27.0133 -16.45 8.0209
    endloop
  endfacet
  facet normal -0.998633 0 0.0522639
    outer loop
      vertex -10.3093 -14.65 8.8223
      vertex -10.3 -13.45 9
      vertex -10.3093 -13.45 8.8223
    endloop
  endfacet
  facet normal -0.998633 0 0.0522639
    outer loop
      vertex -10.3 -13.45 9
      vertex -10.3093 -14.65 8.8223
      vertex -10.3 -14.65 9
    endloop
  endfacet
  facet normal 0.998633 -0 0.0522639
    outer loop
      vertex -13.7 -14.65 9
      vertex -13.6907 -13.45 8.8223
      vertex -13.7 -13.45 9
    endloop
  endfacet
  facet normal 0.998633 0 0.0522639
    outer loop
      vertex -13.6907 -13.45 8.8223
      vertex -13.7 -14.65 9
      vertex -13.6907 -14.65 8.8223
    endloop
  endfacet
  facet normal 0.0523199 0 0.99863
    outer loop
      vertex -12.1777 -13.45 7.30931
      vertex -12 -14.65 7.3
      vertex -12 -13.45 7.3
    endloop
  endfacet
  facet normal 0.0523199 0 0.99863
    outer loop
      vertex -12 -14.65 7.3
      vertex -12.1777 -13.45 7.30931
      vertex -12.1777 -14.65 7.30931
    endloop
  endfacet
  facet normal -0.0522639 0 -0.998633
    outer loop
      vertex -12 -14.65 10.7
      vertex -11.8223 -13.45 10.6907
      vertex -11.8223 -14.65 10.6907
    endloop
  endfacet
  facet normal -0.0522639 0 -0.998633
    outer loop
      vertex -11.8223 -13.45 10.6907
      vertex -12 -14.65 10.7
      vertex -12 -13.45 10.7
    endloop
  endfacet
  facet normal -0.707191 0 0.707022
    outer loop
      vertex -10.8625 -14.65 7.73665
      vertex -10.7367 -13.45 7.86248
      vertex -10.8625 -13.45 7.73665
    endloop
  endfacet
  facet normal -0.707191 0 0.707022
    outer loop
      vertex -10.7367 -13.45 7.86248
      vertex -10.8625 -14.65 7.73665
      vertex -10.7367 -14.65 7.86248
    endloop
  endfacet
  facet normal 0.707191 -0 0.707022
    outer loop
      vertex -13.2633 -14.65 7.86248
      vertex -13.1375 -13.45 7.73665
      vertex -13.2633 -13.45 7.86248
    endloop
  endfacet
  facet normal 0.707191 0 0.707022
    outer loop
      vertex -13.1375 -13.45 7.73665
      vertex -13.2633 -14.65 7.86248
      vertex -13.1375 -14.65 7.73665
    endloop
  endfacet
  facet normal 0.35823 0 0.933633
    outer loop
      vertex -12.6915 -13.45 7.44697
      vertex -12.5253 -14.65 7.3832
      vertex -12.5253 -13.45 7.3832
    endloop
  endfacet
  facet normal 0.35823 0 0.933633
    outer loop
      vertex -12.5253 -14.65 7.3832
      vertex -12.6915 -13.45 7.44697
      vertex -12.6915 -14.65 7.44697
    endloop
  endfacet
  facet normal -0.933519 0 0.358527
    outer loop
      vertex -10.447 -14.65 8.30855
      vertex -10.3832 -13.45 8.47467
      vertex -10.447 -13.45 8.30855
    endloop
  endfacet
  facet normal -0.933519 0 0.358527
    outer loop
      vertex -10.3832 -13.45 8.47467
      vertex -10.447 -14.65 8.30855
      vertex -10.3832 -14.65 8.47467
    endloop
  endfacet
  facet normal -0.98772 0 0.156237
    outer loop
      vertex -10.3371 -14.65 8.64655
      vertex -10.3093 -13.45 8.8223
      vertex -10.3371 -13.45 8.64655
    endloop
  endfacet
  facet normal -0.98772 0 0.156237
    outer loop
      vertex -10.3093 -13.45 8.8223
      vertex -10.3371 -14.65 8.64655
      vertex -10.3093 -14.65 8.8223
    endloop
  endfacet
  facet normal -0.35823 0 0.933633
    outer loop
      vertex -11.4747 -13.45 7.3832
      vertex -11.3085 -14.65 7.44697
      vertex -11.3085 -13.45 7.44697
    endloop
  endfacet
  facet normal -0.35823 0 0.933633
    outer loop
      vertex -11.3085 -14.65 7.44697
      vertex -11.4747 -13.45 7.3832
      vertex -11.4747 -14.65 7.3832
    endloop
  endfacet
  facet normal -0.544712 0 0.838623
    outer loop
      vertex -11.15 -13.45 7.52776
      vertex -11.0008 -14.65 7.62467
      vertex -11.0008 -13.45 7.62467
    endloop
  endfacet
  facet normal -0.544712 0 0.838623
    outer loop
      vertex -11.0008 -14.65 7.62467
      vertex -11.15 -13.45 7.52776
      vertex -11.15 -14.65 7.52776
    endloop
  endfacet
  facet normal 0.890973 -0 0.454056
    outer loop
      vertex -13.553 -14.65 8.30855
      vertex -13.4722 -13.45 8.15
      vertex -13.553 -13.45 8.30855
    endloop
  endfacet
  facet normal 0.890973 0 0.454056
    outer loop
      vertex -13.4722 -13.45 8.15
      vertex -13.553 -14.65 8.30855
      vertex -13.4722 -14.65 8.15
    endloop
  endfacet
  facet normal 0.777105 -0 0.629371
    outer loop
      vertex -13.3753 -14.65 8.00077
      vertex -13.2633 -13.45 7.86248
      vertex -13.3753 -13.45 8.00077
    endloop
  endfacet
  facet normal 0.777105 0 0.629371
    outer loop
      vertex -13.2633 -13.45 7.86248
      vertex -13.3753 -14.65 8.00077
      vertex -13.2633 -14.65 7.86248
    endloop
  endfacet
  facet normal 0.156499 0 0.987678
    outer loop
      vertex -12.3534 -13.45 7.33715
      vertex -12.1777 -14.65 7.30931
      vertex -12.1777 -13.45 7.30931
    endloop
  endfacet
  facet normal 0.156499 0 0.987678
    outer loop
      vertex -12.1777 -14.65 7.30931
      vertex -12.3534 -13.45 7.33715
      vertex -12.3534 -14.65 7.33715
    endloop
  endfacet
  facet normal 0.77706 0 -0.629426
    outer loop
      vertex -13.2633 -14.65 10.1375
      vertex -13.3753 -13.45 9.99923
      vertex -13.2633 -13.45 10.1375
    endloop
  endfacet
  facet normal 0.77706 0 -0.629426
    outer loop
      vertex -13.3753 -13.45 9.99923
      vertex -13.2633 -14.65 10.1375
      vertex -13.3753 -14.65 9.99923
    endloop
  endfacet
  facet normal -0.15628 0 -0.987713
    outer loop
      vertex -11.8223 -14.65 10.6907
      vertex -11.6466 -13.45 10.6629
      vertex -11.6466 -14.65 10.6629
    endloop
  endfacet
  facet normal -0.15628 0 -0.987713
    outer loop
      vertex -11.6466 -13.45 10.6629
      vertex -11.8223 -14.65 10.6907
      vertex -11.8223 -13.45 10.6907
    endloop
  endfacet
  facet normal -0.965863 0 0.259054
    outer loop
      vertex -10.3832 -14.65 8.47467
      vertex -10.3371 -13.45 8.64655
      vertex -10.3832 -13.45 8.47467
    endloop
  endfacet
  facet normal -0.965863 0 0.259054
    outer loop
      vertex -10.3371 -13.45 8.64655
      vertex -10.3832 -14.65 8.47467
      vertex -10.3371 -14.65 8.64655
    endloop
  endfacet
  facet normal -0.838699 0 0.544595
    outer loop
      vertex -10.6247 -14.65 8.00077
      vertex -10.5278 -13.45 8.15
      vertex -10.6247 -13.45 8.00077
    endloop
  endfacet
  facet normal -0.838699 0 0.544595
    outer loop
      vertex -10.5278 -13.45 8.15
      vertex -10.6247 -14.65 8.00077
      vertex -10.5278 -14.65 8.15
    endloop
  endfacet
  facet normal -0.777105 0 0.629371
    outer loop
      vertex -10.7367 -14.65 7.86248
      vertex -10.6247 -13.45 8.00077
      vertex -10.7367 -13.45 7.86248
    endloop
  endfacet
  facet normal -0.777105 0 0.629371
    outer loop
      vertex -10.6247 -13.45 8.00077
      vertex -10.7367 -14.65 7.86248
      vertex -10.6247 -14.65 8.00077
    endloop
  endfacet
  facet normal -0.890973 0 0.454056
    outer loop
      vertex -10.5278 -14.65 8.15
      vertex -10.447 -13.45 8.30855
      vertex -10.5278 -13.45 8.15
    endloop
  endfacet
  facet normal -0.890973 0 0.454056
    outer loop
      vertex -10.447 -13.45 8.30855
      vertex -10.5278 -14.65 8.15
      vertex -10.447 -14.65 8.30855
    endloop
  endfacet
  facet normal -0.156499 0 0.987678
    outer loop
      vertex -11.8223 -13.45 7.30931
      vertex -11.6466 -14.65 7.33715
      vertex -11.6466 -13.45 7.33715
    endloop
  endfacet
  facet normal -0.156499 0 0.987678
    outer loop
      vertex -11.6466 -14.65 7.33715
      vertex -11.8223 -13.45 7.30931
      vertex -11.8223 -14.65 7.30931
    endloop
  endfacet
  facet normal -0.258764 0 0.965941
    outer loop
      vertex -11.6466 -13.45 7.33715
      vertex -11.4747 -14.65 7.3832
      vertex -11.4747 -13.45 7.3832
    endloop
  endfacet
  facet normal -0.258764 0 0.965941
    outer loop
      vertex -11.4747 -14.65 7.3832
      vertex -11.6466 -13.45 7.33715
      vertex -11.6466 -14.65 7.33715
    endloop
  endfacet
  facet normal -0.0523199 0 0.99863
    outer loop
      vertex -12 -13.45 7.3
      vertex -11.8223 -14.65 7.30931
      vertex -11.8223 -13.45 7.30931
    endloop
  endfacet
  facet normal -0.0523199 0 0.99863
    outer loop
      vertex -11.8223 -14.65 7.30931
      vertex -12 -13.45 7.3
      vertex -12 -14.65 7.3
    endloop
  endfacet
  facet normal -0.454125 0 0.890938
    outer loop
      vertex -11.3085 -13.45 7.44697
      vertex -11.15 -14.65 7.52776
      vertex -11.15 -13.45 7.52776
    endloop
  endfacet
  facet normal -0.454125 0 0.890938
    outer loop
      vertex -11.15 -14.65 7.52776
      vertex -11.3085 -13.45 7.44697
      vertex -11.3085 -14.65 7.44697
    endloop
  endfacet
  facet normal -0.629276 0 0.777182
    outer loop
      vertex -11.0008 -13.45 7.62467
      vertex -10.8625 -14.65 7.73665
      vertex -10.8625 -13.45 7.73665
    endloop
  endfacet
  facet normal -0.629276 0 0.777182
    outer loop
      vertex -10.8625 -14.65 7.73665
      vertex -11.0008 -13.45 7.62467
      vertex -11.0008 -14.65 7.62467
    endloop
  endfacet
  facet normal 0.965863 -0 0.259054
    outer loop
      vertex -13.6629 -14.65 8.64655
      vertex -13.6168 -13.45 8.47467
      vertex -13.6629 -13.45 8.64655
    endloop
  endfacet
  facet normal 0.965863 0 0.259054
    outer loop
      vertex -13.6168 -13.45 8.47467
      vertex -13.6629 -14.65 8.64655
      vertex -13.6168 -14.65 8.47467
    endloop
  endfacet
  facet normal 0.838699 -0 0.544595
    outer loop
      vertex -13.4722 -14.65 8.15
      vertex -13.3753 -13.45 8.00077
      vertex -13.4722 -13.45 8.15
    endloop
  endfacet
  facet normal 0.838699 0 0.544595
    outer loop
      vertex -13.3753 -13.45 8.00077
      vertex -13.4722 -14.65 8.15
      vertex -13.3753 -14.65 8.00077
    endloop
  endfacet
  facet normal 0.933519 -0 0.358527
    outer loop
      vertex -13.6168 -14.65 8.47467
      vertex -13.553 -13.45 8.30855
      vertex -13.6168 -13.45 8.47467
    endloop
  endfacet
  facet normal 0.933519 0 0.358527
    outer loop
      vertex -13.553 -13.45 8.30855
      vertex -13.6168 -14.65 8.47467
      vertex -13.553 -14.65 8.30855
    endloop
  endfacet
  facet normal 0.98772 -0 0.156237
    outer loop
      vertex -13.6907 -14.65 8.8223
      vertex -13.6629 -13.45 8.64655
      vertex -13.6907 -13.45 8.8223
    endloop
  endfacet
  facet normal 0.98772 0 0.156237
    outer loop
      vertex -13.6629 -13.45 8.64655
      vertex -13.6907 -14.65 8.8223
      vertex -13.6629 -14.65 8.64655
    endloop
  endfacet
  facet normal 0.544712 0 0.838623
    outer loop
      vertex -12.9992 -13.45 7.62467
      vertex -12.85 -14.65 7.52776
      vertex -12.85 -13.45 7.52776
    endloop
  endfacet
  facet normal 0.544712 0 0.838623
    outer loop
      vertex -12.85 -14.65 7.52776
      vertex -12.9992 -13.45 7.62467
      vertex -12.9992 -14.65 7.62467
    endloop
  endfacet
  facet normal 0.454125 0 0.890938
    outer loop
      vertex -12.85 -13.45 7.52776
      vertex -12.6915 -14.65 7.44697
      vertex -12.6915 -13.45 7.44697
    endloop
  endfacet
  facet normal 0.454125 0 0.890938
    outer loop
      vertex -12.6915 -14.65 7.44697
      vertex -12.85 -13.45 7.52776
      vertex -12.85 -14.65 7.52776
    endloop
  endfacet
  facet normal 0.629276 0 0.777182
    outer loop
      vertex -13.1375 -13.45 7.73665
      vertex -12.9992 -14.65 7.62467
      vertex -12.9992 -13.45 7.62467
    endloop
  endfacet
  facet normal 0.629276 0 0.777182
    outer loop
      vertex -12.9992 -14.65 7.62467
      vertex -13.1375 -13.45 7.73665
      vertex -13.1375 -14.65 7.73665
    endloop
  endfacet
  facet normal 0.258764 0 0.965941
    outer loop
      vertex -12.5253 -13.45 7.3832
      vertex -12.3534 -14.65 7.33715
      vertex -12.3534 -13.45 7.33715
    endloop
  endfacet
  facet normal 0.258764 0 0.965941
    outer loop
      vertex -12.3534 -14.65 7.33715
      vertex -12.5253 -13.45 7.3832
      vertex -12.5253 -14.65 7.3832
    endloop
  endfacet
  facet normal -0.998633 0 -0.0522639
    outer loop
      vertex -10.3 -14.65 9
      vertex -10.3093 -13.45 9.1777
      vertex -10.3 -13.45 9
    endloop
  endfacet
  facet normal -0.998633 -0 -0.0522639
    outer loop
      vertex -10.3093 -13.45 9.1777
      vertex -10.3 -14.65 9
      vertex -10.3093 -14.65 9.1777
    endloop
  endfacet
  facet normal -0.965863 0 -0.259054
    outer loop
      vertex -10.3371 -14.65 9.35345
      vertex -10.3832 -13.45 9.52533
      vertex -10.3371 -13.45 9.35345
    endloop
  endfacet
  facet normal -0.965863 -0 -0.259054
    outer loop
      vertex -10.3832 -13.45 9.52533
      vertex -10.3371 -14.65 9.35345
      vertex -10.3832 -14.65 9.52533
    endloop
  endfacet
  facet normal -0.629344 0 -0.777127
    outer loop
      vertex -11.0008 -14.65 10.3753
      vertex -10.8625 -13.45 10.2633
      vertex -10.8625 -14.65 10.2633
    endloop
  endfacet
  facet normal -0.629344 0 -0.777127
    outer loop
      vertex -10.8625 -13.45 10.2633
      vertex -11.0008 -14.65 10.3753
      vertex -11.0008 -13.45 10.3753
    endloop
  endfacet
  facet normal -0.890973 0 -0.454056
    outer loop
      vertex -10.447 -14.65 9.69145
      vertex -10.5278 -13.45 9.85
      vertex -10.447 -13.45 9.69145
    endloop
  endfacet
  facet normal -0.890973 -0 -0.454056
    outer loop
      vertex -10.5278 -13.45 9.85
      vertex -10.447 -14.65 9.69145
      vertex -10.5278 -14.65 9.85
    endloop
  endfacet
  facet normal -0.77706 0 -0.629426
    outer loop
      vertex -10.6247 -14.65 9.99923
      vertex -10.7367 -13.45 10.1375
      vertex -10.6247 -13.45 9.99923
    endloop
  endfacet
  facet normal -0.77706 -0 -0.629426
    outer loop
      vertex -10.7367 -13.45 10.1375
      vertex -10.6247 -14.65 9.99923
      vertex -10.7367 -14.65 10.1375
    endloop
  endfacet
  facet normal 0.965863 0 -0.259054
    outer loop
      vertex -13.6168 -14.65 9.52533
      vertex -13.6629 -13.45 9.35345
      vertex -13.6168 -13.45 9.52533
    endloop
  endfacet
  facet normal 0.965863 0 -0.259054
    outer loop
      vertex -13.6629 -13.45 9.35345
      vertex -13.6168 -14.65 9.52533
      vertex -13.6629 -14.65 9.35345
    endloop
  endfacet
  facet normal 0.998633 0 -0.0522639
    outer loop
      vertex -13.6907 -14.65 9.1777
      vertex -13.7 -13.45 9
      vertex -13.6907 -13.45 9.1777
    endloop
  endfacet
  facet normal 0.998633 0 -0.0522639
    outer loop
      vertex -13.7 -13.45 9
      vertex -13.6907 -14.65 9.1777
      vertex -13.7 -14.65 9
    endloop
  endfacet
  facet normal 0.98772 0 -0.156237
    outer loop
      vertex -13.6629 -14.65 9.35345
      vertex -13.6907 -13.45 9.1777
      vertex -13.6629 -13.45 9.35345
    endloop
  endfacet
  facet normal 0.98772 0 -0.156237
    outer loop
      vertex -13.6907 -13.45 9.1777
      vertex -13.6629 -14.65 9.35345
      vertex -13.6907 -14.65 9.1777
    endloop
  endfacet
  facet normal -0.358377 0 -0.933577
    outer loop
      vertex -11.4747 -14.65 10.6168
      vertex -11.3085 -13.45 10.553
      vertex -11.3085 -14.65 10.553
    endloop
  endfacet
  facet normal -0.358377 0 -0.933577
    outer loop
      vertex -11.3085 -13.45 10.553
      vertex -11.4747 -14.65 10.6168
      vertex -11.4747 -13.45 10.6168
    endloop
  endfacet
  facet normal -0.259026 0 -0.96587
    outer loop
      vertex -11.6466 -14.65 10.6629
      vertex -11.4747 -13.45 10.6168
      vertex -11.4747 -14.65 10.6168
    endloop
  endfacet
  facet normal -0.259026 0 -0.96587
    outer loop
      vertex -11.4747 -13.45 10.6168
      vertex -11.6466 -14.65 10.6629
      vertex -11.6466 -13.45 10.6629
    endloop
  endfacet
  facet normal -0.98772 0 -0.156237
    outer loop
      vertex -10.3093 -14.65 9.1777
      vertex -10.3371 -13.45 9.35345
      vertex -10.3093 -13.45 9.1777
    endloop
  endfacet
  facet normal -0.98772 -0 -0.156237
    outer loop
      vertex -10.3371 -13.45 9.35345
      vertex -10.3093 -14.65 9.1777
      vertex -10.3371 -14.65 9.35345
    endloop
  endfacet
  facet normal -0.45417 0 -0.890915
    outer loop
      vertex -11.3085 -14.65 10.553
      vertex -11.15 -13.45 10.4722
      vertex -11.15 -14.65 10.4722
    endloop
  endfacet
  facet normal -0.45417 0 -0.890915
    outer loop
      vertex -11.15 -13.45 10.4722
      vertex -11.3085 -14.65 10.553
      vertex -11.3085 -13.45 10.553
    endloop
  endfacet
  facet normal -0.544672 0 -0.838649
    outer loop
      vertex -11.15 -14.65 10.4722
      vertex -11.0008 -13.45 10.3753
      vertex -11.0008 -14.65 10.3753
    endloop
  endfacet
  facet normal -0.544672 0 -0.838649
    outer loop
      vertex -11.0008 -13.45 10.3753
      vertex -11.15 -14.65 10.4722
      vertex -11.15 -13.45 10.4722
    endloop
  endfacet
  facet normal -0.933519 0 -0.358527
    outer loop
      vertex -10.3832 -14.65 9.52533
      vertex -10.447 -13.45 9.69145
      vertex -10.3832 -13.45 9.52533
    endloop
  endfacet
  facet normal -0.933519 -0 -0.358527
    outer loop
      vertex -10.447 -13.45 9.69145
      vertex -10.3832 -14.65 9.52533
      vertex -10.447 -14.65 9.69145
    endloop
  endfacet
  facet normal -0.838699 0 -0.544595
    outer loop
      vertex -10.5278 -14.65 9.85
      vertex -10.6247 -13.45 9.99923
      vertex -10.5278 -13.45 9.85
    endloop
  endfacet
  facet normal -0.838699 -0 -0.544595
    outer loop
      vertex -10.6247 -13.45 9.99923
      vertex -10.5278 -14.65 9.85
      vertex -10.6247 -14.65 9.99923
    endloop
  endfacet
  facet normal 0.890973 0 -0.454056
    outer loop
      vertex -13.4722 -14.65 9.85
      vertex -13.553 -13.45 9.69145
      vertex -13.4722 -13.45 9.85
    endloop
  endfacet
  facet normal 0.890973 0 -0.454056
    outer loop
      vertex -13.553 -13.45 9.69145
      vertex -13.4722 -14.65 9.85
      vertex -13.553 -14.65 9.69145
    endloop
  endfacet
  facet normal 0.707107 0 -0.707107
    outer loop
      vertex -13.1375 -14.65 10.2633
      vertex -13.2633 -13.45 10.1375
      vertex -13.1375 -13.45 10.2633
    endloop
  endfacet
  facet normal 0.707107 0 -0.707107
    outer loop
      vertex -13.2633 -13.45 10.1375
      vertex -13.1375 -14.65 10.2633
      vertex -13.2633 -14.65 10.1375
    endloop
  endfacet
  facet normal 0.933519 0 -0.358527
    outer loop
      vertex -13.553 -14.65 9.69145
      vertex -13.6168 -13.45 9.52533
      vertex -13.553 -13.45 9.69145
    endloop
  endfacet
  facet normal 0.933519 0 -0.358527
    outer loop
      vertex -13.6168 -13.45 9.52533
      vertex -13.553 -14.65 9.69145
      vertex -13.6168 -14.65 9.52533
    endloop
  endfacet
  facet normal -0.707107 0 -0.707107
    outer loop
      vertex -10.7367 -14.65 10.1375
      vertex -10.8625 -13.45 10.2633
      vertex -10.7367 -13.45 10.1375
    endloop
  endfacet
  facet normal -0.707107 -0 -0.707107
    outer loop
      vertex -10.8625 -13.45 10.2633
      vertex -10.7367 -14.65 10.1375
      vertex -10.8625 -14.65 10.2633
    endloop
  endfacet
  facet normal 0.629344 0 -0.777127
    outer loop
      vertex -13.1375 -14.65 10.2633
      vertex -12.9992 -13.45 10.3753
      vertex -12.9992 -14.65 10.3753
    endloop
  endfacet
  facet normal 0.629344 0 -0.777127
    outer loop
      vertex -12.9992 -13.45 10.3753
      vertex -13.1375 -14.65 10.2633
      vertex -13.1375 -13.45 10.2633
    endloop
  endfacet
  facet normal 0.544672 0 -0.838649
    outer loop
      vertex -12.9992 -14.65 10.3753
      vertex -12.85 -13.45 10.4722
      vertex -12.85 -14.65 10.4722
    endloop
  endfacet
  facet normal 0.544672 0 -0.838649
    outer loop
      vertex -12.85 -13.45 10.4722
      vertex -12.9992 -14.65 10.3753
      vertex -12.9992 -13.45 10.3753
    endloop
  endfacet
  facet normal 0.358377 0 -0.933577
    outer loop
      vertex -12.6915 -14.65 10.553
      vertex -12.5253 -13.45 10.6168
      vertex -12.5253 -14.65 10.6168
    endloop
  endfacet
  facet normal 0.358377 0 -0.933577
    outer loop
      vertex -12.5253 -13.45 10.6168
      vertex -12.6915 -14.65 10.553
      vertex -12.6915 -13.45 10.553
    endloop
  endfacet
  facet normal 0.45417 0 -0.890915
    outer loop
      vertex -12.85 -14.65 10.4722
      vertex -12.6915 -13.45 10.553
      vertex -12.6915 -14.65 10.553
    endloop
  endfacet
  facet normal 0.45417 0 -0.890915
    outer loop
      vertex -12.6915 -13.45 10.553
      vertex -12.85 -14.65 10.4722
      vertex -12.85 -13.45 10.4722
    endloop
  endfacet
  facet normal 0.259026 0 -0.96587
    outer loop
      vertex -12.5253 -14.65 10.6168
      vertex -12.3534 -13.45 10.6629
      vertex -12.3534 -14.65 10.6629
    endloop
  endfacet
  facet normal 0.259026 0 -0.96587
    outer loop
      vertex -12.3534 -13.45 10.6629
      vertex -12.5253 -14.65 10.6168
      vertex -12.5253 -13.45 10.6168
    endloop
  endfacet
  facet normal 0.15628 0 -0.987713
    outer loop
      vertex -12.3534 -14.65 10.6629
      vertex -12.1777 -13.45 10.6907
      vertex -12.1777 -14.65 10.6907
    endloop
  endfacet
  facet normal 0.15628 0 -0.987713
    outer loop
      vertex -12.1777 -13.45 10.6907
      vertex -12.3534 -14.65 10.6629
      vertex -12.3534 -13.45 10.6629
    endloop
  endfacet
  facet normal 0.0522639 0 -0.998633
    outer loop
      vertex -12.1777 -14.65 10.6907
      vertex -12 -13.45 10.7
      vertex -12 -14.65 10.7
    endloop
  endfacet
  facet normal 0.0522639 0 -0.998633
    outer loop
      vertex -12 -13.45 10.7
      vertex -12.1777 -14.65 10.6907
      vertex -12.1777 -13.45 10.6907
    endloop
  endfacet
  facet normal 0.838699 0 -0.544595
    outer loop
      vertex -13.3753 -14.65 9.99923
      vertex -13.4722 -13.45 9.85
      vertex -13.3753 -13.45 9.99923
    endloop
  endfacet
  facet normal 0.838699 0 -0.544595
    outer loop
      vertex -13.4722 -13.45 9.85
      vertex -13.3753 -14.65 9.99923
      vertex -13.4722 -14.65 9.85
    endloop
  endfacet
  facet normal -0.774229 -0.631607 0.0405196
    outer loop
      vertex -8.83207 -16.45 8.99065
      vertex -10.3 -14.65 9
      vertex -10.3093 -14.65 8.8223
    endloop
  endfacet
  facet normal -0.774227 -0.631606 0.0405745
    outer loop
      vertex -10.3 -14.65 9
      vertex -8.83207 -16.45 8.99065
      vertex -8.83158 -16.45 9
    endloop
  endfacet
  facet normal -0.77423 -0.631602 0.0405831
    outer loop
      vertex -8.84894 -16.45 8.66881
      vertex -8.83207 -16.45 8.99065
      vertex -10.3093 -14.65 8.8223
    endloop
  endfacet
  facet normal 0.774205 -0.631579 0.0414013
    outer loop
      vertex -15.1679 -16.45 8.99065
      vertex -13.7 -14.65 9
      vertex -15.1684 -16.45 9
    endloop
  endfacet
  facet normal 0.774235 -0.631599 0.0405199
    outer loop
      vertex -13.7 -14.65 9
      vertex -15.1679 -16.45 8.99065
      vertex -13.6907 -14.65 8.8223
    endloop
  endfacet
  facet normal -0.765684 -0.631603 0.121682
    outer loop
      vertex -8.89935 -16.45 8.3505
      vertex -10.3371 -14.65 8.64655
      vertex -8.90082 -16.45 8.34125
    endloop
  endfacet
  facet normal -0.765781 -0.63159 0.121131
    outer loop
      vertex -10.3371 -14.65 8.64655
      vertex -8.89935 -16.45 8.3505
      vertex -10.3093 -14.65 8.8223
    endloop
  endfacet
  facet normal -0.548271 -0.631619 0.54814
    outer loop
      vertex -10.8625 -14.65 7.73665
      vertex -9.6454 -16.45 6.87991
      vertex -10.7367 -14.65 7.86248
    endloop
  endfacet
  facet normal -0.54821 -0.631611 0.54821
    outer loop
      vertex -9.6454 -16.45 6.87991
      vertex -10.8625 -14.65 7.73665
      vertex -9.87991 -16.45 6.6454
    endloop
  endfacet
  facet normal 0.0411815 -0.631585 -0.774212
    outer loop
      vertex -12.0094 -16.45 12.1679
      vertex -12 -14.65 10.7
      vertex -12 -16.45 12.1684
    endloop
  endfacet
  facet normal 0.0405199 -0.6316 -0.774235
    outer loop
      vertex -12 -14.65 10.7
      vertex -12.0094 -16.45 12.1679
      vertex -12.1777 -14.65 10.6907
    endloop
  endfacet
  facet normal 0.040359 -0.631611 0.774234
    outer loop
      vertex -12 -14.65 7.3
      vertex -12.0094 -16.45 5.83207
      vertex -12 -16.45 5.83158
    endloop
  endfacet
  facet normal 0.040563 -0.631607 0.774227
    outer loop
      vertex -12.0094 -16.45 5.83207
      vertex -12 -14.65 7.3
      vertex -12.1777 -14.65 7.30931
    endloop
  endfacet
  facet normal 0.774234 -0.631608 -0.0404149
    outer loop
      vertex -13.6907 -14.65 9.1777
      vertex -15.1511 -16.45 9.33119
      vertex -15.1679 -16.45 9.00935
    endloop
  endfacet
  facet normal 0.766683 -0.631452 -0.116039
    outer loop
      vertex -15.1006 -16.45 9.6495
      vertex -13.6629 -14.65 9.35345
      vertex -15.0992 -16.45 9.65875
    endloop
  endfacet
  facet normal 0.765792 -0.631578 -0.121132
    outer loop
      vertex -13.6629 -14.65 9.35345
      vertex -15.1006 -16.45 9.6495
      vertex -13.6907 -14.65 9.1777
    endloop
  endfacet
  facet normal -0.487837 -0.631618 -0.602556
    outer loop
      vertex -9.87991 -16.45 11.3546
      vertex -10.1304 -16.45 11.5574
      vertex -10.8625 -14.65 10.2633
    endloop
  endfacet
  facet normal -0.690778 -0.631613 0.35198
    outer loop
      vertex -9.25182 -16.45 7.42413
      vertex -9.1055 -16.45 7.71129
      vertex -10.447 -14.65 8.30855
    endloop
  endfacet
  facet normal 0.548271 -0.631619 0.54814
    outer loop
      vertex -14.3546 -16.45 6.87991
      vertex -13.1375 -14.65 7.73665
      vertex -13.2633 -14.65 7.86248
    endloop
  endfacet
  facet normal 0.548221 -0.631612 0.548197
    outer loop
      vertex -13.1375 -14.65 7.73665
      vertex -14.3546 -16.45 6.87991
      vertex -14.1201 -16.45 6.6454
    endloop
  endfacet
  facet normal 0.27773 -0.631612 0.723832
    outer loop
      vertex -12.6915 -14.65 7.44697
      vertex -12.9791 -16.45 5.98665
      vertex -12.5253 -14.65 7.3832
    endloop
  endfacet
  facet normal 0.279356 -0.631467 0.723333
    outer loop
      vertex -12.9791 -16.45 5.98665
      vertex -12.6915 -14.65 7.44697
      vertex -12.9878 -16.45 5.99001
    endloop
  endfacet
  facet normal -0.650217 -0.631613 0.422236
    outer loop
      vertex -9.43669 -16.45 7.13765
      vertex -9.26117 -16.45 7.40794
      vertex -10.6247 -14.65 8.00077
    endloop
  endfacet
  facet normal -0.602478 -0.631611 0.487942
    outer loop
      vertex -9.44259 -16.45 7.13037
      vertex -10.6247 -14.65 8.00077
      vertex -10.7367 -14.65 7.86248
    endloop
  endfacet
  facet normal -0.60232 -0.631605 0.488144
    outer loop
      vertex -10.6247 -14.65 8.00077
      vertex -9.44259 -16.45 7.13037
      vertex -9.43669 -16.45 7.13765
    endloop
  endfacet
  facet normal 0.602564 -0.631619 -0.487825
    outer loop
      vertex -13.2633 -14.65 10.1375
      vertex -14.3546 -16.45 11.1201
      vertex -14.5574 -16.45 10.8696
    endloop
  endfacet
  facet normal 0.765712 -0.631607 -0.121481
    outer loop
      vertex -13.6907 -14.65 9.1777
      vertex -15.1006 -16.45 9.6495
      vertex -15.1511 -16.45 9.33119
    endloop
  endfacet
  facet normal 0.650243 -0.631617 -0.422189
    outer loop
      vertex -13.3753 -14.65 9.99923
      vertex -14.5633 -16.45 10.8624
      vertex -14.7388 -16.45 10.5921
    endloop
  endfacet
  facet normal -0.0404199 -0.631608 -0.774233
    outer loop
      vertex -11.8223 -14.65 10.6907
      vertex -11.6688 -16.45 12.1511
      vertex -11.9906 -16.45 12.1679
    endloop
  endfacet
  facet normal -0.121484 -0.631607 -0.765711
    outer loop
      vertex -11.3505 -16.45 12.1006
      vertex -11.6688 -16.45 12.1511
      vertex -11.8223 -14.65 10.6907
    endloop
  endfacet
  facet normal -0.11543 -0.631438 -0.766787
    outer loop
      vertex -11.3505 -16.45 12.1006
      vertex -11.6466 -14.65 10.6629
      vertex -11.3412 -16.45 12.0992
    endloop
  endfacet
  facet normal -0.121166 -0.63158 -0.765784
    outer loop
      vertex -11.6466 -14.65 10.6629
      vertex -11.3505 -16.45 12.1006
      vertex -11.8223 -14.65 10.6907
    endloop
  endfacet
  facet normal -0.49145 -0.631502 -0.599735
    outer loop
      vertex -11.0008 -14.65 10.3753
      vertex -10.1304 -16.45 11.5574
      vertex -10.1376 -16.45 11.5633
    endloop
  endfacet
  facet normal -0.487922 -0.63161 -0.602496
    outer loop
      vertex -10.1304 -16.45 11.5574
      vertex -11.0008 -14.65 10.3753
      vertex -10.8625 -14.65 10.2633
    endloop
  endfacet
  facet normal -0.72379 -0.631613 -0.277838
    outer loop
      vertex -8.99001 -16.45 9.98784
      vertex -9.1055 -16.45 10.2887
      vertex -10.447 -14.65 9.69145
    endloop
  endfacet
  facet normal -0.748884 -0.631593 -0.200657
    outer loop
      vertex -8.90082 -16.45 9.65875
      vertex -8.98423 -16.45 9.97005
      vertex -10.3371 -14.65 9.35345
    endloop
  endfacet
  facet normal -0.76575 -0.631602 -0.12127
    outer loop
      vertex -8.84894 -16.45 9.33119
      vertex -8.89935 -16.45 9.6495
      vertex -10.3093 -14.65 9.1777
    endloop
  endfacet
  facet normal -0.748884 -0.631593 0.200657
    outer loop
      vertex -8.98423 -16.45 8.02995
      vertex -8.90082 -16.45 8.34125
      vertex -10.3371 -14.65 8.64655
    endloop
  endfacet
  facet normal -0.76575 -0.631602 0.12127
    outer loop
      vertex -8.89935 -16.45 8.3505
      vertex -8.84894 -16.45 8.66881
      vertex -10.3093 -14.65 8.8223
    endloop
  endfacet
  facet normal 0.121332 -0.63161 0.765733
    outer loop
      vertex -12.3534 -14.65 7.33715
      vertex -12.6495 -16.45 5.89935
      vertex -12.1777 -14.65 7.30931
    endloop
  endfacet
  facet normal 0.121043 -0.631603 0.765784
    outer loop
      vertex -12.6495 -16.45 5.89935
      vertex -12.3534 -14.65 7.33715
      vertex -12.6588 -16.45 5.90082
    endloop
  endfacet
  facet normal -0.723675 -0.631581 0.278209
    outer loop
      vertex -8.98665 -16.45 8.0209
      vertex -10.447 -14.65 8.30855
      vertex -8.99001 -16.45 8.01216
    endloop
  endfacet
  facet normal -0.72375 -0.631603 0.277963
    outer loop
      vertex -10.447 -14.65 8.30855
      vertex -8.98665 -16.45 8.0209
      vertex -10.3832 -14.65 8.47467
    endloop
  endfacet
  facet normal -0.723792 -0.631613 0.27783
    outer loop
      vertex -9.1055 -16.45 7.71129
      vertex -8.99001 -16.45 8.01216
      vertex -10.447 -14.65 8.30855
    endloop
  endfacet
  facet normal -0.040588 -0.631605 0.774227
    outer loop
      vertex -11.6688 -16.45 5.84894
      vertex -11.8223 -14.65 7.30931
      vertex -11.9906 -16.45 5.83207
    endloop
  endfacet
  facet normal -0.420414 -0.631786 0.651229
    outer loop
      vertex -11.0008 -14.65 7.62467
      vertex -10.4158 -16.45 6.25607
      vertex -10.4079 -16.45 6.26117
    endloop
  endfacet
  facet normal -0.422311 -0.631603 0.650178
    outer loop
      vertex -10.4158 -16.45 6.25607
      vertex -11.0008 -14.65 7.62467
      vertex -11.15 -14.65 7.52776
    endloop
  endfacet
  facet normal 0.351905 -0.631608 -0.690821
    outer loop
      vertex -12.6915 -14.65 10.553
      vertex -13.2887 -16.45 11.8945
      vertex -13.5759 -16.45 11.7482
    endloop
  endfacet
  facet normal 0.747198 -0.631736 -0.206408
    outer loop
      vertex -15.0158 -16.45 9.97005
      vertex -13.6168 -14.65 9.52533
      vertex -15.0133 -16.45 9.9791
    endloop
  endfacet
  facet normal 0.748815 -0.631617 -0.20084
    outer loop
      vertex -13.6168 -14.65 9.52533
      vertex -15.0158 -16.45 9.97005
      vertex -13.6629 -14.65 9.35345
    endloop
  endfacet
  facet normal 0.690817 -0.631614 -0.351903
    outer loop
      vertex -13.553 -14.65 9.69145
      vertex -14.7482 -16.45 10.5759
      vertex -14.8945 -16.45 10.2887
    endloop
  endfacet
  facet normal -0.422187 -0.631621 -0.650241
    outer loop
      vertex -10.1376 -16.45 11.5633
      vertex -10.4079 -16.45 11.7388
      vertex -11.0008 -14.65 10.3753
    endloop
  endfacet
  facet normal -0.205359 -0.631714 -0.747506
    outer loop
      vertex -11.03 -16.45 12.0158
      vertex -11.4747 -14.65 10.6168
      vertex -11.0209 -16.45 12.0133
    endloop
  endfacet
  facet normal -0.200819 -0.631615 -0.748822
    outer loop
      vertex -11.4747 -14.65 10.6168
      vertex -11.03 -16.45 12.0158
      vertex -11.6466 -14.65 10.6629
    endloop
  endfacet
  facet normal -0.548193 -0.63162 -0.548216
    outer loop
      vertex -10.8625 -14.65 10.2633
      vertex -9.6454 -16.45 11.1201
      vertex -9.87991 -16.45 11.3546
    endloop
  endfacet
  facet normal -0.548203 -0.631622 -0.548203
    outer loop
      vertex -9.6454 -16.45 11.1201
      vertex -10.8625 -14.65 10.2633
      vertex -10.7367 -14.65 10.1375
    endloop
  endfacet
  facet normal -0.602552 -0.63162 -0.487839
    outer loop
      vertex -9.44259 -16.45 10.8696
      vertex -9.6454 -16.45 11.1201
      vertex -10.7367 -14.65 10.1375
    endloop
  endfacet
  facet normal -0.690798 -0.631613 -0.351942
    outer loop
      vertex -9.1055 -16.45 10.2887
      vertex -9.25182 -16.45 10.5759
      vertex -10.447 -14.65 9.69145
    endloop
  endfacet
  facet normal -0.765781 -0.63159 -0.121131
    outer loop
      vertex -8.89935 -16.45 9.6495
      vertex -10.3371 -14.65 9.35345
      vertex -10.3093 -14.65 9.1777
    endloop
  endfacet
  facet normal -0.765684 -0.631603 -0.121682
    outer loop
      vertex -10.3371 -14.65 9.35345
      vertex -8.89935 -16.45 9.6495
      vertex -8.90082 -16.45 9.65875
    endloop
  endfacet
  facet normal -0.72375 -0.631603 -0.277963
    outer loop
      vertex -8.98665 -16.45 9.9791
      vertex -10.447 -14.65 9.69145
      vertex -10.3832 -14.65 9.52533
    endloop
  endfacet
  facet normal -0.723675 -0.631581 -0.278209
    outer loop
      vertex -10.447 -14.65 9.69145
      vertex -8.98665 -16.45 9.9791
      vertex -8.99001 -16.45 9.98784
    endloop
  endfacet
  facet normal -0.77423 -0.631602 -0.0405831
    outer loop
      vertex -8.83207 -16.45 9.00935
      vertex -8.84894 -16.45 9.33119
      vertex -10.3093 -14.65 9.1777
    endloop
  endfacet
  facet normal -0.774227 -0.631606 -0.0405745
    outer loop
      vertex -8.83207 -16.45 9.00935
      vertex -10.3 -14.65 9
      vertex -8.83158 -16.45 9
    endloop
  endfacet
  facet normal -0.774229 -0.631607 -0.0405196
    outer loop
      vertex -10.3 -14.65 9
      vertex -8.83207 -16.45 9.00935
      vertex -10.3093 -14.65 9.1777
    endloop
  endfacet
  facet normal 0.748886 -0.631599 0.200633
    outer loop
      vertex -15.0158 -16.45 8.02995
      vertex -13.6629 -14.65 8.64655
      vertex -15.0992 -16.45 8.34125
    endloop
  endfacet
  facet normal 0.774234 -0.631608 0.0404149
    outer loop
      vertex -15.1511 -16.45 8.66881
      vertex -13.6907 -14.65 8.8223
      vertex -15.1679 -16.45 8.99065
    endloop
  endfacet
  facet normal 0.602322 -0.631603 0.488145
    outer loop
      vertex -14.5574 -16.45 7.13037
      vertex -13.3753 -14.65 8.00077
      vertex -14.5633 -16.45 7.13765
    endloop
  endfacet
  facet normal 0.602479 -0.631609 0.487943
    outer loop
      vertex -13.3753 -14.65 8.00077
      vertex -14.5574 -16.45 7.13037
      vertex -13.2633 -14.65 7.86248
    endloop
  endfacet
  facet normal 0.602528 -0.631616 0.487873
    outer loop
      vertex -14.3546 -16.45 6.87991
      vertex -13.2633 -14.65 7.86248
      vertex -14.5574 -16.45 7.13037
    endloop
  endfacet
  facet normal 0.351946 -0.6316 0.690808
    outer loop
      vertex -13.2887 -16.45 6.1055
      vertex -12.6915 -14.65 7.44697
      vertex -13.5759 -16.45 6.25182
    endloop
  endfacet
  facet normal 0.200713 -0.631611 0.748854
    outer loop
      vertex -12.6588 -16.45 5.90082
      vertex -12.3534 -14.65 7.33715
      vertex -12.97 -16.45 5.98423
    endloop
  endfacet
  facet normal 0.200618 -0.631602 0.748886
    outer loop
      vertex -12.5253 -14.65 7.3832
      vertex -12.97 -16.45 5.98423
      vertex -12.3534 -14.65 7.33715
    endloop
  endfacet
  facet normal 0.199258 -0.63157 0.749277
    outer loop
      vertex -12.97 -16.45 5.98423
      vertex -12.5253 -14.65 7.3832
      vertex -12.9791 -16.45 5.98665
    endloop
  endfacet
  facet normal 0.121273 -0.631605 0.765747
    outer loop
      vertex -12.3312 -16.45 5.84894
      vertex -12.1777 -14.65 7.30931
      vertex -12.6495 -16.45 5.89935
    endloop
  endfacet
  facet normal 0.040588 -0.631605 0.774227
    outer loop
      vertex -12.0094 -16.45 5.83207
      vertex -12.1777 -14.65 7.30931
      vertex -12.3312 -16.45 5.84894
    endloop
  endfacet
  facet normal -0.748982 -0.631596 0.20028
    outer loop
      vertex -8.98423 -16.45 8.02995
      vertex -10.3832 -14.65 8.47467
      vertex -8.98665 -16.45 8.0209
    endloop
  endfacet
  facet normal -0.748821 -0.631609 0.200842
    outer loop
      vertex -10.3832 -14.65 8.47467
      vertex -8.98423 -16.45 8.02995
      vertex -10.3371 -14.65 8.64655
    endloop
  endfacet
  facet normal -0.602516 -0.631617 0.487888
    outer loop
      vertex -9.6454 -16.45 6.87991
      vertex -9.44259 -16.45 7.13037
      vertex -10.7367 -14.65 7.86248
    endloop
  endfacet
  facet normal -0.690762 -0.631616 0.352007
    outer loop
      vertex -9.25182 -16.45 7.42413
      vertex -10.5278 -14.65 8.15
      vertex -9.25607 -16.45 7.41579
    endloop
  endfacet
  facet normal -0.690754 -0.631617 0.352021
    outer loop
      vertex -10.5278 -14.65 8.15
      vertex -9.25182 -16.45 7.42413
      vertex -10.447 -14.65 8.30855
    endloop
  endfacet
  facet normal -0.650135 -0.6316 0.422381
    outer loop
      vertex -9.25607 -16.45 7.41579
      vertex -10.6247 -14.65 8.00077
      vertex -9.26117 -16.45 7.40794
    endloop
  endfacet
  facet normal -0.650228 -0.631616 0.422215
    outer loop
      vertex -10.6247 -14.65 8.00077
      vertex -9.25607 -16.45 7.41579
      vertex -10.5278 -14.65 8.15
    endloop
  endfacet
  facet normal -0.040563 -0.631607 0.774227
    outer loop
      vertex -12 -14.65 7.3
      vertex -11.9906 -16.45 5.83207
      vertex -11.8223 -14.65 7.30931
    endloop
  endfacet
  facet normal -0.040359 -0.631611 0.774234
    outer loop
      vertex -11.9906 -16.45 5.83207
      vertex -12 -14.65 7.3
      vertex -12 -16.45 5.83158
    endloop
  endfacet
  facet normal -0.121043 -0.631603 0.765784
    outer loop
      vertex -11.6466 -14.65 7.33715
      vertex -11.3505 -16.45 5.89935
      vertex -11.3412 -16.45 5.90082
    endloop
  endfacet
  facet normal -0.121332 -0.63161 0.765733
    outer loop
      vertex -11.3505 -16.45 5.89935
      vertex -11.6466 -14.65 7.33715
      vertex -11.8223 -14.65 7.30931
    endloop
  endfacet
  facet normal -0.487856 -0.631609 0.60255
    outer loop
      vertex -10.1304 -16.45 6.44259
      vertex -9.87991 -16.45 6.6454
      vertex -10.8625 -14.65 7.73665
    endloop
  endfacet
  facet normal 0.277829 -0.631608 -0.723798
    outer loop
      vertex -12.6915 -14.65 10.553
      vertex -12.9878 -16.45 12.01
      vertex -13.2887 -16.45 11.8945
    endloop
  endfacet
  facet normal 0.422279 -0.631606 -0.650196
    outer loop
      vertex -13.5842 -16.45 11.7439
      vertex -12.9992 -14.65 10.3753
      vertex -12.85 -14.65 10.4722
    endloop
  endfacet
  facet normal 0.420414 -0.631786 -0.651229
    outer loop
      vertex -12.9992 -14.65 10.3753
      vertex -13.5842 -16.45 11.7439
      vertex -13.5921 -16.45 11.7388
    endloop
  endfacet
  facet normal 0.774235 -0.631599 -0.0405199
    outer loop
      vertex -15.1679 -16.45 9.00935
      vertex -13.7 -14.65 9
      vertex -13.6907 -14.65 9.1777
    endloop
  endfacet
  facet normal 0.774205 -0.631579 -0.0414013
    outer loop
      vertex -13.7 -14.65 9
      vertex -15.1679 -16.45 9.00935
      vertex -15.1684 -16.45 9
    endloop
  endfacet
  facet normal 0.748886 -0.631599 -0.200633
    outer loop
      vertex -13.6629 -14.65 9.35345
      vertex -15.0158 -16.45 9.97005
      vertex -15.0992 -16.45 9.65875
    endloop
  endfacet
  facet normal 0.725042 -0.631958 -0.273757
    outer loop
      vertex -15.0133 -16.45 9.9791
      vertex -13.553 -14.65 9.69145
      vertex -15.01 -16.45 9.98784
    endloop
  endfacet
  facet normal 0.723759 -0.631591 -0.277967
    outer loop
      vertex -13.553 -14.65 9.69145
      vertex -15.0133 -16.45 9.9791
      vertex -13.6168 -14.65 9.52533
    endloop
  endfacet
  facet normal 0.599738 -0.631498 -0.491452
    outer loop
      vertex -13.3753 -14.65 9.99923
      vertex -14.5574 -16.45 10.8696
      vertex -14.5633 -16.45 10.8624
    endloop
  endfacet
  facet normal 0.602449 -0.631603 -0.487989
    outer loop
      vertex -14.5574 -16.45 10.8696
      vertex -13.3753 -14.65 9.99923
      vertex -13.2633 -14.65 10.1375
    endloop
  endfacet
  facet normal 0.723781 -0.631613 -0.277859
    outer loop
      vertex -13.553 -14.65 9.69145
      vertex -14.8945 -16.45 10.2887
      vertex -15.01 -16.45 9.98784
    endloop
  endfacet
  facet normal -0.351905 -0.631608 -0.690821
    outer loop
      vertex -10.4241 -16.45 11.7482
      vertex -10.7113 -16.45 11.8945
      vertex -11.3085 -14.65 10.553
    endloop
  endfacet
  facet normal -0.0411815 -0.631585 -0.774212
    outer loop
      vertex -12 -14.65 10.7
      vertex -11.9906 -16.45 12.1679
      vertex -12 -16.45 12.1684
    endloop
  endfacet
  facet normal -0.0405199 -0.6316 -0.774235
    outer loop
      vertex -11.9906 -16.45 12.1679
      vertex -12 -14.65 10.7
      vertex -11.8223 -14.65 10.6907
    endloop
  endfacet
  facet normal -0.200692 -0.631604 -0.748865
    outer loop
      vertex -11.03 -16.45 12.0158
      vertex -11.3412 -16.45 12.0992
      vertex -11.6466 -14.65 10.6629
    endloop
  endfacet
  facet normal -0.274887 -0.631856 -0.724703
    outer loop
      vertex -11.0209 -16.45 12.0133
      vertex -11.3085 -14.65 10.553
      vertex -11.0122 -16.45 12.01
    endloop
  endfacet
  facet normal -0.277848 -0.631597 -0.7238
    outer loop
      vertex -11.3085 -14.65 10.553
      vertex -11.0209 -16.45 12.0133
      vertex -11.4747 -14.65 10.6168
    endloop
  endfacet
  facet normal -0.690752 -0.63162 -0.35202
    outer loop
      vertex -9.25182 -16.45 10.5759
      vertex -10.5278 -14.65 9.85
      vertex -10.447 -14.65 9.69145
    endloop
  endfacet
  facet normal -0.690048 -0.631653 -0.353338
    outer loop
      vertex -10.5278 -14.65 9.85
      vertex -9.25182 -16.45 10.5759
      vertex -9.25607 -16.45 10.5842
    endloop
  endfacet
  facet normal -0.602447 -0.631605 -0.487988
    outer loop
      vertex -10.6247 -14.65 9.99923
      vertex -9.44259 -16.45 10.8696
      vertex -10.7367 -14.65 10.1375
    endloop
  endfacet
  facet normal -0.599737 -0.6315 -0.491451
    outer loop
      vertex -9.44259 -16.45 10.8696
      vertex -10.6247 -14.65 9.99923
      vertex -9.43669 -16.45 10.8624
    endloop
  endfacet
  facet normal -0.748821 -0.631609 -0.200842
    outer loop
      vertex -8.98423 -16.45 9.97005
      vertex -10.3832 -14.65 9.52533
      vertex -10.3371 -14.65 9.35345
    endloop
  endfacet
  facet normal -0.748982 -0.631596 -0.20028
    outer loop
      vertex -10.3832 -14.65 9.52533
      vertex -8.98423 -16.45 9.97005
      vertex -8.98665 -16.45 9.9791
    endloop
  endfacet
  facet normal 0.690797 -0.631614 0.351942
    outer loop
      vertex -14.7482 -16.45 7.42413
      vertex -13.553 -14.65 8.30855
      vertex -14.8945 -16.45 7.71129
    endloop
  endfacet
  facet normal 0.723759 -0.631591 0.277967
    outer loop
      vertex -15.0133 -16.45 8.0209
      vertex -13.553 -14.65 8.30855
      vertex -13.6168 -14.65 8.47467
    endloop
  endfacet
  facet normal 0.725042 -0.631958 0.273757
    outer loop
      vertex -13.553 -14.65 8.30855
      vertex -15.0133 -16.45 8.0209
      vertex -15.01 -16.45 8.01216
    endloop
  endfacet
  facet normal 0.765712 -0.631607 0.121481
    outer loop
      vertex -15.1006 -16.45 8.3505
      vertex -13.6907 -14.65 8.8223
      vertex -15.1511 -16.45 8.66881
    endloop
  endfacet
  facet normal 0.487844 -0.63161 0.602559
    outer loop
      vertex -13.8696 -16.45 6.44259
      vertex -13.1375 -14.65 7.73665
      vertex -14.1201 -16.45 6.6454
    endloop
  endfacet
  facet normal 0.27781 -0.6316 0.723812
    outer loop
      vertex -12.9878 -16.45 5.99001
      vertex -12.6915 -14.65 7.44697
      vertex -13.2887 -16.45 6.1055
    endloop
  endfacet
  facet normal 0.422311 -0.631603 0.650178
    outer loop
      vertex -12.9992 -14.65 7.62467
      vertex -13.5842 -16.45 6.25607
      vertex -12.85 -14.65 7.52776
    endloop
  endfacet
  facet normal 0.420414 -0.631786 0.651229
    outer loop
      vertex -13.5842 -16.45 6.25607
      vertex -12.9992 -14.65 7.62467
      vertex -13.5921 -16.45 6.26117
    endloop
  endfacet
  facet normal 0.352076 -0.631612 0.69073
    outer loop
      vertex -12.85 -14.65 7.52776
      vertex -13.5759 -16.45 6.25182
      vertex -12.6915 -14.65 7.44697
    endloop
  endfacet
  facet normal 0.353341 -0.631644 0.690055
    outer loop
      vertex -13.5759 -16.45 6.25182
      vertex -12.85 -14.65 7.52776
      vertex -13.5842 -16.45 6.25607
    endloop
  endfacet
  facet normal -0.121273 -0.631605 0.765747
    outer loop
      vertex -11.6688 -16.45 5.84894
      vertex -11.3505 -16.45 5.89935
      vertex -11.8223 -14.65 7.30931
    endloop
  endfacet
  facet normal -0.27781 -0.6316 0.723812
    outer loop
      vertex -11.0122 -16.45 5.99001
      vertex -10.7113 -16.45 6.1055
      vertex -11.3085 -14.65 7.44697
    endloop
  endfacet
  facet normal -0.351946 -0.6316 0.690808
    outer loop
      vertex -10.7113 -16.45 6.1055
      vertex -10.4241 -16.45 6.25182
      vertex -11.3085 -14.65 7.44697
    endloop
  endfacet
  facet normal -0.200713 -0.631611 0.748854
    outer loop
      vertex -11.3412 -16.45 5.90082
      vertex -11.03 -16.45 5.98423
      vertex -11.6466 -14.65 7.33715
    endloop
  endfacet
  facet normal -0.48787 -0.631607 0.60254
    outer loop
      vertex -11.0008 -14.65 7.62467
      vertex -10.1304 -16.45 6.44259
      vertex -10.8625 -14.65 7.73665
    endloop
  endfacet
  facet normal -0.491452 -0.631498 0.599738
    outer loop
      vertex -10.1304 -16.45 6.44259
      vertex -11.0008 -14.65 7.62467
      vertex -10.1376 -16.45 6.43669
    endloop
  endfacet
  facet normal -0.422223 -0.631618 0.650221
    outer loop
      vertex -10.4079 -16.45 6.26117
      vertex -10.1376 -16.45 6.43669
      vertex -11.0008 -14.65 7.62467
    endloop
  endfacet
  facet normal 0.121484 -0.631607 -0.765711
    outer loop
      vertex -12.1777 -14.65 10.6907
      vertex -12.3312 -16.45 12.1511
      vertex -12.6495 -16.45 12.1006
    endloop
  endfacet
  facet normal 0.0404199 -0.631608 -0.774233
    outer loop
      vertex -12.1777 -14.65 10.6907
      vertex -12.0094 -16.45 12.1679
      vertex -12.3312 -16.45 12.1511
    endloop
  endfacet
  facet normal 0.548203 -0.631622 -0.548203
    outer loop
      vertex -14.3546 -16.45 11.1201
      vertex -13.1375 -14.65 10.2633
      vertex -14.1201 -16.45 11.3546
    endloop
  endfacet
  facet normal 0.548203 -0.631622 -0.548203
    outer loop
      vertex -13.1375 -14.65 10.2633
      vertex -14.3546 -16.45 11.1201
      vertex -13.2633 -14.65 10.1375
    endloop
  endfacet
  facet normal 0.352105 -0.631627 -0.690702
    outer loop
      vertex -13.5759 -16.45 11.7482
      vertex -12.85 -14.65 10.4722
      vertex -12.6915 -14.65 10.553
    endloop
  endfacet
  facet normal 0.356589 -0.631733 -0.6883
    outer loop
      vertex -12.85 -14.65 10.4722
      vertex -13.5759 -16.45 11.7482
      vertex -13.5842 -16.45 11.7439
    endloop
  endfacet
  facet normal 0.200819 -0.631615 -0.748822
    outer loop
      vertex -12.97 -16.45 12.0158
      vertex -12.5253 -14.65 10.6168
      vertex -12.3534 -14.65 10.6629
    endloop
  endfacet
  facet normal 0.205359 -0.631714 -0.747506
    outer loop
      vertex -12.5253 -14.65 10.6168
      vertex -12.97 -16.45 12.0158
      vertex -12.9791 -16.45 12.0133
    endloop
  endfacet
  facet normal 0.277848 -0.631597 -0.7238
    outer loop
      vertex -12.9791 -16.45 12.0133
      vertex -12.6915 -14.65 10.553
      vertex -12.5253 -14.65 10.6168
    endloop
  endfacet
  facet normal 0.274887 -0.631856 -0.724703
    outer loop
      vertex -12.6915 -14.65 10.553
      vertex -12.9791 -16.45 12.0133
      vertex -12.9878 -16.45 12.01
    endloop
  endfacet
  facet normal -0.356589 -0.631733 -0.6883
    outer loop
      vertex -10.4241 -16.45 11.7482
      vertex -11.15 -14.65 10.4722
      vertex -10.4158 -16.45 11.7439
    endloop
  endfacet
  facet normal -0.352105 -0.631627 -0.690702
    outer loop
      vertex -11.15 -14.65 10.4722
      vertex -10.4241 -16.45 11.7482
      vertex -11.3085 -14.65 10.553
    endloop
  endfacet
  facet normal -0.420414 -0.631786 -0.651229
    outer loop
      vertex -10.4158 -16.45 11.7439
      vertex -11.0008 -14.65 10.3753
      vertex -10.4079 -16.45 11.7388
    endloop
  endfacet
  facet normal -0.422279 -0.631606 -0.650196
    outer loop
      vertex -11.0008 -14.65 10.3753
      vertex -10.4158 -16.45 11.7439
      vertex -11.15 -14.65 10.4722
    endloop
  endfacet
  facet normal -0.277829 -0.631608 -0.723798
    outer loop
      vertex -10.7113 -16.45 11.8945
      vertex -11.0122 -16.45 12.01
      vertex -11.3085 -14.65 10.553
    endloop
  endfacet
  facet normal -0.650219 -0.63162 -0.422222
    outer loop
      vertex -9.26117 -16.45 10.5921
      vertex -9.43669 -16.45 10.8624
      vertex -10.6247 -14.65 9.99923
    endloop
  endfacet
  facet normal -0.650229 -0.631614 -0.422215
    outer loop
      vertex -9.25607 -16.45 10.5842
      vertex -10.6247 -14.65 9.99923
      vertex -10.5278 -14.65 9.85
    endloop
  endfacet
  facet normal -0.651227 -0.631788 -0.420413
    outer loop
      vertex -10.6247 -14.65 9.99923
      vertex -9.25607 -16.45 10.5842
      vertex -9.26117 -16.45 10.5921
    endloop
  endfacet
  facet normal 0.650241 -0.63161 0.422203
    outer loop
      vertex -14.5633 -16.45 7.13765
      vertex -13.3753 -14.65 8.00077
      vertex -14.7388 -16.45 7.40794
    endloop
  endfacet
  facet normal 0.723784 -0.631614 0.277851
    outer loop
      vertex -14.8945 -16.45 7.71129
      vertex -13.553 -14.65 8.30855
      vertex -15.01 -16.45 8.01216
    endloop
  endfacet
  facet normal 0.765792 -0.631578 0.121132
    outer loop
      vertex -15.1006 -16.45 8.3505
      vertex -13.6629 -14.65 8.64655
      vertex -13.6907 -14.65 8.8223
    endloop
  endfacet
  facet normal 0.766683 -0.631452 0.116039
    outer loop
      vertex -13.6629 -14.65 8.64655
      vertex -15.1006 -16.45 8.3505
      vertex -15.0992 -16.45 8.34125
    endloop
  endfacet
  facet normal 0.422223 -0.631618 0.650221
    outer loop
      vertex -13.5921 -16.45 6.26117
      vertex -12.9992 -14.65 7.62467
      vertex -13.8624 -16.45 6.43669
    endloop
  endfacet
  facet normal 0.48787 -0.631607 0.60254
    outer loop
      vertex -13.8696 -16.45 6.44259
      vertex -12.9992 -14.65 7.62467
      vertex -13.1375 -14.65 7.73665
    endloop
  endfacet
  facet normal 0.491452 -0.631498 0.599738
    outer loop
      vertex -12.9992 -14.65 7.62467
      vertex -13.8696 -16.45 6.44259
      vertex -13.8624 -16.45 6.43669
    endloop
  endfacet
  facet normal -0.279356 -0.631467 0.723333
    outer loop
      vertex -11.3085 -14.65 7.44697
      vertex -11.0209 -16.45 5.98665
      vertex -11.0122 -16.45 5.99001
    endloop
  endfacet
  facet normal -0.27773 -0.631612 0.723832
    outer loop
      vertex -11.0209 -16.45 5.98665
      vertex -11.3085 -14.65 7.44697
      vertex -11.4747 -14.65 7.3832
    endloop
  endfacet
  facet normal -0.199258 -0.63157 0.749277
    outer loop
      vertex -11.4747 -14.65 7.3832
      vertex -11.03 -16.45 5.98423
      vertex -11.0209 -16.45 5.98665
    endloop
  endfacet
  facet normal -0.200618 -0.631602 0.748886
    outer loop
      vertex -11.03 -16.45 5.98423
      vertex -11.4747 -14.65 7.3832
      vertex -11.6466 -14.65 7.33715
    endloop
  endfacet
  facet normal -0.353341 -0.631644 0.690055
    outer loop
      vertex -11.15 -14.65 7.52776
      vertex -10.4241 -16.45 6.25182
      vertex -10.4158 -16.45 6.25607
    endloop
  endfacet
  facet normal -0.352076 -0.631612 0.69073
    outer loop
      vertex -10.4241 -16.45 6.25182
      vertex -11.15 -14.65 7.52776
      vertex -11.3085 -14.65 7.44697
    endloop
  endfacet
  facet normal 0.200692 -0.631604 -0.748865
    outer loop
      vertex -12.3534 -14.65 10.6629
      vertex -12.6588 -16.45 12.0992
      vertex -12.97 -16.45 12.0158
    endloop
  endfacet
  facet normal 0.121166 -0.63158 -0.765784
    outer loop
      vertex -12.6495 -16.45 12.1006
      vertex -12.3534 -14.65 10.6629
      vertex -12.1777 -14.65 10.6907
    endloop
  endfacet
  facet normal 0.11543 -0.631438 -0.766787
    outer loop
      vertex -12.3534 -14.65 10.6629
      vertex -12.6495 -16.45 12.1006
      vertex -12.6588 -16.45 12.0992
    endloop
  endfacet
  facet normal 0.487825 -0.631619 -0.602564
    outer loop
      vertex -13.1375 -14.65 10.2633
      vertex -13.8696 -16.45 11.5574
      vertex -14.1201 -16.45 11.3546
    endloop
  endfacet
  facet normal 0.49145 -0.631502 -0.599735
    outer loop
      vertex -13.8696 -16.45 11.5574
      vertex -12.9992 -14.65 10.3753
      vertex -13.8624 -16.45 11.5633
    endloop
  endfacet
  facet normal 0.487922 -0.63161 -0.602496
    outer loop
      vertex -12.9992 -14.65 10.3753
      vertex -13.8696 -16.45 11.5574
      vertex -13.1375 -14.65 10.2633
    endloop
  endfacet
  facet normal 0.422187 -0.631621 -0.650241
    outer loop
      vertex -12.9992 -14.65 10.3753
      vertex -13.5921 -16.45 11.7388
      vertex -13.8624 -16.45 11.5633
    endloop
  endfacet
  facet normal 0.6883 -0.631733 -0.356589
    outer loop
      vertex -14.7482 -16.45 10.5759
      vertex -13.4722 -14.65 9.85
      vertex -14.7439 -16.45 10.5842
    endloop
  endfacet
  facet normal 0.690748 -0.631625 -0.352018
    outer loop
      vertex -13.4722 -14.65 9.85
      vertex -14.7482 -16.45 10.5759
      vertex -13.553 -14.65 9.69145
    endloop
  endfacet
  facet normal 0.651232 -0.631781 -0.420416
    outer loop
      vertex -14.7439 -16.45 10.5842
      vertex -13.3753 -14.65 9.99923
      vertex -14.7388 -16.45 10.5921
    endloop
  endfacet
  facet normal 0.650233 -0.631608 -0.422218
    outer loop
      vertex -13.3753 -14.65 9.99923
      vertex -14.7439 -16.45 10.5842
      vertex -13.4722 -14.65 9.85
    endloop
  endfacet
  facet normal 0.650232 -0.631609 0.422217
    outer loop
      vertex -14.7439 -16.45 7.41579
      vertex -13.3753 -14.65 8.00077
      vertex -13.4722 -14.65 8.15
    endloop
  endfacet
  facet normal 0.65014 -0.631593 0.422384
    outer loop
      vertex -13.3753 -14.65 8.00077
      vertex -14.7439 -16.45 7.41579
      vertex -14.7388 -16.45 7.40794
    endloop
  endfacet
  facet normal 0.690751 -0.631621 0.352019
    outer loop
      vertex -14.7482 -16.45 7.42413
      vertex -13.4722 -14.65 8.15
      vertex -13.553 -14.65 8.30855
    endloop
  endfacet
  facet normal 0.689023 -0.6317 0.355251
    outer loop
      vertex -13.4722 -14.65 8.15
      vertex -14.7482 -16.45 7.42413
      vertex -14.7439 -16.45 7.41579
    endloop
  endfacet
  facet normal 0.748815 -0.631617 0.20084
    outer loop
      vertex -15.0158 -16.45 8.02995
      vertex -13.6168 -14.65 8.47467
      vertex -13.6629 -14.65 8.64655
    endloop
  endfacet
  facet normal 0.747198 -0.631736 0.206408
    outer loop
      vertex -13.6168 -14.65 8.47467
      vertex -15.0158 -16.45 8.02995
      vertex -15.0133 -16.45 8.0209
    endloop
  endfacet
  facet normal 0 0.707085 -0.707128
    outer loop
      vertex -32 -13.945 3
      vertex -4 -13.45 3.49497
      vertex -4 -13.945 3
    endloop
  endfacet
  facet normal 0 0.707085 -0.707128
    outer loop
      vertex -4 -13.45 3.49497
      vertex -32 -13.945 3
      vertex -32 -13.45 3.49497
    endloop
  endfacet
  facet normal 0 -0.707092 0.707121
    outer loop
      vertex -32 -13.45 2.50502
      vertex -4 -12.955 3
      vertex -32 -12.955 3
    endloop
  endfacet
  facet normal 0 -0.707092 0.707121
    outer loop
      vertex -4 -12.955 3
      vertex -32 -13.45 2.50502
      vertex -4 -13.45 2.50502
    endloop
  endfacet
  facet normal 0 0.707092 0.707121
    outer loop
      vertex -4 -13.45 2.50502
      vertex -32 -13.945 3
      vertex -4 -13.945 3
    endloop
  endfacet
  facet normal 0 0.707092 0.707121
    outer loop
      vertex -32 -13.945 3
      vertex -4 -13.45 2.50502
      vertex -32 -13.45 2.50502
    endloop
  endfacet
  facet normal 0 -0.707114 0.7071
    outer loop
      vertex -32 5.45 2.50502
      vertex -4 5.94497 3
      vertex -32 5.94497 3
    endloop
  endfacet
  facet normal 0 -0.707114 0.7071
    outer loop
      vertex -4 5.94497 3
      vertex -32 5.45 2.50502
      vertex -4 5.45 2.50502
    endloop
  endfacet
  facet normal 0 -0.707107 -0.707107
    outer loop
      vertex -32 5.45 3.49497
      vertex -4 5.94497 3
      vertex -4 5.45 3.49497
    endloop
  endfacet
  facet normal -0 -0.707107 -0.707107
    outer loop
      vertex -4 5.94497 3
      vertex -32 5.45 3.49497
      vertex -32 5.94497 3
    endloop
  endfacet
  facet normal 0 0.707107 0.707107
    outer loop
      vertex -4 5.45 2.50502
      vertex -32 4.95502 3
      vertex -4 4.95502 3
    endloop
  endfacet
  facet normal 0 0.707107 0.707107
    outer loop
      vertex -32 4.95502 3
      vertex -4 5.45 2.50502
      vertex -32 5.45 2.50502
    endloop
  endfacet
  facet normal 2.09301e-06 -0.707127 0.707087
    outer loop
      vertex -31.4897 5.45 11.51
      vertex -29.5 6.43995 12.5
      vertex -29.7613 6.42625 12.4863
    endloop
  endfacet
  facet normal 0 -0.707125 0.707089
    outer loop
      vertex -29.5 6.43995 12.5
      vertex -31.4897 5.45 11.51
      vertex -6.5 6.43995 12.5
    endloop
  endfacet
  facet normal 0.000121974 -0.707233 0.706981
    outer loop
      vertex -31.4897 5.45 11.51
      vertex -29.7613 6.42625 12.4863
      vertex -30.0198 6.38532 12.4454
    endloop
  endfacet
  facet normal 0 -0.707125 0.707089
    outer loop
      vertex -4.51032 5.45 11.51
      vertex -6.5 6.43995 12.5
      vertex -31.4897 5.45 11.51
    endloop
  endfacet
  facet normal -0.00031051 -0.706893 0.70732
    outer loop
      vertex -31.4897 5.45 11.51
      vertex -30.0198 6.38532 12.4454
      vertex -30.2725 6.31759 12.3776
    endloop
  endfacet
  facet normal -2.09283e-06 -0.707127 0.707087
    outer loop
      vertex -6.5 6.43995 12.5
      vertex -4.51032 5.45 11.51
      vertex -6.23868 6.42625 12.4863
    endloop
  endfacet
  facet normal 0.000508327 -0.707467 0.706746
    outer loop
      vertex -31.4897 5.45 11.51
      vertex -30.2725 6.31759 12.3776
      vertex -30.5168 6.22381 12.2839
    endloop
  endfacet
  facet normal -0.000121999 -0.707233 0.706981
    outer loop
      vertex -6.23868 6.42625 12.4863
      vertex -4.51032 5.45 11.51
      vertex -5.98022 6.38532 12.4454
    endloop
  endfacet
  facet normal 0.000116524 -0.707221 0.706992
    outer loop
      vertex -31.4897 5.45 11.51
      vertex -30.5168 6.22381 12.2839
      vertex -30.75 6.10501 12.1651
    endloop
  endfacet
  facet normal 0.000310382 -0.706893 0.70732
    outer loop
      vertex -5.98022 6.38532 12.4454
      vertex -4.51032 5.45 11.51
      vertex -5.72746 6.31759 12.3776
    endloop
  endfacet
  facet normal -0.00073 -0.706743 0.70747
    outer loop
      vertex -31.4897 5.45 11.51
      vertex -30.75 6.10501 12.1651
      vertex -30.9695 5.96249 12.0225
    endloop
  endfacet
  facet normal -0.000508298 -0.707467 0.706746
    outer loop
      vertex -5.72746 6.31759 12.3776
      vertex -4.51032 5.45 11.51
      vertex -5.48316 6.22381 12.2839
    endloop
  endfacet
  facet normal 0.0016261 -0.707938 0.706273
    outer loop
      vertex -31.4897 5.45 11.51
      vertex -30.9695 5.96249 12.0225
      vertex -31.1728 5.79781 11.8579
    endloop
  endfacet
  facet normal -0.000116567 -0.707221 0.706992
    outer loop
      vertex -5.48316 6.22381 12.2839
      vertex -4.51032 5.45 11.51
      vertex -5.25 6.10501 12.1651
    endloop
  endfacet
  facet normal -0.000947676 -0.706766 0.707447
    outer loop
      vertex -31.4897 5.45 11.51
      vertex -31.1728 5.79781 11.8579
      vertex -31.3579 5.61278 11.6728
    endloop
  endfacet
  facet normal 0.000730445 -0.706743 0.70747
    outer loop
      vertex -5.25 6.10501 12.1651
      vertex -4.51032 5.45 11.51
      vertex -5.03054 5.96249 12.0225
    endloop
  endfacet
  facet normal -0.00162325 -0.707936 0.706275
    outer loop
      vertex -5.03054 5.96249 12.0225
      vertex -4.51032 5.45 11.51
      vertex -4.82717 5.79781 11.8579
    endloop
  endfacet
  facet normal 0.000950175 -0.706765 0.707448
    outer loop
      vertex -4.82717 5.79781 11.8579
      vertex -4.51032 5.45 11.51
      vertex -4.64214 5.61278 11.6728
    endloop
  endfacet
  facet normal -1 0 0
    outer loop
      vertex -32 41.35 0
      vertex -32 38.845 3
      vertex -32 41.35 10
    endloop
  endfacet
  facet normal -1 0 0
    outer loop
      vertex -32 41.35 0
      vertex -32 38.35 2.50502
      vertex -32 38.845 3
    endloop
  endfacet
  facet normal -1 0 0
    outer loop
      vertex -32 38.35 2.50502
      vertex -32 19.945 3
      vertex -32 37.855 3
    endloop
  endfacet
  facet normal -1 0 0
    outer loop
      vertex -32 19.45 2.50502
      vertex -32 38.35 2.50502
      vertex -32 41.35 0
    endloop
  endfacet
  facet normal -1 0 0
    outer loop
      vertex -32 38.35 2.50502
      vertex -32 19.45 2.50502
      vertex -32 19.945 3
    endloop
  endfacet
  facet normal -1 -0 0
    outer loop
      vertex -32 19.45 2.50502
      vertex -32 16.45 0
      vertex -32 18.955 3
    endloop
  endfacet
  facet normal -1 0 0
    outer loop
      vertex -32 16.45 0
      vertex -32 19.45 2.50502
      vertex -32 41.35 0
    endloop
  endfacet
  facet normal -1 0 0
    outer loop
      vertex -32 38.35 3.49497
      vertex -32 41.35 10
      vertex -32 38.845 3
    endloop
  endfacet
  facet normal -1 -0 0
    outer loop
      vertex -32 41.35 10
      vertex -32 38.35 3.49497
      vertex -32 38.35 10
    endloop
  endfacet
  facet normal -1 0 0
    outer loop
      vertex -32 16.45 17.5
      vertex -32 19.45 3.49497
      vertex -32 18.955 3
    endloop
  endfacet
  facet normal -1 0 0
    outer loop
      vertex -32 16.45 17.5
      vertex -32 18.955 3
      vertex -32 16.45 0
    endloop
  endfacet
  facet normal -1 0 0
    outer loop
      vertex -32 19.45 3.49497
      vertex -32 16.45 17.5
      vertex -32 19.45 17.5
    endloop
  endfacet
  facet normal -0 0 1
    outer loop
      vertex -32 37.855 3
      vertex -4 19.945 3
      vertex -4 37.855 3
    endloop
  endfacet
  facet normal 0 0 1
    outer loop
      vertex -4 19.945 3
      vertex -32 37.855 3
      vertex -32 19.945 3
    endloop
  endfacet
  facet normal 1 -0 0
    outer loop
      vertex -4 16.45 17.5
      vertex -4 19.45 3.49497
      vertex -4 19.45 17.5
    endloop
  endfacet
  facet normal 1 0 0
    outer loop
      vertex -4 19.45 3.49497
      vertex -4 16.45 17.5
      vertex -4 18.955 3
    endloop
  endfacet
  facet normal 1 0 0
    outer loop
      vertex -4 41.35 10
      vertex -4 38.845 3
      vertex -4 41.35 0
    endloop
  endfacet
  facet normal 1 0 0
    outer loop
      vertex -4 38.35 3.49497
      vertex -4 41.35 10
      vertex -4 38.35 10
    endloop
  endfacet
  facet normal 1 0 0
    outer loop
      vertex -4 41.35 10
      vertex -4 38.35 3.49497
      vertex -4 38.845 3
    endloop
  endfacet
  facet normal 1 -0 0
    outer loop
      vertex -4 38.35 2.50502
      vertex -4 41.35 0
      vertex -4 38.845 3
    endloop
  endfacet
  facet normal 1 -0 0
    outer loop
      vertex -4 19.945 3
      vertex -4 38.35 2.50502
      vertex -4 37.855 3
    endloop
  endfacet
  facet normal 1 0 0
    outer loop
      vertex -4 19.45 2.50502
      vertex -4 38.35 2.50502
      vertex -4 19.945 3
    endloop
  endfacet
  facet normal 1 0 0
    outer loop
      vertex -4 38.35 2.50502
      vertex -4 19.45 2.50502
      vertex -4 41.35 0
    endloop
  endfacet
  facet normal 1 0 0
    outer loop
      vertex -4 19.45 2.50502
      vertex -4 16.45 0
      vertex -4 41.35 0
    endloop
  endfacet
  facet normal 1 0 0
    outer loop
      vertex -4 18.955 3
      vertex -4 16.45 0
      vertex -4 19.45 2.50502
    endloop
  endfacet
  facet normal 1 0 0
    outer loop
      vertex -4 16.45 0
      vertex -4 18.955 3
      vertex -4 16.45 17.5
    endloop
  endfacet
  facet normal 0 1 0
    outer loop
      vertex -4 41.35 10
      vertex -6.5 41.35 12.5
      vertex -6.23868 41.35 12.4863
    endloop
  endfacet
  facet normal 0 1 0
    outer loop
      vertex -6.5 41.35 12.5
      vertex -4 41.35 0
      vertex -29.5 41.35 12.5
    endloop
  endfacet
  facet normal 0 1 0
    outer loop
      vertex -4 41.35 10
      vertex -6.23868 41.35 12.4863
      vertex -5.98022 41.35 12.4454
    endloop
  endfacet
  facet normal 0 1 0
    outer loop
      vertex -32 41.35 0
      vertex -29.5 41.35 12.5
      vertex -4 41.35 0
    endloop
  endfacet
  facet normal 0 1 0
    outer loop
      vertex -4 41.35 10
      vertex -5.98022 41.35 12.4454
      vertex -5.72746 41.35 12.3776
    endloop
  endfacet
  facet normal -0 1 0
    outer loop
      vertex -32 41.35 10
      vertex -29.5 41.35 12.5
      vertex -32 41.35 0
    endloop
  endfacet
  facet normal 0 1 0
    outer loop
      vertex -4 41.35 10
      vertex -5.72746 41.35 12.3776
      vertex -5.48316 41.35 12.2839
    endloop
  endfacet
  facet normal 0 1 0
    outer loop
      vertex -29.5 41.35 12.5
      vertex -32 41.35 10
      vertex -29.7613 41.35 12.4863
    endloop
  endfacet
  facet normal 0 1 0
    outer loop
      vertex -4 41.35 10
      vertex -5.48316 41.35 12.2839
      vertex -5.25 41.35 12.1651
    endloop
  endfacet
  facet normal 0 1 0
    outer loop
      vertex -29.7613 41.35 12.4863
      vertex -32 41.35 10
      vertex -30.0198 41.35 12.4454
    endloop
  endfacet
  facet normal 0 1 0
    outer loop
      vertex -4 41.35 10
      vertex -5.25 41.35 12.1651
      vertex -5.03054 41.35 12.0225
    endloop
  endfacet
  facet normal 0 1 0
    outer loop
      vertex -30.0198 41.35 12.4454
      vertex -32 41.35 10
      vertex -30.2725 41.35 12.3776
    endloop
  endfacet
  facet normal 0 1 0
    outer loop
      vertex -4 41.35 10
      vertex -5.03054 41.35 12.0225
      vertex -4.82717 41.35 11.8579
    endloop
  endfacet
  facet normal 0 1 0
    outer loop
      vertex -6.5 41.35 12.5
      vertex -4 41.35 10
      vertex -4 41.35 0
    endloop
  endfacet
  facet normal 0 1 0
    outer loop
      vertex -4 41.35 10
      vertex -4.82717 41.35 11.8579
      vertex -4.64214 41.35 11.6728
    endloop
  endfacet
  facet normal 0 1 0
    outer loop
      vertex -30.2725 41.35 12.3776
      vertex -32 41.35 10
      vertex -30.5168 41.35 12.2839
    endloop
  endfacet
  facet normal 0 1 0
    outer loop
      vertex -4 41.35 10
      vertex -4.64214 41.35 11.6728
      vertex -4.47746 41.35 11.4695
    endloop
  endfacet
  facet normal 0 1 0
    outer loop
      vertex -30.9695 41.35 12.0225
      vertex -32 41.35 10
      vertex -31.1728 41.35 11.8579
    endloop
  endfacet
  facet normal 0 1 0
    outer loop
      vertex -4 41.35 10
      vertex -4.47746 41.35 11.4695
      vertex -4.33494 41.35 11.25
    endloop
  endfacet
  facet normal 0 1 0
    outer loop
      vertex -31.1728 41.35 11.8579
      vertex -32 41.35 10
      vertex -31.3579 41.35 11.6728
    endloop
  endfacet
  facet normal 0 1 0
    outer loop
      vertex -4 41.35 10
      vertex -4.33494 41.35 11.25
      vertex -4.21614 41.35 11.0168
    endloop
  endfacet
  facet normal 0 1 0
    outer loop
      vertex -31.3579 41.35 11.6728
      vertex -32 41.35 10
      vertex -31.5225 41.35 11.4695
    endloop
  endfacet
  facet normal 0 1 0
    outer loop
      vertex -4 41.35 10
      vertex -4.21614 41.35 11.0168
      vertex -4.12236 41.35 10.7725
    endloop
  endfacet
  facet normal 0 1 0
    outer loop
      vertex -31.5225 41.35 11.4695
      vertex -32 41.35 10
      vertex -31.6651 41.35 11.25
    endloop
  endfacet
  facet normal 0 1 0
    outer loop
      vertex -4 41.35 10
      vertex -4.12236 41.35 10.7725
      vertex -4.05463 41.35 10.5198
    endloop
  endfacet
  facet normal 0 1 0
    outer loop
      vertex -31.6651 41.35 11.25
      vertex -32 41.35 10
      vertex -31.7839 41.35 11.0168
    endloop
  endfacet
  facet normal 0 1 0
    outer loop
      vertex -4 41.35 10
      vertex -4.05463 41.35 10.5198
      vertex -4.0137 41.35 10.2613
    endloop
  endfacet
  facet normal 0 1 0
    outer loop
      vertex -31.7839 41.35 11.0168
      vertex -32 41.35 10
      vertex -31.8776 41.35 10.7725
    endloop
  endfacet
  facet normal 0 1 0
    outer loop
      vertex -31.8776 41.35 10.7725
      vertex -32 41.35 10
      vertex -31.9454 41.35 10.5198
    endloop
  endfacet
  facet normal 0 1 0
    outer loop
      vertex -31.9454 41.35 10.5198
      vertex -32 41.35 10
      vertex -31.9863 41.35 10.2613
    endloop
  endfacet
  facet normal 0 1 0
    outer loop
      vertex -30.5168 41.35 12.2839
      vertex -32 41.35 10
      vertex -30.75 41.35 12.1651
    endloop
  endfacet
  facet normal 0 1 0
    outer loop
      vertex -30.75 41.35 12.1651
      vertex -32 41.35 10
      vertex -30.9695 41.35 12.0225
    endloop
  endfacet
  facet normal 0 0 -1
    outer loop
      vertex -32 16.45 0
      vertex -4 41.35 0
      vertex -4 16.45 0
    endloop
  endfacet
  facet normal -0 0 -1
    outer loop
      vertex -4 41.35 0
      vertex -32 16.45 0
      vertex -32 41.35 0
    endloop
  endfacet
  facet normal 0 -1 0
    outer loop
      vertex -23.3505 16.45 12.1006
      vertex -29.5 16.45 20
      vertex -23.6688 16.45 12.1511
    endloop
  endfacet
  facet normal 0 -1 0
    outer loop
      vertex -6.5 16.45 20
      vertex -12.0094 16.45 12.1679
      vertex -12 16.45 12.1684
    endloop
  endfacet
  facet normal 0 -1 0
    outer loop
      vertex -23.3412 16.45 12.0992
      vertex -29.5 16.45 20
      vertex -23.3505 16.45 12.1006
    endloop
  endfacet
  facet normal 0 -1 0
    outer loop
      vertex -6.5 16.45 20
      vertex -12.3312 16.45 12.1511
      vertex -12.0094 16.45 12.1679
    endloop
  endfacet
  facet normal 0 -1 0
    outer loop
      vertex -23.03 16.45 12.0158
      vertex -29.5 16.45 20
      vertex -23.3412 16.45 12.0992
    endloop
  endfacet
  facet normal 0 -1 0
    outer loop
      vertex -6.5 16.45 20
      vertex -12.6495 16.45 12.1006
      vertex -12.3312 16.45 12.1511
    endloop
  endfacet
  facet normal 0 -1 0
    outer loop
      vertex -23.0209 16.45 12.0133
      vertex -29.5 16.45 20
      vertex -23.03 16.45 12.0158
    endloop
  endfacet
  facet normal 0 -1 0
    outer loop
      vertex -6.5 16.45 20
      vertex -12.6588 16.45 12.0992
      vertex -12.6495 16.45 12.1006
    endloop
  endfacet
  facet normal 0 -1 0
    outer loop
      vertex -23.0122 16.45 12.01
      vertex -29.5 16.45 20
      vertex -23.0209 16.45 12.0133
    endloop
  endfacet
  facet normal 0 -1 0
    outer loop
      vertex -6.5 16.45 20
      vertex -12.97 16.45 12.0158
      vertex -12.6588 16.45 12.0992
    endloop
  endfacet
  facet normal 0 -1 0
    outer loop
      vertex -22.7113 16.45 11.8945
      vertex -29.5 16.45 20
      vertex -23.0122 16.45 12.01
    endloop
  endfacet
  facet normal 0 -1 0
    outer loop
      vertex -6.5 16.45 20
      vertex -12.9791 16.45 12.0133
      vertex -12.97 16.45 12.0158
    endloop
  endfacet
  facet normal 0 -1 0
    outer loop
      vertex -29.5 16.45 20
      vertex -22.7113 16.45 11.8945
      vertex -6.5 16.45 20
    endloop
  endfacet
  facet normal 0 -1 0
    outer loop
      vertex -6.5 16.45 20
      vertex -12.9878 16.45 12.01
      vertex -12.9791 16.45 12.0133
    endloop
  endfacet
  facet normal 0 -1 0
    outer loop
      vertex -13.2887 16.45 11.8945
      vertex -6.5 16.45 20
      vertex -22.7113 16.45 11.8945
    endloop
  endfacet
  facet normal 0 -1 0
    outer loop
      vertex -6.5 16.45 20
      vertex -13.2887 16.45 11.8945
      vertex -12.9878 16.45 12.01
    endloop
  endfacet
  facet normal 0 -1 0
    outer loop
      vertex -22.4241 16.45 11.7482
      vertex -13.2887 16.45 11.8945
      vertex -22.7113 16.45 11.8945
    endloop
  endfacet
  facet normal 0 -1 0
    outer loop
      vertex -22.4241 16.45 11.7482
      vertex -13.5759 16.45 11.7482
      vertex -13.2887 16.45 11.8945
    endloop
  endfacet
  facet normal 0 -1 0
    outer loop
      vertex -22.4158 16.45 11.7439
      vertex -13.5759 16.45 11.7482
      vertex -22.4241 16.45 11.7482
    endloop
  endfacet
  facet normal 0 -1 0
    outer loop
      vertex -22.4158 16.45 11.7439
      vertex -13.5842 16.45 11.7439
      vertex -13.5759 16.45 11.7482
    endloop
  endfacet
  facet normal 0 -1 0
    outer loop
      vertex -22.4079 16.45 11.7388
      vertex -13.5842 16.45 11.7439
      vertex -22.4158 16.45 11.7439
    endloop
  endfacet
  facet normal 0 -1 0
    outer loop
      vertex -22.4079 16.45 11.7388
      vertex -13.5921 16.45 11.7388
      vertex -13.5842 16.45 11.7439
    endloop
  endfacet
  facet normal 0 -1 0
    outer loop
      vertex -22.1376 16.45 11.5633
      vertex -13.5921 16.45 11.7388
      vertex -22.4079 16.45 11.7388
    endloop
  endfacet
  facet normal 0 -1 0
    outer loop
      vertex -22.1376 16.45 11.5633
      vertex -13.8624 16.45 11.5633
      vertex -13.5921 16.45 11.7388
    endloop
  endfacet
  facet normal 0 -1 0
    outer loop
      vertex -22.1304 16.45 11.5574
      vertex -13.8624 16.45 11.5633
      vertex -22.1376 16.45 11.5633
    endloop
  endfacet
  facet normal 0 -1 0
    outer loop
      vertex -22.1304 16.45 11.5574
      vertex -13.8696 16.45 11.5574
      vertex -13.8624 16.45 11.5633
    endloop
  endfacet
  facet normal 0 -1 0
    outer loop
      vertex -21.8799 16.45 11.3546
      vertex -13.8696 16.45 11.5574
      vertex -22.1304 16.45 11.5574
    endloop
  endfacet
  facet normal 0 -1 0
    outer loop
      vertex -21.8799 16.45 11.3546
      vertex -14.1201 16.45 11.3546
      vertex -13.8696 16.45 11.5574
    endloop
  endfacet
  facet normal 0 -1 0
    outer loop
      vertex -21.6454 16.45 11.1201
      vertex -14.1201 16.45 11.3546
      vertex -21.8799 16.45 11.3546
    endloop
  endfacet
  facet normal 0 -1 0
    outer loop
      vertex -21.6454 16.45 11.1201
      vertex -14.3546 16.45 11.1201
      vertex -14.1201 16.45 11.3546
    endloop
  endfacet
  facet normal 0 -1 0
    outer loop
      vertex -21.4426 16.45 10.8696
      vertex -14.3546 16.45 11.1201
      vertex -21.6454 16.45 11.1201
    endloop
  endfacet
  facet normal 0 -1 0
    outer loop
      vertex -21.4426 16.45 10.8696
      vertex -14.5574 16.45 10.8696
      vertex -14.3546 16.45 11.1201
    endloop
  endfacet
  facet normal 0 -1 0
    outer loop
      vertex -21.4367 16.45 10.8624
      vertex -14.5574 16.45 10.8696
      vertex -21.4426 16.45 10.8696
    endloop
  endfacet
  facet normal 0 -1 0
    outer loop
      vertex -21.4367 16.45 10.8624
      vertex -14.5633 16.45 10.8624
      vertex -14.5574 16.45 10.8696
    endloop
  endfacet
  facet normal 0 -1 0
    outer loop
      vertex -21.2612 16.45 10.5921
      vertex -14.5633 16.45 10.8624
      vertex -21.4367 16.45 10.8624
    endloop
  endfacet
  facet normal 0 -1 0
    outer loop
      vertex -21.2612 16.45 10.5921
      vertex -14.7388 16.45 10.5921
      vertex -14.5633 16.45 10.8624
    endloop
  endfacet
  facet normal 0 -1 0
    outer loop
      vertex -21.2561 16.45 10.5842
      vertex -14.7388 16.45 10.5921
      vertex -21.2612 16.45 10.5921
    endloop
  endfacet
  facet normal 0 -1 0
    outer loop
      vertex -21.2561 16.45 10.5842
      vertex -14.7439 16.45 10.5842
      vertex -14.7388 16.45 10.5921
    endloop
  endfacet
  facet normal 0 -1 0
    outer loop
      vertex -21.2518 16.45 10.5759
      vertex -14.7439 16.45 10.5842
      vertex -21.2561 16.45 10.5842
    endloop
  endfacet
  facet normal 0 -1 0
    outer loop
      vertex -21.2518 16.45 10.5759
      vertex -14.7482 16.45 10.5759
      vertex -14.7439 16.45 10.5842
    endloop
  endfacet
  facet normal 0 -1 0
    outer loop
      vertex -21.1055 16.45 10.2887
      vertex -14.7482 16.45 10.5759
      vertex -21.2518 16.45 10.5759
    endloop
  endfacet
  facet normal 0 -1 0
    outer loop
      vertex -21.1055 16.45 10.2887
      vertex -14.8945 16.45 10.2887
      vertex -14.7482 16.45 10.5759
    endloop
  endfacet
  facet normal 0 -1 0
    outer loop
      vertex -20.99 16.45 9.98784
      vertex -14.8945 16.45 10.2887
      vertex -21.1055 16.45 10.2887
    endloop
  endfacet
  facet normal 0 -1 0
    outer loop
      vertex -20.99 16.45 9.98784
      vertex -15.01 16.45 9.98784
      vertex -14.8945 16.45 10.2887
    endloop
  endfacet
  facet normal 0 -1 0
    outer loop
      vertex -20.9867 16.45 9.9791
      vertex -15.01 16.45 9.98784
      vertex -20.99 16.45 9.98784
    endloop
  endfacet
  facet normal 0 -1 0
    outer loop
      vertex -20.9867 16.45 9.9791
      vertex -15.0133 16.45 9.9791
      vertex -15.01 16.45 9.98784
    endloop
  endfacet
  facet normal 0 -1 0
    outer loop
      vertex -20.9842 16.45 9.97005
      vertex -15.0133 16.45 9.9791
      vertex -20.9867 16.45 9.9791
    endloop
  endfacet
  facet normal 0 -1 0
    outer loop
      vertex -20.9842 16.45 9.97005
      vertex -15.0158 16.45 9.97005
      vertex -15.0133 16.45 9.9791
    endloop
  endfacet
  facet normal 0 -1 0
    outer loop
      vertex -20.9008 16.45 9.65875
      vertex -15.0158 16.45 9.97005
      vertex -20.9842 16.45 9.97005
    endloop
  endfacet
  facet normal 0 -1 0
    outer loop
      vertex -20.9008 16.45 9.65875
      vertex -15.0992 16.45 9.65875
      vertex -15.0158 16.45 9.97005
    endloop
  endfacet
  facet normal 0 -1 0
    outer loop
      vertex -20.8994 16.45 9.6495
      vertex -15.0992 16.45 9.65875
      vertex -20.9008 16.45 9.65875
    endloop
  endfacet
  facet normal 0 -1 0
    outer loop
      vertex -20.8994 16.45 9.6495
      vertex -15.1006 16.45 9.6495
      vertex -15.0992 16.45 9.65875
    endloop
  endfacet
  facet normal 0 -1 0
    outer loop
      vertex -20.8489 16.45 9.33119
      vertex -15.1006 16.45 9.6495
      vertex -20.8994 16.45 9.6495
    endloop
  endfacet
  facet normal 0 -1 0
    outer loop
      vertex -20.8489 16.45 9.33119
      vertex -15.1511 16.45 9.33119
      vertex -15.1006 16.45 9.6495
    endloop
  endfacet
  facet normal 0 -1 0
    outer loop
      vertex -20.8321 16.45 9.00935
      vertex -15.1511 16.45 9.33119
      vertex -20.8489 16.45 9.33119
    endloop
  endfacet
  facet normal 0 -1 0
    outer loop
      vertex -20.8321 16.45 9.00935
      vertex -15.1679 16.45 9.00935
      vertex -15.1511 16.45 9.33119
    endloop
  endfacet
  facet normal 0 -1 0
    outer loop
      vertex -20.8316 16.45 9
      vertex -15.1679 16.45 9.00935
      vertex -20.8321 16.45 9.00935
    endloop
  endfacet
  facet normal 0 -1 0
    outer loop
      vertex -20.8316 16.45 9
      vertex -15.1684 16.45 9
      vertex -15.1679 16.45 9.00935
    endloop
  endfacet
  facet normal 0 -1 0
    outer loop
      vertex -20.8321 16.45 8.99065
      vertex -15.1684 16.45 9
      vertex -20.8316 16.45 9
    endloop
  endfacet
  facet normal 0 -1 0
    outer loop
      vertex -20.8321 16.45 8.99065
      vertex -15.1679 16.45 8.99065
      vertex -15.1684 16.45 9
    endloop
  endfacet
  facet normal 0 -1 0
    outer loop
      vertex -20.8489 16.45 8.66881
      vertex -15.1679 16.45 8.99065
      vertex -20.8321 16.45 8.99065
    endloop
  endfacet
  facet normal 0 -1 0
    outer loop
      vertex -20.8489 16.45 8.66881
      vertex -15.1511 16.45 8.66881
      vertex -15.1679 16.45 8.99065
    endloop
  endfacet
  facet normal 0 -1 0
    outer loop
      vertex -20.8994 16.45 8.3505
      vertex -15.1511 16.45 8.66881
      vertex -20.8489 16.45 8.66881
    endloop
  endfacet
  facet normal 0 -1 0
    outer loop
      vertex -20.8994 16.45 8.3505
      vertex -15.1006 16.45 8.3505
      vertex -15.1511 16.45 8.66881
    endloop
  endfacet
  facet normal 0 -1 0
    outer loop
      vertex -20.9008 16.45 8.34125
      vertex -15.1006 16.45 8.3505
      vertex -20.8994 16.45 8.3505
    endloop
  endfacet
  facet normal 0 -1 0
    outer loop
      vertex -20.9008 16.45 8.34125
      vertex -15.0992 16.45 8.34125
      vertex -15.1006 16.45 8.3505
    endloop
  endfacet
  facet normal 0 -1 0
    outer loop
      vertex -20.9842 16.45 8.02995
      vertex -15.0992 16.45 8.34125
      vertex -20.9008 16.45 8.34125
    endloop
  endfacet
  facet normal 0 -1 0
    outer loop
      vertex -20.9842 16.45 8.02995
      vertex -15.0158 16.45 8.02995
      vertex -15.0992 16.45 8.34125
    endloop
  endfacet
  facet normal 0 -1 0
    outer loop
      vertex -20.9867 16.45 8.0209
      vertex -15.0158 16.45 8.02995
      vertex -20.9842 16.45 8.02995
    endloop
  endfacet
  facet normal 0 -1 0
    outer loop
      vertex -20.9867 16.45 8.0209
      vertex -15.0133 16.45 8.0209
      vertex -15.0158 16.45 8.02995
    endloop
  endfacet
  facet normal 0 -1 0
    outer loop
      vertex -20.99 16.45 8.01216
      vertex -15.0133 16.45 8.0209
      vertex -20.9867 16.45 8.0209
    endloop
  endfacet
  facet normal 0 -1 0
    outer loop
      vertex -20.99 16.45 8.01216
      vertex -15.01 16.45 8.01216
      vertex -15.0133 16.45 8.0209
    endloop
  endfacet
  facet normal 0 -1 0
    outer loop
      vertex -21.1055 16.45 7.71129
      vertex -15.01 16.45 8.01216
      vertex -20.99 16.45 8.01216
    endloop
  endfacet
  facet normal 0 -1 0
    outer loop
      vertex -21.1055 16.45 7.71129
      vertex -14.8945 16.45 7.71129
      vertex -15.01 16.45 8.01216
    endloop
  endfacet
  facet normal 0 -1 0
    outer loop
      vertex -21.2518 16.45 7.42413
      vertex -14.8945 16.45 7.71129
      vertex -21.1055 16.45 7.71129
    endloop
  endfacet
  facet normal 0 -1 0
    outer loop
      vertex -21.2518 16.45 7.42413
      vertex -14.7482 16.45 7.42413
      vertex -14.8945 16.45 7.71129
    endloop
  endfacet
  facet normal 0 -1 0
    outer loop
      vertex -21.2561 16.45 7.41579
      vertex -14.7482 16.45 7.42413
      vertex -21.2518 16.45 7.42413
    endloop
  endfacet
  facet normal 0 -1 0
    outer loop
      vertex -21.2561 16.45 7.41579
      vertex -14.7439 16.45 7.41579
      vertex -14.7482 16.45 7.42413
    endloop
  endfacet
  facet normal 0 -1 0
    outer loop
      vertex -21.2612 16.45 7.40794
      vertex -14.7439 16.45 7.41579
      vertex -21.2561 16.45 7.41579
    endloop
  endfacet
  facet normal 0 -1 0
    outer loop
      vertex -21.2612 16.45 7.40794
      vertex -14.7388 16.45 7.40794
      vertex -14.7439 16.45 7.41579
    endloop
  endfacet
  facet normal 0 -1 0
    outer loop
      vertex -21.4367 16.45 7.13765
      vertex -14.7388 16.45 7.40794
      vertex -21.2612 16.45 7.40794
    endloop
  endfacet
  facet normal 0 -1 0
    outer loop
      vertex -21.4367 16.45 7.13765
      vertex -14.5633 16.45 7.13765
      vertex -14.7388 16.45 7.40794
    endloop
  endfacet
  facet normal 0 -1 0
    outer loop
      vertex -21.4426 16.45 7.13037
      vertex -14.5633 16.45 7.13765
      vertex -21.4367 16.45 7.13765
    endloop
  endfacet
  facet normal 0 -1 0
    outer loop
      vertex -21.4426 16.45 7.13037
      vertex -14.5574 16.45 7.13037
      vertex -14.5633 16.45 7.13765
    endloop
  endfacet
  facet normal 0 -1 0
    outer loop
      vertex -21.6454 16.45 6.87991
      vertex -14.5574 16.45 7.13037
      vertex -21.4426 16.45 7.13037
    endloop
  endfacet
  facet normal 0 -1 0
    outer loop
      vertex -21.6454 16.45 6.87991
      vertex -14.3546 16.45 6.87991
      vertex -14.5574 16.45 7.13037
    endloop
  endfacet
  facet normal 0 -1 0
    outer loop
      vertex -21.8799 16.45 6.6454
      vertex -14.3546 16.45 6.87991
      vertex -21.6454 16.45 6.87991
    endloop
  endfacet
  facet normal 0 -1 0
    outer loop
      vertex -21.8799 16.45 6.6454
      vertex -14.1201 16.45 6.6454
      vertex -14.3546 16.45 6.87991
    endloop
  endfacet
  facet normal 0 -1 0
    outer loop
      vertex -22.1304 16.45 6.44259
      vertex -14.1201 16.45 6.6454
      vertex -21.8799 16.45 6.6454
    endloop
  endfacet
  facet normal 0 -1 0
    outer loop
      vertex -22.1304 16.45 6.44259
      vertex -13.8696 16.45 6.44259
      vertex -14.1201 16.45 6.6454
    endloop
  endfacet
  facet normal 0 -1 0
    outer loop
      vertex -22.1376 16.45 6.43669
      vertex -13.8696 16.45 6.44259
      vertex -22.1304 16.45 6.44259
    endloop
  endfacet
  facet normal 0 -1 0
    outer loop
      vertex -22.1376 16.45 6.43669
      vertex -13.8624 16.45 6.43669
      vertex -13.8696 16.45 6.44259
    endloop
  endfacet
  facet normal 0 -1 0
    outer loop
      vertex -22.4079 16.45 6.26117
      vertex -13.8624 16.45 6.43669
      vertex -22.1376 16.45 6.43669
    endloop
  endfacet
  facet normal 0 -1 0
    outer loop
      vertex -22.4079 16.45 6.26117
      vertex -13.5921 16.45 6.26117
      vertex -13.8624 16.45 6.43669
    endloop
  endfacet
  facet normal 0 -1 0
    outer loop
      vertex -22.4158 16.45 6.25607
      vertex -13.5921 16.45 6.26117
      vertex -22.4079 16.45 6.26117
    endloop
  endfacet
  facet normal 0 -1 0
    outer loop
      vertex -22.4158 16.45 6.25607
      vertex -13.5842 16.45 6.25607
      vertex -13.5921 16.45 6.26117
    endloop
  endfacet
  facet normal 0 -1 0
    outer loop
      vertex -22.4241 16.45 6.25182
      vertex -13.5842 16.45 6.25607
      vertex -22.4158 16.45 6.25607
    endloop
  endfacet
  facet normal 0 -1 0
    outer loop
      vertex -22.4241 16.45 6.25182
      vertex -13.5759 16.45 6.25182
      vertex -13.5842 16.45 6.25607
    endloop
  endfacet
  facet normal 0 -1 0
    outer loop
      vertex -22.7113 16.45 6.1055
      vertex -13.5759 16.45 6.25182
      vertex -22.4241 16.45 6.25182
    endloop
  endfacet
  facet normal 0 -1 0
    outer loop
      vertex -22.7113 16.45 6.1055
      vertex -13.2887 16.45 6.1055
      vertex -13.5759 16.45 6.25182
    endloop
  endfacet
  facet normal 0 -1 0
    outer loop
      vertex -23.0122 16.45 5.99001
      vertex -13.2887 16.45 6.1055
      vertex -22.7113 16.45 6.1055
    endloop
  endfacet
  facet normal 0 -1 0
    outer loop
      vertex -23.0122 16.45 5.99001
      vertex -12.9878 16.45 5.99001
      vertex -13.2887 16.45 6.1055
    endloop
  endfacet
  facet normal 0 -1 0
    outer loop
      vertex -23.0209 16.45 5.98665
      vertex -12.9878 16.45 5.99001
      vertex -23.0122 16.45 5.99001
    endloop
  endfacet
  facet normal 0 -1 0
    outer loop
      vertex -23.0209 16.45 5.98665
      vertex -12.9791 16.45 5.98665
      vertex -12.9878 16.45 5.99001
    endloop
  endfacet
  facet normal 0 -1 0
    outer loop
      vertex -32 16.45 0
      vertex -23.0209 16.45 5.98665
      vertex -23.03 16.45 5.98423
    endloop
  endfacet
  facet normal 0 -1 -0
    outer loop
      vertex -23.0209 16.45 5.98665
      vertex -32 16.45 0
      vertex -12.9791 16.45 5.98665
    endloop
  endfacet
  facet normal 0 -1 0
    outer loop
      vertex -32 16.45 0
      vertex -23.03 16.45 5.98423
      vertex -23.3412 16.45 5.90082
    endloop
  endfacet
  facet normal 0 -1 0
    outer loop
      vertex -4 16.45 0
      vertex -12.9791 16.45 5.98665
      vertex -32 16.45 0
    endloop
  endfacet
  facet normal 0 -1 0
    outer loop
      vertex -32 16.45 0
      vertex -23.3412 16.45 5.90082
      vertex -23.3505 16.45 5.89935
    endloop
  endfacet
  facet normal 0 -1 0
    outer loop
      vertex -12.9791 16.45 5.98665
      vertex -4 16.45 0
      vertex -12.97 16.45 5.98423
    endloop
  endfacet
  facet normal 0 -1 0
    outer loop
      vertex -32 16.45 0
      vertex -23.3505 16.45 5.89935
      vertex -23.6688 16.45 5.84894
    endloop
  endfacet
  facet normal 0 -1 0
    outer loop
      vertex -12.97 16.45 5.98423
      vertex -4 16.45 0
      vertex -12.6588 16.45 5.90082
    endloop
  endfacet
  facet normal 0 -1 0
    outer loop
      vertex -32 16.45 0
      vertex -23.6688 16.45 5.84894
      vertex -23.9906 16.45 5.83207
    endloop
  endfacet
  facet normal 0 -1 0
    outer loop
      vertex -12.6588 16.45 5.90082
      vertex -4 16.45 0
      vertex -12.6495 16.45 5.89935
    endloop
  endfacet
  facet normal 0 -1 0
    outer loop
      vertex -32 16.45 0
      vertex -23.9906 16.45 5.83207
      vertex -24 16.45 5.83158
    endloop
  endfacet
  facet normal 0 -1 0
    outer loop
      vertex -12.6495 16.45 5.89935
      vertex -4 16.45 0
      vertex -12.3312 16.45 5.84894
    endloop
  endfacet
  facet normal 0 -1 0
    outer loop
      vertex -32 16.45 17.5
      vertex -29.5 16.45 20
      vertex -29.7613 16.45 19.9863
    endloop
  endfacet
  facet normal 0 -1 0
    outer loop
      vertex -23.9906 16.45 12.1679
      vertex -29.5 16.45 20
      vertex -24 16.45 12.1684
    endloop
  endfacet
  facet normal 0 -1 0
    outer loop
      vertex -32 16.45 17.5
      vertex -29.7613 16.45 19.9863
      vertex -30.0198 16.45 19.9454
    endloop
  endfacet
  facet normal 0 -1 0
    outer loop
      vertex -23.6688 16.45 12.1511
      vertex -29.5 16.45 20
      vertex -23.9906 16.45 12.1679
    endloop
  endfacet
  facet normal 0 -1 0
    outer loop
      vertex -32 16.45 17.5
      vertex -30.0198 16.45 19.9454
      vertex -30.2725 16.45 19.8776
    endloop
  endfacet
  facet normal 0 -1 0
    outer loop
      vertex -11.9906 16.45 12.1679
      vertex -6.5 16.45 20
      vertex -12 16.45 12.1684
    endloop
  endfacet
  facet normal 0 -1 0
    outer loop
      vertex -32 16.45 17.5
      vertex -30.2725 16.45 19.8776
      vertex -30.5168 16.45 19.7839
    endloop
  endfacet
  facet normal 0 -1 0
    outer loop
      vertex -11.6688 16.45 12.1511
      vertex -6.5 16.45 20
      vertex -11.9906 16.45 12.1679
    endloop
  endfacet
  facet normal 0 -1 0
    outer loop
      vertex -32 16.45 17.5
      vertex -30.5168 16.45 19.7839
      vertex -30.75 16.45 19.6651
    endloop
  endfacet
  facet normal 0 -1 0
    outer loop
      vertex -11.3505 16.45 12.1006
      vertex -6.5 16.45 20
      vertex -11.6688 16.45 12.1511
    endloop
  endfacet
  facet normal 0 -1 0
    outer loop
      vertex -32 16.45 17.5
      vertex -30.75 16.45 19.6651
      vertex -30.9695 16.45 19.5225
    endloop
  endfacet
  facet normal 0 -1 0
    outer loop
      vertex -11.3412 16.45 12.0992
      vertex -6.5 16.45 20
      vertex -11.3505 16.45 12.1006
    endloop
  endfacet
  facet normal 0 -1 0
    outer loop
      vertex -32 16.45 17.5
      vertex -30.9695 16.45 19.5225
      vertex -31.1728 16.45 19.3579
    endloop
  endfacet
  facet normal 0 -1 0
    outer loop
      vertex -11.03 16.45 12.0158
      vertex -6.5 16.45 20
      vertex -11.3412 16.45 12.0992
    endloop
  endfacet
  facet normal 0 -1 0
    outer loop
      vertex -32 16.45 17.5
      vertex -31.1728 16.45 19.3579
      vertex -31.3579 16.45 19.1728
    endloop
  endfacet
  facet normal 0 -1 0
    outer loop
      vertex -11.0209 16.45 12.0133
      vertex -6.5 16.45 20
      vertex -11.03 16.45 12.0158
    endloop
  endfacet
  facet normal 0 -1 0
    outer loop
      vertex -32 16.45 17.5
      vertex -31.3579 16.45 19.1728
      vertex -31.5225 16.45 18.9695
    endloop
  endfacet
  facet normal 0 -1 0
    outer loop
      vertex -11.0122 16.45 12.01
      vertex -6.5 16.45 20
      vertex -11.0209 16.45 12.0133
    endloop
  endfacet
  facet normal 0 -1 0
    outer loop
      vertex -32 16.45 17.5
      vertex -31.5225 16.45 18.9695
      vertex -31.6651 16.45 18.75
    endloop
  endfacet
  facet normal 0 -1 0
    outer loop
      vertex -10.7113 16.45 11.8945
      vertex -6.5 16.45 20
      vertex -11.0122 16.45 12.01
    endloop
  endfacet
  facet normal 0 -1 0
    outer loop
      vertex -32 16.45 17.5
      vertex -31.6651 16.45 18.75
      vertex -31.7839 16.45 18.5168
    endloop
  endfacet
  facet normal 0 -1 0
    outer loop
      vertex -10.4241 16.45 11.7482
      vertex -6.5 16.45 20
      vertex -10.7113 16.45 11.8945
    endloop
  endfacet
  facet normal 0 -1 0
    outer loop
      vertex -32 16.45 17.5
      vertex -31.7839 16.45 18.5168
      vertex -31.8776 16.45 18.2725
    endloop
  endfacet
  facet normal 0 -1 0
    outer loop
      vertex -10.4158 16.45 11.7439
      vertex -6.5 16.45 20
      vertex -10.4241 16.45 11.7482
    endloop
  endfacet
  facet normal 0 -1 0
    outer loop
      vertex -32 16.45 17.5
      vertex -31.8776 16.45 18.2725
      vertex -31.9454 16.45 18.0198
    endloop
  endfacet
  facet normal 0 -1 0
    outer loop
      vertex -6.5 16.45 20
      vertex -4 16.45 17.5
      vertex -6.23868 16.45 19.9863
    endloop
  endfacet
  facet normal 0 -1 0
    outer loop
      vertex -32 16.45 17.5
      vertex -31.9454 16.45 18.0198
      vertex -31.9863 16.45 17.7613
    endloop
  endfacet
  facet normal 0 -1 0
    outer loop
      vertex -5.98022 16.45 19.9454
      vertex -4 16.45 17.5
      vertex -5.72746 16.45 19.8776
    endloop
  endfacet
  facet normal 0 -1 0
    outer loop
      vertex -25.5842 16.45 11.7439
      vertex -29.5 16.45 20
      vertex -32 16.45 17.5
    endloop
  endfacet
  facet normal 0 -1 0
    outer loop
      vertex -5.72746 16.45 19.8776
      vertex -4 16.45 17.5
      vertex -5.48316 16.45 19.7839
    endloop
  endfacet
  facet normal 0 -1 0
    outer loop
      vertex -5.48316 16.45 19.7839
      vertex -4 16.45 17.5
      vertex -5.25 16.45 19.6651
    endloop
  endfacet
  facet normal 0 -1 0
    outer loop
      vertex -29.5 16.45 20
      vertex -24.0094 16.45 12.1679
      vertex -24 16.45 12.1684
    endloop
  endfacet
  facet normal 0 -1 0
    outer loop
      vertex -29.5 16.45 20
      vertex -24.3312 16.45 12.1511
      vertex -24.0094 16.45 12.1679
    endloop
  endfacet
  facet normal 0 -1 0
    outer loop
      vertex -29.5 16.45 20
      vertex -24.6495 16.45 12.1006
      vertex -24.3312 16.45 12.1511
    endloop
  endfacet
  facet normal 0 -1 0
    outer loop
      vertex -29.5 16.45 20
      vertex -24.6588 16.45 12.0992
      vertex -24.6495 16.45 12.1006
    endloop
  endfacet
  facet normal 0 -1 0
    outer loop
      vertex -29.5 16.45 20
      vertex -24.97 16.45 12.0158
      vertex -24.6588 16.45 12.0992
    endloop
  endfacet
  facet normal 0 -1 0
    outer loop
      vertex -29.5 16.45 20
      vertex -24.9791 16.45 12.0133
      vertex -24.97 16.45 12.0158
    endloop
  endfacet
  facet normal 0 -1 0
    outer loop
      vertex -29.5 16.45 20
      vertex -24.9878 16.45 12.01
      vertex -24.9791 16.45 12.0133
    endloop
  endfacet
  facet normal 0 -1 0
    outer loop
      vertex -29.5 16.45 20
      vertex -25.2887 16.45 11.8945
      vertex -24.9878 16.45 12.01
    endloop
  endfacet
  facet normal 0 -1 0
    outer loop
      vertex -29.5 16.45 20
      vertex -25.5759 16.45 11.7482
      vertex -25.2887 16.45 11.8945
    endloop
  endfacet
  facet normal 0 -1 0
    outer loop
      vertex -29.5 16.45 20
      vertex -25.5842 16.45 11.7439
      vertex -25.5759 16.45 11.7482
    endloop
  endfacet
  facet normal 0 -1 0
    outer loop
      vertex -32 16.45 17.5
      vertex -25.5921 16.45 11.7388
      vertex -25.5842 16.45 11.7439
    endloop
  endfacet
  facet normal 0 -1 0
    outer loop
      vertex -32 16.45 17.5
      vertex -25.8624 16.45 11.5633
      vertex -25.5921 16.45 11.7388
    endloop
  endfacet
  facet normal 0 -1 0
    outer loop
      vertex -32 16.45 17.5
      vertex -25.8696 16.45 11.5574
      vertex -25.8624 16.45 11.5633
    endloop
  endfacet
  facet normal 0 -1 0
    outer loop
      vertex -32 16.45 17.5
      vertex -26.1201 16.45 11.3546
      vertex -25.8696 16.45 11.5574
    endloop
  endfacet
  facet normal 0 -1 0
    outer loop
      vertex -32 16.45 17.5
      vertex -26.3546 16.45 11.1201
      vertex -26.1201 16.45 11.3546
    endloop
  endfacet
  facet normal 0 -1 0
    outer loop
      vertex -32 16.45 17.5
      vertex -26.5574 16.45 10.8696
      vertex -26.3546 16.45 11.1201
    endloop
  endfacet
  facet normal 0 -1 0
    outer loop
      vertex -32 16.45 17.5
      vertex -26.5633 16.45 10.8624
      vertex -26.5574 16.45 10.8696
    endloop
  endfacet
  facet normal 0 -1 0
    outer loop
      vertex -32 16.45 17.5
      vertex -26.7388 16.45 10.5921
      vertex -26.5633 16.45 10.8624
    endloop
  endfacet
  facet normal 0 -1 0
    outer loop
      vertex -32 16.45 17.5
      vertex -26.7439 16.45 10.5842
      vertex -26.7388 16.45 10.5921
    endloop
  endfacet
  facet normal 0 -1 0
    outer loop
      vertex -32 16.45 17.5
      vertex -26.7482 16.45 10.5759
      vertex -26.7439 16.45 10.5842
    endloop
  endfacet
  facet normal 0 -1 0
    outer loop
      vertex -32 16.45 17.5
      vertex -26.8945 16.45 10.2887
      vertex -26.7482 16.45 10.5759
    endloop
  endfacet
  facet normal 0 -1 0
    outer loop
      vertex -32 16.45 17.5
      vertex -27.01 16.45 9.98784
      vertex -26.8945 16.45 10.2887
    endloop
  endfacet
  facet normal 0 -1 0
    outer loop
      vertex -32 16.45 17.5
      vertex -27.0133 16.45 9.9791
      vertex -27.01 16.45 9.98784
    endloop
  endfacet
  facet normal 0 -1 0
    outer loop
      vertex -32 16.45 17.5
      vertex -27.0158 16.45 9.97005
      vertex -27.0133 16.45 9.9791
    endloop
  endfacet
  facet normal 0 -1 0
    outer loop
      vertex -32 16.45 17.5
      vertex -27.0992 16.45 9.65875
      vertex -27.0158 16.45 9.97005
    endloop
  endfacet
  facet normal 0 -1 0
    outer loop
      vertex -32 16.45 17.5
      vertex -27.1006 16.45 9.6495
      vertex -27.0992 16.45 9.65875
    endloop
  endfacet
  facet normal 0 -1 0
    outer loop
      vertex -32 16.45 17.5
      vertex -27.1511 16.45 9.33119
      vertex -27.1006 16.45 9.6495
    endloop
  endfacet
  facet normal 0 -1 0
    outer loop
      vertex -32 16.45 17.5
      vertex -27.1679 16.45 9.00935
      vertex -27.1511 16.45 9.33119
    endloop
  endfacet
  facet normal 0 -1 0
    outer loop
      vertex -32 16.45 17.5
      vertex -27.1684 16.45 9
      vertex -27.1679 16.45 9.00935
    endloop
  endfacet
  facet normal 0 -1 0
    outer loop
      vertex -32 16.45 0
      vertex -27.1684 16.45 9
      vertex -32 16.45 17.5
    endloop
  endfacet
  facet normal 0 -1 -0
    outer loop
      vertex -27.1684 16.45 9
      vertex -32 16.45 0
      vertex -27.1679 16.45 8.99065
    endloop
  endfacet
  facet normal 0 -1 -0
    outer loop
      vertex -27.1679 16.45 8.99065
      vertex -32 16.45 0
      vertex -27.1511 16.45 8.66881
    endloop
  endfacet
  facet normal 0 -1 -0
    outer loop
      vertex -27.1511 16.45 8.66881
      vertex -32 16.45 0
      vertex -27.1006 16.45 8.3505
    endloop
  endfacet
  facet normal 0 -1 -0
    outer loop
      vertex -27.1006 16.45 8.3505
      vertex -32 16.45 0
      vertex -27.0992 16.45 8.34125
    endloop
  endfacet
  facet normal 0 -1 -0
    outer loop
      vertex -27.0992 16.45 8.34125
      vertex -32 16.45 0
      vertex -27.0158 16.45 8.02995
    endloop
  endfacet
  facet normal 0 -1 -0
    outer loop
      vertex -27.0158 16.45 8.02995
      vertex -32 16.45 0
      vertex -27.0133 16.45 8.0209
    endloop
  endfacet
  facet normal 0 -1 -0
    outer loop
      vertex -27.0133 16.45 8.0209
      vertex -32 16.45 0
      vertex -27.01 16.45 8.01216
    endloop
  endfacet
  facet normal 0 -1 -0
    outer loop
      vertex -27.01 16.45 8.01216
      vertex -32 16.45 0
      vertex -26.8945 16.45 7.71129
    endloop
  endfacet
  facet normal 0 -1 -0
    outer loop
      vertex -26.8945 16.45 7.71129
      vertex -32 16.45 0
      vertex -26.7482 16.45 7.42413
    endloop
  endfacet
  facet normal 0 -1 0
    outer loop
      vertex -32 16.45 0
      vertex -26.5574 16.45 7.13037
      vertex -26.5633 16.45 7.13765
    endloop
  endfacet
  facet normal 0 -1 0
    outer loop
      vertex -32 16.45 0
      vertex -24.9878 16.45 5.99001
      vertex -25.2887 16.45 6.1055
    endloop
  endfacet
  facet normal 0 -1 0
    outer loop
      vertex -32 16.45 0
      vertex -24.97 16.45 5.98423
      vertex -24.9791 16.45 5.98665
    endloop
  endfacet
  facet normal 0 -1 0
    outer loop
      vertex -12.3312 16.45 5.84894
      vertex -4 16.45 0
      vertex -12.0094 16.45 5.83207
    endloop
  endfacet
  facet normal 0 -1 -0
    outer loop
      vertex -24.0094 16.45 5.83207
      vertex -32 16.45 0
      vertex -24 16.45 5.83158
    endloop
  endfacet
  facet normal 0 -1 -0
    outer loop
      vertex -24.3312 16.45 5.84894
      vertex -32 16.45 0
      vertex -24.0094 16.45 5.83207
    endloop
  endfacet
  facet normal 0 -1 -0
    outer loop
      vertex -24.6495 16.45 5.89935
      vertex -32 16.45 0
      vertex -24.3312 16.45 5.84894
    endloop
  endfacet
  facet normal 0 -1 -0
    outer loop
      vertex -24.6588 16.45 5.90082
      vertex -32 16.45 0
      vertex -24.6495 16.45 5.89935
    endloop
  endfacet
  facet normal 0 -1 -0
    outer loop
      vertex -24.97 16.45 5.98423
      vertex -32 16.45 0
      vertex -24.6588 16.45 5.90082
    endloop
  endfacet
  facet normal 0 -1 -0
    outer loop
      vertex -24.9878 16.45 5.99001
      vertex -32 16.45 0
      vertex -24.9791 16.45 5.98665
    endloop
  endfacet
  facet normal 0 -1 -0
    outer loop
      vertex -25.5759 16.45 6.25182
      vertex -32 16.45 0
      vertex -25.2887 16.45 6.1055
    endloop
  endfacet
  facet normal 0 -1 -0
    outer loop
      vertex -25.5842 16.45 6.25607
      vertex -32 16.45 0
      vertex -25.5759 16.45 6.25182
    endloop
  endfacet
  facet normal 0 -1 -0
    outer loop
      vertex -25.5921 16.45 6.26117
      vertex -32 16.45 0
      vertex -25.5842 16.45 6.25607
    endloop
  endfacet
  facet normal 0 -1 -0
    outer loop
      vertex -25.8624 16.45 6.43669
      vertex -32 16.45 0
      vertex -25.5921 16.45 6.26117
    endloop
  endfacet
  facet normal 0 -1 -0
    outer loop
      vertex -25.8696 16.45 6.44259
      vertex -32 16.45 0
      vertex -25.8624 16.45 6.43669
    endloop
  endfacet
  facet normal 0 -1 -0
    outer loop
      vertex -26.1201 16.45 6.6454
      vertex -32 16.45 0
      vertex -25.8696 16.45 6.44259
    endloop
  endfacet
  facet normal 0 -1 -0
    outer loop
      vertex -26.3546 16.45 6.87991
      vertex -32 16.45 0
      vertex -26.1201 16.45 6.6454
    endloop
  endfacet
  facet normal 0 -1 -0
    outer loop
      vertex -26.5574 16.45 7.13037
      vertex -32 16.45 0
      vertex -26.3546 16.45 6.87991
    endloop
  endfacet
  facet normal 0 -1 -0
    outer loop
      vertex -26.7388 16.45 7.40794
      vertex -32 16.45 0
      vertex -26.5633 16.45 7.13765
    endloop
  endfacet
  facet normal 0 -1 -0
    outer loop
      vertex -26.7439 16.45 7.41579
      vertex -32 16.45 0
      vertex -26.7388 16.45 7.40794
    endloop
  endfacet
  facet normal 0 -1 -0
    outer loop
      vertex -26.7482 16.45 7.42413
      vertex -32 16.45 0
      vertex -26.7439 16.45 7.41579
    endloop
  endfacet
  facet normal 0 -1 0
    outer loop
      vertex -5.25 16.45 19.6651
      vertex -4 16.45 17.5
      vertex -5.03054 16.45 19.5225
    endloop
  endfacet
  facet normal 0 -1 0
    outer loop
      vertex -5.03054 16.45 19.5225
      vertex -4 16.45 17.5
      vertex -4.82717 16.45 19.3579
    endloop
  endfacet
  facet normal 0 -1 0
    outer loop
      vertex -4.64214 16.45 19.1728
      vertex -4 16.45 17.5
      vertex -4.47746 16.45 18.9695
    endloop
  endfacet
  facet normal 0 -1 0
    outer loop
      vertex -4.33494 16.45 18.75
      vertex -4 16.45 17.5
      vertex -4.21614 16.45 18.5168
    endloop
  endfacet
  facet normal 0 -1 0
    outer loop
      vertex -4.21614 16.45 18.5168
      vertex -4 16.45 17.5
      vertex -4.12236 16.45 18.2725
    endloop
  endfacet
  facet normal 0 -1 0
    outer loop
      vertex -4.12236 16.45 18.2725
      vertex -4 16.45 17.5
      vertex -4.05463 16.45 18.0198
    endloop
  endfacet
  facet normal 0 -1 0
    outer loop
      vertex -4.05463 16.45 18.0198
      vertex -4 16.45 17.5
      vertex -4.0137 16.45 17.7613
    endloop
  endfacet
  facet normal 0 -1 0
    outer loop
      vertex -4.47746 16.45 18.9695
      vertex -4 16.45 17.5
      vertex -4.33494 16.45 18.75
    endloop
  endfacet
  facet normal 0 -1 0
    outer loop
      vertex -4.82717 16.45 19.3579
      vertex -4 16.45 17.5
      vertex -4.64214 16.45 19.1728
    endloop
  endfacet
  facet normal 0 -1 0
    outer loop
      vertex -6.23868 16.45 19.9863
      vertex -4 16.45 17.5
      vertex -5.98022 16.45 19.9454
    endloop
  endfacet
  facet normal 0 -1 -0
    outer loop
      vertex -6.5 16.45 20
      vertex -10.4158 16.45 11.7439
      vertex -4 16.45 17.5
    endloop
  endfacet
  facet normal 0 -1 0
    outer loop
      vertex -10.4079 16.45 11.7388
      vertex -4 16.45 17.5
      vertex -10.4158 16.45 11.7439
    endloop
  endfacet
  facet normal 0 -1 0
    outer loop
      vertex -10.1376 16.45 11.5633
      vertex -4 16.45 17.5
      vertex -10.4079 16.45 11.7388
    endloop
  endfacet
  facet normal 0 -1 0
    outer loop
      vertex -10.1304 16.45 11.5574
      vertex -4 16.45 17.5
      vertex -10.1376 16.45 11.5633
    endloop
  endfacet
  facet normal 0 -1 0
    outer loop
      vertex -9.87991 16.45 11.3546
      vertex -4 16.45 17.5
      vertex -10.1304 16.45 11.5574
    endloop
  endfacet
  facet normal 0 -1 0
    outer loop
      vertex -9.6454 16.45 11.1201
      vertex -4 16.45 17.5
      vertex -9.87991 16.45 11.3546
    endloop
  endfacet
  facet normal 0 -1 0
    outer loop
      vertex -9.44259 16.45 10.8696
      vertex -4 16.45 17.5
      vertex -9.6454 16.45 11.1201
    endloop
  endfacet
  facet normal 0 -1 0
    outer loop
      vertex -9.43669 16.45 10.8624
      vertex -4 16.45 17.5
      vertex -9.44259 16.45 10.8696
    endloop
  endfacet
  facet normal 0 -1 0
    outer loop
      vertex -9.26117 16.45 10.5921
      vertex -4 16.45 17.5
      vertex -9.43669 16.45 10.8624
    endloop
  endfacet
  facet normal 0 -1 0
    outer loop
      vertex -9.25607 16.45 10.5842
      vertex -4 16.45 17.5
      vertex -9.26117 16.45 10.5921
    endloop
  endfacet
  facet normal 0 -1 0
    outer loop
      vertex -9.25182 16.45 10.5759
      vertex -4 16.45 17.5
      vertex -9.25607 16.45 10.5842
    endloop
  endfacet
  facet normal 0 -1 0
    outer loop
      vertex -9.1055 16.45 10.2887
      vertex -4 16.45 17.5
      vertex -9.25182 16.45 10.5759
    endloop
  endfacet
  facet normal 0 -1 0
    outer loop
      vertex -8.99001 16.45 9.98784
      vertex -4 16.45 17.5
      vertex -9.1055 16.45 10.2887
    endloop
  endfacet
  facet normal 0 -1 0
    outer loop
      vertex -8.98665 16.45 9.9791
      vertex -4 16.45 17.5
      vertex -8.99001 16.45 9.98784
    endloop
  endfacet
  facet normal 0 -1 0
    outer loop
      vertex -8.98423 16.45 9.97005
      vertex -4 16.45 17.5
      vertex -8.98665 16.45 9.9791
    endloop
  endfacet
  facet normal 0 -1 0
    outer loop
      vertex -8.90082 16.45 9.65875
      vertex -4 16.45 17.5
      vertex -8.98423 16.45 9.97005
    endloop
  endfacet
  facet normal 0 -1 0
    outer loop
      vertex -8.89935 16.45 9.6495
      vertex -4 16.45 17.5
      vertex -8.90082 16.45 9.65875
    endloop
  endfacet
  facet normal 0 -1 0
    outer loop
      vertex -8.84894 16.45 9.33119
      vertex -4 16.45 17.5
      vertex -8.89935 16.45 9.6495
    endloop
  endfacet
  facet normal 0 -1 0
    outer loop
      vertex -8.83207 16.45 9.00935
      vertex -4 16.45 17.5
      vertex -8.84894 16.45 9.33119
    endloop
  endfacet
  facet normal 0 -1 0
    outer loop
      vertex -8.83158 16.45 9
      vertex -4 16.45 17.5
      vertex -8.83207 16.45 9.00935
    endloop
  endfacet
  facet normal 0 -1 0
    outer loop
      vertex -4 16.45 0
      vertex -8.83158 16.45 9
      vertex -8.83207 16.45 8.99065
    endloop
  endfacet
  facet normal 0 -1 0
    outer loop
      vertex -4 16.45 0
      vertex -8.83207 16.45 8.99065
      vertex -8.84894 16.45 8.66881
    endloop
  endfacet
  facet normal 0 -1 0
    outer loop
      vertex -4 16.45 0
      vertex -8.84894 16.45 8.66881
      vertex -8.89935 16.45 8.3505
    endloop
  endfacet
  facet normal 0 -1 0
    outer loop
      vertex -4 16.45 0
      vertex -8.89935 16.45 8.3505
      vertex -8.90082 16.45 8.34125
    endloop
  endfacet
  facet normal 0 -1 0
    outer loop
      vertex -4 16.45 0
      vertex -8.90082 16.45 8.34125
      vertex -8.98423 16.45 8.02995
    endloop
  endfacet
  facet normal 0 -1 0
    outer loop
      vertex -4 16.45 0
      vertex -8.98423 16.45 8.02995
      vertex -8.98665 16.45 8.0209
    endloop
  endfacet
  facet normal 0 -1 0
    outer loop
      vertex -4 16.45 0
      vertex -8.98665 16.45 8.0209
      vertex -8.99001 16.45 8.01216
    endloop
  endfacet
  facet normal 0 -1 0
    outer loop
      vertex -4 16.45 0
      vertex -8.99001 16.45 8.01216
      vertex -9.1055 16.45 7.71129
    endloop
  endfacet
  facet normal 0 -1 0
    outer loop
      vertex -4 16.45 0
      vertex -9.1055 16.45 7.71129
      vertex -9.25182 16.45 7.42413
    endloop
  endfacet
  facet normal 0 -1 0
    outer loop
      vertex -4 16.45 0
      vertex -9.25182 16.45 7.42413
      vertex -9.25607 16.45 7.41579
    endloop
  endfacet
  facet normal 0 -1 0
    outer loop
      vertex -4 16.45 0
      vertex -9.26117 16.45 7.40794
      vertex -9.43669 16.45 7.13765
    endloop
  endfacet
  facet normal 0 -1 0
    outer loop
      vertex -4 16.45 0
      vertex -9.44259 16.45 7.13037
      vertex -9.6454 16.45 6.87991
    endloop
  endfacet
  facet normal 0 -1 0
    outer loop
      vertex -4 16.45 0
      vertex -11.0122 16.45 5.99001
      vertex -11.0209 16.45 5.98665
    endloop
  endfacet
  facet normal 0 -1 0
    outer loop
      vertex -4 16.45 0
      vertex -11.03 16.45 5.98423
      vertex -11.3412 16.45 5.90082
    endloop
  endfacet
  facet normal 0 -1 0
    outer loop
      vertex -12.0094 16.45 5.83207
      vertex -4 16.45 0
      vertex -12 16.45 5.83158
    endloop
  endfacet
  facet normal 0 -1 0
    outer loop
      vertex -12 16.45 5.83158
      vertex -4 16.45 0
      vertex -11.9906 16.45 5.83207
    endloop
  endfacet
  facet normal 0 -1 0
    outer loop
      vertex -11.9906 16.45 5.83207
      vertex -4 16.45 0
      vertex -11.6688 16.45 5.84894
    endloop
  endfacet
  facet normal 0 -1 0
    outer loop
      vertex -11.6688 16.45 5.84894
      vertex -4 16.45 0
      vertex -11.3505 16.45 5.89935
    endloop
  endfacet
  facet normal 0 -1 0
    outer loop
      vertex -11.3505 16.45 5.89935
      vertex -4 16.45 0
      vertex -11.3412 16.45 5.90082
    endloop
  endfacet
  facet normal 0 -1 0
    outer loop
      vertex -8.83158 16.45 9
      vertex -4 16.45 0
      vertex -4 16.45 17.5
    endloop
  endfacet
  facet normal 0 -1 0
    outer loop
      vertex -9.26117 16.45 7.40794
      vertex -4 16.45 0
      vertex -9.25607 16.45 7.41579
    endloop
  endfacet
  facet normal 0 -1 0
    outer loop
      vertex -9.44259 16.45 7.13037
      vertex -4 16.45 0
      vertex -9.43669 16.45 7.13765
    endloop
  endfacet
  facet normal 0 -1 0
    outer loop
      vertex -9.87991 16.45 6.6454
      vertex -4 16.45 0
      vertex -9.6454 16.45 6.87991
    endloop
  endfacet
  facet normal 0 -1 0
    outer loop
      vertex -10.1304 16.45 6.44259
      vertex -4 16.45 0
      vertex -9.87991 16.45 6.6454
    endloop
  endfacet
  facet normal 0 -1 0
    outer loop
      vertex -10.1376 16.45 6.43669
      vertex -4 16.45 0
      vertex -10.1304 16.45 6.44259
    endloop
  endfacet
  facet normal 0 -1 0
    outer loop
      vertex -10.4079 16.45 6.26117
      vertex -4 16.45 0
      vertex -10.1376 16.45 6.43669
    endloop
  endfacet
  facet normal 0 -1 0
    outer loop
      vertex -10.4158 16.45 6.25607
      vertex -4 16.45 0
      vertex -10.4079 16.45 6.26117
    endloop
  endfacet
  facet normal 0 -1 0
    outer loop
      vertex -10.4241 16.45 6.25182
      vertex -4 16.45 0
      vertex -10.4158 16.45 6.25607
    endloop
  endfacet
  facet normal 0 -1 0
    outer loop
      vertex -10.7113 16.45 6.1055
      vertex -4 16.45 0
      vertex -10.4241 16.45 6.25182
    endloop
  endfacet
  facet normal 0 -1 0
    outer loop
      vertex -11.0122 16.45 5.99001
      vertex -4 16.45 0
      vertex -10.7113 16.45 6.1055
    endloop
  endfacet
  facet normal 0 -1 0
    outer loop
      vertex -11.03 16.45 5.98423
      vertex -4 16.45 0
      vertex -11.0209 16.45 5.98665
    endloop
  endfacet
  facet normal 0 1 0
    outer loop
      vertex -12.5253 19.45 10.6168
      vertex -6.5 19.45 20
      vertex -12.3534 19.45 10.6629
    endloop
  endfacet
  facet normal 0 1 0
    outer loop
      vertex -29.5 19.45 20
      vertex -23.8223 19.45 10.6907
      vertex -24 19.45 10.7
    endloop
  endfacet
  facet normal 0 1 0
    outer loop
      vertex -12.6915 19.45 10.553
      vertex -6.5 19.45 20
      vertex -12.5253 19.45 10.6168
    endloop
  endfacet
  facet normal 0 1 0
    outer loop
      vertex -29.5 19.45 20
      vertex -23.6465 19.45 10.6629
      vertex -23.8223 19.45 10.6907
    endloop
  endfacet
  facet normal 0 1 0
    outer loop
      vertex -6.5 19.45 20
      vertex -12.6915 19.45 10.553
      vertex -29.5 19.45 20
    endloop
  endfacet
  facet normal 0 1 0
    outer loop
      vertex -29.5 19.45 20
      vertex -23.4747 19.45 10.6168
      vertex -23.6465 19.45 10.6629
    endloop
  endfacet
  facet normal 0 1 -0
    outer loop
      vertex -23.3085 19.45 10.553
      vertex -29.5 19.45 20
      vertex -12.6915 19.45 10.553
    endloop
  endfacet
  facet normal 0 1 0
    outer loop
      vertex -29.5 19.45 20
      vertex -23.3085 19.45 10.553
      vertex -23.4747 19.45 10.6168
    endloop
  endfacet
  facet normal 0 1 -0
    outer loop
      vertex -12.85 19.45 10.4722
      vertex -23.3085 19.45 10.553
      vertex -12.6915 19.45 10.553
    endloop
  endfacet
  facet normal 0 1 0
    outer loop
      vertex -12.85 19.45 10.4722
      vertex -23.15 19.45 10.4722
      vertex -23.3085 19.45 10.553
    endloop
  endfacet
  facet normal 0 1 -0
    outer loop
      vertex -12.9992 19.45 10.3753
      vertex -23.15 19.45 10.4722
      vertex -12.85 19.45 10.4722
    endloop
  endfacet
  facet normal 0 1 0
    outer loop
      vertex -12.9992 19.45 10.3753
      vertex -23.0008 19.45 10.3753
      vertex -23.15 19.45 10.4722
    endloop
  endfacet
  facet normal 0 1 -0
    outer loop
      vertex -13.1375 19.45 10.2633
      vertex -23.0008 19.45 10.3753
      vertex -12.9992 19.45 10.3753
    endloop
  endfacet
  facet normal 0 1 0
    outer loop
      vertex -13.1375 19.45 10.2633
      vertex -22.8625 19.45 10.2633
      vertex -23.0008 19.45 10.3753
    endloop
  endfacet
  facet normal 0 1 -0
    outer loop
      vertex -13.2633 19.45 10.1375
      vertex -22.8625 19.45 10.2633
      vertex -13.1375 19.45 10.2633
    endloop
  endfacet
  facet normal 0 1 0
    outer loop
      vertex -13.2633 19.45 10.1375
      vertex -22.7367 19.45 10.1375
      vertex -22.8625 19.45 10.2633
    endloop
  endfacet
  facet normal 0 1 -0
    outer loop
      vertex -13.3753 19.45 9.99923
      vertex -22.7367 19.45 10.1375
      vertex -13.2633 19.45 10.1375
    endloop
  endfacet
  facet normal 0 1 0
    outer loop
      vertex -13.3753 19.45 9.99923
      vertex -22.6247 19.45 9.99923
      vertex -22.7367 19.45 10.1375
    endloop
  endfacet
  facet normal 0 1 -0
    outer loop
      vertex -13.4722 19.45 9.85
      vertex -22.6247 19.45 9.99923
      vertex -13.3753 19.45 9.99923
    endloop
  endfacet
  facet normal 0 1 0
    outer loop
      vertex -13.4722 19.45 9.85
      vertex -22.5278 19.45 9.85
      vertex -22.6247 19.45 9.99923
    endloop
  endfacet
  facet normal 0 1 -0
    outer loop
      vertex -13.553 19.45 9.69145
      vertex -22.5278 19.45 9.85
      vertex -13.4722 19.45 9.85
    endloop
  endfacet
  facet normal 0 1 0
    outer loop
      vertex -13.553 19.45 9.69145
      vertex -22.447 19.45 9.69145
      vertex -22.5278 19.45 9.85
    endloop
  endfacet
  facet normal 0 1 -0
    outer loop
      vertex -13.6168 19.45 9.52533
      vertex -22.447 19.45 9.69145
      vertex -13.553 19.45 9.69145
    endloop
  endfacet
  facet normal 0 1 0
    outer loop
      vertex -13.6168 19.45 9.52533
      vertex -22.3832 19.45 9.52533
      vertex -22.447 19.45 9.69145
    endloop
  endfacet
  facet normal 0 1 -0
    outer loop
      vertex -13.6629 19.45 9.35345
      vertex -22.3832 19.45 9.52533
      vertex -13.6168 19.45 9.52533
    endloop
  endfacet
  facet normal 0 1 0
    outer loop
      vertex -13.6629 19.45 9.35345
      vertex -22.3372 19.45 9.35345
      vertex -22.3832 19.45 9.52533
    endloop
  endfacet
  facet normal 0 1 -0
    outer loop
      vertex -13.6907 19.45 9.1777
      vertex -22.3372 19.45 9.35345
      vertex -13.6629 19.45 9.35345
    endloop
  endfacet
  facet normal 0 1 0
    outer loop
      vertex -13.6907 19.45 9.1777
      vertex -22.3093 19.45 9.1777
      vertex -22.3372 19.45 9.35345
    endloop
  endfacet
  facet normal 0 1 -0
    outer loop
      vertex -13.7 19.45 9
      vertex -22.3093 19.45 9.1777
      vertex -13.6907 19.45 9.1777
    endloop
  endfacet
  facet normal 0 1 0
    outer loop
      vertex -13.7 19.45 9
      vertex -22.3 19.45 9
      vertex -22.3093 19.45 9.1777
    endloop
  endfacet
  facet normal 0 1 0
    outer loop
      vertex -13.6907 19.45 8.8223
      vertex -22.3 19.45 9
      vertex -13.7 19.45 9
    endloop
  endfacet
  facet normal 0 1 0
    outer loop
      vertex -13.6907 19.45 8.8223
      vertex -22.3093 19.45 8.8223
      vertex -22.3 19.45 9
    endloop
  endfacet
  facet normal 0 1 0
    outer loop
      vertex -13.6629 19.45 8.64655
      vertex -22.3093 19.45 8.8223
      vertex -13.6907 19.45 8.8223
    endloop
  endfacet
  facet normal 0 1 0
    outer loop
      vertex -13.6629 19.45 8.64655
      vertex -22.3372 19.45 8.64655
      vertex -22.3093 19.45 8.8223
    endloop
  endfacet
  facet normal 0 1 0
    outer loop
      vertex -13.6168 19.45 8.47467
      vertex -22.3372 19.45 8.64655
      vertex -13.6629 19.45 8.64655
    endloop
  endfacet
  facet normal 0 1 0
    outer loop
      vertex -13.6168 19.45 8.47467
      vertex -22.3832 19.45 8.47467
      vertex -22.3372 19.45 8.64655
    endloop
  endfacet
  facet normal 0 1 0
    outer loop
      vertex -13.553 19.45 8.30855
      vertex -22.3832 19.45 8.47467
      vertex -13.6168 19.45 8.47467
    endloop
  endfacet
  facet normal 0 1 0
    outer loop
      vertex -13.553 19.45 8.30855
      vertex -22.447 19.45 8.30855
      vertex -22.3832 19.45 8.47467
    endloop
  endfacet
  facet normal 0 1 0
    outer loop
      vertex -13.4722 19.45 8.15
      vertex -22.447 19.45 8.30855
      vertex -13.553 19.45 8.30855
    endloop
  endfacet
  facet normal 0 1 0
    outer loop
      vertex -13.4722 19.45 8.15
      vertex -22.5278 19.45 8.15
      vertex -22.447 19.45 8.30855
    endloop
  endfacet
  facet normal 0 1 0
    outer loop
      vertex -13.3753 19.45 8.00077
      vertex -22.5278 19.45 8.15
      vertex -13.4722 19.45 8.15
    endloop
  endfacet
  facet normal 0 1 0
    outer loop
      vertex -13.3753 19.45 8.00077
      vertex -22.6247 19.45 8.00077
      vertex -22.5278 19.45 8.15
    endloop
  endfacet
  facet normal 0 1 0
    outer loop
      vertex -13.2633 19.45 7.86248
      vertex -22.6247 19.45 8.00077
      vertex -13.3753 19.45 8.00077
    endloop
  endfacet
  facet normal 0 1 0
    outer loop
      vertex -13.2633 19.45 7.86248
      vertex -22.7367 19.45 7.86248
      vertex -22.6247 19.45 8.00077
    endloop
  endfacet
  facet normal 0 1 0
    outer loop
      vertex -13.1375 19.45 7.73665
      vertex -22.7367 19.45 7.86248
      vertex -13.2633 19.45 7.86248
    endloop
  endfacet
  facet normal 0 1 0
    outer loop
      vertex -13.1375 19.45 7.73665
      vertex -22.8625 19.45 7.73665
      vertex -22.7367 19.45 7.86248
    endloop
  endfacet
  facet normal 0 1 0
    outer loop
      vertex -12.9992 19.45 7.62467
      vertex -22.8625 19.45 7.73665
      vertex -13.1375 19.45 7.73665
    endloop
  endfacet
  facet normal 0 1 0
    outer loop
      vertex -12.9992 19.45 7.62467
      vertex -23.0008 19.45 7.62467
      vertex -22.8625 19.45 7.73665
    endloop
  endfacet
  facet normal 0 1 0
    outer loop
      vertex -12.85 19.45 7.52776
      vertex -23.0008 19.45 7.62467
      vertex -12.9992 19.45 7.62467
    endloop
  endfacet
  facet normal 0 1 0
    outer loop
      vertex -12.85 19.45 7.52776
      vertex -23.15 19.45 7.52776
      vertex -23.0008 19.45 7.62467
    endloop
  endfacet
  facet normal 0 1 0
    outer loop
      vertex -12.6915 19.45 7.44697
      vertex -23.15 19.45 7.52776
      vertex -12.85 19.45 7.52776
    endloop
  endfacet
  facet normal 0 1 0
    outer loop
      vertex -12.6915 19.45 7.44697
      vertex -23.3085 19.45 7.44697
      vertex -23.15 19.45 7.52776
    endloop
  endfacet
  facet normal 0 1 0
    outer loop
      vertex -12.5253 19.45 7.3832
      vertex -23.3085 19.45 7.44697
      vertex -12.6915 19.45 7.44697
    endloop
  endfacet
  facet normal 0 1 0
    outer loop
      vertex -12.5253 19.45 7.3832
      vertex -23.4747 19.45 7.3832
      vertex -23.3085 19.45 7.44697
    endloop
  endfacet
  facet normal 0 1 0
    outer loop
      vertex -12.3534 19.45 7.33715
      vertex -23.4747 19.45 7.3832
      vertex -12.5253 19.45 7.3832
    endloop
  endfacet
  facet normal 0 1 0
    outer loop
      vertex -12.3534 19.45 7.33715
      vertex -23.6465 19.45 7.33715
      vertex -23.4747 19.45 7.3832
    endloop
  endfacet
  facet normal 0 1 0
    outer loop
      vertex -4 19.45 3.49497
      vertex -12.3534 19.45 7.33715
      vertex -12.1777 19.45 7.30931
    endloop
  endfacet
  facet normal 0 1 0
    outer loop
      vertex -12.3534 19.45 7.33715
      vertex -4 19.45 3.49497
      vertex -23.6465 19.45 7.33715
    endloop
  endfacet
  facet normal 0 1 0
    outer loop
      vertex -4 19.45 3.49497
      vertex -12.1777 19.45 7.30931
      vertex -12 19.45 7.3
    endloop
  endfacet
  facet normal 0 1 0
    outer loop
      vertex -32 19.45 3.49497
      vertex -23.6465 19.45 7.33715
      vertex -4 19.45 3.49497
    endloop
  endfacet
  facet normal 0 1 0
    outer loop
      vertex -4 19.45 17.5
      vertex -6.5 19.45 20
      vertex -6.23868 19.45 19.9863
    endloop
  endfacet
  facet normal 0 1 0
    outer loop
      vertex -12.1777 19.45 10.6907
      vertex -6.5 19.45 20
      vertex -12 19.45 10.7
    endloop
  endfacet
  facet normal 0 1 0
    outer loop
      vertex -4 19.45 17.5
      vertex -6.23868 19.45 19.9863
      vertex -5.98022 19.45 19.9454
    endloop
  endfacet
  facet normal 0 1 0
    outer loop
      vertex -12.3534 19.45 10.6629
      vertex -6.5 19.45 20
      vertex -12.1777 19.45 10.6907
    endloop
  endfacet
  facet normal 0 1 0
    outer loop
      vertex -4 19.45 17.5
      vertex -5.98022 19.45 19.9454
      vertex -5.72746 19.45 19.8776
    endloop
  endfacet
  facet normal 0 1 -0
    outer loop
      vertex -24.1777 19.45 10.6907
      vertex -29.5 19.45 20
      vertex -24 19.45 10.7
    endloop
  endfacet
  facet normal 0 1 0
    outer loop
      vertex -4 19.45 17.5
      vertex -5.72746 19.45 19.8776
      vertex -5.48316 19.45 19.7839
    endloop
  endfacet
  facet normal 0 1 -0
    outer loop
      vertex -24.3535 19.45 10.6629
      vertex -29.5 19.45 20
      vertex -24.1777 19.45 10.6907
    endloop
  endfacet
  facet normal 0 1 0
    outer loop
      vertex -4 19.45 17.5
      vertex -5.48316 19.45 19.7839
      vertex -5.25 19.45 19.6651
    endloop
  endfacet
  facet normal 0 1 -0
    outer loop
      vertex -24.5253 19.45 10.6168
      vertex -29.5 19.45 20
      vertex -24.3535 19.45 10.6629
    endloop
  endfacet
  facet normal 0 1 0
    outer loop
      vertex -4 19.45 17.5
      vertex -5.25 19.45 19.6651
      vertex -5.03054 19.45 19.5225
    endloop
  endfacet
  facet normal 0 1 -0
    outer loop
      vertex -24.6915 19.45 10.553
      vertex -29.5 19.45 20
      vertex -24.5253 19.45 10.6168
    endloop
  endfacet
  facet normal 0 1 0
    outer loop
      vertex -4 19.45 17.5
      vertex -5.03054 19.45 19.5225
      vertex -4.82717 19.45 19.3579
    endloop
  endfacet
  facet normal -0 1 0
    outer loop
      vertex -32 19.45 17.5
      vertex -29.5 19.45 20
      vertex -24.6915 19.45 10.553
    endloop
  endfacet
  facet normal 0 1 0
    outer loop
      vertex -4 19.45 17.5
      vertex -4.82717 19.45 19.3579
      vertex -4.64214 19.45 19.1728
    endloop
  endfacet
  facet normal 0 1 0
    outer loop
      vertex -29.5 19.45 20
      vertex -32 19.45 17.5
      vertex -29.7613 19.45 19.9863
    endloop
  endfacet
  facet normal 0 1 0
    outer loop
      vertex -4 19.45 17.5
      vertex -4.64214 19.45 19.1728
      vertex -4.47746 19.45 18.9695
    endloop
  endfacet
  facet normal 0 1 0
    outer loop
      vertex -29.7613 19.45 19.9863
      vertex -32 19.45 17.5
      vertex -30.0198 19.45 19.9454
    endloop
  endfacet
  facet normal 0 1 0
    outer loop
      vertex -4 19.45 17.5
      vertex -4.47746 19.45 18.9695
      vertex -4.33494 19.45 18.75
    endloop
  endfacet
  facet normal 0 1 0
    outer loop
      vertex -30.0198 19.45 19.9454
      vertex -32 19.45 17.5
      vertex -30.2725 19.45 19.8776
    endloop
  endfacet
  facet normal 0 1 0
    outer loop
      vertex -4 19.45 17.5
      vertex -4.33494 19.45 18.75
      vertex -4.21614 19.45 18.5168
    endloop
  endfacet
  facet normal 0 1 0
    outer loop
      vertex -30.5168 19.45 19.7839
      vertex -32 19.45 17.5
      vertex -30.75 19.45 19.6651
    endloop
  endfacet
  facet normal 0 1 0
    outer loop
      vertex -4 19.45 17.5
      vertex -4.21614 19.45 18.5168
      vertex -4.12236 19.45 18.2725
    endloop
  endfacet
  facet normal 0 1 0
    outer loop
      vertex -30.75 19.45 19.6651
      vertex -32 19.45 17.5
      vertex -30.9695 19.45 19.5225
    endloop
  endfacet
  facet normal 0 1 0
    outer loop
      vertex -4 19.45 17.5
      vertex -4.12236 19.45 18.2725
      vertex -4.05463 19.45 18.0198
    endloop
  endfacet
  facet normal 0 1 0
    outer loop
      vertex -30.9695 19.45 19.5225
      vertex -32 19.45 17.5
      vertex -31.1728 19.45 19.3579
    endloop
  endfacet
  facet normal 0 1 0
    outer loop
      vertex -4 19.45 17.5
      vertex -4.05463 19.45 18.0198
      vertex -4.0137 19.45 17.7613
    endloop
  endfacet
  facet normal 0 1 0
    outer loop
      vertex -31.1728 19.45 19.3579
      vertex -32 19.45 17.5
      vertex -31.3579 19.45 19.1728
    endloop
  endfacet
  facet normal 0 1 0
    outer loop
      vertex -6.5 19.45 20
      vertex -4 19.45 17.5
      vertex -11.3085 19.45 10.553
    endloop
  endfacet
  facet normal 0 1 0
    outer loop
      vertex -31.5225 19.45 18.9695
      vertex -32 19.45 17.5
      vertex -31.6651 19.45 18.75
    endloop
  endfacet
  facet normal 0 1 0
    outer loop
      vertex -31.6651 19.45 18.75
      vertex -32 19.45 17.5
      vertex -31.7839 19.45 18.5168
    endloop
  endfacet
  facet normal 0 1 0
    outer loop
      vertex -6.5 19.45 20
      vertex -11.8223 19.45 10.6907
      vertex -12 19.45 10.7
    endloop
  endfacet
  facet normal 0 1 0
    outer loop
      vertex -6.5 19.45 20
      vertex -11.6466 19.45 10.6629
      vertex -11.8223 19.45 10.6907
    endloop
  endfacet
  facet normal 0 1 0
    outer loop
      vertex -6.5 19.45 20
      vertex -11.4747 19.45 10.6168
      vertex -11.6466 19.45 10.6629
    endloop
  endfacet
  facet normal 0 1 0
    outer loop
      vertex -6.5 19.45 20
      vertex -11.3085 19.45 10.553
      vertex -11.4747 19.45 10.6168
    endloop
  endfacet
  facet normal 0 1 0
    outer loop
      vertex -4 19.45 17.5
      vertex -11.15 19.45 10.4722
      vertex -11.3085 19.45 10.553
    endloop
  endfacet
  facet normal 0 1 0
    outer loop
      vertex -4 19.45 17.5
      vertex -11.0008 19.45 10.3753
      vertex -11.15 19.45 10.4722
    endloop
  endfacet
  facet normal 0 1 0
    outer loop
      vertex -4 19.45 17.5
      vertex -10.8625 19.45 10.2633
      vertex -11.0008 19.45 10.3753
    endloop
  endfacet
  facet normal 0 1 0
    outer loop
      vertex -4 19.45 17.5
      vertex -10.7367 19.45 10.1375
      vertex -10.8625 19.45 10.2633
    endloop
  endfacet
  facet normal 0 1 0
    outer loop
      vertex -4 19.45 17.5
      vertex -10.6247 19.45 9.99923
      vertex -10.7367 19.45 10.1375
    endloop
  endfacet
  facet normal 0 1 0
    outer loop
      vertex -4 19.45 17.5
      vertex -10.5278 19.45 9.85
      vertex -10.6247 19.45 9.99923
    endloop
  endfacet
  facet normal 0 1 0
    outer loop
      vertex -4 19.45 17.5
      vertex -10.447 19.45 9.69145
      vertex -10.5278 19.45 9.85
    endloop
  endfacet
  facet normal 0 1 0
    outer loop
      vertex -4 19.45 17.5
      vertex -10.3832 19.45 9.52533
      vertex -10.447 19.45 9.69145
    endloop
  endfacet
  facet normal 0 1 0
    outer loop
      vertex -4 19.45 17.5
      vertex -10.3371 19.45 9.35345
      vertex -10.3832 19.45 9.52533
    endloop
  endfacet
  facet normal 0 1 -0
    outer loop
      vertex -4 19.45 3.49497
      vertex -10.3371 19.45 9.35345
      vertex -4 19.45 17.5
    endloop
  endfacet
  facet normal 0 1 0
    outer loop
      vertex -10.3371 19.45 9.35345
      vertex -4 19.45 3.49497
      vertex -10.3093 19.45 9.1777
    endloop
  endfacet
  facet normal 0 1 0
    outer loop
      vertex -10.3093 19.45 9.1777
      vertex -4 19.45 3.49497
      vertex -10.3 19.45 9
    endloop
  endfacet
  facet normal 0 1 0
    outer loop
      vertex -10.3 19.45 9
      vertex -4 19.45 3.49497
      vertex -10.3093 19.45 8.8223
    endloop
  endfacet
  facet normal 0 1 0
    outer loop
      vertex -10.3093 19.45 8.8223
      vertex -4 19.45 3.49497
      vertex -10.3371 19.45 8.64655
    endloop
  endfacet
  facet normal 0 1 0
    outer loop
      vertex -10.3371 19.45 8.64655
      vertex -4 19.45 3.49497
      vertex -10.3832 19.45 8.47467
    endloop
  endfacet
  facet normal 0 1 0
    outer loop
      vertex -10.3832 19.45 8.47467
      vertex -4 19.45 3.49497
      vertex -10.447 19.45 8.30855
    endloop
  endfacet
  facet normal 0 1 0
    outer loop
      vertex -10.447 19.45 8.30855
      vertex -4 19.45 3.49497
      vertex -10.5278 19.45 8.15
    endloop
  endfacet
  facet normal 0 1 0
    outer loop
      vertex -23.6465 19.45 7.33715
      vertex -32 19.45 3.49497
      vertex -23.8223 19.45 7.30931
    endloop
  endfacet
  facet normal 0 1 0
    outer loop
      vertex -11.8223 19.45 7.30931
      vertex -4 19.45 3.49497
      vertex -12 19.45 7.3
    endloop
  endfacet
  facet normal 0 1 0
    outer loop
      vertex -11.6466 19.45 7.33715
      vertex -4 19.45 3.49497
      vertex -11.8223 19.45 7.30931
    endloop
  endfacet
  facet normal 0 1 0
    outer loop
      vertex -11.4747 19.45 7.3832
      vertex -4 19.45 3.49497
      vertex -11.6466 19.45 7.33715
    endloop
  endfacet
  facet normal 0 1 0
    outer loop
      vertex -11.3085 19.45 7.44697
      vertex -4 19.45 3.49497
      vertex -11.4747 19.45 7.3832
    endloop
  endfacet
  facet normal 0 1 0
    outer loop
      vertex -11.15 19.45 7.52776
      vertex -4 19.45 3.49497
      vertex -11.3085 19.45 7.44697
    endloop
  endfacet
  facet normal 0 1 0
    outer loop
      vertex -11.0008 19.45 7.62467
      vertex -4 19.45 3.49497
      vertex -11.15 19.45 7.52776
    endloop
  endfacet
  facet normal 0 1 0
    outer loop
      vertex -10.8625 19.45 7.73665
      vertex -4 19.45 3.49497
      vertex -11.0008 19.45 7.62467
    endloop
  endfacet
  facet normal 0 1 0
    outer loop
      vertex -10.7367 19.45 7.86248
      vertex -4 19.45 3.49497
      vertex -10.8625 19.45 7.73665
    endloop
  endfacet
  facet normal 0 1 0
    outer loop
      vertex -10.6247 19.45 8.00077
      vertex -4 19.45 3.49497
      vertex -10.7367 19.45 7.86248
    endloop
  endfacet
  facet normal 0 1 0
    outer loop
      vertex -10.5278 19.45 8.15
      vertex -4 19.45 3.49497
      vertex -10.6247 19.45 8.00077
    endloop
  endfacet
  facet normal 0 1 0
    outer loop
      vertex -31.7839 19.45 18.5168
      vertex -32 19.45 17.5
      vertex -31.8776 19.45 18.2725
    endloop
  endfacet
  facet normal 0 1 0
    outer loop
      vertex -31.9454 19.45 18.0198
      vertex -32 19.45 17.5
      vertex -31.9863 19.45 17.7613
    endloop
  endfacet
  facet normal 0 1 0
    outer loop
      vertex -31.8776 19.45 18.2725
      vertex -32 19.45 17.5
      vertex -31.9454 19.45 18.0198
    endloop
  endfacet
  facet normal 0 1 0
    outer loop
      vertex -31.3579 19.45 19.1728
      vertex -32 19.45 17.5
      vertex -31.5225 19.45 18.9695
    endloop
  endfacet
  facet normal 0 1 0
    outer loop
      vertex -30.2725 19.45 19.8776
      vertex -32 19.45 17.5
      vertex -30.5168 19.45 19.7839
    endloop
  endfacet
  facet normal 0 1 -0
    outer loop
      vertex -24.85 19.45 10.4722
      vertex -32 19.45 17.5
      vertex -24.6915 19.45 10.553
    endloop
  endfacet
  facet normal 0 1 -0
    outer loop
      vertex -24.9992 19.45 10.3753
      vertex -32 19.45 17.5
      vertex -24.85 19.45 10.4722
    endloop
  endfacet
  facet normal 0 1 -0
    outer loop
      vertex -25.1375 19.45 10.2633
      vertex -32 19.45 17.5
      vertex -24.9992 19.45 10.3753
    endloop
  endfacet
  facet normal 0 1 -0
    outer loop
      vertex -25.2633 19.45 10.1375
      vertex -32 19.45 17.5
      vertex -25.1375 19.45 10.2633
    endloop
  endfacet
  facet normal 0 1 -0
    outer loop
      vertex -25.3753 19.45 9.99923
      vertex -32 19.45 17.5
      vertex -25.2633 19.45 10.1375
    endloop
  endfacet
  facet normal 0 1 -0
    outer loop
      vertex -25.4722 19.45 9.85
      vertex -32 19.45 17.5
      vertex -25.3753 19.45 9.99923
    endloop
  endfacet
  facet normal 0 1 -0
    outer loop
      vertex -25.553 19.45 9.69145
      vertex -32 19.45 17.5
      vertex -25.4722 19.45 9.85
    endloop
  endfacet
  facet normal 0 1 -0
    outer loop
      vertex -25.6168 19.45 9.52533
      vertex -32 19.45 17.5
      vertex -25.553 19.45 9.69145
    endloop
  endfacet
  facet normal 0 1 -0
    outer loop
      vertex -25.6628 19.45 9.35345
      vertex -32 19.45 17.5
      vertex -25.6168 19.45 9.52533
    endloop
  endfacet
  facet normal 0 1 0
    outer loop
      vertex -32 19.45 3.49497
      vertex -25.6628 19.45 9.35345
      vertex -25.6907 19.45 9.1777
    endloop
  endfacet
  facet normal 0 1 0
    outer loop
      vertex -32 19.45 3.49497
      vertex -25.6907 19.45 9.1777
      vertex -25.7 19.45 9
    endloop
  endfacet
  facet normal 0 1 0
    outer loop
      vertex -32 19.45 3.49497
      vertex -25.7 19.45 9
      vertex -25.6907 19.45 8.8223
    endloop
  endfacet
  facet normal 0 1 0
    outer loop
      vertex -32 19.45 3.49497
      vertex -25.6907 19.45 8.8223
      vertex -25.6628 19.45 8.64655
    endloop
  endfacet
  facet normal 0 1 0
    outer loop
      vertex -32 19.45 3.49497
      vertex -25.6628 19.45 8.64655
      vertex -25.6168 19.45 8.47467
    endloop
  endfacet
  facet normal 0 1 0
    outer loop
      vertex -32 19.45 3.49497
      vertex -25.6168 19.45 8.47467
      vertex -25.553 19.45 8.30855
    endloop
  endfacet
  facet normal 0 1 0
    outer loop
      vertex -32 19.45 3.49497
      vertex -25.553 19.45 8.30855
      vertex -25.4722 19.45 8.15
    endloop
  endfacet
  facet normal 0 1 0
    outer loop
      vertex -32 19.45 3.49497
      vertex -25.4722 19.45 8.15
      vertex -25.3753 19.45 8.00077
    endloop
  endfacet
  facet normal 0 1 0
    outer loop
      vertex -23.8223 19.45 7.30931
      vertex -32 19.45 3.49497
      vertex -24 19.45 7.3
    endloop
  endfacet
  facet normal 0 1 0
    outer loop
      vertex -24 19.45 7.3
      vertex -32 19.45 3.49497
      vertex -24.1777 19.45 7.30931
    endloop
  endfacet
  facet normal 0 1 0
    outer loop
      vertex -25.6628 19.45 9.35345
      vertex -32 19.45 3.49497
      vertex -32 19.45 17.5
    endloop
  endfacet
  facet normal 0 1 0
    outer loop
      vertex -25.2633 19.45 7.86248
      vertex -32 19.45 3.49497
      vertex -25.3753 19.45 8.00077
    endloop
  endfacet
  facet normal 0 1 0
    outer loop
      vertex -25.1375 19.45 7.73665
      vertex -32 19.45 3.49497
      vertex -25.2633 19.45 7.86248
    endloop
  endfacet
  facet normal 0 1 0
    outer loop
      vertex -24.9992 19.45 7.62467
      vertex -32 19.45 3.49497
      vertex -25.1375 19.45 7.73665
    endloop
  endfacet
  facet normal 0 1 0
    outer loop
      vertex -24.85 19.45 7.52776
      vertex -32 19.45 3.49497
      vertex -24.9992 19.45 7.62467
    endloop
  endfacet
  facet normal 0 1 0
    outer loop
      vertex -24.6915 19.45 7.44697
      vertex -32 19.45 3.49497
      vertex -24.85 19.45 7.52776
    endloop
  endfacet
  facet normal 0 1 0
    outer loop
      vertex -24.5253 19.45 7.3832
      vertex -32 19.45 3.49497
      vertex -24.6915 19.45 7.44697
    endloop
  endfacet
  facet normal 0 1 0
    outer loop
      vertex -24.3535 19.45 7.33715
      vertex -32 19.45 3.49497
      vertex -24.5253 19.45 7.3832
    endloop
  endfacet
  facet normal 0 1 0
    outer loop
      vertex -24.1777 19.45 7.30931
      vertex -32 19.45 3.49497
      vertex -24.3535 19.45 7.33715
    endloop
  endfacet
  facet normal 0.998628 -0 0.0523582
    outer loop
      vertex -4.0137 16.45 17.7613
      vertex -4 19.45 17.5
      vertex -4.0137 19.45 17.7613
    endloop
  endfacet
  facet normal 0.998628 0 0.0523582
    outer loop
      vertex -4 19.45 17.5
      vertex -4.0137 16.45 17.7613
      vertex -4 16.45 17.5
    endloop
  endfacet
  facet normal 0.891039 -0 0.453926
    outer loop
      vertex -4.33494 16.45 18.75
      vertex -4.21614 19.45 18.5168
      vertex -4.33494 19.45 18.75
    endloop
  endfacet
  facet normal 0.891039 0 0.453926
    outer loop
      vertex -4.21614 19.45 18.5168
      vertex -4.33494 16.45 18.75
      vertex -4.21614 16.45 18.5168
    endloop
  endfacet
  facet normal 0.987696 -0 0.156388
    outer loop
      vertex -4.05463 16.45 18.0198
      vertex -4.0137 19.45 17.7613
      vertex -4.05463 19.45 18.0198
    endloop
  endfacet
  facet normal 0.987696 0 0.156388
    outer loop
      vertex -4.0137 19.45 17.7613
      vertex -4.05463 16.45 18.0198
      vertex -4.0137 16.45 17.7613
    endloop
  endfacet
  facet normal -0.629253 0 0.7772
    outer loop
      vertex -31.1728 19.45 19.3579
      vertex -30.9695 16.45 19.5225
      vertex -30.9695 19.45 19.5225
    endloop
  endfacet
  facet normal -0.629253 0 0.7772
    outer loop
      vertex -30.9695 16.45 19.5225
      vertex -31.1728 19.45 19.3579
      vertex -31.1728 16.45 19.3579
    endloop
  endfacet
  facet normal 0.777051 -0 0.629438
    outer loop
      vertex -4.64214 16.45 19.1728
      vertex -4.47746 19.45 18.9695
      vertex -4.64214 19.45 19.1728
    endloop
  endfacet
  facet normal 0.777051 0 0.629438
    outer loop
      vertex -4.47746 19.45 18.9695
      vertex -4.64214 16.45 19.1728
      vertex -4.47746 16.45 18.9695
    endloop
  endfacet
  facet normal 0.933578 -0 0.358375
    outer loop
      vertex -4.21614 16.45 18.5168
      vertex -4.12236 19.45 18.2725
      vertex -4.21614 19.45 18.5168
    endloop
  endfacet
  facet normal 0.933578 0 0.358375
    outer loop
      vertex -4.12236 19.45 18.2725
      vertex -4.21614 16.45 18.5168
      vertex -4.12236 16.45 18.2725
    endloop
  endfacet
  facet normal 0.0523542 0 0.998629
    outer loop
      vertex -6.5 19.45 20
      vertex -6.23868 16.45 19.9863
      vertex -6.23868 19.45 19.9863
    endloop
  endfacet
  facet normal 0.0523542 0 0.998629
    outer loop
      vertex -6.23868 16.45 19.9863
      vertex -6.5 19.45 20
      vertex -6.5 16.45 20
    endloop
  endfacet
  facet normal -0.0523582 0 0.998628
    outer loop
      vertex -29.7613 19.45 19.9863
      vertex -29.5 16.45 20
      vertex -29.5 19.45 20
    endloop
  endfacet
  facet normal -0.0523582 0 0.998628
    outer loop
      vertex -29.5 16.45 20
      vertex -29.7613 19.45 19.9863
      vertex -29.7613 16.45 19.9863
    endloop
  endfacet
  facet normal 0.544857 0 0.838529
    outer loop
      vertex -5.25 19.45 19.6651
      vertex -5.03054 16.45 19.5225
      vertex -5.03054 19.45 19.5225
    endloop
  endfacet
  facet normal 0.544857 0 0.838529
    outer loop
      vertex -5.03054 16.45 19.5225
      vertex -5.25 19.45 19.6651
      vertex -5.25 16.45 19.6651
    endloop
  endfacet
  facet normal 0.70724 -0 0.706973
    outer loop
      vertex -4.82717 16.45 19.3579
      vertex -4.64214 19.45 19.1728
      vertex -4.82717 19.45 19.3579
    endloop
  endfacet
  facet normal 0.70724 0 0.706973
    outer loop
      vertex -4.64214 19.45 19.1728
      vertex -4.82717 16.45 19.3579
      vertex -4.64214 16.45 19.1728
    endloop
  endfacet
  facet normal 0.838714 -0 0.544572
    outer loop
      vertex -4.47746 16.45 18.9695
      vertex -4.33494 19.45 18.75
      vertex -4.47746 19.45 18.9695
    endloop
  endfacet
  facet normal 0.838714 0 0.544572
    outer loop
      vertex -4.33494 19.45 18.75
      vertex -4.47746 16.45 18.9695
      vertex -4.33494 16.45 18.75
    endloop
  endfacet
  facet normal 0.965907 -0 0.258888
    outer loop
      vertex -4.12236 16.45 18.2725
      vertex -4.05463 19.45 18.0198
      vertex -4.12236 19.45 18.2725
    endloop
  endfacet
  facet normal 0.965907 0 0.258888
    outer loop
      vertex -4.05463 19.45 18.0198
      vertex -4.12236 16.45 18.2725
      vertex -4.05463 16.45 18.0198
    endloop
  endfacet
  facet normal -0 0 1
    outer loop
      vertex -29.5 19.45 20
      vertex -6.5 16.45 20
      vertex -6.5 19.45 20
    endloop
  endfacet
  facet normal 0 0 1
    outer loop
      vertex -6.5 16.45 20
      vertex -29.5 19.45 20
      vertex -29.5 16.45 20
    endloop
  endfacet
  facet normal -0.358108 0 0.93368
    outer loop
      vertex -30.5168 19.45 19.7839
      vertex -30.2725 16.45 19.8776
      vertex -30.2725 19.45 19.8776
    endloop
  endfacet
  facet normal -0.358108 0 0.93368
    outer loop
      vertex -30.2725 16.45 19.8776
      vertex -30.5168 19.45 19.7839
      vertex -30.5168 16.45 19.7839
    endloop
  endfacet
  facet normal 0.629122 0 0.777306
    outer loop
      vertex -5.03054 19.45 19.5225
      vertex -4.82717 16.45 19.3579
      vertex -4.82717 19.45 19.3579
    endloop
  endfacet
  facet normal 0.629122 0 0.777306
    outer loop
      vertex -4.82717 16.45 19.3579
      vertex -5.03054 19.45 19.5225
      vertex -5.03054 16.45 19.5225
    endloop
  endfacet
  facet normal -0.998628 0 0.0523582
    outer loop
      vertex -32 16.45 17.5
      vertex -31.9863 19.45 17.7613
      vertex -32 19.45 17.5
    endloop
  endfacet
  facet normal -0.998628 0 0.0523582
    outer loop
      vertex -31.9863 19.45 17.7613
      vertex -32 16.45 17.5
      vertex -31.9863 16.45 17.7613
    endloop
  endfacet
  facet normal 0.25908 0 0.965856
    outer loop
      vertex -5.98022 19.45 19.9454
      vertex -5.72746 16.45 19.8776
      vertex -5.72746 19.45 19.8776
    endloop
  endfacet
  facet normal 0.25908 0 0.965856
    outer loop
      vertex -5.72746 16.45 19.8776
      vertex -5.98022 19.45 19.9454
      vertex -5.98022 16.45 19.9454
    endloop
  endfacet
  facet normal -0.259137 0 0.965841
    outer loop
      vertex -30.2725 19.45 19.8776
      vertex -30.0198 16.45 19.9454
      vertex -30.0198 19.45 19.9454
    endloop
  endfacet
  facet normal -0.259137 0 0.965841
    outer loop
      vertex -30.0198 16.45 19.9454
      vertex -30.2725 19.45 19.8776
      vertex -30.2725 16.45 19.8776
    endloop
  endfacet
  facet normal -0.544787 0 0.838575
    outer loop
      vertex -30.9695 19.45 19.5225
      vertex -30.75 16.45 19.6651
      vertex -30.75 19.45 19.6651
    endloop
  endfacet
  facet normal -0.544787 0 0.838575
    outer loop
      vertex -30.75 16.45 19.6651
      vertex -30.9695 19.45 19.5225
      vertex -30.9695 16.45 19.5225
    endloop
  endfacet
  facet normal -0.987713 0 0.156277
    outer loop
      vertex -31.9863 16.45 17.7613
      vertex -31.9454 19.45 18.0198
      vertex -31.9863 19.45 17.7613
    endloop
  endfacet
  facet normal -0.987713 0 0.156277
    outer loop
      vertex -31.9454 19.45 18.0198
      vertex -31.9863 16.45 17.7613
      vertex -31.9454 16.45 18.0198
    endloop
  endfacet
  facet normal -0.93368 0 0.358108
    outer loop
      vertex -31.8776 16.45 18.2725
      vertex -31.7839 19.45 18.5168
      vertex -31.8776 19.45 18.2725
    endloop
  endfacet
  facet normal -0.93368 0 0.358108
    outer loop
      vertex -31.7839 19.45 18.5168
      vertex -31.8776 16.45 18.2725
      vertex -31.7839 16.45 18.5168
    endloop
  endfacet
  facet normal -0.838575 0 0.544787
    outer loop
      vertex -31.6651 16.45 18.75
      vertex -31.5225 19.45 18.9695
      vertex -31.6651 19.45 18.75
    endloop
  endfacet
  facet normal -0.838575 0 0.544787
    outer loop
      vertex -31.5225 19.45 18.9695
      vertex -31.6651 16.45 18.75
      vertex -31.5225 16.45 18.9695
    endloop
  endfacet
  facet normal -0.707107 0 0.707107
    outer loop
      vertex -31.3579 16.45 19.1728
      vertex -31.1728 19.45 19.3579
      vertex -31.3579 19.45 19.1728
    endloop
  endfacet
  facet normal -0.707107 0 0.707107
    outer loop
      vertex -31.1728 19.45 19.3579
      vertex -31.3579 16.45 19.1728
      vertex -31.1728 16.45 19.3579
    endloop
  endfacet
  facet normal 0.1563 0 0.98771
    outer loop
      vertex -6.23868 19.45 19.9863
      vertex -5.98022 16.45 19.9454
      vertex -5.98022 19.45 19.9454
    endloop
  endfacet
  facet normal 0.1563 0 0.98771
    outer loop
      vertex -5.98022 16.45 19.9454
      vertex -6.23868 19.45 19.9863
      vertex -6.23868 16.45 19.9863
    endloop
  endfacet
  facet normal 0.453988 0 0.891008
    outer loop
      vertex -5.48316 19.45 19.7839
      vertex -5.25 16.45 19.6651
      vertex -5.25 19.45 19.6651
    endloop
  endfacet
  facet normal 0.453988 0 0.891008
    outer loop
      vertex -5.25 16.45 19.6651
      vertex -5.48316 19.45 19.7839
      vertex -5.48316 16.45 19.7839
    endloop
  endfacet
  facet normal -0.156277 0 0.987713
    outer loop
      vertex -30.0198 19.45 19.9454
      vertex -29.7613 16.45 19.9863
      vertex -29.7613 19.45 19.9863
    endloop
  endfacet
  facet normal -0.156277 0 0.987713
    outer loop
      vertex -29.7613 16.45 19.9863
      vertex -30.0198 19.45 19.9454
      vertex -30.0198 16.45 19.9454
    endloop
  endfacet
  facet normal -0.453926 0 0.891039
    outer loop
      vertex -30.75 19.45 19.6651
      vertex -30.5168 16.45 19.7839
      vertex -30.5168 19.45 19.7839
    endloop
  endfacet
  facet normal -0.453926 0 0.891039
    outer loop
      vertex -30.5168 16.45 19.7839
      vertex -30.75 19.45 19.6651
      vertex -30.75 16.45 19.6651
    endloop
  endfacet
  facet normal -0.965841 0 0.259137
    outer loop
      vertex -31.9454 16.45 18.0198
      vertex -31.8776 19.45 18.2725
      vertex -31.9454 19.45 18.0198
    endloop
  endfacet
  facet normal -0.965841 0 0.259137
    outer loop
      vertex -31.8776 19.45 18.2725
      vertex -31.9454 16.45 18.0198
      vertex -31.8776 16.45 18.2725
    endloop
  endfacet
  facet normal -0.891039 0 0.453926
    outer loop
      vertex -31.7839 16.45 18.5168
      vertex -31.6651 19.45 18.75
      vertex -31.7839 19.45 18.5168
    endloop
  endfacet
  facet normal -0.891039 0 0.453926
    outer loop
      vertex -31.6651 19.45 18.75
      vertex -31.7839 16.45 18.5168
      vertex -31.6651 16.45 18.75
    endloop
  endfacet
  facet normal -0.7772 0 0.629253
    outer loop
      vertex -31.5225 16.45 18.9695
      vertex -31.3579 19.45 19.1728
      vertex -31.5225 19.45 18.9695
    endloop
  endfacet
  facet normal -0.7772 0 0.629253
    outer loop
      vertex -31.3579 19.45 19.1728
      vertex -31.5225 16.45 18.9695
      vertex -31.3579 16.45 19.1728
    endloop
  endfacet
  facet normal 0.358108 0 0.93368
    outer loop
      vertex -5.72746 19.45 19.8776
      vertex -5.48316 16.45 19.7839
      vertex -5.48316 19.45 19.7839
    endloop
  endfacet
  facet normal 0.358108 0 0.93368
    outer loop
      vertex -5.48316 16.45 19.7839
      vertex -5.72746 19.45 19.8776
      vertex -5.72746 16.45 19.8776
    endloop
  endfacet
  facet normal 0.0523542 -0 0.998629
    outer loop
      vertex -6.5 39.34 12.5
      vertex -6.23868 41.35 12.4863
      vertex -6.5 41.35 12.5
    endloop
  endfacet
  facet normal 0.0523542 0 0.998629
    outer loop
      vertex -6.23868 41.35 12.4863
      vertex -6.5 39.34 12.5
      vertex -6.23868 39.3263 12.4863
    endloop
  endfacet
  facet normal 0.544857 -0 0.838529
    outer loop
      vertex -5.25 39.005 12.1651
      vertex -5.03054 41.35 12.0225
      vertex -5.25 41.35 12.1651
    endloop
  endfacet
  facet normal 0.544857 0 0.838529
    outer loop
      vertex -5.03054 41.35 12.0225
      vertex -5.25 39.005 12.1651
      vertex -5.03054 38.8625 12.0225
    endloop
  endfacet
  facet normal 0.25908 -0 0.965856
    outer loop
      vertex -5.98022 39.2853 12.4454
      vertex -5.72746 41.35 12.3776
      vertex -5.98022 41.35 12.4454
    endloop
  endfacet
  facet normal 0.25908 0 0.965856
    outer loop
      vertex -5.72746 41.35 12.3776
      vertex -5.98022 39.2853 12.4454
      vertex -5.72746 39.2176 12.3776
    endloop
  endfacet
  facet normal 0.453988 -0 0.891008
    outer loop
      vertex -5.48316 39.1238 12.2839
      vertex -5.25 41.35 12.1651
      vertex -5.48316 41.35 12.2839
    endloop
  endfacet
  facet normal 0.453988 0 0.891008
    outer loop
      vertex -5.25 41.35 12.1651
      vertex -5.48316 39.1238 12.2839
      vertex -5.25 39.005 12.1651
    endloop
  endfacet
  facet normal 0.777051 -0 0.629438
    outer loop
      vertex -4.64214 38.5128 11.6728
      vertex -4.47746 41.35 11.4695
      vertex -4.64214 41.35 11.6728
    endloop
  endfacet
  facet normal 0.776547 -0.00128353 0.630058
    outer loop
      vertex -4.47746 38.35 11.4695
      vertex -4.64214 38.5128 11.6728
      vertex -4.51032 38.35 11.51
    endloop
  endfacet
  facet normal 0.777051 0 0.629438
    outer loop
      vertex -4.64214 38.5128 11.6728
      vertex -4.47746 38.35 11.4695
      vertex -4.47746 41.35 11.4695
    endloop
  endfacet
  facet normal -0.156277 0 0.987713
    outer loop
      vertex -30.0198 41.35 12.4454
      vertex -29.7613 39.3263 12.4863
      vertex -29.7613 41.35 12.4863
    endloop
  endfacet
  facet normal -0.156277 0 0.987713
    outer loop
      vertex -29.7613 39.3263 12.4863
      vertex -30.0198 41.35 12.4454
      vertex -30.0198 39.2853 12.4454
    endloop
  endfacet
  facet normal 0.1563 -0 0.98771
    outer loop
      vertex -6.23868 39.3263 12.4863
      vertex -5.98022 41.35 12.4454
      vertex -6.23868 41.35 12.4863
    endloop
  endfacet
  facet normal 0.1563 0 0.98771
    outer loop
      vertex -5.98022 41.35 12.4454
      vertex -6.23868 39.3263 12.4863
      vertex -5.98022 39.2853 12.4454
    endloop
  endfacet
  facet normal 0.70724 -0 0.706973
    outer loop
      vertex -4.82717 38.6978 11.8579
      vertex -4.64214 41.35 11.6728
      vertex -4.82717 41.35 11.8579
    endloop
  endfacet
  facet normal 0.70724 0 0.706973
    outer loop
      vertex -4.64214 41.35 11.6728
      vertex -4.82717 38.6978 11.8579
      vertex -4.64214 38.5128 11.6728
    endloop
  endfacet
  facet normal 0 -1 0
    outer loop
      vertex -31.6651 38.35 11.25
      vertex -31.4897 38.35 11.51
      vertex -31.5225 38.35 11.4695
    endloop
  endfacet
  facet normal 0 -1 -0
    outer loop
      vertex -31.4897 38.35 11.51
      vertex -32 38.35 3.49497
      vertex -4.51032 38.35 11.51
    endloop
  endfacet
  facet normal 0 -1 0
    outer loop
      vertex -31.4897 38.35 11.51
      vertex -31.6651 38.35 11.25
      vertex -32 38.35 10
    endloop
  endfacet
  facet normal 0 -1 0
    outer loop
      vertex -31.4897 38.35 11.51
      vertex -32 38.35 10
      vertex -32 38.35 3.49497
    endloop
  endfacet
  facet normal 0 -1 0
    outer loop
      vertex -32 38.35 10
      vertex -31.6651 38.35 11.25
      vertex -31.7839 38.35 11.0168
    endloop
  endfacet
  facet normal 0 -1 0
    outer loop
      vertex -4 38.35 3.49497
      vertex -4.51032 38.35 11.51
      vertex -32 38.35 3.49497
    endloop
  endfacet
  facet normal 0 -1 0
    outer loop
      vertex -32 38.35 10
      vertex -31.7839 38.35 11.0168
      vertex -31.8776 38.35 10.7725
    endloop
  endfacet
  facet normal 0 -1 0
    outer loop
      vertex -4.51032 38.35 11.51
      vertex -4.33494 38.35 11.25
      vertex -4.47746 38.35 11.4695
    endloop
  endfacet
  facet normal 0 -1 0
    outer loop
      vertex -32 38.35 10
      vertex -31.8776 38.35 10.7725
      vertex -31.9454 38.35 10.5198
    endloop
  endfacet
  facet normal 0 -1 0
    outer loop
      vertex -4.33494 38.35 11.25
      vertex -4 38.35 10
      vertex -4.21614 38.35 11.0168
    endloop
  endfacet
  facet normal 0 -1 0
    outer loop
      vertex -32 38.35 10
      vertex -31.9454 38.35 10.5198
      vertex -31.9863 38.35 10.2613
    endloop
  endfacet
  facet normal 0 -1 0
    outer loop
      vertex -4.21614 38.35 11.0168
      vertex -4 38.35 10
      vertex -4.12236 38.35 10.7725
    endloop
  endfacet
  facet normal 0 -1 0
    outer loop
      vertex -4.12236 38.35 10.7725
      vertex -4 38.35 10
      vertex -4.05463 38.35 10.5198
    endloop
  endfacet
  facet normal 0 -1 0
    outer loop
      vertex -4.05463 38.35 10.5198
      vertex -4 38.35 10
      vertex -4.0137 38.35 10.2613
    endloop
  endfacet
  facet normal -0 -1 -0
    outer loop
      vertex -4 38.35 10
      vertex -4.51032 38.35 11.51
      vertex -4 38.35 3.49497
    endloop
  endfacet
  facet normal -0 -1 -0
    outer loop
      vertex -4.33494 38.35 11.25
      vertex -4.51032 38.35 11.51
      vertex -4 38.35 10
    endloop
  endfacet
  facet normal 0.998628 -0 0.0523582
    outer loop
      vertex -4.0137 38.35 10.2613
      vertex -4 41.35 10
      vertex -4.0137 41.35 10.2613
    endloop
  endfacet
  facet normal 0.998628 0 0.0523582
    outer loop
      vertex -4 41.35 10
      vertex -4.0137 38.35 10.2613
      vertex -4 38.35 10
    endloop
  endfacet
  facet normal 0.358108 -0 0.93368
    outer loop
      vertex -5.72746 39.2176 12.3776
      vertex -5.48316 41.35 12.2839
      vertex -5.72746 41.35 12.3776
    endloop
  endfacet
  facet normal 0.358108 0 0.93368
    outer loop
      vertex -5.48316 41.35 12.2839
      vertex -5.72746 39.2176 12.3776
      vertex -5.48316 39.1238 12.2839
    endloop
  endfacet
  facet normal 0.629122 -0 0.777306
    outer loop
      vertex -5.03054 38.8625 12.0225
      vertex -4.82717 41.35 11.8579
      vertex -5.03054 41.35 12.0225
    endloop
  endfacet
  facet normal 0.629122 0 0.777306
    outer loop
      vertex -4.82717 41.35 11.8579
      vertex -5.03054 38.8625 12.0225
      vertex -4.82717 38.6978 11.8579
    endloop
  endfacet
  facet normal 0.891039 -0 0.453926
    outer loop
      vertex -4.33494 38.35 11.25
      vertex -4.21614 41.35 11.0168
      vertex -4.33494 41.35 11.25
    endloop
  endfacet
  facet normal 0.891039 0 0.453926
    outer loop
      vertex -4.21614 41.35 11.0168
      vertex -4.33494 38.35 11.25
      vertex -4.21614 38.35 11.0168
    endloop
  endfacet
  facet normal -0 0 1
    outer loop
      vertex -29.5 41.35 12.5
      vertex -6.5 39.34 12.5
      vertex -6.5 41.35 12.5
    endloop
  endfacet
  facet normal 0 0 1
    outer loop
      vertex -6.5 39.34 12.5
      vertex -29.5 41.35 12.5
      vertex -29.5 39.34 12.5
    endloop
  endfacet
  facet normal 0.933578 -0 0.358375
    outer loop
      vertex -4.21614 38.35 11.0168
      vertex -4.12236 41.35 10.7725
      vertex -4.21614 41.35 11.0168
    endloop
  endfacet
  facet normal 0.933578 0 0.358375
    outer loop
      vertex -4.12236 41.35 10.7725
      vertex -4.21614 38.35 11.0168
      vertex -4.12236 38.35 10.7725
    endloop
  endfacet
  facet normal 0.987696 -0 0.156388
    outer loop
      vertex -4.05463 38.35 10.5198
      vertex -4.0137 41.35 10.2613
      vertex -4.05463 41.35 10.5198
    endloop
  endfacet
  facet normal 0.987696 0 0.156388
    outer loop
      vertex -4.0137 41.35 10.2613
      vertex -4.05463 38.35 10.5198
      vertex -4.0137 38.35 10.2613
    endloop
  endfacet
  facet normal 0.838714 -0 0.544572
    outer loop
      vertex -4.47746 38.35 11.4695
      vertex -4.33494 41.35 11.25
      vertex -4.47746 41.35 11.4695
    endloop
  endfacet
  facet normal 0.838714 0 0.544572
    outer loop
      vertex -4.33494 41.35 11.25
      vertex -4.47746 38.35 11.4695
      vertex -4.33494 38.35 11.25
    endloop
  endfacet
  facet normal -0.358108 0 0.93368
    outer loop
      vertex -30.5168 41.35 12.2839
      vertex -30.2725 39.2176 12.3776
      vertex -30.2725 41.35 12.3776
    endloop
  endfacet
  facet normal -0.358108 0 0.93368
    outer loop
      vertex -30.2725 39.2176 12.3776
      vertex -30.5168 41.35 12.2839
      vertex -30.5168 39.1238 12.2839
    endloop
  endfacet
  facet normal -0.0523582 0 0.998628
    outer loop
      vertex -29.7613 41.35 12.4863
      vertex -29.5 39.34 12.5
      vertex -29.5 41.35 12.5
    endloop
  endfacet
  facet normal -0.0523582 0 0.998628
    outer loop
      vertex -29.5 39.34 12.5
      vertex -29.7613 41.35 12.4863
      vertex -29.7613 39.3263 12.4863
    endloop
  endfacet
  facet normal -0.93368 0 0.358108
    outer loop
      vertex -31.8776 38.35 10.7725
      vertex -31.7839 41.35 11.0168
      vertex -31.8776 41.35 10.7725
    endloop
  endfacet
  facet normal -0.93368 0 0.358108
    outer loop
      vertex -31.7839 41.35 11.0168
      vertex -31.8776 38.35 10.7725
      vertex -31.7839 38.35 11.0168
    endloop
  endfacet
  facet normal -0.998628 0 0.0523582
    outer loop
      vertex -32 38.35 10
      vertex -31.9863 41.35 10.2613
      vertex -32 41.35 10
    endloop
  endfacet
  facet normal -0.998628 0 0.0523582
    outer loop
      vertex -31.9863 41.35 10.2613
      vertex -32 38.35 10
      vertex -31.9863 38.35 10.2613
    endloop
  endfacet
  facet normal 0.965907 -0 0.258888
    outer loop
      vertex -4.12236 38.35 10.7725
      vertex -4.05463 41.35 10.5198
      vertex -4.12236 41.35 10.7725
    endloop
  endfacet
  facet normal 0.965907 0 0.258888
    outer loop
      vertex -4.05463 41.35 10.5198
      vertex -4.12236 38.35 10.7725
      vertex -4.05463 38.35 10.5198
    endloop
  endfacet
  facet normal -0.259137 0 0.965841
    outer loop
      vertex -30.2725 41.35 12.3776
      vertex -30.0198 39.2853 12.4454
      vertex -30.0198 41.35 12.4454
    endloop
  endfacet
  facet normal -0.259137 0 0.965841
    outer loop
      vertex -30.0198 39.2853 12.4454
      vertex -30.2725 41.35 12.3776
      vertex -30.2725 39.2176 12.3776
    endloop
  endfacet
  facet normal -0.987713 0 0.156277
    outer loop
      vertex -31.9863 38.35 10.2613
      vertex -31.9454 41.35 10.5198
      vertex -31.9863 41.35 10.2613
    endloop
  endfacet
  facet normal -0.987713 0 0.156277
    outer loop
      vertex -31.9454 41.35 10.5198
      vertex -31.9863 38.35 10.2613
      vertex -31.9454 38.35 10.5198
    endloop
  endfacet
  facet normal -0.838575 0 0.544787
    outer loop
      vertex -31.6651 38.35 11.25
      vertex -31.5225 41.35 11.4695
      vertex -31.6651 41.35 11.25
    endloop
  endfacet
  facet normal -0.838575 0 0.544787
    outer loop
      vertex -31.5225 41.35 11.4695
      vertex -31.6651 38.35 11.25
      vertex -31.5225 38.35 11.4695
    endloop
  endfacet
  facet normal -0.544787 0 0.838575
    outer loop
      vertex -30.9695 41.35 12.0225
      vertex -30.75 39.005 12.1651
      vertex -30.75 41.35 12.1651
    endloop
  endfacet
  facet normal -0.544787 0 0.838575
    outer loop
      vertex -30.75 39.005 12.1651
      vertex -30.9695 41.35 12.0225
      vertex -30.9695 38.8625 12.0225
    endloop
  endfacet
  facet normal -0.965841 0 0.259137
    outer loop
      vertex -31.9454 38.35 10.5198
      vertex -31.8776 41.35 10.7725
      vertex -31.9454 41.35 10.5198
    endloop
  endfacet
  facet normal -0.965841 0 0.259137
    outer loop
      vertex -31.8776 41.35 10.7725
      vertex -31.9454 38.35 10.5198
      vertex -31.8776 38.35 10.7725
    endloop
  endfacet
  facet normal -0.453926 0 0.891039
    outer loop
      vertex -30.75 41.35 12.1651
      vertex -30.5168 39.1238 12.2839
      vertex -30.5168 41.35 12.2839
    endloop
  endfacet
  facet normal -0.453926 0 0.891039
    outer loop
      vertex -30.5168 39.1238 12.2839
      vertex -30.75 41.35 12.1651
      vertex -30.75 39.005 12.1651
    endloop
  endfacet
  facet normal -0.629253 0 0.7772
    outer loop
      vertex -31.1728 41.35 11.8579
      vertex -30.9695 38.8625 12.0225
      vertex -30.9695 41.35 12.0225
    endloop
  endfacet
  facet normal -0.629253 0 0.7772
    outer loop
      vertex -30.9695 38.8625 12.0225
      vertex -31.1728 41.35 11.8579
      vertex -31.1728 38.6978 11.8579
    endloop
  endfacet
  facet normal -0.707107 0 0.707107
    outer loop
      vertex -31.3579 41.35 11.6728
      vertex -31.1728 38.6978 11.8579
      vertex -31.1728 41.35 11.8579
    endloop
  endfacet
  facet normal -0.707107 0 0.707107
    outer loop
      vertex -31.1728 38.6978 11.8579
      vertex -31.3579 41.35 11.6728
      vertex -31.3579 38.5128 11.6728
    endloop
  endfacet
  facet normal -0.7772 0 0.629253
    outer loop
      vertex -31.5225 41.35 11.4695
      vertex -31.3579 38.5128 11.6728
      vertex -31.3579 41.35 11.6728
    endloop
  endfacet
  facet normal -0.7772 0 0.629253
    outer loop
      vertex -31.5225 38.35 11.4695
      vertex -31.3579 38.5128 11.6728
      vertex -31.5225 41.35 11.4695
    endloop
  endfacet
  facet normal -0.777111 -0.000228652 0.629364
    outer loop
      vertex -31.3579 38.5128 11.6728
      vertex -31.5225 38.35 11.4695
      vertex -31.4897 38.35 11.51
    endloop
  endfacet
  facet normal -0.891039 0 0.453926
    outer loop
      vertex -31.7839 38.35 11.0168
      vertex -31.6651 41.35 11.25
      vertex -31.7839 41.35 11.0168
    endloop
  endfacet
  facet normal -0.891039 0 0.453926
    outer loop
      vertex -31.6651 41.35 11.25
      vertex -31.7839 38.35 11.0168
      vertex -31.6651 38.35 11.25
    endloop
  endfacet
  facet normal -0.998633 0 0.0522639
    outer loop
      vertex -22.3093 18.25 8.8223
      vertex -22.3 19.45 9
      vertex -22.3093 19.45 8.8223
    endloop
  endfacet
  facet normal -0.998633 0 0.0522639
    outer loop
      vertex -22.3 19.45 9
      vertex -22.3093 18.25 8.8223
      vertex -22.3 18.25 9
    endloop
  endfacet
  facet normal 0.998633 -0 0.0522639
    outer loop
      vertex -25.7 18.25 9
      vertex -25.6907 19.45 8.8223
      vertex -25.7 19.45 9
    endloop
  endfacet
  facet normal 0.998633 0 0.0522639
    outer loop
      vertex -25.6907 19.45 8.8223
      vertex -25.7 18.25 9
      vertex -25.6907 18.25 8.8223
    endloop
  endfacet
  facet normal 0.0523199 0 0.99863
    outer loop
      vertex -24.1777 19.45 7.30931
      vertex -24 18.25 7.3
      vertex -24 19.45 7.3
    endloop
  endfacet
  facet normal 0.0523199 0 0.99863
    outer loop
      vertex -24 18.25 7.3
      vertex -24.1777 19.45 7.30931
      vertex -24.1777 18.25 7.30931
    endloop
  endfacet
  facet normal -0.0522639 0 -0.998633
    outer loop
      vertex -24 18.25 10.7
      vertex -23.8223 19.45 10.6907
      vertex -23.8223 18.25 10.6907
    endloop
  endfacet
  facet normal -0.0522639 0 -0.998633
    outer loop
      vertex -23.8223 19.45 10.6907
      vertex -24 18.25 10.7
      vertex -24 19.45 10.7
    endloop
  endfacet
  facet normal -0.707191 0 0.707022
    outer loop
      vertex -22.8625 18.25 7.73665
      vertex -22.7367 19.45 7.86248
      vertex -22.8625 19.45 7.73665
    endloop
  endfacet
  facet normal -0.707191 0 0.707022
    outer loop
      vertex -22.7367 19.45 7.86248
      vertex -22.8625 18.25 7.73665
      vertex -22.7367 18.25 7.86248
    endloop
  endfacet
  facet normal 0.707191 -0 0.707022
    outer loop
      vertex -25.2633 18.25 7.86248
      vertex -25.1375 19.45 7.73665
      vertex -25.2633 19.45 7.86248
    endloop
  endfacet
  facet normal 0.707191 0 0.707022
    outer loop
      vertex -25.1375 19.45 7.73665
      vertex -25.2633 18.25 7.86248
      vertex -25.1375 18.25 7.73665
    endloop
  endfacet
  facet normal 0.35823 0 0.933633
    outer loop
      vertex -24.6915 19.45 7.44697
      vertex -24.5253 18.25 7.3832
      vertex -24.5253 19.45 7.3832
    endloop
  endfacet
  facet normal 0.35823 0 0.933633
    outer loop
      vertex -24.5253 18.25 7.3832
      vertex -24.6915 19.45 7.44697
      vertex -24.6915 18.25 7.44697
    endloop
  endfacet
  facet normal -0.933519 0 0.358527
    outer loop
      vertex -22.447 18.25 8.30855
      vertex -22.3832 19.45 8.47467
      vertex -22.447 19.45 8.30855
    endloop
  endfacet
  facet normal -0.933519 0 0.358527
    outer loop
      vertex -22.3832 19.45 8.47467
      vertex -22.447 18.25 8.30855
      vertex -22.3832 18.25 8.47467
    endloop
  endfacet
  facet normal -0.987633 0 0.156785
    outer loop
      vertex -22.3372 18.25 8.64655
      vertex -22.3093 19.45 8.8223
      vertex -22.3372 19.45 8.64655
    endloop
  endfacet
  facet normal -0.987633 0 0.156785
    outer loop
      vertex -22.3093 19.45 8.8223
      vertex -22.3372 18.25 8.64655
      vertex -22.3093 18.25 8.8223
    endloop
  endfacet
  facet normal -0.35823 0 0.933633
    outer loop
      vertex -23.4747 19.45 7.3832
      vertex -23.3085 18.25 7.44697
      vertex -23.3085 19.45 7.44697
    endloop
  endfacet
  facet normal -0.35823 0 0.933633
    outer loop
      vertex -23.3085 18.25 7.44697
      vertex -23.4747 19.45 7.3832
      vertex -23.4747 18.25 7.3832
    endloop
  endfacet
  facet normal -0.544712 0 0.838623
    outer loop
      vertex -23.15 19.45 7.52776
      vertex -23.0008 18.25 7.62467
      vertex -23.0008 19.45 7.62467
    endloop
  endfacet
  facet normal -0.544712 0 0.838623
    outer loop
      vertex -23.0008 18.25 7.62467
      vertex -23.15 19.45 7.52776
      vertex -23.15 18.25 7.52776
    endloop
  endfacet
  facet normal 0.890973 -0 0.454056
    outer loop
      vertex -25.553 18.25 8.30855
      vertex -25.4722 19.45 8.15
      vertex -25.553 19.45 8.30855
    endloop
  endfacet
  facet normal 0.890973 0 0.454056
    outer loop
      vertex -25.4722 19.45 8.15
      vertex -25.553 18.25 8.30855
      vertex -25.4722 18.25 8.15
    endloop
  endfacet
  facet normal 0.777105 -0 0.629371
    outer loop
      vertex -25.3753 18.25 8.00077
      vertex -25.2633 19.45 7.86248
      vertex -25.3753 19.45 8.00077
    endloop
  endfacet
  facet normal 0.777105 0 0.629371
    outer loop
      vertex -25.2633 19.45 7.86248
      vertex -25.3753 18.25 8.00077
      vertex -25.2633 18.25 7.86248
    endloop
  endfacet
  facet normal 0.156413 0 0.987692
    outer loop
      vertex -24.3535 19.45 7.33715
      vertex -24.1777 18.25 7.30931
      vertex -24.1777 19.45 7.30931
    endloop
  endfacet
  facet normal 0.156413 0 0.987692
    outer loop
      vertex -24.1777 18.25 7.30931
      vertex -24.3535 19.45 7.33715
      vertex -24.3535 18.25 7.33715
    endloop
  endfacet
  facet normal 0.77706 0 -0.629426
    outer loop
      vertex -25.2633 18.25 10.1375
      vertex -25.3753 19.45 9.99923
      vertex -25.2633 19.45 10.1375
    endloop
  endfacet
  facet normal 0.77706 0 -0.629426
    outer loop
      vertex -25.3753 19.45 9.99923
      vertex -25.2633 18.25 10.1375
      vertex -25.3753 18.25 9.99923
    endloop
  endfacet
  facet normal -0.156193 0 -0.987726
    outer loop
      vertex -23.8223 18.25 10.6907
      vertex -23.6465 19.45 10.6629
      vertex -23.6465 18.25 10.6629
    endloop
  endfacet
  facet normal -0.156193 0 -0.987726
    outer loop
      vertex -23.6465 19.45 10.6629
      vertex -23.8223 18.25 10.6907
      vertex -23.8223 19.45 10.6907
    endloop
  endfacet
  facet normal -0.966003 0 0.25853
    outer loop
      vertex -22.3832 18.25 8.47467
      vertex -22.3372 19.45 8.64655
      vertex -22.3832 19.45 8.47467
    endloop
  endfacet
  facet normal -0.966003 0 0.25853
    outer loop
      vertex -22.3372 19.45 8.64655
      vertex -22.3832 18.25 8.47467
      vertex -22.3372 18.25 8.64655
    endloop
  endfacet
  facet normal -0.838699 0 0.544595
    outer loop
      vertex -22.6247 18.25 8.00077
      vertex -22.5278 19.45 8.15
      vertex -22.6247 19.45 8.00077
    endloop
  endfacet
  facet normal -0.838699 0 0.544595
    outer loop
      vertex -22.5278 19.45 8.15
      vertex -22.6247 18.25 8.00077
      vertex -22.5278 18.25 8.15
    endloop
  endfacet
  facet normal -0.777105 0 0.629371
    outer loop
      vertex -22.7367 18.25 7.86248
      vertex -22.6247 19.45 8.00077
      vertex -22.7367 19.45 7.86248
    endloop
  endfacet
  facet normal -0.777105 0 0.629371
    outer loop
      vertex -22.6247 19.45 8.00077
      vertex -22.7367 18.25 7.86248
      vertex -22.6247 18.25 8.00077
    endloop
  endfacet
  facet normal -0.890973 0 0.454056
    outer loop
      vertex -22.5278 18.25 8.15
      vertex -22.447 19.45 8.30855
      vertex -22.5278 19.45 8.15
    endloop
  endfacet
  facet normal -0.890973 0 0.454056
    outer loop
      vertex -22.447 19.45 8.30855
      vertex -22.5278 18.25 8.15
      vertex -22.447 18.25 8.30855
    endloop
  endfacet
  facet normal -0.156413 0 0.987692
    outer loop
      vertex -23.8223 19.45 7.30931
      vertex -23.6465 18.25 7.33715
      vertex -23.6465 19.45 7.33715
    endloop
  endfacet
  facet normal -0.156413 0 0.987692
    outer loop
      vertex -23.6465 18.25 7.33715
      vertex -23.8223 19.45 7.30931
      vertex -23.8223 18.25 7.30931
    endloop
  endfacet
  facet normal -0.258905 0 0.965903
    outer loop
      vertex -23.6465 19.45 7.33715
      vertex -23.4747 18.25 7.3832
      vertex -23.4747 19.45 7.3832
    endloop
  endfacet
  facet normal -0.258905 0 0.965903
    outer loop
      vertex -23.4747 18.25 7.3832
      vertex -23.6465 19.45 7.33715
      vertex -23.6465 18.25 7.33715
    endloop
  endfacet
  facet normal -0.0523199 0 0.99863
    outer loop
      vertex -24 19.45 7.3
      vertex -23.8223 18.25 7.30931
      vertex -23.8223 19.45 7.30931
    endloop
  endfacet
  facet normal -0.0523199 0 0.99863
    outer loop
      vertex -23.8223 18.25 7.30931
      vertex -24 19.45 7.3
      vertex -24 18.25 7.3
    endloop
  endfacet
  facet normal -0.454125 0 0.890938
    outer loop
      vertex -23.3085 19.45 7.44697
      vertex -23.15 18.25 7.52776
      vertex -23.15 19.45 7.52776
    endloop
  endfacet
  facet normal -0.454125 0 0.890938
    outer loop
      vertex -23.15 18.25 7.52776
      vertex -23.3085 19.45 7.44697
      vertex -23.3085 18.25 7.44697
    endloop
  endfacet
  facet normal -0.629276 0 0.777182
    outer loop
      vertex -23.0008 19.45 7.62467
      vertex -22.8625 18.25 7.73665
      vertex -22.8625 19.45 7.73665
    endloop
  endfacet
  facet normal -0.629276 0 0.777182
    outer loop
      vertex -22.8625 18.25 7.73665
      vertex -23.0008 19.45 7.62467
      vertex -23.0008 18.25 7.62467
    endloop
  endfacet
  facet normal 0.966003 -0 0.25853
    outer loop
      vertex -25.6628 18.25 8.64655
      vertex -25.6168 19.45 8.47467
      vertex -25.6628 19.45 8.64655
    endloop
  endfacet
  facet normal 0.966003 0 0.25853
    outer loop
      vertex -25.6168 19.45 8.47467
      vertex -25.6628 18.25 8.64655
      vertex -25.6168 18.25 8.47467
    endloop
  endfacet
  facet normal 0.838699 -0 0.544595
    outer loop
      vertex -25.4722 18.25 8.15
      vertex -25.3753 19.45 8.00077
      vertex -25.4722 19.45 8.15
    endloop
  endfacet
  facet normal 0.838699 0 0.544595
    outer loop
      vertex -25.3753 19.45 8.00077
      vertex -25.4722 18.25 8.15
      vertex -25.3753 18.25 8.00077
    endloop
  endfacet
  facet normal 0.933519 -0 0.358527
    outer loop
      vertex -25.6168 18.25 8.47467
      vertex -25.553 19.45 8.30855
      vertex -25.6168 19.45 8.47467
    endloop
  endfacet
  facet normal 0.933519 0 0.358527
    outer loop
      vertex -25.553 19.45 8.30855
      vertex -25.6168 18.25 8.47467
      vertex -25.553 18.25 8.30855
    endloop
  endfacet
  facet normal 0.987633 -0 0.156785
    outer loop
      vertex -25.6907 18.25 8.8223
      vertex -25.6628 19.45 8.64655
      vertex -25.6907 19.45 8.8223
    endloop
  endfacet
  facet normal 0.987633 0 0.156785
    outer loop
      vertex -25.6628 19.45 8.64655
      vertex -25.6907 18.25 8.8223
      vertex -25.6628 18.25 8.64655
    endloop
  endfacet
  facet normal 0.544712 0 0.838623
    outer loop
      vertex -24.9992 19.45 7.62467
      vertex -24.85 18.25 7.52776
      vertex -24.85 19.45 7.52776
    endloop
  endfacet
  facet normal 0.544712 0 0.838623
    outer loop
      vertex -24.85 18.25 7.52776
      vertex -24.9992 19.45 7.62467
      vertex -24.9992 18.25 7.62467
    endloop
  endfacet
  facet normal 0.454125 0 0.890938
    outer loop
      vertex -24.85 19.45 7.52776
      vertex -24.6915 18.25 7.44697
      vertex -24.6915 19.45 7.44697
    endloop
  endfacet
  facet normal 0.454125 0 0.890938
    outer loop
      vertex -24.6915 18.25 7.44697
      vertex -24.85 19.45 7.52776
      vertex -24.85 18.25 7.52776
    endloop
  endfacet
  facet normal 0.629276 0 0.777182
    outer loop
      vertex -25.1375 19.45 7.73665
      vertex -24.9992 18.25 7.62467
      vertex -24.9992 19.45 7.62467
    endloop
  endfacet
  facet normal 0.629276 0 0.777182
    outer loop
      vertex -24.9992 18.25 7.62467
      vertex -25.1375 19.45 7.73665
      vertex -25.1375 18.25 7.73665
    endloop
  endfacet
  facet normal 0.258905 0 0.965903
    outer loop
      vertex -24.5253 19.45 7.3832
      vertex -24.3535 18.25 7.33715
      vertex -24.3535 19.45 7.33715
    endloop
  endfacet
  facet normal 0.258905 0 0.965903
    outer loop
      vertex -24.3535 18.25 7.33715
      vertex -24.5253 19.45 7.3832
      vertex -24.5253 18.25 7.3832
    endloop
  endfacet
  facet normal -0.998633 0 -0.0522639
    outer loop
      vertex -22.3 18.25 9
      vertex -22.3093 19.45 9.1777
      vertex -22.3 19.45 9
    endloop
  endfacet
  facet normal -0.998633 -0 -0.0522639
    outer loop
      vertex -22.3093 19.45 9.1777
      vertex -22.3 18.25 9
      vertex -22.3093 18.25 9.1777
    endloop
  endfacet
  facet normal -0.966003 0 -0.25853
    outer loop
      vertex -22.3372 18.25 9.35345
      vertex -22.3832 19.45 9.52533
      vertex -22.3372 19.45 9.35345
    endloop
  endfacet
  facet normal -0.966003 -0 -0.25853
    outer loop
      vertex -22.3832 19.45 9.52533
      vertex -22.3372 18.25 9.35345
      vertex -22.3832 18.25 9.52533
    endloop
  endfacet
  facet normal -0.629344 0 -0.777127
    outer loop
      vertex -23.0008 18.25 10.3753
      vertex -22.8625 19.45 10.2633
      vertex -22.8625 18.25 10.2633
    endloop
  endfacet
  facet normal -0.629344 0 -0.777127
    outer loop
      vertex -22.8625 19.45 10.2633
      vertex -23.0008 18.25 10.3753
      vertex -23.0008 19.45 10.3753
    endloop
  endfacet
  facet normal -0.890973 0 -0.454056
    outer loop
      vertex -22.447 18.25 9.69145
      vertex -22.5278 19.45 9.85
      vertex -22.447 19.45 9.69145
    endloop
  endfacet
  facet normal -0.890973 -0 -0.454056
    outer loop
      vertex -22.5278 19.45 9.85
      vertex -22.447 18.25 9.69145
      vertex -22.5278 18.25 9.85
    endloop
  endfacet
  facet normal -0.77706 0 -0.629426
    outer loop
      vertex -22.6247 18.25 9.99923
      vertex -22.7367 19.45 10.1375
      vertex -22.6247 19.45 9.99923
    endloop
  endfacet
  facet normal -0.77706 -0 -0.629426
    outer loop
      vertex -22.7367 19.45 10.1375
      vertex -22.6247 18.25 9.99923
      vertex -22.7367 18.25 10.1375
    endloop
  endfacet
  facet normal 0.966003 0 -0.25853
    outer loop
      vertex -25.6168 18.25 9.52533
      vertex -25.6628 19.45 9.35345
      vertex -25.6168 19.45 9.52533
    endloop
  endfacet
  facet normal 0.966003 0 -0.25853
    outer loop
      vertex -25.6628 19.45 9.35345
      vertex -25.6168 18.25 9.52533
      vertex -25.6628 18.25 9.35345
    endloop
  endfacet
  facet normal 0.998633 0 -0.0522639
    outer loop
      vertex -25.6907 18.25 9.1777
      vertex -25.7 19.45 9
      vertex -25.6907 19.45 9.1777
    endloop
  endfacet
  facet normal 0.998633 0 -0.0522639
    outer loop
      vertex -25.7 19.45 9
      vertex -25.6907 18.25 9.1777
      vertex -25.7 18.25 9
    endloop
  endfacet
  facet normal 0.987633 0 -0.156785
    outer loop
      vertex -25.6628 18.25 9.35345
      vertex -25.6907 19.45 9.1777
      vertex -25.6628 19.45 9.35345
    endloop
  endfacet
  facet normal 0.987633 0 -0.156785
    outer loop
      vertex -25.6907 19.45 9.1777
      vertex -25.6628 18.25 9.35345
      vertex -25.6907 18.25 9.1777
    endloop
  endfacet
  facet normal -0.358377 0 -0.933577
    outer loop
      vertex -23.4747 18.25 10.6168
      vertex -23.3085 19.45 10.553
      vertex -23.3085 18.25 10.553
    endloop
  endfacet
  facet normal -0.358377 0 -0.933577
    outer loop
      vertex -23.3085 19.45 10.553
      vertex -23.4747 18.25 10.6168
      vertex -23.4747 19.45 10.6168
    endloop
  endfacet
  facet normal -0.259167 0 -0.965833
    outer loop
      vertex -23.6465 18.25 10.6629
      vertex -23.4747 19.45 10.6168
      vertex -23.4747 18.25 10.6168
    endloop
  endfacet
  facet normal -0.259167 0 -0.965833
    outer loop
      vertex -23.4747 19.45 10.6168
      vertex -23.6465 18.25 10.6629
      vertex -23.6465 19.45 10.6629
    endloop
  endfacet
  facet normal -0.987633 0 -0.156785
    outer loop
      vertex -22.3093 18.25 9.1777
      vertex -22.3372 19.45 9.35345
      vertex -22.3093 19.45 9.1777
    endloop
  endfacet
  facet normal -0.987633 -0 -0.156785
    outer loop
      vertex -22.3372 19.45 9.35345
      vertex -22.3093 18.25 9.1777
      vertex -22.3372 18.25 9.35345
    endloop
  endfacet
  facet normal -0.45417 0 -0.890915
    outer loop
      vertex -23.3085 18.25 10.553
      vertex -23.15 19.45 10.4722
      vertex -23.15 18.25 10.4722
    endloop
  endfacet
  facet normal -0.45417 0 -0.890915
    outer loop
      vertex -23.15 19.45 10.4722
      vertex -23.3085 18.25 10.553
      vertex -23.3085 19.45 10.553
    endloop
  endfacet
  facet normal -0.544672 0 -0.838649
    outer loop
      vertex -23.15 18.25 10.4722
      vertex -23.0008 19.45 10.3753
      vertex -23.0008 18.25 10.3753
    endloop
  endfacet
  facet normal -0.544672 0 -0.838649
    outer loop
      vertex -23.0008 19.45 10.3753
      vertex -23.15 18.25 10.4722
      vertex -23.15 19.45 10.4722
    endloop
  endfacet
  facet normal -0.933519 0 -0.358527
    outer loop
      vertex -22.3832 18.25 9.52533
      vertex -22.447 19.45 9.69145
      vertex -22.3832 19.45 9.52533
    endloop
  endfacet
  facet normal -0.933519 -0 -0.358527
    outer loop
      vertex -22.447 19.45 9.69145
      vertex -22.3832 18.25 9.52533
      vertex -22.447 18.25 9.69145
    endloop
  endfacet
  facet normal -0.838699 0 -0.544595
    outer loop
      vertex -22.5278 18.25 9.85
      vertex -22.6247 19.45 9.99923
      vertex -22.5278 19.45 9.85
    endloop
  endfacet
  facet normal -0.838699 -0 -0.544595
    outer loop
      vertex -22.6247 19.45 9.99923
      vertex -22.5278 18.25 9.85
      vertex -22.6247 18.25 9.99923
    endloop
  endfacet
  facet normal 0.890973 0 -0.454056
    outer loop
      vertex -25.4722 18.25 9.85
      vertex -25.553 19.45 9.69145
      vertex -25.4722 19.45 9.85
    endloop
  endfacet
  facet normal 0.890973 0 -0.454056
    outer loop
      vertex -25.553 19.45 9.69145
      vertex -25.4722 18.25 9.85
      vertex -25.553 18.25 9.69145
    endloop
  endfacet
  facet normal 0.707107 0 -0.707107
    outer loop
      vertex -25.1375 18.25 10.2633
      vertex -25.2633 19.45 10.1375
      vertex -25.1375 19.45 10.2633
    endloop
  endfacet
  facet normal 0.707107 0 -0.707107
    outer loop
      vertex -25.2633 19.45 10.1375
      vertex -25.1375 18.25 10.2633
      vertex -25.2633 18.25 10.1375
    endloop
  endfacet
  facet normal 0.933519 0 -0.358527
    outer loop
      vertex -25.553 18.25 9.69145
      vertex -25.6168 19.45 9.52533
      vertex -25.553 19.45 9.69145
    endloop
  endfacet
  facet normal 0.933519 0 -0.358527
    outer loop
      vertex -25.6168 19.45 9.52533
      vertex -25.553 18.25 9.69145
      vertex -25.6168 18.25 9.52533
    endloop
  endfacet
  facet normal -0.707107 0 -0.707107
    outer loop
      vertex -22.7367 18.25 10.1375
      vertex -22.8625 19.45 10.2633
      vertex -22.7367 19.45 10.1375
    endloop
  endfacet
  facet normal -0.707107 -0 -0.707107
    outer loop
      vertex -22.8625 19.45 10.2633
      vertex -22.7367 18.25 10.1375
      vertex -22.8625 18.25 10.2633
    endloop
  endfacet
  facet normal 0.629344 0 -0.777127
    outer loop
      vertex -25.1375 18.25 10.2633
      vertex -24.9992 19.45 10.3753
      vertex -24.9992 18.25 10.3753
    endloop
  endfacet
  facet normal 0.629344 0 -0.777127
    outer loop
      vertex -24.9992 19.45 10.3753
      vertex -25.1375 18.25 10.2633
      vertex -25.1375 19.45 10.2633
    endloop
  endfacet
  facet normal 0.544672 0 -0.838649
    outer loop
      vertex -24.9992 18.25 10.3753
      vertex -24.85 19.45 10.4722
      vertex -24.85 18.25 10.4722
    endloop
  endfacet
  facet normal 0.544672 0 -0.838649
    outer loop
      vertex -24.85 19.45 10.4722
      vertex -24.9992 18.25 10.3753
      vertex -24.9992 19.45 10.3753
    endloop
  endfacet
  facet normal 0.358377 0 -0.933577
    outer loop
      vertex -24.6915 18.25 10.553
      vertex -24.5253 19.45 10.6168
      vertex -24.5253 18.25 10.6168
    endloop
  endfacet
  facet normal 0.358377 0 -0.933577
    outer loop
      vertex -24.5253 19.45 10.6168
      vertex -24.6915 18.25 10.553
      vertex -24.6915 19.45 10.553
    endloop
  endfacet
  facet normal 0.45417 0 -0.890915
    outer loop
      vertex -24.85 18.25 10.4722
      vertex -24.6915 19.45 10.553
      vertex -24.6915 18.25 10.553
    endloop
  endfacet
  facet normal 0.45417 0 -0.890915
    outer loop
      vertex -24.6915 19.45 10.553
      vertex -24.85 18.25 10.4722
      vertex -24.85 19.45 10.4722
    endloop
  endfacet
  facet normal 0.259167 0 -0.965833
    outer loop
      vertex -24.5253 18.25 10.6168
      vertex -24.3535 19.45 10.6629
      vertex -24.3535 18.25 10.6629
    endloop
  endfacet
  facet normal 0.259167 0 -0.965833
    outer loop
      vertex -24.3535 19.45 10.6629
      vertex -24.5253 18.25 10.6168
      vertex -24.5253 19.45 10.6168
    endloop
  endfacet
  facet normal 0.156193 0 -0.987726
    outer loop
      vertex -24.3535 18.25 10.6629
      vertex -24.1777 19.45 10.6907
      vertex -24.1777 18.25 10.6907
    endloop
  endfacet
  facet normal 0.156193 0 -0.987726
    outer loop
      vertex -24.1777 19.45 10.6907
      vertex -24.3535 18.25 10.6629
      vertex -24.3535 19.45 10.6629
    endloop
  endfacet
  facet normal 0.0522639 0 -0.998633
    outer loop
      vertex -24.1777 18.25 10.6907
      vertex -24 19.45 10.7
      vertex -24 18.25 10.7
    endloop
  endfacet
  facet normal 0.0522639 0 -0.998633
    outer loop
      vertex -24 19.45 10.7
      vertex -24.1777 18.25 10.6907
      vertex -24.1777 19.45 10.6907
    endloop
  endfacet
  facet normal 0.838699 0 -0.544595
    outer loop
      vertex -25.3753 18.25 9.99923
      vertex -25.4722 19.45 9.85
      vertex -25.3753 19.45 9.99923
    endloop
  endfacet
  facet normal 0.838699 0 -0.544595
    outer loop
      vertex -25.4722 19.45 9.85
      vertex -25.3753 18.25 9.99923
      vertex -25.4722 18.25 9.85
    endloop
  endfacet
  facet normal -0.774235 -0.631599 0.0405199
    outer loop
      vertex -20.8321 16.45 8.99065
      vertex -22.3 18.25 9
      vertex -22.3093 18.25 8.8223
    endloop
  endfacet
  facet normal -0.774205 -0.631579 0.0414013
    outer loop
      vertex -22.3 18.25 9
      vertex -20.8321 16.45 8.99065
      vertex -20.8316 16.45 9
    endloop
  endfacet
  facet normal -0.774234 -0.631608 0.0404149
    outer loop
      vertex -20.8489 16.45 8.66881
      vertex -20.8321 16.45 8.99065
      vertex -22.3093 18.25 8.8223
    endloop
  endfacet
  facet normal 0.774205 -0.631579 0.0414013
    outer loop
      vertex -27.1679 16.45 8.99065
      vertex -25.7 18.25 9
      vertex -27.1684 16.45 9
    endloop
  endfacet
  facet normal 0.774235 -0.631599 0.0405199
    outer loop
      vertex -25.7 18.25 9
      vertex -27.1679 16.45 8.99065
      vertex -25.6907 18.25 8.8223
    endloop
  endfacet
  facet normal -0.766663 -0.631478 0.116035
    outer loop
      vertex -20.8994 16.45 8.3505
      vertex -22.3372 18.25 8.64655
      vertex -20.9008 16.45 8.34125
    endloop
  endfacet
  facet normal -0.765696 -0.631613 0.121553
    outer loop
      vertex -22.3372 18.25 8.64655
      vertex -20.8994 16.45 8.3505
      vertex -22.3093 18.25 8.8223
    endloop
  endfacet
  facet normal -0.548271 -0.631619 0.54814
    outer loop
      vertex -22.8625 18.25 7.73665
      vertex -21.6454 16.45 6.87991
      vertex -22.7367 18.25 7.86248
    endloop
  endfacet
  facet normal -0.548221 -0.631612 0.548197
    outer loop
      vertex -21.6454 16.45 6.87991
      vertex -22.8625 18.25 7.73665
      vertex -21.8799 16.45 6.6454
    endloop
  endfacet
  facet normal 0.0411815 -0.631585 -0.774212
    outer loop
      vertex -24.0094 16.45 12.1679
      vertex -24 18.25 10.7
      vertex -24 16.45 12.1684
    endloop
  endfacet
  facet normal 0.0405199 -0.6316 -0.774235
    outer loop
      vertex -24 18.25 10.7
      vertex -24.0094 16.45 12.1679
      vertex -24.1777 18.25 10.6907
    endloop
  endfacet
  facet normal 0.040359 -0.631611 0.774234
    outer loop
      vertex -24 18.25 7.3
      vertex -24.0094 16.45 5.83207
      vertex -24 16.45 5.83158
    endloop
  endfacet
  facet normal 0.040563 -0.631607 0.774227
    outer loop
      vertex -24.0094 16.45 5.83207
      vertex -24 18.25 7.3
      vertex -24.1777 18.25 7.30931
    endloop
  endfacet
  facet normal 0.774234 -0.631608 -0.0404149
    outer loop
      vertex -25.6907 18.25 9.1777
      vertex -27.1511 16.45 9.33119
      vertex -27.1679 16.45 9.00935
    endloop
  endfacet
  facet normal 0.766663 -0.631478 -0.116035
    outer loop
      vertex -27.1006 16.45 9.6495
      vertex -25.6628 18.25 9.35345
      vertex -27.0992 16.45 9.65875
    endloop
  endfacet
  facet normal 0.765696 -0.631613 -0.121553
    outer loop
      vertex -25.6628 18.25 9.35345
      vertex -27.1006 16.45 9.6495
      vertex -25.6907 18.25 9.1777
    endloop
  endfacet
  facet normal -0.487825 -0.631619 -0.602564
    outer loop
      vertex -21.8799 16.45 11.3546
      vertex -22.1304 16.45 11.5574
      vertex -22.8625 18.25 10.2633
    endloop
  endfacet
  facet normal -0.690797 -0.631614 0.351942
    outer loop
      vertex -21.2518 16.45 7.42413
      vertex -21.1055 16.45 7.71129
      vertex -22.447 18.25 8.30855
    endloop
  endfacet
  facet normal 0.548271 -0.631619 0.54814
    outer loop
      vertex -26.3546 16.45 6.87991
      vertex -25.1375 18.25 7.73665
      vertex -25.2633 18.25 7.86248
    endloop
  endfacet
  facet normal 0.548221 -0.631612 0.548197
    outer loop
      vertex -25.1375 18.25 7.73665
      vertex -26.3546 16.45 6.87991
      vertex -26.1201 16.45 6.6454
    endloop
  endfacet
  facet normal 0.27773 -0.631612 0.723832
    outer loop
      vertex -24.6915 18.25 7.44697
      vertex -24.9791 16.45 5.98665
      vertex -24.5253 18.25 7.3832
    endloop
  endfacet
  facet normal 0.279356 -0.631467 0.723333
    outer loop
      vertex -24.9791 16.45 5.98665
      vertex -24.6915 18.25 7.44697
      vertex -24.9878 16.45 5.99001
    endloop
  endfacet
  facet normal -0.650241 -0.63161 0.422203
    outer loop
      vertex -21.4367 16.45 7.13765
      vertex -21.2612 16.45 7.40794
      vertex -22.6247 18.25 8.00077
    endloop
  endfacet
  facet normal -0.602479 -0.631609 0.487943
    outer loop
      vertex -21.4426 16.45 7.13037
      vertex -22.6247 18.25 8.00077
      vertex -22.7367 18.25 7.86248
    endloop
  endfacet
  facet normal -0.602322 -0.631603 0.488145
    outer loop
      vertex -22.6247 18.25 8.00077
      vertex -21.4426 16.45 7.13037
      vertex -21.4367 16.45 7.13765
    endloop
  endfacet
  facet normal 0.602564 -0.631619 -0.487825
    outer loop
      vertex -25.2633 18.25 10.1375
      vertex -26.3546 16.45 11.1201
      vertex -26.5574 16.45 10.8696
    endloop
  endfacet
  facet normal 0.765712 -0.631607 -0.121481
    outer loop
      vertex -25.6907 18.25 9.1777
      vertex -27.1006 16.45 9.6495
      vertex -27.1511 16.45 9.33119
    endloop
  endfacet
  facet normal 0.650243 -0.631617 -0.422189
    outer loop
      vertex -25.3753 18.25 9.99923
      vertex -26.5633 16.45 10.8624
      vertex -26.7388 16.45 10.5921
    endloop
  endfacet
  facet normal -0.0404199 -0.631608 -0.774233
    outer loop
      vertex -23.8223 18.25 10.6907
      vertex -23.6688 16.45 12.1511
      vertex -23.9906 16.45 12.1679
    endloop
  endfacet
  facet normal -0.121484 -0.631607 -0.765711
    outer loop
      vertex -23.3505 16.45 12.1006
      vertex -23.6688 16.45 12.1511
      vertex -23.8223 18.25 10.6907
    endloop
  endfacet
  facet normal -0.115431 -0.631434 -0.76679
    outer loop
      vertex -23.3505 16.45 12.1006
      vertex -23.6465 18.25 10.6629
      vertex -23.3412 16.45 12.0992
    endloop
  endfacet
  facet normal -0.121099 -0.631575 -0.765799
    outer loop
      vertex -23.6465 18.25 10.6629
      vertex -23.3505 16.45 12.1006
      vertex -23.8223 18.25 10.6907
    endloop
  endfacet
  facet normal -0.49145 -0.631502 -0.599735
    outer loop
      vertex -23.0008 18.25 10.3753
      vertex -22.1304 16.45 11.5574
      vertex -22.1376 16.45 11.5633
    endloop
  endfacet
  facet normal -0.487922 -0.63161 -0.602496
    outer loop
      vertex -22.1304 16.45 11.5574
      vertex -23.0008 18.25 10.3753
      vertex -22.8625 18.25 10.2633
    endloop
  endfacet
  facet normal -0.723781 -0.631613 -0.277859
    outer loop
      vertex -20.99 16.45 9.98784
      vertex -21.1055 16.45 10.2887
      vertex -22.447 18.25 9.69145
    endloop
  endfacet
  facet normal -0.748866 -0.631624 -0.200628
    outer loop
      vertex -20.9008 16.45 9.65875
      vertex -20.9842 16.45 9.97005
      vertex -22.3372 18.25 9.35345
    endloop
  endfacet
  facet normal -0.765712 -0.631607 -0.121481
    outer loop
      vertex -20.8489 16.45 9.33119
      vertex -20.8994 16.45 9.6495
      vertex -22.3093 18.25 9.1777
    endloop
  endfacet
  facet normal -0.748866 -0.631624 0.200628
    outer loop
      vertex -20.9842 16.45 8.02995
      vertex -20.9008 16.45 8.34125
      vertex -22.3372 18.25 8.64655
    endloop
  endfacet
  facet normal -0.765712 -0.631607 0.121481
    outer loop
      vertex -20.8994 16.45 8.3505
      vertex -20.8489 16.45 8.66881
      vertex -22.3093 18.25 8.8223
    endloop
  endfacet
  facet normal 0.121265 -0.631604 0.765748
    outer loop
      vertex -24.3535 18.25 7.33715
      vertex -24.6495 16.45 5.89935
      vertex -24.1777 18.25 7.30931
    endloop
  endfacet
  facet normal 0.121044 -0.631599 0.765788
    outer loop
      vertex -24.6495 16.45 5.89935
      vertex -24.3535 18.25 7.33715
      vertex -24.6588 16.45 5.90082
    endloop
  endfacet
  facet normal -0.725042 -0.631958 0.273757
    outer loop
      vertex -20.9867 16.45 8.0209
      vertex -22.447 18.25 8.30855
      vertex -20.99 16.45 8.01216
    endloop
  endfacet
  facet normal -0.723759 -0.631591 0.277967
    outer loop
      vertex -22.447 18.25 8.30855
      vertex -20.9867 16.45 8.0209
      vertex -22.3832 18.25 8.47467
    endloop
  endfacet
  facet normal -0.723784 -0.631614 0.277851
    outer loop
      vertex -21.1055 16.45 7.71129
      vertex -20.99 16.45 8.01216
      vertex -22.447 18.25 8.30855
    endloop
  endfacet
  facet normal -0.040588 -0.631605 0.774227
    outer loop
      vertex -23.6688 16.45 5.84894
      vertex -23.8223 18.25 7.30931
      vertex -23.9906 16.45 5.83207
    endloop
  endfacet
  facet normal -0.420414 -0.631786 0.651229
    outer loop
      vertex -23.0008 18.25 7.62467
      vertex -22.4158 16.45 6.25607
      vertex -22.4079 16.45 6.26117
    endloop
  endfacet
  facet normal -0.422311 -0.631603 0.650178
    outer loop
      vertex -22.4158 16.45 6.25607
      vertex -23.0008 18.25 7.62467
      vertex -23.15 18.25 7.52776
    endloop
  endfacet
  facet normal 0.351905 -0.631608 -0.690821
    outer loop
      vertex -24.6915 18.25 10.553
      vertex -25.2887 16.45 11.8945
      vertex -25.5759 16.45 11.7482
    endloop
  endfacet
  facet normal 0.747198 -0.631736 -0.206408
    outer loop
      vertex -27.0158 16.45 9.97005
      vertex -25.6168 18.25 9.52533
      vertex -27.0133 16.45 9.9791
    endloop
  endfacet
  facet normal 0.748931 -0.631607 -0.200435
    outer loop
      vertex -25.6168 18.25 9.52533
      vertex -27.0158 16.45 9.97005
      vertex -25.6628 18.25 9.35345
    endloop
  endfacet
  facet normal 0.690817 -0.631614 -0.351903
    outer loop
      vertex -25.553 18.25 9.69145
      vertex -26.7482 16.45 10.5759
      vertex -26.8945 16.45 10.2887
    endloop
  endfacet
  facet normal -0.422187 -0.631621 -0.650241
    outer loop
      vertex -22.1376 16.45 11.5633
      vertex -22.4079 16.45 11.7388
      vertex -23.0008 18.25 10.3753
    endloop
  endfacet
  facet normal -0.205359 -0.631714 -0.747506
    outer loop
      vertex -23.03 16.45 12.0158
      vertex -23.4747 18.25 10.6168
      vertex -23.0209 16.45 12.0133
    endloop
  endfacet
  facet normal -0.200927 -0.631617 -0.748791
    outer loop
      vertex -23.4747 18.25 10.6168
      vertex -23.03 16.45 12.0158
      vertex -23.6465 18.25 10.6629
    endloop
  endfacet
  facet normal -0.548203 -0.631622 -0.548203
    outer loop
      vertex -22.8625 18.25 10.2633
      vertex -21.6454 16.45 11.1201
      vertex -21.8799 16.45 11.3546
    endloop
  endfacet
  facet normal -0.548203 -0.631622 -0.548203
    outer loop
      vertex -21.6454 16.45 11.1201
      vertex -22.8625 18.25 10.2633
      vertex -22.7367 18.25 10.1375
    endloop
  endfacet
  facet normal -0.602564 -0.631619 -0.487825
    outer loop
      vertex -21.4426 16.45 10.8696
      vertex -21.6454 16.45 11.1201
      vertex -22.7367 18.25 10.1375
    endloop
  endfacet
  facet normal -0.690817 -0.631614 -0.351903
    outer loop
      vertex -21.1055 16.45 10.2887
      vertex -21.2518 16.45 10.5759
      vertex -22.447 18.25 9.69145
    endloop
  endfacet
  facet normal -0.765696 -0.631613 -0.121553
    outer loop
      vertex -20.8994 16.45 9.6495
      vertex -22.3372 18.25 9.35345
      vertex -22.3093 18.25 9.1777
    endloop
  endfacet
  facet normal -0.766663 -0.631478 -0.116035
    outer loop
      vertex -22.3372 18.25 9.35345
      vertex -20.8994 16.45 9.6495
      vertex -20.9008 16.45 9.65875
    endloop
  endfacet
  facet normal -0.723759 -0.631591 -0.277967
    outer loop
      vertex -20.9867 16.45 9.9791
      vertex -22.447 18.25 9.69145
      vertex -22.3832 18.25 9.52533
    endloop
  endfacet
  facet normal -0.725042 -0.631958 -0.273757
    outer loop
      vertex -22.447 18.25 9.69145
      vertex -20.9867 16.45 9.9791
      vertex -20.99 16.45 9.98784
    endloop
  endfacet
  facet normal -0.774234 -0.631608 -0.0404149
    outer loop
      vertex -20.8321 16.45 9.00935
      vertex -20.8489 16.45 9.33119
      vertex -22.3093 18.25 9.1777
    endloop
  endfacet
  facet normal -0.774205 -0.631579 -0.0414013
    outer loop
      vertex -20.8321 16.45 9.00935
      vertex -22.3 18.25 9
      vertex -20.8316 16.45 9
    endloop
  endfacet
  facet normal -0.774235 -0.631599 -0.0405199
    outer loop
      vertex -22.3 18.25 9
      vertex -20.8321 16.45 9.00935
      vertex -22.3093 18.25 9.1777
    endloop
  endfacet
  facet normal 0.748866 -0.631624 0.200628
    outer loop
      vertex -27.0158 16.45 8.02995
      vertex -25.6628 18.25 8.64655
      vertex -27.0992 16.45 8.34125
    endloop
  endfacet
  facet normal 0.774234 -0.631608 0.0404149
    outer loop
      vertex -27.1511 16.45 8.66881
      vertex -25.6907 18.25 8.8223
      vertex -27.1679 16.45 8.99065
    endloop
  endfacet
  facet normal 0.602322 -0.631603 0.488145
    outer loop
      vertex -26.5574 16.45 7.13037
      vertex -25.3753 18.25 8.00077
      vertex -26.5633 16.45 7.13765
    endloop
  endfacet
  facet normal 0.602479 -0.631609 0.487943
    outer loop
      vertex -25.3753 18.25 8.00077
      vertex -26.5574 16.45 7.13037
      vertex -25.2633 18.25 7.86248
    endloop
  endfacet
  facet normal 0.602528 -0.631616 0.487873
    outer loop
      vertex -26.3546 16.45 6.87991
      vertex -25.2633 18.25 7.86248
      vertex -26.5574 16.45 7.13037
    endloop
  endfacet
  facet normal 0.351946 -0.6316 0.690808
    outer loop
      vertex -25.2887 16.45 6.1055
      vertex -24.6915 18.25 7.44697
      vertex -25.5759 16.45 6.25182
    endloop
  endfacet
  facet normal 0.200714 -0.631604 0.748859
    outer loop
      vertex -24.6588 16.45 5.90082
      vertex -24.3535 18.25 7.33715
      vertex -24.97 16.45 5.98423
    endloop
  endfacet
  facet normal 0.200726 -0.631605 0.748855
    outer loop
      vertex -24.5253 18.25 7.3832
      vertex -24.97 16.45 5.98423
      vertex -24.3535 18.25 7.33715
    endloop
  endfacet
  facet normal 0.199258 -0.63157 0.749277
    outer loop
      vertex -24.97 16.45 5.98423
      vertex -24.5253 18.25 7.3832
      vertex -24.9791 16.45 5.98665
    endloop
  endfacet
  facet normal 0.121273 -0.631605 0.765747
    outer loop
      vertex -24.3312 16.45 5.84894
      vertex -24.1777 18.25 7.30931
      vertex -24.6495 16.45 5.89935
    endloop
  endfacet
  facet normal 0.040588 -0.631605 0.774227
    outer loop
      vertex -24.0094 16.45 5.83207
      vertex -24.1777 18.25 7.30931
      vertex -24.3312 16.45 5.84894
    endloop
  endfacet
  facet normal -0.747198 -0.631736 0.206408
    outer loop
      vertex -20.9842 16.45 8.02995
      vertex -22.3832 18.25 8.47467
      vertex -20.9867 16.45 8.0209
    endloop
  endfacet
  facet normal -0.748931 -0.631607 0.200435
    outer loop
      vertex -22.3832 18.25 8.47467
      vertex -20.9842 16.45 8.02995
      vertex -22.3372 18.25 8.64655
    endloop
  endfacet
  facet normal -0.602528 -0.631616 0.487873
    outer loop
      vertex -21.6454 16.45 6.87991
      vertex -21.4426 16.45 7.13037
      vertex -22.7367 18.25 7.86248
    endloop
  endfacet
  facet normal -0.689023 -0.6317 0.355251
    outer loop
      vertex -21.2518 16.45 7.42413
      vertex -22.5278 18.25 8.15
      vertex -21.2561 16.45 7.41579
    endloop
  endfacet
  facet normal -0.690751 -0.631621 0.352019
    outer loop
      vertex -22.5278 18.25 8.15
      vertex -21.2518 16.45 7.42413
      vertex -22.447 18.25 8.30855
    endloop
  endfacet
  facet normal -0.65014 -0.631593 0.422384
    outer loop
      vertex -21.2561 16.45 7.41579
      vertex -22.6247 18.25 8.00077
      vertex -21.2612 16.45 7.40794
    endloop
  endfacet
  facet normal -0.650232 -0.631609 0.422217
    outer loop
      vertex -22.6247 18.25 8.00077
      vertex -21.2561 16.45 7.41579
      vertex -22.5278 18.25 8.15
    endloop
  endfacet
  facet normal -0.040563 -0.631607 0.774227
    outer loop
      vertex -24 18.25 7.3
      vertex -23.9906 16.45 5.83207
      vertex -23.8223 18.25 7.30931
    endloop
  endfacet
  facet normal -0.040359 -0.631611 0.774234
    outer loop
      vertex -23.9906 16.45 5.83207
      vertex -24 18.25 7.3
      vertex -24 16.45 5.83158
    endloop
  endfacet
  facet normal -0.121044 -0.631599 0.765788
    outer loop
      vertex -23.6465 18.25 7.33715
      vertex -23.3505 16.45 5.89935
      vertex -23.3412 16.45 5.90082
    endloop
  endfacet
  facet normal -0.121265 -0.631604 0.765748
    outer loop
      vertex -23.3505 16.45 5.89935
      vertex -23.6465 18.25 7.33715
      vertex -23.8223 18.25 7.30931
    endloop
  endfacet
  facet normal -0.487844 -0.63161 0.602559
    outer loop
      vertex -22.1304 16.45 6.44259
      vertex -21.8799 16.45 6.6454
      vertex -22.8625 18.25 7.73665
    endloop
  endfacet
  facet normal 0.277829 -0.631608 -0.723798
    outer loop
      vertex -24.6915 18.25 10.553
      vertex -24.9878 16.45 12.01
      vertex -25.2887 16.45 11.8945
    endloop
  endfacet
  facet normal 0.422279 -0.631606 -0.650196
    outer loop
      vertex -25.5842 16.45 11.7439
      vertex -24.9992 18.25 10.3753
      vertex -24.85 18.25 10.4722
    endloop
  endfacet
  facet normal 0.420414 -0.631786 -0.651229
    outer loop
      vertex -24.9992 18.25 10.3753
      vertex -25.5842 16.45 11.7439
      vertex -25.5921 16.45 11.7388
    endloop
  endfacet
  facet normal 0.774235 -0.631599 -0.0405199
    outer loop
      vertex -27.1679 16.45 9.00935
      vertex -25.7 18.25 9
      vertex -25.6907 18.25 9.1777
    endloop
  endfacet
  facet normal 0.774205 -0.631579 -0.0414013
    outer loop
      vertex -25.7 18.25 9
      vertex -27.1679 16.45 9.00935
      vertex -27.1684 16.45 9
    endloop
  endfacet
  facet normal 0.748866 -0.631624 -0.200628
    outer loop
      vertex -25.6628 18.25 9.35345
      vertex -27.0158 16.45 9.97005
      vertex -27.0992 16.45 9.65875
    endloop
  endfacet
  facet normal 0.725042 -0.631958 -0.273757
    outer loop
      vertex -27.0133 16.45 9.9791
      vertex -25.553 18.25 9.69145
      vertex -27.01 16.45 9.98784
    endloop
  endfacet
  facet normal 0.723759 -0.631591 -0.277967
    outer loop
      vertex -25.553 18.25 9.69145
      vertex -27.0133 16.45 9.9791
      vertex -25.6168 18.25 9.52533
    endloop
  endfacet
  facet normal 0.599738 -0.631498 -0.491452
    outer loop
      vertex -25.3753 18.25 9.99923
      vertex -26.5574 16.45 10.8696
      vertex -26.5633 16.45 10.8624
    endloop
  endfacet
  facet normal 0.602449 -0.631603 -0.487989
    outer loop
      vertex -26.5574 16.45 10.8696
      vertex -25.3753 18.25 9.99923
      vertex -25.2633 18.25 10.1375
    endloop
  endfacet
  facet normal 0.723781 -0.631613 -0.277859
    outer loop
      vertex -25.553 18.25 9.69145
      vertex -26.8945 16.45 10.2887
      vertex -27.01 16.45 9.98784
    endloop
  endfacet
  facet normal -0.351905 -0.631608 -0.690821
    outer loop
      vertex -22.4241 16.45 11.7482
      vertex -22.7113 16.45 11.8945
      vertex -23.3085 18.25 10.553
    endloop
  endfacet
  facet normal -0.0411815 -0.631585 -0.774212
    outer loop
      vertex -24 18.25 10.7
      vertex -23.9906 16.45 12.1679
      vertex -24 16.45 12.1684
    endloop
  endfacet
  facet normal -0.0405199 -0.6316 -0.774235
    outer loop
      vertex -23.9906 16.45 12.1679
      vertex -24 18.25 10.7
      vertex -23.8223 18.25 10.6907
    endloop
  endfacet
  facet normal -0.200693 -0.631597 -0.748871
    outer loop
      vertex -23.03 16.45 12.0158
      vertex -23.3412 16.45 12.0992
      vertex -23.6465 18.25 10.6629
    endloop
  endfacet
  facet normal -0.274887 -0.631856 -0.724703
    outer loop
      vertex -23.0209 16.45 12.0133
      vertex -23.3085 18.25 10.553
      vertex -23.0122 16.45 12.01
    endloop
  endfacet
  facet normal -0.277848 -0.631597 -0.7238
    outer loop
      vertex -23.3085 18.25 10.553
      vertex -23.0209 16.45 12.0133
      vertex -23.4747 18.25 10.6168
    endloop
  endfacet
  facet normal -0.690748 -0.631625 -0.352018
    outer loop
      vertex -21.2518 16.45 10.5759
      vertex -22.5278 18.25 9.85
      vertex -22.447 18.25 9.69145
    endloop
  endfacet
  facet normal -0.6883 -0.631733 -0.356589
    outer loop
      vertex -22.5278 18.25 9.85
      vertex -21.2518 16.45 10.5759
      vertex -21.2561 16.45 10.5842
    endloop
  endfacet
  facet normal -0.602449 -0.631603 -0.487989
    outer loop
      vertex -22.6247 18.25 9.99923
      vertex -21.4426 16.45 10.8696
      vertex -22.7367 18.25 10.1375
    endloop
  endfacet
  facet normal -0.599738 -0.631498 -0.491452
    outer loop
      vertex -21.4426 16.45 10.8696
      vertex -22.6247 18.25 9.99923
      vertex -21.4367 16.45 10.8624
    endloop
  endfacet
  facet normal -0.748931 -0.631607 -0.200435
    outer loop
      vertex -20.9842 16.45 9.97005
      vertex -22.3832 18.25 9.52533
      vertex -22.3372 18.25 9.35345
    endloop
  endfacet
  facet normal -0.747198 -0.631736 -0.206408
    outer loop
      vertex -22.3832 18.25 9.52533
      vertex -20.9842 16.45 9.97005
      vertex -20.9867 16.45 9.9791
    endloop
  endfacet
  facet normal 0.690797 -0.631614 0.351942
    outer loop
      vertex -26.7482 16.45 7.42413
      vertex -25.553 18.25 8.30855
      vertex -26.8945 16.45 7.71129
    endloop
  endfacet
  facet normal 0.723759 -0.631591 0.277967
    outer loop
      vertex -27.0133 16.45 8.0209
      vertex -25.553 18.25 8.30855
      vertex -25.6168 18.25 8.47467
    endloop
  endfacet
  facet normal 0.725042 -0.631958 0.273757
    outer loop
      vertex -25.553 18.25 8.30855
      vertex -27.0133 16.45 8.0209
      vertex -27.01 16.45 8.01216
    endloop
  endfacet
  facet normal 0.765712 -0.631607 0.121481
    outer loop
      vertex -27.1006 16.45 8.3505
      vertex -25.6907 18.25 8.8223
      vertex -27.1511 16.45 8.66881
    endloop
  endfacet
  facet normal 0.487844 -0.63161 0.602559
    outer loop
      vertex -25.8696 16.45 6.44259
      vertex -25.1375 18.25 7.73665
      vertex -26.1201 16.45 6.6454
    endloop
  endfacet
  facet normal 0.27781 -0.6316 0.723812
    outer loop
      vertex -24.9878 16.45 5.99001
      vertex -24.6915 18.25 7.44697
      vertex -25.2887 16.45 6.1055
    endloop
  endfacet
  facet normal 0.422311 -0.631603 0.650178
    outer loop
      vertex -24.9992 18.25 7.62467
      vertex -25.5842 16.45 6.25607
      vertex -24.85 18.25 7.52776
    endloop
  endfacet
  facet normal 0.420414 -0.631786 0.651229
    outer loop
      vertex -25.5842 16.45 6.25607
      vertex -24.9992 18.25 7.62467
      vertex -25.5921 16.45 6.26117
    endloop
  endfacet
  facet normal 0.352076 -0.631612 0.69073
    outer loop
      vertex -24.85 18.25 7.52776
      vertex -25.5759 16.45 6.25182
      vertex -24.6915 18.25 7.44697
    endloop
  endfacet
  facet normal 0.353341 -0.631644 0.690055
    outer loop
      vertex -25.5759 16.45 6.25182
      vertex -24.85 18.25 7.52776
      vertex -25.5842 16.45 6.25607
    endloop
  endfacet
  facet normal -0.121273 -0.631605 0.765747
    outer loop
      vertex -23.6688 16.45 5.84894
      vertex -23.3505 16.45 5.89935
      vertex -23.8223 18.25 7.30931
    endloop
  endfacet
  facet normal -0.27781 -0.6316 0.723812
    outer loop
      vertex -23.0122 16.45 5.99001
      vertex -22.7113 16.45 6.1055
      vertex -23.3085 18.25 7.44697
    endloop
  endfacet
  facet normal -0.351946 -0.6316 0.690808
    outer loop
      vertex -22.7113 16.45 6.1055
      vertex -22.4241 16.45 6.25182
      vertex -23.3085 18.25 7.44697
    endloop
  endfacet
  facet normal -0.200714 -0.631604 0.748859
    outer loop
      vertex -23.3412 16.45 5.90082
      vertex -23.03 16.45 5.98423
      vertex -23.6465 18.25 7.33715
    endloop
  endfacet
  facet normal -0.48787 -0.631607 0.60254
    outer loop
      vertex -23.0008 18.25 7.62467
      vertex -22.1304 16.45 6.44259
      vertex -22.8625 18.25 7.73665
    endloop
  endfacet
  facet normal -0.491452 -0.631498 0.599738
    outer loop
      vertex -22.1304 16.45 6.44259
      vertex -23.0008 18.25 7.62467
      vertex -22.1376 16.45 6.43669
    endloop
  endfacet
  facet normal -0.422223 -0.631618 0.650221
    outer loop
      vertex -22.4079 16.45 6.26117
      vertex -22.1376 16.45 6.43669
      vertex -23.0008 18.25 7.62467
    endloop
  endfacet
  facet normal 0.121484 -0.631607 -0.765711
    outer loop
      vertex -24.1777 18.25 10.6907
      vertex -24.3312 16.45 12.1511
      vertex -24.6495 16.45 12.1006
    endloop
  endfacet
  facet normal 0.0404199 -0.631608 -0.774233
    outer loop
      vertex -24.1777 18.25 10.6907
      vertex -24.0094 16.45 12.1679
      vertex -24.3312 16.45 12.1511
    endloop
  endfacet
  facet normal 0.548203 -0.631622 -0.548203
    outer loop
      vertex -26.3546 16.45 11.1201
      vertex -25.1375 18.25 10.2633
      vertex -26.1201 16.45 11.3546
    endloop
  endfacet
  facet normal 0.548203 -0.631622 -0.548203
    outer loop
      vertex -25.1375 18.25 10.2633
      vertex -26.3546 16.45 11.1201
      vertex -25.2633 18.25 10.1375
    endloop
  endfacet
  facet normal 0.352105 -0.631627 -0.690702
    outer loop
      vertex -25.5759 16.45 11.7482
      vertex -24.85 18.25 10.4722
      vertex -24.6915 18.25 10.553
    endloop
  endfacet
  facet normal 0.356589 -0.631733 -0.6883
    outer loop
      vertex -24.85 18.25 10.4722
      vertex -25.5759 16.45 11.7482
      vertex -25.5842 16.45 11.7439
    endloop
  endfacet
  facet normal 0.200927 -0.631617 -0.748791
    outer loop
      vertex -24.97 16.45 12.0158
      vertex -24.5253 18.25 10.6168
      vertex -24.3535 18.25 10.6629
    endloop
  endfacet
  facet normal 0.205359 -0.631714 -0.747506
    outer loop
      vertex -24.5253 18.25 10.6168
      vertex -24.97 16.45 12.0158
      vertex -24.9791 16.45 12.0133
    endloop
  endfacet
  facet normal 0.277848 -0.631597 -0.7238
    outer loop
      vertex -24.9791 16.45 12.0133
      vertex -24.6915 18.25 10.553
      vertex -24.5253 18.25 10.6168
    endloop
  endfacet
  facet normal 0.274887 -0.631856 -0.724703
    outer loop
      vertex -24.6915 18.25 10.553
      vertex -24.9791 16.45 12.0133
      vertex -24.9878 16.45 12.01
    endloop
  endfacet
  facet normal -0.356589 -0.631733 -0.6883
    outer loop
      vertex -22.4241 16.45 11.7482
      vertex -23.15 18.25 10.4722
      vertex -22.4158 16.45 11.7439
    endloop
  endfacet
  facet normal -0.352105 -0.631627 -0.690702
    outer loop
      vertex -23.15 18.25 10.4722
      vertex -22.4241 16.45 11.7482
      vertex -23.3085 18.25 10.553
    endloop
  endfacet
  facet normal -0.420414 -0.631786 -0.651229
    outer loop
      vertex -22.4158 16.45 11.7439
      vertex -23.0008 18.25 10.3753
      vertex -22.4079 16.45 11.7388
    endloop
  endfacet
  facet normal -0.422279 -0.631606 -0.650196
    outer loop
      vertex -23.0008 18.25 10.3753
      vertex -22.4158 16.45 11.7439
      vertex -23.15 18.25 10.4722
    endloop
  endfacet
  facet normal -0.277829 -0.631608 -0.723798
    outer loop
      vertex -22.7113 16.45 11.8945
      vertex -23.0122 16.45 12.01
      vertex -23.3085 18.25 10.553
    endloop
  endfacet
  facet normal -0.650243 -0.631617 -0.422189
    outer loop
      vertex -21.2612 16.45 10.5921
      vertex -21.4367 16.45 10.8624
      vertex -22.6247 18.25 9.99923
    endloop
  endfacet
  facet normal -0.650233 -0.631608 -0.422218
    outer loop
      vertex -21.2561 16.45 10.5842
      vertex -22.6247 18.25 9.99923
      vertex -22.5278 18.25 9.85
    endloop
  endfacet
  facet normal -0.651232 -0.631781 -0.420416
    outer loop
      vertex -22.6247 18.25 9.99923
      vertex -21.2561 16.45 10.5842
      vertex -21.2612 16.45 10.5921
    endloop
  endfacet
  facet normal 0.650241 -0.63161 0.422203
    outer loop
      vertex -26.5633 16.45 7.13765
      vertex -25.3753 18.25 8.00077
      vertex -26.7388 16.45 7.40794
    endloop
  endfacet
  facet normal 0.723784 -0.631614 0.277851
    outer loop
      vertex -26.8945 16.45 7.71129
      vertex -25.553 18.25 8.30855
      vertex -27.01 16.45 8.01216
    endloop
  endfacet
  facet normal 0.765696 -0.631613 0.121553
    outer loop
      vertex -27.1006 16.45 8.3505
      vertex -25.6628 18.25 8.64655
      vertex -25.6907 18.25 8.8223
    endloop
  endfacet
  facet normal 0.766663 -0.631478 0.116035
    outer loop
      vertex -25.6628 18.25 8.64655
      vertex -27.1006 16.45 8.3505
      vertex -27.0992 16.45 8.34125
    endloop
  endfacet
  facet normal 0.422223 -0.631618 0.650221
    outer loop
      vertex -25.5921 16.45 6.26117
      vertex -24.9992 18.25 7.62467
      vertex -25.8624 16.45 6.43669
    endloop
  endfacet
  facet normal 0.48787 -0.631607 0.60254
    outer loop
      vertex -25.8696 16.45 6.44259
      vertex -24.9992 18.25 7.62467
      vertex -25.1375 18.25 7.73665
    endloop
  endfacet
  facet normal 0.491452 -0.631498 0.599738
    outer loop
      vertex -24.9992 18.25 7.62467
      vertex -25.8696 16.45 6.44259
      vertex -25.8624 16.45 6.43669
    endloop
  endfacet
  facet normal -0.279356 -0.631467 0.723333
    outer loop
      vertex -23.3085 18.25 7.44697
      vertex -23.0209 16.45 5.98665
      vertex -23.0122 16.45 5.99001
    endloop
  endfacet
  facet normal -0.27773 -0.631612 0.723832
    outer loop
      vertex -23.0209 16.45 5.98665
      vertex -23.3085 18.25 7.44697
      vertex -23.4747 18.25 7.3832
    endloop
  endfacet
  facet normal -0.199258 -0.63157 0.749277
    outer loop
      vertex -23.4747 18.25 7.3832
      vertex -23.03 16.45 5.98423
      vertex -23.0209 16.45 5.98665
    endloop
  endfacet
  facet normal -0.200726 -0.631605 0.748855
    outer loop
      vertex -23.03 16.45 5.98423
      vertex -23.4747 18.25 7.3832
      vertex -23.6465 18.25 7.33715
    endloop
  endfacet
  facet normal -0.353341 -0.631644 0.690055
    outer loop
      vertex -23.15 18.25 7.52776
      vertex -22.4241 16.45 6.25182
      vertex -22.4158 16.45 6.25607
    endloop
  endfacet
  facet normal -0.352076 -0.631612 0.69073
    outer loop
      vertex -22.4241 16.45 6.25182
      vertex -23.15 18.25 7.52776
      vertex -23.3085 18.25 7.44697
    endloop
  endfacet
  facet normal 0.200693 -0.631597 -0.748871
    outer loop
      vertex -24.3535 18.25 10.6629
      vertex -24.6588 16.45 12.0992
      vertex -24.97 16.45 12.0158
    endloop
  endfacet
  facet normal 0.121099 -0.631575 -0.765799
    outer loop
      vertex -24.6495 16.45 12.1006
      vertex -24.3535 18.25 10.6629
      vertex -24.1777 18.25 10.6907
    endloop
  endfacet
  facet normal 0.115431 -0.631434 -0.76679
    outer loop
      vertex -24.3535 18.25 10.6629
      vertex -24.6495 16.45 12.1006
      vertex -24.6588 16.45 12.0992
    endloop
  endfacet
  facet normal 0.487825 -0.631619 -0.602564
    outer loop
      vertex -25.1375 18.25 10.2633
      vertex -25.8696 16.45 11.5574
      vertex -26.1201 16.45 11.3546
    endloop
  endfacet
  facet normal 0.49145 -0.631502 -0.599735
    outer loop
      vertex -25.8696 16.45 11.5574
      vertex -24.9992 18.25 10.3753
      vertex -25.8624 16.45 11.5633
    endloop
  endfacet
  facet normal 0.487922 -0.63161 -0.602496
    outer loop
      vertex -24.9992 18.25 10.3753
      vertex -25.8696 16.45 11.5574
      vertex -25.1375 18.25 10.2633
    endloop
  endfacet
  facet normal 0.422187 -0.631621 -0.650241
    outer loop
      vertex -24.9992 18.25 10.3753
      vertex -25.5921 16.45 11.7388
      vertex -25.8624 16.45 11.5633
    endloop
  endfacet
  facet normal 0.6883 -0.631733 -0.356589
    outer loop
      vertex -26.7482 16.45 10.5759
      vertex -25.4722 18.25 9.85
      vertex -26.7439 16.45 10.5842
    endloop
  endfacet
  facet normal 0.690748 -0.631625 -0.352018
    outer loop
      vertex -25.4722 18.25 9.85
      vertex -26.7482 16.45 10.5759
      vertex -25.553 18.25 9.69145
    endloop
  endfacet
  facet normal 0.651232 -0.631781 -0.420416
    outer loop
      vertex -26.7439 16.45 10.5842
      vertex -25.3753 18.25 9.99923
      vertex -26.7388 16.45 10.5921
    endloop
  endfacet
  facet normal 0.650233 -0.631608 -0.422218
    outer loop
      vertex -25.3753 18.25 9.99923
      vertex -26.7439 16.45 10.5842
      vertex -25.4722 18.25 9.85
    endloop
  endfacet
  facet normal 0.650232 -0.631609 0.422217
    outer loop
      vertex -26.7439 16.45 7.41579
      vertex -25.3753 18.25 8.00077
      vertex -25.4722 18.25 8.15
    endloop
  endfacet
  facet normal 0.65014 -0.631593 0.422384
    outer loop
      vertex -25.3753 18.25 8.00077
      vertex -26.7439 16.45 7.41579
      vertex -26.7388 16.45 7.40794
    endloop
  endfacet
  facet normal 0.690751 -0.631621 0.352019
    outer loop
      vertex -26.7482 16.45 7.42413
      vertex -25.4722 18.25 8.15
      vertex -25.553 18.25 8.30855
    endloop
  endfacet
  facet normal 0.689023 -0.6317 0.355251
    outer loop
      vertex -25.4722 18.25 8.15
      vertex -26.7482 16.45 7.42413
      vertex -26.7439 16.45 7.41579
    endloop
  endfacet
  facet normal 0.748931 -0.631607 0.200435
    outer loop
      vertex -27.0158 16.45 8.02995
      vertex -25.6168 18.25 8.47467
      vertex -25.6628 18.25 8.64655
    endloop
  endfacet
  facet normal 0.747198 -0.631736 0.206408
    outer loop
      vertex -25.6168 18.25 8.47467
      vertex -27.0158 16.45 8.02995
      vertex -27.0133 16.45 8.0209
    endloop
  endfacet
  facet normal -0.998633 0 0.0522639
    outer loop
      vertex -10.3093 18.25 8.8223
      vertex -10.3 19.45 9
      vertex -10.3093 19.45 8.8223
    endloop
  endfacet
  facet normal -0.998633 0 0.0522639
    outer loop
      vertex -10.3 19.45 9
      vertex -10.3093 18.25 8.8223
      vertex -10.3 18.25 9
    endloop
  endfacet
  facet normal 0.998633 -0 0.0522639
    outer loop
      vertex -13.7 18.25 9
      vertex -13.6907 19.45 8.8223
      vertex -13.7 19.45 9
    endloop
  endfacet
  facet normal 0.998633 0 0.0522639
    outer loop
      vertex -13.6907 19.45 8.8223
      vertex -13.7 18.25 9
      vertex -13.6907 18.25 8.8223
    endloop
  endfacet
  facet normal 0.0523199 0 0.99863
    outer loop
      vertex -12.1777 19.45 7.30931
      vertex -12 18.25 7.3
      vertex -12 19.45 7.3
    endloop
  endfacet
  facet normal 0.0523199 0 0.99863
    outer loop
      vertex -12 18.25 7.3
      vertex -12.1777 19.45 7.30931
      vertex -12.1777 18.25 7.30931
    endloop
  endfacet
  facet normal -0.0522639 0 -0.998633
    outer loop
      vertex -12 18.25 10.7
      vertex -11.8223 19.45 10.6907
      vertex -11.8223 18.25 10.6907
    endloop
  endfacet
  facet normal -0.0522639 0 -0.998633
    outer loop
      vertex -11.8223 19.45 10.6907
      vertex -12 18.25 10.7
      vertex -12 19.45 10.7
    endloop
  endfacet
  facet normal -0.707191 0 0.707022
    outer loop
      vertex -10.8625 18.25 7.73665
      vertex -10.7367 19.45 7.86248
      vertex -10.8625 19.45 7.73665
    endloop
  endfacet
  facet normal -0.707191 0 0.707022
    outer loop
      vertex -10.7367 19.45 7.86248
      vertex -10.8625 18.25 7.73665
      vertex -10.7367 18.25 7.86248
    endloop
  endfacet
  facet normal 0.707191 -0 0.707022
    outer loop
      vertex -13.2633 18.25 7.86248
      vertex -13.1375 19.45 7.73665
      vertex -13.2633 19.45 7.86248
    endloop
  endfacet
  facet normal 0.707191 0 0.707022
    outer loop
      vertex -13.1375 19.45 7.73665
      vertex -13.2633 18.25 7.86248
      vertex -13.1375 18.25 7.73665
    endloop
  endfacet
  facet normal 0.35823 0 0.933633
    outer loop
      vertex -12.6915 19.45 7.44697
      vertex -12.5253 18.25 7.3832
      vertex -12.5253 19.45 7.3832
    endloop
  endfacet
  facet normal 0.35823 0 0.933633
    outer loop
      vertex -12.5253 18.25 7.3832
      vertex -12.6915 19.45 7.44697
      vertex -12.6915 18.25 7.44697
    endloop
  endfacet
  facet normal -0.933519 0 0.358527
    outer loop
      vertex -10.447 18.25 8.30855
      vertex -10.3832 19.45 8.47467
      vertex -10.447 19.45 8.30855
    endloop
  endfacet
  facet normal -0.933519 0 0.358527
    outer loop
      vertex -10.3832 19.45 8.47467
      vertex -10.447 18.25 8.30855
      vertex -10.3832 18.25 8.47467
    endloop
  endfacet
  facet normal -0.98772 0 0.156237
    outer loop
      vertex -10.3371 18.25 8.64655
      vertex -10.3093 19.45 8.8223
      vertex -10.3371 19.45 8.64655
    endloop
  endfacet
  facet normal -0.98772 0 0.156237
    outer loop
      vertex -10.3093 19.45 8.8223
      vertex -10.3371 18.25 8.64655
      vertex -10.3093 18.25 8.8223
    endloop
  endfacet
  facet normal -0.35823 0 0.933633
    outer loop
      vertex -11.4747 19.45 7.3832
      vertex -11.3085 18.25 7.44697
      vertex -11.3085 19.45 7.44697
    endloop
  endfacet
  facet normal -0.35823 0 0.933633
    outer loop
      vertex -11.3085 18.25 7.44697
      vertex -11.4747 19.45 7.3832
      vertex -11.4747 18.25 7.3832
    endloop
  endfacet
  facet normal -0.544712 0 0.838623
    outer loop
      vertex -11.15 19.45 7.52776
      vertex -11.0008 18.25 7.62467
      vertex -11.0008 19.45 7.62467
    endloop
  endfacet
  facet normal -0.544712 0 0.838623
    outer loop
      vertex -11.0008 18.25 7.62467
      vertex -11.15 19.45 7.52776
      vertex -11.15 18.25 7.52776
    endloop
  endfacet
  facet normal 0.890973 -0 0.454056
    outer loop
      vertex -13.553 18.25 8.30855
      vertex -13.4722 19.45 8.15
      vertex -13.553 19.45 8.30855
    endloop
  endfacet
  facet normal 0.890973 0 0.454056
    outer loop
      vertex -13.4722 19.45 8.15
      vertex -13.553 18.25 8.30855
      vertex -13.4722 18.25 8.15
    endloop
  endfacet
  facet normal 0.777105 -0 0.629371
    outer loop
      vertex -13.3753 18.25 8.00077
      vertex -13.2633 19.45 7.86248
      vertex -13.3753 19.45 8.00077
    endloop
  endfacet
  facet normal 0.777105 0 0.629371
    outer loop
      vertex -13.2633 19.45 7.86248
      vertex -13.3753 18.25 8.00077
      vertex -13.2633 18.25 7.86248
    endloop
  endfacet
  facet normal 0.156499 0 0.987678
    outer loop
      vertex -12.3534 19.45 7.33715
      vertex -12.1777 18.25 7.30931
      vertex -12.1777 19.45 7.30931
    endloop
  endfacet
  facet normal 0.156499 0 0.987678
    outer loop
      vertex -12.1777 18.25 7.30931
      vertex -12.3534 19.45 7.33715
      vertex -12.3534 18.25 7.33715
    endloop
  endfacet
  facet normal 0.77706 0 -0.629426
    outer loop
      vertex -13.2633 18.25 10.1375
      vertex -13.3753 19.45 9.99923
      vertex -13.2633 19.45 10.1375
    endloop
  endfacet
  facet normal 0.77706 0 -0.629426
    outer loop
      vertex -13.3753 19.45 9.99923
      vertex -13.2633 18.25 10.1375
      vertex -13.3753 18.25 9.99923
    endloop
  endfacet
  facet normal -0.15628 0 -0.987713
    outer loop
      vertex -11.8223 18.25 10.6907
      vertex -11.6466 19.45 10.6629
      vertex -11.6466 18.25 10.6629
    endloop
  endfacet
  facet normal -0.15628 0 -0.987713
    outer loop
      vertex -11.6466 19.45 10.6629
      vertex -11.8223 18.25 10.6907
      vertex -11.8223 19.45 10.6907
    endloop
  endfacet
  facet normal -0.965863 0 0.259054
    outer loop
      vertex -10.3832 18.25 8.47467
      vertex -10.3371 19.45 8.64655
      vertex -10.3832 19.45 8.47467
    endloop
  endfacet
  facet normal -0.965863 0 0.259054
    outer loop
      vertex -10.3371 19.45 8.64655
      vertex -10.3832 18.25 8.47467
      vertex -10.3371 18.25 8.64655
    endloop
  endfacet
  facet normal -0.838699 0 0.544595
    outer loop
      vertex -10.6247 18.25 8.00077
      vertex -10.5278 19.45 8.15
      vertex -10.6247 19.45 8.00077
    endloop
  endfacet
  facet normal -0.838699 0 0.544595
    outer loop
      vertex -10.5278 19.45 8.15
      vertex -10.6247 18.25 8.00077
      vertex -10.5278 18.25 8.15
    endloop
  endfacet
  facet normal -0.777105 0 0.629371
    outer loop
      vertex -10.7367 18.25 7.86248
      vertex -10.6247 19.45 8.00077
      vertex -10.7367 19.45 7.86248
    endloop
  endfacet
  facet normal -0.777105 0 0.629371
    outer loop
      vertex -10.6247 19.45 8.00077
      vertex -10.7367 18.25 7.86248
      vertex -10.6247 18.25 8.00077
    endloop
  endfacet
  facet normal -0.890973 0 0.454056
    outer loop
      vertex -10.5278 18.25 8.15
      vertex -10.447 19.45 8.30855
      vertex -10.5278 19.45 8.15
    endloop
  endfacet
  facet normal -0.890973 0 0.454056
    outer loop
      vertex -10.447 19.45 8.30855
      vertex -10.5278 18.25 8.15
      vertex -10.447 18.25 8.30855
    endloop
  endfacet
  facet normal -0.156499 0 0.987678
    outer loop
      vertex -11.8223 19.45 7.30931
      vertex -11.6466 18.25 7.33715
      vertex -11.6466 19.45 7.33715
    endloop
  endfacet
  facet normal -0.156499 0 0.987678
    outer loop
      vertex -11.6466 18.25 7.33715
      vertex -11.8223 19.45 7.30931
      vertex -11.8223 18.25 7.30931
    endloop
  endfacet
  facet normal -0.258764 0 0.965941
    outer loop
      vertex -11.6466 19.45 7.33715
      vertex -11.4747 18.25 7.3832
      vertex -11.4747 19.45 7.3832
    endloop
  endfacet
  facet normal -0.258764 0 0.965941
    outer loop
      vertex -11.4747 18.25 7.3832
      vertex -11.6466 19.45 7.33715
      vertex -11.6466 18.25 7.33715
    endloop
  endfacet
  facet normal -0.0523199 0 0.99863
    outer loop
      vertex -12 19.45 7.3
      vertex -11.8223 18.25 7.30931
      vertex -11.8223 19.45 7.30931
    endloop
  endfacet
  facet normal -0.0523199 0 0.99863
    outer loop
      vertex -11.8223 18.25 7.30931
      vertex -12 19.45 7.3
      vertex -12 18.25 7.3
    endloop
  endfacet
  facet normal -0.454125 0 0.890938
    outer loop
      vertex -11.3085 19.45 7.44697
      vertex -11.15 18.25 7.52776
      vertex -11.15 19.45 7.52776
    endloop
  endfacet
  facet normal -0.454125 0 0.890938
    outer loop
      vertex -11.15 18.25 7.52776
      vertex -11.3085 19.45 7.44697
      vertex -11.3085 18.25 7.44697
    endloop
  endfacet
  facet normal -0.629276 0 0.777182
    outer loop
      vertex -11.0008 19.45 7.62467
      vertex -10.8625 18.25 7.73665
      vertex -10.8625 19.45 7.73665
    endloop
  endfacet
  facet normal -0.629276 0 0.777182
    outer loop
      vertex -10.8625 18.25 7.73665
      vertex -11.0008 19.45 7.62467
      vertex -11.0008 18.25 7.62467
    endloop
  endfacet
  facet normal 0.965863 -0 0.259054
    outer loop
      vertex -13.6629 18.25 8.64655
      vertex -13.6168 19.45 8.47467
      vertex -13.6629 19.45 8.64655
    endloop
  endfacet
  facet normal 0.965863 0 0.259054
    outer loop
      vertex -13.6168 19.45 8.47467
      vertex -13.6629 18.25 8.64655
      vertex -13.6168 18.25 8.47467
    endloop
  endfacet
  facet normal 0.838699 -0 0.544595
    outer loop
      vertex -13.4722 18.25 8.15
      vertex -13.3753 19.45 8.00077
      vertex -13.4722 19.45 8.15
    endloop
  endfacet
  facet normal 0.838699 0 0.544595
    outer loop
      vertex -13.3753 19.45 8.00077
      vertex -13.4722 18.25 8.15
      vertex -13.3753 18.25 8.00077
    endloop
  endfacet
  facet normal 0.933519 -0 0.358527
    outer loop
      vertex -13.6168 18.25 8.47467
      vertex -13.553 19.45 8.30855
      vertex -13.6168 19.45 8.47467
    endloop
  endfacet
  facet normal 0.933519 0 0.358527
    outer loop
      vertex -13.553 19.45 8.30855
      vertex -13.6168 18.25 8.47467
      vertex -13.553 18.25 8.30855
    endloop
  endfacet
  facet normal 0.98772 -0 0.156237
    outer loop
      vertex -13.6907 18.25 8.8223
      vertex -13.6629 19.45 8.64655
      vertex -13.6907 19.45 8.8223
    endloop
  endfacet
  facet normal 0.98772 0 0.156237
    outer loop
      vertex -13.6629 19.45 8.64655
      vertex -13.6907 18.25 8.8223
      vertex -13.6629 18.25 8.64655
    endloop
  endfacet
  facet normal 0.544712 0 0.838623
    outer loop
      vertex -12.9992 19.45 7.62467
      vertex -12.85 18.25 7.52776
      vertex -12.85 19.45 7.52776
    endloop
  endfacet
  facet normal 0.544712 0 0.838623
    outer loop
      vertex -12.85 18.25 7.52776
      vertex -12.9992 19.45 7.62467
      vertex -12.9992 18.25 7.62467
    endloop
  endfacet
  facet normal 0.454125 0 0.890938
    outer loop
      vertex -12.85 19.45 7.52776
      vertex -12.6915 18.25 7.44697
      vertex -12.6915 19.45 7.44697
    endloop
  endfacet
  facet normal 0.454125 0 0.890938
    outer loop
      vertex -12.6915 18.25 7.44697
      vertex -12.85 19.45 7.52776
      vertex -12.85 18.25 7.52776
    endloop
  endfacet
  facet normal 0.629276 0 0.777182
    outer loop
      vertex -13.1375 19.45 7.73665
      vertex -12.9992 18.25 7.62467
      vertex -12.9992 19.45 7.62467
    endloop
  endfacet
  facet normal 0.629276 0 0.777182
    outer loop
      vertex -12.9992 18.25 7.62467
      vertex -13.1375 19.45 7.73665
      vertex -13.1375 18.25 7.73665
    endloop
  endfacet
  facet normal 0.258764 0 0.965941
    outer loop
      vertex -12.5253 19.45 7.3832
      vertex -12.3534 18.25 7.33715
      vertex -12.3534 19.45 7.33715
    endloop
  endfacet
  facet normal 0.258764 0 0.965941
    outer loop
      vertex -12.3534 18.25 7.33715
      vertex -12.5253 19.45 7.3832
      vertex -12.5253 18.25 7.3832
    endloop
  endfacet
  facet normal -0.998633 0 -0.0522639
    outer loop
      vertex -10.3 18.25 9
      vertex -10.3093 19.45 9.1777
      vertex -10.3 19.45 9
    endloop
  endfacet
  facet normal -0.998633 -0 -0.0522639
    outer loop
      vertex -10.3093 19.45 9.1777
      vertex -10.3 18.25 9
      vertex -10.3093 18.25 9.1777
    endloop
  endfacet
  facet normal -0.965863 0 -0.259054
    outer loop
      vertex -10.3371 18.25 9.35345
      vertex -10.3832 19.45 9.52533
      vertex -10.3371 19.45 9.35345
    endloop
  endfacet
  facet normal -0.965863 -0 -0.259054
    outer loop
      vertex -10.3832 19.45 9.52533
      vertex -10.3371 18.25 9.35345
      vertex -10.3832 18.25 9.52533
    endloop
  endfacet
  facet normal -0.629344 0 -0.777127
    outer loop
      vertex -11.0008 18.25 10.3753
      vertex -10.8625 19.45 10.2633
      vertex -10.8625 18.25 10.2633
    endloop
  endfacet
  facet normal -0.629344 0 -0.777127
    outer loop
      vertex -10.8625 19.45 10.2633
      vertex -11.0008 18.25 10.3753
      vertex -11.0008 19.45 10.3753
    endloop
  endfacet
  facet normal -0.890973 0 -0.454056
    outer loop
      vertex -10.447 18.25 9.69145
      vertex -10.5278 19.45 9.85
      vertex -10.447 19.45 9.69145
    endloop
  endfacet
  facet normal -0.890973 -0 -0.454056
    outer loop
      vertex -10.5278 19.45 9.85
      vertex -10.447 18.25 9.69145
      vertex -10.5278 18.25 9.85
    endloop
  endfacet
  facet normal -0.77706 0 -0.629426
    outer loop
      vertex -10.6247 18.25 9.99923
      vertex -10.7367 19.45 10.1375
      vertex -10.6247 19.45 9.99923
    endloop
  endfacet
  facet normal -0.77706 -0 -0.629426
    outer loop
      vertex -10.7367 19.45 10.1375
      vertex -10.6247 18.25 9.99923
      vertex -10.7367 18.25 10.1375
    endloop
  endfacet
  facet normal 0.965863 0 -0.259054
    outer loop
      vertex -13.6168 18.25 9.52533
      vertex -13.6629 19.45 9.35345
      vertex -13.6168 19.45 9.52533
    endloop
  endfacet
  facet normal 0.965863 0 -0.259054
    outer loop
      vertex -13.6629 19.45 9.35345
      vertex -13.6168 18.25 9.52533
      vertex -13.6629 18.25 9.35345
    endloop
  endfacet
  facet normal 0.998633 0 -0.0522639
    outer loop
      vertex -13.6907 18.25 9.1777
      vertex -13.7 19.45 9
      vertex -13.6907 19.45 9.1777
    endloop
  endfacet
  facet normal 0.998633 0 -0.0522639
    outer loop
      vertex -13.7 19.45 9
      vertex -13.6907 18.25 9.1777
      vertex -13.7 18.25 9
    endloop
  endfacet
  facet normal 0.98772 0 -0.156237
    outer loop
      vertex -13.6629 18.25 9.35345
      vertex -13.6907 19.45 9.1777
      vertex -13.6629 19.45 9.35345
    endloop
  endfacet
  facet normal 0.98772 0 -0.156237
    outer loop
      vertex -13.6907 19.45 9.1777
      vertex -13.6629 18.25 9.35345
      vertex -13.6907 18.25 9.1777
    endloop
  endfacet
  facet normal -0.358377 0 -0.933577
    outer loop
      vertex -11.4747 18.25 10.6168
      vertex -11.3085 19.45 10.553
      vertex -11.3085 18.25 10.553
    endloop
  endfacet
  facet normal -0.358377 0 -0.933577
    outer loop
      vertex -11.3085 19.45 10.553
      vertex -11.4747 18.25 10.6168
      vertex -11.4747 19.45 10.6168
    endloop
  endfacet
  facet normal -0.259026 0 -0.96587
    outer loop
      vertex -11.6466 18.25 10.6629
      vertex -11.4747 19.45 10.6168
      vertex -11.4747 18.25 10.6168
    endloop
  endfacet
  facet normal -0.259026 0 -0.96587
    outer loop
      vertex -11.4747 19.45 10.6168
      vertex -11.6466 18.25 10.6629
      vertex -11.6466 19.45 10.6629
    endloop
  endfacet
  facet normal -0.98772 0 -0.156237
    outer loop
      vertex -10.3093 18.25 9.1777
      vertex -10.3371 19.45 9.35345
      vertex -10.3093 19.45 9.1777
    endloop
  endfacet
  facet normal -0.98772 -0 -0.156237
    outer loop
      vertex -10.3371 19.45 9.35345
      vertex -10.3093 18.25 9.1777
      vertex -10.3371 18.25 9.35345
    endloop
  endfacet
  facet normal -0.45417 0 -0.890915
    outer loop
      vertex -11.3085 18.25 10.553
      vertex -11.15 19.45 10.4722
      vertex -11.15 18.25 10.4722
    endloop
  endfacet
  facet normal -0.45417 0 -0.890915
    outer loop
      vertex -11.15 19.45 10.4722
      vertex -11.3085 18.25 10.553
      vertex -11.3085 19.45 10.553
    endloop
  endfacet
  facet normal -0.544672 0 -0.838649
    outer loop
      vertex -11.15 18.25 10.4722
      vertex -11.0008 19.45 10.3753
      vertex -11.0008 18.25 10.3753
    endloop
  endfacet
  facet normal -0.544672 0 -0.838649
    outer loop
      vertex -11.0008 19.45 10.3753
      vertex -11.15 18.25 10.4722
      vertex -11.15 19.45 10.4722
    endloop
  endfacet
  facet normal -0.933519 0 -0.358527
    outer loop
      vertex -10.3832 18.25 9.52533
      vertex -10.447 19.45 9.69145
      vertex -10.3832 19.45 9.52533
    endloop
  endfacet
  facet normal -0.933519 -0 -0.358527
    outer loop
      vertex -10.447 19.45 9.69145
      vertex -10.3832 18.25 9.52533
      vertex -10.447 18.25 9.69145
    endloop
  endfacet
  facet normal -0.838699 0 -0.544595
    outer loop
      vertex -10.5278 18.25 9.85
      vertex -10.6247 19.45 9.99923
      vertex -10.5278 19.45 9.85
    endloop
  endfacet
  facet normal -0.838699 -0 -0.544595
    outer loop
      vertex -10.6247 19.45 9.99923
      vertex -10.5278 18.25 9.85
      vertex -10.6247 18.25 9.99923
    endloop
  endfacet
  facet normal 0.890973 0 -0.454056
    outer loop
      vertex -13.4722 18.25 9.85
      vertex -13.553 19.45 9.69145
      vertex -13.4722 19.45 9.85
    endloop
  endfacet
  facet normal 0.890973 0 -0.454056
    outer loop
      vertex -13.553 19.45 9.69145
      vertex -13.4722 18.25 9.85
      vertex -13.553 18.25 9.69145
    endloop
  endfacet
  facet normal 0.707107 0 -0.707107
    outer loop
      vertex -13.1375 18.25 10.2633
      vertex -13.2633 19.45 10.1375
      vertex -13.1375 19.45 10.2633
    endloop
  endfacet
  facet normal 0.707107 0 -0.707107
    outer loop
      vertex -13.2633 19.45 10.1375
      vertex -13.1375 18.25 10.2633
      vertex -13.2633 18.25 10.1375
    endloop
  endfacet
  facet normal 0.933519 0 -0.358527
    outer loop
      vertex -13.553 18.25 9.69145
      vertex -13.6168 19.45 9.52533
      vertex -13.553 19.45 9.69145
    endloop
  endfacet
  facet normal 0.933519 0 -0.358527
    outer loop
      vertex -13.6168 19.45 9.52533
      vertex -13.553 18.25 9.69145
      vertex -13.6168 18.25 9.52533
    endloop
  endfacet
  facet normal -0.707107 0 -0.707107
    outer loop
      vertex -10.7367 18.25 10.1375
      vertex -10.8625 19.45 10.2633
      vertex -10.7367 19.45 10.1375
    endloop
  endfacet
  facet normal -0.707107 -0 -0.707107
    outer loop
      vertex -10.8625 19.45 10.2633
      vertex -10.7367 18.25 10.1375
      vertex -10.8625 18.25 10.2633
    endloop
  endfacet
  facet normal 0.629344 0 -0.777127
    outer loop
      vertex -13.1375 18.25 10.2633
      vertex -12.9992 19.45 10.3753
      vertex -12.9992 18.25 10.3753
    endloop
  endfacet
  facet normal 0.629344 0 -0.777127
    outer loop
      vertex -12.9992 19.45 10.3753
      vertex -13.1375 18.25 10.2633
      vertex -13.1375 19.45 10.2633
    endloop
  endfacet
  facet normal 0.544672 0 -0.838649
    outer loop
      vertex -12.9992 18.25 10.3753
      vertex -12.85 19.45 10.4722
      vertex -12.85 18.25 10.4722
    endloop
  endfacet
  facet normal 0.544672 0 -0.838649
    outer loop
      vertex -12.85 19.45 10.4722
      vertex -12.9992 18.25 10.3753
      vertex -12.9992 19.45 10.3753
    endloop
  endfacet
  facet normal 0.358377 0 -0.933577
    outer loop
      vertex -12.6915 18.25 10.553
      vertex -12.5253 19.45 10.6168
      vertex -12.5253 18.25 10.6168
    endloop
  endfacet
  facet normal 0.358377 0 -0.933577
    outer loop
      vertex -12.5253 19.45 10.6168
      vertex -12.6915 18.25 10.553
      vertex -12.6915 19.45 10.553
    endloop
  endfacet
  facet normal 0.45417 0 -0.890915
    outer loop
      vertex -12.85 18.25 10.4722
      vertex -12.6915 19.45 10.553
      vertex -12.6915 18.25 10.553
    endloop
  endfacet
  facet normal 0.45417 0 -0.890915
    outer loop
      vertex -12.6915 19.45 10.553
      vertex -12.85 18.25 10.4722
      vertex -12.85 19.45 10.4722
    endloop
  endfacet
  facet normal 0.259026 0 -0.96587
    outer loop
      vertex -12.5253 18.25 10.6168
      vertex -12.3534 19.45 10.6629
      vertex -12.3534 18.25 10.6629
    endloop
  endfacet
  facet normal 0.259026 0 -0.96587
    outer loop
      vertex -12.3534 19.45 10.6629
      vertex -12.5253 18.25 10.6168
      vertex -12.5253 19.45 10.6168
    endloop
  endfacet
  facet normal 0.15628 0 -0.987713
    outer loop
      vertex -12.3534 18.25 10.6629
      vertex -12.1777 19.45 10.6907
      vertex -12.1777 18.25 10.6907
    endloop
  endfacet
  facet normal 0.15628 0 -0.987713
    outer loop
      vertex -12.1777 19.45 10.6907
      vertex -12.3534 18.25 10.6629
      vertex -12.3534 19.45 10.6629
    endloop
  endfacet
  facet normal 0.0522639 0 -0.998633
    outer loop
      vertex -12.1777 18.25 10.6907
      vertex -12 19.45 10.7
      vertex -12 18.25 10.7
    endloop
  endfacet
  facet normal 0.0522639 0 -0.998633
    outer loop
      vertex -12 19.45 10.7
      vertex -12.1777 18.25 10.6907
      vertex -12.1777 19.45 10.6907
    endloop
  endfacet
  facet normal 0.838699 0 -0.544595
    outer loop
      vertex -13.3753 18.25 9.99923
      vertex -13.4722 19.45 9.85
      vertex -13.3753 19.45 9.99923
    endloop
  endfacet
  facet normal 0.838699 0 -0.544595
    outer loop
      vertex -13.4722 19.45 9.85
      vertex -13.3753 18.25 9.99923
      vertex -13.4722 18.25 9.85
    endloop
  endfacet
  facet normal -0.774229 -0.631607 0.0405196
    outer loop
      vertex -8.83207 16.45 8.99065
      vertex -10.3 18.25 9
      vertex -10.3093 18.25 8.8223
    endloop
  endfacet
  facet normal -0.774227 -0.631606 0.0405745
    outer loop
      vertex -10.3 18.25 9
      vertex -8.83207 16.45 8.99065
      vertex -8.83158 16.45 9
    endloop
  endfacet
  facet normal -0.77423 -0.631602 0.0405831
    outer loop
      vertex -8.84894 16.45 8.66881
      vertex -8.83207 16.45 8.99065
      vertex -10.3093 18.25 8.8223
    endloop
  endfacet
  facet normal 0.774205 -0.631579 0.0414013
    outer loop
      vertex -15.1679 16.45 8.99065
      vertex -13.7 18.25 9
      vertex -15.1684 16.45 9
    endloop
  endfacet
  facet normal 0.774235 -0.631599 0.0405199
    outer loop
      vertex -13.7 18.25 9
      vertex -15.1679 16.45 8.99065
      vertex -13.6907 18.25 8.8223
    endloop
  endfacet
  facet normal -0.765684 -0.631603 0.121682
    outer loop
      vertex -8.89935 16.45 8.3505
      vertex -10.3371 18.25 8.64655
      vertex -8.90082 16.45 8.34125
    endloop
  endfacet
  facet normal -0.765781 -0.63159 0.121131
    outer loop
      vertex -10.3371 18.25 8.64655
      vertex -8.89935 16.45 8.3505
      vertex -10.3093 18.25 8.8223
    endloop
  endfacet
  facet normal -0.548271 -0.631619 0.54814
    outer loop
      vertex -10.8625 18.25 7.73665
      vertex -9.6454 16.45 6.87991
      vertex -10.7367 18.25 7.86248
    endloop
  endfacet
  facet normal -0.54821 -0.631611 0.54821
    outer loop
      vertex -9.6454 16.45 6.87991
      vertex -10.8625 18.25 7.73665
      vertex -9.87991 16.45 6.6454
    endloop
  endfacet
  facet normal 0.0411815 -0.631585 -0.774212
    outer loop
      vertex -12.0094 16.45 12.1679
      vertex -12 18.25 10.7
      vertex -12 16.45 12.1684
    endloop
  endfacet
  facet normal 0.0405199 -0.6316 -0.774235
    outer loop
      vertex -12 18.25 10.7
      vertex -12.0094 16.45 12.1679
      vertex -12.1777 18.25 10.6907
    endloop
  endfacet
  facet normal 0.040359 -0.631611 0.774234
    outer loop
      vertex -12 18.25 7.3
      vertex -12.0094 16.45 5.83207
      vertex -12 16.45 5.83158
    endloop
  endfacet
  facet normal 0.040563 -0.631607 0.774227
    outer loop
      vertex -12.0094 16.45 5.83207
      vertex -12 18.25 7.3
      vertex -12.1777 18.25 7.30931
    endloop
  endfacet
  facet normal 0.774234 -0.631608 -0.0404149
    outer loop
      vertex -13.6907 18.25 9.1777
      vertex -15.1511 16.45 9.33119
      vertex -15.1679 16.45 9.00935
    endloop
  endfacet
  facet normal 0.766683 -0.631452 -0.116039
    outer loop
      vertex -15.1006 16.45 9.6495
      vertex -13.6629 18.25 9.35345
      vertex -15.0992 16.45 9.65875
    endloop
  endfacet
  facet normal 0.765792 -0.631578 -0.121132
    outer loop
      vertex -13.6629 18.25 9.35345
      vertex -15.1006 16.45 9.6495
      vertex -13.6907 18.25 9.1777
    endloop
  endfacet
  facet normal -0.487837 -0.631618 -0.602556
    outer loop
      vertex -9.87991 16.45 11.3546
      vertex -10.1304 16.45 11.5574
      vertex -10.8625 18.25 10.2633
    endloop
  endfacet
  facet normal -0.690778 -0.631613 0.35198
    outer loop
      vertex -9.25182 16.45 7.42413
      vertex -9.1055 16.45 7.71129
      vertex -10.447 18.25 8.30855
    endloop
  endfacet
  facet normal 0.548271 -0.631619 0.54814
    outer loop
      vertex -14.3546 16.45 6.87991
      vertex -13.1375 18.25 7.73665
      vertex -13.2633 18.25 7.86248
    endloop
  endfacet
  facet normal 0.548221 -0.631612 0.548197
    outer loop
      vertex -13.1375 18.25 7.73665
      vertex -14.3546 16.45 6.87991
      vertex -14.1201 16.45 6.6454
    endloop
  endfacet
  facet normal 0.27773 -0.631612 0.723832
    outer loop
      vertex -12.6915 18.25 7.44697
      vertex -12.9791 16.45 5.98665
      vertex -12.5253 18.25 7.3832
    endloop
  endfacet
  facet normal 0.279356 -0.631467 0.723333
    outer loop
      vertex -12.9791 16.45 5.98665
      vertex -12.6915 18.25 7.44697
      vertex -12.9878 16.45 5.99001
    endloop
  endfacet
  facet normal -0.650217 -0.631613 0.422236
    outer loop
      vertex -9.43669 16.45 7.13765
      vertex -9.26117 16.45 7.40794
      vertex -10.6247 18.25 8.00077
    endloop
  endfacet
  facet normal -0.602478 -0.631611 0.487942
    outer loop
      vertex -9.44259 16.45 7.13037
      vertex -10.6247 18.25 8.00077
      vertex -10.7367 18.25 7.86248
    endloop
  endfacet
  facet normal -0.60232 -0.631605 0.488144
    outer loop
      vertex -10.6247 18.25 8.00077
      vertex -9.44259 16.45 7.13037
      vertex -9.43669 16.45 7.13765
    endloop
  endfacet
  facet normal 0.602564 -0.631619 -0.487825
    outer loop
      vertex -13.2633 18.25 10.1375
      vertex -14.3546 16.45 11.1201
      vertex -14.5574 16.45 10.8696
    endloop
  endfacet
  facet normal 0.765712 -0.631607 -0.121481
    outer loop
      vertex -13.6907 18.25 9.1777
      vertex -15.1006 16.45 9.6495
      vertex -15.1511 16.45 9.33119
    endloop
  endfacet
  facet normal 0.650243 -0.631617 -0.422189
    outer loop
      vertex -13.3753 18.25 9.99923
      vertex -14.5633 16.45 10.8624
      vertex -14.7388 16.45 10.5921
    endloop
  endfacet
  facet normal -0.0404199 -0.631608 -0.774233
    outer loop
      vertex -11.8223 18.25 10.6907
      vertex -11.6688 16.45 12.1511
      vertex -11.9906 16.45 12.1679
    endloop
  endfacet
  facet normal -0.121484 -0.631607 -0.765711
    outer loop
      vertex -11.3505 16.45 12.1006
      vertex -11.6688 16.45 12.1511
      vertex -11.8223 18.25 10.6907
    endloop
  endfacet
  facet normal -0.11543 -0.631438 -0.766787
    outer loop
      vertex -11.3505 16.45 12.1006
      vertex -11.6466 18.25 10.6629
      vertex -11.3412 16.45 12.0992
    endloop
  endfacet
  facet normal -0.121166 -0.63158 -0.765784
    outer loop
      vertex -11.6466 18.25 10.6629
      vertex -11.3505 16.45 12.1006
      vertex -11.8223 18.25 10.6907
    endloop
  endfacet
  facet normal -0.49145 -0.631502 -0.599735
    outer loop
      vertex -11.0008 18.25 10.3753
      vertex -10.1304 16.45 11.5574
      vertex -10.1376 16.45 11.5633
    endloop
  endfacet
  facet normal -0.487922 -0.63161 -0.602496
    outer loop
      vertex -10.1304 16.45 11.5574
      vertex -11.0008 18.25 10.3753
      vertex -10.8625 18.25 10.2633
    endloop
  endfacet
  facet normal -0.72379 -0.631613 -0.277838
    outer loop
      vertex -8.99001 16.45 9.98784
      vertex -9.1055 16.45 10.2887
      vertex -10.447 18.25 9.69145
    endloop
  endfacet
  facet normal -0.748884 -0.631593 -0.200657
    outer loop
      vertex -8.90082 16.45 9.65875
      vertex -8.98423 16.45 9.97005
      vertex -10.3371 18.25 9.35345
    endloop
  endfacet
  facet normal -0.76575 -0.631602 -0.12127
    outer loop
      vertex -8.84894 16.45 9.33119
      vertex -8.89935 16.45 9.6495
      vertex -10.3093 18.25 9.1777
    endloop
  endfacet
  facet normal -0.748884 -0.631593 0.200657
    outer loop
      vertex -8.98423 16.45 8.02995
      vertex -8.90082 16.45 8.34125
      vertex -10.3371 18.25 8.64655
    endloop
  endfacet
  facet normal -0.76575 -0.631602 0.12127
    outer loop
      vertex -8.89935 16.45 8.3505
      vertex -8.84894 16.45 8.66881
      vertex -10.3093 18.25 8.8223
    endloop
  endfacet
  facet normal 0.121332 -0.63161 0.765733
    outer loop
      vertex -12.3534 18.25 7.33715
      vertex -12.6495 16.45 5.89935
      vertex -12.1777 18.25 7.30931
    endloop
  endfacet
  facet normal 0.121043 -0.631603 0.765784
    outer loop
      vertex -12.6495 16.45 5.89935
      vertex -12.3534 18.25 7.33715
      vertex -12.6588 16.45 5.90082
    endloop
  endfacet
  facet normal -0.723675 -0.631581 0.278209
    outer loop
      vertex -8.98665 16.45 8.0209
      vertex -10.447 18.25 8.30855
      vertex -8.99001 16.45 8.01216
    endloop
  endfacet
  facet normal -0.72375 -0.631603 0.277963
    outer loop
      vertex -10.447 18.25 8.30855
      vertex -8.98665 16.45 8.0209
      vertex -10.3832 18.25 8.47467
    endloop
  endfacet
  facet normal -0.723792 -0.631613 0.27783
    outer loop
      vertex -9.1055 16.45 7.71129
      vertex -8.99001 16.45 8.01216
      vertex -10.447 18.25 8.30855
    endloop
  endfacet
  facet normal -0.040588 -0.631605 0.774227
    outer loop
      vertex -11.6688 16.45 5.84894
      vertex -11.8223 18.25 7.30931
      vertex -11.9906 16.45 5.83207
    endloop
  endfacet
  facet normal -0.420414 -0.631786 0.651229
    outer loop
      vertex -11.0008 18.25 7.62467
      vertex -10.4158 16.45 6.25607
      vertex -10.4079 16.45 6.26117
    endloop
  endfacet
  facet normal -0.422311 -0.631603 0.650178
    outer loop
      vertex -10.4158 16.45 6.25607
      vertex -11.0008 18.25 7.62467
      vertex -11.15 18.25 7.52776
    endloop
  endfacet
  facet normal 0.351905 -0.631608 -0.690821
    outer loop
      vertex -12.6915 18.25 10.553
      vertex -13.2887 16.45 11.8945
      vertex -13.5759 16.45 11.7482
    endloop
  endfacet
  facet normal 0.747198 -0.631736 -0.206408
    outer loop
      vertex -15.0158 16.45 9.97005
      vertex -13.6168 18.25 9.52533
      vertex -15.0133 16.45 9.9791
    endloop
  endfacet
  facet normal 0.748815 -0.631617 -0.20084
    outer loop
      vertex -13.6168 18.25 9.52533
      vertex -15.0158 16.45 9.97005
      vertex -13.6629 18.25 9.35345
    endloop
  endfacet
  facet normal 0.690817 -0.631614 -0.351903
    outer loop
      vertex -13.553 18.25 9.69145
      vertex -14.7482 16.45 10.5759
      vertex -14.8945 16.45 10.2887
    endloop
  endfacet
  facet normal -0.422187 -0.631621 -0.650241
    outer loop
      vertex -10.1376 16.45 11.5633
      vertex -10.4079 16.45 11.7388
      vertex -11.0008 18.25 10.3753
    endloop
  endfacet
  facet normal -0.205359 -0.631714 -0.747506
    outer loop
      vertex -11.03 16.45 12.0158
      vertex -11.4747 18.25 10.6168
      vertex -11.0209 16.45 12.0133
    endloop
  endfacet
  facet normal -0.200819 -0.631615 -0.748822
    outer loop
      vertex -11.4747 18.25 10.6168
      vertex -11.03 16.45 12.0158
      vertex -11.6466 18.25 10.6629
    endloop
  endfacet
  facet normal -0.548193 -0.63162 -0.548216
    outer loop
      vertex -10.8625 18.25 10.2633
      vertex -9.6454 16.45 11.1201
      vertex -9.87991 16.45 11.3546
    endloop
  endfacet
  facet normal -0.548203 -0.631622 -0.548203
    outer loop
      vertex -9.6454 16.45 11.1201
      vertex -10.8625 18.25 10.2633
      vertex -10.7367 18.25 10.1375
    endloop
  endfacet
  facet normal -0.602552 -0.63162 -0.487839
    outer loop
      vertex -9.44259 16.45 10.8696
      vertex -9.6454 16.45 11.1201
      vertex -10.7367 18.25 10.1375
    endloop
  endfacet
  facet normal -0.690798 -0.631613 -0.351942
    outer loop
      vertex -9.1055 16.45 10.2887
      vertex -9.25182 16.45 10.5759
      vertex -10.447 18.25 9.69145
    endloop
  endfacet
  facet normal -0.765781 -0.63159 -0.121131
    outer loop
      vertex -8.89935 16.45 9.6495
      vertex -10.3371 18.25 9.35345
      vertex -10.3093 18.25 9.1777
    endloop
  endfacet
  facet normal -0.765684 -0.631603 -0.121682
    outer loop
      vertex -10.3371 18.25 9.35345
      vertex -8.89935 16.45 9.6495
      vertex -8.90082 16.45 9.65875
    endloop
  endfacet
  facet normal -0.72375 -0.631603 -0.277963
    outer loop
      vertex -8.98665 16.45 9.9791
      vertex -10.447 18.25 9.69145
      vertex -10.3832 18.25 9.52533
    endloop
  endfacet
  facet normal -0.723675 -0.631581 -0.278209
    outer loop
      vertex -10.447 18.25 9.69145
      vertex -8.98665 16.45 9.9791
      vertex -8.99001 16.45 9.98784
    endloop
  endfacet
  facet normal -0.77423 -0.631602 -0.0405831
    outer loop
      vertex -8.83207 16.45 9.00935
      vertex -8.84894 16.45 9.33119
      vertex -10.3093 18.25 9.1777
    endloop
  endfacet
  facet normal -0.774227 -0.631606 -0.0405745
    outer loop
      vertex -8.83207 16.45 9.00935
      vertex -10.3 18.25 9
      vertex -8.83158 16.45 9
    endloop
  endfacet
  facet normal -0.774229 -0.631607 -0.0405196
    outer loop
      vertex -10.3 18.25 9
      vertex -8.83207 16.45 9.00935
      vertex -10.3093 18.25 9.1777
    endloop
  endfacet
  facet normal 0.748886 -0.631599 0.200633
    outer loop
      vertex -15.0158 16.45 8.02995
      vertex -13.6629 18.25 8.64655
      vertex -15.0992 16.45 8.34125
    endloop
  endfacet
  facet normal 0.774234 -0.631608 0.0404149
    outer loop
      vertex -15.1511 16.45 8.66881
      vertex -13.6907 18.25 8.8223
      vertex -15.1679 16.45 8.99065
    endloop
  endfacet
  facet normal 0.602322 -0.631603 0.488145
    outer loop
      vertex -14.5574 16.45 7.13037
      vertex -13.3753 18.25 8.00077
      vertex -14.5633 16.45 7.13765
    endloop
  endfacet
  facet normal 0.602479 -0.631609 0.487943
    outer loop
      vertex -13.3753 18.25 8.00077
      vertex -14.5574 16.45 7.13037
      vertex -13.2633 18.25 7.86248
    endloop
  endfacet
  facet normal 0.602528 -0.631616 0.487873
    outer loop
      vertex -14.3546 16.45 6.87991
      vertex -13.2633 18.25 7.86248
      vertex -14.5574 16.45 7.13037
    endloop
  endfacet
  facet normal 0.351946 -0.6316 0.690808
    outer loop
      vertex -13.2887 16.45 6.1055
      vertex -12.6915 18.25 7.44697
      vertex -13.5759 16.45 6.25182
    endloop
  endfacet
  facet normal 0.200713 -0.631611 0.748854
    outer loop
      vertex -12.6588 16.45 5.90082
      vertex -12.3534 18.25 7.33715
      vertex -12.97 16.45 5.98423
    endloop
  endfacet
  facet normal 0.200618 -0.631602 0.748886
    outer loop
      vertex -12.5253 18.25 7.3832
      vertex -12.97 16.45 5.98423
      vertex -12.3534 18.25 7.33715
    endloop
  endfacet
  facet normal 0.199258 -0.63157 0.749277
    outer loop
      vertex -12.97 16.45 5.98423
      vertex -12.5253 18.25 7.3832
      vertex -12.9791 16.45 5.98665
    endloop
  endfacet
  facet normal 0.121273 -0.631605 0.765747
    outer loop
      vertex -12.3312 16.45 5.84894
      vertex -12.1777 18.25 7.30931
      vertex -12.6495 16.45 5.89935
    endloop
  endfacet
  facet normal 0.040588 -0.631605 0.774227
    outer loop
      vertex -12.0094 16.45 5.83207
      vertex -12.1777 18.25 7.30931
      vertex -12.3312 16.45 5.84894
    endloop
  endfacet
  facet normal -0.748982 -0.631596 0.20028
    outer loop
      vertex -8.98423 16.45 8.02995
      vertex -10.3832 18.25 8.47467
      vertex -8.98665 16.45 8.0209
    endloop
  endfacet
  facet normal -0.748821 -0.631609 0.200842
    outer loop
      vertex -10.3832 18.25 8.47467
      vertex -8.98423 16.45 8.02995
      vertex -10.3371 18.25 8.64655
    endloop
  endfacet
  facet normal -0.602516 -0.631617 0.487888
    outer loop
      vertex -9.6454 16.45 6.87991
      vertex -9.44259 16.45 7.13037
      vertex -10.7367 18.25 7.86248
    endloop
  endfacet
  facet normal -0.690762 -0.631616 0.352007
    outer loop
      vertex -9.25182 16.45 7.42413
      vertex -10.5278 18.25 8.15
      vertex -9.25607 16.45 7.41579
    endloop
  endfacet
  facet normal -0.690754 -0.631617 0.352021
    outer loop
      vertex -10.5278 18.25 8.15
      vertex -9.25182 16.45 7.42413
      vertex -10.447 18.25 8.30855
    endloop
  endfacet
  facet normal -0.650135 -0.6316 0.422381
    outer loop
      vertex -9.25607 16.45 7.41579
      vertex -10.6247 18.25 8.00077
      vertex -9.26117 16.45 7.40794
    endloop
  endfacet
  facet normal -0.650228 -0.631616 0.422215
    outer loop
      vertex -10.6247 18.25 8.00077
      vertex -9.25607 16.45 7.41579
      vertex -10.5278 18.25 8.15
    endloop
  endfacet
  facet normal -0.040563 -0.631607 0.774227
    outer loop
      vertex -12 18.25 7.3
      vertex -11.9906 16.45 5.83207
      vertex -11.8223 18.25 7.30931
    endloop
  endfacet
  facet normal -0.040359 -0.631611 0.774234
    outer loop
      vertex -11.9906 16.45 5.83207
      vertex -12 18.25 7.3
      vertex -12 16.45 5.83158
    endloop
  endfacet
  facet normal -0.121043 -0.631603 0.765784
    outer loop
      vertex -11.6466 18.25 7.33715
      vertex -11.3505 16.45 5.89935
      vertex -11.3412 16.45 5.90082
    endloop
  endfacet
  facet normal -0.121332 -0.63161 0.765733
    outer loop
      vertex -11.3505 16.45 5.89935
      vertex -11.6466 18.25 7.33715
      vertex -11.8223 18.25 7.30931
    endloop
  endfacet
  facet normal -0.487856 -0.631609 0.60255
    outer loop
      vertex -10.1304 16.45 6.44259
      vertex -9.87991 16.45 6.6454
      vertex -10.8625 18.25 7.73665
    endloop
  endfacet
  facet normal 0.277829 -0.631608 -0.723798
    outer loop
      vertex -12.6915 18.25 10.553
      vertex -12.9878 16.45 12.01
      vertex -13.2887 16.45 11.8945
    endloop
  endfacet
  facet normal 0.422279 -0.631606 -0.650196
    outer loop
      vertex -13.5842 16.45 11.7439
      vertex -12.9992 18.25 10.3753
      vertex -12.85 18.25 10.4722
    endloop
  endfacet
  facet normal 0.420414 -0.631786 -0.651229
    outer loop
      vertex -12.9992 18.25 10.3753
      vertex -13.5842 16.45 11.7439
      vertex -13.5921 16.45 11.7388
    endloop
  endfacet
  facet normal 0.774235 -0.631599 -0.0405199
    outer loop
      vertex -15.1679 16.45 9.00935
      vertex -13.7 18.25 9
      vertex -13.6907 18.25 9.1777
    endloop
  endfacet
  facet normal 0.774205 -0.631579 -0.0414013
    outer loop
      vertex -13.7 18.25 9
      vertex -15.1679 16.45 9.00935
      vertex -15.1684 16.45 9
    endloop
  endfacet
  facet normal 0.748886 -0.631599 -0.200633
    outer loop
      vertex -13.6629 18.25 9.35345
      vertex -15.0158 16.45 9.97005
      vertex -15.0992 16.45 9.65875
    endloop
  endfacet
  facet normal 0.725042 -0.631958 -0.273757
    outer loop
      vertex -15.0133 16.45 9.9791
      vertex -13.553 18.25 9.69145
      vertex -15.01 16.45 9.98784
    endloop
  endfacet
  facet normal 0.723759 -0.631591 -0.277967
    outer loop
      vertex -13.553 18.25 9.69145
      vertex -15.0133 16.45 9.9791
      vertex -13.6168 18.25 9.52533
    endloop
  endfacet
  facet normal 0.599738 -0.631498 -0.491452
    outer loop
      vertex -13.3753 18.25 9.99923
      vertex -14.5574 16.45 10.8696
      vertex -14.5633 16.45 10.8624
    endloop
  endfacet
  facet normal 0.602449 -0.631603 -0.487989
    outer loop
      vertex -14.5574 16.45 10.8696
      vertex -13.3753 18.25 9.99923
      vertex -13.2633 18.25 10.1375
    endloop
  endfacet
  facet normal 0.723781 -0.631613 -0.277859
    outer loop
      vertex -13.553 18.25 9.69145
      vertex -14.8945 16.45 10.2887
      vertex -15.01 16.45 9.98784
    endloop
  endfacet
  facet normal -0.351905 -0.631608 -0.690821
    outer loop
      vertex -10.4241 16.45 11.7482
      vertex -10.7113 16.45 11.8945
      vertex -11.3085 18.25 10.553
    endloop
  endfacet
  facet normal -0.0411815 -0.631585 -0.774212
    outer loop
      vertex -12 18.25 10.7
      vertex -11.9906 16.45 12.1679
      vertex -12 16.45 12.1684
    endloop
  endfacet
  facet normal -0.0405199 -0.6316 -0.774235
    outer loop
      vertex -11.9906 16.45 12.1679
      vertex -12 18.25 10.7
      vertex -11.8223 18.25 10.6907
    endloop
  endfacet
  facet normal -0.200692 -0.631604 -0.748865
    outer loop
      vertex -11.03 16.45 12.0158
      vertex -11.3412 16.45 12.0992
      vertex -11.6466 18.25 10.6629
    endloop
  endfacet
  facet normal -0.274887 -0.631856 -0.724703
    outer loop
      vertex -11.0209 16.45 12.0133
      vertex -11.3085 18.25 10.553
      vertex -11.0122 16.45 12.01
    endloop
  endfacet
  facet normal -0.277848 -0.631597 -0.7238
    outer loop
      vertex -11.3085 18.25 10.553
      vertex -11.0209 16.45 12.0133
      vertex -11.4747 18.25 10.6168
    endloop
  endfacet
  facet normal -0.690752 -0.63162 -0.35202
    outer loop
      vertex -9.25182 16.45 10.5759
      vertex -10.5278 18.25 9.85
      vertex -10.447 18.25 9.69145
    endloop
  endfacet
  facet normal -0.690048 -0.631653 -0.353338
    outer loop
      vertex -10.5278 18.25 9.85
      vertex -9.25182 16.45 10.5759
      vertex -9.25607 16.45 10.5842
    endloop
  endfacet
  facet normal -0.602447 -0.631605 -0.487988
    outer loop
      vertex -10.6247 18.25 9.99923
      vertex -9.44259 16.45 10.8696
      vertex -10.7367 18.25 10.1375
    endloop
  endfacet
  facet normal -0.599737 -0.6315 -0.491451
    outer loop
      vertex -9.44259 16.45 10.8696
      vertex -10.6247 18.25 9.99923
      vertex -9.43669 16.45 10.8624
    endloop
  endfacet
  facet normal -0.748821 -0.631609 -0.200842
    outer loop
      vertex -8.98423 16.45 9.97005
      vertex -10.3832 18.25 9.52533
      vertex -10.3371 18.25 9.35345
    endloop
  endfacet
  facet normal -0.748982 -0.631596 -0.20028
    outer loop
      vertex -10.3832 18.25 9.52533
      vertex -8.98423 16.45 9.97005
      vertex -8.98665 16.45 9.9791
    endloop
  endfacet
  facet normal 0.690797 -0.631614 0.351942
    outer loop
      vertex -14.7482 16.45 7.42413
      vertex -13.553 18.25 8.30855
      vertex -14.8945 16.45 7.71129
    endloop
  endfacet
  facet normal 0.723759 -0.631591 0.277967
    outer loop
      vertex -15.0133 16.45 8.0209
      vertex -13.553 18.25 8.30855
      vertex -13.6168 18.25 8.47467
    endloop
  endfacet
  facet normal 0.725042 -0.631958 0.273757
    outer loop
      vertex -13.553 18.25 8.30855
      vertex -15.0133 16.45 8.0209
      vertex -15.01 16.45 8.01216
    endloop
  endfacet
  facet normal 0.765712 -0.631607 0.121481
    outer loop
      vertex -15.1006 16.45 8.3505
      vertex -13.6907 18.25 8.8223
      vertex -15.1511 16.45 8.66881
    endloop
  endfacet
  facet normal 0.487844 -0.63161 0.602559
    outer loop
      vertex -13.8696 16.45 6.44259
      vertex -13.1375 18.25 7.73665
      vertex -14.1201 16.45 6.6454
    endloop
  endfacet
  facet normal 0.27781 -0.6316 0.723812
    outer loop
      vertex -12.9878 16.45 5.99001
      vertex -12.6915 18.25 7.44697
      vertex -13.2887 16.45 6.1055
    endloop
  endfacet
  facet normal 0.422311 -0.631603 0.650178
    outer loop
      vertex -12.9992 18.25 7.62467
      vertex -13.5842 16.45 6.25607
      vertex -12.85 18.25 7.52776
    endloop
  endfacet
  facet normal 0.420414 -0.631786 0.651229
    outer loop
      vertex -13.5842 16.45 6.25607
      vertex -12.9992 18.25 7.62467
      vertex -13.5921 16.45 6.26117
    endloop
  endfacet
  facet normal 0.352076 -0.631612 0.69073
    outer loop
      vertex -12.85 18.25 7.52776
      vertex -13.5759 16.45 6.25182
      vertex -12.6915 18.25 7.44697
    endloop
  endfacet
  facet normal 0.353341 -0.631644 0.690055
    outer loop
      vertex -13.5759 16.45 6.25182
      vertex -12.85 18.25 7.52776
      vertex -13.5842 16.45 6.25607
    endloop
  endfacet
  facet normal -0.121273 -0.631605 0.765747
    outer loop
      vertex -11.6688 16.45 5.84894
      vertex -11.3505 16.45 5.89935
      vertex -11.8223 18.25 7.30931
    endloop
  endfacet
  facet normal -0.27781 -0.6316 0.723812
    outer loop
      vertex -11.0122 16.45 5.99001
      vertex -10.7113 16.45 6.1055
      vertex -11.3085 18.25 7.44697
    endloop
  endfacet
  facet normal -0.351946 -0.6316 0.690808
    outer loop
      vertex -10.7113 16.45 6.1055
      vertex -10.4241 16.45 6.25182
      vertex -11.3085 18.25 7.44697
    endloop
  endfacet
  facet normal -0.200713 -0.631611 0.748854
    outer loop
      vertex -11.3412 16.45 5.90082
      vertex -11.03 16.45 5.98423
      vertex -11.6466 18.25 7.33715
    endloop
  endfacet
  facet normal -0.48787 -0.631607 0.60254
    outer loop
      vertex -11.0008 18.25 7.62467
      vertex -10.1304 16.45 6.44259
      vertex -10.8625 18.25 7.73665
    endloop
  endfacet
  facet normal -0.491452 -0.631498 0.599738
    outer loop
      vertex -10.1304 16.45 6.44259
      vertex -11.0008 18.25 7.62467
      vertex -10.1376 16.45 6.43669
    endloop
  endfacet
  facet normal -0.422223 -0.631618 0.650221
    outer loop
      vertex -10.4079 16.45 6.26117
      vertex -10.1376 16.45 6.43669
      vertex -11.0008 18.25 7.62467
    endloop
  endfacet
  facet normal 0.121484 -0.631607 -0.765711
    outer loop
      vertex -12.1777 18.25 10.6907
      vertex -12.3312 16.45 12.1511
      vertex -12.6495 16.45 12.1006
    endloop
  endfacet
  facet normal 0.0404199 -0.631608 -0.774233
    outer loop
      vertex -12.1777 18.25 10.6907
      vertex -12.0094 16.45 12.1679
      vertex -12.3312 16.45 12.1511
    endloop
  endfacet
  facet normal 0.548203 -0.631622 -0.548203
    outer loop
      vertex -14.3546 16.45 11.1201
      vertex -13.1375 18.25 10.2633
      vertex -14.1201 16.45 11.3546
    endloop
  endfacet
  facet normal 0.548203 -0.631622 -0.548203
    outer loop
      vertex -13.1375 18.25 10.2633
      vertex -14.3546 16.45 11.1201
      vertex -13.2633 18.25 10.1375
    endloop
  endfacet
  facet normal 0.352105 -0.631627 -0.690702
    outer loop
      vertex -13.5759 16.45 11.7482
      vertex -12.85 18.25 10.4722
      vertex -12.6915 18.25 10.553
    endloop
  endfacet
  facet normal 0.356589 -0.631733 -0.6883
    outer loop
      vertex -12.85 18.25 10.4722
      vertex -13.5759 16.45 11.7482
      vertex -13.5842 16.45 11.7439
    endloop
  endfacet
  facet normal 0.200819 -0.631615 -0.748822
    outer loop
      vertex -12.97 16.45 12.0158
      vertex -12.5253 18.25 10.6168
      vertex -12.3534 18.25 10.6629
    endloop
  endfacet
  facet normal 0.205359 -0.631714 -0.747506
    outer loop
      vertex -12.5253 18.25 10.6168
      vertex -12.97 16.45 12.0158
      vertex -12.9791 16.45 12.0133
    endloop
  endfacet
  facet normal 0.277848 -0.631597 -0.7238
    outer loop
      vertex -12.9791 16.45 12.0133
      vertex -12.6915 18.25 10.553
      vertex -12.5253 18.25 10.6168
    endloop
  endfacet
  facet normal 0.274887 -0.631856 -0.724703
    outer loop
      vertex -12.6915 18.25 10.553
      vertex -12.9791 16.45 12.0133
      vertex -12.9878 16.45 12.01
    endloop
  endfacet
  facet normal -0.356589 -0.631733 -0.6883
    outer loop
      vertex -10.4241 16.45 11.7482
      vertex -11.15 18.25 10.4722
      vertex -10.4158 16.45 11.7439
    endloop
  endfacet
  facet normal -0.352105 -0.631627 -0.690702
    outer loop
      vertex -11.15 18.25 10.4722
      vertex -10.4241 16.45 11.7482
      vertex -11.3085 18.25 10.553
    endloop
  endfacet
  facet normal -0.420414 -0.631786 -0.651229
    outer loop
      vertex -10.4158 16.45 11.7439
      vertex -11.0008 18.25 10.3753
      vertex -10.4079 16.45 11.7388
    endloop
  endfacet
  facet normal -0.422279 -0.631606 -0.650196
    outer loop
      vertex -11.0008 18.25 10.3753
      vertex -10.4158 16.45 11.7439
      vertex -11.15 18.25 10.4722
    endloop
  endfacet
  facet normal -0.277829 -0.631608 -0.723798
    outer loop
      vertex -10.7113 16.45 11.8945
      vertex -11.0122 16.45 12.01
      vertex -11.3085 18.25 10.553
    endloop
  endfacet
  facet normal -0.650219 -0.63162 -0.422222
    outer loop
      vertex -9.26117 16.45 10.5921
      vertex -9.43669 16.45 10.8624
      vertex -10.6247 18.25 9.99923
    endloop
  endfacet
  facet normal -0.650229 -0.631614 -0.422215
    outer loop
      vertex -9.25607 16.45 10.5842
      vertex -10.6247 18.25 9.99923
      vertex -10.5278 18.25 9.85
    endloop
  endfacet
  facet normal -0.651227 -0.631788 -0.420413
    outer loop
      vertex -10.6247 18.25 9.99923
      vertex -9.25607 16.45 10.5842
      vertex -9.26117 16.45 10.5921
    endloop
  endfacet
  facet normal 0.650241 -0.63161 0.422203
    outer loop
      vertex -14.5633 16.45 7.13765
      vertex -13.3753 18.25 8.00077
      vertex -14.7388 16.45 7.40794
    endloop
  endfacet
  facet normal 0.723784 -0.631614 0.277851
    outer loop
      vertex -14.8945 16.45 7.71129
      vertex -13.553 18.25 8.30855
      vertex -15.01 16.45 8.01216
    endloop
  endfacet
  facet normal 0.765792 -0.631578 0.121132
    outer loop
      vertex -15.1006 16.45 8.3505
      vertex -13.6629 18.25 8.64655
      vertex -13.6907 18.25 8.8223
    endloop
  endfacet
  facet normal 0.766683 -0.631452 0.116039
    outer loop
      vertex -13.6629 18.25 8.64655
      vertex -15.1006 16.45 8.3505
      vertex -15.0992 16.45 8.34125
    endloop
  endfacet
  facet normal 0.422223 -0.631618 0.650221
    outer loop
      vertex -13.5921 16.45 6.26117
      vertex -12.9992 18.25 7.62467
      vertex -13.8624 16.45 6.43669
    endloop
  endfacet
  facet normal 0.48787 -0.631607 0.60254
    outer loop
      vertex -13.8696 16.45 6.44259
      vertex -12.9992 18.25 7.62467
      vertex -13.1375 18.25 7.73665
    endloop
  endfacet
  facet normal 0.491452 -0.631498 0.599738
    outer loop
      vertex -12.9992 18.25 7.62467
      vertex -13.8696 16.45 6.44259
      vertex -13.8624 16.45 6.43669
    endloop
  endfacet
  facet normal -0.279356 -0.631467 0.723333
    outer loop
      vertex -11.3085 18.25 7.44697
      vertex -11.0209 16.45 5.98665
      vertex -11.0122 16.45 5.99001
    endloop
  endfacet
  facet normal -0.27773 -0.631612 0.723832
    outer loop
      vertex -11.0209 16.45 5.98665
      vertex -11.3085 18.25 7.44697
      vertex -11.4747 18.25 7.3832
    endloop
  endfacet
  facet normal -0.199258 -0.63157 0.749277
    outer loop
      vertex -11.4747 18.25 7.3832
      vertex -11.03 16.45 5.98423
      vertex -11.0209 16.45 5.98665
    endloop
  endfacet
  facet normal -0.200618 -0.631602 0.748886
    outer loop
      vertex -11.03 16.45 5.98423
      vertex -11.4747 18.25 7.3832
      vertex -11.6466 18.25 7.33715
    endloop
  endfacet
  facet normal -0.353341 -0.631644 0.690055
    outer loop
      vertex -11.15 18.25 7.52776
      vertex -10.4241 16.45 6.25182
      vertex -10.4158 16.45 6.25607
    endloop
  endfacet
  facet normal -0.352076 -0.631612 0.69073
    outer loop
      vertex -10.4241 16.45 6.25182
      vertex -11.15 18.25 7.52776
      vertex -11.3085 18.25 7.44697
    endloop
  endfacet
  facet normal 0.200692 -0.631604 -0.748865
    outer loop
      vertex -12.3534 18.25 10.6629
      vertex -12.6588 16.45 12.0992
      vertex -12.97 16.45 12.0158
    endloop
  endfacet
  facet normal 0.121166 -0.63158 -0.765784
    outer loop
      vertex -12.6495 16.45 12.1006
      vertex -12.3534 18.25 10.6629
      vertex -12.1777 18.25 10.6907
    endloop
  endfacet
  facet normal 0.11543 -0.631438 -0.766787
    outer loop
      vertex -12.3534 18.25 10.6629
      vertex -12.6495 16.45 12.1006
      vertex -12.6588 16.45 12.0992
    endloop
  endfacet
  facet normal 0.487825 -0.631619 -0.602564
    outer loop
      vertex -13.1375 18.25 10.2633
      vertex -13.8696 16.45 11.5574
      vertex -14.1201 16.45 11.3546
    endloop
  endfacet
  facet normal 0.49145 -0.631502 -0.599735
    outer loop
      vertex -13.8696 16.45 11.5574
      vertex -12.9992 18.25 10.3753
      vertex -13.8624 16.45 11.5633
    endloop
  endfacet
  facet normal 0.487922 -0.63161 -0.602496
    outer loop
      vertex -12.9992 18.25 10.3753
      vertex -13.8696 16.45 11.5574
      vertex -13.1375 18.25 10.2633
    endloop
  endfacet
  facet normal 0.422187 -0.631621 -0.650241
    outer loop
      vertex -12.9992 18.25 10.3753
      vertex -13.5921 16.45 11.7388
      vertex -13.8624 16.45 11.5633
    endloop
  endfacet
  facet normal 0.6883 -0.631733 -0.356589
    outer loop
      vertex -14.7482 16.45 10.5759
      vertex -13.4722 18.25 9.85
      vertex -14.7439 16.45 10.5842
    endloop
  endfacet
  facet normal 0.690748 -0.631625 -0.352018
    outer loop
      vertex -13.4722 18.25 9.85
      vertex -14.7482 16.45 10.5759
      vertex -13.553 18.25 9.69145
    endloop
  endfacet
  facet normal 0.651232 -0.631781 -0.420416
    outer loop
      vertex -14.7439 16.45 10.5842
      vertex -13.3753 18.25 9.99923
      vertex -14.7388 16.45 10.5921
    endloop
  endfacet
  facet normal 0.650233 -0.631608 -0.422218
    outer loop
      vertex -13.3753 18.25 9.99923
      vertex -14.7439 16.45 10.5842
      vertex -13.4722 18.25 9.85
    endloop
  endfacet
  facet normal 0.650232 -0.631609 0.422217
    outer loop
      vertex -14.7439 16.45 7.41579
      vertex -13.3753 18.25 8.00077
      vertex -13.4722 18.25 8.15
    endloop
  endfacet
  facet normal 0.65014 -0.631593 0.422384
    outer loop
      vertex -13.3753 18.25 8.00077
      vertex -14.7439 16.45 7.41579
      vertex -14.7388 16.45 7.40794
    endloop
  endfacet
  facet normal 0.690751 -0.631621 0.352019
    outer loop
      vertex -14.7482 16.45 7.42413
      vertex -13.4722 18.25 8.15
      vertex -13.553 18.25 8.30855
    endloop
  endfacet
  facet normal 0.689023 -0.6317 0.355251
    outer loop
      vertex -13.4722 18.25 8.15
      vertex -14.7482 16.45 7.42413
      vertex -14.7439 16.45 7.41579
    endloop
  endfacet
  facet normal 0.748815 -0.631617 0.20084
    outer loop
      vertex -15.0158 16.45 8.02995
      vertex -13.6168 18.25 8.47467
      vertex -13.6629 18.25 8.64655
    endloop
  endfacet
  facet normal 0.747198 -0.631736 0.206408
    outer loop
      vertex -13.6168 18.25 8.47467
      vertex -15.0158 16.45 8.02995
      vertex -15.0133 16.45 8.0209
    endloop
  endfacet
  facet normal 0 0.707085 -0.707128
    outer loop
      vertex -32 18.955 3
      vertex -4 19.45 3.49497
      vertex -4 18.955 3
    endloop
  endfacet
  facet normal 0 0.707085 -0.707128
    outer loop
      vertex -4 19.45 3.49497
      vertex -32 18.955 3
      vertex -32 19.45 3.49497
    endloop
  endfacet
  facet normal 0 -0.707092 0.707121
    outer loop
      vertex -32 19.45 2.50502
      vertex -4 19.945 3
      vertex -32 19.945 3
    endloop
  endfacet
  facet normal 0 -0.707092 0.707121
    outer loop
      vertex -4 19.945 3
      vertex -32 19.45 2.50502
      vertex -4 19.45 2.50502
    endloop
  endfacet
  facet normal -0 0.707092 0.707121
    outer loop
      vertex -32 19.45 2.50502
      vertex -4 18.955 3
      vertex -4 19.45 2.50502
    endloop
  endfacet
  facet normal 0 0.707092 0.707121
    outer loop
      vertex -4 18.955 3
      vertex -32 19.45 2.50502
      vertex -32 18.955 3
    endloop
  endfacet
  facet normal 0 -0.707092 0.707121
    outer loop
      vertex -32 38.845 3
      vertex -4 38.35 2.50502
      vertex -4 38.845 3
    endloop
  endfacet
  facet normal 0 -0.707092 0.707121
    outer loop
      vertex -4 38.35 2.50502
      vertex -32 38.845 3
      vertex -32 38.35 2.50502
    endloop
  endfacet
  facet normal 0 -0.707085 -0.707128
    outer loop
      vertex -32 38.35 3.49497
      vertex -4 38.845 3
      vertex -4 38.35 3.49497
    endloop
  endfacet
  facet normal -0 -0.707085 -0.707128
    outer loop
      vertex -4 38.845 3
      vertex -32 38.35 3.49497
      vertex -32 38.845 3
    endloop
  endfacet
  facet normal 0 0.707092 0.707121
    outer loop
      vertex -4 38.35 2.50502
      vertex -32 37.855 3
      vertex -4 37.855 3
    endloop
  endfacet
  facet normal 0 0.707092 0.707121
    outer loop
      vertex -32 37.855 3
      vertex -4 38.35 2.50502
      vertex -32 38.35 2.50502
    endloop
  endfacet
  facet normal 0.00200916 -0.706291 0.707918
    outer loop
      vertex -4.82717 38.6978 11.8579
      vertex -4.51032 38.35 11.51
      vertex -4.64214 38.5128 11.6728
    endloop
  endfacet
  facet normal -0.00195118 -0.708095 0.706114
    outer loop
      vertex -5.03054 38.8625 12.0225
      vertex -4.51032 38.35 11.51
      vertex -4.82717 38.6978 11.8579
    endloop
  endfacet
  facet normal 0.000945801 -0.706626 0.707586
    outer loop
      vertex -5.25 39.005 12.1651
      vertex -4.51032 38.35 11.51
      vertex -5.03054 38.8625 12.0225
    endloop
  endfacet
  facet normal -0.000129521 -0.707234 0.70698
    outer loop
      vertex -5.48316 39.1238 12.2839
      vertex -4.51032 38.35 11.51
      vertex -5.25 39.005 12.1651
    endloop
  endfacet
  facet normal -0.000626979 -0.707546 0.706667
    outer loop
      vertex -5.72746 39.2176 12.3776
      vertex -4.51032 38.35 11.51
      vertex -5.48316 39.1238 12.2839
    endloop
  endfacet
  facet normal 0.000448345 -0.706792 0.707421
    outer loop
      vertex -5.98022 39.2853 12.4454
      vertex -4.51032 38.35 11.51
      vertex -5.72746 39.2176 12.3776
    endloop
  endfacet
  facet normal -0.000380235 -0.707443 0.70677
    outer loop
      vertex -6.23868 39.3263 12.4863
      vertex -4.51032 38.35 11.51
      vertex -5.98022 39.2853 12.4454
    endloop
  endfacet
  facet normal 7.41975e-17 -0.707107 0.707107
    outer loop
      vertex -6.5 39.34 12.5
      vertex -4.51032 38.35 11.51
      vertex -6.23868 39.3263 12.4863
    endloop
  endfacet
  facet normal 0 -0.707107 0.707107
    outer loop
      vertex -29.5 39.34 12.5
      vertex -4.51032 38.35 11.51
      vertex -6.5 39.34 12.5
    endloop
  endfacet
  facet normal 0 -0.707107 0.707107
    outer loop
      vertex -31.4897 38.35 11.51
      vertex -29.5 39.34 12.5
      vertex -29.7613 39.3263 12.4863
    endloop
  endfacet
  facet normal 0.000380157 -0.707443 0.70677
    outer loop
      vertex -31.4897 38.35 11.51
      vertex -29.7613 39.3263 12.4863
      vertex -30.0198 39.2853 12.4454
    endloop
  endfacet
  facet normal -0.000448529 -0.706792 0.707421
    outer loop
      vertex -31.4897 38.35 11.51
      vertex -30.0198 39.2853 12.4454
      vertex -30.2725 39.2176 12.3776
    endloop
  endfacet
  facet normal 0.000627015 -0.707546 0.706667
    outer loop
      vertex -31.4897 38.35 11.51
      vertex -30.2725 39.2176 12.3776
      vertex -30.5168 39.1238 12.2839
    endloop
  endfacet
  facet normal 0.000129474 -0.707234 0.70698
    outer loop
      vertex -31.4897 38.35 11.51
      vertex -30.5168 39.1238 12.2839
      vertex -30.75 39.005 12.1651
    endloop
  endfacet
  facet normal -0.000945225 -0.706627 0.707586
    outer loop
      vertex -31.4897 38.35 11.51
      vertex -30.75 39.005 12.1651
      vertex -30.9695 38.8625 12.0225
    endloop
  endfacet
  facet normal 0.00195461 -0.708097 0.706113
    outer loop
      vertex -31.4897 38.35 11.51
      vertex -30.9695 38.8625 12.0225
      vertex -31.1728 38.6978 11.8579
    endloop
  endfacet
  facet normal -0.00200388 -0.706294 0.707916
    outer loop
      vertex -31.4897 38.35 11.51
      vertex -31.1728 38.6978 11.8579
      vertex -31.3579 38.5128 11.6728
    endloop
  endfacet
  facet normal 0 -0.707107 0.707107
    outer loop
      vertex -29.5 39.34 12.5
      vertex -31.4897 38.35 11.51
      vertex -4.51032 38.35 11.51
    endloop
  endfacet
  facet normal -1 0 0
    outer loop
      vertex 4 8.45 0
      vertex 4 5.94497 3
      vertex 4 8.45 10
    endloop
  endfacet
  facet normal -1 0 0
    outer loop
      vertex 4 8.45 0
      vertex 4 5.45 2.50502
      vertex 4 5.94497 3
    endloop
  endfacet
  facet normal -1 0 0
    outer loop
      vertex 4 5.45 2.50502
      vertex 4 -12.955 3
      vertex 4 4.95502 3
    endloop
  endfacet
  facet normal -1 0 0
    outer loop
      vertex 4 -13.45 2.50502
      vertex 4 5.45 2.50502
      vertex 4 8.45 0
    endloop
  endfacet
  facet normal -1 0 0
    outer loop
      vertex 4 5.45 2.50502
      vertex 4 -13.45 2.50502
      vertex 4 -12.955 3
    endloop
  endfacet
  facet normal -1 -0 0
    outer loop
      vertex 4 -13.45 2.50502
      vertex 4 -16.45 0
      vertex 4 -13.945 3
    endloop
  endfacet
  facet normal -1 0 0
    outer loop
      vertex 4 -16.45 0
      vertex 4 -13.45 2.50502
      vertex 4 8.45 0
    endloop
  endfacet
  facet normal -1 0 0
    outer loop
      vertex 4 5.45 3.49497
      vertex 4 8.45 10
      vertex 4 5.94497 3
    endloop
  endfacet
  facet normal -1 -0 0
    outer loop
      vertex 4 8.45 10
      vertex 4 5.45 3.49497
      vertex 4 5.45 10
    endloop
  endfacet
  facet normal -1 0 0
    outer loop
      vertex 4 -16.45 17.5
      vertex 4 -13.45 3.49497
      vertex 4 -13.945 3
    endloop
  endfacet
  facet normal -1 0 0
    outer loop
      vertex 4 -16.45 17.5
      vertex 4 -13.945 3
      vertex 4 -16.45 0
    endloop
  endfacet
  facet normal -1 0 0
    outer loop
      vertex 4 -13.45 3.49497
      vertex 4 -16.45 17.5
      vertex 4 -13.45 17.5
    endloop
  endfacet
  facet normal -0 0 1
    outer loop
      vertex 4 4.95502 3
      vertex 32 -12.955 3
      vertex 32 4.95502 3
    endloop
  endfacet
  facet normal 0 0 1
    outer loop
      vertex 32 -12.955 3
      vertex 4 4.95502 3
      vertex 4 -12.955 3
    endloop
  endfacet
  facet normal 1 -0 0
    outer loop
      vertex 32 -16.45 17.5
      vertex 32 -13.45 3.49497
      vertex 32 -13.45 17.5
    endloop
  endfacet
  facet normal 1 0 0
    outer loop
      vertex 32 -13.45 3.49497
      vertex 32 -16.45 17.5
      vertex 32 -13.945 3
    endloop
  endfacet
  facet normal 1 0 0
    outer loop
      vertex 32 8.45 10
      vertex 32 5.94497 3
      vertex 32 8.45 0
    endloop
  endfacet
  facet normal 1 0 0
    outer loop
      vertex 32 5.45 3.49497
      vertex 32 8.45 10
      vertex 32 5.45 10
    endloop
  endfacet
  facet normal 1 0 0
    outer loop
      vertex 32 8.45 10
      vertex 32 5.45 3.49497
      vertex 32 5.94497 3
    endloop
  endfacet
  facet normal 1 -0 0
    outer loop
      vertex 32 5.45 2.50502
      vertex 32 8.45 0
      vertex 32 5.94497 3
    endloop
  endfacet
  facet normal 1 -0 0
    outer loop
      vertex 32 -12.955 3
      vertex 32 5.45 2.50502
      vertex 32 4.95502 3
    endloop
  endfacet
  facet normal 1 0 0
    outer loop
      vertex 32 -13.45 2.50502
      vertex 32 5.45 2.50502
      vertex 32 -12.955 3
    endloop
  endfacet
  facet normal 1 0 0
    outer loop
      vertex 32 5.45 2.50502
      vertex 32 -13.45 2.50502
      vertex 32 8.45 0
    endloop
  endfacet
  facet normal 1 0 0
    outer loop
      vertex 32 -13.45 2.50502
      vertex 32 -16.45 0
      vertex 32 8.45 0
    endloop
  endfacet
  facet normal 1 0 0
    outer loop
      vertex 32 -13.945 3
      vertex 32 -16.45 0
      vertex 32 -13.45 2.50502
    endloop
  endfacet
  facet normal 1 0 0
    outer loop
      vertex 32 -16.45 0
      vertex 32 -13.945 3
      vertex 32 -16.45 17.5
    endloop
  endfacet
  facet normal 0 1 0
    outer loop
      vertex 32 8.45 10
      vertex 29.5 8.45 12.5
      vertex 29.7613 8.45 12.4863
    endloop
  endfacet
  facet normal 0 1 0
    outer loop
      vertex 29.5 8.45 12.5
      vertex 32 8.45 0
      vertex 6.5 8.45 12.5
    endloop
  endfacet
  facet normal 0 1 0
    outer loop
      vertex 32 8.45 10
      vertex 29.7613 8.45 12.4863
      vertex 30.0198 8.45 12.4454
    endloop
  endfacet
  facet normal 0 1 0
    outer loop
      vertex 4 8.45 0
      vertex 6.5 8.45 12.5
      vertex 32 8.45 0
    endloop
  endfacet
  facet normal 0 1 0
    outer loop
      vertex 32 8.45 10
      vertex 30.0198 8.45 12.4454
      vertex 30.2725 8.45 12.3776
    endloop
  endfacet
  facet normal -0 1 0
    outer loop
      vertex 4 8.45 10
      vertex 6.5 8.45 12.5
      vertex 4 8.45 0
    endloop
  endfacet
  facet normal 0 1 0
    outer loop
      vertex 32 8.45 10
      vertex 30.2725 8.45 12.3776
      vertex 30.5168 8.45 12.2839
    endloop
  endfacet
  facet normal 0 1 0
    outer loop
      vertex 6.5 8.45 12.5
      vertex 4 8.45 10
      vertex 6.23868 8.45 12.4863
    endloop
  endfacet
  facet normal 0 1 0
    outer loop
      vertex 32 8.45 10
      vertex 30.5168 8.45 12.2839
      vertex 30.75 8.45 12.1651
    endloop
  endfacet
  facet normal 0 1 0
    outer loop
      vertex 6.23868 8.45 12.4863
      vertex 4 8.45 10
      vertex 5.98022 8.45 12.4454
    endloop
  endfacet
  facet normal 0 1 0
    outer loop
      vertex 32 8.45 10
      vertex 30.75 8.45 12.1651
      vertex 30.9695 8.45 12.0225
    endloop
  endfacet
  facet normal 0 1 0
    outer loop
      vertex 5.98022 8.45 12.4454
      vertex 4 8.45 10
      vertex 5.72746 8.45 12.3776
    endloop
  endfacet
  facet normal 0 1 0
    outer loop
      vertex 32 8.45 10
      vertex 30.9695 8.45 12.0225
      vertex 31.1728 8.45 11.8579
    endloop
  endfacet
  facet normal 0 1 0
    outer loop
      vertex 29.5 8.45 12.5
      vertex 32 8.45 10
      vertex 32 8.45 0
    endloop
  endfacet
  facet normal 0 1 0
    outer loop
      vertex 32 8.45 10
      vertex 31.1728 8.45 11.8579
      vertex 31.3579 8.45 11.6728
    endloop
  endfacet
  facet normal 0 1 0
    outer loop
      vertex 5.72746 8.45 12.3776
      vertex 4 8.45 10
      vertex 5.48316 8.45 12.2839
    endloop
  endfacet
  facet normal 0 1 0
    outer loop
      vertex 32 8.45 10
      vertex 31.3579 8.45 11.6728
      vertex 31.5225 8.45 11.4695
    endloop
  endfacet
  facet normal 0 1 0
    outer loop
      vertex 5.03054 8.45 12.0225
      vertex 4 8.45 10
      vertex 4.82717 8.45 11.8579
    endloop
  endfacet
  facet normal 0 1 0
    outer loop
      vertex 32 8.45 10
      vertex 31.5225 8.45 11.4695
      vertex 31.6651 8.45 11.25
    endloop
  endfacet
  facet normal 0 1 0
    outer loop
      vertex 4.82717 8.45 11.8579
      vertex 4 8.45 10
      vertex 4.64214 8.45 11.6728
    endloop
  endfacet
  facet normal 0 1 0
    outer loop
      vertex 32 8.45 10
      vertex 31.6651 8.45 11.25
      vertex 31.7839 8.45 11.0168
    endloop
  endfacet
  facet normal 0 1 0
    outer loop
      vertex 4.64214 8.45 11.6728
      vertex 4 8.45 10
      vertex 4.47746 8.45 11.4695
    endloop
  endfacet
  facet normal 0 1 0
    outer loop
      vertex 32 8.45 10
      vertex 31.7839 8.45 11.0168
      vertex 31.8776 8.45 10.7725
    endloop
  endfacet
  facet normal 0 1 0
    outer loop
      vertex 4.47746 8.45 11.4695
      vertex 4 8.45 10
      vertex 4.33494 8.45 11.25
    endloop
  endfacet
  facet normal 0 1 0
    outer loop
      vertex 32 8.45 10
      vertex 31.8776 8.45 10.7725
      vertex 31.9454 8.45 10.5198
    endloop
  endfacet
  facet normal 0 1 0
    outer loop
      vertex 4.33494 8.45 11.25
      vertex 4 8.45 10
      vertex 4.21614 8.45 11.0168
    endloop
  endfacet
  facet normal 0 1 0
    outer loop
      vertex 32 8.45 10
      vertex 31.9454 8.45 10.5198
      vertex 31.9863 8.45 10.2613
    endloop
  endfacet
  facet normal 0 1 0
    outer loop
      vertex 4.21614 8.45 11.0168
      vertex 4 8.45 10
      vertex 4.12236 8.45 10.7725
    endloop
  endfacet
  facet normal 0 1 0
    outer loop
      vertex 4.12236 8.45 10.7725
      vertex 4 8.45 10
      vertex 4.05463 8.45 10.5198
    endloop
  endfacet
  facet normal 0 1 0
    outer loop
      vertex 4.05463 8.45 10.5198
      vertex 4 8.45 10
      vertex 4.0137 8.45 10.2613
    endloop
  endfacet
  facet normal 0 1 0
    outer loop
      vertex 5.48316 8.45 12.2839
      vertex 4 8.45 10
      vertex 5.25 8.45 12.1651
    endloop
  endfacet
  facet normal 0 1 0
    outer loop
      vertex 5.25 8.45 12.1651
      vertex 4 8.45 10
      vertex 5.03054 8.45 12.0225
    endloop
  endfacet
  facet normal 0 0 -1
    outer loop
      vertex 4 -16.45 0
      vertex 32 8.45 0
      vertex 32 -16.45 0
    endloop
  endfacet
  facet normal -0 0 -1
    outer loop
      vertex 32 8.45 0
      vertex 4 -16.45 0
      vertex 4 8.45 0
    endloop
  endfacet
  facet normal 0 -1 0
    outer loop
      vertex 12.6495 -16.45 12.1006
      vertex 6.5 -16.45 20
      vertex 12.3312 -16.45 12.1511
    endloop
  endfacet
  facet normal 0 -1 0
    outer loop
      vertex 29.5 -16.45 20
      vertex 23.9906 -16.45 12.1679
      vertex 24 -16.45 12.1684
    endloop
  endfacet
  facet normal 0 -1 0
    outer loop
      vertex 12.6588 -16.45 12.0992
      vertex 6.5 -16.45 20
      vertex 12.6495 -16.45 12.1006
    endloop
  endfacet
  facet normal 0 -1 0
    outer loop
      vertex 29.5 -16.45 20
      vertex 23.6688 -16.45 12.1511
      vertex 23.9906 -16.45 12.1679
    endloop
  endfacet
  facet normal 0 -1 0
    outer loop
      vertex 12.97 -16.45 12.0158
      vertex 6.5 -16.45 20
      vertex 12.6588 -16.45 12.0992
    endloop
  endfacet
  facet normal 0 -1 0
    outer loop
      vertex 29.5 -16.45 20
      vertex 23.3505 -16.45 12.1006
      vertex 23.6688 -16.45 12.1511
    endloop
  endfacet
  facet normal 0 -1 0
    outer loop
      vertex 12.9791 -16.45 12.0133
      vertex 6.5 -16.45 20
      vertex 12.97 -16.45 12.0158
    endloop
  endfacet
  facet normal 0 -1 0
    outer loop
      vertex 29.5 -16.45 20
      vertex 23.3412 -16.45 12.0992
      vertex 23.3505 -16.45 12.1006
    endloop
  endfacet
  facet normal 0 -1 0
    outer loop
      vertex 12.9878 -16.45 12.01
      vertex 6.5 -16.45 20
      vertex 12.9791 -16.45 12.0133
    endloop
  endfacet
  facet normal 0 -1 0
    outer loop
      vertex 29.5 -16.45 20
      vertex 23.03 -16.45 12.0158
      vertex 23.3412 -16.45 12.0992
    endloop
  endfacet
  facet normal 0 -1 0
    outer loop
      vertex 13.2887 -16.45 11.8945
      vertex 6.5 -16.45 20
      vertex 12.9878 -16.45 12.01
    endloop
  endfacet
  facet normal 0 -1 0
    outer loop
      vertex 29.5 -16.45 20
      vertex 23.0209 -16.45 12.0133
      vertex 23.03 -16.45 12.0158
    endloop
  endfacet
  facet normal 0 -1 0
    outer loop
      vertex 6.5 -16.45 20
      vertex 13.2887 -16.45 11.8945
      vertex 29.5 -16.45 20
    endloop
  endfacet
  facet normal 0 -1 0
    outer loop
      vertex 29.5 -16.45 20
      vertex 23.0122 -16.45 12.01
      vertex 23.0209 -16.45 12.0133
    endloop
  endfacet
  facet normal 0 -1 0
    outer loop
      vertex 22.7113 -16.45 11.8945
      vertex 29.5 -16.45 20
      vertex 13.2887 -16.45 11.8945
    endloop
  endfacet
  facet normal 0 -1 0
    outer loop
      vertex 29.5 -16.45 20
      vertex 22.7113 -16.45 11.8945
      vertex 23.0122 -16.45 12.01
    endloop
  endfacet
  facet normal 0 -1 0
    outer loop
      vertex 13.5759 -16.45 11.7482
      vertex 22.7113 -16.45 11.8945
      vertex 13.2887 -16.45 11.8945
    endloop
  endfacet
  facet normal 0 -1 0
    outer loop
      vertex 13.5759 -16.45 11.7482
      vertex 22.4241 -16.45 11.7482
      vertex 22.7113 -16.45 11.8945
    endloop
  endfacet
  facet normal 0 -1 0
    outer loop
      vertex 13.5842 -16.45 11.7439
      vertex 22.4241 -16.45 11.7482
      vertex 13.5759 -16.45 11.7482
    endloop
  endfacet
  facet normal 0 -1 0
    outer loop
      vertex 13.5842 -16.45 11.7439
      vertex 22.4158 -16.45 11.7439
      vertex 22.4241 -16.45 11.7482
    endloop
  endfacet
  facet normal 0 -1 0
    outer loop
      vertex 13.5921 -16.45 11.7388
      vertex 22.4158 -16.45 11.7439
      vertex 13.5842 -16.45 11.7439
    endloop
  endfacet
  facet normal 0 -1 0
    outer loop
      vertex 13.5921 -16.45 11.7388
      vertex 22.4079 -16.45 11.7388
      vertex 22.4158 -16.45 11.7439
    endloop
  endfacet
  facet normal 0 -1 0
    outer loop
      vertex 13.8624 -16.45 11.5633
      vertex 22.4079 -16.45 11.7388
      vertex 13.5921 -16.45 11.7388
    endloop
  endfacet
  facet normal 0 -1 0
    outer loop
      vertex 13.8624 -16.45 11.5633
      vertex 22.1376 -16.45 11.5633
      vertex 22.4079 -16.45 11.7388
    endloop
  endfacet
  facet normal 0 -1 0
    outer loop
      vertex 13.8696 -16.45 11.5574
      vertex 22.1376 -16.45 11.5633
      vertex 13.8624 -16.45 11.5633
    endloop
  endfacet
  facet normal 0 -1 0
    outer loop
      vertex 13.8696 -16.45 11.5574
      vertex 22.1304 -16.45 11.5574
      vertex 22.1376 -16.45 11.5633
    endloop
  endfacet
  facet normal 0 -1 0
    outer loop
      vertex 14.1201 -16.45 11.3546
      vertex 22.1304 -16.45 11.5574
      vertex 13.8696 -16.45 11.5574
    endloop
  endfacet
  facet normal 0 -1 0
    outer loop
      vertex 14.1201 -16.45 11.3546
      vertex 21.8799 -16.45 11.3546
      vertex 22.1304 -16.45 11.5574
    endloop
  endfacet
  facet normal 0 -1 0
    outer loop
      vertex 14.3546 -16.45 11.1201
      vertex 21.8799 -16.45 11.3546
      vertex 14.1201 -16.45 11.3546
    endloop
  endfacet
  facet normal 0 -1 0
    outer loop
      vertex 14.3546 -16.45 11.1201
      vertex 21.6454 -16.45 11.1201
      vertex 21.8799 -16.45 11.3546
    endloop
  endfacet
  facet normal 0 -1 0
    outer loop
      vertex 14.5574 -16.45 10.8696
      vertex 21.6454 -16.45 11.1201
      vertex 14.3546 -16.45 11.1201
    endloop
  endfacet
  facet normal 0 -1 0
    outer loop
      vertex 14.5574 -16.45 10.8696
      vertex 21.4426 -16.45 10.8696
      vertex 21.6454 -16.45 11.1201
    endloop
  endfacet
  facet normal 0 -1 0
    outer loop
      vertex 14.5633 -16.45 10.8624
      vertex 21.4426 -16.45 10.8696
      vertex 14.5574 -16.45 10.8696
    endloop
  endfacet
  facet normal 0 -1 0
    outer loop
      vertex 14.5633 -16.45 10.8624
      vertex 21.4367 -16.45 10.8624
      vertex 21.4426 -16.45 10.8696
    endloop
  endfacet
  facet normal 0 -1 0
    outer loop
      vertex 14.7388 -16.45 10.5921
      vertex 21.4367 -16.45 10.8624
      vertex 14.5633 -16.45 10.8624
    endloop
  endfacet
  facet normal 0 -1 0
    outer loop
      vertex 14.7388 -16.45 10.5921
      vertex 21.2612 -16.45 10.5921
      vertex 21.4367 -16.45 10.8624
    endloop
  endfacet
  facet normal 0 -1 0
    outer loop
      vertex 14.7439 -16.45 10.5842
      vertex 21.2612 -16.45 10.5921
      vertex 14.7388 -16.45 10.5921
    endloop
  endfacet
  facet normal 0 -1 0
    outer loop
      vertex 14.7439 -16.45 10.5842
      vertex 21.2561 -16.45 10.5842
      vertex 21.2612 -16.45 10.5921
    endloop
  endfacet
  facet normal 0 -1 0
    outer loop
      vertex 14.7482 -16.45 10.5759
      vertex 21.2561 -16.45 10.5842
      vertex 14.7439 -16.45 10.5842
    endloop
  endfacet
  facet normal 0 -1 0
    outer loop
      vertex 14.7482 -16.45 10.5759
      vertex 21.2518 -16.45 10.5759
      vertex 21.2561 -16.45 10.5842
    endloop
  endfacet
  facet normal 0 -1 0
    outer loop
      vertex 14.8945 -16.45 10.2887
      vertex 21.2518 -16.45 10.5759
      vertex 14.7482 -16.45 10.5759
    endloop
  endfacet
  facet normal 0 -1 0
    outer loop
      vertex 14.8945 -16.45 10.2887
      vertex 21.1055 -16.45 10.2887
      vertex 21.2518 -16.45 10.5759
    endloop
  endfacet
  facet normal 0 -1 0
    outer loop
      vertex 15.01 -16.45 9.98784
      vertex 21.1055 -16.45 10.2887
      vertex 14.8945 -16.45 10.2887
    endloop
  endfacet
  facet normal 0 -1 0
    outer loop
      vertex 15.01 -16.45 9.98784
      vertex 20.99 -16.45 9.98784
      vertex 21.1055 -16.45 10.2887
    endloop
  endfacet
  facet normal 0 -1 0
    outer loop
      vertex 15.0133 -16.45 9.9791
      vertex 20.99 -16.45 9.98784
      vertex 15.01 -16.45 9.98784
    endloop
  endfacet
  facet normal 0 -1 0
    outer loop
      vertex 15.0133 -16.45 9.9791
      vertex 20.9867 -16.45 9.9791
      vertex 20.99 -16.45 9.98784
    endloop
  endfacet
  facet normal 0 -1 0
    outer loop
      vertex 15.0158 -16.45 9.97005
      vertex 20.9867 -16.45 9.9791
      vertex 15.0133 -16.45 9.9791
    endloop
  endfacet
  facet normal 0 -1 0
    outer loop
      vertex 15.0158 -16.45 9.97005
      vertex 20.9842 -16.45 9.97005
      vertex 20.9867 -16.45 9.9791
    endloop
  endfacet
  facet normal 0 -1 0
    outer loop
      vertex 15.0992 -16.45 9.65875
      vertex 20.9842 -16.45 9.97005
      vertex 15.0158 -16.45 9.97005
    endloop
  endfacet
  facet normal 0 -1 0
    outer loop
      vertex 15.0992 -16.45 9.65875
      vertex 20.9008 -16.45 9.65875
      vertex 20.9842 -16.45 9.97005
    endloop
  endfacet
  facet normal 0 -1 0
    outer loop
      vertex 15.1006 -16.45 9.6495
      vertex 20.9008 -16.45 9.65875
      vertex 15.0992 -16.45 9.65875
    endloop
  endfacet
  facet normal 0 -1 0
    outer loop
      vertex 15.1006 -16.45 9.6495
      vertex 20.8994 -16.45 9.6495
      vertex 20.9008 -16.45 9.65875
    endloop
  endfacet
  facet normal 0 -1 0
    outer loop
      vertex 15.1511 -16.45 9.33119
      vertex 20.8994 -16.45 9.6495
      vertex 15.1006 -16.45 9.6495
    endloop
  endfacet
  facet normal 0 -1 0
    outer loop
      vertex 15.1511 -16.45 9.33119
      vertex 20.8489 -16.45 9.33119
      vertex 20.8994 -16.45 9.6495
    endloop
  endfacet
  facet normal 0 -1 0
    outer loop
      vertex 15.1679 -16.45 9.00935
      vertex 20.8489 -16.45 9.33119
      vertex 15.1511 -16.45 9.33119
    endloop
  endfacet
  facet normal 0 -1 0
    outer loop
      vertex 15.1679 -16.45 9.00935
      vertex 20.8321 -16.45 9.00935
      vertex 20.8489 -16.45 9.33119
    endloop
  endfacet
  facet normal 0 -1 0
    outer loop
      vertex 15.1684 -16.45 9
      vertex 20.8321 -16.45 9.00935
      vertex 15.1679 -16.45 9.00935
    endloop
  endfacet
  facet normal 0 -1 0
    outer loop
      vertex 15.1684 -16.45 9
      vertex 20.8316 -16.45 9
      vertex 20.8321 -16.45 9.00935
    endloop
  endfacet
  facet normal 0 -1 0
    outer loop
      vertex 15.1679 -16.45 8.99065
      vertex 20.8316 -16.45 9
      vertex 15.1684 -16.45 9
    endloop
  endfacet
  facet normal 0 -1 0
    outer loop
      vertex 15.1679 -16.45 8.99065
      vertex 20.8321 -16.45 8.99065
      vertex 20.8316 -16.45 9
    endloop
  endfacet
  facet normal 0 -1 0
    outer loop
      vertex 15.1511 -16.45 8.66881
      vertex 20.8321 -16.45 8.99065
      vertex 15.1679 -16.45 8.99065
    endloop
  endfacet
  facet normal 0 -1 0
    outer loop
      vertex 15.1511 -16.45 8.66881
      vertex 20.8489 -16.45 8.66881
      vertex 20.8321 -16.45 8.99065
    endloop
  endfacet
  facet normal 0 -1 0
    outer loop
      vertex 15.1006 -16.45 8.3505
      vertex 20.8489 -16.45 8.66881
      vertex 15.1511 -16.45 8.66881
    endloop
  endfacet
  facet normal 0 -1 0
    outer loop
      vertex 15.1006 -16.45 8.3505
      vertex 20.8994 -16.45 8.3505
      vertex 20.8489 -16.45 8.66881
    endloop
  endfacet
  facet normal 0 -1 0
    outer loop
      vertex 15.0992 -16.45 8.34125
      vertex 20.8994 -16.45 8.3505
      vertex 15.1006 -16.45 8.3505
    endloop
  endfacet
  facet normal 0 -1 0
    outer loop
      vertex 15.0992 -16.45 8.34125
      vertex 20.9008 -16.45 8.34125
      vertex 20.8994 -16.45 8.3505
    endloop
  endfacet
  facet normal 0 -1 0
    outer loop
      vertex 15.0158 -16.45 8.02995
      vertex 20.9008 -16.45 8.34125
      vertex 15.0992 -16.45 8.34125
    endloop
  endfacet
  facet normal 0 -1 0
    outer loop
      vertex 15.0158 -16.45 8.02995
      vertex 20.9842 -16.45 8.02995
      vertex 20.9008 -16.45 8.34125
    endloop
  endfacet
  facet normal 0 -1 0
    outer loop
      vertex 15.0133 -16.45 8.0209
      vertex 20.9842 -16.45 8.02995
      vertex 15.0158 -16.45 8.02995
    endloop
  endfacet
  facet normal 0 -1 0
    outer loop
      vertex 15.0133 -16.45 8.0209
      vertex 20.9867 -16.45 8.0209
      vertex 20.9842 -16.45 8.02995
    endloop
  endfacet
  facet normal 0 -1 0
    outer loop
      vertex 15.01 -16.45 8.01216
      vertex 20.9867 -16.45 8.0209
      vertex 15.0133 -16.45 8.0209
    endloop
  endfacet
  facet normal 0 -1 0
    outer loop
      vertex 15.01 -16.45 8.01216
      vertex 20.99 -16.45 8.01216
      vertex 20.9867 -16.45 8.0209
    endloop
  endfacet
  facet normal 0 -1 0
    outer loop
      vertex 14.8945 -16.45 7.71129
      vertex 20.99 -16.45 8.01216
      vertex 15.01 -16.45 8.01216
    endloop
  endfacet
  facet normal 0 -1 0
    outer loop
      vertex 14.8945 -16.45 7.71129
      vertex 21.1055 -16.45 7.71129
      vertex 20.99 -16.45 8.01216
    endloop
  endfacet
  facet normal 0 -1 0
    outer loop
      vertex 14.7482 -16.45 7.42413
      vertex 21.1055 -16.45 7.71129
      vertex 14.8945 -16.45 7.71129
    endloop
  endfacet
  facet normal 0 -1 0
    outer loop
      vertex 14.7482 -16.45 7.42413
      vertex 21.2518 -16.45 7.42413
      vertex 21.1055 -16.45 7.71129
    endloop
  endfacet
  facet normal 0 -1 0
    outer loop
      vertex 14.7439 -16.45 7.41579
      vertex 21.2518 -16.45 7.42413
      vertex 14.7482 -16.45 7.42413
    endloop
  endfacet
  facet normal 0 -1 0
    outer loop
      vertex 14.7439 -16.45 7.41579
      vertex 21.2561 -16.45 7.41579
      vertex 21.2518 -16.45 7.42413
    endloop
  endfacet
  facet normal 0 -1 0
    outer loop
      vertex 14.7388 -16.45 7.40794
      vertex 21.2561 -16.45 7.41579
      vertex 14.7439 -16.45 7.41579
    endloop
  endfacet
  facet normal 0 -1 0
    outer loop
      vertex 14.7388 -16.45 7.40794
      vertex 21.2612 -16.45 7.40794
      vertex 21.2561 -16.45 7.41579
    endloop
  endfacet
  facet normal 0 -1 0
    outer loop
      vertex 14.5633 -16.45 7.13765
      vertex 21.2612 -16.45 7.40794
      vertex 14.7388 -16.45 7.40794
    endloop
  endfacet
  facet normal 0 -1 0
    outer loop
      vertex 14.5633 -16.45 7.13765
      vertex 21.4367 -16.45 7.13765
      vertex 21.2612 -16.45 7.40794
    endloop
  endfacet
  facet normal 0 -1 0
    outer loop
      vertex 14.5574 -16.45 7.13037
      vertex 21.4367 -16.45 7.13765
      vertex 14.5633 -16.45 7.13765
    endloop
  endfacet
  facet normal 0 -1 0
    outer loop
      vertex 14.5574 -16.45 7.13037
      vertex 21.4426 -16.45 7.13037
      vertex 21.4367 -16.45 7.13765
    endloop
  endfacet
  facet normal 0 -1 0
    outer loop
      vertex 14.3546 -16.45 6.87991
      vertex 21.4426 -16.45 7.13037
      vertex 14.5574 -16.45 7.13037
    endloop
  endfacet
  facet normal 0 -1 0
    outer loop
      vertex 14.3546 -16.45 6.87991
      vertex 21.6454 -16.45 6.87991
      vertex 21.4426 -16.45 7.13037
    endloop
  endfacet
  facet normal 0 -1 0
    outer loop
      vertex 14.1201 -16.45 6.6454
      vertex 21.6454 -16.45 6.87991
      vertex 14.3546 -16.45 6.87991
    endloop
  endfacet
  facet normal 0 -1 0
    outer loop
      vertex 14.1201 -16.45 6.6454
      vertex 21.8799 -16.45 6.6454
      vertex 21.6454 -16.45 6.87991
    endloop
  endfacet
  facet normal 0 -1 0
    outer loop
      vertex 13.8696 -16.45 6.44259
      vertex 21.8799 -16.45 6.6454
      vertex 14.1201 -16.45 6.6454
    endloop
  endfacet
  facet normal 0 -1 0
    outer loop
      vertex 13.8696 -16.45 6.44259
      vertex 22.1304 -16.45 6.44259
      vertex 21.8799 -16.45 6.6454
    endloop
  endfacet
  facet normal 0 -1 0
    outer loop
      vertex 13.8624 -16.45 6.43669
      vertex 22.1304 -16.45 6.44259
      vertex 13.8696 -16.45 6.44259
    endloop
  endfacet
  facet normal 0 -1 0
    outer loop
      vertex 13.8624 -16.45 6.43669
      vertex 22.1376 -16.45 6.43669
      vertex 22.1304 -16.45 6.44259
    endloop
  endfacet
  facet normal 0 -1 0
    outer loop
      vertex 13.5921 -16.45 6.26117
      vertex 22.1376 -16.45 6.43669
      vertex 13.8624 -16.45 6.43669
    endloop
  endfacet
  facet normal 0 -1 0
    outer loop
      vertex 13.5921 -16.45 6.26117
      vertex 22.4079 -16.45 6.26117
      vertex 22.1376 -16.45 6.43669
    endloop
  endfacet
  facet normal 0 -1 0
    outer loop
      vertex 13.5842 -16.45 6.25607
      vertex 22.4079 -16.45 6.26117
      vertex 13.5921 -16.45 6.26117
    endloop
  endfacet
  facet normal 0 -1 0
    outer loop
      vertex 13.5842 -16.45 6.25607
      vertex 22.4158 -16.45 6.25607
      vertex 22.4079 -16.45 6.26117
    endloop
  endfacet
  facet normal 0 -1 0
    outer loop
      vertex 13.5759 -16.45 6.25182
      vertex 22.4158 -16.45 6.25607
      vertex 13.5842 -16.45 6.25607
    endloop
  endfacet
  facet normal 0 -1 0
    outer loop
      vertex 13.5759 -16.45 6.25182
      vertex 22.4241 -16.45 6.25182
      vertex 22.4158 -16.45 6.25607
    endloop
  endfacet
  facet normal 0 -1 0
    outer loop
      vertex 13.2887 -16.45 6.1055
      vertex 22.4241 -16.45 6.25182
      vertex 13.5759 -16.45 6.25182
    endloop
  endfacet
  facet normal 0 -1 0
    outer loop
      vertex 13.2887 -16.45 6.1055
      vertex 22.7113 -16.45 6.1055
      vertex 22.4241 -16.45 6.25182
    endloop
  endfacet
  facet normal 0 -1 0
    outer loop
      vertex 12.9878 -16.45 5.99001
      vertex 22.7113 -16.45 6.1055
      vertex 13.2887 -16.45 6.1055
    endloop
  endfacet
  facet normal 0 -1 0
    outer loop
      vertex 12.9878 -16.45 5.99001
      vertex 23.0122 -16.45 5.99001
      vertex 22.7113 -16.45 6.1055
    endloop
  endfacet
  facet normal 0 -1 0
    outer loop
      vertex 12.9791 -16.45 5.98665
      vertex 23.0122 -16.45 5.99001
      vertex 12.9878 -16.45 5.99001
    endloop
  endfacet
  facet normal 0 -1 0
    outer loop
      vertex 12.9791 -16.45 5.98665
      vertex 23.0209 -16.45 5.98665
      vertex 23.0122 -16.45 5.99001
    endloop
  endfacet
  facet normal 0 -1 0
    outer loop
      vertex 4 -16.45 0
      vertex 12.9791 -16.45 5.98665
      vertex 12.97 -16.45 5.98423
    endloop
  endfacet
  facet normal 0 -1 -0
    outer loop
      vertex 12.9791 -16.45 5.98665
      vertex 4 -16.45 0
      vertex 23.0209 -16.45 5.98665
    endloop
  endfacet
  facet normal 0 -1 0
    outer loop
      vertex 4 -16.45 0
      vertex 12.97 -16.45 5.98423
      vertex 12.6588 -16.45 5.90082
    endloop
  endfacet
  facet normal 0 -1 0
    outer loop
      vertex 32 -16.45 0
      vertex 23.0209 -16.45 5.98665
      vertex 4 -16.45 0
    endloop
  endfacet
  facet normal 0 -1 0
    outer loop
      vertex 4 -16.45 0
      vertex 12.6588 -16.45 5.90082
      vertex 12.6495 -16.45 5.89935
    endloop
  endfacet
  facet normal 0 -1 0
    outer loop
      vertex 23.0209 -16.45 5.98665
      vertex 32 -16.45 0
      vertex 23.03 -16.45 5.98423
    endloop
  endfacet
  facet normal 0 -1 0
    outer loop
      vertex 4 -16.45 0
      vertex 12.6495 -16.45 5.89935
      vertex 12.3312 -16.45 5.84894
    endloop
  endfacet
  facet normal 0 -1 0
    outer loop
      vertex 23.03 -16.45 5.98423
      vertex 32 -16.45 0
      vertex 23.3412 -16.45 5.90082
    endloop
  endfacet
  facet normal 0 -1 0
    outer loop
      vertex 4 -16.45 0
      vertex 12.3312 -16.45 5.84894
      vertex 12.0094 -16.45 5.83207
    endloop
  endfacet
  facet normal 0 -1 0
    outer loop
      vertex 23.3412 -16.45 5.90082
      vertex 32 -16.45 0
      vertex 23.3505 -16.45 5.89935
    endloop
  endfacet
  facet normal 0 -1 0
    outer loop
      vertex 4 -16.45 0
      vertex 12.0094 -16.45 5.83207
      vertex 12 -16.45 5.83158
    endloop
  endfacet
  facet normal 0 -1 0
    outer loop
      vertex 23.3505 -16.45 5.89935
      vertex 32 -16.45 0
      vertex 23.6688 -16.45 5.84894
    endloop
  endfacet
  facet normal 0 -1 0
    outer loop
      vertex 4 -16.45 17.5
      vertex 6.5 -16.45 20
      vertex 6.23868 -16.45 19.9863
    endloop
  endfacet
  facet normal 0 -1 0
    outer loop
      vertex 12.0094 -16.45 12.1679
      vertex 6.5 -16.45 20
      vertex 12 -16.45 12.1684
    endloop
  endfacet
  facet normal 0 -1 0
    outer loop
      vertex 4 -16.45 17.5
      vertex 6.23868 -16.45 19.9863
      vertex 5.98022 -16.45 19.9454
    endloop
  endfacet
  facet normal 0 -1 0
    outer loop
      vertex 12.3312 -16.45 12.1511
      vertex 6.5 -16.45 20
      vertex 12.0094 -16.45 12.1679
    endloop
  endfacet
  facet normal 0 -1 0
    outer loop
      vertex 4 -16.45 17.5
      vertex 5.98022 -16.45 19.9454
      vertex 5.72746 -16.45 19.8776
    endloop
  endfacet
  facet normal 0 -1 0
    outer loop
      vertex 24.0094 -16.45 12.1679
      vertex 29.5 -16.45 20
      vertex 24 -16.45 12.1684
    endloop
  endfacet
  facet normal 0 -1 0
    outer loop
      vertex 4 -16.45 17.5
      vertex 5.72746 -16.45 19.8776
      vertex 5.48316 -16.45 19.7839
    endloop
  endfacet
  facet normal 0 -1 0
    outer loop
      vertex 24.3312 -16.45 12.1511
      vertex 29.5 -16.45 20
      vertex 24.0094 -16.45 12.1679
    endloop
  endfacet
  facet normal 0 -1 0
    outer loop
      vertex 4 -16.45 17.5
      vertex 5.48316 -16.45 19.7839
      vertex 5.25 -16.45 19.6651
    endloop
  endfacet
  facet normal 0 -1 0
    outer loop
      vertex 24.6495 -16.45 12.1006
      vertex 29.5 -16.45 20
      vertex 24.3312 -16.45 12.1511
    endloop
  endfacet
  facet normal 0 -1 0
    outer loop
      vertex 4 -16.45 17.5
      vertex 5.25 -16.45 19.6651
      vertex 5.03054 -16.45 19.5225
    endloop
  endfacet
  facet normal 0 -1 0
    outer loop
      vertex 24.6588 -16.45 12.0992
      vertex 29.5 -16.45 20
      vertex 24.6495 -16.45 12.1006
    endloop
  endfacet
  facet normal 0 -1 0
    outer loop
      vertex 4 -16.45 17.5
      vertex 5.03054 -16.45 19.5225
      vertex 4.82717 -16.45 19.3579
    endloop
  endfacet
  facet normal 0 -1 0
    outer loop
      vertex 24.97 -16.45 12.0158
      vertex 29.5 -16.45 20
      vertex 24.6588 -16.45 12.0992
    endloop
  endfacet
  facet normal 0 -1 0
    outer loop
      vertex 4 -16.45 17.5
      vertex 4.82717 -16.45 19.3579
      vertex 4.64214 -16.45 19.1728
    endloop
  endfacet
  facet normal 0 -1 0
    outer loop
      vertex 24.9791 -16.45 12.0133
      vertex 29.5 -16.45 20
      vertex 24.97 -16.45 12.0158
    endloop
  endfacet
  facet normal 0 -1 0
    outer loop
      vertex 4 -16.45 17.5
      vertex 4.64214 -16.45 19.1728
      vertex 4.47746 -16.45 18.9695
    endloop
  endfacet
  facet normal 0 -1 0
    outer loop
      vertex 24.9878 -16.45 12.01
      vertex 29.5 -16.45 20
      vertex 24.9791 -16.45 12.0133
    endloop
  endfacet
  facet normal 0 -1 0
    outer loop
      vertex 4 -16.45 17.5
      vertex 4.47746 -16.45 18.9695
      vertex 4.33494 -16.45 18.75
    endloop
  endfacet
  facet normal 0 -1 0
    outer loop
      vertex 25.2887 -16.45 11.8945
      vertex 29.5 -16.45 20
      vertex 24.9878 -16.45 12.01
    endloop
  endfacet
  facet normal 0 -1 0
    outer loop
      vertex 4 -16.45 17.5
      vertex 4.33494 -16.45 18.75
      vertex 4.21614 -16.45 18.5168
    endloop
  endfacet
  facet normal 0 -1 0
    outer loop
      vertex 25.5759 -16.45 11.7482
      vertex 29.5 -16.45 20
      vertex 25.2887 -16.45 11.8945
    endloop
  endfacet
  facet normal 0 -1 0
    outer loop
      vertex 4 -16.45 17.5
      vertex 4.21614 -16.45 18.5168
      vertex 4.12236 -16.45 18.2725
    endloop
  endfacet
  facet normal 0 -1 0
    outer loop
      vertex 25.5842 -16.45 11.7439
      vertex 29.5 -16.45 20
      vertex 25.5759 -16.45 11.7482
    endloop
  endfacet
  facet normal 0 -1 0
    outer loop
      vertex 4 -16.45 17.5
      vertex 4.12236 -16.45 18.2725
      vertex 4.05463 -16.45 18.0198
    endloop
  endfacet
  facet normal 0 -1 0
    outer loop
      vertex 29.5 -16.45 20
      vertex 32 -16.45 17.5
      vertex 29.7613 -16.45 19.9863
    endloop
  endfacet
  facet normal 0 -1 0
    outer loop
      vertex 4 -16.45 17.5
      vertex 4.05463 -16.45 18.0198
      vertex 4.0137 -16.45 17.7613
    endloop
  endfacet
  facet normal 0 -1 0
    outer loop
      vertex 30.0198 -16.45 19.9454
      vertex 32 -16.45 17.5
      vertex 30.2725 -16.45 19.8776
    endloop
  endfacet
  facet normal 0 -1 0
    outer loop
      vertex 10.4158 -16.45 11.7439
      vertex 6.5 -16.45 20
      vertex 4 -16.45 17.5
    endloop
  endfacet
  facet normal 0 -1 0
    outer loop
      vertex 30.2725 -16.45 19.8776
      vertex 32 -16.45 17.5
      vertex 30.5168 -16.45 19.7839
    endloop
  endfacet
  facet normal 0 -1 0
    outer loop
      vertex 30.5168 -16.45 19.7839
      vertex 32 -16.45 17.5
      vertex 30.75 -16.45 19.6651
    endloop
  endfacet
  facet normal 0 -1 0
    outer loop
      vertex 6.5 -16.45 20
      vertex 11.9906 -16.45 12.1679
      vertex 12 -16.45 12.1684
    endloop
  endfacet
  facet normal 0 -1 0
    outer loop
      vertex 6.5 -16.45 20
      vertex 11.6688 -16.45 12.1511
      vertex 11.9906 -16.45 12.1679
    endloop
  endfacet
  facet normal 0 -1 0
    outer loop
      vertex 6.5 -16.45 20
      vertex 11.3505 -16.45 12.1006
      vertex 11.6688 -16.45 12.1511
    endloop
  endfacet
  facet normal 0 -1 0
    outer loop
      vertex 6.5 -16.45 20
      vertex 11.3412 -16.45 12.0992
      vertex 11.3505 -16.45 12.1006
    endloop
  endfacet
  facet normal 0 -1 0
    outer loop
      vertex 6.5 -16.45 20
      vertex 11.03 -16.45 12.0158
      vertex 11.3412 -16.45 12.0992
    endloop
  endfacet
  facet normal 0 -1 0
    outer loop
      vertex 6.5 -16.45 20
      vertex 11.0209 -16.45 12.0133
      vertex 11.03 -16.45 12.0158
    endloop
  endfacet
  facet normal 0 -1 0
    outer loop
      vertex 6.5 -16.45 20
      vertex 11.0122 -16.45 12.01
      vertex 11.0209 -16.45 12.0133
    endloop
  endfacet
  facet normal 0 -1 0
    outer loop
      vertex 6.5 -16.45 20
      vertex 10.7113 -16.45 11.8945
      vertex 11.0122 -16.45 12.01
    endloop
  endfacet
  facet normal 0 -1 0
    outer loop
      vertex 6.5 -16.45 20
      vertex 10.4241 -16.45 11.7482
      vertex 10.7113 -16.45 11.8945
    endloop
  endfacet
  facet normal 0 -1 0
    outer loop
      vertex 6.5 -16.45 20
      vertex 10.4158 -16.45 11.7439
      vertex 10.4241 -16.45 11.7482
    endloop
  endfacet
  facet normal 0 -1 0
    outer loop
      vertex 4 -16.45 17.5
      vertex 10.4079 -16.45 11.7388
      vertex 10.4158 -16.45 11.7439
    endloop
  endfacet
  facet normal 0 -1 0
    outer loop
      vertex 4 -16.45 17.5
      vertex 10.1376 -16.45 11.5633
      vertex 10.4079 -16.45 11.7388
    endloop
  endfacet
  facet normal 0 -1 0
    outer loop
      vertex 4 -16.45 17.5
      vertex 10.1304 -16.45 11.5574
      vertex 10.1376 -16.45 11.5633
    endloop
  endfacet
  facet normal 0 -1 0
    outer loop
      vertex 4 -16.45 17.5
      vertex 9.87991 -16.45 11.3546
      vertex 10.1304 -16.45 11.5574
    endloop
  endfacet
  facet normal 0 -1 0
    outer loop
      vertex 4 -16.45 17.5
      vertex 9.6454 -16.45 11.1201
      vertex 9.87991 -16.45 11.3546
    endloop
  endfacet
  facet normal 0 -1 0
    outer loop
      vertex 4 -16.45 17.5
      vertex 9.44259 -16.45 10.8696
      vertex 9.6454 -16.45 11.1201
    endloop
  endfacet
  facet normal 0 -1 0
    outer loop
      vertex 4 -16.45 17.5
      vertex 9.43669 -16.45 10.8624
      vertex 9.44259 -16.45 10.8696
    endloop
  endfacet
  facet normal 0 -1 0
    outer loop
      vertex 4 -16.45 17.5
      vertex 9.26117 -16.45 10.5921
      vertex 9.43669 -16.45 10.8624
    endloop
  endfacet
  facet normal 0 -1 0
    outer loop
      vertex 4 -16.45 17.5
      vertex 9.25607 -16.45 10.5842
      vertex 9.26117 -16.45 10.5921
    endloop
  endfacet
  facet normal 0 -1 0
    outer loop
      vertex 4 -16.45 17.5
      vertex 9.25182 -16.45 10.5759
      vertex 9.25607 -16.45 10.5842
    endloop
  endfacet
  facet normal 0 -1 0
    outer loop
      vertex 4 -16.45 17.5
      vertex 9.1055 -16.45 10.2887
      vertex 9.25182 -16.45 10.5759
    endloop
  endfacet
  facet normal 0 -1 0
    outer loop
      vertex 4 -16.45 17.5
      vertex 8.99001 -16.45 9.98784
      vertex 9.1055 -16.45 10.2887
    endloop
  endfacet
  facet normal 0 -1 0
    outer loop
      vertex 4 -16.45 17.5
      vertex 8.98665 -16.45 9.9791
      vertex 8.99001 -16.45 9.98784
    endloop
  endfacet
  facet normal 0 -1 0
    outer loop
      vertex 4 -16.45 17.5
      vertex 8.98423 -16.45 9.97005
      vertex 8.98665 -16.45 9.9791
    endloop
  endfacet
  facet normal 0 -1 0
    outer loop
      vertex 4 -16.45 17.5
      vertex 8.90082 -16.45 9.65875
      vertex 8.98423 -16.45 9.97005
    endloop
  endfacet
  facet normal 0 -1 0
    outer loop
      vertex 4 -16.45 17.5
      vertex 8.89935 -16.45 9.6495
      vertex 8.90082 -16.45 9.65875
    endloop
  endfacet
  facet normal 0 -1 0
    outer loop
      vertex 4 -16.45 17.5
      vertex 8.84894 -16.45 9.33119
      vertex 8.89935 -16.45 9.6495
    endloop
  endfacet
  facet normal 0 -1 0
    outer loop
      vertex 4 -16.45 17.5
      vertex 8.83207 -16.45 9.00935
      vertex 8.84894 -16.45 9.33119
    endloop
  endfacet
  facet normal 0 -1 0
    outer loop
      vertex 4 -16.45 17.5
      vertex 8.83158 -16.45 9
      vertex 8.83207 -16.45 9.00935
    endloop
  endfacet
  facet normal 0 -1 0
    outer loop
      vertex 4 -16.45 0
      vertex 8.83158 -16.45 9
      vertex 4 -16.45 17.5
    endloop
  endfacet
  facet normal 0 -1 -0
    outer loop
      vertex 8.83158 -16.45 9
      vertex 4 -16.45 0
      vertex 8.83207 -16.45 8.99065
    endloop
  endfacet
  facet normal 0 -1 -0
    outer loop
      vertex 8.83207 -16.45 8.99065
      vertex 4 -16.45 0
      vertex 8.84894 -16.45 8.66881
    endloop
  endfacet
  facet normal 0 -1 -0
    outer loop
      vertex 8.84894 -16.45 8.66881
      vertex 4 -16.45 0
      vertex 8.89935 -16.45 8.3505
    endloop
  endfacet
  facet normal 0 -1 -0
    outer loop
      vertex 8.89935 -16.45 8.3505
      vertex 4 -16.45 0
      vertex 8.90082 -16.45 8.34125
    endloop
  endfacet
  facet normal 0 -1 -0
    outer loop
      vertex 8.90082 -16.45 8.34125
      vertex 4 -16.45 0
      vertex 8.98423 -16.45 8.02995
    endloop
  endfacet
  facet normal 0 -1 -0
    outer loop
      vertex 8.98423 -16.45 8.02995
      vertex 4 -16.45 0
      vertex 8.98665 -16.45 8.0209
    endloop
  endfacet
  facet normal 0 -1 -0
    outer loop
      vertex 8.98665 -16.45 8.0209
      vertex 4 -16.45 0
      vertex 8.99001 -16.45 8.01216
    endloop
  endfacet
  facet normal 0 -1 -0
    outer loop
      vertex 8.99001 -16.45 8.01216
      vertex 4 -16.45 0
      vertex 9.1055 -16.45 7.71129
    endloop
  endfacet
  facet normal 0 -1 -0
    outer loop
      vertex 9.1055 -16.45 7.71129
      vertex 4 -16.45 0
      vertex 9.25182 -16.45 7.42413
    endloop
  endfacet
  facet normal 0 -1 0
    outer loop
      vertex 4 -16.45 0
      vertex 9.26117 -16.45 7.40794
      vertex 9.25607 -16.45 7.41579
    endloop
  endfacet
  facet normal 0 -1 0
    outer loop
      vertex 4 -16.45 0
      vertex 9.44259 -16.45 7.13037
      vertex 9.43669 -16.45 7.13765
    endloop
  endfacet
  facet normal 0 -1 0
    outer loop
      vertex 4 -16.45 0
      vertex 11.0122 -16.45 5.99001
      vertex 10.7113 -16.45 6.1055
    endloop
  endfacet
  facet normal 0 -1 0
    outer loop
      vertex 4 -16.45 0
      vertex 11.03 -16.45 5.98423
      vertex 11.0209 -16.45 5.98665
    endloop
  endfacet
  facet normal 0 -1 0
    outer loop
      vertex 23.6688 -16.45 5.84894
      vertex 32 -16.45 0
      vertex 23.9906 -16.45 5.83207
    endloop
  endfacet
  facet normal 0 -1 -0
    outer loop
      vertex 11.9906 -16.45 5.83207
      vertex 4 -16.45 0
      vertex 12 -16.45 5.83158
    endloop
  endfacet
  facet normal 0 -1 -0
    outer loop
      vertex 11.6688 -16.45 5.84894
      vertex 4 -16.45 0
      vertex 11.9906 -16.45 5.83207
    endloop
  endfacet
  facet normal 0 -1 -0
    outer loop
      vertex 11.3505 -16.45 5.89935
      vertex 4 -16.45 0
      vertex 11.6688 -16.45 5.84894
    endloop
  endfacet
  facet normal 0 -1 -0
    outer loop
      vertex 11.3412 -16.45 5.90082
      vertex 4 -16.45 0
      vertex 11.3505 -16.45 5.89935
    endloop
  endfacet
  facet normal 0 -1 -0
    outer loop
      vertex 11.03 -16.45 5.98423
      vertex 4 -16.45 0
      vertex 11.3412 -16.45 5.90082
    endloop
  endfacet
  facet normal 0 -1 -0
    outer loop
      vertex 11.0122 -16.45 5.99001
      vertex 4 -16.45 0
      vertex 11.0209 -16.45 5.98665
    endloop
  endfacet
  facet normal 0 -1 -0
    outer loop
      vertex 10.4241 -16.45 6.25182
      vertex 4 -16.45 0
      vertex 10.7113 -16.45 6.1055
    endloop
  endfacet
  facet normal 0 -1 -0
    outer loop
      vertex 10.4158 -16.45 6.25607
      vertex 4 -16.45 0
      vertex 10.4241 -16.45 6.25182
    endloop
  endfacet
  facet normal 0 -1 -0
    outer loop
      vertex 10.4079 -16.45 6.26117
      vertex 4 -16.45 0
      vertex 10.4158 -16.45 6.25607
    endloop
  endfacet
  facet normal 0 -1 -0
    outer loop
      vertex 10.1376 -16.45 6.43669
      vertex 4 -16.45 0
      vertex 10.4079 -16.45 6.26117
    endloop
  endfacet
  facet normal 0 -1 -0
    outer loop
      vertex 10.1304 -16.45 6.44259
      vertex 4 -16.45 0
      vertex 10.1376 -16.45 6.43669
    endloop
  endfacet
  facet normal 0 -1 -0
    outer loop
      vertex 9.87991 -16.45 6.6454
      vertex 4 -16.45 0
      vertex 10.1304 -16.45 6.44259
    endloop
  endfacet
  facet normal 0 -1 -0
    outer loop
      vertex 9.6454 -16.45 6.87991
      vertex 4 -16.45 0
      vertex 9.87991 -16.45 6.6454
    endloop
  endfacet
  facet normal 0 -1 -0
    outer loop
      vertex 9.44259 -16.45 7.13037
      vertex 4 -16.45 0
      vertex 9.6454 -16.45 6.87991
    endloop
  endfacet
  facet normal 0 -1 -0
    outer loop
      vertex 9.26117 -16.45 7.40794
      vertex 4 -16.45 0
      vertex 9.43669 -16.45 7.13765
    endloop
  endfacet
  facet normal 0 -1 -0
    outer loop
      vertex 9.25182 -16.45 7.42413
      vertex 4 -16.45 0
      vertex 9.25607 -16.45 7.41579
    endloop
  endfacet
  facet normal 0 -1 0
    outer loop
      vertex 30.75 -16.45 19.6651
      vertex 32 -16.45 17.5
      vertex 30.9695 -16.45 19.5225
    endloop
  endfacet
  facet normal 0 -1 0
    outer loop
      vertex 30.9695 -16.45 19.5225
      vertex 32 -16.45 17.5
      vertex 31.1728 -16.45 19.3579
    endloop
  endfacet
  facet normal 0 -1 0
    outer loop
      vertex 31.3579 -16.45 19.1728
      vertex 32 -16.45 17.5
      vertex 31.5225 -16.45 18.9695
    endloop
  endfacet
  facet normal 0 -1 0
    outer loop
      vertex 31.6651 -16.45 18.75
      vertex 32 -16.45 17.5
      vertex 31.7839 -16.45 18.5168
    endloop
  endfacet
  facet normal 0 -1 0
    outer loop
      vertex 31.7839 -16.45 18.5168
      vertex 32 -16.45 17.5
      vertex 31.8776 -16.45 18.2725
    endloop
  endfacet
  facet normal 0 -1 0
    outer loop
      vertex 31.8776 -16.45 18.2725
      vertex 32 -16.45 17.5
      vertex 31.9454 -16.45 18.0198
    endloop
  endfacet
  facet normal 0 -1 0
    outer loop
      vertex 31.9454 -16.45 18.0198
      vertex 32 -16.45 17.5
      vertex 31.9863 -16.45 17.7613
    endloop
  endfacet
  facet normal 0 -1 0
    outer loop
      vertex 31.5225 -16.45 18.9695
      vertex 32 -16.45 17.5
      vertex 31.6651 -16.45 18.75
    endloop
  endfacet
  facet normal 0 -1 0
    outer loop
      vertex 31.1728 -16.45 19.3579
      vertex 32 -16.45 17.5
      vertex 31.3579 -16.45 19.1728
    endloop
  endfacet
  facet normal 0 -1 0
    outer loop
      vertex 29.7613 -16.45 19.9863
      vertex 32 -16.45 17.5
      vertex 30.0198 -16.45 19.9454
    endloop
  endfacet
  facet normal 0 -1 -0
    outer loop
      vertex 29.5 -16.45 20
      vertex 25.5842 -16.45 11.7439
      vertex 32 -16.45 17.5
    endloop
  endfacet
  facet normal 0 -1 0
    outer loop
      vertex 25.5921 -16.45 11.7388
      vertex 32 -16.45 17.5
      vertex 25.5842 -16.45 11.7439
    endloop
  endfacet
  facet normal 0 -1 0
    outer loop
      vertex 25.8624 -16.45 11.5633
      vertex 32 -16.45 17.5
      vertex 25.5921 -16.45 11.7388
    endloop
  endfacet
  facet normal 0 -1 0
    outer loop
      vertex 25.8696 -16.45 11.5574
      vertex 32 -16.45 17.5
      vertex 25.8624 -16.45 11.5633
    endloop
  endfacet
  facet normal 0 -1 0
    outer loop
      vertex 26.1201 -16.45 11.3546
      vertex 32 -16.45 17.5
      vertex 25.8696 -16.45 11.5574
    endloop
  endfacet
  facet normal 0 -1 0
    outer loop
      vertex 26.3546 -16.45 11.1201
      vertex 32 -16.45 17.5
      vertex 26.1201 -16.45 11.3546
    endloop
  endfacet
  facet normal 0 -1 0
    outer loop
      vertex 26.5574 -16.45 10.8696
      vertex 32 -16.45 17.5
      vertex 26.3546 -16.45 11.1201
    endloop
  endfacet
  facet normal 0 -1 0
    outer loop
      vertex 26.5633 -16.45 10.8624
      vertex 32 -16.45 17.5
      vertex 26.5574 -16.45 10.8696
    endloop
  endfacet
  facet normal 0 -1 0
    outer loop
      vertex 26.7388 -16.45 10.5921
      vertex 32 -16.45 17.5
      vertex 26.5633 -16.45 10.8624
    endloop
  endfacet
  facet normal 0 -1 0
    outer loop
      vertex 26.7439 -16.45 10.5842
      vertex 32 -16.45 17.5
      vertex 26.7388 -16.45 10.5921
    endloop
  endfacet
  facet normal 0 -1 0
    outer loop
      vertex 26.7482 -16.45 10.5759
      vertex 32 -16.45 17.5
      vertex 26.7439 -16.45 10.5842
    endloop
  endfacet
  facet normal 0 -1 0
    outer loop
      vertex 26.8945 -16.45 10.2887
      vertex 32 -16.45 17.5
      vertex 26.7482 -16.45 10.5759
    endloop
  endfacet
  facet normal 0 -1 0
    outer loop
      vertex 27.01 -16.45 9.98784
      vertex 32 -16.45 17.5
      vertex 26.8945 -16.45 10.2887
    endloop
  endfacet
  facet normal 0 -1 0
    outer loop
      vertex 27.0133 -16.45 9.9791
      vertex 32 -16.45 17.5
      vertex 27.01 -16.45 9.98784
    endloop
  endfacet
  facet normal 0 -1 0
    outer loop
      vertex 27.0158 -16.45 9.97005
      vertex 32 -16.45 17.5
      vertex 27.0133 -16.45 9.9791
    endloop
  endfacet
  facet normal 0 -1 0
    outer loop
      vertex 27.0992 -16.45 9.65875
      vertex 32 -16.45 17.5
      vertex 27.0158 -16.45 9.97005
    endloop
  endfacet
  facet normal 0 -1 0
    outer loop
      vertex 27.1006 -16.45 9.6495
      vertex 32 -16.45 17.5
      vertex 27.0992 -16.45 9.65875
    endloop
  endfacet
  facet normal 0 -1 0
    outer loop
      vertex 27.1511 -16.45 9.33119
      vertex 32 -16.45 17.5
      vertex 27.1006 -16.45 9.6495
    endloop
  endfacet
  facet normal 0 -1 0
    outer loop
      vertex 27.1679 -16.45 9.00935
      vertex 32 -16.45 17.5
      vertex 27.1511 -16.45 9.33119
    endloop
  endfacet
  facet normal 0 -1 0
    outer loop
      vertex 27.1684 -16.45 9
      vertex 32 -16.45 17.5
      vertex 27.1679 -16.45 9.00935
    endloop
  endfacet
  facet normal 0 -1 0
    outer loop
      vertex 32 -16.45 0
      vertex 27.1684 -16.45 9
      vertex 27.1679 -16.45 8.99065
    endloop
  endfacet
  facet normal 0 -1 0
    outer loop
      vertex 32 -16.45 0
      vertex 27.1679 -16.45 8.99065
      vertex 27.1511 -16.45 8.66881
    endloop
  endfacet
  facet normal 0 -1 0
    outer loop
      vertex 32 -16.45 0
      vertex 27.1511 -16.45 8.66881
      vertex 27.1006 -16.45 8.3505
    endloop
  endfacet
  facet normal 0 -1 0
    outer loop
      vertex 32 -16.45 0
      vertex 27.1006 -16.45 8.3505
      vertex 27.0992 -16.45 8.34125
    endloop
  endfacet
  facet normal 0 -1 0
    outer loop
      vertex 32 -16.45 0
      vertex 27.0992 -16.45 8.34125
      vertex 27.0158 -16.45 8.02995
    endloop
  endfacet
  facet normal 0 -1 0
    outer loop
      vertex 32 -16.45 0
      vertex 27.0158 -16.45 8.02995
      vertex 27.0133 -16.45 8.0209
    endloop
  endfacet
  facet normal 0 -1 0
    outer loop
      vertex 32 -16.45 0
      vertex 27.0133 -16.45 8.0209
      vertex 27.01 -16.45 8.01216
    endloop
  endfacet
  facet normal 0 -1 0
    outer loop
      vertex 32 -16.45 0
      vertex 27.01 -16.45 8.01216
      vertex 26.8945 -16.45 7.71129
    endloop
  endfacet
  facet normal 0 -1 0
    outer loop
      vertex 32 -16.45 0
      vertex 26.8945 -16.45 7.71129
      vertex 26.7482 -16.45 7.42413
    endloop
  endfacet
  facet normal 0 -1 0
    outer loop
      vertex 32 -16.45 0
      vertex 26.7482 -16.45 7.42413
      vertex 26.7439 -16.45 7.41579
    endloop
  endfacet
  facet normal 0 -1 0
    outer loop
      vertex 32 -16.45 0
      vertex 26.5574 -16.45 7.13037
      vertex 26.3546 -16.45 6.87991
    endloop
  endfacet
  facet normal 0 -1 0
    outer loop
      vertex 32 -16.45 0
      vertex 24.9878 -16.45 5.99001
      vertex 24.9791 -16.45 5.98665
    endloop
  endfacet
  facet normal 0 -1 0
    outer loop
      vertex 32 -16.45 0
      vertex 24.97 -16.45 5.98423
      vertex 24.6588 -16.45 5.90082
    endloop
  endfacet
  facet normal 0 -1 0
    outer loop
      vertex 23.9906 -16.45 5.83207
      vertex 32 -16.45 0
      vertex 24 -16.45 5.83158
    endloop
  endfacet
  facet normal 0 -1 0
    outer loop
      vertex 24 -16.45 5.83158
      vertex 32 -16.45 0
      vertex 24.0094 -16.45 5.83207
    endloop
  endfacet
  facet normal 0 -1 0
    outer loop
      vertex 24.0094 -16.45 5.83207
      vertex 32 -16.45 0
      vertex 24.3312 -16.45 5.84894
    endloop
  endfacet
  facet normal 0 -1 0
    outer loop
      vertex 24.3312 -16.45 5.84894
      vertex 32 -16.45 0
      vertex 24.6495 -16.45 5.89935
    endloop
  endfacet
  facet normal 0 -1 0
    outer loop
      vertex 24.6495 -16.45 5.89935
      vertex 32 -16.45 0
      vertex 24.6588 -16.45 5.90082
    endloop
  endfacet
  facet normal 0 -1 0
    outer loop
      vertex 27.1684 -16.45 9
      vertex 32 -16.45 0
      vertex 32 -16.45 17.5
    endloop
  endfacet
  facet normal 0 -1 0
    outer loop
      vertex 26.7388 -16.45 7.40794
      vertex 32 -16.45 0
      vertex 26.7439 -16.45 7.41579
    endloop
  endfacet
  facet normal 0 -1 0
    outer loop
      vertex 26.5633 -16.45 7.13765
      vertex 32 -16.45 0
      vertex 26.7388 -16.45 7.40794
    endloop
  endfacet
  facet normal 0 -1 0
    outer loop
      vertex 26.5574 -16.45 7.13037
      vertex 32 -16.45 0
      vertex 26.5633 -16.45 7.13765
    endloop
  endfacet
  facet normal 0 -1 0
    outer loop
      vertex 26.1201 -16.45 6.6454
      vertex 32 -16.45 0
      vertex 26.3546 -16.45 6.87991
    endloop
  endfacet
  facet normal 0 -1 0
    outer loop
      vertex 25.8696 -16.45 6.44259
      vertex 32 -16.45 0
      vertex 26.1201 -16.45 6.6454
    endloop
  endfacet
  facet normal 0 -1 0
    outer loop
      vertex 25.8624 -16.45 6.43669
      vertex 32 -16.45 0
      vertex 25.8696 -16.45 6.44259
    endloop
  endfacet
  facet normal 0 -1 0
    outer loop
      vertex 25.5921 -16.45 6.26117
      vertex 32 -16.45 0
      vertex 25.8624 -16.45 6.43669
    endloop
  endfacet
  facet normal 0 -1 0
    outer loop
      vertex 25.5842 -16.45 6.25607
      vertex 32 -16.45 0
      vertex 25.5921 -16.45 6.26117
    endloop
  endfacet
  facet normal 0 -1 0
    outer loop
      vertex 25.5759 -16.45 6.25182
      vertex 32 -16.45 0
      vertex 25.5842 -16.45 6.25607
    endloop
  endfacet
  facet normal 0 -1 0
    outer loop
      vertex 25.2887 -16.45 6.1055
      vertex 32 -16.45 0
      vertex 25.5759 -16.45 6.25182
    endloop
  endfacet
  facet normal 0 -1 0
    outer loop
      vertex 24.9878 -16.45 5.99001
      vertex 32 -16.45 0
      vertex 25.2887 -16.45 6.1055
    endloop
  endfacet
  facet normal 0 -1 0
    outer loop
      vertex 24.97 -16.45 5.98423
      vertex 32 -16.45 0
      vertex 24.9791 -16.45 5.98665
    endloop
  endfacet
  facet normal 0 1 0
    outer loop
      vertex 23.4747 -13.45 10.6168
      vertex 29.5 -13.45 20
      vertex 23.6465 -13.45 10.6629
    endloop
  endfacet
  facet normal 0 1 0
    outer loop
      vertex 6.5 -13.45 20
      vertex 12.1777 -13.45 10.6907
      vertex 12 -13.45 10.7
    endloop
  endfacet
  facet normal 0 1 0
    outer loop
      vertex 23.3085 -13.45 10.553
      vertex 29.5 -13.45 20
      vertex 23.4747 -13.45 10.6168
    endloop
  endfacet
  facet normal 0 1 0
    outer loop
      vertex 6.5 -13.45 20
      vertex 12.3534 -13.45 10.6629
      vertex 12.1777 -13.45 10.6907
    endloop
  endfacet
  facet normal 0 1 0
    outer loop
      vertex 29.5 -13.45 20
      vertex 23.3085 -13.45 10.553
      vertex 6.5 -13.45 20
    endloop
  endfacet
  facet normal 0 1 0
    outer loop
      vertex 6.5 -13.45 20
      vertex 12.5253 -13.45 10.6168
      vertex 12.3534 -13.45 10.6629
    endloop
  endfacet
  facet normal 0 1 -0
    outer loop
      vertex 12.6915 -13.45 10.553
      vertex 6.5 -13.45 20
      vertex 23.3085 -13.45 10.553
    endloop
  endfacet
  facet normal 0 1 0
    outer loop
      vertex 6.5 -13.45 20
      vertex 12.6915 -13.45 10.553
      vertex 12.5253 -13.45 10.6168
    endloop
  endfacet
  facet normal 0 1 -0
    outer loop
      vertex 23.15 -13.45 10.4722
      vertex 12.6915 -13.45 10.553
      vertex 23.3085 -13.45 10.553
    endloop
  endfacet
  facet normal 0 1 0
    outer loop
      vertex 23.15 -13.45 10.4722
      vertex 12.85 -13.45 10.4722
      vertex 12.6915 -13.45 10.553
    endloop
  endfacet
  facet normal 0 1 -0
    outer loop
      vertex 23.0008 -13.45 10.3753
      vertex 12.85 -13.45 10.4722
      vertex 23.15 -13.45 10.4722
    endloop
  endfacet
  facet normal 0 1 0
    outer loop
      vertex 23.0008 -13.45 10.3753
      vertex 12.9992 -13.45 10.3753
      vertex 12.85 -13.45 10.4722
    endloop
  endfacet
  facet normal 0 1 -0
    outer loop
      vertex 22.8625 -13.45 10.2633
      vertex 12.9992 -13.45 10.3753
      vertex 23.0008 -13.45 10.3753
    endloop
  endfacet
  facet normal 0 1 0
    outer loop
      vertex 22.8625 -13.45 10.2633
      vertex 13.1375 -13.45 10.2633
      vertex 12.9992 -13.45 10.3753
    endloop
  endfacet
  facet normal 0 1 -0
    outer loop
      vertex 22.7367 -13.45 10.1375
      vertex 13.1375 -13.45 10.2633
      vertex 22.8625 -13.45 10.2633
    endloop
  endfacet
  facet normal 0 1 0
    outer loop
      vertex 22.7367 -13.45 10.1375
      vertex 13.2633 -13.45 10.1375
      vertex 13.1375 -13.45 10.2633
    endloop
  endfacet
  facet normal 0 1 -0
    outer loop
      vertex 22.6247 -13.45 9.99923
      vertex 13.2633 -13.45 10.1375
      vertex 22.7367 -13.45 10.1375
    endloop
  endfacet
  facet normal 0 1 0
    outer loop
      vertex 22.6247 -13.45 9.99923
      vertex 13.3753 -13.45 9.99923
      vertex 13.2633 -13.45 10.1375
    endloop
  endfacet
  facet normal 0 1 -0
    outer loop
      vertex 22.5278 -13.45 9.85
      vertex 13.3753 -13.45 9.99923
      vertex 22.6247 -13.45 9.99923
    endloop
  endfacet
  facet normal 0 1 0
    outer loop
      vertex 22.5278 -13.45 9.85
      vertex 13.4722 -13.45 9.85
      vertex 13.3753 -13.45 9.99923
    endloop
  endfacet
  facet normal 0 1 -0
    outer loop
      vertex 22.447 -13.45 9.69145
      vertex 13.4722 -13.45 9.85
      vertex 22.5278 -13.45 9.85
    endloop
  endfacet
  facet normal 0 1 0
    outer loop
      vertex 22.447 -13.45 9.69145
      vertex 13.553 -13.45 9.69145
      vertex 13.4722 -13.45 9.85
    endloop
  endfacet
  facet normal 0 1 -0
    outer loop
      vertex 22.3832 -13.45 9.52533
      vertex 13.553 -13.45 9.69145
      vertex 22.447 -13.45 9.69145
    endloop
  endfacet
  facet normal 0 1 0
    outer loop
      vertex 22.3832 -13.45 9.52533
      vertex 13.6168 -13.45 9.52533
      vertex 13.553 -13.45 9.69145
    endloop
  endfacet
  facet normal 0 1 -0
    outer loop
      vertex 22.3372 -13.45 9.35345
      vertex 13.6168 -13.45 9.52533
      vertex 22.3832 -13.45 9.52533
    endloop
  endfacet
  facet normal 0 1 0
    outer loop
      vertex 22.3372 -13.45 9.35345
      vertex 13.6629 -13.45 9.35345
      vertex 13.6168 -13.45 9.52533
    endloop
  endfacet
  facet normal 0 1 -0
    outer loop
      vertex 22.3093 -13.45 9.1777
      vertex 13.6629 -13.45 9.35345
      vertex 22.3372 -13.45 9.35345
    endloop
  endfacet
  facet normal 0 1 0
    outer loop
      vertex 22.3093 -13.45 9.1777
      vertex 13.6907 -13.45 9.1777
      vertex 13.6629 -13.45 9.35345
    endloop
  endfacet
  facet normal 0 1 -0
    outer loop
      vertex 22.3 -13.45 9
      vertex 13.6907 -13.45 9.1777
      vertex 22.3093 -13.45 9.1777
    endloop
  endfacet
  facet normal 0 1 0
    outer loop
      vertex 22.3 -13.45 9
      vertex 13.7 -13.45 9
      vertex 13.6907 -13.45 9.1777
    endloop
  endfacet
  facet normal 0 1 0
    outer loop
      vertex 22.3093 -13.45 8.8223
      vertex 13.7 -13.45 9
      vertex 22.3 -13.45 9
    endloop
  endfacet
  facet normal 0 1 0
    outer loop
      vertex 22.3093 -13.45 8.8223
      vertex 13.6907 -13.45 8.8223
      vertex 13.7 -13.45 9
    endloop
  endfacet
  facet normal 0 1 0
    outer loop
      vertex 22.3372 -13.45 8.64655
      vertex 13.6907 -13.45 8.8223
      vertex 22.3093 -13.45 8.8223
    endloop
  endfacet
  facet normal 0 1 0
    outer loop
      vertex 22.3372 -13.45 8.64655
      vertex 13.6629 -13.45 8.64655
      vertex 13.6907 -13.45 8.8223
    endloop
  endfacet
  facet normal 0 1 0
    outer loop
      vertex 22.3832 -13.45 8.47467
      vertex 13.6629 -13.45 8.64655
      vertex 22.3372 -13.45 8.64655
    endloop
  endfacet
  facet normal 0 1 0
    outer loop
      vertex 22.3832 -13.45 8.47467
      vertex 13.6168 -13.45 8.47467
      vertex 13.6629 -13.45 8.64655
    endloop
  endfacet
  facet normal 0 1 0
    outer loop
      vertex 22.447 -13.45 8.30855
      vertex 13.6168 -13.45 8.47467
      vertex 22.3832 -13.45 8.47467
    endloop
  endfacet
  facet normal 0 1 0
    outer loop
      vertex 22.447 -13.45 8.30855
      vertex 13.553 -13.45 8.30855
      vertex 13.6168 -13.45 8.47467
    endloop
  endfacet
  facet normal 0 1 0
    outer loop
      vertex 22.5278 -13.45 8.15
      vertex 13.553 -13.45 8.30855
      vertex 22.447 -13.45 8.30855
    endloop
  endfacet
  facet normal 0 1 0
    outer loop
      vertex 22.5278 -13.45 8.15
      vertex 13.4722 -13.45 8.15
      vertex 13.553 -13.45 8.30855
    endloop
  endfacet
  facet normal 0 1 0
    outer loop
      vertex 22.6247 -13.45 8.00077
      vertex 13.4722 -13.45 8.15
      vertex 22.5278 -13.45 8.15
    endloop
  endfacet
  facet normal 0 1 0
    outer loop
      vertex 22.6247 -13.45 8.00077
      vertex 13.3753 -13.45 8.00077
      vertex 13.4722 -13.45 8.15
    endloop
  endfacet
  facet normal 0 1 0
    outer loop
      vertex 22.7367 -13.45 7.86248
      vertex 13.3753 -13.45 8.00077
      vertex 22.6247 -13.45 8.00077
    endloop
  endfacet
  facet normal 0 1 0
    outer loop
      vertex 22.7367 -13.45 7.86248
      vertex 13.2633 -13.45 7.86248
      vertex 13.3753 -13.45 8.00077
    endloop
  endfacet
  facet normal 0 1 0
    outer loop
      vertex 22.8625 -13.45 7.73665
      vertex 13.2633 -13.45 7.86248
      vertex 22.7367 -13.45 7.86248
    endloop
  endfacet
  facet normal 0 1 0
    outer loop
      vertex 22.8625 -13.45 7.73665
      vertex 13.1375 -13.45 7.73665
      vertex 13.2633 -13.45 7.86248
    endloop
  endfacet
  facet normal 0 1 0
    outer loop
      vertex 23.0008 -13.45 7.62467
      vertex 13.1375 -13.45 7.73665
      vertex 22.8625 -13.45 7.73665
    endloop
  endfacet
  facet normal 0 1 0
    outer loop
      vertex 23.0008 -13.45 7.62467
      vertex 12.9992 -13.45 7.62467
      vertex 13.1375 -13.45 7.73665
    endloop
  endfacet
  facet normal 0 1 0
    outer loop
      vertex 23.15 -13.45 7.52776
      vertex 12.9992 -13.45 7.62467
      vertex 23.0008 -13.45 7.62467
    endloop
  endfacet
  facet normal 0 1 0
    outer loop
      vertex 23.15 -13.45 7.52776
      vertex 12.85 -13.45 7.52776
      vertex 12.9992 -13.45 7.62467
    endloop
  endfacet
  facet normal 0 1 0
    outer loop
      vertex 23.3085 -13.45 7.44697
      vertex 12.85 -13.45 7.52776
      vertex 23.15 -13.45 7.52776
    endloop
  endfacet
  facet normal 0 1 0
    outer loop
      vertex 23.3085 -13.45 7.44697
      vertex 12.6915 -13.45 7.44697
      vertex 12.85 -13.45 7.52776
    endloop
  endfacet
  facet normal 0 1 0
    outer loop
      vertex 23.4747 -13.45 7.3832
      vertex 12.6915 -13.45 7.44697
      vertex 23.3085 -13.45 7.44697
    endloop
  endfacet
  facet normal 0 1 0
    outer loop
      vertex 23.4747 -13.45 7.3832
      vertex 12.5253 -13.45 7.3832
      vertex 12.6915 -13.45 7.44697
    endloop
  endfacet
  facet normal 0 1 0
    outer loop
      vertex 23.6465 -13.45 7.33715
      vertex 12.5253 -13.45 7.3832
      vertex 23.4747 -13.45 7.3832
    endloop
  endfacet
  facet normal 0 1 0
    outer loop
      vertex 23.6465 -13.45 7.33715
      vertex 12.3534 -13.45 7.33715
      vertex 12.5253 -13.45 7.3832
    endloop
  endfacet
  facet normal 0 1 0
    outer loop
      vertex 32 -13.45 3.49497
      vertex 23.6465 -13.45 7.33715
      vertex 23.8223 -13.45 7.30931
    endloop
  endfacet
  facet normal 0 1 0
    outer loop
      vertex 23.6465 -13.45 7.33715
      vertex 32 -13.45 3.49497
      vertex 12.3534 -13.45 7.33715
    endloop
  endfacet
  facet normal 0 1 0
    outer loop
      vertex 32 -13.45 3.49497
      vertex 23.8223 -13.45 7.30931
      vertex 24 -13.45 7.3
    endloop
  endfacet
  facet normal 0 1 0
    outer loop
      vertex 4 -13.45 3.49497
      vertex 12.3534 -13.45 7.33715
      vertex 32 -13.45 3.49497
    endloop
  endfacet
  facet normal 0 1 0
    outer loop
      vertex 32 -13.45 17.5
      vertex 29.5 -13.45 20
      vertex 29.7613 -13.45 19.9863
    endloop
  endfacet
  facet normal 0 1 0
    outer loop
      vertex 23.8223 -13.45 10.6907
      vertex 29.5 -13.45 20
      vertex 24 -13.45 10.7
    endloop
  endfacet
  facet normal 0 1 0
    outer loop
      vertex 32 -13.45 17.5
      vertex 29.7613 -13.45 19.9863
      vertex 30.0198 -13.45 19.9454
    endloop
  endfacet
  facet normal 0 1 0
    outer loop
      vertex 23.6465 -13.45 10.6629
      vertex 29.5 -13.45 20
      vertex 23.8223 -13.45 10.6907
    endloop
  endfacet
  facet normal 0 1 0
    outer loop
      vertex 32 -13.45 17.5
      vertex 30.0198 -13.45 19.9454
      vertex 30.2725 -13.45 19.8776
    endloop
  endfacet
  facet normal 0 1 -0
    outer loop
      vertex 11.8223 -13.45 10.6907
      vertex 6.5 -13.45 20
      vertex 12 -13.45 10.7
    endloop
  endfacet
  facet normal 0 1 0
    outer loop
      vertex 32 -13.45 17.5
      vertex 30.2725 -13.45 19.8776
      vertex 30.5168 -13.45 19.7839
    endloop
  endfacet
  facet normal 0 1 -0
    outer loop
      vertex 11.6466 -13.45 10.6629
      vertex 6.5 -13.45 20
      vertex 11.8223 -13.45 10.6907
    endloop
  endfacet
  facet normal 0 1 0
    outer loop
      vertex 32 -13.45 17.5
      vertex 30.5168 -13.45 19.7839
      vertex 30.75 -13.45 19.6651
    endloop
  endfacet
  facet normal 0 1 -0
    outer loop
      vertex 11.4747 -13.45 10.6168
      vertex 6.5 -13.45 20
      vertex 11.6466 -13.45 10.6629
    endloop
  endfacet
  facet normal 0 1 0
    outer loop
      vertex 32 -13.45 17.5
      vertex 30.75 -13.45 19.6651
      vertex 30.9695 -13.45 19.5225
    endloop
  endfacet
  facet normal 0 1 -0
    outer loop
      vertex 11.3085 -13.45 10.553
      vertex 6.5 -13.45 20
      vertex 11.4747 -13.45 10.6168
    endloop
  endfacet
  facet normal 0 1 0
    outer loop
      vertex 32 -13.45 17.5
      vertex 30.9695 -13.45 19.5225
      vertex 31.1728 -13.45 19.3579
    endloop
  endfacet
  facet normal -0 1 0
    outer loop
      vertex 4 -13.45 17.5
      vertex 6.5 -13.45 20
      vertex 11.3085 -13.45 10.553
    endloop
  endfacet
  facet normal 0 1 0
    outer loop
      vertex 32 -13.45 17.5
      vertex 31.1728 -13.45 19.3579
      vertex 31.3579 -13.45 19.1728
    endloop
  endfacet
  facet normal 0 1 0
    outer loop
      vertex 6.5 -13.45 20
      vertex 4 -13.45 17.5
      vertex 6.23868 -13.45 19.9863
    endloop
  endfacet
  facet normal 0 1 0
    outer loop
      vertex 32 -13.45 17.5
      vertex 31.3579 -13.45 19.1728
      vertex 31.5225 -13.45 18.9695
    endloop
  endfacet
  facet normal 0 1 0
    outer loop
      vertex 6.23868 -13.45 19.9863
      vertex 4 -13.45 17.5
      vertex 5.98022 -13.45 19.9454
    endloop
  endfacet
  facet normal 0 1 0
    outer loop
      vertex 32 -13.45 17.5
      vertex 31.5225 -13.45 18.9695
      vertex 31.6651 -13.45 18.75
    endloop
  endfacet
  facet normal 0 1 0
    outer loop
      vertex 5.98022 -13.45 19.9454
      vertex 4 -13.45 17.5
      vertex 5.72746 -13.45 19.8776
    endloop
  endfacet
  facet normal 0 1 0
    outer loop
      vertex 32 -13.45 17.5
      vertex 31.6651 -13.45 18.75
      vertex 31.7839 -13.45 18.5168
    endloop
  endfacet
  facet normal 0 1 0
    outer loop
      vertex 5.48316 -13.45 19.7839
      vertex 4 -13.45 17.5
      vertex 5.25 -13.45 19.6651
    endloop
  endfacet
  facet normal 0 1 0
    outer loop
      vertex 32 -13.45 17.5
      vertex 31.7839 -13.45 18.5168
      vertex 31.8776 -13.45 18.2725
    endloop
  endfacet
  facet normal 0 1 0
    outer loop
      vertex 5.25 -13.45 19.6651
      vertex 4 -13.45 17.5
      vertex 5.03054 -13.45 19.5225
    endloop
  endfacet
  facet normal 0 1 0
    outer loop
      vertex 32 -13.45 17.5
      vertex 31.8776 -13.45 18.2725
      vertex 31.9454 -13.45 18.0198
    endloop
  endfacet
  facet normal 0 1 0
    outer loop
      vertex 5.03054 -13.45 19.5225
      vertex 4 -13.45 17.5
      vertex 4.82717 -13.45 19.3579
    endloop
  endfacet
  facet normal 0 1 0
    outer loop
      vertex 32 -13.45 17.5
      vertex 31.9454 -13.45 18.0198
      vertex 31.9863 -13.45 17.7613
    endloop
  endfacet
  facet normal 0 1 0
    outer loop
      vertex 4.82717 -13.45 19.3579
      vertex 4 -13.45 17.5
      vertex 4.64214 -13.45 19.1728
    endloop
  endfacet
  facet normal 0 1 0
    outer loop
      vertex 29.5 -13.45 20
      vertex 32 -13.45 17.5
      vertex 24.6915 -13.45 10.553
    endloop
  endfacet
  facet normal 0 1 0
    outer loop
      vertex 4.47746 -13.45 18.9695
      vertex 4 -13.45 17.5
      vertex 4.33494 -13.45 18.75
    endloop
  endfacet
  facet normal 0 1 0
    outer loop
      vertex 4.33494 -13.45 18.75
      vertex 4 -13.45 17.5
      vertex 4.21614 -13.45 18.5168
    endloop
  endfacet
  facet normal 0 1 0
    outer loop
      vertex 29.5 -13.45 20
      vertex 24.1777 -13.45 10.6907
      vertex 24 -13.45 10.7
    endloop
  endfacet
  facet normal 0 1 0
    outer loop
      vertex 29.5 -13.45 20
      vertex 24.3535 -13.45 10.6629
      vertex 24.1777 -13.45 10.6907
    endloop
  endfacet
  facet normal 0 1 0
    outer loop
      vertex 29.5 -13.45 20
      vertex 24.5253 -13.45 10.6168
      vertex 24.3535 -13.45 10.6629
    endloop
  endfacet
  facet normal 0 1 0
    outer loop
      vertex 29.5 -13.45 20
      vertex 24.6915 -13.45 10.553
      vertex 24.5253 -13.45 10.6168
    endloop
  endfacet
  facet normal 0 1 0
    outer loop
      vertex 32 -13.45 17.5
      vertex 24.85 -13.45 10.4722
      vertex 24.6915 -13.45 10.553
    endloop
  endfacet
  facet normal 0 1 0
    outer loop
      vertex 32 -13.45 17.5
      vertex 24.9992 -13.45 10.3753
      vertex 24.85 -13.45 10.4722
    endloop
  endfacet
  facet normal 0 1 0
    outer loop
      vertex 32 -13.45 17.5
      vertex 25.1375 -13.45 10.2633
      vertex 24.9992 -13.45 10.3753
    endloop
  endfacet
  facet normal 0 1 0
    outer loop
      vertex 32 -13.45 17.5
      vertex 25.2633 -13.45 10.1375
      vertex 25.1375 -13.45 10.2633
    endloop
  endfacet
  facet normal 0 1 0
    outer loop
      vertex 32 -13.45 17.5
      vertex 25.3753 -13.45 9.99923
      vertex 25.2633 -13.45 10.1375
    endloop
  endfacet
  facet normal 0 1 0
    outer loop
      vertex 32 -13.45 17.5
      vertex 25.4722 -13.45 9.85
      vertex 25.3753 -13.45 9.99923
    endloop
  endfacet
  facet normal 0 1 0
    outer loop
      vertex 32 -13.45 17.5
      vertex 25.553 -13.45 9.69145
      vertex 25.4722 -13.45 9.85
    endloop
  endfacet
  facet normal 0 1 0
    outer loop
      vertex 32 -13.45 17.5
      vertex 25.6168 -13.45 9.52533
      vertex 25.553 -13.45 9.69145
    endloop
  endfacet
  facet normal 0 1 0
    outer loop
      vertex 32 -13.45 17.5
      vertex 25.6628 -13.45 9.35345
      vertex 25.6168 -13.45 9.52533
    endloop
  endfacet
  facet normal 0 1 -0
    outer loop
      vertex 32 -13.45 3.49497
      vertex 25.6628 -13.45 9.35345
      vertex 32 -13.45 17.5
    endloop
  endfacet
  facet normal 0 1 0
    outer loop
      vertex 25.6628 -13.45 9.35345
      vertex 32 -13.45 3.49497
      vertex 25.6907 -13.45 9.1777
    endloop
  endfacet
  facet normal 0 1 0
    outer loop
      vertex 25.6907 -13.45 9.1777
      vertex 32 -13.45 3.49497
      vertex 25.7 -13.45 9
    endloop
  endfacet
  facet normal 0 1 0
    outer loop
      vertex 25.7 -13.45 9
      vertex 32 -13.45 3.49497
      vertex 25.6907 -13.45 8.8223
    endloop
  endfacet
  facet normal 0 1 0
    outer loop
      vertex 25.6907 -13.45 8.8223
      vertex 32 -13.45 3.49497
      vertex 25.6628 -13.45 8.64655
    endloop
  endfacet
  facet normal 0 1 0
    outer loop
      vertex 25.6628 -13.45 8.64655
      vertex 32 -13.45 3.49497
      vertex 25.6168 -13.45 8.47467
    endloop
  endfacet
  facet normal 0 1 0
    outer loop
      vertex 25.6168 -13.45 8.47467
      vertex 32 -13.45 3.49497
      vertex 25.553 -13.45 8.30855
    endloop
  endfacet
  facet normal 0 1 0
    outer loop
      vertex 25.553 -13.45 8.30855
      vertex 32 -13.45 3.49497
      vertex 25.4722 -13.45 8.15
    endloop
  endfacet
  facet normal 0 1 0
    outer loop
      vertex 12.3534 -13.45 7.33715
      vertex 4 -13.45 3.49497
      vertex 12.1777 -13.45 7.30931
    endloop
  endfacet
  facet normal 0 1 0
    outer loop
      vertex 24.1777 -13.45 7.30931
      vertex 32 -13.45 3.49497
      vertex 24 -13.45 7.3
    endloop
  endfacet
  facet normal 0 1 0
    outer loop
      vertex 24.3535 -13.45 7.33715
      vertex 32 -13.45 3.49497
      vertex 24.1777 -13.45 7.30931
    endloop
  endfacet
  facet normal 0 1 0
    outer loop
      vertex 24.5253 -13.45 7.3832
      vertex 32 -13.45 3.49497
      vertex 24.3535 -13.45 7.33715
    endloop
  endfacet
  facet normal 0 1 0
    outer loop
      vertex 24.6915 -13.45 7.44697
      vertex 32 -13.45 3.49497
      vertex 24.5253 -13.45 7.3832
    endloop
  endfacet
  facet normal 0 1 0
    outer loop
      vertex 24.85 -13.45 7.52776
      vertex 32 -13.45 3.49497
      vertex 24.6915 -13.45 7.44697
    endloop
  endfacet
  facet normal 0 1 0
    outer loop
      vertex 24.9992 -13.45 7.62467
      vertex 32 -13.45 3.49497
      vertex 24.85 -13.45 7.52776
    endloop
  endfacet
  facet normal 0 1 0
    outer loop
      vertex 25.1375 -13.45 7.73665
      vertex 32 -13.45 3.49497
      vertex 24.9992 -13.45 7.62467
    endloop
  endfacet
  facet normal 0 1 0
    outer loop
      vertex 25.2633 -13.45 7.86248
      vertex 32 -13.45 3.49497
      vertex 25.1375 -13.45 7.73665
    endloop
  endfacet
  facet normal 0 1 0
    outer loop
      vertex 25.3753 -13.45 8.00077
      vertex 32 -13.45 3.49497
      vertex 25.2633 -13.45 7.86248
    endloop
  endfacet
  facet normal 0 1 0
    outer loop
      vertex 25.4722 -13.45 8.15
      vertex 32 -13.45 3.49497
      vertex 25.3753 -13.45 8.00077
    endloop
  endfacet
  facet normal 0 1 0
    outer loop
      vertex 4.21614 -13.45 18.5168
      vertex 4 -13.45 17.5
      vertex 4.12236 -13.45 18.2725
    endloop
  endfacet
  facet normal 0 1 0
    outer loop
      vertex 4.05463 -13.45 18.0198
      vertex 4 -13.45 17.5
      vertex 4.0137 -13.45 17.7613
    endloop
  endfacet
  facet normal 0 1 0
    outer loop
      vertex 4.12236 -13.45 18.2725
      vertex 4 -13.45 17.5
      vertex 4.05463 -13.45 18.0198
    endloop
  endfacet
  facet normal 0 1 0
    outer loop
      vertex 4.64214 -13.45 19.1728
      vertex 4 -13.45 17.5
      vertex 4.47746 -13.45 18.9695
    endloop
  endfacet
  facet normal 0 1 0
    outer loop
      vertex 5.72746 -13.45 19.8776
      vertex 4 -13.45 17.5
      vertex 5.48316 -13.45 19.7839
    endloop
  endfacet
  facet normal 0 1 -0
    outer loop
      vertex 11.15 -13.45 10.4722
      vertex 4 -13.45 17.5
      vertex 11.3085 -13.45 10.553
    endloop
  endfacet
  facet normal 0 1 -0
    outer loop
      vertex 11.0008 -13.45 10.3753
      vertex 4 -13.45 17.5
      vertex 11.15 -13.45 10.4722
    endloop
  endfacet
  facet normal 0 1 -0
    outer loop
      vertex 10.8625 -13.45 10.2633
      vertex 4 -13.45 17.5
      vertex 11.0008 -13.45 10.3753
    endloop
  endfacet
  facet normal 0 1 -0
    outer loop
      vertex 10.7367 -13.45 10.1375
      vertex 4 -13.45 17.5
      vertex 10.8625 -13.45 10.2633
    endloop
  endfacet
  facet normal 0 1 -0
    outer loop
      vertex 10.6247 -13.45 9.99923
      vertex 4 -13.45 17.5
      vertex 10.7367 -13.45 10.1375
    endloop
  endfacet
  facet normal 0 1 -0
    outer loop
      vertex 10.5278 -13.45 9.85
      vertex 4 -13.45 17.5
      vertex 10.6247 -13.45 9.99923
    endloop
  endfacet
  facet normal 0 1 -0
    outer loop
      vertex 10.447 -13.45 9.69145
      vertex 4 -13.45 17.5
      vertex 10.5278 -13.45 9.85
    endloop
  endfacet
  facet normal 0 1 -0
    outer loop
      vertex 10.3832 -13.45 9.52533
      vertex 4 -13.45 17.5
      vertex 10.447 -13.45 9.69145
    endloop
  endfacet
  facet normal 0 1 -0
    outer loop
      vertex 10.3371 -13.45 9.35345
      vertex 4 -13.45 17.5
      vertex 10.3832 -13.45 9.52533
    endloop
  endfacet
  facet normal 0 1 0
    outer loop
      vertex 4 -13.45 3.49497
      vertex 10.3371 -13.45 9.35345
      vertex 10.3093 -13.45 9.1777
    endloop
  endfacet
  facet normal 0 1 0
    outer loop
      vertex 4 -13.45 3.49497
      vertex 10.3093 -13.45 9.1777
      vertex 10.3 -13.45 9
    endloop
  endfacet
  facet normal 0 1 0
    outer loop
      vertex 4 -13.45 3.49497
      vertex 10.3 -13.45 9
      vertex 10.3093 -13.45 8.8223
    endloop
  endfacet
  facet normal 0 1 0
    outer loop
      vertex 4 -13.45 3.49497
      vertex 10.3093 -13.45 8.8223
      vertex 10.3371 -13.45 8.64655
    endloop
  endfacet
  facet normal 0 1 0
    outer loop
      vertex 4 -13.45 3.49497
      vertex 10.3371 -13.45 8.64655
      vertex 10.3832 -13.45 8.47467
    endloop
  endfacet
  facet normal 0 1 0
    outer loop
      vertex 4 -13.45 3.49497
      vertex 10.3832 -13.45 8.47467
      vertex 10.447 -13.45 8.30855
    endloop
  endfacet
  facet normal 0 1 0
    outer loop
      vertex 4 -13.45 3.49497
      vertex 10.447 -13.45 8.30855
      vertex 10.5278 -13.45 8.15
    endloop
  endfacet
  facet normal 0 1 0
    outer loop
      vertex 4 -13.45 3.49497
      vertex 10.5278 -13.45 8.15
      vertex 10.6247 -13.45 8.00077
    endloop
  endfacet
  facet normal 0 1 0
    outer loop
      vertex 12.1777 -13.45 7.30931
      vertex 4 -13.45 3.49497
      vertex 12 -13.45 7.3
    endloop
  endfacet
  facet normal 0 1 0
    outer loop
      vertex 12 -13.45 7.3
      vertex 4 -13.45 3.49497
      vertex 11.8223 -13.45 7.30931
    endloop
  endfacet
  facet normal 0 1 0
    outer loop
      vertex 10.3371 -13.45 9.35345
      vertex 4 -13.45 3.49497
      vertex 4 -13.45 17.5
    endloop
  endfacet
  facet normal 0 1 0
    outer loop
      vertex 10.7367 -13.45 7.86248
      vertex 4 -13.45 3.49497
      vertex 10.6247 -13.45 8.00077
    endloop
  endfacet
  facet normal 0 1 0
    outer loop
      vertex 10.8625 -13.45 7.73665
      vertex 4 -13.45 3.49497
      vertex 10.7367 -13.45 7.86248
    endloop
  endfacet
  facet normal 0 1 0
    outer loop
      vertex 11.0008 -13.45 7.62467
      vertex 4 -13.45 3.49497
      vertex 10.8625 -13.45 7.73665
    endloop
  endfacet
  facet normal 0 1 0
    outer loop
      vertex 11.15 -13.45 7.52776
      vertex 4 -13.45 3.49497
      vertex 11.0008 -13.45 7.62467
    endloop
  endfacet
  facet normal 0 1 0
    outer loop
      vertex 11.3085 -13.45 7.44697
      vertex 4 -13.45 3.49497
      vertex 11.15 -13.45 7.52776
    endloop
  endfacet
  facet normal 0 1 0
    outer loop
      vertex 11.4747 -13.45 7.3832
      vertex 4 -13.45 3.49497
      vertex 11.3085 -13.45 7.44697
    endloop
  endfacet
  facet normal 0 1 0
    outer loop
      vertex 11.6466 -13.45 7.33715
      vertex 4 -13.45 3.49497
      vertex 11.4747 -13.45 7.3832
    endloop
  endfacet
  facet normal 0 1 0
    outer loop
      vertex 11.8223 -13.45 7.30931
      vertex 4 -13.45 3.49497
      vertex 11.6466 -13.45 7.33715
    endloop
  endfacet
  facet normal 0.998628 -0 0.0523582
    outer loop
      vertex 31.9863 -16.45 17.7613
      vertex 32 -13.45 17.5
      vertex 31.9863 -13.45 17.7613
    endloop
  endfacet
  facet normal 0.998628 0 0.0523582
    outer loop
      vertex 32 -13.45 17.5
      vertex 31.9863 -16.45 17.7613
      vertex 32 -16.45 17.5
    endloop
  endfacet
  facet normal 0.891039 -0 0.453926
    outer loop
      vertex 31.6651 -16.45 18.75
      vertex 31.7839 -13.45 18.5168
      vertex 31.6651 -13.45 18.75
    endloop
  endfacet
  facet normal 0.891039 0 0.453926
    outer loop
      vertex 31.7839 -13.45 18.5168
      vertex 31.6651 -16.45 18.75
      vertex 31.7839 -16.45 18.5168
    endloop
  endfacet
  facet normal 0.987713 -0 0.156277
    outer loop
      vertex 31.9454 -16.45 18.0198
      vertex 31.9863 -13.45 17.7613
      vertex 31.9454 -13.45 18.0198
    endloop
  endfacet
  facet normal 0.987713 0 0.156277
    outer loop
      vertex 31.9863 -13.45 17.7613
      vertex 31.9454 -16.45 18.0198
      vertex 31.9863 -16.45 17.7613
    endloop
  endfacet
  facet normal -0.629122 0 0.777306
    outer loop
      vertex 4.82717 -13.45 19.3579
      vertex 5.03054 -16.45 19.5225
      vertex 5.03054 -13.45 19.5225
    endloop
  endfacet
  facet normal -0.629122 0 0.777306
    outer loop
      vertex 5.03054 -16.45 19.5225
      vertex 4.82717 -13.45 19.3579
      vertex 4.82717 -16.45 19.3579
    endloop
  endfacet
  facet normal 0.7772 -0 0.629253
    outer loop
      vertex 31.3579 -16.45 19.1728
      vertex 31.5225 -13.45 18.9695
      vertex 31.3579 -13.45 19.1728
    endloop
  endfacet
  facet normal 0.7772 0 0.629253
    outer loop
      vertex 31.5225 -13.45 18.9695
      vertex 31.3579 -16.45 19.1728
      vertex 31.5225 -16.45 18.9695
    endloop
  endfacet
  facet normal 0.93368 -0 0.358108
    outer loop
      vertex 31.7839 -16.45 18.5168
      vertex 31.8776 -13.45 18.2725
      vertex 31.7839 -13.45 18.5168
    endloop
  endfacet
  facet normal 0.93368 0 0.358108
    outer loop
      vertex 31.8776 -13.45 18.2725
      vertex 31.7839 -16.45 18.5168
      vertex 31.8776 -16.45 18.2725
    endloop
  endfacet
  facet normal 0.0523582 0 0.998628
    outer loop
      vertex 29.5 -13.45 20
      vertex 29.7613 -16.45 19.9863
      vertex 29.7613 -13.45 19.9863
    endloop
  endfacet
  facet normal 0.0523582 0 0.998628
    outer loop
      vertex 29.7613 -16.45 19.9863
      vertex 29.5 -13.45 20
      vertex 29.5 -16.45 20
    endloop
  endfacet
  facet normal -0.0523542 0 0.998629
    outer loop
      vertex 6.23868 -13.45 19.9863
      vertex 6.5 -16.45 20
      vertex 6.5 -13.45 20
    endloop
  endfacet
  facet normal -0.0523542 0 0.998629
    outer loop
      vertex 6.5 -16.45 20
      vertex 6.23868 -13.45 19.9863
      vertex 6.23868 -16.45 19.9863
    endloop
  endfacet
  facet normal 0.544787 0 0.838575
    outer loop
      vertex 30.75 -13.45 19.6651
      vertex 30.9695 -16.45 19.5225
      vertex 30.9695 -13.45 19.5225
    endloop
  endfacet
  facet normal 0.544787 0 0.838575
    outer loop
      vertex 30.9695 -16.45 19.5225
      vertex 30.75 -13.45 19.6651
      vertex 30.75 -16.45 19.6651
    endloop
  endfacet
  facet normal 0.707107 -0 0.707107
    outer loop
      vertex 31.1728 -16.45 19.3579
      vertex 31.3579 -13.45 19.1728
      vertex 31.1728 -13.45 19.3579
    endloop
  endfacet
  facet normal 0.707107 0 0.707107
    outer loop
      vertex 31.3579 -13.45 19.1728
      vertex 31.1728 -16.45 19.3579
      vertex 31.3579 -16.45 19.1728
    endloop
  endfacet
  facet normal 0.838575 -0 0.544787
    outer loop
      vertex 31.5225 -16.45 18.9695
      vertex 31.6651 -13.45 18.75
      vertex 31.5225 -13.45 18.9695
    endloop
  endfacet
  facet normal 0.838575 0 0.544787
    outer loop
      vertex 31.6651 -13.45 18.75
      vertex 31.5225 -16.45 18.9695
      vertex 31.6651 -16.45 18.75
    endloop
  endfacet
  facet normal 0.965841 -0 0.259137
    outer loop
      vertex 31.8776 -16.45 18.2725
      vertex 31.9454 -13.45 18.0198
      vertex 31.8776 -13.45 18.2725
    endloop
  endfacet
  facet normal 0.965841 0 0.259137
    outer loop
      vertex 31.9454 -13.45 18.0198
      vertex 31.8776 -16.45 18.2725
      vertex 31.9454 -16.45 18.0198
    endloop
  endfacet
  facet normal -0 0 1
    outer loop
      vertex 6.5 -13.45 20
      vertex 29.5 -16.45 20
      vertex 29.5 -13.45 20
    endloop
  endfacet
  facet normal 0 0 1
    outer loop
      vertex 29.5 -16.45 20
      vertex 6.5 -13.45 20
      vertex 6.5 -16.45 20
    endloop
  endfacet
  facet normal -0.358108 0 0.93368
    outer loop
      vertex 5.48316 -13.45 19.7839
      vertex 5.72746 -16.45 19.8776
      vertex 5.72746 -13.45 19.8776
    endloop
  endfacet
  facet normal -0.358108 0 0.93368
    outer loop
      vertex 5.72746 -16.45 19.8776
      vertex 5.48316 -13.45 19.7839
      vertex 5.48316 -16.45 19.7839
    endloop
  endfacet
  facet normal 0.629253 0 0.7772
    outer loop
      vertex 30.9695 -13.45 19.5225
      vertex 31.1728 -16.45 19.3579
      vertex 31.1728 -13.45 19.3579
    endloop
  endfacet
  facet normal 0.629253 0 0.7772
    outer loop
      vertex 31.1728 -16.45 19.3579
      vertex 30.9695 -13.45 19.5225
      vertex 30.9695 -16.45 19.5225
    endloop
  endfacet
  facet normal -0.998628 0 0.0523582
    outer loop
      vertex 4 -16.45 17.5
      vertex 4.0137 -13.45 17.7613
      vertex 4 -13.45 17.5
    endloop
  endfacet
  facet normal -0.998628 0 0.0523582
    outer loop
      vertex 4.0137 -13.45 17.7613
      vertex 4 -16.45 17.5
      vertex 4.0137 -16.45 17.7613
    endloop
  endfacet
  facet normal 0.259137 0 0.965841
    outer loop
      vertex 30.0198 -13.45 19.9454
      vertex 30.2725 -16.45 19.8776
      vertex 30.2725 -13.45 19.8776
    endloop
  endfacet
  facet normal 0.259137 0 0.965841
    outer loop
      vertex 30.2725 -16.45 19.8776
      vertex 30.0198 -13.45 19.9454
      vertex 30.0198 -16.45 19.9454
    endloop
  endfacet
  facet normal -0.25908 0 0.965856
    outer loop
      vertex 5.72746 -13.45 19.8776
      vertex 5.98022 -16.45 19.9454
      vertex 5.98022 -13.45 19.9454
    endloop
  endfacet
  facet normal -0.25908 0 0.965856
    outer loop
      vertex 5.98022 -16.45 19.9454
      vertex 5.72746 -13.45 19.8776
      vertex 5.72746 -16.45 19.8776
    endloop
  endfacet
  facet normal -0.544857 0 0.838529
    outer loop
      vertex 5.03054 -13.45 19.5225
      vertex 5.25 -16.45 19.6651
      vertex 5.25 -13.45 19.6651
    endloop
  endfacet
  facet normal -0.544857 0 0.838529
    outer loop
      vertex 5.25 -16.45 19.6651
      vertex 5.03054 -13.45 19.5225
      vertex 5.03054 -16.45 19.5225
    endloop
  endfacet
  facet normal -0.987696 0 0.156388
    outer loop
      vertex 4.0137 -16.45 17.7613
      vertex 4.05463 -13.45 18.0198
      vertex 4.0137 -13.45 17.7613
    endloop
  endfacet
  facet normal -0.987696 0 0.156388
    outer loop
      vertex 4.05463 -13.45 18.0198
      vertex 4.0137 -16.45 17.7613
      vertex 4.05463 -16.45 18.0198
    endloop
  endfacet
  facet normal -0.933578 0 0.358375
    outer loop
      vertex 4.12236 -16.45 18.2725
      vertex 4.21614 -13.45 18.5168
      vertex 4.12236 -13.45 18.2725
    endloop
  endfacet
  facet normal -0.933578 0 0.358375
    outer loop
      vertex 4.21614 -13.45 18.5168
      vertex 4.12236 -16.45 18.2725
      vertex 4.21614 -16.45 18.5168
    endloop
  endfacet
  facet normal -0.838714 0 0.544572
    outer loop
      vertex 4.33494 -16.45 18.75
      vertex 4.47746 -13.45 18.9695
      vertex 4.33494 -13.45 18.75
    endloop
  endfacet
  facet normal -0.838714 0 0.544572
    outer loop
      vertex 4.47746 -13.45 18.9695
      vertex 4.33494 -16.45 18.75
      vertex 4.47746 -16.45 18.9695
    endloop
  endfacet
  facet normal -0.70724 0 0.706973
    outer loop
      vertex 4.64214 -16.45 19.1728
      vertex 4.82717 -13.45 19.3579
      vertex 4.64214 -13.45 19.1728
    endloop
  endfacet
  facet normal -0.70724 0 0.706973
    outer loop
      vertex 4.82717 -13.45 19.3579
      vertex 4.64214 -16.45 19.1728
      vertex 4.82717 -16.45 19.3579
    endloop
  endfacet
  facet normal 0.156277 0 0.987713
    outer loop
      vertex 29.7613 -13.45 19.9863
      vertex 30.0198 -16.45 19.9454
      vertex 30.0198 -13.45 19.9454
    endloop
  endfacet
  facet normal 0.156277 0 0.987713
    outer loop
      vertex 30.0198 -16.45 19.9454
      vertex 29.7613 -13.45 19.9863
      vertex 29.7613 -16.45 19.9863
    endloop
  endfacet
  facet normal 0.453926 0 0.891039
    outer loop
      vertex 30.5168 -13.45 19.7839
      vertex 30.75 -16.45 19.6651
      vertex 30.75 -13.45 19.6651
    endloop
  endfacet
  facet normal 0.453926 0 0.891039
    outer loop
      vertex 30.75 -16.45 19.6651
      vertex 30.5168 -13.45 19.7839
      vertex 30.5168 -16.45 19.7839
    endloop
  endfacet
  facet normal -0.1563 0 0.98771
    outer loop
      vertex 5.98022 -13.45 19.9454
      vertex 6.23868 -16.45 19.9863
      vertex 6.23868 -13.45 19.9863
    endloop
  endfacet
  facet normal -0.1563 0 0.98771
    outer loop
      vertex 6.23868 -16.45 19.9863
      vertex 5.98022 -13.45 19.9454
      vertex 5.98022 -16.45 19.9454
    endloop
  endfacet
  facet normal -0.453988 0 0.891008
    outer loop
      vertex 5.25 -13.45 19.6651
      vertex 5.48316 -16.45 19.7839
      vertex 5.48316 -13.45 19.7839
    endloop
  endfacet
  facet normal -0.453988 0 0.891008
    outer loop
      vertex 5.48316 -16.45 19.7839
      vertex 5.25 -13.45 19.6651
      vertex 5.25 -16.45 19.6651
    endloop
  endfacet
  facet normal -0.965907 0 0.258888
    outer loop
      vertex 4.05463 -16.45 18.0198
      vertex 4.12236 -13.45 18.2725
      vertex 4.05463 -13.45 18.0198
    endloop
  endfacet
  facet normal -0.965907 0 0.258888
    outer loop
      vertex 4.12236 -13.45 18.2725
      vertex 4.05463 -16.45 18.0198
      vertex 4.12236 -16.45 18.2725
    endloop
  endfacet
  facet normal -0.891039 0 0.453926
    outer loop
      vertex 4.21614 -16.45 18.5168
      vertex 4.33494 -13.45 18.75
      vertex 4.21614 -13.45 18.5168
    endloop
  endfacet
  facet normal -0.891039 0 0.453926
    outer loop
      vertex 4.33494 -13.45 18.75
      vertex 4.21614 -16.45 18.5168
      vertex 4.33494 -16.45 18.75
    endloop
  endfacet
  facet normal -0.777051 0 0.629438
    outer loop
      vertex 4.47746 -16.45 18.9695
      vertex 4.64214 -13.45 19.1728
      vertex 4.47746 -13.45 18.9695
    endloop
  endfacet
  facet normal -0.777051 0 0.629438
    outer loop
      vertex 4.64214 -13.45 19.1728
      vertex 4.47746 -16.45 18.9695
      vertex 4.64214 -16.45 19.1728
    endloop
  endfacet
  facet normal 0.358108 0 0.93368
    outer loop
      vertex 30.2725 -13.45 19.8776
      vertex 30.5168 -16.45 19.7839
      vertex 30.5168 -13.45 19.7839
    endloop
  endfacet
  facet normal 0.358108 0 0.93368
    outer loop
      vertex 30.5168 -16.45 19.7839
      vertex 30.2725 -13.45 19.8776
      vertex 30.2725 -16.45 19.8776
    endloop
  endfacet
  facet normal 0.0523582 -0 0.998628
    outer loop
      vertex 29.5 6.43995 12.5
      vertex 29.7613 8.45 12.4863
      vertex 29.5 8.45 12.5
    endloop
  endfacet
  facet normal 0.0523582 0 0.998628
    outer loop
      vertex 29.7613 8.45 12.4863
      vertex 29.5 6.43995 12.5
      vertex 29.7613 6.42625 12.4863
    endloop
  endfacet
  facet normal 0.544787 -0 0.838575
    outer loop
      vertex 30.75 6.10501 12.1651
      vertex 30.9695 8.45 12.0225
      vertex 30.75 8.45 12.1651
    endloop
  endfacet
  facet normal 0.544787 0 0.838575
    outer loop
      vertex 30.9695 8.45 12.0225
      vertex 30.75 6.10501 12.1651
      vertex 30.9695 5.96249 12.0225
    endloop
  endfacet
  facet normal 0.259137 -0 0.965841
    outer loop
      vertex 30.0198 6.38532 12.4454
      vertex 30.2725 8.45 12.3776
      vertex 30.0198 8.45 12.4454
    endloop
  endfacet
  facet normal 0.259137 0 0.965841
    outer loop
      vertex 30.2725 8.45 12.3776
      vertex 30.0198 6.38532 12.4454
      vertex 30.2725 6.31759 12.3776
    endloop
  endfacet
  facet normal 0.453926 -0 0.891039
    outer loop
      vertex 30.5168 6.22381 12.2839
      vertex 30.75 8.45 12.1651
      vertex 30.5168 8.45 12.2839
    endloop
  endfacet
  facet normal 0.453926 0 0.891039
    outer loop
      vertex 30.75 8.45 12.1651
      vertex 30.5168 6.22381 12.2839
      vertex 30.75 6.10501 12.1651
    endloop
  endfacet
  facet normal 0.7772 -0 0.629253
    outer loop
      vertex 31.3579 5.61278 11.6728
      vertex 31.5225 8.45 11.4695
      vertex 31.3579 8.45 11.6728
    endloop
  endfacet
  facet normal 0.777111 -0.00022868 0.629364
    outer loop
      vertex 31.5225 5.45 11.4695
      vertex 31.3579 5.61278 11.6728
      vertex 31.4897 5.45 11.51
    endloop
  endfacet
  facet normal 0.7772 0 0.629253
    outer loop
      vertex 31.3579 5.61278 11.6728
      vertex 31.5225 5.45 11.4695
      vertex 31.5225 8.45 11.4695
    endloop
  endfacet
  facet normal -0.1563 0 0.98771
    outer loop
      vertex 5.98022 8.45 12.4454
      vertex 6.23868 6.42625 12.4863
      vertex 6.23868 8.45 12.4863
    endloop
  endfacet
  facet normal -0.1563 0 0.98771
    outer loop
      vertex 6.23868 6.42625 12.4863
      vertex 5.98022 8.45 12.4454
      vertex 5.98022 6.38532 12.4454
    endloop
  endfacet
  facet normal 0.156277 -0 0.987713
    outer loop
      vertex 29.7613 6.42625 12.4863
      vertex 30.0198 8.45 12.4454
      vertex 29.7613 8.45 12.4863
    endloop
  endfacet
  facet normal 0.156277 0 0.987713
    outer loop
      vertex 30.0198 8.45 12.4454
      vertex 29.7613 6.42625 12.4863
      vertex 30.0198 6.38532 12.4454
    endloop
  endfacet
  facet normal 0.707107 -0 0.707107
    outer loop
      vertex 31.1728 5.79781 11.8579
      vertex 31.3579 8.45 11.6728
      vertex 31.1728 8.45 11.8579
    endloop
  endfacet
  facet normal 0.707107 0 0.707107
    outer loop
      vertex 31.3579 8.45 11.6728
      vertex 31.1728 5.79781 11.8579
      vertex 31.3579 5.61278 11.6728
    endloop
  endfacet
  facet normal 0 -1 0
    outer loop
      vertex 4.33494 5.45 11.25
      vertex 4.51032 5.45 11.51
      vertex 4.47746 5.45 11.4695
    endloop
  endfacet
  facet normal 0 -1 -0
    outer loop
      vertex 4.51032 5.45 11.51
      vertex 4 5.45 3.49497
      vertex 31.4897 5.45 11.51
    endloop
  endfacet
  facet normal 0 -1 0
    outer loop
      vertex 4.51032 5.45 11.51
      vertex 4.33494 5.45 11.25
      vertex 4 5.45 10
    endloop
  endfacet
  facet normal 0 -1 0
    outer loop
      vertex 4.51032 5.45 11.51
      vertex 4 5.45 10
      vertex 4 5.45 3.49497
    endloop
  endfacet
  facet normal 0 -1 0
    outer loop
      vertex 4 5.45 10
      vertex 4.33494 5.45 11.25
      vertex 4.21614 5.45 11.0168
    endloop
  endfacet
  facet normal 0 -1 0
    outer loop
      vertex 32 5.45 3.49497
      vertex 31.4897 5.45 11.51
      vertex 4 5.45 3.49497
    endloop
  endfacet
  facet normal 0 -1 0
    outer loop
      vertex 4 5.45 10
      vertex 4.21614 5.45 11.0168
      vertex 4.12236 5.45 10.7725
    endloop
  endfacet
  facet normal 0 -1 0
    outer loop
      vertex 31.4897 5.45 11.51
      vertex 31.6651 5.45 11.25
      vertex 31.5225 5.45 11.4695
    endloop
  endfacet
  facet normal 0 -1 0
    outer loop
      vertex 4 5.45 10
      vertex 4.12236 5.45 10.7725
      vertex 4.05463 5.45 10.5198
    endloop
  endfacet
  facet normal 0 -1 0
    outer loop
      vertex 31.6651 5.45 11.25
      vertex 32 5.45 10
      vertex 31.7839 5.45 11.0168
    endloop
  endfacet
  facet normal 0 -1 0
    outer loop
      vertex 4 5.45 10
      vertex 4.05463 5.45 10.5198
      vertex 4.0137 5.45 10.2613
    endloop
  endfacet
  facet normal 0 -1 0
    outer loop
      vertex 31.7839 5.45 11.0168
      vertex 32 5.45 10
      vertex 31.8776 5.45 10.7725
    endloop
  endfacet
  facet normal 0 -1 0
    outer loop
      vertex 31.8776 5.45 10.7725
      vertex 32 5.45 10
      vertex 31.9454 5.45 10.5198
    endloop
  endfacet
  facet normal 0 -1 0
    outer loop
      vertex 31.9454 5.45 10.5198
      vertex 32 5.45 10
      vertex 31.9863 5.45 10.2613
    endloop
  endfacet
  facet normal -0 -1 -0
    outer loop
      vertex 32 5.45 10
      vertex 31.4897 5.45 11.51
      vertex 32 5.45 3.49497
    endloop
  endfacet
  facet normal -0 -1 -0
    outer loop
      vertex 31.6651 5.45 11.25
      vertex 31.4897 5.45 11.51
      vertex 32 5.45 10
    endloop
  endfacet
  facet normal 0.998628 -0 0.0523582
    outer loop
      vertex 31.9863 5.45 10.2613
      vertex 32 8.45 10
      vertex 31.9863 8.45 10.2613
    endloop
  endfacet
  facet normal 0.998628 0 0.0523582
    outer loop
      vertex 32 8.45 10
      vertex 31.9863 5.45 10.2613
      vertex 32 5.45 10
    endloop
  endfacet
  facet normal 0.358108 -0 0.93368
    outer loop
      vertex 30.2725 6.31759 12.3776
      vertex 30.5168 8.45 12.2839
      vertex 30.2725 8.45 12.3776
    endloop
  endfacet
  facet normal 0.358108 0 0.93368
    outer loop
      vertex 30.5168 8.45 12.2839
      vertex 30.2725 6.31759 12.3776
      vertex 30.5168 6.22381 12.2839
    endloop
  endfacet
  facet normal 0.629253 -0 0.7772
    outer loop
      vertex 30.9695 5.96249 12.0225
      vertex 31.1728 8.45 11.8579
      vertex 30.9695 8.45 12.0225
    endloop
  endfacet
  facet normal 0.629253 0 0.7772
    outer loop
      vertex 31.1728 8.45 11.8579
      vertex 30.9695 5.96249 12.0225
      vertex 31.1728 5.79781 11.8579
    endloop
  endfacet
  facet normal 0.891039 -0 0.453926
    outer loop
      vertex 31.6651 5.45 11.25
      vertex 31.7839 8.45 11.0168
      vertex 31.6651 8.45 11.25
    endloop
  endfacet
  facet normal 0.891039 0 0.453926
    outer loop
      vertex 31.7839 8.45 11.0168
      vertex 31.6651 5.45 11.25
      vertex 31.7839 5.45 11.0168
    endloop
  endfacet
  facet normal -0 0 1
    outer loop
      vertex 6.5 8.45 12.5
      vertex 29.5 6.43995 12.5
      vertex 29.5 8.45 12.5
    endloop
  endfacet
  facet normal 0 0 1
    outer loop
      vertex 29.5 6.43995 12.5
      vertex 6.5 8.45 12.5
      vertex 6.5 6.43995 12.5
    endloop
  endfacet
  facet normal 0.93368 -0 0.358108
    outer loop
      vertex 31.7839 5.45 11.0168
      vertex 31.8776 8.45 10.7725
      vertex 31.7839 8.45 11.0168
    endloop
  endfacet
  facet normal 0.93368 0 0.358108
    outer loop
      vertex 31.8776 8.45 10.7725
      vertex 31.7839 5.45 11.0168
      vertex 31.8776 5.45 10.7725
    endloop
  endfacet
  facet normal 0.987713 -0 0.156277
    outer loop
      vertex 31.9454 5.45 10.5198
      vertex 31.9863 8.45 10.2613
      vertex 31.9454 8.45 10.5198
    endloop
  endfacet
  facet normal 0.987713 0 0.156277
    outer loop
      vertex 31.9863 8.45 10.2613
      vertex 31.9454 5.45 10.5198
      vertex 31.9863 5.45 10.2613
    endloop
  endfacet
  facet normal 0.838575 -0 0.544787
    outer loop
      vertex 31.5225 5.45 11.4695
      vertex 31.6651 8.45 11.25
      vertex 31.5225 8.45 11.4695
    endloop
  endfacet
  facet normal 0.838575 0 0.544787
    outer loop
      vertex 31.6651 8.45 11.25
      vertex 31.5225 5.45 11.4695
      vertex 31.6651 5.45 11.25
    endloop
  endfacet
  facet normal -0.358108 0 0.93368
    outer loop
      vertex 5.48316 8.45 12.2839
      vertex 5.72746 6.31759 12.3776
      vertex 5.72746 8.45 12.3776
    endloop
  endfacet
  facet normal -0.358108 0 0.93368
    outer loop
      vertex 5.72746 6.31759 12.3776
      vertex 5.48316 8.45 12.2839
      vertex 5.48316 6.22381 12.2839
    endloop
  endfacet
  facet normal -0.0523542 0 0.998629
    outer loop
      vertex 6.23868 8.45 12.4863
      vertex 6.5 6.43995 12.5
      vertex 6.5 8.45 12.5
    endloop
  endfacet
  facet normal -0.0523542 0 0.998629
    outer loop
      vertex 6.5 6.43995 12.5
      vertex 6.23868 8.45 12.4863
      vertex 6.23868 6.42625 12.4863
    endloop
  endfacet
  facet normal -0.933578 0 0.358375
    outer loop
      vertex 4.12236 5.45 10.7725
      vertex 4.21614 8.45 11.0168
      vertex 4.12236 8.45 10.7725
    endloop
  endfacet
  facet normal -0.933578 0 0.358375
    outer loop
      vertex 4.21614 8.45 11.0168
      vertex 4.12236 5.45 10.7725
      vertex 4.21614 5.45 11.0168
    endloop
  endfacet
  facet normal -0.998628 0 0.0523582
    outer loop
      vertex 4 5.45 10
      vertex 4.0137 8.45 10.2613
      vertex 4 8.45 10
    endloop
  endfacet
  facet normal -0.998628 0 0.0523582
    outer loop
      vertex 4.0137 8.45 10.2613
      vertex 4 5.45 10
      vertex 4.0137 5.45 10.2613
    endloop
  endfacet
  facet normal 0.965841 -0 0.259137
    outer loop
      vertex 31.8776 5.45 10.7725
      vertex 31.9454 8.45 10.5198
      vertex 31.8776 8.45 10.7725
    endloop
  endfacet
  facet normal 0.965841 0 0.259137
    outer loop
      vertex 31.9454 8.45 10.5198
      vertex 31.8776 5.45 10.7725
      vertex 31.9454 5.45 10.5198
    endloop
  endfacet
  facet normal -0.25908 0 0.965856
    outer loop
      vertex 5.72746 8.45 12.3776
      vertex 5.98022 6.38532 12.4454
      vertex 5.98022 8.45 12.4454
    endloop
  endfacet
  facet normal -0.25908 0 0.965856
    outer loop
      vertex 5.98022 6.38532 12.4454
      vertex 5.72746 8.45 12.3776
      vertex 5.72746 6.31759 12.3776
    endloop
  endfacet
  facet normal -0.987696 0 0.156388
    outer loop
      vertex 4.0137 5.45 10.2613
      vertex 4.05463 8.45 10.5198
      vertex 4.0137 8.45 10.2613
    endloop
  endfacet
  facet normal -0.987696 0 0.156388
    outer loop
      vertex 4.05463 8.45 10.5198
      vertex 4.0137 5.45 10.2613
      vertex 4.05463 5.45 10.5198
    endloop
  endfacet
  facet normal -0.838714 0 0.544572
    outer loop
      vertex 4.33494 5.45 11.25
      vertex 4.47746 8.45 11.4695
      vertex 4.33494 8.45 11.25
    endloop
  endfacet
  facet normal -0.838714 0 0.544572
    outer loop
      vertex 4.47746 8.45 11.4695
      vertex 4.33494 5.45 11.25
      vertex 4.47746 5.45 11.4695
    endloop
  endfacet
  facet normal -0.544857 0 0.838529
    outer loop
      vertex 5.03054 8.45 12.0225
      vertex 5.25 6.10501 12.1651
      vertex 5.25 8.45 12.1651
    endloop
  endfacet
  facet normal -0.544857 0 0.838529
    outer loop
      vertex 5.25 6.10501 12.1651
      vertex 5.03054 8.45 12.0225
      vertex 5.03054 5.96249 12.0225
    endloop
  endfacet
  facet normal -0.965907 0 0.258888
    outer loop
      vertex 4.05463 5.45 10.5198
      vertex 4.12236 8.45 10.7725
      vertex 4.05463 8.45 10.5198
    endloop
  endfacet
  facet normal -0.965907 0 0.258888
    outer loop
      vertex 4.12236 8.45 10.7725
      vertex 4.05463 5.45 10.5198
      vertex 4.12236 5.45 10.7725
    endloop
  endfacet
  facet normal -0.453988 0 0.891008
    outer loop
      vertex 5.25 8.45 12.1651
      vertex 5.48316 6.22381 12.2839
      vertex 5.48316 8.45 12.2839
    endloop
  endfacet
  facet normal -0.453988 0 0.891008
    outer loop
      vertex 5.48316 6.22381 12.2839
      vertex 5.25 8.45 12.1651
      vertex 5.25 6.10501 12.1651
    endloop
  endfacet
  facet normal -0.629122 0 0.777306
    outer loop
      vertex 4.82717 8.45 11.8579
      vertex 5.03054 5.96249 12.0225
      vertex 5.03054 8.45 12.0225
    endloop
  endfacet
  facet normal -0.629122 0 0.777306
    outer loop
      vertex 5.03054 5.96249 12.0225
      vertex 4.82717 8.45 11.8579
      vertex 4.82717 5.79781 11.8579
    endloop
  endfacet
  facet normal -0.70724 0 0.706973
    outer loop
      vertex 4.64214 8.45 11.6728
      vertex 4.82717 5.79781 11.8579
      vertex 4.82717 8.45 11.8579
    endloop
  endfacet
  facet normal -0.70724 0 0.706973
    outer loop
      vertex 4.82717 5.79781 11.8579
      vertex 4.64214 8.45 11.6728
      vertex 4.64214 5.61278 11.6728
    endloop
  endfacet
  facet normal -0.777051 0 0.629438
    outer loop
      vertex 4.47746 8.45 11.4695
      vertex 4.64214 5.61278 11.6728
      vertex 4.64214 8.45 11.6728
    endloop
  endfacet
  facet normal -0.777051 0 0.629438
    outer loop
      vertex 4.47746 5.45 11.4695
      vertex 4.64214 5.61278 11.6728
      vertex 4.47746 8.45 11.4695
    endloop
  endfacet
  facet normal -0.776547 -0.00128369 0.630058
    outer loop
      vertex 4.64214 5.61278 11.6728
      vertex 4.47746 5.45 11.4695
      vertex 4.51032 5.45 11.51
    endloop
  endfacet
  facet normal -0.891039 0 0.453926
    outer loop
      vertex 4.21614 5.45 11.0168
      vertex 4.33494 8.45 11.25
      vertex 4.21614 8.45 11.0168
    endloop
  endfacet
  facet normal -0.891039 0 0.453926
    outer loop
      vertex 4.33494 8.45 11.25
      vertex 4.21614 5.45 11.0168
      vertex 4.33494 5.45 11.25
    endloop
  endfacet
  facet normal -0.998633 0 0.0522639
    outer loop
      vertex 13.6907 -14.65 8.8223
      vertex 13.7 -13.45 9
      vertex 13.6907 -13.45 8.8223
    endloop
  endfacet
  facet normal -0.998633 0 0.0522639
    outer loop
      vertex 13.7 -13.45 9
      vertex 13.6907 -14.65 8.8223
      vertex 13.7 -14.65 9
    endloop
  endfacet
  facet normal 0.998633 -0 0.0522639
    outer loop
      vertex 10.3 -14.65 9
      vertex 10.3093 -13.45 8.8223
      vertex 10.3 -13.45 9
    endloop
  endfacet
  facet normal 0.998633 0 0.0522639
    outer loop
      vertex 10.3093 -13.45 8.8223
      vertex 10.3 -14.65 9
      vertex 10.3093 -14.65 8.8223
    endloop
  endfacet
  facet normal 0.0523199 0 0.99863
    outer loop
      vertex 11.8223 -13.45 7.30931
      vertex 12 -14.65 7.3
      vertex 12 -13.45 7.3
    endloop
  endfacet
  facet normal 0.0523199 0 0.99863
    outer loop
      vertex 12 -14.65 7.3
      vertex 11.8223 -13.45 7.30931
      vertex 11.8223 -14.65 7.30931
    endloop
  endfacet
  facet normal -0.0522639 0 -0.998633
    outer loop
      vertex 12 -14.65 10.7
      vertex 12.1777 -13.45 10.6907
      vertex 12.1777 -14.65 10.6907
    endloop
  endfacet
  facet normal -0.0522639 0 -0.998633
    outer loop
      vertex 12.1777 -13.45 10.6907
      vertex 12 -14.65 10.7
      vertex 12 -13.45 10.7
    endloop
  endfacet
  facet normal -0.707191 0 0.707022
    outer loop
      vertex 13.1375 -14.65 7.73665
      vertex 13.2633 -13.45 7.86248
      vertex 13.1375 -13.45 7.73665
    endloop
  endfacet
  facet normal -0.707191 0 0.707022
    outer loop
      vertex 13.2633 -13.45 7.86248
      vertex 13.1375 -14.65 7.73665
      vertex 13.2633 -14.65 7.86248
    endloop
  endfacet
  facet normal 0.707191 -0 0.707022
    outer loop
      vertex 10.7367 -14.65 7.86248
      vertex 10.8625 -13.45 7.73665
      vertex 10.7367 -13.45 7.86248
    endloop
  endfacet
  facet normal 0.707191 0 0.707022
    outer loop
      vertex 10.8625 -13.45 7.73665
      vertex 10.7367 -14.65 7.86248
      vertex 10.8625 -14.65 7.73665
    endloop
  endfacet
  facet normal 0.35823 0 0.933633
    outer loop
      vertex 11.3085 -13.45 7.44697
      vertex 11.4747 -14.65 7.3832
      vertex 11.4747 -13.45 7.3832
    endloop
  endfacet
  facet normal 0.35823 0 0.933633
    outer loop
      vertex 11.4747 -14.65 7.3832
      vertex 11.3085 -13.45 7.44697
      vertex 11.3085 -14.65 7.44697
    endloop
  endfacet
  facet normal -0.933519 0 0.358527
    outer loop
      vertex 13.553 -14.65 8.30855
      vertex 13.6168 -13.45 8.47467
      vertex 13.553 -13.45 8.30855
    endloop
  endfacet
  facet normal -0.933519 0 0.358527
    outer loop
      vertex 13.6168 -13.45 8.47467
      vertex 13.553 -14.65 8.30855
      vertex 13.6168 -14.65 8.47467
    endloop
  endfacet
  facet normal -0.98772 0 0.156237
    outer loop
      vertex 13.6629 -14.65 8.64655
      vertex 13.6907 -13.45 8.8223
      vertex 13.6629 -13.45 8.64655
    endloop
  endfacet
  facet normal -0.98772 0 0.156237
    outer loop
      vertex 13.6907 -13.45 8.8223
      vertex 13.6629 -14.65 8.64655
      vertex 13.6907 -14.65 8.8223
    endloop
  endfacet
  facet normal -0.35823 0 0.933633
    outer loop
      vertex 12.5253 -13.45 7.3832
      vertex 12.6915 -14.65 7.44697
      vertex 12.6915 -13.45 7.44697
    endloop
  endfacet
  facet normal -0.35823 0 0.933633
    outer loop
      vertex 12.6915 -14.65 7.44697
      vertex 12.5253 -13.45 7.3832
      vertex 12.5253 -14.65 7.3832
    endloop
  endfacet
  facet normal -0.544712 0 0.838623
    outer loop
      vertex 12.85 -13.45 7.52776
      vertex 12.9992 -14.65 7.62467
      vertex 12.9992 -13.45 7.62467
    endloop
  endfacet
  facet normal -0.544712 0 0.838623
    outer loop
      vertex 12.9992 -14.65 7.62467
      vertex 12.85 -13.45 7.52776
      vertex 12.85 -14.65 7.52776
    endloop
  endfacet
  facet normal 0.890973 -0 0.454056
    outer loop
      vertex 10.447 -14.65 8.30855
      vertex 10.5278 -13.45 8.15
      vertex 10.447 -13.45 8.30855
    endloop
  endfacet
  facet normal 0.890973 0 0.454056
    outer loop
      vertex 10.5278 -13.45 8.15
      vertex 10.447 -14.65 8.30855
      vertex 10.5278 -14.65 8.15
    endloop
  endfacet
  facet normal 0.777105 -0 0.629371
    outer loop
      vertex 10.6247 -14.65 8.00077
      vertex 10.7367 -13.45 7.86248
      vertex 10.6247 -13.45 8.00077
    endloop
  endfacet
  facet normal 0.777105 0 0.629371
    outer loop
      vertex 10.7367 -13.45 7.86248
      vertex 10.6247 -14.65 8.00077
      vertex 10.7367 -14.65 7.86248
    endloop
  endfacet
  facet normal 0.156499 0 0.987678
    outer loop
      vertex 11.6466 -13.45 7.33715
      vertex 11.8223 -14.65 7.30931
      vertex 11.8223 -13.45 7.30931
    endloop
  endfacet
  facet normal 0.156499 0 0.987678
    outer loop
      vertex 11.8223 -14.65 7.30931
      vertex 11.6466 -13.45 7.33715
      vertex 11.6466 -14.65 7.33715
    endloop
  endfacet
  facet normal 0.77706 0 -0.629426
    outer loop
      vertex 10.7367 -14.65 10.1375
      vertex 10.6247 -13.45 9.99923
      vertex 10.7367 -13.45 10.1375
    endloop
  endfacet
  facet normal 0.77706 0 -0.629426
    outer loop
      vertex 10.6247 -13.45 9.99923
      vertex 10.7367 -14.65 10.1375
      vertex 10.6247 -14.65 9.99923
    endloop
  endfacet
  facet normal -0.15628 0 -0.987713
    outer loop
      vertex 12.1777 -14.65 10.6907
      vertex 12.3534 -13.45 10.6629
      vertex 12.3534 -14.65 10.6629
    endloop
  endfacet
  facet normal -0.15628 0 -0.987713
    outer loop
      vertex 12.3534 -13.45 10.6629
      vertex 12.1777 -14.65 10.6907
      vertex 12.1777 -13.45 10.6907
    endloop
  endfacet
  facet normal -0.965863 0 0.259054
    outer loop
      vertex 13.6168 -14.65 8.47467
      vertex 13.6629 -13.45 8.64655
      vertex 13.6168 -13.45 8.47467
    endloop
  endfacet
  facet normal -0.965863 0 0.259054
    outer loop
      vertex 13.6629 -13.45 8.64655
      vertex 13.6168 -14.65 8.47467
      vertex 13.6629 -14.65 8.64655
    endloop
  endfacet
  facet normal -0.838699 0 0.544595
    outer loop
      vertex 13.3753 -14.65 8.00077
      vertex 13.4722 -13.45 8.15
      vertex 13.3753 -13.45 8.00077
    endloop
  endfacet
  facet normal -0.838699 0 0.544595
    outer loop
      vertex 13.4722 -13.45 8.15
      vertex 13.3753 -14.65 8.00077
      vertex 13.4722 -14.65 8.15
    endloop
  endfacet
  facet normal -0.777105 0 0.629371
    outer loop
      vertex 13.2633 -14.65 7.86248
      vertex 13.3753 -13.45 8.00077
      vertex 13.2633 -13.45 7.86248
    endloop
  endfacet
  facet normal -0.777105 0 0.629371
    outer loop
      vertex 13.3753 -13.45 8.00077
      vertex 13.2633 -14.65 7.86248
      vertex 13.3753 -14.65 8.00077
    endloop
  endfacet
  facet normal -0.890973 0 0.454056
    outer loop
      vertex 13.4722 -14.65 8.15
      vertex 13.553 -13.45 8.30855
      vertex 13.4722 -13.45 8.15
    endloop
  endfacet
  facet normal -0.890973 0 0.454056
    outer loop
      vertex 13.553 -13.45 8.30855
      vertex 13.4722 -14.65 8.15
      vertex 13.553 -14.65 8.30855
    endloop
  endfacet
  facet normal -0.156499 0 0.987678
    outer loop
      vertex 12.1777 -13.45 7.30931
      vertex 12.3534 -14.65 7.33715
      vertex 12.3534 -13.45 7.33715
    endloop
  endfacet
  facet normal -0.156499 0 0.987678
    outer loop
      vertex 12.3534 -14.65 7.33715
      vertex 12.1777 -13.45 7.30931
      vertex 12.1777 -14.65 7.30931
    endloop
  endfacet
  facet normal -0.258764 0 0.965941
    outer loop
      vertex 12.3534 -13.45 7.33715
      vertex 12.5253 -14.65 7.3832
      vertex 12.5253 -13.45 7.3832
    endloop
  endfacet
  facet normal -0.258764 0 0.965941
    outer loop
      vertex 12.5253 -14.65 7.3832
      vertex 12.3534 -13.45 7.33715
      vertex 12.3534 -14.65 7.33715
    endloop
  endfacet
  facet normal -0.0523199 0 0.99863
    outer loop
      vertex 12 -13.45 7.3
      vertex 12.1777 -14.65 7.30931
      vertex 12.1777 -13.45 7.30931
    endloop
  endfacet
  facet normal -0.0523199 0 0.99863
    outer loop
      vertex 12.1777 -14.65 7.30931
      vertex 12 -13.45 7.3
      vertex 12 -14.65 7.3
    endloop
  endfacet
  facet normal -0.454125 0 0.890938
    outer loop
      vertex 12.6915 -13.45 7.44697
      vertex 12.85 -14.65 7.52776
      vertex 12.85 -13.45 7.52776
    endloop
  endfacet
  facet normal -0.454125 0 0.890938
    outer loop
      vertex 12.85 -14.65 7.52776
      vertex 12.6915 -13.45 7.44697
      vertex 12.6915 -14.65 7.44697
    endloop
  endfacet
  facet normal -0.629276 0 0.777182
    outer loop
      vertex 12.9992 -13.45 7.62467
      vertex 13.1375 -14.65 7.73665
      vertex 13.1375 -13.45 7.73665
    endloop
  endfacet
  facet normal -0.629276 0 0.777182
    outer loop
      vertex 13.1375 -14.65 7.73665
      vertex 12.9992 -13.45 7.62467
      vertex 12.9992 -14.65 7.62467
    endloop
  endfacet
  facet normal 0.965863 -0 0.259054
    outer loop
      vertex 10.3371 -14.65 8.64655
      vertex 10.3832 -13.45 8.47467
      vertex 10.3371 -13.45 8.64655
    endloop
  endfacet
  facet normal 0.965863 0 0.259054
    outer loop
      vertex 10.3832 -13.45 8.47467
      vertex 10.3371 -14.65 8.64655
      vertex 10.3832 -14.65 8.47467
    endloop
  endfacet
  facet normal 0.838699 -0 0.544595
    outer loop
      vertex 10.5278 -14.65 8.15
      vertex 10.6247 -13.45 8.00077
      vertex 10.5278 -13.45 8.15
    endloop
  endfacet
  facet normal 0.838699 0 0.544595
    outer loop
      vertex 10.6247 -13.45 8.00077
      vertex 10.5278 -14.65 8.15
      vertex 10.6247 -14.65 8.00077
    endloop
  endfacet
  facet normal 0.933519 -0 0.358527
    outer loop
      vertex 10.3832 -14.65 8.47467
      vertex 10.447 -13.45 8.30855
      vertex 10.3832 -13.45 8.47467
    endloop
  endfacet
  facet normal 0.933519 0 0.358527
    outer loop
      vertex 10.447 -13.45 8.30855
      vertex 10.3832 -14.65 8.47467
      vertex 10.447 -14.65 8.30855
    endloop
  endfacet
  facet normal 0.98772 -0 0.156237
    outer loop
      vertex 10.3093 -14.65 8.8223
      vertex 10.3371 -13.45 8.64655
      vertex 10.3093 -13.45 8.8223
    endloop
  endfacet
  facet normal 0.98772 0 0.156237
    outer loop
      vertex 10.3371 -13.45 8.64655
      vertex 10.3093 -14.65 8.8223
      vertex 10.3371 -14.65 8.64655
    endloop
  endfacet
  facet normal 0.544712 0 0.838623
    outer loop
      vertex 11.0008 -13.45 7.62467
      vertex 11.15 -14.65 7.52776
      vertex 11.15 -13.45 7.52776
    endloop
  endfacet
  facet normal 0.544712 0 0.838623
    outer loop
      vertex 11.15 -14.65 7.52776
      vertex 11.0008 -13.45 7.62467
      vertex 11.0008 -14.65 7.62467
    endloop
  endfacet
  facet normal 0.454125 0 0.890938
    outer loop
      vertex 11.15 -13.45 7.52776
      vertex 11.3085 -14.65 7.44697
      vertex 11.3085 -13.45 7.44697
    endloop
  endfacet
  facet normal 0.454125 0 0.890938
    outer loop
      vertex 11.3085 -14.65 7.44697
      vertex 11.15 -13.45 7.52776
      vertex 11.15 -14.65 7.52776
    endloop
  endfacet
  facet normal 0.629276 0 0.777182
    outer loop
      vertex 10.8625 -13.45 7.73665
      vertex 11.0008 -14.65 7.62467
      vertex 11.0008 -13.45 7.62467
    endloop
  endfacet
  facet normal 0.629276 0 0.777182
    outer loop
      vertex 11.0008 -14.65 7.62467
      vertex 10.8625 -13.45 7.73665
      vertex 10.8625 -14.65 7.73665
    endloop
  endfacet
  facet normal 0.258764 0 0.965941
    outer loop
      vertex 11.4747 -13.45 7.3832
      vertex 11.6466 -14.65 7.33715
      vertex 11.6466 -13.45 7.33715
    endloop
  endfacet
  facet normal 0.258764 0 0.965941
    outer loop
      vertex 11.6466 -14.65 7.33715
      vertex 11.4747 -13.45 7.3832
      vertex 11.4747 -14.65 7.3832
    endloop
  endfacet
  facet normal -0.998633 0 -0.0522639
    outer loop
      vertex 13.7 -14.65 9
      vertex 13.6907 -13.45 9.1777
      vertex 13.7 -13.45 9
    endloop
  endfacet
  facet normal -0.998633 -0 -0.0522639
    outer loop
      vertex 13.6907 -13.45 9.1777
      vertex 13.7 -14.65 9
      vertex 13.6907 -14.65 9.1777
    endloop
  endfacet
  facet normal -0.965863 0 -0.259054
    outer loop
      vertex 13.6629 -14.65 9.35345
      vertex 13.6168 -13.45 9.52533
      vertex 13.6629 -13.45 9.35345
    endloop
  endfacet
  facet normal -0.965863 -0 -0.259054
    outer loop
      vertex 13.6168 -13.45 9.52533
      vertex 13.6629 -14.65 9.35345
      vertex 13.6168 -14.65 9.52533
    endloop
  endfacet
  facet normal -0.629344 0 -0.777127
    outer loop
      vertex 12.9992 -14.65 10.3753
      vertex 13.1375 -13.45 10.2633
      vertex 13.1375 -14.65 10.2633
    endloop
  endfacet
  facet normal -0.629344 0 -0.777127
    outer loop
      vertex 13.1375 -13.45 10.2633
      vertex 12.9992 -14.65 10.3753
      vertex 12.9992 -13.45 10.3753
    endloop
  endfacet
  facet normal -0.890973 0 -0.454056
    outer loop
      vertex 13.553 -14.65 9.69145
      vertex 13.4722 -13.45 9.85
      vertex 13.553 -13.45 9.69145
    endloop
  endfacet
  facet normal -0.890973 -0 -0.454056
    outer loop
      vertex 13.4722 -13.45 9.85
      vertex 13.553 -14.65 9.69145
      vertex 13.4722 -14.65 9.85
    endloop
  endfacet
  facet normal -0.77706 0 -0.629426
    outer loop
      vertex 13.3753 -14.65 9.99923
      vertex 13.2633 -13.45 10.1375
      vertex 13.3753 -13.45 9.99923
    endloop
  endfacet
  facet normal -0.77706 -0 -0.629426
    outer loop
      vertex 13.2633 -13.45 10.1375
      vertex 13.3753 -14.65 9.99923
      vertex 13.2633 -14.65 10.1375
    endloop
  endfacet
  facet normal 0.965863 0 -0.259054
    outer loop
      vertex 10.3832 -14.65 9.52533
      vertex 10.3371 -13.45 9.35345
      vertex 10.3832 -13.45 9.52533
    endloop
  endfacet
  facet normal 0.965863 0 -0.259054
    outer loop
      vertex 10.3371 -13.45 9.35345
      vertex 10.3832 -14.65 9.52533
      vertex 10.3371 -14.65 9.35345
    endloop
  endfacet
  facet normal 0.998633 0 -0.0522639
    outer loop
      vertex 10.3093 -14.65 9.1777
      vertex 10.3 -13.45 9
      vertex 10.3093 -13.45 9.1777
    endloop
  endfacet
  facet normal 0.998633 0 -0.0522639
    outer loop
      vertex 10.3 -13.45 9
      vertex 10.3093 -14.65 9.1777
      vertex 10.3 -14.65 9
    endloop
  endfacet
  facet normal 0.98772 0 -0.156237
    outer loop
      vertex 10.3371 -14.65 9.35345
      vertex 10.3093 -13.45 9.1777
      vertex 10.3371 -13.45 9.35345
    endloop
  endfacet
  facet normal 0.98772 0 -0.156237
    outer loop
      vertex 10.3093 -13.45 9.1777
      vertex 10.3371 -14.65 9.35345
      vertex 10.3093 -14.65 9.1777
    endloop
  endfacet
  facet normal -0.358377 0 -0.933577
    outer loop
      vertex 12.5253 -14.65 10.6168
      vertex 12.6915 -13.45 10.553
      vertex 12.6915 -14.65 10.553
    endloop
  endfacet
  facet normal -0.358377 0 -0.933577
    outer loop
      vertex 12.6915 -13.45 10.553
      vertex 12.5253 -14.65 10.6168
      vertex 12.5253 -13.45 10.6168
    endloop
  endfacet
  facet normal -0.259026 0 -0.96587
    outer loop
      vertex 12.3534 -14.65 10.6629
      vertex 12.5253 -13.45 10.6168
      vertex 12.5253 -14.65 10.6168
    endloop
  endfacet
  facet normal -0.259026 0 -0.96587
    outer loop
      vertex 12.5253 -13.45 10.6168
      vertex 12.3534 -14.65 10.6629
      vertex 12.3534 -13.45 10.6629
    endloop
  endfacet
  facet normal -0.98772 0 -0.156237
    outer loop
      vertex 13.6907 -14.65 9.1777
      vertex 13.6629 -13.45 9.35345
      vertex 13.6907 -13.45 9.1777
    endloop
  endfacet
  facet normal -0.98772 -0 -0.156237
    outer loop
      vertex 13.6629 -13.45 9.35345
      vertex 13.6907 -14.65 9.1777
      vertex 13.6629 -14.65 9.35345
    endloop
  endfacet
  facet normal -0.45417 0 -0.890915
    outer loop
      vertex 12.6915 -14.65 10.553
      vertex 12.85 -13.45 10.4722
      vertex 12.85 -14.65 10.4722
    endloop
  endfacet
  facet normal -0.45417 0 -0.890915
    outer loop
      vertex 12.85 -13.45 10.4722
      vertex 12.6915 -14.65 10.553
      vertex 12.6915 -13.45 10.553
    endloop
  endfacet
  facet normal -0.544672 0 -0.838649
    outer loop
      vertex 12.85 -14.65 10.4722
      vertex 12.9992 -13.45 10.3753
      vertex 12.9992 -14.65 10.3753
    endloop
  endfacet
  facet normal -0.544672 0 -0.838649
    outer loop
      vertex 12.9992 -13.45 10.3753
      vertex 12.85 -14.65 10.4722
      vertex 12.85 -13.45 10.4722
    endloop
  endfacet
  facet normal -0.933519 0 -0.358527
    outer loop
      vertex 13.6168 -14.65 9.52533
      vertex 13.553 -13.45 9.69145
      vertex 13.6168 -13.45 9.52533
    endloop
  endfacet
  facet normal -0.933519 -0 -0.358527
    outer loop
      vertex 13.553 -13.45 9.69145
      vertex 13.6168 -14.65 9.52533
      vertex 13.553 -14.65 9.69145
    endloop
  endfacet
  facet normal -0.838699 0 -0.544595
    outer loop
      vertex 13.4722 -14.65 9.85
      vertex 13.3753 -13.45 9.99923
      vertex 13.4722 -13.45 9.85
    endloop
  endfacet
  facet normal -0.838699 -0 -0.544595
    outer loop
      vertex 13.3753 -13.45 9.99923
      vertex 13.4722 -14.65 9.85
      vertex 13.3753 -14.65 9.99923
    endloop
  endfacet
  facet normal 0.890973 0 -0.454056
    outer loop
      vertex 10.5278 -14.65 9.85
      vertex 10.447 -13.45 9.69145
      vertex 10.5278 -13.45 9.85
    endloop
  endfacet
  facet normal 0.890973 0 -0.454056
    outer loop
      vertex 10.447 -13.45 9.69145
      vertex 10.5278 -14.65 9.85
      vertex 10.447 -14.65 9.69145
    endloop
  endfacet
  facet normal 0.707107 0 -0.707107
    outer loop
      vertex 10.8625 -14.65 10.2633
      vertex 10.7367 -13.45 10.1375
      vertex 10.8625 -13.45 10.2633
    endloop
  endfacet
  facet normal 0.707107 0 -0.707107
    outer loop
      vertex 10.7367 -13.45 10.1375
      vertex 10.8625 -14.65 10.2633
      vertex 10.7367 -14.65 10.1375
    endloop
  endfacet
  facet normal 0.933519 0 -0.358527
    outer loop
      vertex 10.447 -14.65 9.69145
      vertex 10.3832 -13.45 9.52533
      vertex 10.447 -13.45 9.69145
    endloop
  endfacet
  facet normal 0.933519 0 -0.358527
    outer loop
      vertex 10.3832 -13.45 9.52533
      vertex 10.447 -14.65 9.69145
      vertex 10.3832 -14.65 9.52533
    endloop
  endfacet
  facet normal -0.707107 0 -0.707107
    outer loop
      vertex 13.2633 -14.65 10.1375
      vertex 13.1375 -13.45 10.2633
      vertex 13.2633 -13.45 10.1375
    endloop
  endfacet
  facet normal -0.707107 -0 -0.707107
    outer loop
      vertex 13.1375 -13.45 10.2633
      vertex 13.2633 -14.65 10.1375
      vertex 13.1375 -14.65 10.2633
    endloop
  endfacet
  facet normal 0.629344 0 -0.777127
    outer loop
      vertex 10.8625 -14.65 10.2633
      vertex 11.0008 -13.45 10.3753
      vertex 11.0008 -14.65 10.3753
    endloop
  endfacet
  facet normal 0.629344 0 -0.777127
    outer loop
      vertex 11.0008 -13.45 10.3753
      vertex 10.8625 -14.65 10.2633
      vertex 10.8625 -13.45 10.2633
    endloop
  endfacet
  facet normal 0.544672 0 -0.838649
    outer loop
      vertex 11.0008 -14.65 10.3753
      vertex 11.15 -13.45 10.4722
      vertex 11.15 -14.65 10.4722
    endloop
  endfacet
  facet normal 0.544672 0 -0.838649
    outer loop
      vertex 11.15 -13.45 10.4722
      vertex 11.0008 -14.65 10.3753
      vertex 11.0008 -13.45 10.3753
    endloop
  endfacet
  facet normal 0.358377 0 -0.933577
    outer loop
      vertex 11.3085 -14.65 10.553
      vertex 11.4747 -13.45 10.6168
      vertex 11.4747 -14.65 10.6168
    endloop
  endfacet
  facet normal 0.358377 0 -0.933577
    outer loop
      vertex 11.4747 -13.45 10.6168
      vertex 11.3085 -14.65 10.553
      vertex 11.3085 -13.45 10.553
    endloop
  endfacet
  facet normal 0.45417 0 -0.890915
    outer loop
      vertex 11.15 -14.65 10.4722
      vertex 11.3085 -13.45 10.553
      vertex 11.3085 -14.65 10.553
    endloop
  endfacet
  facet normal 0.45417 0 -0.890915
    outer loop
      vertex 11.3085 -13.45 10.553
      vertex 11.15 -14.65 10.4722
      vertex 11.15 -13.45 10.4722
    endloop
  endfacet
  facet normal 0.259026 0 -0.96587
    outer loop
      vertex 11.4747 -14.65 10.6168
      vertex 11.6466 -13.45 10.6629
      vertex 11.6466 -14.65 10.6629
    endloop
  endfacet
  facet normal 0.259026 0 -0.96587
    outer loop
      vertex 11.6466 -13.45 10.6629
      vertex 11.4747 -14.65 10.6168
      vertex 11.4747 -13.45 10.6168
    endloop
  endfacet
  facet normal 0.15628 0 -0.987713
    outer loop
      vertex 11.6466 -14.65 10.6629
      vertex 11.8223 -13.45 10.6907
      vertex 11.8223 -14.65 10.6907
    endloop
  endfacet
  facet normal 0.15628 0 -0.987713
    outer loop
      vertex 11.8223 -13.45 10.6907
      vertex 11.6466 -14.65 10.6629
      vertex 11.6466 -13.45 10.6629
    endloop
  endfacet
  facet normal 0.0522639 0 -0.998633
    outer loop
      vertex 11.8223 -14.65 10.6907
      vertex 12 -13.45 10.7
      vertex 12 -14.65 10.7
    endloop
  endfacet
  facet normal 0.0522639 0 -0.998633
    outer loop
      vertex 12 -13.45 10.7
      vertex 11.8223 -14.65 10.6907
      vertex 11.8223 -13.45 10.6907
    endloop
  endfacet
  facet normal 0.838699 0 -0.544595
    outer loop
      vertex 10.6247 -14.65 9.99923
      vertex 10.5278 -13.45 9.85
      vertex 10.6247 -13.45 9.99923
    endloop
  endfacet
  facet normal 0.838699 0 -0.544595
    outer loop
      vertex 10.5278 -13.45 9.85
      vertex 10.6247 -14.65 9.99923
      vertex 10.5278 -14.65 9.85
    endloop
  endfacet
  facet normal -0.774235 -0.631599 0.0405199
    outer loop
      vertex 15.1679 -16.45 8.99065
      vertex 13.7 -14.65 9
      vertex 13.6907 -14.65 8.8223
    endloop
  endfacet
  facet normal -0.774205 -0.631579 0.0414013
    outer loop
      vertex 13.7 -14.65 9
      vertex 15.1679 -16.45 8.99065
      vertex 15.1684 -16.45 9
    endloop
  endfacet
  facet normal -0.774234 -0.631608 0.0404149
    outer loop
      vertex 15.1511 -16.45 8.66881
      vertex 15.1679 -16.45 8.99065
      vertex 13.6907 -14.65 8.8223
    endloop
  endfacet
  facet normal 0.774227 -0.631606 0.0405745
    outer loop
      vertex 8.83207 -16.45 8.99065
      vertex 10.3 -14.65 9
      vertex 8.83158 -16.45 9
    endloop
  endfacet
  facet normal 0.774229 -0.631607 0.0405196
    outer loop
      vertex 10.3 -14.65 9
      vertex 8.83207 -16.45 8.99065
      vertex 10.3093 -14.65 8.8223
    endloop
  endfacet
  facet normal -0.766683 -0.631452 0.116039
    outer loop
      vertex 15.1006 -16.45 8.3505
      vertex 13.6629 -14.65 8.64655
      vertex 15.0992 -16.45 8.34125
    endloop
  endfacet
  facet normal -0.765792 -0.631578 0.121132
    outer loop
      vertex 13.6629 -14.65 8.64655
      vertex 15.1006 -16.45 8.3505
      vertex 13.6907 -14.65 8.8223
    endloop
  endfacet
  facet normal -0.548271 -0.631619 0.54814
    outer loop
      vertex 13.1375 -14.65 7.73665
      vertex 14.3546 -16.45 6.87991
      vertex 13.2633 -14.65 7.86248
    endloop
  endfacet
  facet normal -0.548221 -0.631612 0.548197
    outer loop
      vertex 14.3546 -16.45 6.87991
      vertex 13.1375 -14.65 7.73665
      vertex 14.1201 -16.45 6.6454
    endloop
  endfacet
  facet normal 0.0411815 -0.631585 -0.774212
    outer loop
      vertex 11.9906 -16.45 12.1679
      vertex 12 -14.65 10.7
      vertex 12 -16.45 12.1684
    endloop
  endfacet
  facet normal 0.0405199 -0.6316 -0.774235
    outer loop
      vertex 12 -14.65 10.7
      vertex 11.9906 -16.45 12.1679
      vertex 11.8223 -14.65 10.6907
    endloop
  endfacet
  facet normal 0.040359 -0.631611 0.774234
    outer loop
      vertex 12 -14.65 7.3
      vertex 11.9906 -16.45 5.83207
      vertex 12 -16.45 5.83158
    endloop
  endfacet
  facet normal 0.040563 -0.631607 0.774227
    outer loop
      vertex 11.9906 -16.45 5.83207
      vertex 12 -14.65 7.3
      vertex 11.8223 -14.65 7.30931
    endloop
  endfacet
  facet normal 0.77423 -0.631602 -0.0405831
    outer loop
      vertex 10.3093 -14.65 9.1777
      vertex 8.84894 -16.45 9.33119
      vertex 8.83207 -16.45 9.00935
    endloop
  endfacet
  facet normal 0.765684 -0.631603 -0.121682
    outer loop
      vertex 8.89935 -16.45 9.6495
      vertex 10.3371 -14.65 9.35345
      vertex 8.90082 -16.45 9.65875
    endloop
  endfacet
  facet normal 0.765781 -0.63159 -0.121131
    outer loop
      vertex 10.3371 -14.65 9.35345
      vertex 8.89935 -16.45 9.6495
      vertex 10.3093 -14.65 9.1777
    endloop
  endfacet
  facet normal -0.487825 -0.631619 -0.602564
    outer loop
      vertex 14.1201 -16.45 11.3546
      vertex 13.8696 -16.45 11.5574
      vertex 13.1375 -14.65 10.2633
    endloop
  endfacet
  facet normal -0.690797 -0.631614 0.351942
    outer loop
      vertex 14.7482 -16.45 7.42413
      vertex 14.8945 -16.45 7.71129
      vertex 13.553 -14.65 8.30855
    endloop
  endfacet
  facet normal 0.548271 -0.631619 0.54814
    outer loop
      vertex 9.6454 -16.45 6.87991
      vertex 10.8625 -14.65 7.73665
      vertex 10.7367 -14.65 7.86248
    endloop
  endfacet
  facet normal 0.54821 -0.631611 0.54821
    outer loop
      vertex 10.8625 -14.65 7.73665
      vertex 9.6454 -16.45 6.87991
      vertex 9.87991 -16.45 6.6454
    endloop
  endfacet
  facet normal 0.27773 -0.631612 0.723832
    outer loop
      vertex 11.3085 -14.65 7.44697
      vertex 11.0209 -16.45 5.98665
      vertex 11.4747 -14.65 7.3832
    endloop
  endfacet
  facet normal 0.279356 -0.631467 0.723333
    outer loop
      vertex 11.0209 -16.45 5.98665
      vertex 11.3085 -14.65 7.44697
      vertex 11.0122 -16.45 5.99001
    endloop
  endfacet
  facet normal -0.650241 -0.63161 0.422203
    outer loop
      vertex 14.5633 -16.45 7.13765
      vertex 14.7388 -16.45 7.40794
      vertex 13.3753 -14.65 8.00077
    endloop
  endfacet
  facet normal -0.602479 -0.631609 0.487943
    outer loop
      vertex 14.5574 -16.45 7.13037
      vertex 13.3753 -14.65 8.00077
      vertex 13.2633 -14.65 7.86248
    endloop
  endfacet
  facet normal -0.602322 -0.631603 0.488145
    outer loop
      vertex 13.3753 -14.65 8.00077
      vertex 14.5574 -16.45 7.13037
      vertex 14.5633 -16.45 7.13765
    endloop
  endfacet
  facet normal 0.602552 -0.63162 -0.487839
    outer loop
      vertex 10.7367 -14.65 10.1375
      vertex 9.6454 -16.45 11.1201
      vertex 9.44259 -16.45 10.8696
    endloop
  endfacet
  facet normal 0.76575 -0.631602 -0.12127
    outer loop
      vertex 10.3093 -14.65 9.1777
      vertex 8.89935 -16.45 9.6495
      vertex 8.84894 -16.45 9.33119
    endloop
  endfacet
  facet normal 0.650219 -0.63162 -0.422222
    outer loop
      vertex 10.6247 -14.65 9.99923
      vertex 9.43669 -16.45 10.8624
      vertex 9.26117 -16.45 10.5921
    endloop
  endfacet
  facet normal -0.0404199 -0.631608 -0.774233
    outer loop
      vertex 12.1777 -14.65 10.6907
      vertex 12.3312 -16.45 12.1511
      vertex 12.0094 -16.45 12.1679
    endloop
  endfacet
  facet normal -0.121484 -0.631607 -0.765711
    outer loop
      vertex 12.6495 -16.45 12.1006
      vertex 12.3312 -16.45 12.1511
      vertex 12.1777 -14.65 10.6907
    endloop
  endfacet
  facet normal -0.11543 -0.631438 -0.766787
    outer loop
      vertex 12.6495 -16.45 12.1006
      vertex 12.3534 -14.65 10.6629
      vertex 12.6588 -16.45 12.0992
    endloop
  endfacet
  facet normal -0.121166 -0.63158 -0.765784
    outer loop
      vertex 12.3534 -14.65 10.6629
      vertex 12.6495 -16.45 12.1006
      vertex 12.1777 -14.65 10.6907
    endloop
  endfacet
  facet normal -0.49145 -0.631502 -0.599735
    outer loop
      vertex 12.9992 -14.65 10.3753
      vertex 13.8696 -16.45 11.5574
      vertex 13.8624 -16.45 11.5633
    endloop
  endfacet
  facet normal -0.487922 -0.63161 -0.602496
    outer loop
      vertex 13.8696 -16.45 11.5574
      vertex 12.9992 -14.65 10.3753
      vertex 13.1375 -14.65 10.2633
    endloop
  endfacet
  facet normal -0.723781 -0.631613 -0.277859
    outer loop
      vertex 15.01 -16.45 9.98784
      vertex 14.8945 -16.45 10.2887
      vertex 13.553 -14.65 9.69145
    endloop
  endfacet
  facet normal -0.748886 -0.631599 -0.200633
    outer loop
      vertex 15.0992 -16.45 9.65875
      vertex 15.0158 -16.45 9.97005
      vertex 13.6629 -14.65 9.35345
    endloop
  endfacet
  facet normal -0.765712 -0.631607 -0.121481
    outer loop
      vertex 15.1511 -16.45 9.33119
      vertex 15.1006 -16.45 9.6495
      vertex 13.6907 -14.65 9.1777
    endloop
  endfacet
  facet normal -0.748886 -0.631599 0.200633
    outer loop
      vertex 15.0158 -16.45 8.02995
      vertex 15.0992 -16.45 8.34125
      vertex 13.6629 -14.65 8.64655
    endloop
  endfacet
  facet normal -0.765712 -0.631607 0.121481
    outer loop
      vertex 15.1006 -16.45 8.3505
      vertex 15.1511 -16.45 8.66881
      vertex 13.6907 -14.65 8.8223
    endloop
  endfacet
  facet normal 0.121332 -0.63161 0.765733
    outer loop
      vertex 11.6466 -14.65 7.33715
      vertex 11.3505 -16.45 5.89935
      vertex 11.8223 -14.65 7.30931
    endloop
  endfacet
  facet normal 0.121043 -0.631603 0.765784
    outer loop
      vertex 11.3505 -16.45 5.89935
      vertex 11.6466 -14.65 7.33715
      vertex 11.3412 -16.45 5.90082
    endloop
  endfacet
  facet normal -0.725042 -0.631958 0.273757
    outer loop
      vertex 15.0133 -16.45 8.0209
      vertex 13.553 -14.65 8.30855
      vertex 15.01 -16.45 8.01216
    endloop
  endfacet
  facet normal -0.723759 -0.631591 0.277967
    outer loop
      vertex 13.553 -14.65 8.30855
      vertex 15.0133 -16.45 8.0209
      vertex 13.6168 -14.65 8.47467
    endloop
  endfacet
  facet normal -0.723784 -0.631614 0.277851
    outer loop
      vertex 14.8945 -16.45 7.71129
      vertex 15.01 -16.45 8.01216
      vertex 13.553 -14.65 8.30855
    endloop
  endfacet
  facet normal -0.040588 -0.631605 0.774227
    outer loop
      vertex 12.3312 -16.45 5.84894
      vertex 12.1777 -14.65 7.30931
      vertex 12.0094 -16.45 5.83207
    endloop
  endfacet
  facet normal -0.420414 -0.631786 0.651229
    outer loop
      vertex 12.9992 -14.65 7.62467
      vertex 13.5842 -16.45 6.25607
      vertex 13.5921 -16.45 6.26117
    endloop
  endfacet
  facet normal -0.422311 -0.631603 0.650178
    outer loop
      vertex 13.5842 -16.45 6.25607
      vertex 12.9992 -14.65 7.62467
      vertex 12.85 -14.65 7.52776
    endloop
  endfacet
  facet normal 0.351905 -0.631608 -0.690821
    outer loop
      vertex 11.3085 -14.65 10.553
      vertex 10.7113 -16.45 11.8945
      vertex 10.4241 -16.45 11.7482
    endloop
  endfacet
  facet normal 0.748982 -0.631596 -0.20028
    outer loop
      vertex 8.98423 -16.45 9.97005
      vertex 10.3832 -14.65 9.52533
      vertex 8.98665 -16.45 9.9791
    endloop
  endfacet
  facet normal 0.748821 -0.631609 -0.200842
    outer loop
      vertex 10.3832 -14.65 9.52533
      vertex 8.98423 -16.45 9.97005
      vertex 10.3371 -14.65 9.35345
    endloop
  endfacet
  facet normal 0.690798 -0.631613 -0.351942
    outer loop
      vertex 10.447 -14.65 9.69145
      vertex 9.25182 -16.45 10.5759
      vertex 9.1055 -16.45 10.2887
    endloop
  endfacet
  facet normal -0.422187 -0.631621 -0.650241
    outer loop
      vertex 13.8624 -16.45 11.5633
      vertex 13.5921 -16.45 11.7388
      vertex 12.9992 -14.65 10.3753
    endloop
  endfacet
  facet normal -0.205359 -0.631714 -0.747506
    outer loop
      vertex 12.97 -16.45 12.0158
      vertex 12.5253 -14.65 10.6168
      vertex 12.9791 -16.45 12.0133
    endloop
  endfacet
  facet normal -0.200819 -0.631615 -0.748822
    outer loop
      vertex 12.5253 -14.65 10.6168
      vertex 12.97 -16.45 12.0158
      vertex 12.3534 -14.65 10.6629
    endloop
  endfacet
  facet normal -0.548203 -0.631622 -0.548203
    outer loop
      vertex 13.1375 -14.65 10.2633
      vertex 14.3546 -16.45 11.1201
      vertex 14.1201 -16.45 11.3546
    endloop
  endfacet
  facet normal -0.548203 -0.631622 -0.548203
    outer loop
      vertex 14.3546 -16.45 11.1201
      vertex 13.1375 -14.65 10.2633
      vertex 13.2633 -14.65 10.1375
    endloop
  endfacet
  facet normal -0.602564 -0.631619 -0.487825
    outer loop
      vertex 14.5574 -16.45 10.8696
      vertex 14.3546 -16.45 11.1201
      vertex 13.2633 -14.65 10.1375
    endloop
  endfacet
  facet normal -0.690817 -0.631614 -0.351903
    outer loop
      vertex 14.8945 -16.45 10.2887
      vertex 14.7482 -16.45 10.5759
      vertex 13.553 -14.65 9.69145
    endloop
  endfacet
  facet normal -0.765792 -0.631578 -0.121132
    outer loop
      vertex 15.1006 -16.45 9.6495
      vertex 13.6629 -14.65 9.35345
      vertex 13.6907 -14.65 9.1777
    endloop
  endfacet
  facet normal -0.766683 -0.631452 -0.116039
    outer loop
      vertex 13.6629 -14.65 9.35345
      vertex 15.1006 -16.45 9.6495
      vertex 15.0992 -16.45 9.65875
    endloop
  endfacet
  facet normal -0.723759 -0.631591 -0.277967
    outer loop
      vertex 15.0133 -16.45 9.9791
      vertex 13.553 -14.65 9.69145
      vertex 13.6168 -14.65 9.52533
    endloop
  endfacet
  facet normal -0.725042 -0.631958 -0.273757
    outer loop
      vertex 13.553 -14.65 9.69145
      vertex 15.0133 -16.45 9.9791
      vertex 15.01 -16.45 9.98784
    endloop
  endfacet
  facet normal -0.774234 -0.631608 -0.0404149
    outer loop
      vertex 15.1679 -16.45 9.00935
      vertex 15.1511 -16.45 9.33119
      vertex 13.6907 -14.65 9.1777
    endloop
  endfacet
  facet normal -0.774205 -0.631579 -0.0414013
    outer loop
      vertex 15.1679 -16.45 9.00935
      vertex 13.7 -14.65 9
      vertex 15.1684 -16.45 9
    endloop
  endfacet
  facet normal -0.774235 -0.631599 -0.0405199
    outer loop
      vertex 13.7 -14.65 9
      vertex 15.1679 -16.45 9.00935
      vertex 13.6907 -14.65 9.1777
    endloop
  endfacet
  facet normal 0.748884 -0.631593 0.200657
    outer loop
      vertex 8.98423 -16.45 8.02995
      vertex 10.3371 -14.65 8.64655
      vertex 8.90082 -16.45 8.34125
    endloop
  endfacet
  facet normal 0.77423 -0.631602 0.0405831
    outer loop
      vertex 8.84894 -16.45 8.66881
      vertex 10.3093 -14.65 8.8223
      vertex 8.83207 -16.45 8.99065
    endloop
  endfacet
  facet normal 0.60232 -0.631605 0.488144
    outer loop
      vertex 9.44259 -16.45 7.13037
      vertex 10.6247 -14.65 8.00077
      vertex 9.43669 -16.45 7.13765
    endloop
  endfacet
  facet normal 0.602478 -0.631611 0.487942
    outer loop
      vertex 10.6247 -14.65 8.00077
      vertex 9.44259 -16.45 7.13037
      vertex 10.7367 -14.65 7.86248
    endloop
  endfacet
  facet normal 0.602516 -0.631617 0.487888
    outer loop
      vertex 9.6454 -16.45 6.87991
      vertex 10.7367 -14.65 7.86248
      vertex 9.44259 -16.45 7.13037
    endloop
  endfacet
  facet normal 0.351946 -0.6316 0.690808
    outer loop
      vertex 10.7113 -16.45 6.1055
      vertex 11.3085 -14.65 7.44697
      vertex 10.4241 -16.45 6.25182
    endloop
  endfacet
  facet normal 0.200713 -0.631611 0.748854
    outer loop
      vertex 11.3412 -16.45 5.90082
      vertex 11.6466 -14.65 7.33715
      vertex 11.03 -16.45 5.98423
    endloop
  endfacet
  facet normal 0.200618 -0.631602 0.748886
    outer loop
      vertex 11.4747 -14.65 7.3832
      vertex 11.03 -16.45 5.98423
      vertex 11.6466 -14.65 7.33715
    endloop
  endfacet
  facet normal 0.199258 -0.63157 0.749277
    outer loop
      vertex 11.03 -16.45 5.98423
      vertex 11.4747 -14.65 7.3832
      vertex 11.0209 -16.45 5.98665
    endloop
  endfacet
  facet normal 0.121273 -0.631605 0.765747
    outer loop
      vertex 11.6688 -16.45 5.84894
      vertex 11.8223 -14.65 7.30931
      vertex 11.3505 -16.45 5.89935
    endloop
  endfacet
  facet normal 0.040588 -0.631605 0.774227
    outer loop
      vertex 11.9906 -16.45 5.83207
      vertex 11.8223 -14.65 7.30931
      vertex 11.6688 -16.45 5.84894
    endloop
  endfacet
  facet normal -0.747198 -0.631736 0.206408
    outer loop
      vertex 15.0158 -16.45 8.02995
      vertex 13.6168 -14.65 8.47467
      vertex 15.0133 -16.45 8.0209
    endloop
  endfacet
  facet normal -0.748815 -0.631617 0.20084
    outer loop
      vertex 13.6168 -14.65 8.47467
      vertex 15.0158 -16.45 8.02995
      vertex 13.6629 -14.65 8.64655
    endloop
  endfacet
  facet normal -0.602528 -0.631616 0.487873
    outer loop
      vertex 14.3546 -16.45 6.87991
      vertex 14.5574 -16.45 7.13037
      vertex 13.2633 -14.65 7.86248
    endloop
  endfacet
  facet normal -0.689023 -0.6317 0.355251
    outer loop
      vertex 14.7482 -16.45 7.42413
      vertex 13.4722 -14.65 8.15
      vertex 14.7439 -16.45 7.41579
    endloop
  endfacet
  facet normal -0.690751 -0.631621 0.352019
    outer loop
      vertex 13.4722 -14.65 8.15
      vertex 14.7482 -16.45 7.42413
      vertex 13.553 -14.65 8.30855
    endloop
  endfacet
  facet normal -0.65014 -0.631593 0.422384
    outer loop
      vertex 14.7439 -16.45 7.41579
      vertex 13.3753 -14.65 8.00077
      vertex 14.7388 -16.45 7.40794
    endloop
  endfacet
  facet normal -0.650232 -0.631609 0.422217
    outer loop
      vertex 13.3753 -14.65 8.00077
      vertex 14.7439 -16.45 7.41579
      vertex 13.4722 -14.65 8.15
    endloop
  endfacet
  facet normal -0.040563 -0.631607 0.774227
    outer loop
      vertex 12 -14.65 7.3
      vertex 12.0094 -16.45 5.83207
      vertex 12.1777 -14.65 7.30931
    endloop
  endfacet
  facet normal -0.040359 -0.631611 0.774234
    outer loop
      vertex 12.0094 -16.45 5.83207
      vertex 12 -14.65 7.3
      vertex 12 -16.45 5.83158
    endloop
  endfacet
  facet normal -0.121043 -0.631603 0.765784
    outer loop
      vertex 12.3534 -14.65 7.33715
      vertex 12.6495 -16.45 5.89935
      vertex 12.6588 -16.45 5.90082
    endloop
  endfacet
  facet normal -0.121332 -0.63161 0.765733
    outer loop
      vertex 12.6495 -16.45 5.89935
      vertex 12.3534 -14.65 7.33715
      vertex 12.1777 -14.65 7.30931
    endloop
  endfacet
  facet normal -0.487844 -0.63161 0.602559
    outer loop
      vertex 13.8696 -16.45 6.44259
      vertex 14.1201 -16.45 6.6454
      vertex 13.1375 -14.65 7.73665
    endloop
  endfacet
  facet normal 0.277829 -0.631608 -0.723798
    outer loop
      vertex 11.3085 -14.65 10.553
      vertex 11.0122 -16.45 12.01
      vertex 10.7113 -16.45 11.8945
    endloop
  endfacet
  facet normal 0.422279 -0.631606 -0.650196
    outer loop
      vertex 10.4158 -16.45 11.7439
      vertex 11.0008 -14.65 10.3753
      vertex 11.15 -14.65 10.4722
    endloop
  endfacet
  facet normal 0.420414 -0.631786 -0.651229
    outer loop
      vertex 11.0008 -14.65 10.3753
      vertex 10.4158 -16.45 11.7439
      vertex 10.4079 -16.45 11.7388
    endloop
  endfacet
  facet normal 0.774229 -0.631607 -0.0405196
    outer loop
      vertex 8.83207 -16.45 9.00935
      vertex 10.3 -14.65 9
      vertex 10.3093 -14.65 9.1777
    endloop
  endfacet
  facet normal 0.774227 -0.631606 -0.0405745
    outer loop
      vertex 10.3 -14.65 9
      vertex 8.83207 -16.45 9.00935
      vertex 8.83158 -16.45 9
    endloop
  endfacet
  facet normal 0.748884 -0.631593 -0.200657
    outer loop
      vertex 10.3371 -14.65 9.35345
      vertex 8.98423 -16.45 9.97005
      vertex 8.90082 -16.45 9.65875
    endloop
  endfacet
  facet normal 0.723675 -0.631581 -0.278209
    outer loop
      vertex 8.98665 -16.45 9.9791
      vertex 10.447 -14.65 9.69145
      vertex 8.99001 -16.45 9.98784
    endloop
  endfacet
  facet normal 0.72375 -0.631603 -0.277963
    outer loop
      vertex 10.447 -14.65 9.69145
      vertex 8.98665 -16.45 9.9791
      vertex 10.3832 -14.65 9.52533
    endloop
  endfacet
  facet normal 0.599737 -0.6315 -0.491451
    outer loop
      vertex 10.6247 -14.65 9.99923
      vertex 9.44259 -16.45 10.8696
      vertex 9.43669 -16.45 10.8624
    endloop
  endfacet
  facet normal 0.602447 -0.631605 -0.487988
    outer loop
      vertex 9.44259 -16.45 10.8696
      vertex 10.6247 -14.65 9.99923
      vertex 10.7367 -14.65 10.1375
    endloop
  endfacet
  facet normal 0.72379 -0.631613 -0.277838
    outer loop
      vertex 10.447 -14.65 9.69145
      vertex 9.1055 -16.45 10.2887
      vertex 8.99001 -16.45 9.98784
    endloop
  endfacet
  facet normal -0.351905 -0.631608 -0.690821
    outer loop
      vertex 13.5759 -16.45 11.7482
      vertex 13.2887 -16.45 11.8945
      vertex 12.6915 -14.65 10.553
    endloop
  endfacet
  facet normal -0.0411815 -0.631585 -0.774212
    outer loop
      vertex 12 -14.65 10.7
      vertex 12.0094 -16.45 12.1679
      vertex 12 -16.45 12.1684
    endloop
  endfacet
  facet normal -0.0405199 -0.6316 -0.774235
    outer loop
      vertex 12.0094 -16.45 12.1679
      vertex 12 -14.65 10.7
      vertex 12.1777 -14.65 10.6907
    endloop
  endfacet
  facet normal -0.200692 -0.631604 -0.748865
    outer loop
      vertex 12.97 -16.45 12.0158
      vertex 12.6588 -16.45 12.0992
      vertex 12.3534 -14.65 10.6629
    endloop
  endfacet
  facet normal -0.274887 -0.631856 -0.724703
    outer loop
      vertex 12.9791 -16.45 12.0133
      vertex 12.6915 -14.65 10.553
      vertex 12.9878 -16.45 12.01
    endloop
  endfacet
  facet normal -0.277848 -0.631597 -0.7238
    outer loop
      vertex 12.6915 -14.65 10.553
      vertex 12.9791 -16.45 12.0133
      vertex 12.5253 -14.65 10.6168
    endloop
  endfacet
  facet normal -0.690748 -0.631625 -0.352018
    outer loop
      vertex 14.7482 -16.45 10.5759
      vertex 13.4722 -14.65 9.85
      vertex 13.553 -14.65 9.69145
    endloop
  endfacet
  facet normal -0.6883 -0.631733 -0.356589
    outer loop
      vertex 13.4722 -14.65 9.85
      vertex 14.7482 -16.45 10.5759
      vertex 14.7439 -16.45 10.5842
    endloop
  endfacet
  facet normal -0.602449 -0.631603 -0.487989
    outer loop
      vertex 13.3753 -14.65 9.99923
      vertex 14.5574 -16.45 10.8696
      vertex 13.2633 -14.65 10.1375
    endloop
  endfacet
  facet normal -0.599738 -0.631498 -0.491452
    outer loop
      vertex 14.5574 -16.45 10.8696
      vertex 13.3753 -14.65 9.99923
      vertex 14.5633 -16.45 10.8624
    endloop
  endfacet
  facet normal -0.748815 -0.631617 -0.20084
    outer loop
      vertex 15.0158 -16.45 9.97005
      vertex 13.6168 -14.65 9.52533
      vertex 13.6629 -14.65 9.35345
    endloop
  endfacet
  facet normal -0.747198 -0.631736 -0.206408
    outer loop
      vertex 13.6168 -14.65 9.52533
      vertex 15.0158 -16.45 9.97005
      vertex 15.0133 -16.45 9.9791
    endloop
  endfacet
  facet normal 0.690778 -0.631613 0.35198
    outer loop
      vertex 9.25182 -16.45 7.42413
      vertex 10.447 -14.65 8.30855
      vertex 9.1055 -16.45 7.71129
    endloop
  endfacet
  facet normal 0.72375 -0.631603 0.277963
    outer loop
      vertex 8.98665 -16.45 8.0209
      vertex 10.447 -14.65 8.30855
      vertex 10.3832 -14.65 8.47467
    endloop
  endfacet
  facet normal 0.723675 -0.631581 0.278209
    outer loop
      vertex 10.447 -14.65 8.30855
      vertex 8.98665 -16.45 8.0209
      vertex 8.99001 -16.45 8.01216
    endloop
  endfacet
  facet normal 0.76575 -0.631602 0.12127
    outer loop
      vertex 8.89935 -16.45 8.3505
      vertex 10.3093 -14.65 8.8223
      vertex 8.84894 -16.45 8.66881
    endloop
  endfacet
  facet normal 0.487856 -0.631609 0.60255
    outer loop
      vertex 10.1304 -16.45 6.44259
      vertex 10.8625 -14.65 7.73665
      vertex 9.87991 -16.45 6.6454
    endloop
  endfacet
  facet normal 0.27781 -0.6316 0.723812
    outer loop
      vertex 11.0122 -16.45 5.99001
      vertex 11.3085 -14.65 7.44697
      vertex 10.7113 -16.45 6.1055
    endloop
  endfacet
  facet normal 0.422311 -0.631603 0.650178
    outer loop
      vertex 11.0008 -14.65 7.62467
      vertex 10.4158 -16.45 6.25607
      vertex 11.15 -14.65 7.52776
    endloop
  endfacet
  facet normal 0.420414 -0.631786 0.651229
    outer loop
      vertex 10.4158 -16.45 6.25607
      vertex 11.0008 -14.65 7.62467
      vertex 10.4079 -16.45 6.26117
    endloop
  endfacet
  facet normal 0.352076 -0.631612 0.69073
    outer loop
      vertex 11.15 -14.65 7.52776
      vertex 10.4241 -16.45 6.25182
      vertex 11.3085 -14.65 7.44697
    endloop
  endfacet
  facet normal 0.353341 -0.631644 0.690055
    outer loop
      vertex 10.4241 -16.45 6.25182
      vertex 11.15 -14.65 7.52776
      vertex 10.4158 -16.45 6.25607
    endloop
  endfacet
  facet normal -0.121273 -0.631605 0.765747
    outer loop
      vertex 12.3312 -16.45 5.84894
      vertex 12.6495 -16.45 5.89935
      vertex 12.1777 -14.65 7.30931
    endloop
  endfacet
  facet normal -0.27781 -0.6316 0.723812
    outer loop
      vertex 12.9878 -16.45 5.99001
      vertex 13.2887 -16.45 6.1055
      vertex 12.6915 -14.65 7.44697
    endloop
  endfacet
  facet normal -0.351946 -0.6316 0.690808
    outer loop
      vertex 13.2887 -16.45 6.1055
      vertex 13.5759 -16.45 6.25182
      vertex 12.6915 -14.65 7.44697
    endloop
  endfacet
  facet normal -0.200713 -0.631611 0.748854
    outer loop
      vertex 12.6588 -16.45 5.90082
      vertex 12.97 -16.45 5.98423
      vertex 12.3534 -14.65 7.33715
    endloop
  endfacet
  facet normal -0.48787 -0.631607 0.60254
    outer loop
      vertex 12.9992 -14.65 7.62467
      vertex 13.8696 -16.45 6.44259
      vertex 13.1375 -14.65 7.73665
    endloop
  endfacet
  facet normal -0.491452 -0.631498 0.599738
    outer loop
      vertex 13.8696 -16.45 6.44259
      vertex 12.9992 -14.65 7.62467
      vertex 13.8624 -16.45 6.43669
    endloop
  endfacet
  facet normal -0.422223 -0.631618 0.650221
    outer loop
      vertex 13.5921 -16.45 6.26117
      vertex 13.8624 -16.45 6.43669
      vertex 12.9992 -14.65 7.62467
    endloop
  endfacet
  facet normal 0.121484 -0.631607 -0.765711
    outer loop
      vertex 11.8223 -14.65 10.6907
      vertex 11.6688 -16.45 12.1511
      vertex 11.3505 -16.45 12.1006
    endloop
  endfacet
  facet normal 0.0404199 -0.631608 -0.774233
    outer loop
      vertex 11.8223 -14.65 10.6907
      vertex 11.9906 -16.45 12.1679
      vertex 11.6688 -16.45 12.1511
    endloop
  endfacet
  facet normal 0.548193 -0.63162 -0.548216
    outer loop
      vertex 9.6454 -16.45 11.1201
      vertex 10.8625 -14.65 10.2633
      vertex 9.87991 -16.45 11.3546
    endloop
  endfacet
  facet normal 0.548203 -0.631622 -0.548203
    outer loop
      vertex 10.8625 -14.65 10.2633
      vertex 9.6454 -16.45 11.1201
      vertex 10.7367 -14.65 10.1375
    endloop
  endfacet
  facet normal 0.352105 -0.631627 -0.690702
    outer loop
      vertex 10.4241 -16.45 11.7482
      vertex 11.15 -14.65 10.4722
      vertex 11.3085 -14.65 10.553
    endloop
  endfacet
  facet normal 0.356589 -0.631733 -0.6883
    outer loop
      vertex 11.15 -14.65 10.4722
      vertex 10.4241 -16.45 11.7482
      vertex 10.4158 -16.45 11.7439
    endloop
  endfacet
  facet normal 0.200819 -0.631615 -0.748822
    outer loop
      vertex 11.03 -16.45 12.0158
      vertex 11.4747 -14.65 10.6168
      vertex 11.6466 -14.65 10.6629
    endloop
  endfacet
  facet normal 0.205359 -0.631714 -0.747506
    outer loop
      vertex 11.4747 -14.65 10.6168
      vertex 11.03 -16.45 12.0158
      vertex 11.0209 -16.45 12.0133
    endloop
  endfacet
  facet normal 0.277848 -0.631597 -0.7238
    outer loop
      vertex 11.0209 -16.45 12.0133
      vertex 11.3085 -14.65 10.553
      vertex 11.4747 -14.65 10.6168
    endloop
  endfacet
  facet normal 0.274887 -0.631856 -0.724703
    outer loop
      vertex 11.3085 -14.65 10.553
      vertex 11.0209 -16.45 12.0133
      vertex 11.0122 -16.45 12.01
    endloop
  endfacet
  facet normal -0.356589 -0.631733 -0.6883
    outer loop
      vertex 13.5759 -16.45 11.7482
      vertex 12.85 -14.65 10.4722
      vertex 13.5842 -16.45 11.7439
    endloop
  endfacet
  facet normal -0.352105 -0.631627 -0.690702
    outer loop
      vertex 12.85 -14.65 10.4722
      vertex 13.5759 -16.45 11.7482
      vertex 12.6915 -14.65 10.553
    endloop
  endfacet
  facet normal -0.420414 -0.631786 -0.651229
    outer loop
      vertex 13.5842 -16.45 11.7439
      vertex 12.9992 -14.65 10.3753
      vertex 13.5921 -16.45 11.7388
    endloop
  endfacet
  facet normal -0.422279 -0.631606 -0.650196
    outer loop
      vertex 12.9992 -14.65 10.3753
      vertex 13.5842 -16.45 11.7439
      vertex 12.85 -14.65 10.4722
    endloop
  endfacet
  facet normal -0.277829 -0.631608 -0.723798
    outer loop
      vertex 13.2887 -16.45 11.8945
      vertex 12.9878 -16.45 12.01
      vertex 12.6915 -14.65 10.553
    endloop
  endfacet
  facet normal -0.650243 -0.631617 -0.422189
    outer loop
      vertex 14.7388 -16.45 10.5921
      vertex 14.5633 -16.45 10.8624
      vertex 13.3753 -14.65 9.99923
    endloop
  endfacet
  facet normal -0.650233 -0.631608 -0.422218
    outer loop
      vertex 14.7439 -16.45 10.5842
      vertex 13.3753 -14.65 9.99923
      vertex 13.4722 -14.65 9.85
    endloop
  endfacet
  facet normal -0.651232 -0.631781 -0.420416
    outer loop
      vertex 13.3753 -14.65 9.99923
      vertex 14.7439 -16.45 10.5842
      vertex 14.7388 -16.45 10.5921
    endloop
  endfacet
  facet normal 0.650217 -0.631613 0.422236
    outer loop
      vertex 9.43669 -16.45 7.13765
      vertex 10.6247 -14.65 8.00077
      vertex 9.26117 -16.45 7.40794
    endloop
  endfacet
  facet normal 0.723792 -0.631613 0.27783
    outer loop
      vertex 9.1055 -16.45 7.71129
      vertex 10.447 -14.65 8.30855
      vertex 8.99001 -16.45 8.01216
    endloop
  endfacet
  facet normal 0.765781 -0.63159 0.121131
    outer loop
      vertex 8.89935 -16.45 8.3505
      vertex 10.3371 -14.65 8.64655
      vertex 10.3093 -14.65 8.8223
    endloop
  endfacet
  facet normal 0.765684 -0.631603 0.121682
    outer loop
      vertex 10.3371 -14.65 8.64655
      vertex 8.89935 -16.45 8.3505
      vertex 8.90082 -16.45 8.34125
    endloop
  endfacet
  facet normal 0.422223 -0.631618 0.650221
    outer loop
      vertex 10.4079 -16.45 6.26117
      vertex 11.0008 -14.65 7.62467
      vertex 10.1376 -16.45 6.43669
    endloop
  endfacet
  facet normal 0.48787 -0.631607 0.60254
    outer loop
      vertex 10.1304 -16.45 6.44259
      vertex 11.0008 -14.65 7.62467
      vertex 10.8625 -14.65 7.73665
    endloop
  endfacet
  facet normal 0.491452 -0.631498 0.599738
    outer loop
      vertex 11.0008 -14.65 7.62467
      vertex 10.1304 -16.45 6.44259
      vertex 10.1376 -16.45 6.43669
    endloop
  endfacet
  facet normal -0.279356 -0.631467 0.723333
    outer loop
      vertex 12.6915 -14.65 7.44697
      vertex 12.9791 -16.45 5.98665
      vertex 12.9878 -16.45 5.99001
    endloop
  endfacet
  facet normal -0.27773 -0.631612 0.723832
    outer loop
      vertex 12.9791 -16.45 5.98665
      vertex 12.6915 -14.65 7.44697
      vertex 12.5253 -14.65 7.3832
    endloop
  endfacet
  facet normal -0.199258 -0.63157 0.749277
    outer loop
      vertex 12.5253 -14.65 7.3832
      vertex 12.97 -16.45 5.98423
      vertex 12.9791 -16.45 5.98665
    endloop
  endfacet
  facet normal -0.200618 -0.631602 0.748886
    outer loop
      vertex 12.97 -16.45 5.98423
      vertex 12.5253 -14.65 7.3832
      vertex 12.3534 -14.65 7.33715
    endloop
  endfacet
  facet normal -0.353341 -0.631644 0.690055
    outer loop
      vertex 12.85 -14.65 7.52776
      vertex 13.5759 -16.45 6.25182
      vertex 13.5842 -16.45 6.25607
    endloop
  endfacet
  facet normal -0.352076 -0.631612 0.69073
    outer loop
      vertex 13.5759 -16.45 6.25182
      vertex 12.85 -14.65 7.52776
      vertex 12.6915 -14.65 7.44697
    endloop
  endfacet
  facet normal 0.200692 -0.631604 -0.748865
    outer loop
      vertex 11.6466 -14.65 10.6629
      vertex 11.3412 -16.45 12.0992
      vertex 11.03 -16.45 12.0158
    endloop
  endfacet
  facet normal 0.121166 -0.63158 -0.765784
    outer loop
      vertex 11.3505 -16.45 12.1006
      vertex 11.6466 -14.65 10.6629
      vertex 11.8223 -14.65 10.6907
    endloop
  endfacet
  facet normal 0.11543 -0.631438 -0.766787
    outer loop
      vertex 11.6466 -14.65 10.6629
      vertex 11.3505 -16.45 12.1006
      vertex 11.3412 -16.45 12.0992
    endloop
  endfacet
  facet normal 0.487837 -0.631618 -0.602556
    outer loop
      vertex 10.8625 -14.65 10.2633
      vertex 10.1304 -16.45 11.5574
      vertex 9.87991 -16.45 11.3546
    endloop
  endfacet
  facet normal 0.49145 -0.631502 -0.599735
    outer loop
      vertex 10.1304 -16.45 11.5574
      vertex 11.0008 -14.65 10.3753
      vertex 10.1376 -16.45 11.5633
    endloop
  endfacet
  facet normal 0.487922 -0.63161 -0.602496
    outer loop
      vertex 11.0008 -14.65 10.3753
      vertex 10.1304 -16.45 11.5574
      vertex 10.8625 -14.65 10.2633
    endloop
  endfacet
  facet normal 0.422187 -0.631621 -0.650241
    outer loop
      vertex 11.0008 -14.65 10.3753
      vertex 10.4079 -16.45 11.7388
      vertex 10.1376 -16.45 11.5633
    endloop
  endfacet
  facet normal 0.690048 -0.631653 -0.353338
    outer loop
      vertex 9.25182 -16.45 10.5759
      vertex 10.5278 -14.65 9.85
      vertex 9.25607 -16.45 10.5842
    endloop
  endfacet
  facet normal 0.690752 -0.63162 -0.35202
    outer loop
      vertex 10.5278 -14.65 9.85
      vertex 9.25182 -16.45 10.5759
      vertex 10.447 -14.65 9.69145
    endloop
  endfacet
  facet normal 0.651227 -0.631788 -0.420413
    outer loop
      vertex 9.25607 -16.45 10.5842
      vertex 10.6247 -14.65 9.99923
      vertex 9.26117 -16.45 10.5921
    endloop
  endfacet
  facet normal 0.650229 -0.631614 -0.422215
    outer loop
      vertex 10.6247 -14.65 9.99923
      vertex 9.25607 -16.45 10.5842
      vertex 10.5278 -14.65 9.85
    endloop
  endfacet
  facet normal 0.650228 -0.631616 0.422215
    outer loop
      vertex 9.25607 -16.45 7.41579
      vertex 10.6247 -14.65 8.00077
      vertex 10.5278 -14.65 8.15
    endloop
  endfacet
  facet normal 0.650135 -0.6316 0.422381
    outer loop
      vertex 10.6247 -14.65 8.00077
      vertex 9.25607 -16.45 7.41579
      vertex 9.26117 -16.45 7.40794
    endloop
  endfacet
  facet normal 0.690754 -0.631617 0.352021
    outer loop
      vertex 9.25182 -16.45 7.42413
      vertex 10.5278 -14.65 8.15
      vertex 10.447 -14.65 8.30855
    endloop
  endfacet
  facet normal 0.690762 -0.631616 0.352007
    outer loop
      vertex 10.5278 -14.65 8.15
      vertex 9.25182 -16.45 7.42413
      vertex 9.25607 -16.45 7.41579
    endloop
  endfacet
  facet normal 0.748821 -0.631609 0.200842
    outer loop
      vertex 8.98423 -16.45 8.02995
      vertex 10.3832 -14.65 8.47467
      vertex 10.3371 -14.65 8.64655
    endloop
  endfacet
  facet normal 0.748982 -0.631596 0.20028
    outer loop
      vertex 10.3832 -14.65 8.47467
      vertex 8.98423 -16.45 8.02995
      vertex 8.98665 -16.45 8.0209
    endloop
  endfacet
  facet normal -0.998633 0 0.0522639
    outer loop
      vertex 25.6907 -14.65 8.8223
      vertex 25.7 -13.45 9
      vertex 25.6907 -13.45 8.8223
    endloop
  endfacet
  facet normal -0.998633 0 0.0522639
    outer loop
      vertex 25.7 -13.45 9
      vertex 25.6907 -14.65 8.8223
      vertex 25.7 -14.65 9
    endloop
  endfacet
  facet normal 0.998633 -0 0.0522639
    outer loop
      vertex 22.3 -14.65 9
      vertex 22.3093 -13.45 8.8223
      vertex 22.3 -13.45 9
    endloop
  endfacet
  facet normal 0.998633 0 0.0522639
    outer loop
      vertex 22.3093 -13.45 8.8223
      vertex 22.3 -14.65 9
      vertex 22.3093 -14.65 8.8223
    endloop
  endfacet
  facet normal 0.0523199 0 0.99863
    outer loop
      vertex 23.8223 -13.45 7.30931
      vertex 24 -14.65 7.3
      vertex 24 -13.45 7.3
    endloop
  endfacet
  facet normal 0.0523199 0 0.99863
    outer loop
      vertex 24 -14.65 7.3
      vertex 23.8223 -13.45 7.30931
      vertex 23.8223 -14.65 7.30931
    endloop
  endfacet
  facet normal -0.0522639 0 -0.998633
    outer loop
      vertex 24 -14.65 10.7
      vertex 24.1777 -13.45 10.6907
      vertex 24.1777 -14.65 10.6907
    endloop
  endfacet
  facet normal -0.0522639 0 -0.998633
    outer loop
      vertex 24.1777 -13.45 10.6907
      vertex 24 -14.65 10.7
      vertex 24 -13.45 10.7
    endloop
  endfacet
  facet normal -0.707191 0 0.707022
    outer loop
      vertex 25.1375 -14.65 7.73665
      vertex 25.2633 -13.45 7.86248
      vertex 25.1375 -13.45 7.73665
    endloop
  endfacet
  facet normal -0.707191 0 0.707022
    outer loop
      vertex 25.2633 -13.45 7.86248
      vertex 25.1375 -14.65 7.73665
      vertex 25.2633 -14.65 7.86248
    endloop
  endfacet
  facet normal 0.707191 -0 0.707022
    outer loop
      vertex 22.7367 -14.65 7.86248
      vertex 22.8625 -13.45 7.73665
      vertex 22.7367 -13.45 7.86248
    endloop
  endfacet
  facet normal 0.707191 0 0.707022
    outer loop
      vertex 22.8625 -13.45 7.73665
      vertex 22.7367 -14.65 7.86248
      vertex 22.8625 -14.65 7.73665
    endloop
  endfacet
  facet normal 0.35823 0 0.933633
    outer loop
      vertex 23.3085 -13.45 7.44697
      vertex 23.4747 -14.65 7.3832
      vertex 23.4747 -13.45 7.3832
    endloop
  endfacet
  facet normal 0.35823 0 0.933633
    outer loop
      vertex 23.4747 -14.65 7.3832
      vertex 23.3085 -13.45 7.44697
      vertex 23.3085 -14.65 7.44697
    endloop
  endfacet
  facet normal -0.933519 0 0.358527
    outer loop
      vertex 25.553 -14.65 8.30855
      vertex 25.6168 -13.45 8.47467
      vertex 25.553 -13.45 8.30855
    endloop
  endfacet
  facet normal -0.933519 0 0.358527
    outer loop
      vertex 25.6168 -13.45 8.47467
      vertex 25.553 -14.65 8.30855
      vertex 25.6168 -14.65 8.47467
    endloop
  endfacet
  facet normal -0.987633 0 0.156785
    outer loop
      vertex 25.6628 -14.65 8.64655
      vertex 25.6907 -13.45 8.8223
      vertex 25.6628 -13.45 8.64655
    endloop
  endfacet
  facet normal -0.987633 0 0.156785
    outer loop
      vertex 25.6907 -13.45 8.8223
      vertex 25.6628 -14.65 8.64655
      vertex 25.6907 -14.65 8.8223
    endloop
  endfacet
  facet normal -0.35823 0 0.933633
    outer loop
      vertex 24.5253 -13.45 7.3832
      vertex 24.6915 -14.65 7.44697
      vertex 24.6915 -13.45 7.44697
    endloop
  endfacet
  facet normal -0.35823 0 0.933633
    outer loop
      vertex 24.6915 -14.65 7.44697
      vertex 24.5253 -13.45 7.3832
      vertex 24.5253 -14.65 7.3832
    endloop
  endfacet
  facet normal -0.544712 0 0.838623
    outer loop
      vertex 24.85 -13.45 7.52776
      vertex 24.9992 -14.65 7.62467
      vertex 24.9992 -13.45 7.62467
    endloop
  endfacet
  facet normal -0.544712 0 0.838623
    outer loop
      vertex 24.9992 -14.65 7.62467
      vertex 24.85 -13.45 7.52776
      vertex 24.85 -14.65 7.52776
    endloop
  endfacet
  facet normal 0.890973 -0 0.454056
    outer loop
      vertex 22.447 -14.65 8.30855
      vertex 22.5278 -13.45 8.15
      vertex 22.447 -13.45 8.30855
    endloop
  endfacet
  facet normal 0.890973 0 0.454056
    outer loop
      vertex 22.5278 -13.45 8.15
      vertex 22.447 -14.65 8.30855
      vertex 22.5278 -14.65 8.15
    endloop
  endfacet
  facet normal 0.777105 -0 0.629371
    outer loop
      vertex 22.6247 -14.65 8.00077
      vertex 22.7367 -13.45 7.86248
      vertex 22.6247 -13.45 8.00077
    endloop
  endfacet
  facet normal 0.777105 0 0.629371
    outer loop
      vertex 22.7367 -13.45 7.86248
      vertex 22.6247 -14.65 8.00077
      vertex 22.7367 -14.65 7.86248
    endloop
  endfacet
  facet normal 0.156413 0 0.987692
    outer loop
      vertex 23.6465 -13.45 7.33715
      vertex 23.8223 -14.65 7.30931
      vertex 23.8223 -13.45 7.30931
    endloop
  endfacet
  facet normal 0.156413 0 0.987692
    outer loop
      vertex 23.8223 -14.65 7.30931
      vertex 23.6465 -13.45 7.33715
      vertex 23.6465 -14.65 7.33715
    endloop
  endfacet
  facet normal 0.77706 0 -0.629426
    outer loop
      vertex 22.7367 -14.65 10.1375
      vertex 22.6247 -13.45 9.99923
      vertex 22.7367 -13.45 10.1375
    endloop
  endfacet
  facet normal 0.77706 0 -0.629426
    outer loop
      vertex 22.6247 -13.45 9.99923
      vertex 22.7367 -14.65 10.1375
      vertex 22.6247 -14.65 9.99923
    endloop
  endfacet
  facet normal -0.156193 0 -0.987726
    outer loop
      vertex 24.1777 -14.65 10.6907
      vertex 24.3535 -13.45 10.6629
      vertex 24.3535 -14.65 10.6629
    endloop
  endfacet
  facet normal -0.156193 0 -0.987726
    outer loop
      vertex 24.3535 -13.45 10.6629
      vertex 24.1777 -14.65 10.6907
      vertex 24.1777 -13.45 10.6907
    endloop
  endfacet
  facet normal -0.966003 0 0.25853
    outer loop
      vertex 25.6168 -14.65 8.47467
      vertex 25.6628 -13.45 8.64655
      vertex 25.6168 -13.45 8.47467
    endloop
  endfacet
  facet normal -0.966003 0 0.25853
    outer loop
      vertex 25.6628 -13.45 8.64655
      vertex 25.6168 -14.65 8.47467
      vertex 25.6628 -14.65 8.64655
    endloop
  endfacet
  facet normal -0.838699 0 0.544595
    outer loop
      vertex 25.3753 -14.65 8.00077
      vertex 25.4722 -13.45 8.15
      vertex 25.3753 -13.45 8.00077
    endloop
  endfacet
  facet normal -0.838699 0 0.544595
    outer loop
      vertex 25.4722 -13.45 8.15
      vertex 25.3753 -14.65 8.00077
      vertex 25.4722 -14.65 8.15
    endloop
  endfacet
  facet normal -0.777105 0 0.629371
    outer loop
      vertex 25.2633 -14.65 7.86248
      vertex 25.3753 -13.45 8.00077
      vertex 25.2633 -13.45 7.86248
    endloop
  endfacet
  facet normal -0.777105 0 0.629371
    outer loop
      vertex 25.3753 -13.45 8.00077
      vertex 25.2633 -14.65 7.86248
      vertex 25.3753 -14.65 8.00077
    endloop
  endfacet
  facet normal -0.890973 0 0.454056
    outer loop
      vertex 25.4722 -14.65 8.15
      vertex 25.553 -13.45 8.30855
      vertex 25.4722 -13.45 8.15
    endloop
  endfacet
  facet normal -0.890973 0 0.454056
    outer loop
      vertex 25.553 -13.45 8.30855
      vertex 25.4722 -14.65 8.15
      vertex 25.553 -14.65 8.30855
    endloop
  endfacet
  facet normal -0.156413 0 0.987692
    outer loop
      vertex 24.1777 -13.45 7.30931
      vertex 24.3535 -14.65 7.33715
      vertex 24.3535 -13.45 7.33715
    endloop
  endfacet
  facet normal -0.156413 0 0.987692
    outer loop
      vertex 24.3535 -14.65 7.33715
      vertex 24.1777 -13.45 7.30931
      vertex 24.1777 -14.65 7.30931
    endloop
  endfacet
  facet normal -0.258905 0 0.965903
    outer loop
      vertex 24.3535 -13.45 7.33715
      vertex 24.5253 -14.65 7.3832
      vertex 24.5253 -13.45 7.3832
    endloop
  endfacet
  facet normal -0.258905 0 0.965903
    outer loop
      vertex 24.5253 -14.65 7.3832
      vertex 24.3535 -13.45 7.33715
      vertex 24.3535 -14.65 7.33715
    endloop
  endfacet
  facet normal -0.0523199 0 0.99863
    outer loop
      vertex 24 -13.45 7.3
      vertex 24.1777 -14.65 7.30931
      vertex 24.1777 -13.45 7.30931
    endloop
  endfacet
  facet normal -0.0523199 0 0.99863
    outer loop
      vertex 24.1777 -14.65 7.30931
      vertex 24 -13.45 7.3
      vertex 24 -14.65 7.3
    endloop
  endfacet
  facet normal -0.454125 0 0.890938
    outer loop
      vertex 24.6915 -13.45 7.44697
      vertex 24.85 -14.65 7.52776
      vertex 24.85 -13.45 7.52776
    endloop
  endfacet
  facet normal -0.454125 0 0.890938
    outer loop
      vertex 24.85 -14.65 7.52776
      vertex 24.6915 -13.45 7.44697
      vertex 24.6915 -14.65 7.44697
    endloop
  endfacet
  facet normal -0.629276 0 0.777182
    outer loop
      vertex 24.9992 -13.45 7.62467
      vertex 25.1375 -14.65 7.73665
      vertex 25.1375 -13.45 7.73665
    endloop
  endfacet
  facet normal -0.629276 0 0.777182
    outer loop
      vertex 25.1375 -14.65 7.73665
      vertex 24.9992 -13.45 7.62467
      vertex 24.9992 -14.65 7.62467
    endloop
  endfacet
  facet normal 0.966003 -0 0.25853
    outer loop
      vertex 22.3372 -14.65 8.64655
      vertex 22.3832 -13.45 8.47467
      vertex 22.3372 -13.45 8.64655
    endloop
  endfacet
  facet normal 0.966003 0 0.25853
    outer loop
      vertex 22.3832 -13.45 8.47467
      vertex 22.3372 -14.65 8.64655
      vertex 22.3832 -14.65 8.47467
    endloop
  endfacet
  facet normal 0.838699 -0 0.544595
    outer loop
      vertex 22.5278 -14.65 8.15
      vertex 22.6247 -13.45 8.00077
      vertex 22.5278 -13.45 8.15
    endloop
  endfacet
  facet normal 0.838699 0 0.544595
    outer loop
      vertex 22.6247 -13.45 8.00077
      vertex 22.5278 -14.65 8.15
      vertex 22.6247 -14.65 8.00077
    endloop
  endfacet
  facet normal 0.933519 -0 0.358527
    outer loop
      vertex 22.3832 -14.65 8.47467
      vertex 22.447 -13.45 8.30855
      vertex 22.3832 -13.45 8.47467
    endloop
  endfacet
  facet normal 0.933519 0 0.358527
    outer loop
      vertex 22.447 -13.45 8.30855
      vertex 22.3832 -14.65 8.47467
      vertex 22.447 -14.65 8.30855
    endloop
  endfacet
  facet normal 0.987633 -0 0.156785
    outer loop
      vertex 22.3093 -14.65 8.8223
      vertex 22.3372 -13.45 8.64655
      vertex 22.3093 -13.45 8.8223
    endloop
  endfacet
  facet normal 0.987633 0 0.156785
    outer loop
      vertex 22.3372 -13.45 8.64655
      vertex 22.3093 -14.65 8.8223
      vertex 22.3372 -14.65 8.64655
    endloop
  endfacet
  facet normal 0.544712 0 0.838623
    outer loop
      vertex 23.0008 -13.45 7.62467
      vertex 23.15 -14.65 7.52776
      vertex 23.15 -13.45 7.52776
    endloop
  endfacet
  facet normal 0.544712 0 0.838623
    outer loop
      vertex 23.15 -14.65 7.52776
      vertex 23.0008 -13.45 7.62467
      vertex 23.0008 -14.65 7.62467
    endloop
  endfacet
  facet normal 0.454125 0 0.890938
    outer loop
      vertex 23.15 -13.45 7.52776
      vertex 23.3085 -14.65 7.44697
      vertex 23.3085 -13.45 7.44697
    endloop
  endfacet
  facet normal 0.454125 0 0.890938
    outer loop
      vertex 23.3085 -14.65 7.44697
      vertex 23.15 -13.45 7.52776
      vertex 23.15 -14.65 7.52776
    endloop
  endfacet
  facet normal 0.629276 0 0.777182
    outer loop
      vertex 22.8625 -13.45 7.73665
      vertex 23.0008 -14.65 7.62467
      vertex 23.0008 -13.45 7.62467
    endloop
  endfacet
  facet normal 0.629276 0 0.777182
    outer loop
      vertex 23.0008 -14.65 7.62467
      vertex 22.8625 -13.45 7.73665
      vertex 22.8625 -14.65 7.73665
    endloop
  endfacet
  facet normal 0.258905 0 0.965903
    outer loop
      vertex 23.4747 -13.45 7.3832
      vertex 23.6465 -14.65 7.33715
      vertex 23.6465 -13.45 7.33715
    endloop
  endfacet
  facet normal 0.258905 0 0.965903
    outer loop
      vertex 23.6465 -14.65 7.33715
      vertex 23.4747 -13.45 7.3832
      vertex 23.4747 -14.65 7.3832
    endloop
  endfacet
  facet normal -0.998633 0 -0.0522639
    outer loop
      vertex 25.7 -14.65 9
      vertex 25.6907 -13.45 9.1777
      vertex 25.7 -13.45 9
    endloop
  endfacet
  facet normal -0.998633 -0 -0.0522639
    outer loop
      vertex 25.6907 -13.45 9.1777
      vertex 25.7 -14.65 9
      vertex 25.6907 -14.65 9.1777
    endloop
  endfacet
  facet normal -0.966003 0 -0.25853
    outer loop
      vertex 25.6628 -14.65 9.35345
      vertex 25.6168 -13.45 9.52533
      vertex 25.6628 -13.45 9.35345
    endloop
  endfacet
  facet normal -0.966003 -0 -0.25853
    outer loop
      vertex 25.6168 -13.45 9.52533
      vertex 25.6628 -14.65 9.35345
      vertex 25.6168 -14.65 9.52533
    endloop
  endfacet
  facet normal -0.629344 0 -0.777127
    outer loop
      vertex 24.9992 -14.65 10.3753
      vertex 25.1375 -13.45 10.2633
      vertex 25.1375 -14.65 10.2633
    endloop
  endfacet
  facet normal -0.629344 0 -0.777127
    outer loop
      vertex 25.1375 -13.45 10.2633
      vertex 24.9992 -14.65 10.3753
      vertex 24.9992 -13.45 10.3753
    endloop
  endfacet
  facet normal -0.890973 0 -0.454056
    outer loop
      vertex 25.553 -14.65 9.69145
      vertex 25.4722 -13.45 9.85
      vertex 25.553 -13.45 9.69145
    endloop
  endfacet
  facet normal -0.890973 -0 -0.454056
    outer loop
      vertex 25.4722 -13.45 9.85
      vertex 25.553 -14.65 9.69145
      vertex 25.4722 -14.65 9.85
    endloop
  endfacet
  facet normal -0.77706 0 -0.629426
    outer loop
      vertex 25.3753 -14.65 9.99923
      vertex 25.2633 -13.45 10.1375
      vertex 25.3753 -13.45 9.99923
    endloop
  endfacet
  facet normal -0.77706 -0 -0.629426
    outer loop
      vertex 25.2633 -13.45 10.1375
      vertex 25.3753 -14.65 9.99923
      vertex 25.2633 -14.65 10.1375
    endloop
  endfacet
  facet normal 0.966003 0 -0.25853
    outer loop
      vertex 22.3832 -14.65 9.52533
      vertex 22.3372 -13.45 9.35345
      vertex 22.3832 -13.45 9.52533
    endloop
  endfacet
  facet normal 0.966003 0 -0.25853
    outer loop
      vertex 22.3372 -13.45 9.35345
      vertex 22.3832 -14.65 9.52533
      vertex 22.3372 -14.65 9.35345
    endloop
  endfacet
  facet normal 0.998633 0 -0.0522639
    outer loop
      vertex 22.3093 -14.65 9.1777
      vertex 22.3 -13.45 9
      vertex 22.3093 -13.45 9.1777
    endloop
  endfacet
  facet normal 0.998633 0 -0.0522639
    outer loop
      vertex 22.3 -13.45 9
      vertex 22.3093 -14.65 9.1777
      vertex 22.3 -14.65 9
    endloop
  endfacet
  facet normal 0.987633 0 -0.156785
    outer loop
      vertex 22.3372 -14.65 9.35345
      vertex 22.3093 -13.45 9.1777
      vertex 22.3372 -13.45 9.35345
    endloop
  endfacet
  facet normal 0.987633 0 -0.156785
    outer loop
      vertex 22.3093 -13.45 9.1777
      vertex 22.3372 -14.65 9.35345
      vertex 22.3093 -14.65 9.1777
    endloop
  endfacet
  facet normal -0.358377 0 -0.933577
    outer loop
      vertex 24.5253 -14.65 10.6168
      vertex 24.6915 -13.45 10.553
      vertex 24.6915 -14.65 10.553
    endloop
  endfacet
  facet normal -0.358377 0 -0.933577
    outer loop
      vertex 24.6915 -13.45 10.553
      vertex 24.5253 -14.65 10.6168
      vertex 24.5253 -13.45 10.6168
    endloop
  endfacet
  facet normal -0.259167 0 -0.965833
    outer loop
      vertex 24.3535 -14.65 10.6629
      vertex 24.5253 -13.45 10.6168
      vertex 24.5253 -14.65 10.6168
    endloop
  endfacet
  facet normal -0.259167 0 -0.965833
    outer loop
      vertex 24.5253 -13.45 10.6168
      vertex 24.3535 -14.65 10.6629
      vertex 24.3535 -13.45 10.6629
    endloop
  endfacet
  facet normal -0.987633 0 -0.156785
    outer loop
      vertex 25.6907 -14.65 9.1777
      vertex 25.6628 -13.45 9.35345
      vertex 25.6907 -13.45 9.1777
    endloop
  endfacet
  facet normal -0.987633 -0 -0.156785
    outer loop
      vertex 25.6628 -13.45 9.35345
      vertex 25.6907 -14.65 9.1777
      vertex 25.6628 -14.65 9.35345
    endloop
  endfacet
  facet normal -0.45417 0 -0.890915
    outer loop
      vertex 24.6915 -14.65 10.553
      vertex 24.85 -13.45 10.4722
      vertex 24.85 -14.65 10.4722
    endloop
  endfacet
  facet normal -0.45417 0 -0.890915
    outer loop
      vertex 24.85 -13.45 10.4722
      vertex 24.6915 -14.65 10.553
      vertex 24.6915 -13.45 10.553
    endloop
  endfacet
  facet normal -0.544672 0 -0.838649
    outer loop
      vertex 24.85 -14.65 10.4722
      vertex 24.9992 -13.45 10.3753
      vertex 24.9992 -14.65 10.3753
    endloop
  endfacet
  facet normal -0.544672 0 -0.838649
    outer loop
      vertex 24.9992 -13.45 10.3753
      vertex 24.85 -14.65 10.4722
      vertex 24.85 -13.45 10.4722
    endloop
  endfacet
  facet normal -0.933519 0 -0.358527
    outer loop
      vertex 25.6168 -14.65 9.52533
      vertex 25.553 -13.45 9.69145
      vertex 25.6168 -13.45 9.52533
    endloop
  endfacet
  facet normal -0.933519 -0 -0.358527
    outer loop
      vertex 25.553 -13.45 9.69145
      vertex 25.6168 -14.65 9.52533
      vertex 25.553 -14.65 9.69145
    endloop
  endfacet
  facet normal -0.838699 0 -0.544595
    outer loop
      vertex 25.4722 -14.65 9.85
      vertex 25.3753 -13.45 9.99923
      vertex 25.4722 -13.45 9.85
    endloop
  endfacet
  facet normal -0.838699 -0 -0.544595
    outer loop
      vertex 25.3753 -13.45 9.99923
      vertex 25.4722 -14.65 9.85
      vertex 25.3753 -14.65 9.99923
    endloop
  endfacet
  facet normal 0.890973 0 -0.454056
    outer loop
      vertex 22.5278 -14.65 9.85
      vertex 22.447 -13.45 9.69145
      vertex 22.5278 -13.45 9.85
    endloop
  endfacet
  facet normal 0.890973 0 -0.454056
    outer loop
      vertex 22.447 -13.45 9.69145
      vertex 22.5278 -14.65 9.85
      vertex 22.447 -14.65 9.69145
    endloop
  endfacet
  facet normal 0.707107 0 -0.707107
    outer loop
      vertex 22.8625 -14.65 10.2633
      vertex 22.7367 -13.45 10.1375
      vertex 22.8625 -13.45 10.2633
    endloop
  endfacet
  facet normal 0.707107 0 -0.707107
    outer loop
      vertex 22.7367 -13.45 10.1375
      vertex 22.8625 -14.65 10.2633
      vertex 22.7367 -14.65 10.1375
    endloop
  endfacet
  facet normal 0.933519 0 -0.358527
    outer loop
      vertex 22.447 -14.65 9.69145
      vertex 22.3832 -13.45 9.52533
      vertex 22.447 -13.45 9.69145
    endloop
  endfacet
  facet normal 0.933519 0 -0.358527
    outer loop
      vertex 22.3832 -13.45 9.52533
      vertex 22.447 -14.65 9.69145
      vertex 22.3832 -14.65 9.52533
    endloop
  endfacet
  facet normal -0.707107 0 -0.707107
    outer loop
      vertex 25.2633 -14.65 10.1375
      vertex 25.1375 -13.45 10.2633
      vertex 25.2633 -13.45 10.1375
    endloop
  endfacet
  facet normal -0.707107 -0 -0.707107
    outer loop
      vertex 25.1375 -13.45 10.2633
      vertex 25.2633 -14.65 10.1375
      vertex 25.1375 -14.65 10.2633
    endloop
  endfacet
  facet normal 0.629344 0 -0.777127
    outer loop
      vertex 22.8625 -14.65 10.2633
      vertex 23.0008 -13.45 10.3753
      vertex 23.0008 -14.65 10.3753
    endloop
  endfacet
  facet normal 0.629344 0 -0.777127
    outer loop
      vertex 23.0008 -13.45 10.3753
      vertex 22.8625 -14.65 10.2633
      vertex 22.8625 -13.45 10.2633
    endloop
  endfacet
  facet normal 0.544672 0 -0.838649
    outer loop
      vertex 23.0008 -14.65 10.3753
      vertex 23.15 -13.45 10.4722
      vertex 23.15 -14.65 10.4722
    endloop
  endfacet
  facet normal 0.544672 0 -0.838649
    outer loop
      vertex 23.15 -13.45 10.4722
      vertex 23.0008 -14.65 10.3753
      vertex 23.0008 -13.45 10.3753
    endloop
  endfacet
  facet normal 0.358377 0 -0.933577
    outer loop
      vertex 23.3085 -14.65 10.553
      vertex 23.4747 -13.45 10.6168
      vertex 23.4747 -14.65 10.6168
    endloop
  endfacet
  facet normal 0.358377 0 -0.933577
    outer loop
      vertex 23.4747 -13.45 10.6168
      vertex 23.3085 -14.65 10.553
      vertex 23.3085 -13.45 10.553
    endloop
  endfacet
  facet normal 0.45417 0 -0.890915
    outer loop
      vertex 23.15 -14.65 10.4722
      vertex 23.3085 -13.45 10.553
      vertex 23.3085 -14.65 10.553
    endloop
  endfacet
  facet normal 0.45417 0 -0.890915
    outer loop
      vertex 23.3085 -13.45 10.553
      vertex 23.15 -14.65 10.4722
      vertex 23.15 -13.45 10.4722
    endloop
  endfacet
  facet normal 0.259167 0 -0.965833
    outer loop
      vertex 23.4747 -14.65 10.6168
      vertex 23.6465 -13.45 10.6629
      vertex 23.6465 -14.65 10.6629
    endloop
  endfacet
  facet normal 0.259167 0 -0.965833
    outer loop
      vertex 23.6465 -13.45 10.6629
      vertex 23.4747 -14.65 10.6168
      vertex 23.4747 -13.45 10.6168
    endloop
  endfacet
  facet normal 0.156193 0 -0.987726
    outer loop
      vertex 23.6465 -14.65 10.6629
      vertex 23.8223 -13.45 10.6907
      vertex 23.8223 -14.65 10.6907
    endloop
  endfacet
  facet normal 0.156193 0 -0.987726
    outer loop
      vertex 23.8223 -13.45 10.6907
      vertex 23.6465 -14.65 10.6629
      vertex 23.6465 -13.45 10.6629
    endloop
  endfacet
  facet normal 0.0522639 0 -0.998633
    outer loop
      vertex 23.8223 -14.65 10.6907
      vertex 24 -13.45 10.7
      vertex 24 -14.65 10.7
    endloop
  endfacet
  facet normal 0.0522639 0 -0.998633
    outer loop
      vertex 24 -13.45 10.7
      vertex 23.8223 -14.65 10.6907
      vertex 23.8223 -13.45 10.6907
    endloop
  endfacet
  facet normal 0.838699 0 -0.544595
    outer loop
      vertex 22.6247 -14.65 9.99923
      vertex 22.5278 -13.45 9.85
      vertex 22.6247 -13.45 9.99923
    endloop
  endfacet
  facet normal 0.838699 0 -0.544595
    outer loop
      vertex 22.5278 -13.45 9.85
      vertex 22.6247 -14.65 9.99923
      vertex 22.5278 -14.65 9.85
    endloop
  endfacet
  facet normal -0.774235 -0.631599 0.0405199
    outer loop
      vertex 27.1679 -16.45 8.99065
      vertex 25.7 -14.65 9
      vertex 25.6907 -14.65 8.8223
    endloop
  endfacet
  facet normal -0.774205 -0.631579 0.0414013
    outer loop
      vertex 25.7 -14.65 9
      vertex 27.1679 -16.45 8.99065
      vertex 27.1684 -16.45 9
    endloop
  endfacet
  facet normal -0.774234 -0.631608 0.0404149
    outer loop
      vertex 27.1511 -16.45 8.66881
      vertex 27.1679 -16.45 8.99065
      vertex 25.6907 -14.65 8.8223
    endloop
  endfacet
  facet normal 0.774205 -0.631579 0.0414013
    outer loop
      vertex 20.8321 -16.45 8.99065
      vertex 22.3 -14.65 9
      vertex 20.8316 -16.45 9
    endloop
  endfacet
  facet normal 0.774235 -0.631599 0.0405199
    outer loop
      vertex 22.3 -14.65 9
      vertex 20.8321 -16.45 8.99065
      vertex 22.3093 -14.65 8.8223
    endloop
  endfacet
  facet normal -0.766663 -0.631478 0.116035
    outer loop
      vertex 27.1006 -16.45 8.3505
      vertex 25.6628 -14.65 8.64655
      vertex 27.0992 -16.45 8.34125
    endloop
  endfacet
  facet normal -0.765696 -0.631613 0.121553
    outer loop
      vertex 25.6628 -14.65 8.64655
      vertex 27.1006 -16.45 8.3505
      vertex 25.6907 -14.65 8.8223
    endloop
  endfacet
  facet normal -0.548271 -0.631619 0.54814
    outer loop
      vertex 25.1375 -14.65 7.73665
      vertex 26.3546 -16.45 6.87991
      vertex 25.2633 -14.65 7.86248
    endloop
  endfacet
  facet normal -0.548221 -0.631612 0.548197
    outer loop
      vertex 26.3546 -16.45 6.87991
      vertex 25.1375 -14.65 7.73665
      vertex 26.1201 -16.45 6.6454
    endloop
  endfacet
  facet normal 0.0411815 -0.631585 -0.774212
    outer loop
      vertex 23.9906 -16.45 12.1679
      vertex 24 -14.65 10.7
      vertex 24 -16.45 12.1684
    endloop
  endfacet
  facet normal 0.0405199 -0.6316 -0.774235
    outer loop
      vertex 24 -14.65 10.7
      vertex 23.9906 -16.45 12.1679
      vertex 23.8223 -14.65 10.6907
    endloop
  endfacet
  facet normal 0.040359 -0.631611 0.774234
    outer loop
      vertex 24 -14.65 7.3
      vertex 23.9906 -16.45 5.83207
      vertex 24 -16.45 5.83158
    endloop
  endfacet
  facet normal 0.040563 -0.631607 0.774227
    outer loop
      vertex 23.9906 -16.45 5.83207
      vertex 24 -14.65 7.3
      vertex 23.8223 -14.65 7.30931
    endloop
  endfacet
  facet normal 0.774234 -0.631608 -0.0404149
    outer loop
      vertex 22.3093 -14.65 9.1777
      vertex 20.8489 -16.45 9.33119
      vertex 20.8321 -16.45 9.00935
    endloop
  endfacet
  facet normal 0.766663 -0.631478 -0.116035
    outer loop
      vertex 20.8994 -16.45 9.6495
      vertex 22.3372 -14.65 9.35345
      vertex 20.9008 -16.45 9.65875
    endloop
  endfacet
  facet normal 0.765696 -0.631613 -0.121553
    outer loop
      vertex 22.3372 -14.65 9.35345
      vertex 20.8994 -16.45 9.6495
      vertex 22.3093 -14.65 9.1777
    endloop
  endfacet
  facet normal -0.487825 -0.631619 -0.602564
    outer loop
      vertex 26.1201 -16.45 11.3546
      vertex 25.8696 -16.45 11.5574
      vertex 25.1375 -14.65 10.2633
    endloop
  endfacet
  facet normal -0.690797 -0.631614 0.351942
    outer loop
      vertex 26.7482 -16.45 7.42413
      vertex 26.8945 -16.45 7.71129
      vertex 25.553 -14.65 8.30855
    endloop
  endfacet
  facet normal 0.548271 -0.631619 0.54814
    outer loop
      vertex 21.6454 -16.45 6.87991
      vertex 22.8625 -14.65 7.73665
      vertex 22.7367 -14.65 7.86248
    endloop
  endfacet
  facet normal 0.548221 -0.631612 0.548197
    outer loop
      vertex 22.8625 -14.65 7.73665
      vertex 21.6454 -16.45 6.87991
      vertex 21.8799 -16.45 6.6454
    endloop
  endfacet
  facet normal 0.27773 -0.631612 0.723832
    outer loop
      vertex 23.3085 -14.65 7.44697
      vertex 23.0209 -16.45 5.98665
      vertex 23.4747 -14.65 7.3832
    endloop
  endfacet
  facet normal 0.279356 -0.631467 0.723333
    outer loop
      vertex 23.0209 -16.45 5.98665
      vertex 23.3085 -14.65 7.44697
      vertex 23.0122 -16.45 5.99001
    endloop
  endfacet
  facet normal -0.650241 -0.63161 0.422203
    outer loop
      vertex 26.5633 -16.45 7.13765
      vertex 26.7388 -16.45 7.40794
      vertex 25.3753 -14.65 8.00077
    endloop
  endfacet
  facet normal -0.602479 -0.631609 0.487943
    outer loop
      vertex 26.5574 -16.45 7.13037
      vertex 25.3753 -14.65 8.00077
      vertex 25.2633 -14.65 7.86248
    endloop
  endfacet
  facet normal -0.602322 -0.631603 0.488145
    outer loop
      vertex 25.3753 -14.65 8.00077
      vertex 26.5574 -16.45 7.13037
      vertex 26.5633 -16.45 7.13765
    endloop
  endfacet
  facet normal 0.602564 -0.631619 -0.487825
    outer loop
      vertex 22.7367 -14.65 10.1375
      vertex 21.6454 -16.45 11.1201
      vertex 21.4426 -16.45 10.8696
    endloop
  endfacet
  facet normal 0.765712 -0.631607 -0.121481
    outer loop
      vertex 22.3093 -14.65 9.1777
      vertex 20.8994 -16.45 9.6495
      vertex 20.8489 -16.45 9.33119
    endloop
  endfacet
  facet normal 0.650243 -0.631617 -0.422189
    outer loop
      vertex 22.6247 -14.65 9.99923
      vertex 21.4367 -16.45 10.8624
      vertex 21.2612 -16.45 10.5921
    endloop
  endfacet
  facet normal -0.0404199 -0.631608 -0.774233
    outer loop
      vertex 24.1777 -14.65 10.6907
      vertex 24.3312 -16.45 12.1511
      vertex 24.0094 -16.45 12.1679
    endloop
  endfacet
  facet normal -0.121484 -0.631607 -0.765711
    outer loop
      vertex 24.6495 -16.45 12.1006
      vertex 24.3312 -16.45 12.1511
      vertex 24.1777 -14.65 10.6907
    endloop
  endfacet
  facet normal -0.115431 -0.631434 -0.76679
    outer loop
      vertex 24.6495 -16.45 12.1006
      vertex 24.3535 -14.65 10.6629
      vertex 24.6588 -16.45 12.0992
    endloop
  endfacet
  facet normal -0.121099 -0.631575 -0.765799
    outer loop
      vertex 24.3535 -14.65 10.6629
      vertex 24.6495 -16.45 12.1006
      vertex 24.1777 -14.65 10.6907
    endloop
  endfacet
  facet normal -0.49145 -0.631502 -0.599735
    outer loop
      vertex 24.9992 -14.65 10.3753
      vertex 25.8696 -16.45 11.5574
      vertex 25.8624 -16.45 11.5633
    endloop
  endfacet
  facet normal -0.487922 -0.63161 -0.602496
    outer loop
      vertex 25.8696 -16.45 11.5574
      vertex 24.9992 -14.65 10.3753
      vertex 25.1375 -14.65 10.2633
    endloop
  endfacet
  facet normal -0.723781 -0.631613 -0.277859
    outer loop
      vertex 27.01 -16.45 9.98784
      vertex 26.8945 -16.45 10.2887
      vertex 25.553 -14.65 9.69145
    endloop
  endfacet
  facet normal -0.748866 -0.631624 -0.200628
    outer loop
      vertex 27.0992 -16.45 9.65875
      vertex 27.0158 -16.45 9.97005
      vertex 25.6628 -14.65 9.35345
    endloop
  endfacet
  facet normal -0.765712 -0.631607 -0.121481
    outer loop
      vertex 27.1511 -16.45 9.33119
      vertex 27.1006 -16.45 9.6495
      vertex 25.6907 -14.65 9.1777
    endloop
  endfacet
  facet normal -0.748866 -0.631624 0.200628
    outer loop
      vertex 27.0158 -16.45 8.02995
      vertex 27.0992 -16.45 8.34125
      vertex 25.6628 -14.65 8.64655
    endloop
  endfacet
  facet normal -0.765712 -0.631607 0.121481
    outer loop
      vertex 27.1006 -16.45 8.3505
      vertex 27.1511 -16.45 8.66881
      vertex 25.6907 -14.65 8.8223
    endloop
  endfacet
  facet normal 0.121265 -0.631604 0.765748
    outer loop
      vertex 23.6465 -14.65 7.33715
      vertex 23.3505 -16.45 5.89935
      vertex 23.8223 -14.65 7.30931
    endloop
  endfacet
  facet normal 0.121044 -0.631599 0.765788
    outer loop
      vertex 23.3505 -16.45 5.89935
      vertex 23.6465 -14.65 7.33715
      vertex 23.3412 -16.45 5.90082
    endloop
  endfacet
  facet normal -0.725042 -0.631958 0.273757
    outer loop
      vertex 27.0133 -16.45 8.0209
      vertex 25.553 -14.65 8.30855
      vertex 27.01 -16.45 8.01216
    endloop
  endfacet
  facet normal -0.723759 -0.631591 0.277967
    outer loop
      vertex 25.553 -14.65 8.30855
      vertex 27.0133 -16.45 8.0209
      vertex 25.6168 -14.65 8.47467
    endloop
  endfacet
  facet normal -0.723784 -0.631614 0.277851
    outer loop
      vertex 26.8945 -16.45 7.71129
      vertex 27.01 -16.45 8.01216
      vertex 25.553 -14.65 8.30855
    endloop
  endfacet
  facet normal -0.040588 -0.631605 0.774227
    outer loop
      vertex 24.3312 -16.45 5.84894
      vertex 24.1777 -14.65 7.30931
      vertex 24.0094 -16.45 5.83207
    endloop
  endfacet
  facet normal -0.420414 -0.631786 0.651229
    outer loop
      vertex 24.9992 -14.65 7.62467
      vertex 25.5842 -16.45 6.25607
      vertex 25.5921 -16.45 6.26117
    endloop
  endfacet
  facet normal -0.422311 -0.631603 0.650178
    outer loop
      vertex 25.5842 -16.45 6.25607
      vertex 24.9992 -14.65 7.62467
      vertex 24.85 -14.65 7.52776
    endloop
  endfacet
  facet normal 0.351905 -0.631608 -0.690821
    outer loop
      vertex 23.3085 -14.65 10.553
      vertex 22.7113 -16.45 11.8945
      vertex 22.4241 -16.45 11.7482
    endloop
  endfacet
  facet normal 0.747198 -0.631736 -0.206408
    outer loop
      vertex 20.9842 -16.45 9.97005
      vertex 22.3832 -14.65 9.52533
      vertex 20.9867 -16.45 9.9791
    endloop
  endfacet
  facet normal 0.748931 -0.631607 -0.200435
    outer loop
      vertex 22.3832 -14.65 9.52533
      vertex 20.9842 -16.45 9.97005
      vertex 22.3372 -14.65 9.35345
    endloop
  endfacet
  facet normal 0.690817 -0.631614 -0.351903
    outer loop
      vertex 22.447 -14.65 9.69145
      vertex 21.2518 -16.45 10.5759
      vertex 21.1055 -16.45 10.2887
    endloop
  endfacet
  facet normal -0.422187 -0.631621 -0.650241
    outer loop
      vertex 25.8624 -16.45 11.5633
      vertex 25.5921 -16.45 11.7388
      vertex 24.9992 -14.65 10.3753
    endloop
  endfacet
  facet normal -0.205359 -0.631714 -0.747506
    outer loop
      vertex 24.97 -16.45 12.0158
      vertex 24.5253 -14.65 10.6168
      vertex 24.9791 -16.45 12.0133
    endloop
  endfacet
  facet normal -0.200927 -0.631617 -0.748791
    outer loop
      vertex 24.5253 -14.65 10.6168
      vertex 24.97 -16.45 12.0158
      vertex 24.3535 -14.65 10.6629
    endloop
  endfacet
  facet normal -0.548203 -0.631622 -0.548203
    outer loop
      vertex 25.1375 -14.65 10.2633
      vertex 26.3546 -16.45 11.1201
      vertex 26.1201 -16.45 11.3546
    endloop
  endfacet
  facet normal -0.548203 -0.631622 -0.548203
    outer loop
      vertex 26.3546 -16.45 11.1201
      vertex 25.1375 -14.65 10.2633
      vertex 25.2633 -14.65 10.1375
    endloop
  endfacet
  facet normal -0.602564 -0.631619 -0.487825
    outer loop
      vertex 26.5574 -16.45 10.8696
      vertex 26.3546 -16.45 11.1201
      vertex 25.2633 -14.65 10.1375
    endloop
  endfacet
  facet normal -0.690817 -0.631614 -0.351903
    outer loop
      vertex 26.8945 -16.45 10.2887
      vertex 26.7482 -16.45 10.5759
      vertex 25.553 -14.65 9.69145
    endloop
  endfacet
  facet normal -0.765696 -0.631613 -0.121553
    outer loop
      vertex 27.1006 -16.45 9.6495
      vertex 25.6628 -14.65 9.35345
      vertex 25.6907 -14.65 9.1777
    endloop
  endfacet
  facet normal -0.766663 -0.631478 -0.116035
    outer loop
      vertex 25.6628 -14.65 9.35345
      vertex 27.1006 -16.45 9.6495
      vertex 27.0992 -16.45 9.65875
    endloop
  endfacet
  facet normal -0.723759 -0.631591 -0.277967
    outer loop
      vertex 27.0133 -16.45 9.9791
      vertex 25.553 -14.65 9.69145
      vertex 25.6168 -14.65 9.52533
    endloop
  endfacet
  facet normal -0.725042 -0.631958 -0.273757
    outer loop
      vertex 25.553 -14.65 9.69145
      vertex 27.0133 -16.45 9.9791
      vertex 27.01 -16.45 9.98784
    endloop
  endfacet
  facet normal -0.774234 -0.631608 -0.0404149
    outer loop
      vertex 27.1679 -16.45 9.00935
      vertex 27.1511 -16.45 9.33119
      vertex 25.6907 -14.65 9.1777
    endloop
  endfacet
  facet normal -0.774205 -0.631579 -0.0414013
    outer loop
      vertex 27.1679 -16.45 9.00935
      vertex 25.7 -14.65 9
      vertex 27.1684 -16.45 9
    endloop
  endfacet
  facet normal -0.774235 -0.631599 -0.0405199
    outer loop
      vertex 25.7 -14.65 9
      vertex 27.1679 -16.45 9.00935
      vertex 25.6907 -14.65 9.1777
    endloop
  endfacet
  facet normal 0.748866 -0.631624 0.200628
    outer loop
      vertex 20.9842 -16.45 8.02995
      vertex 22.3372 -14.65 8.64655
      vertex 20.9008 -16.45 8.34125
    endloop
  endfacet
  facet normal 0.774234 -0.631608 0.0404149
    outer loop
      vertex 20.8489 -16.45 8.66881
      vertex 22.3093 -14.65 8.8223
      vertex 20.8321 -16.45 8.99065
    endloop
  endfacet
  facet normal 0.602322 -0.631603 0.488145
    outer loop
      vertex 21.4426 -16.45 7.13037
      vertex 22.6247 -14.65 8.00077
      vertex 21.4367 -16.45 7.13765
    endloop
  endfacet
  facet normal 0.602479 -0.631609 0.487943
    outer loop
      vertex 22.6247 -14.65 8.00077
      vertex 21.4426 -16.45 7.13037
      vertex 22.7367 -14.65 7.86248
    endloop
  endfacet
  facet normal 0.602528 -0.631616 0.487873
    outer loop
      vertex 21.6454 -16.45 6.87991
      vertex 22.7367 -14.65 7.86248
      vertex 21.4426 -16.45 7.13037
    endloop
  endfacet
  facet normal 0.351946 -0.6316 0.690808
    outer loop
      vertex 22.7113 -16.45 6.1055
      vertex 23.3085 -14.65 7.44697
      vertex 22.4241 -16.45 6.25182
    endloop
  endfacet
  facet normal 0.200714 -0.631604 0.748859
    outer loop
      vertex 23.3412 -16.45 5.90082
      vertex 23.6465 -14.65 7.33715
      vertex 23.03 -16.45 5.98423
    endloop
  endfacet
  facet normal 0.200726 -0.631605 0.748855
    outer loop
      vertex 23.4747 -14.65 7.3832
      vertex 23.03 -16.45 5.98423
      vertex 23.6465 -14.65 7.33715
    endloop
  endfacet
  facet normal 0.199258 -0.63157 0.749277
    outer loop
      vertex 23.03 -16.45 5.98423
      vertex 23.4747 -14.65 7.3832
      vertex 23.0209 -16.45 5.98665
    endloop
  endfacet
  facet normal 0.121273 -0.631605 0.765747
    outer loop
      vertex 23.6688 -16.45 5.84894
      vertex 23.8223 -14.65 7.30931
      vertex 23.3505 -16.45 5.89935
    endloop
  endfacet
  facet normal 0.040588 -0.631605 0.774227
    outer loop
      vertex 23.9906 -16.45 5.83207
      vertex 23.8223 -14.65 7.30931
      vertex 23.6688 -16.45 5.84894
    endloop
  endfacet
  facet normal -0.747198 -0.631736 0.206408
    outer loop
      vertex 27.0158 -16.45 8.02995
      vertex 25.6168 -14.65 8.47467
      vertex 27.0133 -16.45 8.0209
    endloop
  endfacet
  facet normal -0.748931 -0.631607 0.200435
    outer loop
      vertex 25.6168 -14.65 8.47467
      vertex 27.0158 -16.45 8.02995
      vertex 25.6628 -14.65 8.64655
    endloop
  endfacet
  facet normal -0.602528 -0.631616 0.487873
    outer loop
      vertex 26.3546 -16.45 6.87991
      vertex 26.5574 -16.45 7.13037
      vertex 25.2633 -14.65 7.86248
    endloop
  endfacet
  facet normal -0.689023 -0.6317 0.355251
    outer loop
      vertex 26.7482 -16.45 7.42413
      vertex 25.4722 -14.65 8.15
      vertex 26.7439 -16.45 7.41579
    endloop
  endfacet
  facet normal -0.690751 -0.631621 0.352019
    outer loop
      vertex 25.4722 -14.65 8.15
      vertex 26.7482 -16.45 7.42413
      vertex 25.553 -14.65 8.30855
    endloop
  endfacet
  facet normal -0.65014 -0.631593 0.422384
    outer loop
      vertex 26.7439 -16.45 7.41579
      vertex 25.3753 -14.65 8.00077
      vertex 26.7388 -16.45 7.40794
    endloop
  endfacet
  facet normal -0.650232 -0.631609 0.422217
    outer loop
      vertex 25.3753 -14.65 8.00077
      vertex 26.7439 -16.45 7.41579
      vertex 25.4722 -14.65 8.15
    endloop
  endfacet
  facet normal -0.040563 -0.631607 0.774227
    outer loop
      vertex 24 -14.65 7.3
      vertex 24.0094 -16.45 5.83207
      vertex 24.1777 -14.65 7.30931
    endloop
  endfacet
  facet normal -0.040359 -0.631611 0.774234
    outer loop
      vertex 24.0094 -16.45 5.83207
      vertex 24 -14.65 7.3
      vertex 24 -16.45 5.83158
    endloop
  endfacet
  facet normal -0.121044 -0.631599 0.765788
    outer loop
      vertex 24.3535 -14.65 7.33715
      vertex 24.6495 -16.45 5.89935
      vertex 24.6588 -16.45 5.90082
    endloop
  endfacet
  facet normal -0.121265 -0.631604 0.765748
    outer loop
      vertex 24.6495 -16.45 5.89935
      vertex 24.3535 -14.65 7.33715
      vertex 24.1777 -14.65 7.30931
    endloop
  endfacet
  facet normal -0.487844 -0.63161 0.602559
    outer loop
      vertex 25.8696 -16.45 6.44259
      vertex 26.1201 -16.45 6.6454
      vertex 25.1375 -14.65 7.73665
    endloop
  endfacet
  facet normal 0.277829 -0.631608 -0.723798
    outer loop
      vertex 23.3085 -14.65 10.553
      vertex 23.0122 -16.45 12.01
      vertex 22.7113 -16.45 11.8945
    endloop
  endfacet
  facet normal 0.422279 -0.631606 -0.650196
    outer loop
      vertex 22.4158 -16.45 11.7439
      vertex 23.0008 -14.65 10.3753
      vertex 23.15 -14.65 10.4722
    endloop
  endfacet
  facet normal 0.420414 -0.631786 -0.651229
    outer loop
      vertex 23.0008 -14.65 10.3753
      vertex 22.4158 -16.45 11.7439
      vertex 22.4079 -16.45 11.7388
    endloop
  endfacet
  facet normal 0.774235 -0.631599 -0.0405199
    outer loop
      vertex 20.8321 -16.45 9.00935
      vertex 22.3 -14.65 9
      vertex 22.3093 -14.65 9.1777
    endloop
  endfacet
  facet normal 0.774205 -0.631579 -0.0414013
    outer loop
      vertex 22.3 -14.65 9
      vertex 20.8321 -16.45 9.00935
      vertex 20.8316 -16.45 9
    endloop
  endfacet
  facet normal 0.748866 -0.631624 -0.200628
    outer loop
      vertex 22.3372 -14.65 9.35345
      vertex 20.9842 -16.45 9.97005
      vertex 20.9008 -16.45 9.65875
    endloop
  endfacet
  facet normal 0.725042 -0.631958 -0.273757
    outer loop
      vertex 20.9867 -16.45 9.9791
      vertex 22.447 -14.65 9.69145
      vertex 20.99 -16.45 9.98784
    endloop
  endfacet
  facet normal 0.723759 -0.631591 -0.277967
    outer loop
      vertex 22.447 -14.65 9.69145
      vertex 20.9867 -16.45 9.9791
      vertex 22.3832 -14.65 9.52533
    endloop
  endfacet
  facet normal 0.599738 -0.631498 -0.491452
    outer loop
      vertex 22.6247 -14.65 9.99923
      vertex 21.4426 -16.45 10.8696
      vertex 21.4367 -16.45 10.8624
    endloop
  endfacet
  facet normal 0.602449 -0.631603 -0.487989
    outer loop
      vertex 21.4426 -16.45 10.8696
      vertex 22.6247 -14.65 9.99923
      vertex 22.7367 -14.65 10.1375
    endloop
  endfacet
  facet normal 0.723781 -0.631613 -0.277859
    outer loop
      vertex 22.447 -14.65 9.69145
      vertex 21.1055 -16.45 10.2887
      vertex 20.99 -16.45 9.98784
    endloop
  endfacet
  facet normal -0.351905 -0.631608 -0.690821
    outer loop
      vertex 25.5759 -16.45 11.7482
      vertex 25.2887 -16.45 11.8945
      vertex 24.6915 -14.65 10.553
    endloop
  endfacet
  facet normal -0.0411815 -0.631585 -0.774212
    outer loop
      vertex 24 -14.65 10.7
      vertex 24.0094 -16.45 12.1679
      vertex 24 -16.45 12.1684
    endloop
  endfacet
  facet normal -0.0405199 -0.6316 -0.774235
    outer loop
      vertex 24.0094 -16.45 12.1679
      vertex 24 -14.65 10.7
      vertex 24.1777 -14.65 10.6907
    endloop
  endfacet
  facet normal -0.200693 -0.631597 -0.748871
    outer loop
      vertex 24.97 -16.45 12.0158
      vertex 24.6588 -16.45 12.0992
      vertex 24.3535 -14.65 10.6629
    endloop
  endfacet
  facet normal -0.274887 -0.631856 -0.724703
    outer loop
      vertex 24.9791 -16.45 12.0133
      vertex 24.6915 -14.65 10.553
      vertex 24.9878 -16.45 12.01
    endloop
  endfacet
  facet normal -0.277848 -0.631597 -0.7238
    outer loop
      vertex 24.6915 -14.65 10.553
      vertex 24.9791 -16.45 12.0133
      vertex 24.5253 -14.65 10.6168
    endloop
  endfacet
  facet normal -0.690748 -0.631625 -0.352018
    outer loop
      vertex 26.7482 -16.45 10.5759
      vertex 25.4722 -14.65 9.85
      vertex 25.553 -14.65 9.69145
    endloop
  endfacet
  facet normal -0.6883 -0.631733 -0.356589
    outer loop
      vertex 25.4722 -14.65 9.85
      vertex 26.7482 -16.45 10.5759
      vertex 26.7439 -16.45 10.5842
    endloop
  endfacet
  facet normal -0.602449 -0.631603 -0.487989
    outer loop
      vertex 25.3753 -14.65 9.99923
      vertex 26.5574 -16.45 10.8696
      vertex 25.2633 -14.65 10.1375
    endloop
  endfacet
  facet normal -0.599738 -0.631498 -0.491452
    outer loop
      vertex 26.5574 -16.45 10.8696
      vertex 25.3753 -14.65 9.99923
      vertex 26.5633 -16.45 10.8624
    endloop
  endfacet
  facet normal -0.748931 -0.631607 -0.200435
    outer loop
      vertex 27.0158 -16.45 9.97005
      vertex 25.6168 -14.65 9.52533
      vertex 25.6628 -14.65 9.35345
    endloop
  endfacet
  facet normal -0.747198 -0.631736 -0.206408
    outer loop
      vertex 25.6168 -14.65 9.52533
      vertex 27.0158 -16.45 9.97005
      vertex 27.0133 -16.45 9.9791
    endloop
  endfacet
  facet normal 0.690797 -0.631614 0.351942
    outer loop
      vertex 21.2518 -16.45 7.42413
      vertex 22.447 -14.65 8.30855
      vertex 21.1055 -16.45 7.71129
    endloop
  endfacet
  facet normal 0.723759 -0.631591 0.277967
    outer loop
      vertex 20.9867 -16.45 8.0209
      vertex 22.447 -14.65 8.30855
      vertex 22.3832 -14.65 8.47467
    endloop
  endfacet
  facet normal 0.725042 -0.631958 0.273757
    outer loop
      vertex 22.447 -14.65 8.30855
      vertex 20.9867 -16.45 8.0209
      vertex 20.99 -16.45 8.01216
    endloop
  endfacet
  facet normal 0.765712 -0.631607 0.121481
    outer loop
      vertex 20.8994 -16.45 8.3505
      vertex 22.3093 -14.65 8.8223
      vertex 20.8489 -16.45 8.66881
    endloop
  endfacet
  facet normal 0.487844 -0.63161 0.602559
    outer loop
      vertex 22.1304 -16.45 6.44259
      vertex 22.8625 -14.65 7.73665
      vertex 21.8799 -16.45 6.6454
    endloop
  endfacet
  facet normal 0.27781 -0.6316 0.723812
    outer loop
      vertex 23.0122 -16.45 5.99001
      vertex 23.3085 -14.65 7.44697
      vertex 22.7113 -16.45 6.1055
    endloop
  endfacet
  facet normal 0.422311 -0.631603 0.650178
    outer loop
      vertex 23.0008 -14.65 7.62467
      vertex 22.4158 -16.45 6.25607
      vertex 23.15 -14.65 7.52776
    endloop
  endfacet
  facet normal 0.420414 -0.631786 0.651229
    outer loop
      vertex 22.4158 -16.45 6.25607
      vertex 23.0008 -14.65 7.62467
      vertex 22.4079 -16.45 6.26117
    endloop
  endfacet
  facet normal 0.352076 -0.631612 0.69073
    outer loop
      vertex 23.15 -14.65 7.52776
      vertex 22.4241 -16.45 6.25182
      vertex 23.3085 -14.65 7.44697
    endloop
  endfacet
  facet normal 0.353341 -0.631644 0.690055
    outer loop
      vertex 22.4241 -16.45 6.25182
      vertex 23.15 -14.65 7.52776
      vertex 22.4158 -16.45 6.25607
    endloop
  endfacet
  facet normal -0.121273 -0.631605 0.765747
    outer loop
      vertex 24.3312 -16.45 5.84894
      vertex 24.6495 -16.45 5.89935
      vertex 24.1777 -14.65 7.30931
    endloop
  endfacet
  facet normal -0.27781 -0.6316 0.723812
    outer loop
      vertex 24.9878 -16.45 5.99001
      vertex 25.2887 -16.45 6.1055
      vertex 24.6915 -14.65 7.44697
    endloop
  endfacet
  facet normal -0.351946 -0.6316 0.690808
    outer loop
      vertex 25.2887 -16.45 6.1055
      vertex 25.5759 -16.45 6.25182
      vertex 24.6915 -14.65 7.44697
    endloop
  endfacet
  facet normal -0.200714 -0.631604 0.748859
    outer loop
      vertex 24.6588 -16.45 5.90082
      vertex 24.97 -16.45 5.98423
      vertex 24.3535 -14.65 7.33715
    endloop
  endfacet
  facet normal -0.48787 -0.631607 0.60254
    outer loop
      vertex 24.9992 -14.65 7.62467
      vertex 25.8696 -16.45 6.44259
      vertex 25.1375 -14.65 7.73665
    endloop
  endfacet
  facet normal -0.491452 -0.631498 0.599738
    outer loop
      vertex 25.8696 -16.45 6.44259
      vertex 24.9992 -14.65 7.62467
      vertex 25.8624 -16.45 6.43669
    endloop
  endfacet
  facet normal -0.422223 -0.631618 0.650221
    outer loop
      vertex 25.5921 -16.45 6.26117
      vertex 25.8624 -16.45 6.43669
      vertex 24.9992 -14.65 7.62467
    endloop
  endfacet
  facet normal 0.121484 -0.631607 -0.765711
    outer loop
      vertex 23.8223 -14.65 10.6907
      vertex 23.6688 -16.45 12.1511
      vertex 23.3505 -16.45 12.1006
    endloop
  endfacet
  facet normal 0.0404199 -0.631608 -0.774233
    outer loop
      vertex 23.8223 -14.65 10.6907
      vertex 23.9906 -16.45 12.1679
      vertex 23.6688 -16.45 12.1511
    endloop
  endfacet
  facet normal 0.548203 -0.631622 -0.548203
    outer loop
      vertex 21.6454 -16.45 11.1201
      vertex 22.8625 -14.65 10.2633
      vertex 21.8799 -16.45 11.3546
    endloop
  endfacet
  facet normal 0.548203 -0.631622 -0.548203
    outer loop
      vertex 22.8625 -14.65 10.2633
      vertex 21.6454 -16.45 11.1201
      vertex 22.7367 -14.65 10.1375
    endloop
  endfacet
  facet normal 0.352105 -0.631627 -0.690702
    outer loop
      vertex 22.4241 -16.45 11.7482
      vertex 23.15 -14.65 10.4722
      vertex 23.3085 -14.65 10.553
    endloop
  endfacet
  facet normal 0.356589 -0.631733 -0.6883
    outer loop
      vertex 23.15 -14.65 10.4722
      vertex 22.4241 -16.45 11.7482
      vertex 22.4158 -16.45 11.7439
    endloop
  endfacet
  facet normal 0.200927 -0.631617 -0.748791
    outer loop
      vertex 23.03 -16.45 12.0158
      vertex 23.4747 -14.65 10.6168
      vertex 23.6465 -14.65 10.6629
    endloop
  endfacet
  facet normal 0.205359 -0.631714 -0.747506
    outer loop
      vertex 23.4747 -14.65 10.6168
      vertex 23.03 -16.45 12.0158
      vertex 23.0209 -16.45 12.0133
    endloop
  endfacet
  facet normal 0.277848 -0.631597 -0.7238
    outer loop
      vertex 23.0209 -16.45 12.0133
      vertex 23.3085 -14.65 10.553
      vertex 23.4747 -14.65 10.6168
    endloop
  endfacet
  facet normal 0.274887 -0.631856 -0.724703
    outer loop
      vertex 23.3085 -14.65 10.553
      vertex 23.0209 -16.45 12.0133
      vertex 23.0122 -16.45 12.01
    endloop
  endfacet
  facet normal -0.356589 -0.631733 -0.6883
    outer loop
      vertex 25.5759 -16.45 11.7482
      vertex 24.85 -14.65 10.4722
      vertex 25.5842 -16.45 11.7439
    endloop
  endfacet
  facet normal -0.352105 -0.631627 -0.690702
    outer loop
      vertex 24.85 -14.65 10.4722
      vertex 25.5759 -16.45 11.7482
      vertex 24.6915 -14.65 10.553
    endloop
  endfacet
  facet normal -0.420414 -0.631786 -0.651229
    outer loop
      vertex 25.5842 -16.45 11.7439
      vertex 24.9992 -14.65 10.3753
      vertex 25.5921 -16.45 11.7388
    endloop
  endfacet
  facet normal -0.422279 -0.631606 -0.650196
    outer loop
      vertex 24.9992 -14.65 10.3753
      vertex 25.5842 -16.45 11.7439
      vertex 24.85 -14.65 10.4722
    endloop
  endfacet
  facet normal -0.277829 -0.631608 -0.723798
    outer loop
      vertex 25.2887 -16.45 11.8945
      vertex 24.9878 -16.45 12.01
      vertex 24.6915 -14.65 10.553
    endloop
  endfacet
  facet normal -0.650243 -0.631617 -0.422189
    outer loop
      vertex 26.7388 -16.45 10.5921
      vertex 26.5633 -16.45 10.8624
      vertex 25.3753 -14.65 9.99923
    endloop
  endfacet
  facet normal -0.650233 -0.631608 -0.422218
    outer loop
      vertex 26.7439 -16.45 10.5842
      vertex 25.3753 -14.65 9.99923
      vertex 25.4722 -14.65 9.85
    endloop
  endfacet
  facet normal -0.651232 -0.631781 -0.420416
    outer loop
      vertex 25.3753 -14.65 9.99923
      vertex 26.7439 -16.45 10.5842
      vertex 26.7388 -16.45 10.5921
    endloop
  endfacet
  facet normal 0.650241 -0.63161 0.422203
    outer loop
      vertex 21.4367 -16.45 7.13765
      vertex 22.6247 -14.65 8.00077
      vertex 21.2612 -16.45 7.40794
    endloop
  endfacet
  facet normal 0.723784 -0.631614 0.277851
    outer loop
      vertex 21.1055 -16.45 7.71129
      vertex 22.447 -14.65 8.30855
      vertex 20.99 -16.45 8.01216
    endloop
  endfacet
  facet normal 0.765696 -0.631613 0.121553
    outer loop
      vertex 20.8994 -16.45 8.3505
      vertex 22.3372 -14.65 8.64655
      vertex 22.3093 -14.65 8.8223
    endloop
  endfacet
  facet normal 0.766663 -0.631478 0.116035
    outer loop
      vertex 22.3372 -14.65 8.64655
      vertex 20.8994 -16.45 8.3505
      vertex 20.9008 -16.45 8.34125
    endloop
  endfacet
  facet normal 0.422223 -0.631618 0.650221
    outer loop
      vertex 22.4079 -16.45 6.26117
      vertex 23.0008 -14.65 7.62467
      vertex 22.1376 -16.45 6.43669
    endloop
  endfacet
  facet normal 0.48787 -0.631607 0.60254
    outer loop
      vertex 22.1304 -16.45 6.44259
      vertex 23.0008 -14.65 7.62467
      vertex 22.8625 -14.65 7.73665
    endloop
  endfacet
  facet normal 0.491452 -0.631498 0.599738
    outer loop
      vertex 23.0008 -14.65 7.62467
      vertex 22.1304 -16.45 6.44259
      vertex 22.1376 -16.45 6.43669
    endloop
  endfacet
  facet normal -0.279356 -0.631467 0.723333
    outer loop
      vertex 24.6915 -14.65 7.44697
      vertex 24.9791 -16.45 5.98665
      vertex 24.9878 -16.45 5.99001
    endloop
  endfacet
  facet normal -0.27773 -0.631612 0.723832
    outer loop
      vertex 24.9791 -16.45 5.98665
      vertex 24.6915 -14.65 7.44697
      vertex 24.5253 -14.65 7.3832
    endloop
  endfacet
  facet normal -0.199258 -0.63157 0.749277
    outer loop
      vertex 24.5253 -14.65 7.3832
      vertex 24.97 -16.45 5.98423
      vertex 24.9791 -16.45 5.98665
    endloop
  endfacet
  facet normal -0.200726 -0.631605 0.748855
    outer loop
      vertex 24.97 -16.45 5.98423
      vertex 24.5253 -14.65 7.3832
      vertex 24.3535 -14.65 7.33715
    endloop
  endfacet
  facet normal -0.353341 -0.631644 0.690055
    outer loop
      vertex 24.85 -14.65 7.52776
      vertex 25.5759 -16.45 6.25182
      vertex 25.5842 -16.45 6.25607
    endloop
  endfacet
  facet normal -0.352076 -0.631612 0.69073
    outer loop
      vertex 25.5759 -16.45 6.25182
      vertex 24.85 -14.65 7.52776
      vertex 24.6915 -14.65 7.44697
    endloop
  endfacet
  facet normal 0.200693 -0.631597 -0.748871
    outer loop
      vertex 23.6465 -14.65 10.6629
      vertex 23.3412 -16.45 12.0992
      vertex 23.03 -16.45 12.0158
    endloop
  endfacet
  facet normal 0.121099 -0.631575 -0.765799
    outer loop
      vertex 23.3505 -16.45 12.1006
      vertex 23.6465 -14.65 10.6629
      vertex 23.8223 -14.65 10.6907
    endloop
  endfacet
  facet normal 0.115431 -0.631434 -0.76679
    outer loop
      vertex 23.6465 -14.65 10.6629
      vertex 23.3505 -16.45 12.1006
      vertex 23.3412 -16.45 12.0992
    endloop
  endfacet
  facet normal 0.487825 -0.631619 -0.602564
    outer loop
      vertex 22.8625 -14.65 10.2633
      vertex 22.1304 -16.45 11.5574
      vertex 21.8799 -16.45 11.3546
    endloop
  endfacet
  facet normal 0.49145 -0.631502 -0.599735
    outer loop
      vertex 22.1304 -16.45 11.5574
      vertex 23.0008 -14.65 10.3753
      vertex 22.1376 -16.45 11.5633
    endloop
  endfacet
  facet normal 0.487922 -0.63161 -0.602496
    outer loop
      vertex 23.0008 -14.65 10.3753
      vertex 22.1304 -16.45 11.5574
      vertex 22.8625 -14.65 10.2633
    endloop
  endfacet
  facet normal 0.422187 -0.631621 -0.650241
    outer loop
      vertex 23.0008 -14.65 10.3753
      vertex 22.4079 -16.45 11.7388
      vertex 22.1376 -16.45 11.5633
    endloop
  endfacet
  facet normal 0.6883 -0.631733 -0.356589
    outer loop
      vertex 21.2518 -16.45 10.5759
      vertex 22.5278 -14.65 9.85
      vertex 21.2561 -16.45 10.5842
    endloop
  endfacet
  facet normal 0.690748 -0.631625 -0.352018
    outer loop
      vertex 22.5278 -14.65 9.85
      vertex 21.2518 -16.45 10.5759
      vertex 22.447 -14.65 9.69145
    endloop
  endfacet
  facet normal 0.651232 -0.631781 -0.420416
    outer loop
      vertex 21.2561 -16.45 10.5842
      vertex 22.6247 -14.65 9.99923
      vertex 21.2612 -16.45 10.5921
    endloop
  endfacet
  facet normal 0.650233 -0.631608 -0.422218
    outer loop
      vertex 22.6247 -14.65 9.99923
      vertex 21.2561 -16.45 10.5842
      vertex 22.5278 -14.65 9.85
    endloop
  endfacet
  facet normal 0.650232 -0.631609 0.422217
    outer loop
      vertex 21.2561 -16.45 7.41579
      vertex 22.6247 -14.65 8.00077
      vertex 22.5278 -14.65 8.15
    endloop
  endfacet
  facet normal 0.65014 -0.631593 0.422384
    outer loop
      vertex 22.6247 -14.65 8.00077
      vertex 21.2561 -16.45 7.41579
      vertex 21.2612 -16.45 7.40794
    endloop
  endfacet
  facet normal 0.690751 -0.631621 0.352019
    outer loop
      vertex 21.2518 -16.45 7.42413
      vertex 22.5278 -14.65 8.15
      vertex 22.447 -14.65 8.30855
    endloop
  endfacet
  facet normal 0.689023 -0.6317 0.355251
    outer loop
      vertex 22.5278 -14.65 8.15
      vertex 21.2518 -16.45 7.42413
      vertex 21.2561 -16.45 7.41579
    endloop
  endfacet
  facet normal 0.748931 -0.631607 0.200435
    outer loop
      vertex 20.9842 -16.45 8.02995
      vertex 22.3832 -14.65 8.47467
      vertex 22.3372 -14.65 8.64655
    endloop
  endfacet
  facet normal 0.747198 -0.631736 0.206408
    outer loop
      vertex 22.3832 -14.65 8.47467
      vertex 20.9842 -16.45 8.02995
      vertex 20.9867 -16.45 8.0209
    endloop
  endfacet
  facet normal 0 0.707085 -0.707128
    outer loop
      vertex 4 -13.945 3
      vertex 32 -13.45 3.49497
      vertex 32 -13.945 3
    endloop
  endfacet
  facet normal 0 0.707085 -0.707128
    outer loop
      vertex 32 -13.45 3.49497
      vertex 4 -13.945 3
      vertex 4 -13.45 3.49497
    endloop
  endfacet
  facet normal 0 -0.707092 0.707121
    outer loop
      vertex 4 -13.45 2.50502
      vertex 32 -12.955 3
      vertex 4 -12.955 3
    endloop
  endfacet
  facet normal 0 -0.707092 0.707121
    outer loop
      vertex 32 -12.955 3
      vertex 4 -13.45 2.50502
      vertex 32 -13.45 2.50502
    endloop
  endfacet
  facet normal 0 0.707092 0.707121
    outer loop
      vertex 32 -13.45 2.50502
      vertex 4 -13.945 3
      vertex 32 -13.945 3
    endloop
  endfacet
  facet normal 0 0.707092 0.707121
    outer loop
      vertex 4 -13.945 3
      vertex 32 -13.45 2.50502
      vertex 4 -13.45 2.50502
    endloop
  endfacet
  facet normal 0 -0.707114 0.7071
    outer loop
      vertex 4 5.45 2.50502
      vertex 32 5.94497 3
      vertex 4 5.94497 3
    endloop
  endfacet
  facet normal 0 -0.707114 0.7071
    outer loop
      vertex 32 5.94497 3
      vertex 4 5.45 2.50502
      vertex 32 5.45 2.50502
    endloop
  endfacet
  facet normal 0 -0.707107 -0.707107
    outer loop
      vertex 4 5.45 3.49497
      vertex 32 5.94497 3
      vertex 32 5.45 3.49497
    endloop
  endfacet
  facet normal -0 -0.707107 -0.707107
    outer loop
      vertex 32 5.94497 3
      vertex 4 5.45 3.49497
      vertex 4 5.94497 3
    endloop
  endfacet
  facet normal 0 0.707107 0.707107
    outer loop
      vertex 32 5.45 2.50502
      vertex 4 4.95502 3
      vertex 32 4.95502 3
    endloop
  endfacet
  facet normal 0 0.707107 0.707107
    outer loop
      vertex 4 4.95502 3
      vertex 32 5.45 2.50502
      vertex 4 5.45 2.50502
    endloop
  endfacet
  facet normal 2.09283e-06 -0.707127 0.707087
    outer loop
      vertex 4.51032 5.45 11.51
      vertex 6.5 6.43995 12.5
      vertex 6.23868 6.42625 12.4863
    endloop
  endfacet
  facet normal 0 -0.707125 0.707089
    outer loop
      vertex 6.5 6.43995 12.5
      vertex 4.51032 5.45 11.51
      vertex 29.5 6.43995 12.5
    endloop
  endfacet
  facet normal 0.000121999 -0.707233 0.706981
    outer loop
      vertex 4.51032 5.45 11.51
      vertex 6.23868 6.42625 12.4863
      vertex 5.98022 6.38532 12.4454
    endloop
  endfacet
  facet normal 0 -0.707125 0.707089
    outer loop
      vertex 31.4897 5.45 11.51
      vertex 29.5 6.43995 12.5
      vertex 4.51032 5.45 11.51
    endloop
  endfacet
  facet normal -0.000310382 -0.706893 0.70732
    outer loop
      vertex 4.51032 5.45 11.51
      vertex 5.98022 6.38532 12.4454
      vertex 5.72746 6.31759 12.3776
    endloop
  endfacet
  facet normal -2.09301e-06 -0.707127 0.707087
    outer loop
      vertex 29.5 6.43995 12.5
      vertex 31.4897 5.45 11.51
      vertex 29.7613 6.42625 12.4863
    endloop
  endfacet
  facet normal 0.000508298 -0.707467 0.706746
    outer loop
      vertex 4.51032 5.45 11.51
      vertex 5.72746 6.31759 12.3776
      vertex 5.48316 6.22381 12.2839
    endloop
  endfacet
  facet normal -0.000121974 -0.707233 0.706981
    outer loop
      vertex 29.7613 6.42625 12.4863
      vertex 31.4897 5.45 11.51
      vertex 30.0198 6.38532 12.4454
    endloop
  endfacet
  facet normal 0.000116567 -0.707221 0.706992
    outer loop
      vertex 4.51032 5.45 11.51
      vertex 5.48316 6.22381 12.2839
      vertex 5.25 6.10501 12.1651
    endloop
  endfacet
  facet normal 0.00031051 -0.706893 0.70732
    outer loop
      vertex 30.0198 6.38532 12.4454
      vertex 31.4897 5.45 11.51
      vertex 30.2725 6.31759 12.3776
    endloop
  endfacet
  facet normal -0.000730445 -0.706743 0.70747
    outer loop
      vertex 4.51032 5.45 11.51
      vertex 5.25 6.10501 12.1651
      vertex 5.03054 5.96249 12.0225
    endloop
  endfacet
  facet normal -0.000508327 -0.707467 0.706746
    outer loop
      vertex 30.2725 6.31759 12.3776
      vertex 31.4897 5.45 11.51
      vertex 30.5168 6.22381 12.2839
    endloop
  endfacet
  facet normal 0.00162325 -0.707936 0.706275
    outer loop
      vertex 4.51032 5.45 11.51
      vertex 5.03054 5.96249 12.0225
      vertex 4.82717 5.79781 11.8579
    endloop
  endfacet
  facet normal -0.000116524 -0.707221 0.706992
    outer loop
      vertex 30.5168 6.22381 12.2839
      vertex 31.4897 5.45 11.51
      vertex 30.75 6.10501 12.1651
    endloop
  endfacet
  facet normal -0.000950175 -0.706765 0.707448
    outer loop
      vertex 4.51032 5.45 11.51
      vertex 4.82717 5.79781 11.8579
      vertex 4.64214 5.61278 11.6728
    endloop
  endfacet
  facet normal 0.00073 -0.706743 0.70747
    outer loop
      vertex 30.75 6.10501 12.1651
      vertex 31.4897 5.45 11.51
      vertex 30.9695 5.96249 12.0225
    endloop
  endfacet
  facet normal -0.0016261 -0.707938 0.706273
    outer loop
      vertex 30.9695 5.96249 12.0225
      vertex 31.4897 5.45 11.51
      vertex 31.1728 5.79781 11.8579
    endloop
  endfacet
  facet normal 0.000947676 -0.706766 0.707447
    outer loop
      vertex 31.1728 5.79781 11.8579
      vertex 31.4897 5.45 11.51
      vertex 31.3579 5.61278 11.6728
    endloop
  endfacet
  facet normal -1 0 0
    outer loop
      vertex 4 41.35 0
      vertex 4 38.845 3
      vertex 4 41.35 10
    endloop
  endfacet
  facet normal -1 0 0
    outer loop
      vertex 4 41.35 0
      vertex 4 38.35 2.50502
      vertex 4 38.845 3
    endloop
  endfacet
  facet normal -1 0 0
    outer loop
      vertex 4 38.35 2.50502
      vertex 4 19.945 3
      vertex 4 37.855 3
    endloop
  endfacet
  facet normal -1 0 0
    outer loop
      vertex 4 19.45 2.50502
      vertex 4 38.35 2.50502
      vertex 4 41.35 0
    endloop
  endfacet
  facet normal -1 0 0
    outer loop
      vertex 4 38.35 2.50502
      vertex 4 19.45 2.50502
      vertex 4 19.945 3
    endloop
  endfacet
  facet normal -1 -0 0
    outer loop
      vertex 4 19.45 2.50502
      vertex 4 16.45 0
      vertex 4 18.955 3
    endloop
  endfacet
  facet normal -1 0 0
    outer loop
      vertex 4 16.45 0
      vertex 4 19.45 2.50502
      vertex 4 41.35 0
    endloop
  endfacet
  facet normal -1 0 0
    outer loop
      vertex 4 38.35 3.49497
      vertex 4 41.35 10
      vertex 4 38.845 3
    endloop
  endfacet
  facet normal -1 -0 0
    outer loop
      vertex 4 41.35 10
      vertex 4 38.35 3.49497
      vertex 4 38.35 10
    endloop
  endfacet
  facet normal -1 0 0
    outer loop
      vertex 4 16.45 17.5
      vertex 4 19.45 3.49497
      vertex 4 18.955 3
    endloop
  endfacet
  facet normal -1 0 0
    outer loop
      vertex 4 16.45 17.5
      vertex 4 18.955 3
      vertex 4 16.45 0
    endloop
  endfacet
  facet normal -1 0 0
    outer loop
      vertex 4 19.45 3.49497
      vertex 4 16.45 17.5
      vertex 4 19.45 17.5
    endloop
  endfacet
  facet normal -0 0 1
    outer loop
      vertex 4 37.855 3
      vertex 32 19.945 3
      vertex 32 37.855 3
    endloop
  endfacet
  facet normal 0 0 1
    outer loop
      vertex 32 19.945 3
      vertex 4 37.855 3
      vertex 4 19.945 3
    endloop
  endfacet
  facet normal 1 -0 0
    outer loop
      vertex 32 16.45 17.5
      vertex 32 19.45 3.49497
      vertex 32 19.45 17.5
    endloop
  endfacet
  facet normal 1 0 0
    outer loop
      vertex 32 19.45 3.49497
      vertex 32 16.45 17.5
      vertex 32 18.955 3
    endloop
  endfacet
  facet normal 1 0 0
    outer loop
      vertex 32 41.35 10
      vertex 32 38.845 3
      vertex 32 41.35 0
    endloop
  endfacet
  facet normal 1 0 0
    outer loop
      vertex 32 38.35 3.49497
      vertex 32 41.35 10
      vertex 32 38.35 10
    endloop
  endfacet
  facet normal 1 0 0
    outer loop
      vertex 32 41.35 10
      vertex 32 38.35 3.49497
      vertex 32 38.845 3
    endloop
  endfacet
  facet normal 1 -0 0
    outer loop
      vertex 32 38.35 2.50502
      vertex 32 41.35 0
      vertex 32 38.845 3
    endloop
  endfacet
  facet normal 1 -0 0
    outer loop
      vertex 32 19.945 3
      vertex 32 38.35 2.50502
      vertex 32 37.855 3
    endloop
  endfacet
  facet normal 1 0 0
    outer loop
      vertex 32 19.45 2.50502
      vertex 32 38.35 2.50502
      vertex 32 19.945 3
    endloop
  endfacet
  facet normal 1 0 0
    outer loop
      vertex 32 38.35 2.50502
      vertex 32 19.45 2.50502
      vertex 32 41.35 0
    endloop
  endfacet
  facet normal 1 0 0
    outer loop
      vertex 32 19.45 2.50502
      vertex 32 16.45 0
      vertex 32 41.35 0
    endloop
  endfacet
  facet normal 1 0 0
    outer loop
      vertex 32 18.955 3
      vertex 32 16.45 0
      vertex 32 19.45 2.50502
    endloop
  endfacet
  facet normal 1 0 0
    outer loop
      vertex 32 16.45 0
      vertex 32 18.955 3
      vertex 32 16.45 17.5
    endloop
  endfacet
  facet normal 0 1 0
    outer loop
      vertex 32 41.35 10
      vertex 29.5 41.35 12.5
      vertex 29.7613 41.35 12.4863
    endloop
  endfacet
  facet normal 0 1 0
    outer loop
      vertex 29.5 41.35 12.5
      vertex 32 41.35 0
      vertex 6.5 41.35 12.5
    endloop
  endfacet
  facet normal 0 1 0
    outer loop
      vertex 32 41.35 10
      vertex 29.7613 41.35 12.4863
      vertex 30.0198 41.35 12.4454
    endloop
  endfacet
  facet normal 0 1 0
    outer loop
      vertex 4 41.35 0
      vertex 6.5 41.35 12.5
      vertex 32 41.35 0
    endloop
  endfacet
  facet normal 0 1 0
    outer loop
      vertex 32 41.35 10
      vertex 30.0198 41.35 12.4454
      vertex 30.2725 41.35 12.3776
    endloop
  endfacet
  facet normal -0 1 0
    outer loop
      vertex 4 41.35 10
      vertex 6.5 41.35 12.5
      vertex 4 41.35 0
    endloop
  endfacet
  facet normal 0 1 0
    outer loop
      vertex 32 41.35 10
      vertex 30.2725 41.35 12.3776
      vertex 30.5168 41.35 12.2839
    endloop
  endfacet
  facet normal 0 1 0
    outer loop
      vertex 6.5 41.35 12.5
      vertex 4 41.35 10
      vertex 6.23868 41.35 12.4863
    endloop
  endfacet
  facet normal 0 1 0
    outer loop
      vertex 32 41.35 10
      vertex 30.5168 41.35 12.2839
      vertex 30.75 41.35 12.1651
    endloop
  endfacet
  facet normal 0 1 0
    outer loop
      vertex 6.23868 41.35 12.4863
      vertex 4 41.35 10
      vertex 5.98022 41.35 12.4454
    endloop
  endfacet
  facet normal 0 1 0
    outer loop
      vertex 32 41.35 10
      vertex 30.75 41.35 12.1651
      vertex 30.9695 41.35 12.0225
    endloop
  endfacet
  facet normal 0 1 0
    outer loop
      vertex 5.98022 41.35 12.4454
      vertex 4 41.35 10
      vertex 5.72746 41.35 12.3776
    endloop
  endfacet
  facet normal 0 1 0
    outer loop
      vertex 32 41.35 10
      vertex 30.9695 41.35 12.0225
      vertex 31.1728 41.35 11.8579
    endloop
  endfacet
  facet normal 0 1 0
    outer loop
      vertex 29.5 41.35 12.5
      vertex 32 41.35 10
      vertex 32 41.35 0
    endloop
  endfacet
  facet normal 0 1 0
    outer loop
      vertex 32 41.35 10
      vertex 31.1728 41.35 11.8579
      vertex 31.3579 41.35 11.6728
    endloop
  endfacet
  facet normal 0 1 0
    outer loop
      vertex 5.72746 41.35 12.3776
      vertex 4 41.35 10
      vertex 5.48316 41.35 12.2839
    endloop
  endfacet
  facet normal 0 1 0
    outer loop
      vertex 32 41.35 10
      vertex 31.3579 41.35 11.6728
      vertex 31.5225 41.35 11.4695
    endloop
  endfacet
  facet normal 0 1 0
    outer loop
      vertex 5.03054 41.35 12.0225
      vertex 4 41.35 10
      vertex 4.82717 41.35 11.8579
    endloop
  endfacet
  facet normal 0 1 0
    outer loop
      vertex 32 41.35 10
      vertex 31.5225 41.35 11.4695
      vertex 31.6651 41.35 11.25
    endloop
  endfacet
  facet normal 0 1 0
    outer loop
      vertex 4.82717 41.35 11.8579
      vertex 4 41.35 10
      vertex 4.64214 41.35 11.6728
    endloop
  endfacet
  facet normal 0 1 0
    outer loop
      vertex 32 41.35 10
      vertex 31.6651 41.35 11.25
      vertex 31.7839 41.35 11.0168
    endloop
  endfacet
  facet normal 0 1 0
    outer loop
      vertex 4.64214 41.35 11.6728
      vertex 4 41.35 10
      vertex 4.47746 41.35 11.4695
    endloop
  endfacet
  facet normal 0 1 0
    outer loop
      vertex 32 41.35 10
      vertex 31.7839 41.35 11.0168
      vertex 31.8776 41.35 10.7725
    endloop
  endfacet
  facet normal 0 1 0
    outer loop
      vertex 4.47746 41.35 11.4695
      vertex 4 41.35 10
      vertex 4.33494 41.35 11.25
    endloop
  endfacet
  facet normal 0 1 0
    outer loop
      vertex 32 41.35 10
      vertex 31.8776 41.35 10.7725
      vertex 31.9454 41.35 10.5198
    endloop
  endfacet
  facet normal 0 1 0
    outer loop
      vertex 4.33494 41.35 11.25
      vertex 4 41.35 10
      vertex 4.21614 41.35 11.0168
    endloop
  endfacet
  facet normal 0 1 0
    outer loop
      vertex 32 41.35 10
      vertex 31.9454 41.35 10.5198
      vertex 31.9863 41.35 10.2613
    endloop
  endfacet
  facet normal 0 1 0
    outer loop
      vertex 4.21614 41.35 11.0168
      vertex 4 41.35 10
      vertex 4.12236 41.35 10.7725
    endloop
  endfacet
  facet normal 0 1 0
    outer loop
      vertex 4.12236 41.35 10.7725
      vertex 4 41.35 10
      vertex 4.05463 41.35 10.5198
    endloop
  endfacet
  facet normal 0 1 0
    outer loop
      vertex 4.05463 41.35 10.5198
      vertex 4 41.35 10
      vertex 4.0137 41.35 10.2613
    endloop
  endfacet
  facet normal 0 1 0
    outer loop
      vertex 5.48316 41.35 12.2839
      vertex 4 41.35 10
      vertex 5.25 41.35 12.1651
    endloop
  endfacet
  facet normal 0 1 0
    outer loop
      vertex 5.25 41.35 12.1651
      vertex 4 41.35 10
      vertex 5.03054 41.35 12.0225
    endloop
  endfacet
  facet normal 0 0 -1
    outer loop
      vertex 4 16.45 0
      vertex 32 41.35 0
      vertex 32 16.45 0
    endloop
  endfacet
  facet normal -0 0 -1
    outer loop
      vertex 32 41.35 0
      vertex 4 16.45 0
      vertex 4 41.35 0
    endloop
  endfacet
  facet normal 0 -1 0
    outer loop
      vertex 12.6495 16.45 12.1006
      vertex 6.5 16.45 20
      vertex 12.3312 16.45 12.1511
    endloop
  endfacet
  facet normal 0 -1 0
    outer loop
      vertex 29.5 16.45 20
      vertex 23.9906 16.45 12.1679
      vertex 24 16.45 12.1684
    endloop
  endfacet
  facet normal 0 -1 0
    outer loop
      vertex 12.6588 16.45 12.0992
      vertex 6.5 16.45 20
      vertex 12.6495 16.45 12.1006
    endloop
  endfacet
  facet normal 0 -1 0
    outer loop
      vertex 29.5 16.45 20
      vertex 23.6688 16.45 12.1511
      vertex 23.9906 16.45 12.1679
    endloop
  endfacet
  facet normal 0 -1 0
    outer loop
      vertex 12.97 16.45 12.0158
      vertex 6.5 16.45 20
      vertex 12.6588 16.45 12.0992
    endloop
  endfacet
  facet normal 0 -1 0
    outer loop
      vertex 29.5 16.45 20
      vertex 23.3505 16.45 12.1006
      vertex 23.6688 16.45 12.1511
    endloop
  endfacet
  facet normal 0 -1 0
    outer loop
      vertex 12.9791 16.45 12.0133
      vertex 6.5 16.45 20
      vertex 12.97 16.45 12.0158
    endloop
  endfacet
  facet normal 0 -1 0
    outer loop
      vertex 29.5 16.45 20
      vertex 23.3412 16.45 12.0992
      vertex 23.3505 16.45 12.1006
    endloop
  endfacet
  facet normal 0 -1 0
    outer loop
      vertex 12.9878 16.45 12.01
      vertex 6.5 16.45 20
      vertex 12.9791 16.45 12.0133
    endloop
  endfacet
  facet normal 0 -1 0
    outer loop
      vertex 29.5 16.45 20
      vertex 23.03 16.45 12.0158
      vertex 23.3412 16.45 12.0992
    endloop
  endfacet
  facet normal 0 -1 0
    outer loop
      vertex 13.2887 16.45 11.8945
      vertex 6.5 16.45 20
      vertex 12.9878 16.45 12.01
    endloop
  endfacet
  facet normal 0 -1 0
    outer loop
      vertex 29.5 16.45 20
      vertex 23.0209 16.45 12.0133
      vertex 23.03 16.45 12.0158
    endloop
  endfacet
  facet normal 0 -1 0
    outer loop
      vertex 6.5 16.45 20
      vertex 13.2887 16.45 11.8945
      vertex 29.5 16.45 20
    endloop
  endfacet
  facet normal 0 -1 0
    outer loop
      vertex 29.5 16.45 20
      vertex 23.0122 16.45 12.01
      vertex 23.0209 16.45 12.0133
    endloop
  endfacet
  facet normal 0 -1 0
    outer loop
      vertex 22.7113 16.45 11.8945
      vertex 29.5 16.45 20
      vertex 13.2887 16.45 11.8945
    endloop
  endfacet
  facet normal 0 -1 0
    outer loop
      vertex 29.5 16.45 20
      vertex 22.7113 16.45 11.8945
      vertex 23.0122 16.45 12.01
    endloop
  endfacet
  facet normal 0 -1 0
    outer loop
      vertex 13.5759 16.45 11.7482
      vertex 22.7113 16.45 11.8945
      vertex 13.2887 16.45 11.8945
    endloop
  endfacet
  facet normal 0 -1 0
    outer loop
      vertex 13.5759 16.45 11.7482
      vertex 22.4241 16.45 11.7482
      vertex 22.7113 16.45 11.8945
    endloop
  endfacet
  facet normal 0 -1 0
    outer loop
      vertex 13.5842 16.45 11.7439
      vertex 22.4241 16.45 11.7482
      vertex 13.5759 16.45 11.7482
    endloop
  endfacet
  facet normal 0 -1 0
    outer loop
      vertex 13.5842 16.45 11.7439
      vertex 22.4158 16.45 11.7439
      vertex 22.4241 16.45 11.7482
    endloop
  endfacet
  facet normal 0 -1 0
    outer loop
      vertex 13.5921 16.45 11.7388
      vertex 22.4158 16.45 11.7439
      vertex 13.5842 16.45 11.7439
    endloop
  endfacet
  facet normal 0 -1 0
    outer loop
      vertex 13.5921 16.45 11.7388
      vertex 22.4079 16.45 11.7388
      vertex 22.4158 16.45 11.7439
    endloop
  endfacet
  facet normal 0 -1 0
    outer loop
      vertex 13.8624 16.45 11.5633
      vertex 22.4079 16.45 11.7388
      vertex 13.5921 16.45 11.7388
    endloop
  endfacet
  facet normal 0 -1 0
    outer loop
      vertex 13.8624 16.45 11.5633
      vertex 22.1376 16.45 11.5633
      vertex 22.4079 16.45 11.7388
    endloop
  endfacet
  facet normal 0 -1 0
    outer loop
      vertex 13.8696 16.45 11.5574
      vertex 22.1376 16.45 11.5633
      vertex 13.8624 16.45 11.5633
    endloop
  endfacet
  facet normal 0 -1 0
    outer loop
      vertex 13.8696 16.45 11.5574
      vertex 22.1304 16.45 11.5574
      vertex 22.1376 16.45 11.5633
    endloop
  endfacet
  facet normal 0 -1 0
    outer loop
      vertex 14.1201 16.45 11.3546
      vertex 22.1304 16.45 11.5574
      vertex 13.8696 16.45 11.5574
    endloop
  endfacet
  facet normal 0 -1 0
    outer loop
      vertex 14.1201 16.45 11.3546
      vertex 21.8799 16.45 11.3546
      vertex 22.1304 16.45 11.5574
    endloop
  endfacet
  facet normal 0 -1 0
    outer loop
      vertex 14.3546 16.45 11.1201
      vertex 21.8799 16.45 11.3546
      vertex 14.1201 16.45 11.3546
    endloop
  endfacet
  facet normal 0 -1 0
    outer loop
      vertex 14.3546 16.45 11.1201
      vertex 21.6454 16.45 11.1201
      vertex 21.8799 16.45 11.3546
    endloop
  endfacet
  facet normal 0 -1 0
    outer loop
      vertex 14.5574 16.45 10.8696
      vertex 21.6454 16.45 11.1201
      vertex 14.3546 16.45 11.1201
    endloop
  endfacet
  facet normal 0 -1 0
    outer loop
      vertex 14.5574 16.45 10.8696
      vertex 21.4426 16.45 10.8696
      vertex 21.6454 16.45 11.1201
    endloop
  endfacet
  facet normal 0 -1 0
    outer loop
      vertex 14.5633 16.45 10.8624
      vertex 21.4426 16.45 10.8696
      vertex 14.5574 16.45 10.8696
    endloop
  endfacet
  facet normal 0 -1 0
    outer loop
      vertex 14.5633 16.45 10.8624
      vertex 21.4367 16.45 10.8624
      vertex 21.4426 16.45 10.8696
    endloop
  endfacet
  facet normal 0 -1 0
    outer loop
      vertex 14.7388 16.45 10.5921
      vertex 21.4367 16.45 10.8624
      vertex 14.5633 16.45 10.8624
    endloop
  endfacet
  facet normal 0 -1 0
    outer loop
      vertex 14.7388 16.45 10.5921
      vertex 21.2612 16.45 10.5921
      vertex 21.4367 16.45 10.8624
    endloop
  endfacet
  facet normal 0 -1 0
    outer loop
      vertex 14.7439 16.45 10.5842
      vertex 21.2612 16.45 10.5921
      vertex 14.7388 16.45 10.5921
    endloop
  endfacet
  facet normal 0 -1 0
    outer loop
      vertex 14.7439 16.45 10.5842
      vertex 21.2561 16.45 10.5842
      vertex 21.2612 16.45 10.5921
    endloop
  endfacet
  facet normal 0 -1 0
    outer loop
      vertex 14.7482 16.45 10.5759
      vertex 21.2561 16.45 10.5842
      vertex 14.7439 16.45 10.5842
    endloop
  endfacet
  facet normal 0 -1 0
    outer loop
      vertex 14.7482 16.45 10.5759
      vertex 21.2518 16.45 10.5759
      vertex 21.2561 16.45 10.5842
    endloop
  endfacet
  facet normal 0 -1 0
    outer loop
      vertex 14.8945 16.45 10.2887
      vertex 21.2518 16.45 10.5759
      vertex 14.7482 16.45 10.5759
    endloop
  endfacet
  facet normal 0 -1 0
    outer loop
      vertex 14.8945 16.45 10.2887
      vertex 21.1055 16.45 10.2887
      vertex 21.2518 16.45 10.5759
    endloop
  endfacet
  facet normal 0 -1 0
    outer loop
      vertex 15.01 16.45 9.98784
      vertex 21.1055 16.45 10.2887
      vertex 14.8945 16.45 10.2887
    endloop
  endfacet
  facet normal 0 -1 0
    outer loop
      vertex 15.01 16.45 9.98784
      vertex 20.99 16.45 9.98784
      vertex 21.1055 16.45 10.2887
    endloop
  endfacet
  facet normal 0 -1 0
    outer loop
      vertex 15.0133 16.45 9.9791
      vertex 20.99 16.45 9.98784
      vertex 15.01 16.45 9.98784
    endloop
  endfacet
  facet normal 0 -1 0
    outer loop
      vertex 15.0133 16.45 9.9791
      vertex 20.9867 16.45 9.9791
      vertex 20.99 16.45 9.98784
    endloop
  endfacet
  facet normal 0 -1 0
    outer loop
      vertex 15.0158 16.45 9.97005
      vertex 20.9867 16.45 9.9791
      vertex 15.0133 16.45 9.9791
    endloop
  endfacet
  facet normal 0 -1 0
    outer loop
      vertex 15.0158 16.45 9.97005
      vertex 20.9842 16.45 9.97005
      vertex 20.9867 16.45 9.9791
    endloop
  endfacet
  facet normal 0 -1 0
    outer loop
      vertex 15.0992 16.45 9.65875
      vertex 20.9842 16.45 9.97005
      vertex 15.0158 16.45 9.97005
    endloop
  endfacet
  facet normal 0 -1 0
    outer loop
      vertex 15.0992 16.45 9.65875
      vertex 20.9008 16.45 9.65875
      vertex 20.9842 16.45 9.97005
    endloop
  endfacet
  facet normal 0 -1 0
    outer loop
      vertex 15.1006 16.45 9.6495
      vertex 20.9008 16.45 9.65875
      vertex 15.0992 16.45 9.65875
    endloop
  endfacet
  facet normal 0 -1 0
    outer loop
      vertex 15.1006 16.45 9.6495
      vertex 20.8994 16.45 9.6495
      vertex 20.9008 16.45 9.65875
    endloop
  endfacet
  facet normal 0 -1 0
    outer loop
      vertex 15.1511 16.45 9.33119
      vertex 20.8994 16.45 9.6495
      vertex 15.1006 16.45 9.6495
    endloop
  endfacet
  facet normal 0 -1 0
    outer loop
      vertex 15.1511 16.45 9.33119
      vertex 20.8489 16.45 9.33119
      vertex 20.8994 16.45 9.6495
    endloop
  endfacet
  facet normal 0 -1 0
    outer loop
      vertex 15.1679 16.45 9.00935
      vertex 20.8489 16.45 9.33119
      vertex 15.1511 16.45 9.33119
    endloop
  endfacet
  facet normal 0 -1 0
    outer loop
      vertex 15.1679 16.45 9.00935
      vertex 20.8321 16.45 9.00935
      vertex 20.8489 16.45 9.33119
    endloop
  endfacet
  facet normal 0 -1 0
    outer loop
      vertex 15.1684 16.45 9
      vertex 20.8321 16.45 9.00935
      vertex 15.1679 16.45 9.00935
    endloop
  endfacet
  facet normal 0 -1 0
    outer loop
      vertex 15.1684 16.45 9
      vertex 20.8316 16.45 9
      vertex 20.8321 16.45 9.00935
    endloop
  endfacet
  facet normal 0 -1 0
    outer loop
      vertex 15.1679 16.45 8.99065
      vertex 20.8316 16.45 9
      vertex 15.1684 16.45 9
    endloop
  endfacet
  facet normal 0 -1 0
    outer loop
      vertex 15.1679 16.45 8.99065
      vertex 20.8321 16.45 8.99065
      vertex 20.8316 16.45 9
    endloop
  endfacet
  facet normal 0 -1 0
    outer loop
      vertex 15.1511 16.45 8.66881
      vertex 20.8321 16.45 8.99065
      vertex 15.1679 16.45 8.99065
    endloop
  endfacet
  facet normal 0 -1 0
    outer loop
      vertex 15.1511 16.45 8.66881
      vertex 20.8489 16.45 8.66881
      vertex 20.8321 16.45 8.99065
    endloop
  endfacet
  facet normal 0 -1 0
    outer loop
      vertex 15.1006 16.45 8.3505
      vertex 20.8489 16.45 8.66881
      vertex 15.1511 16.45 8.66881
    endloop
  endfacet
  facet normal 0 -1 0
    outer loop
      vertex 15.1006 16.45 8.3505
      vertex 20.8994 16.45 8.3505
      vertex 20.8489 16.45 8.66881
    endloop
  endfacet
  facet normal 0 -1 0
    outer loop
      vertex 15.0992 16.45 8.34125
      vertex 20.8994 16.45 8.3505
      vertex 15.1006 16.45 8.3505
    endloop
  endfacet
  facet normal 0 -1 0
    outer loop
      vertex 15.0992 16.45 8.34125
      vertex 20.9008 16.45 8.34125
      vertex 20.8994 16.45 8.3505
    endloop
  endfacet
  facet normal 0 -1 0
    outer loop
      vertex 15.0158 16.45 8.02995
      vertex 20.9008 16.45 8.34125
      vertex 15.0992 16.45 8.34125
    endloop
  endfacet
  facet normal 0 -1 0
    outer loop
      vertex 15.0158 16.45 8.02995
      vertex 20.9842 16.45 8.02995
      vertex 20.9008 16.45 8.34125
    endloop
  endfacet
  facet normal 0 -1 0
    outer loop
      vertex 15.0133 16.45 8.0209
      vertex 20.9842 16.45 8.02995
      vertex 15.0158 16.45 8.02995
    endloop
  endfacet
  facet normal 0 -1 0
    outer loop
      vertex 15.0133 16.45 8.0209
      vertex 20.9867 16.45 8.0209
      vertex 20.9842 16.45 8.02995
    endloop
  endfacet
  facet normal 0 -1 0
    outer loop
      vertex 15.01 16.45 8.01216
      vertex 20.9867 16.45 8.0209
      vertex 15.0133 16.45 8.0209
    endloop
  endfacet
  facet normal 0 -1 0
    outer loop
      vertex 15.01 16.45 8.01216
      vertex 20.99 16.45 8.01216
      vertex 20.9867 16.45 8.0209
    endloop
  endfacet
  facet normal 0 -1 0
    outer loop
      vertex 14.8945 16.45 7.71129
      vertex 20.99 16.45 8.01216
      vertex 15.01 16.45 8.01216
    endloop
  endfacet
  facet normal 0 -1 0
    outer loop
      vertex 14.8945 16.45 7.71129
      vertex 21.1055 16.45 7.71129
      vertex 20.99 16.45 8.01216
    endloop
  endfacet
  facet normal 0 -1 0
    outer loop
      vertex 14.7482 16.45 7.42413
      vertex 21.1055 16.45 7.71129
      vertex 14.8945 16.45 7.71129
    endloop
  endfacet
  facet normal 0 -1 0
    outer loop
      vertex 14.7482 16.45 7.42413
      vertex 21.2518 16.45 7.42413
      vertex 21.1055 16.45 7.71129
    endloop
  endfacet
  facet normal 0 -1 0
    outer loop
      vertex 14.7439 16.45 7.41579
      vertex 21.2518 16.45 7.42413
      vertex 14.7482 16.45 7.42413
    endloop
  endfacet
  facet normal 0 -1 0
    outer loop
      vertex 14.7439 16.45 7.41579
      vertex 21.2561 16.45 7.41579
      vertex 21.2518 16.45 7.42413
    endloop
  endfacet
  facet normal 0 -1 0
    outer loop
      vertex 14.7388 16.45 7.40794
      vertex 21.2561 16.45 7.41579
      vertex 14.7439 16.45 7.41579
    endloop
  endfacet
  facet normal 0 -1 0
    outer loop
      vertex 14.7388 16.45 7.40794
      vertex 21.2612 16.45 7.40794
      vertex 21.2561 16.45 7.41579
    endloop
  endfacet
  facet normal 0 -1 0
    outer loop
      vertex 14.5633 16.45 7.13765
      vertex 21.2612 16.45 7.40794
      vertex 14.7388 16.45 7.40794
    endloop
  endfacet
  facet normal 0 -1 0
    outer loop
      vertex 14.5633 16.45 7.13765
      vertex 21.4367 16.45 7.13765
      vertex 21.2612 16.45 7.40794
    endloop
  endfacet
  facet normal 0 -1 0
    outer loop
      vertex 14.5574 16.45 7.13037
      vertex 21.4367 16.45 7.13765
      vertex 14.5633 16.45 7.13765
    endloop
  endfacet
  facet normal 0 -1 0
    outer loop
      vertex 14.5574 16.45 7.13037
      vertex 21.4426 16.45 7.13037
      vertex 21.4367 16.45 7.13765
    endloop
  endfacet
  facet normal 0 -1 0
    outer loop
      vertex 14.3546 16.45 6.87991
      vertex 21.4426 16.45 7.13037
      vertex 14.5574 16.45 7.13037
    endloop
  endfacet
  facet normal 0 -1 0
    outer loop
      vertex 14.3546 16.45 6.87991
      vertex 21.6454 16.45 6.87991
      vertex 21.4426 16.45 7.13037
    endloop
  endfacet
  facet normal 0 -1 0
    outer loop
      vertex 14.1201 16.45 6.6454
      vertex 21.6454 16.45 6.87991
      vertex 14.3546 16.45 6.87991
    endloop
  endfacet
  facet normal 0 -1 0
    outer loop
      vertex 14.1201 16.45 6.6454
      vertex 21.8799 16.45 6.6454
      vertex 21.6454 16.45 6.87991
    endloop
  endfacet
  facet normal 0 -1 0
    outer loop
      vertex 13.8696 16.45 6.44259
      vertex 21.8799 16.45 6.6454
      vertex 14.1201 16.45 6.6454
    endloop
  endfacet
  facet normal 0 -1 0
    outer loop
      vertex 13.8696 16.45 6.44259
      vertex 22.1304 16.45 6.44259
      vertex 21.8799 16.45 6.6454
    endloop
  endfacet
  facet normal 0 -1 0
    outer loop
      vertex 13.8624 16.45 6.43669
      vertex 22.1304 16.45 6.44259
      vertex 13.8696 16.45 6.44259
    endloop
  endfacet
  facet normal 0 -1 0
    outer loop
      vertex 13.8624 16.45 6.43669
      vertex 22.1376 16.45 6.43669
      vertex 22.1304 16.45 6.44259
    endloop
  endfacet
  facet normal 0 -1 0
    outer loop
      vertex 13.5921 16.45 6.26117
      vertex 22.1376 16.45 6.43669
      vertex 13.8624 16.45 6.43669
    endloop
  endfacet
  facet normal 0 -1 0
    outer loop
      vertex 13.5921 16.45 6.26117
      vertex 22.4079 16.45 6.26117
      vertex 22.1376 16.45 6.43669
    endloop
  endfacet
  facet normal 0 -1 0
    outer loop
      vertex 13.5842 16.45 6.25607
      vertex 22.4079 16.45 6.26117
      vertex 13.5921 16.45 6.26117
    endloop
  endfacet
  facet normal 0 -1 0
    outer loop
      vertex 13.5842 16.45 6.25607
      vertex 22.4158 16.45 6.25607
      vertex 22.4079 16.45 6.26117
    endloop
  endfacet
  facet normal 0 -1 0
    outer loop
      vertex 13.5759 16.45 6.25182
      vertex 22.4158 16.45 6.25607
      vertex 13.5842 16.45 6.25607
    endloop
  endfacet
  facet normal 0 -1 0
    outer loop
      vertex 13.5759 16.45 6.25182
      vertex 22.4241 16.45 6.25182
      vertex 22.4158 16.45 6.25607
    endloop
  endfacet
  facet normal 0 -1 0
    outer loop
      vertex 13.2887 16.45 6.1055
      vertex 22.4241 16.45 6.25182
      vertex 13.5759 16.45 6.25182
    endloop
  endfacet
  facet normal 0 -1 0
    outer loop
      vertex 13.2887 16.45 6.1055
      vertex 22.7113 16.45 6.1055
      vertex 22.4241 16.45 6.25182
    endloop
  endfacet
  facet normal 0 -1 0
    outer loop
      vertex 12.9878 16.45 5.99001
      vertex 22.7113 16.45 6.1055
      vertex 13.2887 16.45 6.1055
    endloop
  endfacet
  facet normal 0 -1 0
    outer loop
      vertex 12.9878 16.45 5.99001
      vertex 23.0122 16.45 5.99001
      vertex 22.7113 16.45 6.1055
    endloop
  endfacet
  facet normal 0 -1 0
    outer loop
      vertex 12.9791 16.45 5.98665
      vertex 23.0122 16.45 5.99001
      vertex 12.9878 16.45 5.99001
    endloop
  endfacet
  facet normal 0 -1 0
    outer loop
      vertex 12.9791 16.45 5.98665
      vertex 23.0209 16.45 5.98665
      vertex 23.0122 16.45 5.99001
    endloop
  endfacet
  facet normal 0 -1 0
    outer loop
      vertex 4 16.45 0
      vertex 12.9791 16.45 5.98665
      vertex 12.97 16.45 5.98423
    endloop
  endfacet
  facet normal 0 -1 -0
    outer loop
      vertex 12.9791 16.45 5.98665
      vertex 4 16.45 0
      vertex 23.0209 16.45 5.98665
    endloop
  endfacet
  facet normal 0 -1 0
    outer loop
      vertex 4 16.45 0
      vertex 12.97 16.45 5.98423
      vertex 12.6588 16.45 5.90082
    endloop
  endfacet
  facet normal 0 -1 0
    outer loop
      vertex 32 16.45 0
      vertex 23.0209 16.45 5.98665
      vertex 4 16.45 0
    endloop
  endfacet
  facet normal 0 -1 0
    outer loop
      vertex 4 16.45 0
      vertex 12.6588 16.45 5.90082
      vertex 12.6495 16.45 5.89935
    endloop
  endfacet
  facet normal 0 -1 0
    outer loop
      vertex 23.0209 16.45 5.98665
      vertex 32 16.45 0
      vertex 23.03 16.45 5.98423
    endloop
  endfacet
  facet normal 0 -1 0
    outer loop
      vertex 4 16.45 0
      vertex 12.6495 16.45 5.89935
      vertex 12.3312 16.45 5.84894
    endloop
  endfacet
  facet normal 0 -1 0
    outer loop
      vertex 23.03 16.45 5.98423
      vertex 32 16.45 0
      vertex 23.3412 16.45 5.90082
    endloop
  endfacet
  facet normal 0 -1 0
    outer loop
      vertex 4 16.45 0
      vertex 12.3312 16.45 5.84894
      vertex 12.0094 16.45 5.83207
    endloop
  endfacet
  facet normal 0 -1 0
    outer loop
      vertex 23.3412 16.45 5.90082
      vertex 32 16.45 0
      vertex 23.3505 16.45 5.89935
    endloop
  endfacet
  facet normal 0 -1 0
    outer loop
      vertex 4 16.45 0
      vertex 12.0094 16.45 5.83207
      vertex 12 16.45 5.83158
    endloop
  endfacet
  facet normal 0 -1 0
    outer loop
      vertex 23.3505 16.45 5.89935
      vertex 32 16.45 0
      vertex 23.6688 16.45 5.84894
    endloop
  endfacet
  facet normal 0 -1 0
    outer loop
      vertex 4 16.45 17.5
      vertex 6.5 16.45 20
      vertex 6.23868 16.45 19.9863
    endloop
  endfacet
  facet normal 0 -1 0
    outer loop
      vertex 12.0094 16.45 12.1679
      vertex 6.5 16.45 20
      vertex 12 16.45 12.1684
    endloop
  endfacet
  facet normal 0 -1 0
    outer loop
      vertex 4 16.45 17.5
      vertex 6.23868 16.45 19.9863
      vertex 5.98022 16.45 19.9454
    endloop
  endfacet
  facet normal 0 -1 0
    outer loop
      vertex 12.3312 16.45 12.1511
      vertex 6.5 16.45 20
      vertex 12.0094 16.45 12.1679
    endloop
  endfacet
  facet normal 0 -1 0
    outer loop
      vertex 4 16.45 17.5
      vertex 5.98022 16.45 19.9454
      vertex 5.72746 16.45 19.8776
    endloop
  endfacet
  facet normal 0 -1 0
    outer loop
      vertex 24.0094 16.45 12.1679
      vertex 29.5 16.45 20
      vertex 24 16.45 12.1684
    endloop
  endfacet
  facet normal 0 -1 0
    outer loop
      vertex 4 16.45 17.5
      vertex 5.72746 16.45 19.8776
      vertex 5.48316 16.45 19.7839
    endloop
  endfacet
  facet normal 0 -1 0
    outer loop
      vertex 24.3312 16.45 12.1511
      vertex 29.5 16.45 20
      vertex 24.0094 16.45 12.1679
    endloop
  endfacet
  facet normal 0 -1 0
    outer loop
      vertex 4 16.45 17.5
      vertex 5.48316 16.45 19.7839
      vertex 5.25 16.45 19.6651
    endloop
  endfacet
  facet normal 0 -1 0
    outer loop
      vertex 24.6495 16.45 12.1006
      vertex 29.5 16.45 20
      vertex 24.3312 16.45 12.1511
    endloop
  endfacet
  facet normal 0 -1 0
    outer loop
      vertex 4 16.45 17.5
      vertex 5.25 16.45 19.6651
      vertex 5.03054 16.45 19.5225
    endloop
  endfacet
  facet normal 0 -1 0
    outer loop
      vertex 24.6588 16.45 12.0992
      vertex 29.5 16.45 20
      vertex 24.6495 16.45 12.1006
    endloop
  endfacet
  facet normal 0 -1 0
    outer loop
      vertex 4 16.45 17.5
      vertex 5.03054 16.45 19.5225
      vertex 4.82717 16.45 19.3579
    endloop
  endfacet
  facet normal 0 -1 0
    outer loop
      vertex 24.97 16.45 12.0158
      vertex 29.5 16.45 20
      vertex 24.6588 16.45 12.0992
    endloop
  endfacet
  facet normal 0 -1 0
    outer loop
      vertex 4 16.45 17.5
      vertex 4.82717 16.45 19.3579
      vertex 4.64214 16.45 19.1728
    endloop
  endfacet
  facet normal 0 -1 0
    outer loop
      vertex 24.9791 16.45 12.0133
      vertex 29.5 16.45 20
      vertex 24.97 16.45 12.0158
    endloop
  endfacet
  facet normal 0 -1 0
    outer loop
      vertex 4 16.45 17.5
      vertex 4.64214 16.45 19.1728
      vertex 4.47746 16.45 18.9695
    endloop
  endfacet
  facet normal 0 -1 0
    outer loop
      vertex 24.9878 16.45 12.01
      vertex 29.5 16.45 20
      vertex 24.9791 16.45 12.0133
    endloop
  endfacet
  facet normal 0 -1 0
    outer loop
      vertex 4 16.45 17.5
      vertex 4.47746 16.45 18.9695
      vertex 4.33494 16.45 18.75
    endloop
  endfacet
  facet normal 0 -1 0
    outer loop
      vertex 25.2887 16.45 11.8945
      vertex 29.5 16.45 20
      vertex 24.9878 16.45 12.01
    endloop
  endfacet
  facet normal 0 -1 0
    outer loop
      vertex 4 16.45 17.5
      vertex 4.33494 16.45 18.75
      vertex 4.21614 16.45 18.5168
    endloop
  endfacet
  facet normal 0 -1 0
    outer loop
      vertex 25.5759 16.45 11.7482
      vertex 29.5 16.45 20
      vertex 25.2887 16.45 11.8945
    endloop
  endfacet
  facet normal 0 -1 0
    outer loop
      vertex 4 16.45 17.5
      vertex 4.21614 16.45 18.5168
      vertex 4.12236 16.45 18.2725
    endloop
  endfacet
  facet normal 0 -1 0
    outer loop
      vertex 25.5842 16.45 11.7439
      vertex 29.5 16.45 20
      vertex 25.5759 16.45 11.7482
    endloop
  endfacet
  facet normal 0 -1 0
    outer loop
      vertex 4 16.45 17.5
      vertex 4.12236 16.45 18.2725
      vertex 4.05463 16.45 18.0198
    endloop
  endfacet
  facet normal 0 -1 0
    outer loop
      vertex 29.5 16.45 20
      vertex 32 16.45 17.5
      vertex 29.7613 16.45 19.9863
    endloop
  endfacet
  facet normal 0 -1 0
    outer loop
      vertex 4 16.45 17.5
      vertex 4.05463 16.45 18.0198
      vertex 4.0137 16.45 17.7613
    endloop
  endfacet
  facet normal 0 -1 0
    outer loop
      vertex 30.0198 16.45 19.9454
      vertex 32 16.45 17.5
      vertex 30.2725 16.45 19.8776
    endloop
  endfacet
  facet normal 0 -1 0
    outer loop
      vertex 10.4158 16.45 11.7439
      vertex 6.5 16.45 20
      vertex 4 16.45 17.5
    endloop
  endfacet
  facet normal 0 -1 0
    outer loop
      vertex 30.2725 16.45 19.8776
      vertex 32 16.45 17.5
      vertex 30.5168 16.45 19.7839
    endloop
  endfacet
  facet normal 0 -1 0
    outer loop
      vertex 30.5168 16.45 19.7839
      vertex 32 16.45 17.5
      vertex 30.75 16.45 19.6651
    endloop
  endfacet
  facet normal 0 -1 0
    outer loop
      vertex 6.5 16.45 20
      vertex 11.9906 16.45 12.1679
      vertex 12 16.45 12.1684
    endloop
  endfacet
  facet normal 0 -1 0
    outer loop
      vertex 6.5 16.45 20
      vertex 11.6688 16.45 12.1511
      vertex 11.9906 16.45 12.1679
    endloop
  endfacet
  facet normal 0 -1 0
    outer loop
      vertex 6.5 16.45 20
      vertex 11.3505 16.45 12.1006
      vertex 11.6688 16.45 12.1511
    endloop
  endfacet
  facet normal 0 -1 0
    outer loop
      vertex 6.5 16.45 20
      vertex 11.3412 16.45 12.0992
      vertex 11.3505 16.45 12.1006
    endloop
  endfacet
  facet normal 0 -1 0
    outer loop
      vertex 6.5 16.45 20
      vertex 11.03 16.45 12.0158
      vertex 11.3412 16.45 12.0992
    endloop
  endfacet
  facet normal 0 -1 0
    outer loop
      vertex 6.5 16.45 20
      vertex 11.0209 16.45 12.0133
      vertex 11.03 16.45 12.0158
    endloop
  endfacet
  facet normal 0 -1 0
    outer loop
      vertex 6.5 16.45 20
      vertex 11.0122 16.45 12.01
      vertex 11.0209 16.45 12.0133
    endloop
  endfacet
  facet normal 0 -1 0
    outer loop
      vertex 6.5 16.45 20
      vertex 10.7113 16.45 11.8945
      vertex 11.0122 16.45 12.01
    endloop
  endfacet
  facet normal 0 -1 0
    outer loop
      vertex 6.5 16.45 20
      vertex 10.4241 16.45 11.7482
      vertex 10.7113 16.45 11.8945
    endloop
  endfacet
  facet normal 0 -1 0
    outer loop
      vertex 6.5 16.45 20
      vertex 10.4158 16.45 11.7439
      vertex 10.4241 16.45 11.7482
    endloop
  endfacet
  facet normal 0 -1 0
    outer loop
      vertex 4 16.45 17.5
      vertex 10.4079 16.45 11.7388
      vertex 10.4158 16.45 11.7439
    endloop
  endfacet
  facet normal 0 -1 0
    outer loop
      vertex 4 16.45 17.5
      vertex 10.1376 16.45 11.5633
      vertex 10.4079 16.45 11.7388
    endloop
  endfacet
  facet normal 0 -1 0
    outer loop
      vertex 4 16.45 17.5
      vertex 10.1304 16.45 11.5574
      vertex 10.1376 16.45 11.5633
    endloop
  endfacet
  facet normal 0 -1 0
    outer loop
      vertex 4 16.45 17.5
      vertex 9.87991 16.45 11.3546
      vertex 10.1304 16.45 11.5574
    endloop
  endfacet
  facet normal 0 -1 0
    outer loop
      vertex 4 16.45 17.5
      vertex 9.6454 16.45 11.1201
      vertex 9.87991 16.45 11.3546
    endloop
  endfacet
  facet normal 0 -1 0
    outer loop
      vertex 4 16.45 17.5
      vertex 9.44259 16.45 10.8696
      vertex 9.6454 16.45 11.1201
    endloop
  endfacet
  facet normal 0 -1 0
    outer loop
      vertex 4 16.45 17.5
      vertex 9.43669 16.45 10.8624
      vertex 9.44259 16.45 10.8696
    endloop
  endfacet
  facet normal 0 -1 0
    outer loop
      vertex 4 16.45 17.5
      vertex 9.26117 16.45 10.5921
      vertex 9.43669 16.45 10.8624
    endloop
  endfacet
  facet normal 0 -1 0
    outer loop
      vertex 4 16.45 17.5
      vertex 9.25607 16.45 10.5842
      vertex 9.26117 16.45 10.5921
    endloop
  endfacet
  facet normal 0 -1 0
    outer loop
      vertex 4 16.45 17.5
      vertex 9.25182 16.45 10.5759
      vertex 9.25607 16.45 10.5842
    endloop
  endfacet
  facet normal 0 -1 0
    outer loop
      vertex 4 16.45 17.5
      vertex 9.1055 16.45 10.2887
      vertex 9.25182 16.45 10.5759
    endloop
  endfacet
  facet normal 0 -1 0
    outer loop
      vertex 4 16.45 17.5
      vertex 8.99001 16.45 9.98784
      vertex 9.1055 16.45 10.2887
    endloop
  endfacet
  facet normal 0 -1 0
    outer loop
      vertex 4 16.45 17.5
      vertex 8.98665 16.45 9.9791
      vertex 8.99001 16.45 9.98784
    endloop
  endfacet
  facet normal 0 -1 0
    outer loop
      vertex 4 16.45 17.5
      vertex 8.98423 16.45 9.97005
      vertex 8.98665 16.45 9.9791
    endloop
  endfacet
  facet normal 0 -1 0
    outer loop
      vertex 4 16.45 17.5
      vertex 8.90082 16.45 9.65875
      vertex 8.98423 16.45 9.97005
    endloop
  endfacet
  facet normal 0 -1 0
    outer loop
      vertex 4 16.45 17.5
      vertex 8.89935 16.45 9.6495
      vertex 8.90082 16.45 9.65875
    endloop
  endfacet
  facet normal 0 -1 0
    outer loop
      vertex 4 16.45 17.5
      vertex 8.84894 16.45 9.33119
      vertex 8.89935 16.45 9.6495
    endloop
  endfacet
  facet normal 0 -1 0
    outer loop
      vertex 4 16.45 17.5
      vertex 8.83207 16.45 9.00935
      vertex 8.84894 16.45 9.33119
    endloop
  endfacet
  facet normal 0 -1 0
    outer loop
      vertex 4 16.45 17.5
      vertex 8.83158 16.45 9
      vertex 8.83207 16.45 9.00935
    endloop
  endfacet
  facet normal 0 -1 0
    outer loop
      vertex 4 16.45 0
      vertex 8.83158 16.45 9
      vertex 4 16.45 17.5
    endloop
  endfacet
  facet normal 0 -1 -0
    outer loop
      vertex 8.83158 16.45 9
      vertex 4 16.45 0
      vertex 8.83207 16.45 8.99065
    endloop
  endfacet
  facet normal 0 -1 -0
    outer loop
      vertex 8.83207 16.45 8.99065
      vertex 4 16.45 0
      vertex 8.84894 16.45 8.66881
    endloop
  endfacet
  facet normal 0 -1 -0
    outer loop
      vertex 8.84894 16.45 8.66881
      vertex 4 16.45 0
      vertex 8.89935 16.45 8.3505
    endloop
  endfacet
  facet normal 0 -1 -0
    outer loop
      vertex 8.89935 16.45 8.3505
      vertex 4 16.45 0
      vertex 8.90082 16.45 8.34125
    endloop
  endfacet
  facet normal 0 -1 -0
    outer loop
      vertex 8.90082 16.45 8.34125
      vertex 4 16.45 0
      vertex 8.98423 16.45 8.02995
    endloop
  endfacet
  facet normal 0 -1 -0
    outer loop
      vertex 8.98423 16.45 8.02995
      vertex 4 16.45 0
      vertex 8.98665 16.45 8.0209
    endloop
  endfacet
  facet normal 0 -1 -0
    outer loop
      vertex 8.98665 16.45 8.0209
      vertex 4 16.45 0
      vertex 8.99001 16.45 8.01216
    endloop
  endfacet
  facet normal 0 -1 -0
    outer loop
      vertex 8.99001 16.45 8.01216
      vertex 4 16.45 0
      vertex 9.1055 16.45 7.71129
    endloop
  endfacet
  facet normal 0 -1 -0
    outer loop
      vertex 9.1055 16.45 7.71129
      vertex 4 16.45 0
      vertex 9.25182 16.45 7.42413
    endloop
  endfacet
  facet normal 0 -1 0
    outer loop
      vertex 4 16.45 0
      vertex 9.26117 16.45 7.40794
      vertex 9.25607 16.45 7.41579
    endloop
  endfacet
  facet normal 0 -1 0
    outer loop
      vertex 4 16.45 0
      vertex 9.44259 16.45 7.13037
      vertex 9.43669 16.45 7.13765
    endloop
  endfacet
  facet normal 0 -1 0
    outer loop
      vertex 4 16.45 0
      vertex 11.0122 16.45 5.99001
      vertex 10.7113 16.45 6.1055
    endloop
  endfacet
  facet normal 0 -1 0
    outer loop
      vertex 4 16.45 0
      vertex 11.03 16.45 5.98423
      vertex 11.0209 16.45 5.98665
    endloop
  endfacet
  facet normal 0 -1 0
    outer loop
      vertex 23.6688 16.45 5.84894
      vertex 32 16.45 0
      vertex 23.9906 16.45 5.83207
    endloop
  endfacet
  facet normal 0 -1 -0
    outer loop
      vertex 11.9906 16.45 5.83207
      vertex 4 16.45 0
      vertex 12 16.45 5.83158
    endloop
  endfacet
  facet normal 0 -1 -0
    outer loop
      vertex 11.6688 16.45 5.84894
      vertex 4 16.45 0
      vertex 11.9906 16.45 5.83207
    endloop
  endfacet
  facet normal 0 -1 -0
    outer loop
      vertex 11.3505 16.45 5.89935
      vertex 4 16.45 0
      vertex 11.6688 16.45 5.84894
    endloop
  endfacet
  facet normal 0 -1 -0
    outer loop
      vertex 11.3412 16.45 5.90082
      vertex 4 16.45 0
      vertex 11.3505 16.45 5.89935
    endloop
  endfacet
  facet normal 0 -1 -0
    outer loop
      vertex 11.03 16.45 5.98423
      vertex 4 16.45 0
      vertex 11.3412 16.45 5.90082
    endloop
  endfacet
  facet normal 0 -1 -0
    outer loop
      vertex 11.0122 16.45 5.99001
      vertex 4 16.45 0
      vertex 11.0209 16.45 5.98665
    endloop
  endfacet
  facet normal 0 -1 -0
    outer loop
      vertex 10.4241 16.45 6.25182
      vertex 4 16.45 0
      vertex 10.7113 16.45 6.1055
    endloop
  endfacet
  facet normal 0 -1 -0
    outer loop
      vertex 10.4158 16.45 6.25607
      vertex 4 16.45 0
      vertex 10.4241 16.45 6.25182
    endloop
  endfacet
  facet normal 0 -1 -0
    outer loop
      vertex 10.4079 16.45 6.26117
      vertex 4 16.45 0
      vertex 10.4158 16.45 6.25607
    endloop
  endfacet
  facet normal 0 -1 -0
    outer loop
      vertex 10.1376 16.45 6.43669
      vertex 4 16.45 0
      vertex 10.4079 16.45 6.26117
    endloop
  endfacet
  facet normal 0 -1 -0
    outer loop
      vertex 10.1304 16.45 6.44259
      vertex 4 16.45 0
      vertex 10.1376 16.45 6.43669
    endloop
  endfacet
  facet normal 0 -1 -0
    outer loop
      vertex 9.87991 16.45 6.6454
      vertex 4 16.45 0
      vertex 10.1304 16.45 6.44259
    endloop
  endfacet
  facet normal 0 -1 -0
    outer loop
      vertex 9.6454 16.45 6.87991
      vertex 4 16.45 0
      vertex 9.87991 16.45 6.6454
    endloop
  endfacet
  facet normal 0 -1 -0
    outer loop
      vertex 9.44259 16.45 7.13037
      vertex 4 16.45 0
      vertex 9.6454 16.45 6.87991
    endloop
  endfacet
  facet normal 0 -1 -0
    outer loop
      vertex 9.26117 16.45 7.40794
      vertex 4 16.45 0
      vertex 9.43669 16.45 7.13765
    endloop
  endfacet
  facet normal 0 -1 -0
    outer loop
      vertex 9.25182 16.45 7.42413
      vertex 4 16.45 0
      vertex 9.25607 16.45 7.41579
    endloop
  endfacet
  facet normal 0 -1 0
    outer loop
      vertex 30.75 16.45 19.6651
      vertex 32 16.45 17.5
      vertex 30.9695 16.45 19.5225
    endloop
  endfacet
  facet normal 0 -1 0
    outer loop
      vertex 30.9695 16.45 19.5225
      vertex 32 16.45 17.5
      vertex 31.1728 16.45 19.3579
    endloop
  endfacet
  facet normal 0 -1 0
    outer loop
      vertex 31.3579 16.45 19.1728
      vertex 32 16.45 17.5
      vertex 31.5225 16.45 18.9695
    endloop
  endfacet
  facet normal 0 -1 0
    outer loop
      vertex 31.6651 16.45 18.75
      vertex 32 16.45 17.5
      vertex 31.7839 16.45 18.5168
    endloop
  endfacet
  facet normal 0 -1 0
    outer loop
      vertex 31.7839 16.45 18.5168
      vertex 32 16.45 17.5
      vertex 31.8776 16.45 18.2725
    endloop
  endfacet
  facet normal 0 -1 0
    outer loop
      vertex 31.8776 16.45 18.2725
      vertex 32 16.45 17.5
      vertex 31.9454 16.45 18.0198
    endloop
  endfacet
  facet normal 0 -1 0
    outer loop
      vertex 31.9454 16.45 18.0198
      vertex 32 16.45 17.5
      vertex 31.9863 16.45 17.7613
    endloop
  endfacet
  facet normal 0 -1 0
    outer loop
      vertex 31.5225 16.45 18.9695
      vertex 32 16.45 17.5
      vertex 31.6651 16.45 18.75
    endloop
  endfacet
  facet normal 0 -1 0
    outer loop
      vertex 31.1728 16.45 19.3579
      vertex 32 16.45 17.5
      vertex 31.3579 16.45 19.1728
    endloop
  endfacet
  facet normal 0 -1 0
    outer loop
      vertex 29.7613 16.45 19.9863
      vertex 32 16.45 17.5
      vertex 30.0198 16.45 19.9454
    endloop
  endfacet
  facet normal 0 -1 -0
    outer loop
      vertex 29.5 16.45 20
      vertex 25.5842 16.45 11.7439
      vertex 32 16.45 17.5
    endloop
  endfacet
  facet normal 0 -1 0
    outer loop
      vertex 25.5921 16.45 11.7388
      vertex 32 16.45 17.5
      vertex 25.5842 16.45 11.7439
    endloop
  endfacet
  facet normal 0 -1 0
    outer loop
      vertex 25.8624 16.45 11.5633
      vertex 32 16.45 17.5
      vertex 25.5921 16.45 11.7388
    endloop
  endfacet
  facet normal 0 -1 0
    outer loop
      vertex 25.8696 16.45 11.5574
      vertex 32 16.45 17.5
      vertex 25.8624 16.45 11.5633
    endloop
  endfacet
  facet normal 0 -1 0
    outer loop
      vertex 26.1201 16.45 11.3546
      vertex 32 16.45 17.5
      vertex 25.8696 16.45 11.5574
    endloop
  endfacet
  facet normal 0 -1 0
    outer loop
      vertex 26.3546 16.45 11.1201
      vertex 32 16.45 17.5
      vertex 26.1201 16.45 11.3546
    endloop
  endfacet
  facet normal 0 -1 0
    outer loop
      vertex 26.5574 16.45 10.8696
      vertex 32 16.45 17.5
      vertex 26.3546 16.45 11.1201
    endloop
  endfacet
  facet normal 0 -1 0
    outer loop
      vertex 26.5633 16.45 10.8624
      vertex 32 16.45 17.5
      vertex 26.5574 16.45 10.8696
    endloop
  endfacet
  facet normal 0 -1 0
    outer loop
      vertex 26.7388 16.45 10.5921
      vertex 32 16.45 17.5
      vertex 26.5633 16.45 10.8624
    endloop
  endfacet
  facet normal 0 -1 0
    outer loop
      vertex 26.7439 16.45 10.5842
      vertex 32 16.45 17.5
      vertex 26.7388 16.45 10.5921
    endloop
  endfacet
  facet normal 0 -1 0
    outer loop
      vertex 26.7482 16.45 10.5759
      vertex 32 16.45 17.5
      vertex 26.7439 16.45 10.5842
    endloop
  endfacet
  facet normal 0 -1 0
    outer loop
      vertex 26.8945 16.45 10.2887
      vertex 32 16.45 17.5
      vertex 26.7482 16.45 10.5759
    endloop
  endfacet
  facet normal 0 -1 0
    outer loop
      vertex 27.01 16.45 9.98784
      vertex 32 16.45 17.5
      vertex 26.8945 16.45 10.2887
    endloop
  endfacet
  facet normal 0 -1 0
    outer loop
      vertex 27.0133 16.45 9.9791
      vertex 32 16.45 17.5
      vertex 27.01 16.45 9.98784
    endloop
  endfacet
  facet normal 0 -1 0
    outer loop
      vertex 27.0158 16.45 9.97005
      vertex 32 16.45 17.5
      vertex 27.0133 16.45 9.9791
    endloop
  endfacet
  facet normal 0 -1 0
    outer loop
      vertex 27.0992 16.45 9.65875
      vertex 32 16.45 17.5
      vertex 27.0158 16.45 9.97005
    endloop
  endfacet
  facet normal 0 -1 0
    outer loop
      vertex 27.1006 16.45 9.6495
      vertex 32 16.45 17.5
      vertex 27.0992 16.45 9.65875
    endloop
  endfacet
  facet normal 0 -1 0
    outer loop
      vertex 27.1511 16.45 9.33119
      vertex 32 16.45 17.5
      vertex 27.1006 16.45 9.6495
    endloop
  endfacet
  facet normal 0 -1 0
    outer loop
      vertex 27.1679 16.45 9.00935
      vertex 32 16.45 17.5
      vertex 27.1511 16.45 9.33119
    endloop
  endfacet
  facet normal 0 -1 0
    outer loop
      vertex 27.1684 16.45 9
      vertex 32 16.45 17.5
      vertex 27.1679 16.45 9.00935
    endloop
  endfacet
  facet normal 0 -1 0
    outer loop
      vertex 32 16.45 0
      vertex 27.1684 16.45 9
      vertex 27.1679 16.45 8.99065
    endloop
  endfacet
  facet normal 0 -1 0
    outer loop
      vertex 32 16.45 0
      vertex 27.1679 16.45 8.99065
      vertex 27.1511 16.45 8.66881
    endloop
  endfacet
  facet normal 0 -1 0
    outer loop
      vertex 32 16.45 0
      vertex 27.1511 16.45 8.66881
      vertex 27.1006 16.45 8.3505
    endloop
  endfacet
  facet normal 0 -1 0
    outer loop
      vertex 32 16.45 0
      vertex 27.1006 16.45 8.3505
      vertex 27.0992 16.45 8.34125
    endloop
  endfacet
  facet normal 0 -1 0
    outer loop
      vertex 32 16.45 0
      vertex 27.0992 16.45 8.34125
      vertex 27.0158 16.45 8.02995
    endloop
  endfacet
  facet normal 0 -1 0
    outer loop
      vertex 32 16.45 0
      vertex 27.0158 16.45 8.02995
      vertex 27.0133 16.45 8.0209
    endloop
  endfacet
  facet normal 0 -1 0
    outer loop
      vertex 32 16.45 0
      vertex 27.0133 16.45 8.0209
      vertex 27.01 16.45 8.01216
    endloop
  endfacet
  facet normal 0 -1 0
    outer loop
      vertex 32 16.45 0
      vertex 27.01 16.45 8.01216
      vertex 26.8945 16.45 7.71129
    endloop
  endfacet
  facet normal 0 -1 0
    outer loop
      vertex 32 16.45 0
      vertex 26.8945 16.45 7.71129
      vertex 26.7482 16.45 7.42413
    endloop
  endfacet
  facet normal 0 -1 0
    outer loop
      vertex 32 16.45 0
      vertex 26.7482 16.45 7.42413
      vertex 26.7439 16.45 7.41579
    endloop
  endfacet
  facet normal 0 -1 0
    outer loop
      vertex 32 16.45 0
      vertex 26.5574 16.45 7.13037
      vertex 26.3546 16.45 6.87991
    endloop
  endfacet
  facet normal 0 -1 0
    outer loop
      vertex 32 16.45 0
      vertex 24.9878 16.45 5.99001
      vertex 24.9791 16.45 5.98665
    endloop
  endfacet
  facet normal 0 -1 0
    outer loop
      vertex 32 16.45 0
      vertex 24.97 16.45 5.98423
      vertex 24.6588 16.45 5.90082
    endloop
  endfacet
  facet normal 0 -1 0
    outer loop
      vertex 23.9906 16.45 5.83207
      vertex 32 16.45 0
      vertex 24 16.45 5.83158
    endloop
  endfacet
  facet normal 0 -1 0
    outer loop
      vertex 24 16.45 5.83158
      vertex 32 16.45 0
      vertex 24.0094 16.45 5.83207
    endloop
  endfacet
  facet normal 0 -1 0
    outer loop
      vertex 24.0094 16.45 5.83207
      vertex 32 16.45 0
      vertex 24.3312 16.45 5.84894
    endloop
  endfacet
  facet normal 0 -1 0
    outer loop
      vertex 24.3312 16.45 5.84894
      vertex 32 16.45 0
      vertex 24.6495 16.45 5.89935
    endloop
  endfacet
  facet normal 0 -1 0
    outer loop
      vertex 24.6495 16.45 5.89935
      vertex 32 16.45 0
      vertex 24.6588 16.45 5.90082
    endloop
  endfacet
  facet normal 0 -1 0
    outer loop
      vertex 27.1684 16.45 9
      vertex 32 16.45 0
      vertex 32 16.45 17.5
    endloop
  endfacet
  facet normal 0 -1 0
    outer loop
      vertex 26.7388 16.45 7.40794
      vertex 32 16.45 0
      vertex 26.7439 16.45 7.41579
    endloop
  endfacet
  facet normal 0 -1 0
    outer loop
      vertex 26.5633 16.45 7.13765
      vertex 32 16.45 0
      vertex 26.7388 16.45 7.40794
    endloop
  endfacet
  facet normal 0 -1 0
    outer loop
      vertex 26.5574 16.45 7.13037
      vertex 32 16.45 0
      vertex 26.5633 16.45 7.13765
    endloop
  endfacet
  facet normal 0 -1 0
    outer loop
      vertex 26.1201 16.45 6.6454
      vertex 32 16.45 0
      vertex 26.3546 16.45 6.87991
    endloop
  endfacet
  facet normal 0 -1 0
    outer loop
      vertex 25.8696 16.45 6.44259
      vertex 32 16.45 0
      vertex 26.1201 16.45 6.6454
    endloop
  endfacet
  facet normal 0 -1 0
    outer loop
      vertex 25.8624 16.45 6.43669
      vertex 32 16.45 0
      vertex 25.8696 16.45 6.44259
    endloop
  endfacet
  facet normal 0 -1 0
    outer loop
      vertex 25.5921 16.45 6.26117
      vertex 32 16.45 0
      vertex 25.8624 16.45 6.43669
    endloop
  endfacet
  facet normal 0 -1 0
    outer loop
      vertex 25.5842 16.45 6.25607
      vertex 32 16.45 0
      vertex 25.5921 16.45 6.26117
    endloop
  endfacet
  facet normal 0 -1 0
    outer loop
      vertex 25.5759 16.45 6.25182
      vertex 32 16.45 0
      vertex 25.5842 16.45 6.25607
    endloop
  endfacet
  facet normal 0 -1 0
    outer loop
      vertex 25.2887 16.45 6.1055
      vertex 32 16.45 0
      vertex 25.5759 16.45 6.25182
    endloop
  endfacet
  facet normal 0 -1 0
    outer loop
      vertex 24.9878 16.45 5.99001
      vertex 32 16.45 0
      vertex 25.2887 16.45 6.1055
    endloop
  endfacet
  facet normal 0 -1 0
    outer loop
      vertex 24.97 16.45 5.98423
      vertex 32 16.45 0
      vertex 24.9791 16.45 5.98665
    endloop
  endfacet
  facet normal 0 1 0
    outer loop
      vertex 23.4747 19.45 10.6168
      vertex 29.5 19.45 20
      vertex 23.6465 19.45 10.6629
    endloop
  endfacet
  facet normal 0 1 0
    outer loop
      vertex 6.5 19.45 20
      vertex 12.1777 19.45 10.6907
      vertex 12 19.45 10.7
    endloop
  endfacet
  facet normal 0 1 0
    outer loop
      vertex 23.3085 19.45 10.553
      vertex 29.5 19.45 20
      vertex 23.4747 19.45 10.6168
    endloop
  endfacet
  facet normal 0 1 0
    outer loop
      vertex 6.5 19.45 20
      vertex 12.3534 19.45 10.6629
      vertex 12.1777 19.45 10.6907
    endloop
  endfacet
  facet normal 0 1 0
    outer loop
      vertex 29.5 19.45 20
      vertex 23.3085 19.45 10.553
      vertex 6.5 19.45 20
    endloop
  endfacet
  facet normal 0 1 0
    outer loop
      vertex 6.5 19.45 20
      vertex 12.5253 19.45 10.6168
      vertex 12.3534 19.45 10.6629
    endloop
  endfacet
  facet normal 0 1 -0
    outer loop
      vertex 12.6915 19.45 10.553
      vertex 6.5 19.45 20
      vertex 23.3085 19.45 10.553
    endloop
  endfacet
  facet normal 0 1 0
    outer loop
      vertex 6.5 19.45 20
      vertex 12.6915 19.45 10.553
      vertex 12.5253 19.45 10.6168
    endloop
  endfacet
  facet normal 0 1 -0
    outer loop
      vertex 23.15 19.45 10.4722
      vertex 12.6915 19.45 10.553
      vertex 23.3085 19.45 10.553
    endloop
  endfacet
  facet normal 0 1 0
    outer loop
      vertex 23.15 19.45 10.4722
      vertex 12.85 19.45 10.4722
      vertex 12.6915 19.45 10.553
    endloop
  endfacet
  facet normal 0 1 -0
    outer loop
      vertex 23.0008 19.45 10.3753
      vertex 12.85 19.45 10.4722
      vertex 23.15 19.45 10.4722
    endloop
  endfacet
  facet normal 0 1 0
    outer loop
      vertex 23.0008 19.45 10.3753
      vertex 12.9992 19.45 10.3753
      vertex 12.85 19.45 10.4722
    endloop
  endfacet
  facet normal 0 1 -0
    outer loop
      vertex 22.8625 19.45 10.2633
      vertex 12.9992 19.45 10.3753
      vertex 23.0008 19.45 10.3753
    endloop
  endfacet
  facet normal 0 1 0
    outer loop
      vertex 22.8625 19.45 10.2633
      vertex 13.1375 19.45 10.2633
      vertex 12.9992 19.45 10.3753
    endloop
  endfacet
  facet normal 0 1 -0
    outer loop
      vertex 22.7367 19.45 10.1375
      vertex 13.1375 19.45 10.2633
      vertex 22.8625 19.45 10.2633
    endloop
  endfacet
  facet normal 0 1 0
    outer loop
      vertex 22.7367 19.45 10.1375
      vertex 13.2633 19.45 10.1375
      vertex 13.1375 19.45 10.2633
    endloop
  endfacet
  facet normal 0 1 -0
    outer loop
      vertex 22.6247 19.45 9.99923
      vertex 13.2633 19.45 10.1375
      vertex 22.7367 19.45 10.1375
    endloop
  endfacet
  facet normal 0 1 0
    outer loop
      vertex 22.6247 19.45 9.99923
      vertex 13.3753 19.45 9.99923
      vertex 13.2633 19.45 10.1375
    endloop
  endfacet
  facet normal 0 1 -0
    outer loop
      vertex 22.5278 19.45 9.85
      vertex 13.3753 19.45 9.99923
      vertex 22.6247 19.45 9.99923
    endloop
  endfacet
  facet normal 0 1 0
    outer loop
      vertex 22.5278 19.45 9.85
      vertex 13.4722 19.45 9.85
      vertex 13.3753 19.45 9.99923
    endloop
  endfacet
  facet normal 0 1 -0
    outer loop
      vertex 22.447 19.45 9.69145
      vertex 13.4722 19.45 9.85
      vertex 22.5278 19.45 9.85
    endloop
  endfacet
  facet normal 0 1 0
    outer loop
      vertex 22.447 19.45 9.69145
      vertex 13.553 19.45 9.69145
      vertex 13.4722 19.45 9.85
    endloop
  endfacet
  facet normal 0 1 -0
    outer loop
      vertex 22.3832 19.45 9.52533
      vertex 13.553 19.45 9.69145
      vertex 22.447 19.45 9.69145
    endloop
  endfacet
  facet normal 0 1 0
    outer loop
      vertex 22.3832 19.45 9.52533
      vertex 13.6168 19.45 9.52533
      vertex 13.553 19.45 9.69145
    endloop
  endfacet
  facet normal 0 1 -0
    outer loop
      vertex 22.3372 19.45 9.35345
      vertex 13.6168 19.45 9.52533
      vertex 22.3832 19.45 9.52533
    endloop
  endfacet
  facet normal 0 1 0
    outer loop
      vertex 22.3372 19.45 9.35345
      vertex 13.6629 19.45 9.35345
      vertex 13.6168 19.45 9.52533
    endloop
  endfacet
  facet normal 0 1 -0
    outer loop
      vertex 22.3093 19.45 9.1777
      vertex 13.6629 19.45 9.35345
      vertex 22.3372 19.45 9.35345
    endloop
  endfacet
  facet normal 0 1 0
    outer loop
      vertex 22.3093 19.45 9.1777
      vertex 13.6907 19.45 9.1777
      vertex 13.6629 19.45 9.35345
    endloop
  endfacet
  facet normal 0 1 -0
    outer loop
      vertex 22.3 19.45 9
      vertex 13.6907 19.45 9.1777
      vertex 22.3093 19.45 9.1777
    endloop
  endfacet
  facet normal 0 1 0
    outer loop
      vertex 22.3 19.45 9
      vertex 13.7 19.45 9
      vertex 13.6907 19.45 9.1777
    endloop
  endfacet
  facet normal 0 1 0
    outer loop
      vertex 22.3093 19.45 8.8223
      vertex 13.7 19.45 9
      vertex 22.3 19.45 9
    endloop
  endfacet
  facet normal 0 1 0
    outer loop
      vertex 22.3093 19.45 8.8223
      vertex 13.6907 19.45 8.8223
      vertex 13.7 19.45 9
    endloop
  endfacet
  facet normal 0 1 0
    outer loop
      vertex 22.3372 19.45 8.64655
      vertex 13.6907 19.45 8.8223
      vertex 22.3093 19.45 8.8223
    endloop
  endfacet
  facet normal 0 1 0
    outer loop
      vertex 22.3372 19.45 8.64655
      vertex 13.6629 19.45 8.64655
      vertex 13.6907 19.45 8.8223
    endloop
  endfacet
  facet normal 0 1 0
    outer loop
      vertex 22.3832 19.45 8.47467
      vertex 13.6629 19.45 8.64655
      vertex 22.3372 19.45 8.64655
    endloop
  endfacet
  facet normal 0 1 0
    outer loop
      vertex 22.3832 19.45 8.47467
      vertex 13.6168 19.45 8.47467
      vertex 13.6629 19.45 8.64655
    endloop
  endfacet
  facet normal 0 1 0
    outer loop
      vertex 22.447 19.45 8.30855
      vertex 13.6168 19.45 8.47467
      vertex 22.3832 19.45 8.47467
    endloop
  endfacet
  facet normal 0 1 0
    outer loop
      vertex 22.447 19.45 8.30855
      vertex 13.553 19.45 8.30855
      vertex 13.6168 19.45 8.47467
    endloop
  endfacet
  facet normal 0 1 0
    outer loop
      vertex 22.5278 19.45 8.15
      vertex 13.553 19.45 8.30855
      vertex 22.447 19.45 8.30855
    endloop
  endfacet
  facet normal 0 1 0
    outer loop
      vertex 22.5278 19.45 8.15
      vertex 13.4722 19.45 8.15
      vertex 13.553 19.45 8.30855
    endloop
  endfacet
  facet normal 0 1 0
    outer loop
      vertex 22.6247 19.45 8.00077
      vertex 13.4722 19.45 8.15
      vertex 22.5278 19.45 8.15
    endloop
  endfacet
  facet normal 0 1 0
    outer loop
      vertex 22.6247 19.45 8.00077
      vertex 13.3753 19.45 8.00077
      vertex 13.4722 19.45 8.15
    endloop
  endfacet
  facet normal 0 1 0
    outer loop
      vertex 22.7367 19.45 7.86248
      vertex 13.3753 19.45 8.00077
      vertex 22.6247 19.45 8.00077
    endloop
  endfacet
  facet normal 0 1 0
    outer loop
      vertex 22.7367 19.45 7.86248
      vertex 13.2633 19.45 7.86248
      vertex 13.3753 19.45 8.00077
    endloop
  endfacet
  facet normal 0 1 0
    outer loop
      vertex 22.8625 19.45 7.73665
      vertex 13.2633 19.45 7.86248
      vertex 22.7367 19.45 7.86248
    endloop
  endfacet
  facet normal 0 1 0
    outer loop
      vertex 22.8625 19.45 7.73665
      vertex 13.1375 19.45 7.73665
      vertex 13.2633 19.45 7.86248
    endloop
  endfacet
  facet normal 0 1 0
    outer loop
      vertex 23.0008 19.45 7.62467
      vertex 13.1375 19.45 7.73665
      vertex 22.8625 19.45 7.73665
    endloop
  endfacet
  facet normal 0 1 0
    outer loop
      vertex 23.0008 19.45 7.62467
      vertex 12.9992 19.45 7.62467
      vertex 13.1375 19.45 7.73665
    endloop
  endfacet
  facet normal 0 1 0
    outer loop
      vertex 23.15 19.45 7.52776
      vertex 12.9992 19.45 7.62467
      vertex 23.0008 19.45 7.62467
    endloop
  endfacet
  facet normal 0 1 0
    outer loop
      vertex 23.15 19.45 7.52776
      vertex 12.85 19.45 7.52776
      vertex 12.9992 19.45 7.62467
    endloop
  endfacet
  facet normal 0 1 0
    outer loop
      vertex 23.3085 19.45 7.44697
      vertex 12.85 19.45 7.52776
      vertex 23.15 19.45 7.52776
    endloop
  endfacet
  facet normal 0 1 0
    outer loop
      vertex 23.3085 19.45 7.44697
      vertex 12.6915 19.45 7.44697
      vertex 12.85 19.45 7.52776
    endloop
  endfacet
  facet normal 0 1 0
    outer loop
      vertex 23.4747 19.45 7.3832
      vertex 12.6915 19.45 7.44697
      vertex 23.3085 19.45 7.44697
    endloop
  endfacet
  facet normal 0 1 0
    outer loop
      vertex 23.4747 19.45 7.3832
      vertex 12.5253 19.45 7.3832
      vertex 12.6915 19.45 7.44697
    endloop
  endfacet
  facet normal 0 1 0
    outer loop
      vertex 23.6465 19.45 7.33715
      vertex 12.5253 19.45 7.3832
      vertex 23.4747 19.45 7.3832
    endloop
  endfacet
  facet normal 0 1 0
    outer loop
      vertex 23.6465 19.45 7.33715
      vertex 12.3534 19.45 7.33715
      vertex 12.5253 19.45 7.3832
    endloop
  endfacet
  facet normal 0 1 0
    outer loop
      vertex 32 19.45 3.49497
      vertex 23.6465 19.45 7.33715
      vertex 23.8223 19.45 7.30931
    endloop
  endfacet
  facet normal 0 1 0
    outer loop
      vertex 23.6465 19.45 7.33715
      vertex 32 19.45 3.49497
      vertex 12.3534 19.45 7.33715
    endloop
  endfacet
  facet normal 0 1 0
    outer loop
      vertex 32 19.45 3.49497
      vertex 23.8223 19.45 7.30931
      vertex 24 19.45 7.3
    endloop
  endfacet
  facet normal 0 1 0
    outer loop
      vertex 4 19.45 3.49497
      vertex 12.3534 19.45 7.33715
      vertex 32 19.45 3.49497
    endloop
  endfacet
  facet normal 0 1 0
    outer loop
      vertex 32 19.45 17.5
      vertex 29.5 19.45 20
      vertex 29.7613 19.45 19.9863
    endloop
  endfacet
  facet normal 0 1 0
    outer loop
      vertex 23.8223 19.45 10.6907
      vertex 29.5 19.45 20
      vertex 24 19.45 10.7
    endloop
  endfacet
  facet normal 0 1 0
    outer loop
      vertex 32 19.45 17.5
      vertex 29.7613 19.45 19.9863
      vertex 30.0198 19.45 19.9454
    endloop
  endfacet
  facet normal 0 1 0
    outer loop
      vertex 23.6465 19.45 10.6629
      vertex 29.5 19.45 20
      vertex 23.8223 19.45 10.6907
    endloop
  endfacet
  facet normal 0 1 0
    outer loop
      vertex 32 19.45 17.5
      vertex 30.0198 19.45 19.9454
      vertex 30.2725 19.45 19.8776
    endloop
  endfacet
  facet normal 0 1 -0
    outer loop
      vertex 11.8223 19.45 10.6907
      vertex 6.5 19.45 20
      vertex 12 19.45 10.7
    endloop
  endfacet
  facet normal 0 1 0
    outer loop
      vertex 32 19.45 17.5
      vertex 30.2725 19.45 19.8776
      vertex 30.5168 19.45 19.7839
    endloop
  endfacet
  facet normal 0 1 -0
    outer loop
      vertex 11.6466 19.45 10.6629
      vertex 6.5 19.45 20
      vertex 11.8223 19.45 10.6907
    endloop
  endfacet
  facet normal 0 1 0
    outer loop
      vertex 32 19.45 17.5
      vertex 30.5168 19.45 19.7839
      vertex 30.75 19.45 19.6651
    endloop
  endfacet
  facet normal 0 1 -0
    outer loop
      vertex 11.4747 19.45 10.6168
      vertex 6.5 19.45 20
      vertex 11.6466 19.45 10.6629
    endloop
  endfacet
  facet normal 0 1 0
    outer loop
      vertex 32 19.45 17.5
      vertex 30.75 19.45 19.6651
      vertex 30.9695 19.45 19.5225
    endloop
  endfacet
  facet normal 0 1 -0
    outer loop
      vertex 11.3085 19.45 10.553
      vertex 6.5 19.45 20
      vertex 11.4747 19.45 10.6168
    endloop
  endfacet
  facet normal 0 1 0
    outer loop
      vertex 32 19.45 17.5
      vertex 30.9695 19.45 19.5225
      vertex 31.1728 19.45 19.3579
    endloop
  endfacet
  facet normal -0 1 0
    outer loop
      vertex 4 19.45 17.5
      vertex 6.5 19.45 20
      vertex 11.3085 19.45 10.553
    endloop
  endfacet
  facet normal 0 1 0
    outer loop
      vertex 32 19.45 17.5
      vertex 31.1728 19.45 19.3579
      vertex 31.3579 19.45 19.1728
    endloop
  endfacet
  facet normal 0 1 0
    outer loop
      vertex 6.5 19.45 20
      vertex 4 19.45 17.5
      vertex 6.23868 19.45 19.9863
    endloop
  endfacet
  facet normal 0 1 0
    outer loop
      vertex 32 19.45 17.5
      vertex 31.3579 19.45 19.1728
      vertex 31.5225 19.45 18.9695
    endloop
  endfacet
  facet normal 0 1 0
    outer loop
      vertex 6.23868 19.45 19.9863
      vertex 4 19.45 17.5
      vertex 5.98022 19.45 19.9454
    endloop
  endfacet
  facet normal 0 1 0
    outer loop
      vertex 32 19.45 17.5
      vertex 31.5225 19.45 18.9695
      vertex 31.6651 19.45 18.75
    endloop
  endfacet
  facet normal 0 1 0
    outer loop
      vertex 5.98022 19.45 19.9454
      vertex 4 19.45 17.5
      vertex 5.72746 19.45 19.8776
    endloop
  endfacet
  facet normal 0 1 0
    outer loop
      vertex 32 19.45 17.5
      vertex 31.6651 19.45 18.75
      vertex 31.7839 19.45 18.5168
    endloop
  endfacet
  facet normal 0 1 0
    outer loop
      vertex 5.48316 19.45 19.7839
      vertex 4 19.45 17.5
      vertex 5.25 19.45 19.6651
    endloop
  endfacet
  facet normal 0 1 0
    outer loop
      vertex 32 19.45 17.5
      vertex 31.7839 19.45 18.5168
      vertex 31.8776 19.45 18.2725
    endloop
  endfacet
  facet normal 0 1 0
    outer loop
      vertex 5.25 19.45 19.6651
      vertex 4 19.45 17.5
      vertex 5.03054 19.45 19.5225
    endloop
  endfacet
  facet normal 0 1 0
    outer loop
      vertex 32 19.45 17.5
      vertex 31.8776 19.45 18.2725
      vertex 31.9454 19.45 18.0198
    endloop
  endfacet
  facet normal 0 1 0
    outer loop
      vertex 5.03054 19.45 19.5225
      vertex 4 19.45 17.5
      vertex 4.82717 19.45 19.3579
    endloop
  endfacet
  facet normal 0 1 0
    outer loop
      vertex 32 19.45 17.5
      vertex 31.9454 19.45 18.0198
      vertex 31.9863 19.45 17.7613
    endloop
  endfacet
  facet normal 0 1 0
    outer loop
      vertex 4.82717 19.45 19.3579
      vertex 4 19.45 17.5
      vertex 4.64214 19.45 19.1728
    endloop
  endfacet
  facet normal 0 1 0
    outer loop
      vertex 29.5 19.45 20
      vertex 32 19.45 17.5
      vertex 24.6915 19.45 10.553
    endloop
  endfacet
  facet normal 0 1 0
    outer loop
      vertex 4.47746 19.45 18.9695
      vertex 4 19.45 17.5
      vertex 4.33494 19.45 18.75
    endloop
  endfacet
  facet normal 0 1 0
    outer loop
      vertex 4.33494 19.45 18.75
      vertex 4 19.45 17.5
      vertex 4.21614 19.45 18.5168
    endloop
  endfacet
  facet normal 0 1 0
    outer loop
      vertex 29.5 19.45 20
      vertex 24.1777 19.45 10.6907
      vertex 24 19.45 10.7
    endloop
  endfacet
  facet normal 0 1 0
    outer loop
      vertex 29.5 19.45 20
      vertex 24.3535 19.45 10.6629
      vertex 24.1777 19.45 10.6907
    endloop
  endfacet
  facet normal 0 1 0
    outer loop
      vertex 29.5 19.45 20
      vertex 24.5253 19.45 10.6168
      vertex 24.3535 19.45 10.6629
    endloop
  endfacet
  facet normal 0 1 0
    outer loop
      vertex 29.5 19.45 20
      vertex 24.6915 19.45 10.553
      vertex 24.5253 19.45 10.6168
    endloop
  endfacet
  facet normal 0 1 0
    outer loop
      vertex 32 19.45 17.5
      vertex 24.85 19.45 10.4722
      vertex 24.6915 19.45 10.553
    endloop
  endfacet
  facet normal 0 1 0
    outer loop
      vertex 32 19.45 17.5
      vertex 24.9992 19.45 10.3753
      vertex 24.85 19.45 10.4722
    endloop
  endfacet
  facet normal 0 1 0
    outer loop
      vertex 32 19.45 17.5
      vertex 25.1375 19.45 10.2633
      vertex 24.9992 19.45 10.3753
    endloop
  endfacet
  facet normal 0 1 0
    outer loop
      vertex 32 19.45 17.5
      vertex 25.2633 19.45 10.1375
      vertex 25.1375 19.45 10.2633
    endloop
  endfacet
  facet normal 0 1 0
    outer loop
      vertex 32 19.45 17.5
      vertex 25.3753 19.45 9.99923
      vertex 25.2633 19.45 10.1375
    endloop
  endfacet
  facet normal 0 1 0
    outer loop
      vertex 32 19.45 17.5
      vertex 25.4722 19.45 9.85
      vertex 25.3753 19.45 9.99923
    endloop
  endfacet
  facet normal 0 1 0
    outer loop
      vertex 32 19.45 17.5
      vertex 25.553 19.45 9.69145
      vertex 25.4722 19.45 9.85
    endloop
  endfacet
  facet normal 0 1 0
    outer loop
      vertex 32 19.45 17.5
      vertex 25.6168 19.45 9.52533
      vertex 25.553 19.45 9.69145
    endloop
  endfacet
  facet normal 0 1 0
    outer loop
      vertex 32 19.45 17.5
      vertex 25.6628 19.45 9.35345
      vertex 25.6168 19.45 9.52533
    endloop
  endfacet
  facet normal 0 1 -0
    outer loop
      vertex 32 19.45 3.49497
      vertex 25.6628 19.45 9.35345
      vertex 32 19.45 17.5
    endloop
  endfacet
  facet normal 0 1 0
    outer loop
      vertex 25.6628 19.45 9.35345
      vertex 32 19.45 3.49497
      vertex 25.6907 19.45 9.1777
    endloop
  endfacet
  facet normal 0 1 0
    outer loop
      vertex 25.6907 19.45 9.1777
      vertex 32 19.45 3.49497
      vertex 25.7 19.45 9
    endloop
  endfacet
  facet normal 0 1 0
    outer loop
      vertex 25.7 19.45 9
      vertex 32 19.45 3.49497
      vertex 25.6907 19.45 8.8223
    endloop
  endfacet
  facet normal 0 1 0
    outer loop
      vertex 25.6907 19.45 8.8223
      vertex 32 19.45 3.49497
      vertex 25.6628 19.45 8.64655
    endloop
  endfacet
  facet normal 0 1 0
    outer loop
      vertex 25.6628 19.45 8.64655
      vertex 32 19.45 3.49497
      vertex 25.6168 19.45 8.47467
    endloop
  endfacet
  facet normal 0 1 0
    outer loop
      vertex 25.6168 19.45 8.47467
      vertex 32 19.45 3.49497
      vertex 25.553 19.45 8.30855
    endloop
  endfacet
  facet normal 0 1 0
    outer loop
      vertex 25.553 19.45 8.30855
      vertex 32 19.45 3.49497
      vertex 25.4722 19.45 8.15
    endloop
  endfacet
  facet normal 0 1 0
    outer loop
      vertex 12.3534 19.45 7.33715
      vertex 4 19.45 3.49497
      vertex 12.1777 19.45 7.30931
    endloop
  endfacet
  facet normal 0 1 0
    outer loop
      vertex 24.1777 19.45 7.30931
      vertex 32 19.45 3.49497
      vertex 24 19.45 7.3
    endloop
  endfacet
  facet normal 0 1 0
    outer loop
      vertex 24.3535 19.45 7.33715
      vertex 32 19.45 3.49497
      vertex 24.1777 19.45 7.30931
    endloop
  endfacet
  facet normal 0 1 0
    outer loop
      vertex 24.5253 19.45 7.3832
      vertex 32 19.45 3.49497
      vertex 24.3535 19.45 7.33715
    endloop
  endfacet
  facet normal 0 1 0
    outer loop
      vertex 24.6915 19.45 7.44697
      vertex 32 19.45 3.49497
      vertex 24.5253 19.45 7.3832
    endloop
  endfacet
  facet normal 0 1 0
    outer loop
      vertex 24.85 19.45 7.52776
      vertex 32 19.45 3.49497
      vertex 24.6915 19.45 7.44697
    endloop
  endfacet
  facet normal 0 1 0
    outer loop
      vertex 24.9992 19.45 7.62467
      vertex 32 19.45 3.49497
      vertex 24.85 19.45 7.52776
    endloop
  endfacet
  facet normal 0 1 0
    outer loop
      vertex 25.1375 19.45 7.73665
      vertex 32 19.45 3.49497
      vertex 24.9992 19.45 7.62467
    endloop
  endfacet
  facet normal 0 1 0
    outer loop
      vertex 25.2633 19.45 7.86248
      vertex 32 19.45 3.49497
      vertex 25.1375 19.45 7.73665
    endloop
  endfacet
  facet normal 0 1 0
    outer loop
      vertex 25.3753 19.45 8.00077
      vertex 32 19.45 3.49497
      vertex 25.2633 19.45 7.86248
    endloop
  endfacet
  facet normal 0 1 0
    outer loop
      vertex 25.4722 19.45 8.15
      vertex 32 19.45 3.49497
      vertex 25.3753 19.45 8.00077
    endloop
  endfacet
  facet normal 0 1 0
    outer loop
      vertex 4.21614 19.45 18.5168
      vertex 4 19.45 17.5
      vertex 4.12236 19.45 18.2725
    endloop
  endfacet
  facet normal 0 1 0
    outer loop
      vertex 4.05463 19.45 18.0198
      vertex 4 19.45 17.5
      vertex 4.0137 19.45 17.7613
    endloop
  endfacet
  facet normal 0 1 0
    outer loop
      vertex 4.12236 19.45 18.2725
      vertex 4 19.45 17.5
      vertex 4.05463 19.45 18.0198
    endloop
  endfacet
  facet normal 0 1 0
    outer loop
      vertex 4.64214 19.45 19.1728
      vertex 4 19.45 17.5
      vertex 4.47746 19.45 18.9695
    endloop
  endfacet
  facet normal 0 1 0
    outer loop
      vertex 5.72746 19.45 19.8776
      vertex 4 19.45 17.5
      vertex 5.48316 19.45 19.7839
    endloop
  endfacet
  facet normal 0 1 -0
    outer loop
      vertex 11.15 19.45 10.4722
      vertex 4 19.45 17.5
      vertex 11.3085 19.45 10.553
    endloop
  endfacet
  facet normal 0 1 -0
    outer loop
      vertex 11.0008 19.45 10.3753
      vertex 4 19.45 17.5
      vertex 11.15 19.45 10.4722
    endloop
  endfacet
  facet normal 0 1 -0
    outer loop
      vertex 10.8625 19.45 10.2633
      vertex 4 19.45 17.5
      vertex 11.0008 19.45 10.3753
    endloop
  endfacet
  facet normal 0 1 -0
    outer loop
      vertex 10.7367 19.45 10.1375
      vertex 4 19.45 17.5
      vertex 10.8625 19.45 10.2633
    endloop
  endfacet
  facet normal 0 1 -0
    outer loop
      vertex 10.6247 19.45 9.99923
      vertex 4 19.45 17.5
      vertex 10.7367 19.45 10.1375
    endloop
  endfacet
  facet normal 0 1 -0
    outer loop
      vertex 10.5278 19.45 9.85
      vertex 4 19.45 17.5
      vertex 10.6247 19.45 9.99923
    endloop
  endfacet
  facet normal 0 1 -0
    outer loop
      vertex 10.447 19.45 9.69145
      vertex 4 19.45 17.5
      vertex 10.5278 19.45 9.85
    endloop
  endfacet
  facet normal 0 1 -0
    outer loop
      vertex 10.3832 19.45 9.52533
      vertex 4 19.45 17.5
      vertex 10.447 19.45 9.69145
    endloop
  endfacet
  facet normal 0 1 -0
    outer loop
      vertex 10.3371 19.45 9.35345
      vertex 4 19.45 17.5
      vertex 10.3832 19.45 9.52533
    endloop
  endfacet
  facet normal 0 1 0
    outer loop
      vertex 4 19.45 3.49497
      vertex 10.3371 19.45 9.35345
      vertex 10.3093 19.45 9.1777
    endloop
  endfacet
  facet normal 0 1 0
    outer loop
      vertex 4 19.45 3.49497
      vertex 10.3093 19.45 9.1777
      vertex 10.3 19.45 9
    endloop
  endfacet
  facet normal 0 1 0
    outer loop
      vertex 4 19.45 3.49497
      vertex 10.3 19.45 9
      vertex 10.3093 19.45 8.8223
    endloop
  endfacet
  facet normal 0 1 0
    outer loop
      vertex 4 19.45 3.49497
      vertex 10.3093 19.45 8.8223
      vertex 10.3371 19.45 8.64655
    endloop
  endfacet
  facet normal 0 1 0
    outer loop
      vertex 4 19.45 3.49497
      vertex 10.3371 19.45 8.64655
      vertex 10.3832 19.45 8.47467
    endloop
  endfacet
  facet normal 0 1 0
    outer loop
      vertex 4 19.45 3.49497
      vertex 10.3832 19.45 8.47467
      vertex 10.447 19.45 8.30855
    endloop
  endfacet
  facet normal 0 1 0
    outer loop
      vertex 4 19.45 3.49497
      vertex 10.447 19.45 8.30855
      vertex 10.5278 19.45 8.15
    endloop
  endfacet
  facet normal 0 1 0
    outer loop
      vertex 4 19.45 3.49497
      vertex 10.5278 19.45 8.15
      vertex 10.6247 19.45 8.00077
    endloop
  endfacet
  facet normal 0 1 0
    outer loop
      vertex 12.1777 19.45 7.30931
      vertex 4 19.45 3.49497
      vertex 12 19.45 7.3
    endloop
  endfacet
  facet normal 0 1 0
    outer loop
      vertex 12 19.45 7.3
      vertex 4 19.45 3.49497
      vertex 11.8223 19.45 7.30931
    endloop
  endfacet
  facet normal 0 1 0
    outer loop
      vertex 10.3371 19.45 9.35345
      vertex 4 19.45 3.49497
      vertex 4 19.45 17.5
    endloop
  endfacet
  facet normal 0 1 0
    outer loop
      vertex 10.7367 19.45 7.86248
      vertex 4 19.45 3.49497
      vertex 10.6247 19.45 8.00077
    endloop
  endfacet
  facet normal 0 1 0
    outer loop
      vertex 10.8625 19.45 7.73665
      vertex 4 19.45 3.49497
      vertex 10.7367 19.45 7.86248
    endloop
  endfacet
  facet normal 0 1 0
    outer loop
      vertex 11.0008 19.45 7.62467
      vertex 4 19.45 3.49497
      vertex 10.8625 19.45 7.73665
    endloop
  endfacet
  facet normal 0 1 0
    outer loop
      vertex 11.15 19.45 7.52776
      vertex 4 19.45 3.49497
      vertex 11.0008 19.45 7.62467
    endloop
  endfacet
  facet normal 0 1 0
    outer loop
      vertex 11.3085 19.45 7.44697
      vertex 4 19.45 3.49497
      vertex 11.15 19.45 7.52776
    endloop
  endfacet
  facet normal 0 1 0
    outer loop
      vertex 11.4747 19.45 7.3832
      vertex 4 19.45 3.49497
      vertex 11.3085 19.45 7.44697
    endloop
  endfacet
  facet normal 0 1 0
    outer loop
      vertex 11.6466 19.45 7.33715
      vertex 4 19.45 3.49497
      vertex 11.4747 19.45 7.3832
    endloop
  endfacet
  facet normal 0 1 0
    outer loop
      vertex 11.8223 19.45 7.30931
      vertex 4 19.45 3.49497
      vertex 11.6466 19.45 7.33715
    endloop
  endfacet
  facet normal 0.998628 -0 0.0523582
    outer loop
      vertex 31.9863 16.45 17.7613
      vertex 32 19.45 17.5
      vertex 31.9863 19.45 17.7613
    endloop
  endfacet
  facet normal 0.998628 0 0.0523582
    outer loop
      vertex 32 19.45 17.5
      vertex 31.9863 16.45 17.7613
      vertex 32 16.45 17.5
    endloop
  endfacet
  facet normal 0.891039 -0 0.453926
    outer loop
      vertex 31.6651 16.45 18.75
      vertex 31.7839 19.45 18.5168
      vertex 31.6651 19.45 18.75
    endloop
  endfacet
  facet normal 0.891039 0 0.453926
    outer loop
      vertex 31.7839 19.45 18.5168
      vertex 31.6651 16.45 18.75
      vertex 31.7839 16.45 18.5168
    endloop
  endfacet
  facet normal 0.987713 -0 0.156277
    outer loop
      vertex 31.9454 16.45 18.0198
      vertex 31.9863 19.45 17.7613
      vertex 31.9454 19.45 18.0198
    endloop
  endfacet
  facet normal 0.987713 0 0.156277
    outer loop
      vertex 31.9863 19.45 17.7613
      vertex 31.9454 16.45 18.0198
      vertex 31.9863 16.45 17.7613
    endloop
  endfacet
  facet normal -0.629122 0 0.777306
    outer loop
      vertex 4.82717 19.45 19.3579
      vertex 5.03054 16.45 19.5225
      vertex 5.03054 19.45 19.5225
    endloop
  endfacet
  facet normal -0.629122 0 0.777306
    outer loop
      vertex 5.03054 16.45 19.5225
      vertex 4.82717 19.45 19.3579
      vertex 4.82717 16.45 19.3579
    endloop
  endfacet
  facet normal 0.7772 -0 0.629253
    outer loop
      vertex 31.3579 16.45 19.1728
      vertex 31.5225 19.45 18.9695
      vertex 31.3579 19.45 19.1728
    endloop
  endfacet
  facet normal 0.7772 0 0.629253
    outer loop
      vertex 31.5225 19.45 18.9695
      vertex 31.3579 16.45 19.1728
      vertex 31.5225 16.45 18.9695
    endloop
  endfacet
  facet normal 0.93368 -0 0.358108
    outer loop
      vertex 31.7839 16.45 18.5168
      vertex 31.8776 19.45 18.2725
      vertex 31.7839 19.45 18.5168
    endloop
  endfacet
  facet normal 0.93368 0 0.358108
    outer loop
      vertex 31.8776 19.45 18.2725
      vertex 31.7839 16.45 18.5168
      vertex 31.8776 16.45 18.2725
    endloop
  endfacet
  facet normal 0.0523582 0 0.998628
    outer loop
      vertex 29.5 19.45 20
      vertex 29.7613 16.45 19.9863
      vertex 29.7613 19.45 19.9863
    endloop
  endfacet
  facet normal 0.0523582 0 0.998628
    outer loop
      vertex 29.7613 16.45 19.9863
      vertex 29.5 19.45 20
      vertex 29.5 16.45 20
    endloop
  endfacet
  facet normal -0.0523542 0 0.998629
    outer loop
      vertex 6.23868 19.45 19.9863
      vertex 6.5 16.45 20
      vertex 6.5 19.45 20
    endloop
  endfacet
  facet normal -0.0523542 0 0.998629
    outer loop
      vertex 6.5 16.45 20
      vertex 6.23868 19.45 19.9863
      vertex 6.23868 16.45 19.9863
    endloop
  endfacet
  facet normal 0.544787 0 0.838575
    outer loop
      vertex 30.75 19.45 19.6651
      vertex 30.9695 16.45 19.5225
      vertex 30.9695 19.45 19.5225
    endloop
  endfacet
  facet normal 0.544787 0 0.838575
    outer loop
      vertex 30.9695 16.45 19.5225
      vertex 30.75 19.45 19.6651
      vertex 30.75 16.45 19.6651
    endloop
  endfacet
  facet normal 0.707107 -0 0.707107
    outer loop
      vertex 31.1728 16.45 19.3579
      vertex 31.3579 19.45 19.1728
      vertex 31.1728 19.45 19.3579
    endloop
  endfacet
  facet normal 0.707107 0 0.707107
    outer loop
      vertex 31.3579 19.45 19.1728
      vertex 31.1728 16.45 19.3579
      vertex 31.3579 16.45 19.1728
    endloop
  endfacet
  facet normal 0.838575 -0 0.544787
    outer loop
      vertex 31.5225 16.45 18.9695
      vertex 31.6651 19.45 18.75
      vertex 31.5225 19.45 18.9695
    endloop
  endfacet
  facet normal 0.838575 0 0.544787
    outer loop
      vertex 31.6651 19.45 18.75
      vertex 31.5225 16.45 18.9695
      vertex 31.6651 16.45 18.75
    endloop
  endfacet
  facet normal 0.965841 -0 0.259137
    outer loop
      vertex 31.8776 16.45 18.2725
      vertex 31.9454 19.45 18.0198
      vertex 31.8776 19.45 18.2725
    endloop
  endfacet
  facet normal 0.965841 0 0.259137
    outer loop
      vertex 31.9454 19.45 18.0198
      vertex 31.8776 16.45 18.2725
      vertex 31.9454 16.45 18.0198
    endloop
  endfacet
  facet normal -0 0 1
    outer loop
      vertex 6.5 19.45 20
      vertex 29.5 16.45 20
      vertex 29.5 19.45 20
    endloop
  endfacet
  facet normal 0 0 1
    outer loop
      vertex 29.5 16.45 20
      vertex 6.5 19.45 20
      vertex 6.5 16.45 20
    endloop
  endfacet
  facet normal -0.358108 0 0.93368
    outer loop
      vertex 5.48316 19.45 19.7839
      vertex 5.72746 16.45 19.8776
      vertex 5.72746 19.45 19.8776
    endloop
  endfacet
  facet normal -0.358108 0 0.93368
    outer loop
      vertex 5.72746 16.45 19.8776
      vertex 5.48316 19.45 19.7839
      vertex 5.48316 16.45 19.7839
    endloop
  endfacet
  facet normal 0.629253 0 0.7772
    outer loop
      vertex 30.9695 19.45 19.5225
      vertex 31.1728 16.45 19.3579
      vertex 31.1728 19.45 19.3579
    endloop
  endfacet
  facet normal 0.629253 0 0.7772
    outer loop
      vertex 31.1728 16.45 19.3579
      vertex 30.9695 19.45 19.5225
      vertex 30.9695 16.45 19.5225
    endloop
  endfacet
  facet normal -0.998628 0 0.0523582
    outer loop
      vertex 4 16.45 17.5
      vertex 4.0137 19.45 17.7613
      vertex 4 19.45 17.5
    endloop
  endfacet
  facet normal -0.998628 0 0.0523582
    outer loop
      vertex 4.0137 19.45 17.7613
      vertex 4 16.45 17.5
      vertex 4.0137 16.45 17.7613
    endloop
  endfacet
  facet normal 0.259137 0 0.965841
    outer loop
      vertex 30.0198 19.45 19.9454
      vertex 30.2725 16.45 19.8776
      vertex 30.2725 19.45 19.8776
    endloop
  endfacet
  facet normal 0.259137 0 0.965841
    outer loop
      vertex 30.2725 16.45 19.8776
      vertex 30.0198 19.45 19.9454
      vertex 30.0198 16.45 19.9454
    endloop
  endfacet
  facet normal -0.25908 0 0.965856
    outer loop
      vertex 5.72746 19.45 19.8776
      vertex 5.98022 16.45 19.9454
      vertex 5.98022 19.45 19.9454
    endloop
  endfacet
  facet normal -0.25908 0 0.965856
    outer loop
      vertex 5.98022 16.45 19.9454
      vertex 5.72746 19.45 19.8776
      vertex 5.72746 16.45 19.8776
    endloop
  endfacet
  facet normal -0.544857 0 0.838529
    outer loop
      vertex 5.03054 19.45 19.5225
      vertex 5.25 16.45 19.6651
      vertex 5.25 19.45 19.6651
    endloop
  endfacet
  facet normal -0.544857 0 0.838529
    outer loop
      vertex 5.25 16.45 19.6651
      vertex 5.03054 19.45 19.5225
      vertex 5.03054 16.45 19.5225
    endloop
  endfacet
  facet normal -0.987696 0 0.156388
    outer loop
      vertex 4.0137 16.45 17.7613
      vertex 4.05463 19.45 18.0198
      vertex 4.0137 19.45 17.7613
    endloop
  endfacet
  facet normal -0.987696 0 0.156388
    outer loop
      vertex 4.05463 19.45 18.0198
      vertex 4.0137 16.45 17.7613
      vertex 4.05463 16.45 18.0198
    endloop
  endfacet
  facet normal -0.933578 0 0.358375
    outer loop
      vertex 4.12236 16.45 18.2725
      vertex 4.21614 19.45 18.5168
      vertex 4.12236 19.45 18.2725
    endloop
  endfacet
  facet normal -0.933578 0 0.358375
    outer loop
      vertex 4.21614 19.45 18.5168
      vertex 4.12236 16.45 18.2725
      vertex 4.21614 16.45 18.5168
    endloop
  endfacet
  facet normal -0.838714 0 0.544572
    outer loop
      vertex 4.33494 16.45 18.75
      vertex 4.47746 19.45 18.9695
      vertex 4.33494 19.45 18.75
    endloop
  endfacet
  facet normal -0.838714 0 0.544572
    outer loop
      vertex 4.47746 19.45 18.9695
      vertex 4.33494 16.45 18.75
      vertex 4.47746 16.45 18.9695
    endloop
  endfacet
  facet normal -0.70724 0 0.706973
    outer loop
      vertex 4.64214 16.45 19.1728
      vertex 4.82717 19.45 19.3579
      vertex 4.64214 19.45 19.1728
    endloop
  endfacet
  facet normal -0.70724 0 0.706973
    outer loop
      vertex 4.82717 19.45 19.3579
      vertex 4.64214 16.45 19.1728
      vertex 4.82717 16.45 19.3579
    endloop
  endfacet
  facet normal 0.156277 0 0.987713
    outer loop
      vertex 29.7613 19.45 19.9863
      vertex 30.0198 16.45 19.9454
      vertex 30.0198 19.45 19.9454
    endloop
  endfacet
  facet normal 0.156277 0 0.987713
    outer loop
      vertex 30.0198 16.45 19.9454
      vertex 29.7613 19.45 19.9863
      vertex 29.7613 16.45 19.9863
    endloop
  endfacet
  facet normal 0.453926 0 0.891039
    outer loop
      vertex 30.5168 19.45 19.7839
      vertex 30.75 16.45 19.6651
      vertex 30.75 19.45 19.6651
    endloop
  endfacet
  facet normal 0.453926 0 0.891039
    outer loop
      vertex 30.75 16.45 19.6651
      vertex 30.5168 19.45 19.7839
      vertex 30.5168 16.45 19.7839
    endloop
  endfacet
  facet normal -0.1563 0 0.98771
    outer loop
      vertex 5.98022 19.45 19.9454
      vertex 6.23868 16.45 19.9863
      vertex 6.23868 19.45 19.9863
    endloop
  endfacet
  facet normal -0.1563 0 0.98771
    outer loop
      vertex 6.23868 16.45 19.9863
      vertex 5.98022 19.45 19.9454
      vertex 5.98022 16.45 19.9454
    endloop
  endfacet
  facet normal -0.453988 0 0.891008
    outer loop
      vertex 5.25 19.45 19.6651
      vertex 5.48316 16.45 19.7839
      vertex 5.48316 19.45 19.7839
    endloop
  endfacet
  facet normal -0.453988 0 0.891008
    outer loop
      vertex 5.48316 16.45 19.7839
      vertex 5.25 19.45 19.6651
      vertex 5.25 16.45 19.6651
    endloop
  endfacet
  facet normal -0.965907 0 0.258888
    outer loop
      vertex 4.05463 16.45 18.0198
      vertex 4.12236 19.45 18.2725
      vertex 4.05463 19.45 18.0198
    endloop
  endfacet
  facet normal -0.965907 0 0.258888
    outer loop
      vertex 4.12236 19.45 18.2725
      vertex 4.05463 16.45 18.0198
      vertex 4.12236 16.45 18.2725
    endloop
  endfacet
  facet normal -0.891039 0 0.453926
    outer loop
      vertex 4.21614 16.45 18.5168
      vertex 4.33494 19.45 18.75
      vertex 4.21614 19.45 18.5168
    endloop
  endfacet
  facet normal -0.891039 0 0.453926
    outer loop
      vertex 4.33494 19.45 18.75
      vertex 4.21614 16.45 18.5168
      vertex 4.33494 16.45 18.75
    endloop
  endfacet
  facet normal -0.777051 0 0.629438
    outer loop
      vertex 4.47746 16.45 18.9695
      vertex 4.64214 19.45 19.1728
      vertex 4.47746 19.45 18.9695
    endloop
  endfacet
  facet normal -0.777051 0 0.629438
    outer loop
      vertex 4.64214 19.45 19.1728
      vertex 4.47746 16.45 18.9695
      vertex 4.64214 16.45 19.1728
    endloop
  endfacet
  facet normal 0.358108 0 0.93368
    outer loop
      vertex 30.2725 19.45 19.8776
      vertex 30.5168 16.45 19.7839
      vertex 30.5168 19.45 19.7839
    endloop
  endfacet
  facet normal 0.358108 0 0.93368
    outer loop
      vertex 30.5168 16.45 19.7839
      vertex 30.2725 19.45 19.8776
      vertex 30.2725 16.45 19.8776
    endloop
  endfacet
  facet normal 0.0523582 -0 0.998628
    outer loop
      vertex 29.5 39.34 12.5
      vertex 29.7613 41.35 12.4863
      vertex 29.5 41.35 12.5
    endloop
  endfacet
  facet normal 0.0523582 0 0.998628
    outer loop
      vertex 29.7613 41.35 12.4863
      vertex 29.5 39.34 12.5
      vertex 29.7613 39.3263 12.4863
    endloop
  endfacet
  facet normal 0.544787 -0 0.838575
    outer loop
      vertex 30.75 39.005 12.1651
      vertex 30.9695 41.35 12.0225
      vertex 30.75 41.35 12.1651
    endloop
  endfacet
  facet normal 0.544787 0 0.838575
    outer loop
      vertex 30.9695 41.35 12.0225
      vertex 30.75 39.005 12.1651
      vertex 30.9695 38.8625 12.0225
    endloop
  endfacet
  facet normal 0.259137 -0 0.965841
    outer loop
      vertex 30.0198 39.2853 12.4454
      vertex 30.2725 41.35 12.3776
      vertex 30.0198 41.35 12.4454
    endloop
  endfacet
  facet normal 0.259137 0 0.965841
    outer loop
      vertex 30.2725 41.35 12.3776
      vertex 30.0198 39.2853 12.4454
      vertex 30.2725 39.2176 12.3776
    endloop
  endfacet
  facet normal 0.453926 -0 0.891039
    outer loop
      vertex 30.5168 39.1238 12.2839
      vertex 30.75 41.35 12.1651
      vertex 30.5168 41.35 12.2839
    endloop
  endfacet
  facet normal 0.453926 0 0.891039
    outer loop
      vertex 30.75 41.35 12.1651
      vertex 30.5168 39.1238 12.2839
      vertex 30.75 39.005 12.1651
    endloop
  endfacet
  facet normal 0.7772 -0 0.629253
    outer loop
      vertex 31.3579 38.5128 11.6728
      vertex 31.5225 41.35 11.4695
      vertex 31.3579 41.35 11.6728
    endloop
  endfacet
  facet normal 0.777111 -0.000228652 0.629364
    outer loop
      vertex 31.5225 38.35 11.4695
      vertex 31.3579 38.5128 11.6728
      vertex 31.4897 38.35 11.51
    endloop
  endfacet
  facet normal 0.7772 0 0.629253
    outer loop
      vertex 31.3579 38.5128 11.6728
      vertex 31.5225 38.35 11.4695
      vertex 31.5225 41.35 11.4695
    endloop
  endfacet
  facet normal -0.1563 0 0.98771
    outer loop
      vertex 5.98022 41.35 12.4454
      vertex 6.23868 39.3263 12.4863
      vertex 6.23868 41.35 12.4863
    endloop
  endfacet
  facet normal -0.1563 0 0.98771
    outer loop
      vertex 6.23868 39.3263 12.4863
      vertex 5.98022 41.35 12.4454
      vertex 5.98022 39.2853 12.4454
    endloop
  endfacet
  facet normal 0.156277 -0 0.987713
    outer loop
      vertex 29.7613 39.3263 12.4863
      vertex 30.0198 41.35 12.4454
      vertex 29.7613 41.35 12.4863
    endloop
  endfacet
  facet normal 0.156277 0 0.987713
    outer loop
      vertex 30.0198 41.35 12.4454
      vertex 29.7613 39.3263 12.4863
      vertex 30.0198 39.2853 12.4454
    endloop
  endfacet
  facet normal 0.707107 -0 0.707107
    outer loop
      vertex 31.1728 38.6978 11.8579
      vertex 31.3579 41.35 11.6728
      vertex 31.1728 41.35 11.8579
    endloop
  endfacet
  facet normal 0.707107 0 0.707107
    outer loop
      vertex 31.3579 41.35 11.6728
      vertex 31.1728 38.6978 11.8579
      vertex 31.3579 38.5128 11.6728
    endloop
  endfacet
  facet normal 0 -1 0
    outer loop
      vertex 4.33494 38.35 11.25
      vertex 4.51032 38.35 11.51
      vertex 4.47746 38.35 11.4695
    endloop
  endfacet
  facet normal 0 -1 -0
    outer loop
      vertex 4.51032 38.35 11.51
      vertex 4 38.35 3.49497
      vertex 31.4897 38.35 11.51
    endloop
  endfacet
  facet normal 0 -1 0
    outer loop
      vertex 4.51032 38.35 11.51
      vertex 4.33494 38.35 11.25
      vertex 4 38.35 10
    endloop
  endfacet
  facet normal 0 -1 0
    outer loop
      vertex 4.51032 38.35 11.51
      vertex 4 38.35 10
      vertex 4 38.35 3.49497
    endloop
  endfacet
  facet normal 0 -1 0
    outer loop
      vertex 4 38.35 10
      vertex 4.33494 38.35 11.25
      vertex 4.21614 38.35 11.0168
    endloop
  endfacet
  facet normal 0 -1 0
    outer loop
      vertex 32 38.35 3.49497
      vertex 31.4897 38.35 11.51
      vertex 4 38.35 3.49497
    endloop
  endfacet
  facet normal 0 -1 0
    outer loop
      vertex 4 38.35 10
      vertex 4.21614 38.35 11.0168
      vertex 4.12236 38.35 10.7725
    endloop
  endfacet
  facet normal 0 -1 0
    outer loop
      vertex 31.4897 38.35 11.51
      vertex 31.6651 38.35 11.25
      vertex 31.5225 38.35 11.4695
    endloop
  endfacet
  facet normal 0 -1 0
    outer loop
      vertex 4 38.35 10
      vertex 4.12236 38.35 10.7725
      vertex 4.05463 38.35 10.5198
    endloop
  endfacet
  facet normal 0 -1 0
    outer loop
      vertex 31.6651 38.35 11.25
      vertex 32 38.35 10
      vertex 31.7839 38.35 11.0168
    endloop
  endfacet
  facet normal 0 -1 0
    outer loop
      vertex 4 38.35 10
      vertex 4.05463 38.35 10.5198
      vertex 4.0137 38.35 10.2613
    endloop
  endfacet
  facet normal 0 -1 0
    outer loop
      vertex 31.7839 38.35 11.0168
      vertex 32 38.35 10
      vertex 31.8776 38.35 10.7725
    endloop
  endfacet
  facet normal 0 -1 0
    outer loop
      vertex 31.8776 38.35 10.7725
      vertex 32 38.35 10
      vertex 31.9454 38.35 10.5198
    endloop
  endfacet
  facet normal 0 -1 0
    outer loop
      vertex 31.9454 38.35 10.5198
      vertex 32 38.35 10
      vertex 31.9863 38.35 10.2613
    endloop
  endfacet
  facet normal -0 -1 -0
    outer loop
      vertex 32 38.35 10
      vertex 31.4897 38.35 11.51
      vertex 32 38.35 3.49497
    endloop
  endfacet
  facet normal -0 -1 -0
    outer loop
      vertex 31.6651 38.35 11.25
      vertex 31.4897 38.35 11.51
      vertex 32 38.35 10
    endloop
  endfacet
  facet normal 0.998628 -0 0.0523582
    outer loop
      vertex 31.9863 38.35 10.2613
      vertex 32 41.35 10
      vertex 31.9863 41.35 10.2613
    endloop
  endfacet
  facet normal 0.998628 0 0.0523582
    outer loop
      vertex 32 41.35 10
      vertex 31.9863 38.35 10.2613
      vertex 32 38.35 10
    endloop
  endfacet
  facet normal 0.358108 -0 0.93368
    outer loop
      vertex 30.2725 39.2176 12.3776
      vertex 30.5168 41.35 12.2839
      vertex 30.2725 41.35 12.3776
    endloop
  endfacet
  facet normal 0.358108 0 0.93368
    outer loop
      vertex 30.5168 41.35 12.2839
      vertex 30.2725 39.2176 12.3776
      vertex 30.5168 39.1238 12.2839
    endloop
  endfacet
  facet normal 0.629253 -0 0.7772
    outer loop
      vertex 30.9695 38.8625 12.0225
      vertex 31.1728 41.35 11.8579
      vertex 30.9695 41.35 12.0225
    endloop
  endfacet
  facet normal 0.629253 0 0.7772
    outer loop
      vertex 31.1728 41.35 11.8579
      vertex 30.9695 38.8625 12.0225
      vertex 31.1728 38.6978 11.8579
    endloop
  endfacet
  facet normal 0.891039 -0 0.453926
    outer loop
      vertex 31.6651 38.35 11.25
      vertex 31.7839 41.35 11.0168
      vertex 31.6651 41.35 11.25
    endloop
  endfacet
  facet normal 0.891039 0 0.453926
    outer loop
      vertex 31.7839 41.35 11.0168
      vertex 31.6651 38.35 11.25
      vertex 31.7839 38.35 11.0168
    endloop
  endfacet
  facet normal -0 0 1
    outer loop
      vertex 6.5 41.35 12.5
      vertex 29.5 39.34 12.5
      vertex 29.5 41.35 12.5
    endloop
  endfacet
  facet normal 0 0 1
    outer loop
      vertex 29.5 39.34 12.5
      vertex 6.5 41.35 12.5
      vertex 6.5 39.34 12.5
    endloop
  endfacet
  facet normal 0.93368 -0 0.358108
    outer loop
      vertex 31.7839 38.35 11.0168
      vertex 31.8776 41.35 10.7725
      vertex 31.7839 41.35 11.0168
    endloop
  endfacet
  facet normal 0.93368 0 0.358108
    outer loop
      vertex 31.8776 41.35 10.7725
      vertex 31.7839 38.35 11.0168
      vertex 31.8776 38.35 10.7725
    endloop
  endfacet
  facet normal 0.987713 -0 0.156277
    outer loop
      vertex 31.9454 38.35 10.5198
      vertex 31.9863 41.35 10.2613
      vertex 31.9454 41.35 10.5198
    endloop
  endfacet
  facet normal 0.987713 0 0.156277
    outer loop
      vertex 31.9863 41.35 10.2613
      vertex 31.9454 38.35 10.5198
      vertex 31.9863 38.35 10.2613
    endloop
  endfacet
  facet normal 0.838575 -0 0.544787
    outer loop
      vertex 31.5225 38.35 11.4695
      vertex 31.6651 41.35 11.25
      vertex 31.5225 41.35 11.4695
    endloop
  endfacet
  facet normal 0.838575 0 0.544787
    outer loop
      vertex 31.6651 41.35 11.25
      vertex 31.5225 38.35 11.4695
      vertex 31.6651 38.35 11.25
    endloop
  endfacet
  facet normal -0.358108 0 0.93368
    outer loop
      vertex 5.48316 41.35 12.2839
      vertex 5.72746 39.2176 12.3776
      vertex 5.72746 41.35 12.3776
    endloop
  endfacet
  facet normal -0.358108 0 0.93368
    outer loop
      vertex 5.72746 39.2176 12.3776
      vertex 5.48316 41.35 12.2839
      vertex 5.48316 39.1238 12.2839
    endloop
  endfacet
  facet normal -0.0523542 0 0.998629
    outer loop
      vertex 6.23868 41.35 12.4863
      vertex 6.5 39.34 12.5
      vertex 6.5 41.35 12.5
    endloop
  endfacet
  facet normal -0.0523542 0 0.998629
    outer loop
      vertex 6.5 39.34 12.5
      vertex 6.23868 41.35 12.4863
      vertex 6.23868 39.3263 12.4863
    endloop
  endfacet
  facet normal -0.933578 0 0.358375
    outer loop
      vertex 4.12236 38.35 10.7725
      vertex 4.21614 41.35 11.0168
      vertex 4.12236 41.35 10.7725
    endloop
  endfacet
  facet normal -0.933578 0 0.358375
    outer loop
      vertex 4.21614 41.35 11.0168
      vertex 4.12236 38.35 10.7725
      vertex 4.21614 38.35 11.0168
    endloop
  endfacet
  facet normal -0.998628 0 0.0523582
    outer loop
      vertex 4 38.35 10
      vertex 4.0137 41.35 10.2613
      vertex 4 41.35 10
    endloop
  endfacet
  facet normal -0.998628 0 0.0523582
    outer loop
      vertex 4.0137 41.35 10.2613
      vertex 4 38.35 10
      vertex 4.0137 38.35 10.2613
    endloop
  endfacet
  facet normal 0.965841 -0 0.259137
    outer loop
      vertex 31.8776 38.35 10.7725
      vertex 31.9454 41.35 10.5198
      vertex 31.8776 41.35 10.7725
    endloop
  endfacet
  facet normal 0.965841 0 0.259137
    outer loop
      vertex 31.9454 41.35 10.5198
      vertex 31.8776 38.35 10.7725
      vertex 31.9454 38.35 10.5198
    endloop
  endfacet
  facet normal -0.25908 0 0.965856
    outer loop
      vertex 5.72746 41.35 12.3776
      vertex 5.98022 39.2853 12.4454
      vertex 5.98022 41.35 12.4454
    endloop
  endfacet
  facet normal -0.25908 0 0.965856
    outer loop
      vertex 5.98022 39.2853 12.4454
      vertex 5.72746 41.35 12.3776
      vertex 5.72746 39.2176 12.3776
    endloop
  endfacet
  facet normal -0.987696 0 0.156388
    outer loop
      vertex 4.0137 38.35 10.2613
      vertex 4.05463 41.35 10.5198
      vertex 4.0137 41.35 10.2613
    endloop
  endfacet
  facet normal -0.987696 0 0.156388
    outer loop
      vertex 4.05463 41.35 10.5198
      vertex 4.0137 38.35 10.2613
      vertex 4.05463 38.35 10.5198
    endloop
  endfacet
  facet normal -0.838714 0 0.544572
    outer loop
      vertex 4.33494 38.35 11.25
      vertex 4.47746 41.35 11.4695
      vertex 4.33494 41.35 11.25
    endloop
  endfacet
  facet normal -0.838714 0 0.544572
    outer loop
      vertex 4.47746 41.35 11.4695
      vertex 4.33494 38.35 11.25
      vertex 4.47746 38.35 11.4695
    endloop
  endfacet
  facet normal -0.544857 0 0.838529
    outer loop
      vertex 5.03054 41.35 12.0225
      vertex 5.25 39.005 12.1651
      vertex 5.25 41.35 12.1651
    endloop
  endfacet
  facet normal -0.544857 0 0.838529
    outer loop
      vertex 5.25 39.005 12.1651
      vertex 5.03054 41.35 12.0225
      vertex 5.03054 38.8625 12.0225
    endloop
  endfacet
  facet normal -0.965907 0 0.258888
    outer loop
      vertex 4.05463 38.35 10.5198
      vertex 4.12236 41.35 10.7725
      vertex 4.05463 41.35 10.5198
    endloop
  endfacet
  facet normal -0.965907 0 0.258888
    outer loop
      vertex 4.12236 41.35 10.7725
      vertex 4.05463 38.35 10.5198
      vertex 4.12236 38.35 10.7725
    endloop
  endfacet
  facet normal -0.453988 0 0.891008
    outer loop
      vertex 5.25 41.35 12.1651
      vertex 5.48316 39.1238 12.2839
      vertex 5.48316 41.35 12.2839
    endloop
  endfacet
  facet normal -0.453988 0 0.891008
    outer loop
      vertex 5.48316 39.1238 12.2839
      vertex 5.25 41.35 12.1651
      vertex 5.25 39.005 12.1651
    endloop
  endfacet
  facet normal -0.629122 0 0.777306
    outer loop
      vertex 4.82717 41.35 11.8579
      vertex 5.03054 38.8625 12.0225
      vertex 5.03054 41.35 12.0225
    endloop
  endfacet
  facet normal -0.629122 0 0.777306
    outer loop
      vertex 5.03054 38.8625 12.0225
      vertex 4.82717 41.35 11.8579
      vertex 4.82717 38.6978 11.8579
    endloop
  endfacet
  facet normal -0.70724 0 0.706973
    outer loop
      vertex 4.64214 41.35 11.6728
      vertex 4.82717 38.6978 11.8579
      vertex 4.82717 41.35 11.8579
    endloop
  endfacet
  facet normal -0.70724 0 0.706973
    outer loop
      vertex 4.82717 38.6978 11.8579
      vertex 4.64214 41.35 11.6728
      vertex 4.64214 38.5128 11.6728
    endloop
  endfacet
  facet normal -0.777051 0 0.629438
    outer loop
      vertex 4.47746 41.35 11.4695
      vertex 4.64214 38.5128 11.6728
      vertex 4.64214 41.35 11.6728
    endloop
  endfacet
  facet normal -0.777051 0 0.629438
    outer loop
      vertex 4.47746 38.35 11.4695
      vertex 4.64214 38.5128 11.6728
      vertex 4.47746 41.35 11.4695
    endloop
  endfacet
  facet normal -0.776547 -0.00128353 0.630058
    outer loop
      vertex 4.64214 38.5128 11.6728
      vertex 4.47746 38.35 11.4695
      vertex 4.51032 38.35 11.51
    endloop
  endfacet
  facet normal -0.891039 0 0.453926
    outer loop
      vertex 4.21614 38.35 11.0168
      vertex 4.33494 41.35 11.25
      vertex 4.21614 41.35 11.0168
    endloop
  endfacet
  facet normal -0.891039 0 0.453926
    outer loop
      vertex 4.33494 41.35 11.25
      vertex 4.21614 38.35 11.0168
      vertex 4.33494 38.35 11.25
    endloop
  endfacet
  facet normal -0.998633 0 0.0522639
    outer loop
      vertex 13.6907 18.25 8.8223
      vertex 13.7 19.45 9
      vertex 13.6907 19.45 8.8223
    endloop
  endfacet
  facet normal -0.998633 0 0.0522639
    outer loop
      vertex 13.7 19.45 9
      vertex 13.6907 18.25 8.8223
      vertex 13.7 18.25 9
    endloop
  endfacet
  facet normal 0.998633 -0 0.0522639
    outer loop
      vertex 10.3 18.25 9
      vertex 10.3093 19.45 8.8223
      vertex 10.3 19.45 9
    endloop
  endfacet
  facet normal 0.998633 0 0.0522639
    outer loop
      vertex 10.3093 19.45 8.8223
      vertex 10.3 18.25 9
      vertex 10.3093 18.25 8.8223
    endloop
  endfacet
  facet normal 0.0523199 0 0.99863
    outer loop
      vertex 11.8223 19.45 7.30931
      vertex 12 18.25 7.3
      vertex 12 19.45 7.3
    endloop
  endfacet
  facet normal 0.0523199 0 0.99863
    outer loop
      vertex 12 18.25 7.3
      vertex 11.8223 19.45 7.30931
      vertex 11.8223 18.25 7.30931
    endloop
  endfacet
  facet normal -0.0522639 0 -0.998633
    outer loop
      vertex 12 18.25 10.7
      vertex 12.1777 19.45 10.6907
      vertex 12.1777 18.25 10.6907
    endloop
  endfacet
  facet normal -0.0522639 0 -0.998633
    outer loop
      vertex 12.1777 19.45 10.6907
      vertex 12 18.25 10.7
      vertex 12 19.45 10.7
    endloop
  endfacet
  facet normal -0.707191 0 0.707022
    outer loop
      vertex 13.1375 18.25 7.73665
      vertex 13.2633 19.45 7.86248
      vertex 13.1375 19.45 7.73665
    endloop
  endfacet
  facet normal -0.707191 0 0.707022
    outer loop
      vertex 13.2633 19.45 7.86248
      vertex 13.1375 18.25 7.73665
      vertex 13.2633 18.25 7.86248
    endloop
  endfacet
  facet normal 0.707191 -0 0.707022
    outer loop
      vertex 10.7367 18.25 7.86248
      vertex 10.8625 19.45 7.73665
      vertex 10.7367 19.45 7.86248
    endloop
  endfacet
  facet normal 0.707191 0 0.707022
    outer loop
      vertex 10.8625 19.45 7.73665
      vertex 10.7367 18.25 7.86248
      vertex 10.8625 18.25 7.73665
    endloop
  endfacet
  facet normal 0.35823 0 0.933633
    outer loop
      vertex 11.3085 19.45 7.44697
      vertex 11.4747 18.25 7.3832
      vertex 11.4747 19.45 7.3832
    endloop
  endfacet
  facet normal 0.35823 0 0.933633
    outer loop
      vertex 11.4747 18.25 7.3832
      vertex 11.3085 19.45 7.44697
      vertex 11.3085 18.25 7.44697
    endloop
  endfacet
  facet normal -0.933519 0 0.358527
    outer loop
      vertex 13.553 18.25 8.30855
      vertex 13.6168 19.45 8.47467
      vertex 13.553 19.45 8.30855
    endloop
  endfacet
  facet normal -0.933519 0 0.358527
    outer loop
      vertex 13.6168 19.45 8.47467
      vertex 13.553 18.25 8.30855
      vertex 13.6168 18.25 8.47467
    endloop
  endfacet
  facet normal -0.98772 0 0.156237
    outer loop
      vertex 13.6629 18.25 8.64655
      vertex 13.6907 19.45 8.8223
      vertex 13.6629 19.45 8.64655
    endloop
  endfacet
  facet normal -0.98772 0 0.156237
    outer loop
      vertex 13.6907 19.45 8.8223
      vertex 13.6629 18.25 8.64655
      vertex 13.6907 18.25 8.8223
    endloop
  endfacet
  facet normal -0.35823 0 0.933633
    outer loop
      vertex 12.5253 19.45 7.3832
      vertex 12.6915 18.25 7.44697
      vertex 12.6915 19.45 7.44697
    endloop
  endfacet
  facet normal -0.35823 0 0.933633
    outer loop
      vertex 12.6915 18.25 7.44697
      vertex 12.5253 19.45 7.3832
      vertex 12.5253 18.25 7.3832
    endloop
  endfacet
  facet normal -0.544712 0 0.838623
    outer loop
      vertex 12.85 19.45 7.52776
      vertex 12.9992 18.25 7.62467
      vertex 12.9992 19.45 7.62467
    endloop
  endfacet
  facet normal -0.544712 0 0.838623
    outer loop
      vertex 12.9992 18.25 7.62467
      vertex 12.85 19.45 7.52776
      vertex 12.85 18.25 7.52776
    endloop
  endfacet
  facet normal 0.890973 -0 0.454056
    outer loop
      vertex 10.447 18.25 8.30855
      vertex 10.5278 19.45 8.15
      vertex 10.447 19.45 8.30855
    endloop
  endfacet
  facet normal 0.890973 0 0.454056
    outer loop
      vertex 10.5278 19.45 8.15
      vertex 10.447 18.25 8.30855
      vertex 10.5278 18.25 8.15
    endloop
  endfacet
  facet normal 0.777105 -0 0.629371
    outer loop
      vertex 10.6247 18.25 8.00077
      vertex 10.7367 19.45 7.86248
      vertex 10.6247 19.45 8.00077
    endloop
  endfacet
  facet normal 0.777105 0 0.629371
    outer loop
      vertex 10.7367 19.45 7.86248
      vertex 10.6247 18.25 8.00077
      vertex 10.7367 18.25 7.86248
    endloop
  endfacet
  facet normal 0.156499 0 0.987678
    outer loop
      vertex 11.6466 19.45 7.33715
      vertex 11.8223 18.25 7.30931
      vertex 11.8223 19.45 7.30931
    endloop
  endfacet
  facet normal 0.156499 0 0.987678
    outer loop
      vertex 11.8223 18.25 7.30931
      vertex 11.6466 19.45 7.33715
      vertex 11.6466 18.25 7.33715
    endloop
  endfacet
  facet normal 0.77706 0 -0.629426
    outer loop
      vertex 10.7367 18.25 10.1375
      vertex 10.6247 19.45 9.99923
      vertex 10.7367 19.45 10.1375
    endloop
  endfacet
  facet normal 0.77706 0 -0.629426
    outer loop
      vertex 10.6247 19.45 9.99923
      vertex 10.7367 18.25 10.1375
      vertex 10.6247 18.25 9.99923
    endloop
  endfacet
  facet normal -0.15628 0 -0.987713
    outer loop
      vertex 12.1777 18.25 10.6907
      vertex 12.3534 19.45 10.6629
      vertex 12.3534 18.25 10.6629
    endloop
  endfacet
  facet normal -0.15628 0 -0.987713
    outer loop
      vertex 12.3534 19.45 10.6629
      vertex 12.1777 18.25 10.6907
      vertex 12.1777 19.45 10.6907
    endloop
  endfacet
  facet normal -0.965863 0 0.259054
    outer loop
      vertex 13.6168 18.25 8.47467
      vertex 13.6629 19.45 8.64655
      vertex 13.6168 19.45 8.47467
    endloop
  endfacet
  facet normal -0.965863 0 0.259054
    outer loop
      vertex 13.6629 19.45 8.64655
      vertex 13.6168 18.25 8.47467
      vertex 13.6629 18.25 8.64655
    endloop
  endfacet
  facet normal -0.838699 0 0.544595
    outer loop
      vertex 13.3753 18.25 8.00077
      vertex 13.4722 19.45 8.15
      vertex 13.3753 19.45 8.00077
    endloop
  endfacet
  facet normal -0.838699 0 0.544595
    outer loop
      vertex 13.4722 19.45 8.15
      vertex 13.3753 18.25 8.00077
      vertex 13.4722 18.25 8.15
    endloop
  endfacet
  facet normal -0.777105 0 0.629371
    outer loop
      vertex 13.2633 18.25 7.86248
      vertex 13.3753 19.45 8.00077
      vertex 13.2633 19.45 7.86248
    endloop
  endfacet
  facet normal -0.777105 0 0.629371
    outer loop
      vertex 13.3753 19.45 8.00077
      vertex 13.2633 18.25 7.86248
      vertex 13.3753 18.25 8.00077
    endloop
  endfacet
  facet normal -0.890973 0 0.454056
    outer loop
      vertex 13.4722 18.25 8.15
      vertex 13.553 19.45 8.30855
      vertex 13.4722 19.45 8.15
    endloop
  endfacet
  facet normal -0.890973 0 0.454056
    outer loop
      vertex 13.553 19.45 8.30855
      vertex 13.4722 18.25 8.15
      vertex 13.553 18.25 8.30855
    endloop
  endfacet
  facet normal -0.156499 0 0.987678
    outer loop
      vertex 12.1777 19.45 7.30931
      vertex 12.3534 18.25 7.33715
      vertex 12.3534 19.45 7.33715
    endloop
  endfacet
  facet normal -0.156499 0 0.987678
    outer loop
      vertex 12.3534 18.25 7.33715
      vertex 12.1777 19.45 7.30931
      vertex 12.1777 18.25 7.30931
    endloop
  endfacet
  facet normal -0.258764 0 0.965941
    outer loop
      vertex 12.3534 19.45 7.33715
      vertex 12.5253 18.25 7.3832
      vertex 12.5253 19.45 7.3832
    endloop
  endfacet
  facet normal -0.258764 0 0.965941
    outer loop
      vertex 12.5253 18.25 7.3832
      vertex 12.3534 19.45 7.33715
      vertex 12.3534 18.25 7.33715
    endloop
  endfacet
  facet normal -0.0523199 0 0.99863
    outer loop
      vertex 12 19.45 7.3
      vertex 12.1777 18.25 7.30931
      vertex 12.1777 19.45 7.30931
    endloop
  endfacet
  facet normal -0.0523199 0 0.99863
    outer loop
      vertex 12.1777 18.25 7.30931
      vertex 12 19.45 7.3
      vertex 12 18.25 7.3
    endloop
  endfacet
  facet normal -0.454125 0 0.890938
    outer loop
      vertex 12.6915 19.45 7.44697
      vertex 12.85 18.25 7.52776
      vertex 12.85 19.45 7.52776
    endloop
  endfacet
  facet normal -0.454125 0 0.890938
    outer loop
      vertex 12.85 18.25 7.52776
      vertex 12.6915 19.45 7.44697
      vertex 12.6915 18.25 7.44697
    endloop
  endfacet
  facet normal -0.629276 0 0.777182
    outer loop
      vertex 12.9992 19.45 7.62467
      vertex 13.1375 18.25 7.73665
      vertex 13.1375 19.45 7.73665
    endloop
  endfacet
  facet normal -0.629276 0 0.777182
    outer loop
      vertex 13.1375 18.25 7.73665
      vertex 12.9992 19.45 7.62467
      vertex 12.9992 18.25 7.62467
    endloop
  endfacet
  facet normal 0.965863 -0 0.259054
    outer loop
      vertex 10.3371 18.25 8.64655
      vertex 10.3832 19.45 8.47467
      vertex 10.3371 19.45 8.64655
    endloop
  endfacet
  facet normal 0.965863 0 0.259054
    outer loop
      vertex 10.3832 19.45 8.47467
      vertex 10.3371 18.25 8.64655
      vertex 10.3832 18.25 8.47467
    endloop
  endfacet
  facet normal 0.838699 -0 0.544595
    outer loop
      vertex 10.5278 18.25 8.15
      vertex 10.6247 19.45 8.00077
      vertex 10.5278 19.45 8.15
    endloop
  endfacet
  facet normal 0.838699 0 0.544595
    outer loop
      vertex 10.6247 19.45 8.00077
      vertex 10.5278 18.25 8.15
      vertex 10.6247 18.25 8.00077
    endloop
  endfacet
  facet normal 0.933519 -0 0.358527
    outer loop
      vertex 10.3832 18.25 8.47467
      vertex 10.447 19.45 8.30855
      vertex 10.3832 19.45 8.47467
    endloop
  endfacet
  facet normal 0.933519 0 0.358527
    outer loop
      vertex 10.447 19.45 8.30855
      vertex 10.3832 18.25 8.47467
      vertex 10.447 18.25 8.30855
    endloop
  endfacet
  facet normal 0.98772 -0 0.156237
    outer loop
      vertex 10.3093 18.25 8.8223
      vertex 10.3371 19.45 8.64655
      vertex 10.3093 19.45 8.8223
    endloop
  endfacet
  facet normal 0.98772 0 0.156237
    outer loop
      vertex 10.3371 19.45 8.64655
      vertex 10.3093 18.25 8.8223
      vertex 10.3371 18.25 8.64655
    endloop
  endfacet
  facet normal 0.544712 0 0.838623
    outer loop
      vertex 11.0008 19.45 7.62467
      vertex 11.15 18.25 7.52776
      vertex 11.15 19.45 7.52776
    endloop
  endfacet
  facet normal 0.544712 0 0.838623
    outer loop
      vertex 11.15 18.25 7.52776
      vertex 11.0008 19.45 7.62467
      vertex 11.0008 18.25 7.62467
    endloop
  endfacet
  facet normal 0.454125 0 0.890938
    outer loop
      vertex 11.15 19.45 7.52776
      vertex 11.3085 18.25 7.44697
      vertex 11.3085 19.45 7.44697
    endloop
  endfacet
  facet normal 0.454125 0 0.890938
    outer loop
      vertex 11.3085 18.25 7.44697
      vertex 11.15 19.45 7.52776
      vertex 11.15 18.25 7.52776
    endloop
  endfacet
  facet normal 0.629276 0 0.777182
    outer loop
      vertex 10.8625 19.45 7.73665
      vertex 11.0008 18.25 7.62467
      vertex 11.0008 19.45 7.62467
    endloop
  endfacet
  facet normal 0.629276 0 0.777182
    outer loop
      vertex 11.0008 18.25 7.62467
      vertex 10.8625 19.45 7.73665
      vertex 10.8625 18.25 7.73665
    endloop
  endfacet
  facet normal 0.258764 0 0.965941
    outer loop
      vertex 11.4747 19.45 7.3832
      vertex 11.6466 18.25 7.33715
      vertex 11.6466 19.45 7.33715
    endloop
  endfacet
  facet normal 0.258764 0 0.965941
    outer loop
      vertex 11.6466 18.25 7.33715
      vertex 11.4747 19.45 7.3832
      vertex 11.4747 18.25 7.3832
    endloop
  endfacet
  facet normal -0.998633 0 -0.0522639
    outer loop
      vertex 13.7 18.25 9
      vertex 13.6907 19.45 9.1777
      vertex 13.7 19.45 9
    endloop
  endfacet
  facet normal -0.998633 -0 -0.0522639
    outer loop
      vertex 13.6907 19.45 9.1777
      vertex 13.7 18.25 9
      vertex 13.6907 18.25 9.1777
    endloop
  endfacet
  facet normal -0.965863 0 -0.259054
    outer loop
      vertex 13.6629 18.25 9.35345
      vertex 13.6168 19.45 9.52533
      vertex 13.6629 19.45 9.35345
    endloop
  endfacet
  facet normal -0.965863 -0 -0.259054
    outer loop
      vertex 13.6168 19.45 9.52533
      vertex 13.6629 18.25 9.35345
      vertex 13.6168 18.25 9.52533
    endloop
  endfacet
  facet normal -0.629344 0 -0.777127
    outer loop
      vertex 12.9992 18.25 10.3753
      vertex 13.1375 19.45 10.2633
      vertex 13.1375 18.25 10.2633
    endloop
  endfacet
  facet normal -0.629344 0 -0.777127
    outer loop
      vertex 13.1375 19.45 10.2633
      vertex 12.9992 18.25 10.3753
      vertex 12.9992 19.45 10.3753
    endloop
  endfacet
  facet normal -0.890973 0 -0.454056
    outer loop
      vertex 13.553 18.25 9.69145
      vertex 13.4722 19.45 9.85
      vertex 13.553 19.45 9.69145
    endloop
  endfacet
  facet normal -0.890973 -0 -0.454056
    outer loop
      vertex 13.4722 19.45 9.85
      vertex 13.553 18.25 9.69145
      vertex 13.4722 18.25 9.85
    endloop
  endfacet
  facet normal -0.77706 0 -0.629426
    outer loop
      vertex 13.3753 18.25 9.99923
      vertex 13.2633 19.45 10.1375
      vertex 13.3753 19.45 9.99923
    endloop
  endfacet
  facet normal -0.77706 -0 -0.629426
    outer loop
      vertex 13.2633 19.45 10.1375
      vertex 13.3753 18.25 9.99923
      vertex 13.2633 18.25 10.1375
    endloop
  endfacet
  facet normal 0.965863 0 -0.259054
    outer loop
      vertex 10.3832 18.25 9.52533
      vertex 10.3371 19.45 9.35345
      vertex 10.3832 19.45 9.52533
    endloop
  endfacet
  facet normal 0.965863 0 -0.259054
    outer loop
      vertex 10.3371 19.45 9.35345
      vertex 10.3832 18.25 9.52533
      vertex 10.3371 18.25 9.35345
    endloop
  endfacet
  facet normal 0.998633 0 -0.0522639
    outer loop
      vertex 10.3093 18.25 9.1777
      vertex 10.3 19.45 9
      vertex 10.3093 19.45 9.1777
    endloop
  endfacet
  facet normal 0.998633 0 -0.0522639
    outer loop
      vertex 10.3 19.45 9
      vertex 10.3093 18.25 9.1777
      vertex 10.3 18.25 9
    endloop
  endfacet
  facet normal 0.98772 0 -0.156237
    outer loop
      vertex 10.3371 18.25 9.35345
      vertex 10.3093 19.45 9.1777
      vertex 10.3371 19.45 9.35345
    endloop
  endfacet
  facet normal 0.98772 0 -0.156237
    outer loop
      vertex 10.3093 19.45 9.1777
      vertex 10.3371 18.25 9.35345
      vertex 10.3093 18.25 9.1777
    endloop
  endfacet
  facet normal -0.358377 0 -0.933577
    outer loop
      vertex 12.5253 18.25 10.6168
      vertex 12.6915 19.45 10.553
      vertex 12.6915 18.25 10.553
    endloop
  endfacet
  facet normal -0.358377 0 -0.933577
    outer loop
      vertex 12.6915 19.45 10.553
      vertex 12.5253 18.25 10.6168
      vertex 12.5253 19.45 10.6168
    endloop
  endfacet
  facet normal -0.259026 0 -0.96587
    outer loop
      vertex 12.3534 18.25 10.6629
      vertex 12.5253 19.45 10.6168
      vertex 12.5253 18.25 10.6168
    endloop
  endfacet
  facet normal -0.259026 0 -0.96587
    outer loop
      vertex 12.5253 19.45 10.6168
      vertex 12.3534 18.25 10.6629
      vertex 12.3534 19.45 10.6629
    endloop
  endfacet
  facet normal -0.98772 0 -0.156237
    outer loop
      vertex 13.6907 18.25 9.1777
      vertex 13.6629 19.45 9.35345
      vertex 13.6907 19.45 9.1777
    endloop
  endfacet
  facet normal -0.98772 -0 -0.156237
    outer loop
      vertex 13.6629 19.45 9.35345
      vertex 13.6907 18.25 9.1777
      vertex 13.6629 18.25 9.35345
    endloop
  endfacet
  facet normal -0.45417 0 -0.890915
    outer loop
      vertex 12.6915 18.25 10.553
      vertex 12.85 19.45 10.4722
      vertex 12.85 18.25 10.4722
    endloop
  endfacet
  facet normal -0.45417 0 -0.890915
    outer loop
      vertex 12.85 19.45 10.4722
      vertex 12.6915 18.25 10.553
      vertex 12.6915 19.45 10.553
    endloop
  endfacet
  facet normal -0.544672 0 -0.838649
    outer loop
      vertex 12.85 18.25 10.4722
      vertex 12.9992 19.45 10.3753
      vertex 12.9992 18.25 10.3753
    endloop
  endfacet
  facet normal -0.544672 0 -0.838649
    outer loop
      vertex 12.9992 19.45 10.3753
      vertex 12.85 18.25 10.4722
      vertex 12.85 19.45 10.4722
    endloop
  endfacet
  facet normal -0.933519 0 -0.358527
    outer loop
      vertex 13.6168 18.25 9.52533
      vertex 13.553 19.45 9.69145
      vertex 13.6168 19.45 9.52533
    endloop
  endfacet
  facet normal -0.933519 -0 -0.358527
    outer loop
      vertex 13.553 19.45 9.69145
      vertex 13.6168 18.25 9.52533
      vertex 13.553 18.25 9.69145
    endloop
  endfacet
  facet normal -0.838699 0 -0.544595
    outer loop
      vertex 13.4722 18.25 9.85
      vertex 13.3753 19.45 9.99923
      vertex 13.4722 19.45 9.85
    endloop
  endfacet
  facet normal -0.838699 -0 -0.544595
    outer loop
      vertex 13.3753 19.45 9.99923
      vertex 13.4722 18.25 9.85
      vertex 13.3753 18.25 9.99923
    endloop
  endfacet
  facet normal 0.890973 0 -0.454056
    outer loop
      vertex 10.5278 18.25 9.85
      vertex 10.447 19.45 9.69145
      vertex 10.5278 19.45 9.85
    endloop
  endfacet
  facet normal 0.890973 0 -0.454056
    outer loop
      vertex 10.447 19.45 9.69145
      vertex 10.5278 18.25 9.85
      vertex 10.447 18.25 9.69145
    endloop
  endfacet
  facet normal 0.707107 0 -0.707107
    outer loop
      vertex 10.8625 18.25 10.2633
      vertex 10.7367 19.45 10.1375
      vertex 10.8625 19.45 10.2633
    endloop
  endfacet
  facet normal 0.707107 0 -0.707107
    outer loop
      vertex 10.7367 19.45 10.1375
      vertex 10.8625 18.25 10.2633
      vertex 10.7367 18.25 10.1375
    endloop
  endfacet
  facet normal 0.933519 0 -0.358527
    outer loop
      vertex 10.447 18.25 9.69145
      vertex 10.3832 19.45 9.52533
      vertex 10.447 19.45 9.69145
    endloop
  endfacet
  facet normal 0.933519 0 -0.358527
    outer loop
      vertex 10.3832 19.45 9.52533
      vertex 10.447 18.25 9.69145
      vertex 10.3832 18.25 9.52533
    endloop
  endfacet
  facet normal -0.707107 0 -0.707107
    outer loop
      vertex 13.2633 18.25 10.1375
      vertex 13.1375 19.45 10.2633
      vertex 13.2633 19.45 10.1375
    endloop
  endfacet
  facet normal -0.707107 -0 -0.707107
    outer loop
      vertex 13.1375 19.45 10.2633
      vertex 13.2633 18.25 10.1375
      vertex 13.1375 18.25 10.2633
    endloop
  endfacet
  facet normal 0.629344 0 -0.777127
    outer loop
      vertex 10.8625 18.25 10.2633
      vertex 11.0008 19.45 10.3753
      vertex 11.0008 18.25 10.3753
    endloop
  endfacet
  facet normal 0.629344 0 -0.777127
    outer loop
      vertex 11.0008 19.45 10.3753
      vertex 10.8625 18.25 10.2633
      vertex 10.8625 19.45 10.2633
    endloop
  endfacet
  facet normal 0.544672 0 -0.838649
    outer loop
      vertex 11.0008 18.25 10.3753
      vertex 11.15 19.45 10.4722
      vertex 11.15 18.25 10.4722
    endloop
  endfacet
  facet normal 0.544672 0 -0.838649
    outer loop
      vertex 11.15 19.45 10.4722
      vertex 11.0008 18.25 10.3753
      vertex 11.0008 19.45 10.3753
    endloop
  endfacet
  facet normal 0.358377 0 -0.933577
    outer loop
      vertex 11.3085 18.25 10.553
      vertex 11.4747 19.45 10.6168
      vertex 11.4747 18.25 10.6168
    endloop
  endfacet
  facet normal 0.358377 0 -0.933577
    outer loop
      vertex 11.4747 19.45 10.6168
      vertex 11.3085 18.25 10.553
      vertex 11.3085 19.45 10.553
    endloop
  endfacet
  facet normal 0.45417 0 -0.890915
    outer loop
      vertex 11.15 18.25 10.4722
      vertex 11.3085 19.45 10.553
      vertex 11.3085 18.25 10.553
    endloop
  endfacet
  facet normal 0.45417 0 -0.890915
    outer loop
      vertex 11.3085 19.45 10.553
      vertex 11.15 18.25 10.4722
      vertex 11.15 19.45 10.4722
    endloop
  endfacet
  facet normal 0.259026 0 -0.96587
    outer loop
      vertex 11.4747 18.25 10.6168
      vertex 11.6466 19.45 10.6629
      vertex 11.6466 18.25 10.6629
    endloop
  endfacet
  facet normal 0.259026 0 -0.96587
    outer loop
      vertex 11.6466 19.45 10.6629
      vertex 11.4747 18.25 10.6168
      vertex 11.4747 19.45 10.6168
    endloop
  endfacet
  facet normal 0.15628 0 -0.987713
    outer loop
      vertex 11.6466 18.25 10.6629
      vertex 11.8223 19.45 10.6907
      vertex 11.8223 18.25 10.6907
    endloop
  endfacet
  facet normal 0.15628 0 -0.987713
    outer loop
      vertex 11.8223 19.45 10.6907
      vertex 11.6466 18.25 10.6629
      vertex 11.6466 19.45 10.6629
    endloop
  endfacet
  facet normal 0.0522639 0 -0.998633
    outer loop
      vertex 11.8223 18.25 10.6907
      vertex 12 19.45 10.7
      vertex 12 18.25 10.7
    endloop
  endfacet
  facet normal 0.0522639 0 -0.998633
    outer loop
      vertex 12 19.45 10.7
      vertex 11.8223 18.25 10.6907
      vertex 11.8223 19.45 10.6907
    endloop
  endfacet
  facet normal 0.838699 0 -0.544595
    outer loop
      vertex 10.6247 18.25 9.99923
      vertex 10.5278 19.45 9.85
      vertex 10.6247 19.45 9.99923
    endloop
  endfacet
  facet normal 0.838699 0 -0.544595
    outer loop
      vertex 10.5278 19.45 9.85
      vertex 10.6247 18.25 9.99923
      vertex 10.5278 18.25 9.85
    endloop
  endfacet
  facet normal -0.774235 -0.631599 0.0405199
    outer loop
      vertex 15.1679 16.45 8.99065
      vertex 13.7 18.25 9
      vertex 13.6907 18.25 8.8223
    endloop
  endfacet
  facet normal -0.774205 -0.631579 0.0414013
    outer loop
      vertex 13.7 18.25 9
      vertex 15.1679 16.45 8.99065
      vertex 15.1684 16.45 9
    endloop
  endfacet
  facet normal -0.774234 -0.631608 0.0404149
    outer loop
      vertex 15.1511 16.45 8.66881
      vertex 15.1679 16.45 8.99065
      vertex 13.6907 18.25 8.8223
    endloop
  endfacet
  facet normal 0.774227 -0.631606 0.0405745
    outer loop
      vertex 8.83207 16.45 8.99065
      vertex 10.3 18.25 9
      vertex 8.83158 16.45 9
    endloop
  endfacet
  facet normal 0.774229 -0.631607 0.0405196
    outer loop
      vertex 10.3 18.25 9
      vertex 8.83207 16.45 8.99065
      vertex 10.3093 18.25 8.8223
    endloop
  endfacet
  facet normal -0.766683 -0.631452 0.116039
    outer loop
      vertex 15.1006 16.45 8.3505
      vertex 13.6629 18.25 8.64655
      vertex 15.0992 16.45 8.34125
    endloop
  endfacet
  facet normal -0.765792 -0.631578 0.121132
    outer loop
      vertex 13.6629 18.25 8.64655
      vertex 15.1006 16.45 8.3505
      vertex 13.6907 18.25 8.8223
    endloop
  endfacet
  facet normal -0.548271 -0.631619 0.54814
    outer loop
      vertex 13.1375 18.25 7.73665
      vertex 14.3546 16.45 6.87991
      vertex 13.2633 18.25 7.86248
    endloop
  endfacet
  facet normal -0.548221 -0.631612 0.548197
    outer loop
      vertex 14.3546 16.45 6.87991
      vertex 13.1375 18.25 7.73665
      vertex 14.1201 16.45 6.6454
    endloop
  endfacet
  facet normal 0.0411815 -0.631585 -0.774212
    outer loop
      vertex 11.9906 16.45 12.1679
      vertex 12 18.25 10.7
      vertex 12 16.45 12.1684
    endloop
  endfacet
  facet normal 0.0405199 -0.6316 -0.774235
    outer loop
      vertex 12 18.25 10.7
      vertex 11.9906 16.45 12.1679
      vertex 11.8223 18.25 10.6907
    endloop
  endfacet
  facet normal 0.040359 -0.631611 0.774234
    outer loop
      vertex 12 18.25 7.3
      vertex 11.9906 16.45 5.83207
      vertex 12 16.45 5.83158
    endloop
  endfacet
  facet normal 0.040563 -0.631607 0.774227
    outer loop
      vertex 11.9906 16.45 5.83207
      vertex 12 18.25 7.3
      vertex 11.8223 18.25 7.30931
    endloop
  endfacet
  facet normal 0.77423 -0.631602 -0.0405831
    outer loop
      vertex 10.3093 18.25 9.1777
      vertex 8.84894 16.45 9.33119
      vertex 8.83207 16.45 9.00935
    endloop
  endfacet
  facet normal 0.765684 -0.631603 -0.121682
    outer loop
      vertex 8.89935 16.45 9.6495
      vertex 10.3371 18.25 9.35345
      vertex 8.90082 16.45 9.65875
    endloop
  endfacet
  facet normal 0.765781 -0.63159 -0.121131
    outer loop
      vertex 10.3371 18.25 9.35345
      vertex 8.89935 16.45 9.6495
      vertex 10.3093 18.25 9.1777
    endloop
  endfacet
  facet normal -0.487825 -0.631619 -0.602564
    outer loop
      vertex 14.1201 16.45 11.3546
      vertex 13.8696 16.45 11.5574
      vertex 13.1375 18.25 10.2633
    endloop
  endfacet
  facet normal -0.690797 -0.631614 0.351942
    outer loop
      vertex 14.7482 16.45 7.42413
      vertex 14.8945 16.45 7.71129
      vertex 13.553 18.25 8.30855
    endloop
  endfacet
  facet normal 0.548271 -0.631619 0.54814
    outer loop
      vertex 9.6454 16.45 6.87991
      vertex 10.8625 18.25 7.73665
      vertex 10.7367 18.25 7.86248
    endloop
  endfacet
  facet normal 0.54821 -0.631611 0.54821
    outer loop
      vertex 10.8625 18.25 7.73665
      vertex 9.6454 16.45 6.87991
      vertex 9.87991 16.45 6.6454
    endloop
  endfacet
  facet normal 0.27773 -0.631612 0.723832
    outer loop
      vertex 11.3085 18.25 7.44697
      vertex 11.0209 16.45 5.98665
      vertex 11.4747 18.25 7.3832
    endloop
  endfacet
  facet normal 0.279356 -0.631467 0.723333
    outer loop
      vertex 11.0209 16.45 5.98665
      vertex 11.3085 18.25 7.44697
      vertex 11.0122 16.45 5.99001
    endloop
  endfacet
  facet normal -0.650241 -0.63161 0.422203
    outer loop
      vertex 14.5633 16.45 7.13765
      vertex 14.7388 16.45 7.40794
      vertex 13.3753 18.25 8.00077
    endloop
  endfacet
  facet normal -0.602479 -0.631609 0.487943
    outer loop
      vertex 14.5574 16.45 7.13037
      vertex 13.3753 18.25 8.00077
      vertex 13.2633 18.25 7.86248
    endloop
  endfacet
  facet normal -0.602322 -0.631603 0.488145
    outer loop
      vertex 13.3753 18.25 8.00077
      vertex 14.5574 16.45 7.13037
      vertex 14.5633 16.45 7.13765
    endloop
  endfacet
  facet normal 0.602552 -0.63162 -0.487839
    outer loop
      vertex 10.7367 18.25 10.1375
      vertex 9.6454 16.45 11.1201
      vertex 9.44259 16.45 10.8696
    endloop
  endfacet
  facet normal 0.76575 -0.631602 -0.12127
    outer loop
      vertex 10.3093 18.25 9.1777
      vertex 8.89935 16.45 9.6495
      vertex 8.84894 16.45 9.33119
    endloop
  endfacet
  facet normal 0.650219 -0.63162 -0.422222
    outer loop
      vertex 10.6247 18.25 9.99923
      vertex 9.43669 16.45 10.8624
      vertex 9.26117 16.45 10.5921
    endloop
  endfacet
  facet normal -0.0404199 -0.631608 -0.774233
    outer loop
      vertex 12.1777 18.25 10.6907
      vertex 12.3312 16.45 12.1511
      vertex 12.0094 16.45 12.1679
    endloop
  endfacet
  facet normal -0.121484 -0.631607 -0.765711
    outer loop
      vertex 12.6495 16.45 12.1006
      vertex 12.3312 16.45 12.1511
      vertex 12.1777 18.25 10.6907
    endloop
  endfacet
  facet normal -0.11543 -0.631438 -0.766787
    outer loop
      vertex 12.6495 16.45 12.1006
      vertex 12.3534 18.25 10.6629
      vertex 12.6588 16.45 12.0992
    endloop
  endfacet
  facet normal -0.121166 -0.63158 -0.765784
    outer loop
      vertex 12.3534 18.25 10.6629
      vertex 12.6495 16.45 12.1006
      vertex 12.1777 18.25 10.6907
    endloop
  endfacet
  facet normal -0.49145 -0.631502 -0.599735
    outer loop
      vertex 12.9992 18.25 10.3753
      vertex 13.8696 16.45 11.5574
      vertex 13.8624 16.45 11.5633
    endloop
  endfacet
  facet normal -0.487922 -0.63161 -0.602496
    outer loop
      vertex 13.8696 16.45 11.5574
      vertex 12.9992 18.25 10.3753
      vertex 13.1375 18.25 10.2633
    endloop
  endfacet
  facet normal -0.723781 -0.631613 -0.277859
    outer loop
      vertex 15.01 16.45 9.98784
      vertex 14.8945 16.45 10.2887
      vertex 13.553 18.25 9.69145
    endloop
  endfacet
  facet normal -0.748886 -0.631599 -0.200633
    outer loop
      vertex 15.0992 16.45 9.65875
      vertex 15.0158 16.45 9.97005
      vertex 13.6629 18.25 9.35345
    endloop
  endfacet
  facet normal -0.765712 -0.631607 -0.121481
    outer loop
      vertex 15.1511 16.45 9.33119
      vertex 15.1006 16.45 9.6495
      vertex 13.6907 18.25 9.1777
    endloop
  endfacet
  facet normal -0.748886 -0.631599 0.200633
    outer loop
      vertex 15.0158 16.45 8.02995
      vertex 15.0992 16.45 8.34125
      vertex 13.6629 18.25 8.64655
    endloop
  endfacet
  facet normal -0.765712 -0.631607 0.121481
    outer loop
      vertex 15.1006 16.45 8.3505
      vertex 15.1511 16.45 8.66881
      vertex 13.6907 18.25 8.8223
    endloop
  endfacet
  facet normal 0.121332 -0.63161 0.765733
    outer loop
      vertex 11.6466 18.25 7.33715
      vertex 11.3505 16.45 5.89935
      vertex 11.8223 18.25 7.30931
    endloop
  endfacet
  facet normal 0.121043 -0.631603 0.765784
    outer loop
      vertex 11.3505 16.45 5.89935
      vertex 11.6466 18.25 7.33715
      vertex 11.3412 16.45 5.90082
    endloop
  endfacet
  facet normal -0.725042 -0.631958 0.273757
    outer loop
      vertex 15.0133 16.45 8.0209
      vertex 13.553 18.25 8.30855
      vertex 15.01 16.45 8.01216
    endloop
  endfacet
  facet normal -0.723759 -0.631591 0.277967
    outer loop
      vertex 13.553 18.25 8.30855
      vertex 15.0133 16.45 8.0209
      vertex 13.6168 18.25 8.47467
    endloop
  endfacet
  facet normal -0.723784 -0.631614 0.277851
    outer loop
      vertex 14.8945 16.45 7.71129
      vertex 15.01 16.45 8.01216
      vertex 13.553 18.25 8.30855
    endloop
  endfacet
  facet normal -0.040588 -0.631605 0.774227
    outer loop
      vertex 12.3312 16.45 5.84894
      vertex 12.1777 18.25 7.30931
      vertex 12.0094 16.45 5.83207
    endloop
  endfacet
  facet normal -0.420414 -0.631786 0.651229
    outer loop
      vertex 12.9992 18.25 7.62467
      vertex 13.5842 16.45 6.25607
      vertex 13.5921 16.45 6.26117
    endloop
  endfacet
  facet normal -0.422311 -0.631603 0.650178
    outer loop
      vertex 13.5842 16.45 6.25607
      vertex 12.9992 18.25 7.62467
      vertex 12.85 18.25 7.52776
    endloop
  endfacet
  facet normal 0.351905 -0.631608 -0.690821
    outer loop
      vertex 11.3085 18.25 10.553
      vertex 10.7113 16.45 11.8945
      vertex 10.4241 16.45 11.7482
    endloop
  endfacet
  facet normal 0.748982 -0.631596 -0.20028
    outer loop
      vertex 8.98423 16.45 9.97005
      vertex 10.3832 18.25 9.52533
      vertex 8.98665 16.45 9.9791
    endloop
  endfacet
  facet normal 0.748821 -0.631609 -0.200842
    outer loop
      vertex 10.3832 18.25 9.52533
      vertex 8.98423 16.45 9.97005
      vertex 10.3371 18.25 9.35345
    endloop
  endfacet
  facet normal 0.690798 -0.631613 -0.351942
    outer loop
      vertex 10.447 18.25 9.69145
      vertex 9.25182 16.45 10.5759
      vertex 9.1055 16.45 10.2887
    endloop
  endfacet
  facet normal -0.422187 -0.631621 -0.650241
    outer loop
      vertex 13.8624 16.45 11.5633
      vertex 13.5921 16.45 11.7388
      vertex 12.9992 18.25 10.3753
    endloop
  endfacet
  facet normal -0.205359 -0.631714 -0.747506
    outer loop
      vertex 12.97 16.45 12.0158
      vertex 12.5253 18.25 10.6168
      vertex 12.9791 16.45 12.0133
    endloop
  endfacet
  facet normal -0.200819 -0.631615 -0.748822
    outer loop
      vertex 12.5253 18.25 10.6168
      vertex 12.97 16.45 12.0158
      vertex 12.3534 18.25 10.6629
    endloop
  endfacet
  facet normal -0.548203 -0.631622 -0.548203
    outer loop
      vertex 13.1375 18.25 10.2633
      vertex 14.3546 16.45 11.1201
      vertex 14.1201 16.45 11.3546
    endloop
  endfacet
  facet normal -0.548203 -0.631622 -0.548203
    outer loop
      vertex 14.3546 16.45 11.1201
      vertex 13.1375 18.25 10.2633
      vertex 13.2633 18.25 10.1375
    endloop
  endfacet
  facet normal -0.602564 -0.631619 -0.487825
    outer loop
      vertex 14.5574 16.45 10.8696
      vertex 14.3546 16.45 11.1201
      vertex 13.2633 18.25 10.1375
    endloop
  endfacet
  facet normal -0.690817 -0.631614 -0.351903
    outer loop
      vertex 14.8945 16.45 10.2887
      vertex 14.7482 16.45 10.5759
      vertex 13.553 18.25 9.69145
    endloop
  endfacet
  facet normal -0.765792 -0.631578 -0.121132
    outer loop
      vertex 15.1006 16.45 9.6495
      vertex 13.6629 18.25 9.35345
      vertex 13.6907 18.25 9.1777
    endloop
  endfacet
  facet normal -0.766683 -0.631452 -0.116039
    outer loop
      vertex 13.6629 18.25 9.35345
      vertex 15.1006 16.45 9.6495
      vertex 15.0992 16.45 9.65875
    endloop
  endfacet
  facet normal -0.723759 -0.631591 -0.277967
    outer loop
      vertex 15.0133 16.45 9.9791
      vertex 13.553 18.25 9.69145
      vertex 13.6168 18.25 9.52533
    endloop
  endfacet
  facet normal -0.725042 -0.631958 -0.273757
    outer loop
      vertex 13.553 18.25 9.69145
      vertex 15.0133 16.45 9.9791
      vertex 15.01 16.45 9.98784
    endloop
  endfacet
  facet normal -0.774234 -0.631608 -0.0404149
    outer loop
      vertex 15.1679 16.45 9.00935
      vertex 15.1511 16.45 9.33119
      vertex 13.6907 18.25 9.1777
    endloop
  endfacet
  facet normal -0.774205 -0.631579 -0.0414013
    outer loop
      vertex 15.1679 16.45 9.00935
      vertex 13.7 18.25 9
      vertex 15.1684 16.45 9
    endloop
  endfacet
  facet normal -0.774235 -0.631599 -0.0405199
    outer loop
      vertex 13.7 18.25 9
      vertex 15.1679 16.45 9.00935
      vertex 13.6907 18.25 9.1777
    endloop
  endfacet
  facet normal 0.748884 -0.631593 0.200657
    outer loop
      vertex 8.98423 16.45 8.02995
      vertex 10.3371 18.25 8.64655
      vertex 8.90082 16.45 8.34125
    endloop
  endfacet
  facet normal 0.77423 -0.631602 0.0405831
    outer loop
      vertex 8.84894 16.45 8.66881
      vertex 10.3093 18.25 8.8223
      vertex 8.83207 16.45 8.99065
    endloop
  endfacet
  facet normal 0.60232 -0.631605 0.488144
    outer loop
      vertex 9.44259 16.45 7.13037
      vertex 10.6247 18.25 8.00077
      vertex 9.43669 16.45 7.13765
    endloop
  endfacet
  facet normal 0.602478 -0.631611 0.487942
    outer loop
      vertex 10.6247 18.25 8.00077
      vertex 9.44259 16.45 7.13037
      vertex 10.7367 18.25 7.86248
    endloop
  endfacet
  facet normal 0.602516 -0.631617 0.487888
    outer loop
      vertex 9.6454 16.45 6.87991
      vertex 10.7367 18.25 7.86248
      vertex 9.44259 16.45 7.13037
    endloop
  endfacet
  facet normal 0.351946 -0.6316 0.690808
    outer loop
      vertex 10.7113 16.45 6.1055
      vertex 11.3085 18.25 7.44697
      vertex 10.4241 16.45 6.25182
    endloop
  endfacet
  facet normal 0.200713 -0.631611 0.748854
    outer loop
      vertex 11.3412 16.45 5.90082
      vertex 11.6466 18.25 7.33715
      vertex 11.03 16.45 5.98423
    endloop
  endfacet
  facet normal 0.200618 -0.631602 0.748886
    outer loop
      vertex 11.4747 18.25 7.3832
      vertex 11.03 16.45 5.98423
      vertex 11.6466 18.25 7.33715
    endloop
  endfacet
  facet normal 0.199258 -0.63157 0.749277
    outer loop
      vertex 11.03 16.45 5.98423
      vertex 11.4747 18.25 7.3832
      vertex 11.0209 16.45 5.98665
    endloop
  endfacet
  facet normal 0.121273 -0.631605 0.765747
    outer loop
      vertex 11.6688 16.45 5.84894
      vertex 11.8223 18.25 7.30931
      vertex 11.3505 16.45 5.89935
    endloop
  endfacet
  facet normal 0.040588 -0.631605 0.774227
    outer loop
      vertex 11.9906 16.45 5.83207
      vertex 11.8223 18.25 7.30931
      vertex 11.6688 16.45 5.84894
    endloop
  endfacet
  facet normal -0.747198 -0.631736 0.206408
    outer loop
      vertex 15.0158 16.45 8.02995
      vertex 13.6168 18.25 8.47467
      vertex 15.0133 16.45 8.0209
    endloop
  endfacet
  facet normal -0.748815 -0.631617 0.20084
    outer loop
      vertex 13.6168 18.25 8.47467
      vertex 15.0158 16.45 8.02995
      vertex 13.6629 18.25 8.64655
    endloop
  endfacet
  facet normal -0.602528 -0.631616 0.487873
    outer loop
      vertex 14.3546 16.45 6.87991
      vertex 14.5574 16.45 7.13037
      vertex 13.2633 18.25 7.86248
    endloop
  endfacet
  facet normal -0.689023 -0.6317 0.355251
    outer loop
      vertex 14.7482 16.45 7.42413
      vertex 13.4722 18.25 8.15
      vertex 14.7439 16.45 7.41579
    endloop
  endfacet
  facet normal -0.690751 -0.631621 0.352019
    outer loop
      vertex 13.4722 18.25 8.15
      vertex 14.7482 16.45 7.42413
      vertex 13.553 18.25 8.30855
    endloop
  endfacet
  facet normal -0.65014 -0.631593 0.422384
    outer loop
      vertex 14.7439 16.45 7.41579
      vertex 13.3753 18.25 8.00077
      vertex 14.7388 16.45 7.40794
    endloop
  endfacet
  facet normal -0.650232 -0.631609 0.422217
    outer loop
      vertex 13.3753 18.25 8.00077
      vertex 14.7439 16.45 7.41579
      vertex 13.4722 18.25 8.15
    endloop
  endfacet
  facet normal -0.040563 -0.631607 0.774227
    outer loop
      vertex 12 18.25 7.3
      vertex 12.0094 16.45 5.83207
      vertex 12.1777 18.25 7.30931
    endloop
  endfacet
  facet normal -0.040359 -0.631611 0.774234
    outer loop
      vertex 12.0094 16.45 5.83207
      vertex 12 18.25 7.3
      vertex 12 16.45 5.83158
    endloop
  endfacet
  facet normal -0.121043 -0.631603 0.765784
    outer loop
      vertex 12.3534 18.25 7.33715
      vertex 12.6495 16.45 5.89935
      vertex 12.6588 16.45 5.90082
    endloop
  endfacet
  facet normal -0.121332 -0.63161 0.765733
    outer loop
      vertex 12.6495 16.45 5.89935
      vertex 12.3534 18.25 7.33715
      vertex 12.1777 18.25 7.30931
    endloop
  endfacet
  facet normal -0.487844 -0.63161 0.602559
    outer loop
      vertex 13.8696 16.45 6.44259
      vertex 14.1201 16.45 6.6454
      vertex 13.1375 18.25 7.73665
    endloop
  endfacet
  facet normal 0.277829 -0.631608 -0.723798
    outer loop
      vertex 11.3085 18.25 10.553
      vertex 11.0122 16.45 12.01
      vertex 10.7113 16.45 11.8945
    endloop
  endfacet
  facet normal 0.422279 -0.631606 -0.650196
    outer loop
      vertex 10.4158 16.45 11.7439
      vertex 11.0008 18.25 10.3753
      vertex 11.15 18.25 10.4722
    endloop
  endfacet
  facet normal 0.420414 -0.631786 -0.651229
    outer loop
      vertex 11.0008 18.25 10.3753
      vertex 10.4158 16.45 11.7439
      vertex 10.4079 16.45 11.7388
    endloop
  endfacet
  facet normal 0.774229 -0.631607 -0.0405196
    outer loop
      vertex 8.83207 16.45 9.00935
      vertex 10.3 18.25 9
      vertex 10.3093 18.25 9.1777
    endloop
  endfacet
  facet normal 0.774227 -0.631606 -0.0405745
    outer loop
      vertex 10.3 18.25 9
      vertex 8.83207 16.45 9.00935
      vertex 8.83158 16.45 9
    endloop
  endfacet
  facet normal 0.748884 -0.631593 -0.200657
    outer loop
      vertex 10.3371 18.25 9.35345
      vertex 8.98423 16.45 9.97005
      vertex 8.90082 16.45 9.65875
    endloop
  endfacet
  facet normal 0.723675 -0.631581 -0.278209
    outer loop
      vertex 8.98665 16.45 9.9791
      vertex 10.447 18.25 9.69145
      vertex 8.99001 16.45 9.98784
    endloop
  endfacet
  facet normal 0.72375 -0.631603 -0.277963
    outer loop
      vertex 10.447 18.25 9.69145
      vertex 8.98665 16.45 9.9791
      vertex 10.3832 18.25 9.52533
    endloop
  endfacet
  facet normal 0.599737 -0.6315 -0.491451
    outer loop
      vertex 10.6247 18.25 9.99923
      vertex 9.44259 16.45 10.8696
      vertex 9.43669 16.45 10.8624
    endloop
  endfacet
  facet normal 0.602447 -0.631605 -0.487988
    outer loop
      vertex 9.44259 16.45 10.8696
      vertex 10.6247 18.25 9.99923
      vertex 10.7367 18.25 10.1375
    endloop
  endfacet
  facet normal 0.72379 -0.631613 -0.277838
    outer loop
      vertex 10.447 18.25 9.69145
      vertex 9.1055 16.45 10.2887
      vertex 8.99001 16.45 9.98784
    endloop
  endfacet
  facet normal -0.351905 -0.631608 -0.690821
    outer loop
      vertex 13.5759 16.45 11.7482
      vertex 13.2887 16.45 11.8945
      vertex 12.6915 18.25 10.553
    endloop
  endfacet
  facet normal -0.0411815 -0.631585 -0.774212
    outer loop
      vertex 12 18.25 10.7
      vertex 12.0094 16.45 12.1679
      vertex 12 16.45 12.1684
    endloop
  endfacet
  facet normal -0.0405199 -0.6316 -0.774235
    outer loop
      vertex 12.0094 16.45 12.1679
      vertex 12 18.25 10.7
      vertex 12.1777 18.25 10.6907
    endloop
  endfacet
  facet normal -0.200692 -0.631604 -0.748865
    outer loop
      vertex 12.97 16.45 12.0158
      vertex 12.6588 16.45 12.0992
      vertex 12.3534 18.25 10.6629
    endloop
  endfacet
  facet normal -0.274887 -0.631856 -0.724703
    outer loop
      vertex 12.9791 16.45 12.0133
      vertex 12.6915 18.25 10.553
      vertex 12.9878 16.45 12.01
    endloop
  endfacet
  facet normal -0.277848 -0.631597 -0.7238
    outer loop
      vertex 12.6915 18.25 10.553
      vertex 12.9791 16.45 12.0133
      vertex 12.5253 18.25 10.6168
    endloop
  endfacet
  facet normal -0.690748 -0.631625 -0.352018
    outer loop
      vertex 14.7482 16.45 10.5759
      vertex 13.4722 18.25 9.85
      vertex 13.553 18.25 9.69145
    endloop
  endfacet
  facet normal -0.6883 -0.631733 -0.356589
    outer loop
      vertex 13.4722 18.25 9.85
      vertex 14.7482 16.45 10.5759
      vertex 14.7439 16.45 10.5842
    endloop
  endfacet
  facet normal -0.602449 -0.631603 -0.487989
    outer loop
      vertex 13.3753 18.25 9.99923
      vertex 14.5574 16.45 10.8696
      vertex 13.2633 18.25 10.1375
    endloop
  endfacet
  facet normal -0.599738 -0.631498 -0.491452
    outer loop
      vertex 14.5574 16.45 10.8696
      vertex 13.3753 18.25 9.99923
      vertex 14.5633 16.45 10.8624
    endloop
  endfacet
  facet normal -0.748815 -0.631617 -0.20084
    outer loop
      vertex 15.0158 16.45 9.97005
      vertex 13.6168 18.25 9.52533
      vertex 13.6629 18.25 9.35345
    endloop
  endfacet
  facet normal -0.747198 -0.631736 -0.206408
    outer loop
      vertex 13.6168 18.25 9.52533
      vertex 15.0158 16.45 9.97005
      vertex 15.0133 16.45 9.9791
    endloop
  endfacet
  facet normal 0.690778 -0.631613 0.35198
    outer loop
      vertex 9.25182 16.45 7.42413
      vertex 10.447 18.25 8.30855
      vertex 9.1055 16.45 7.71129
    endloop
  endfacet
  facet normal 0.72375 -0.631603 0.277963
    outer loop
      vertex 8.98665 16.45 8.0209
      vertex 10.447 18.25 8.30855
      vertex 10.3832 18.25 8.47467
    endloop
  endfacet
  facet normal 0.723675 -0.631581 0.278209
    outer loop
      vertex 10.447 18.25 8.30855
      vertex 8.98665 16.45 8.0209
      vertex 8.99001 16.45 8.01216
    endloop
  endfacet
  facet normal 0.76575 -0.631602 0.12127
    outer loop
      vertex 8.89935 16.45 8.3505
      vertex 10.3093 18.25 8.8223
      vertex 8.84894 16.45 8.66881
    endloop
  endfacet
  facet normal 0.487856 -0.631609 0.60255
    outer loop
      vertex 10.1304 16.45 6.44259
      vertex 10.8625 18.25 7.73665
      vertex 9.87991 16.45 6.6454
    endloop
  endfacet
  facet normal 0.27781 -0.6316 0.723812
    outer loop
      vertex 11.0122 16.45 5.99001
      vertex 11.3085 18.25 7.44697
      vertex 10.7113 16.45 6.1055
    endloop
  endfacet
  facet normal 0.422311 -0.631603 0.650178
    outer loop
      vertex 11.0008 18.25 7.62467
      vertex 10.4158 16.45 6.25607
      vertex 11.15 18.25 7.52776
    endloop
  endfacet
  facet normal 0.420414 -0.631786 0.651229
    outer loop
      vertex 10.4158 16.45 6.25607
      vertex 11.0008 18.25 7.62467
      vertex 10.4079 16.45 6.26117
    endloop
  endfacet
  facet normal 0.352076 -0.631612 0.69073
    outer loop
      vertex 11.15 18.25 7.52776
      vertex 10.4241 16.45 6.25182
      vertex 11.3085 18.25 7.44697
    endloop
  endfacet
  facet normal 0.353341 -0.631644 0.690055
    outer loop
      vertex 10.4241 16.45 6.25182
      vertex 11.15 18.25 7.52776
      vertex 10.4158 16.45 6.25607
    endloop
  endfacet
  facet normal -0.121273 -0.631605 0.765747
    outer loop
      vertex 12.3312 16.45 5.84894
      vertex 12.6495 16.45 5.89935
      vertex 12.1777 18.25 7.30931
    endloop
  endfacet
  facet normal -0.27781 -0.6316 0.723812
    outer loop
      vertex 12.9878 16.45 5.99001
      vertex 13.2887 16.45 6.1055
      vertex 12.6915 18.25 7.44697
    endloop
  endfacet
  facet normal -0.351946 -0.6316 0.690808
    outer loop
      vertex 13.2887 16.45 6.1055
      vertex 13.5759 16.45 6.25182
      vertex 12.6915 18.25 7.44697
    endloop
  endfacet
  facet normal -0.200713 -0.631611 0.748854
    outer loop
      vertex 12.6588 16.45 5.90082
      vertex 12.97 16.45 5.98423
      vertex 12.3534 18.25 7.33715
    endloop
  endfacet
  facet normal -0.48787 -0.631607 0.60254
    outer loop
      vertex 12.9992 18.25 7.62467
      vertex 13.8696 16.45 6.44259
      vertex 13.1375 18.25 7.73665
    endloop
  endfacet
  facet normal -0.491452 -0.631498 0.599738
    outer loop
      vertex 13.8696 16.45 6.44259
      vertex 12.9992 18.25 7.62467
      vertex 13.8624 16.45 6.43669
    endloop
  endfacet
  facet normal -0.422223 -0.631618 0.650221
    outer loop
      vertex 13.5921 16.45 6.26117
      vertex 13.8624 16.45 6.43669
      vertex 12.9992 18.25 7.62467
    endloop
  endfacet
  facet normal 0.121484 -0.631607 -0.765711
    outer loop
      vertex 11.8223 18.25 10.6907
      vertex 11.6688 16.45 12.1511
      vertex 11.3505 16.45 12.1006
    endloop
  endfacet
  facet normal 0.0404199 -0.631608 -0.774233
    outer loop
      vertex 11.8223 18.25 10.6907
      vertex 11.9906 16.45 12.1679
      vertex 11.6688 16.45 12.1511
    endloop
  endfacet
  facet normal 0.548193 -0.63162 -0.548216
    outer loop
      vertex 9.6454 16.45 11.1201
      vertex 10.8625 18.25 10.2633
      vertex 9.87991 16.45 11.3546
    endloop
  endfacet
  facet normal 0.548203 -0.631622 -0.548203
    outer loop
      vertex 10.8625 18.25 10.2633
      vertex 9.6454 16.45 11.1201
      vertex 10.7367 18.25 10.1375
    endloop
  endfacet
  facet normal 0.352105 -0.631627 -0.690702
    outer loop
      vertex 10.4241 16.45 11.7482
      vertex 11.15 18.25 10.4722
      vertex 11.3085 18.25 10.553
    endloop
  endfacet
  facet normal 0.356589 -0.631733 -0.6883
    outer loop
      vertex 11.15 18.25 10.4722
      vertex 10.4241 16.45 11.7482
      vertex 10.4158 16.45 11.7439
    endloop
  endfacet
  facet normal 0.200819 -0.631615 -0.748822
    outer loop
      vertex 11.03 16.45 12.0158
      vertex 11.4747 18.25 10.6168
      vertex 11.6466 18.25 10.6629
    endloop
  endfacet
  facet normal 0.205359 -0.631714 -0.747506
    outer loop
      vertex 11.4747 18.25 10.6168
      vertex 11.03 16.45 12.0158
      vertex 11.0209 16.45 12.0133
    endloop
  endfacet
  facet normal 0.277848 -0.631597 -0.7238
    outer loop
      vertex 11.0209 16.45 12.0133
      vertex 11.3085 18.25 10.553
      vertex 11.4747 18.25 10.6168
    endloop
  endfacet
  facet normal 0.274887 -0.631856 -0.724703
    outer loop
      vertex 11.3085 18.25 10.553
      vertex 11.0209 16.45 12.0133
      vertex 11.0122 16.45 12.01
    endloop
  endfacet
  facet normal -0.356589 -0.631733 -0.6883
    outer loop
      vertex 13.5759 16.45 11.7482
      vertex 12.85 18.25 10.4722
      vertex 13.5842 16.45 11.7439
    endloop
  endfacet
  facet normal -0.352105 -0.631627 -0.690702
    outer loop
      vertex 12.85 18.25 10.4722
      vertex 13.5759 16.45 11.7482
      vertex 12.6915 18.25 10.553
    endloop
  endfacet
  facet normal -0.420414 -0.631786 -0.651229
    outer loop
      vertex 13.5842 16.45 11.7439
      vertex 12.9992 18.25 10.3753
      vertex 13.5921 16.45 11.7388
    endloop
  endfacet
  facet normal -0.422279 -0.631606 -0.650196
    outer loop
      vertex 12.9992 18.25 10.3753
      vertex 13.5842 16.45 11.7439
      vertex 12.85 18.25 10.4722
    endloop
  endfacet
  facet normal -0.277829 -0.631608 -0.723798
    outer loop
      vertex 13.2887 16.45 11.8945
      vertex 12.9878 16.45 12.01
      vertex 12.6915 18.25 10.553
    endloop
  endfacet
  facet normal -0.650243 -0.631617 -0.422189
    outer loop
      vertex 14.7388 16.45 10.5921
      vertex 14.5633 16.45 10.8624
      vertex 13.3753 18.25 9.99923
    endloop
  endfacet
  facet normal -0.650233 -0.631608 -0.422218
    outer loop
      vertex 14.7439 16.45 10.5842
      vertex 13.3753 18.25 9.99923
      vertex 13.4722 18.25 9.85
    endloop
  endfacet
  facet normal -0.651232 -0.631781 -0.420416
    outer loop
      vertex 13.3753 18.25 9.99923
      vertex 14.7439 16.45 10.5842
      vertex 14.7388 16.45 10.5921
    endloop
  endfacet
  facet normal 0.650217 -0.631613 0.422236
    outer loop
      vertex 9.43669 16.45 7.13765
      vertex 10.6247 18.25 8.00077
      vertex 9.26117 16.45 7.40794
    endloop
  endfacet
  facet normal 0.723792 -0.631613 0.27783
    outer loop
      vertex 9.1055 16.45 7.71129
      vertex 10.447 18.25 8.30855
      vertex 8.99001 16.45 8.01216
    endloop
  endfacet
  facet normal 0.765781 -0.63159 0.121131
    outer loop
      vertex 8.89935 16.45 8.3505
      vertex 10.3371 18.25 8.64655
      vertex 10.3093 18.25 8.8223
    endloop
  endfacet
  facet normal 0.765684 -0.631603 0.121682
    outer loop
      vertex 10.3371 18.25 8.64655
      vertex 8.89935 16.45 8.3505
      vertex 8.90082 16.45 8.34125
    endloop
  endfacet
  facet normal 0.422223 -0.631618 0.650221
    outer loop
      vertex 10.4079 16.45 6.26117
      vertex 11.0008 18.25 7.62467
      vertex 10.1376 16.45 6.43669
    endloop
  endfacet
  facet normal 0.48787 -0.631607 0.60254
    outer loop
      vertex 10.1304 16.45 6.44259
      vertex 11.0008 18.25 7.62467
      vertex 10.8625 18.25 7.73665
    endloop
  endfacet
  facet normal 0.491452 -0.631498 0.599738
    outer loop
      vertex 11.0008 18.25 7.62467
      vertex 10.1304 16.45 6.44259
      vertex 10.1376 16.45 6.43669
    endloop
  endfacet
  facet normal -0.279356 -0.631467 0.723333
    outer loop
      vertex 12.6915 18.25 7.44697
      vertex 12.9791 16.45 5.98665
      vertex 12.9878 16.45 5.99001
    endloop
  endfacet
  facet normal -0.27773 -0.631612 0.723832
    outer loop
      vertex 12.9791 16.45 5.98665
      vertex 12.6915 18.25 7.44697
      vertex 12.5253 18.25 7.3832
    endloop
  endfacet
  facet normal -0.199258 -0.63157 0.749277
    outer loop
      vertex 12.5253 18.25 7.3832
      vertex 12.97 16.45 5.98423
      vertex 12.9791 16.45 5.98665
    endloop
  endfacet
  facet normal -0.200618 -0.631602 0.748886
    outer loop
      vertex 12.97 16.45 5.98423
      vertex 12.5253 18.25 7.3832
      vertex 12.3534 18.25 7.33715
    endloop
  endfacet
  facet normal -0.353341 -0.631644 0.690055
    outer loop
      vertex 12.85 18.25 7.52776
      vertex 13.5759 16.45 6.25182
      vertex 13.5842 16.45 6.25607
    endloop
  endfacet
  facet normal -0.352076 -0.631612 0.69073
    outer loop
      vertex 13.5759 16.45 6.25182
      vertex 12.85 18.25 7.52776
      vertex 12.6915 18.25 7.44697
    endloop
  endfacet
  facet normal 0.200692 -0.631604 -0.748865
    outer loop
      vertex 11.6466 18.25 10.6629
      vertex 11.3412 16.45 12.0992
      vertex 11.03 16.45 12.0158
    endloop
  endfacet
  facet normal 0.121166 -0.63158 -0.765784
    outer loop
      vertex 11.3505 16.45 12.1006
      vertex 11.6466 18.25 10.6629
      vertex 11.8223 18.25 10.6907
    endloop
  endfacet
  facet normal 0.11543 -0.631438 -0.766787
    outer loop
      vertex 11.6466 18.25 10.6629
      vertex 11.3505 16.45 12.1006
      vertex 11.3412 16.45 12.0992
    endloop
  endfacet
  facet normal 0.487837 -0.631618 -0.602556
    outer loop
      vertex 10.8625 18.25 10.2633
      vertex 10.1304 16.45 11.5574
      vertex 9.87991 16.45 11.3546
    endloop
  endfacet
  facet normal 0.49145 -0.631502 -0.599735
    outer loop
      vertex 10.1304 16.45 11.5574
      vertex 11.0008 18.25 10.3753
      vertex 10.1376 16.45 11.5633
    endloop
  endfacet
  facet normal 0.487922 -0.63161 -0.602496
    outer loop
      vertex 11.0008 18.25 10.3753
      vertex 10.1304 16.45 11.5574
      vertex 10.8625 18.25 10.2633
    endloop
  endfacet
  facet normal 0.422187 -0.631621 -0.650241
    outer loop
      vertex 11.0008 18.25 10.3753
      vertex 10.4079 16.45 11.7388
      vertex 10.1376 16.45 11.5633
    endloop
  endfacet
  facet normal 0.690048 -0.631653 -0.353338
    outer loop
      vertex 9.25182 16.45 10.5759
      vertex 10.5278 18.25 9.85
      vertex 9.25607 16.45 10.5842
    endloop
  endfacet
  facet normal 0.690752 -0.63162 -0.35202
    outer loop
      vertex 10.5278 18.25 9.85
      vertex 9.25182 16.45 10.5759
      vertex 10.447 18.25 9.69145
    endloop
  endfacet
  facet normal 0.651227 -0.631788 -0.420413
    outer loop
      vertex 9.25607 16.45 10.5842
      vertex 10.6247 18.25 9.99923
      vertex 9.26117 16.45 10.5921
    endloop
  endfacet
  facet normal 0.650229 -0.631614 -0.422215
    outer loop
      vertex 10.6247 18.25 9.99923
      vertex 9.25607 16.45 10.5842
      vertex 10.5278 18.25 9.85
    endloop
  endfacet
  facet normal 0.650228 -0.631616 0.422215
    outer loop
      vertex 9.25607 16.45 7.41579
      vertex 10.6247 18.25 8.00077
      vertex 10.5278 18.25 8.15
    endloop
  endfacet
  facet normal 0.650135 -0.6316 0.422381
    outer loop
      vertex 10.6247 18.25 8.00077
      vertex 9.25607 16.45 7.41579
      vertex 9.26117 16.45 7.40794
    endloop
  endfacet
  facet normal 0.690754 -0.631617 0.352021
    outer loop
      vertex 9.25182 16.45 7.42413
      vertex 10.5278 18.25 8.15
      vertex 10.447 18.25 8.30855
    endloop
  endfacet
  facet normal 0.690762 -0.631616 0.352007
    outer loop
      vertex 10.5278 18.25 8.15
      vertex 9.25182 16.45 7.42413
      vertex 9.25607 16.45 7.41579
    endloop
  endfacet
  facet normal 0.748821 -0.631609 0.200842
    outer loop
      vertex 8.98423 16.45 8.02995
      vertex 10.3832 18.25 8.47467
      vertex 10.3371 18.25 8.64655
    endloop
  endfacet
  facet normal 0.748982 -0.631596 0.20028
    outer loop
      vertex 10.3832 18.25 8.47467
      vertex 8.98423 16.45 8.02995
      vertex 8.98665 16.45 8.0209
    endloop
  endfacet
  facet normal -0.998633 0 0.0522639
    outer loop
      vertex 25.6907 18.25 8.8223
      vertex 25.7 19.45 9
      vertex 25.6907 19.45 8.8223
    endloop
  endfacet
  facet normal -0.998633 0 0.0522639
    outer loop
      vertex 25.7 19.45 9
      vertex 25.6907 18.25 8.8223
      vertex 25.7 18.25 9
    endloop
  endfacet
  facet normal 0.998633 -0 0.0522639
    outer loop
      vertex 22.3 18.25 9
      vertex 22.3093 19.45 8.8223
      vertex 22.3 19.45 9
    endloop
  endfacet
  facet normal 0.998633 0 0.0522639
    outer loop
      vertex 22.3093 19.45 8.8223
      vertex 22.3 18.25 9
      vertex 22.3093 18.25 8.8223
    endloop
  endfacet
  facet normal 0.0523199 0 0.99863
    outer loop
      vertex 23.8223 19.45 7.30931
      vertex 24 18.25 7.3
      vertex 24 19.45 7.3
    endloop
  endfacet
  facet normal 0.0523199 0 0.99863
    outer loop
      vertex 24 18.25 7.3
      vertex 23.8223 19.45 7.30931
      vertex 23.8223 18.25 7.30931
    endloop
  endfacet
  facet normal -0.0522639 0 -0.998633
    outer loop
      vertex 24 18.25 10.7
      vertex 24.1777 19.45 10.6907
      vertex 24.1777 18.25 10.6907
    endloop
  endfacet
  facet normal -0.0522639 0 -0.998633
    outer loop
      vertex 24.1777 19.45 10.6907
      vertex 24 18.25 10.7
      vertex 24 19.45 10.7
    endloop
  endfacet
  facet normal -0.707191 0 0.707022
    outer loop
      vertex 25.1375 18.25 7.73665
      vertex 25.2633 19.45 7.86248
      vertex 25.1375 19.45 7.73665
    endloop
  endfacet
  facet normal -0.707191 0 0.707022
    outer loop
      vertex 25.2633 19.45 7.86248
      vertex 25.1375 18.25 7.73665
      vertex 25.2633 18.25 7.86248
    endloop
  endfacet
  facet normal 0.707191 -0 0.707022
    outer loop
      vertex 22.7367 18.25 7.86248
      vertex 22.8625 19.45 7.73665
      vertex 22.7367 19.45 7.86248
    endloop
  endfacet
  facet normal 0.707191 0 0.707022
    outer loop
      vertex 22.8625 19.45 7.73665
      vertex 22.7367 18.25 7.86248
      vertex 22.8625 18.25 7.73665
    endloop
  endfacet
  facet normal 0.35823 0 0.933633
    outer loop
      vertex 23.3085 19.45 7.44697
      vertex 23.4747 18.25 7.3832
      vertex 23.4747 19.45 7.3832
    endloop
  endfacet
  facet normal 0.35823 0 0.933633
    outer loop
      vertex 23.4747 18.25 7.3832
      vertex 23.3085 19.45 7.44697
      vertex 23.3085 18.25 7.44697
    endloop
  endfacet
  facet normal -0.933519 0 0.358527
    outer loop
      vertex 25.553 18.25 8.30855
      vertex 25.6168 19.45 8.47467
      vertex 25.553 19.45 8.30855
    endloop
  endfacet
  facet normal -0.933519 0 0.358527
    outer loop
      vertex 25.6168 19.45 8.47467
      vertex 25.553 18.25 8.30855
      vertex 25.6168 18.25 8.47467
    endloop
  endfacet
  facet normal -0.987633 0 0.156785
    outer loop
      vertex 25.6628 18.25 8.64655
      vertex 25.6907 19.45 8.8223
      vertex 25.6628 19.45 8.64655
    endloop
  endfacet
  facet normal -0.987633 0 0.156785
    outer loop
      vertex 25.6907 19.45 8.8223
      vertex 25.6628 18.25 8.64655
      vertex 25.6907 18.25 8.8223
    endloop
  endfacet
  facet normal -0.35823 0 0.933633
    outer loop
      vertex 24.5253 19.45 7.3832
      vertex 24.6915 18.25 7.44697
      vertex 24.6915 19.45 7.44697
    endloop
  endfacet
  facet normal -0.35823 0 0.933633
    outer loop
      vertex 24.6915 18.25 7.44697
      vertex 24.5253 19.45 7.3832
      vertex 24.5253 18.25 7.3832
    endloop
  endfacet
  facet normal -0.544712 0 0.838623
    outer loop
      vertex 24.85 19.45 7.52776
      vertex 24.9992 18.25 7.62467
      vertex 24.9992 19.45 7.62467
    endloop
  endfacet
  facet normal -0.544712 0 0.838623
    outer loop
      vertex 24.9992 18.25 7.62467
      vertex 24.85 19.45 7.52776
      vertex 24.85 18.25 7.52776
    endloop
  endfacet
  facet normal 0.890973 -0 0.454056
    outer loop
      vertex 22.447 18.25 8.30855
      vertex 22.5278 19.45 8.15
      vertex 22.447 19.45 8.30855
    endloop
  endfacet
  facet normal 0.890973 0 0.454056
    outer loop
      vertex 22.5278 19.45 8.15
      vertex 22.447 18.25 8.30855
      vertex 22.5278 18.25 8.15
    endloop
  endfacet
  facet normal 0.777105 -0 0.629371
    outer loop
      vertex 22.6247 18.25 8.00077
      vertex 22.7367 19.45 7.86248
      vertex 22.6247 19.45 8.00077
    endloop
  endfacet
  facet normal 0.777105 0 0.629371
    outer loop
      vertex 22.7367 19.45 7.86248
      vertex 22.6247 18.25 8.00077
      vertex 22.7367 18.25 7.86248
    endloop
  endfacet
  facet normal 0.156413 0 0.987692
    outer loop
      vertex 23.6465 19.45 7.33715
      vertex 23.8223 18.25 7.30931
      vertex 23.8223 19.45 7.30931
    endloop
  endfacet
  facet normal 0.156413 0 0.987692
    outer loop
      vertex 23.8223 18.25 7.30931
      vertex 23.6465 19.45 7.33715
      vertex 23.6465 18.25 7.33715
    endloop
  endfacet
  facet normal 0.77706 0 -0.629426
    outer loop
      vertex 22.7367 18.25 10.1375
      vertex 22.6247 19.45 9.99923
      vertex 22.7367 19.45 10.1375
    endloop
  endfacet
  facet normal 0.77706 0 -0.629426
    outer loop
      vertex 22.6247 19.45 9.99923
      vertex 22.7367 18.25 10.1375
      vertex 22.6247 18.25 9.99923
    endloop
  endfacet
  facet normal -0.156193 0 -0.987726
    outer loop
      vertex 24.1777 18.25 10.6907
      vertex 24.3535 19.45 10.6629
      vertex 24.3535 18.25 10.6629
    endloop
  endfacet
  facet normal -0.156193 0 -0.987726
    outer loop
      vertex 24.3535 19.45 10.6629
      vertex 24.1777 18.25 10.6907
      vertex 24.1777 19.45 10.6907
    endloop
  endfacet
  facet normal -0.966003 0 0.25853
    outer loop
      vertex 25.6168 18.25 8.47467
      vertex 25.6628 19.45 8.64655
      vertex 25.6168 19.45 8.47467
    endloop
  endfacet
  facet normal -0.966003 0 0.25853
    outer loop
      vertex 25.6628 19.45 8.64655
      vertex 25.6168 18.25 8.47467
      vertex 25.6628 18.25 8.64655
    endloop
  endfacet
  facet normal -0.838699 0 0.544595
    outer loop
      vertex 25.3753 18.25 8.00077
      vertex 25.4722 19.45 8.15
      vertex 25.3753 19.45 8.00077
    endloop
  endfacet
  facet normal -0.838699 0 0.544595
    outer loop
      vertex 25.4722 19.45 8.15
      vertex 25.3753 18.25 8.00077
      vertex 25.4722 18.25 8.15
    endloop
  endfacet
  facet normal -0.777105 0 0.629371
    outer loop
      vertex 25.2633 18.25 7.86248
      vertex 25.3753 19.45 8.00077
      vertex 25.2633 19.45 7.86248
    endloop
  endfacet
  facet normal -0.777105 0 0.629371
    outer loop
      vertex 25.3753 19.45 8.00077
      vertex 25.2633 18.25 7.86248
      vertex 25.3753 18.25 8.00077
    endloop
  endfacet
  facet normal -0.890973 0 0.454056
    outer loop
      vertex 25.4722 18.25 8.15
      vertex 25.553 19.45 8.30855
      vertex 25.4722 19.45 8.15
    endloop
  endfacet
  facet normal -0.890973 0 0.454056
    outer loop
      vertex 25.553 19.45 8.30855
      vertex 25.4722 18.25 8.15
      vertex 25.553 18.25 8.30855
    endloop
  endfacet
  facet normal -0.156413 0 0.987692
    outer loop
      vertex 24.1777 19.45 7.30931
      vertex 24.3535 18.25 7.33715
      vertex 24.3535 19.45 7.33715
    endloop
  endfacet
  facet normal -0.156413 0 0.987692
    outer loop
      vertex 24.3535 18.25 7.33715
      vertex 24.1777 19.45 7.30931
      vertex 24.1777 18.25 7.30931
    endloop
  endfacet
  facet normal -0.258905 0 0.965903
    outer loop
      vertex 24.3535 19.45 7.33715
      vertex 24.5253 18.25 7.3832
      vertex 24.5253 19.45 7.3832
    endloop
  endfacet
  facet normal -0.258905 0 0.965903
    outer loop
      vertex 24.5253 18.25 7.3832
      vertex 24.3535 19.45 7.33715
      vertex 24.3535 18.25 7.33715
    endloop
  endfacet
  facet normal -0.0523199 0 0.99863
    outer loop
      vertex 24 19.45 7.3
      vertex 24.1777 18.25 7.30931
      vertex 24.1777 19.45 7.30931
    endloop
  endfacet
  facet normal -0.0523199 0 0.99863
    outer loop
      vertex 24.1777 18.25 7.30931
      vertex 24 19.45 7.3
      vertex 24 18.25 7.3
    endloop
  endfacet
  facet normal -0.454125 0 0.890938
    outer loop
      vertex 24.6915 19.45 7.44697
      vertex 24.85 18.25 7.52776
      vertex 24.85 19.45 7.52776
    endloop
  endfacet
  facet normal -0.454125 0 0.890938
    outer loop
      vertex 24.85 18.25 7.52776
      vertex 24.6915 19.45 7.44697
      vertex 24.6915 18.25 7.44697
    endloop
  endfacet
  facet normal -0.629276 0 0.777182
    outer loop
      vertex 24.9992 19.45 7.62467
      vertex 25.1375 18.25 7.73665
      vertex 25.1375 19.45 7.73665
    endloop
  endfacet
  facet normal -0.629276 0 0.777182
    outer loop
      vertex 25.1375 18.25 7.73665
      vertex 24.9992 19.45 7.62467
      vertex 24.9992 18.25 7.62467
    endloop
  endfacet
  facet normal 0.966003 -0 0.25853
    outer loop
      vertex 22.3372 18.25 8.64655
      vertex 22.3832 19.45 8.47467
      vertex 22.3372 19.45 8.64655
    endloop
  endfacet
  facet normal 0.966003 0 0.25853
    outer loop
      vertex 22.3832 19.45 8.47467
      vertex 22.3372 18.25 8.64655
      vertex 22.3832 18.25 8.47467
    endloop
  endfacet
  facet normal 0.838699 -0 0.544595
    outer loop
      vertex 22.5278 18.25 8.15
      vertex 22.6247 19.45 8.00077
      vertex 22.5278 19.45 8.15
    endloop
  endfacet
  facet normal 0.838699 0 0.544595
    outer loop
      vertex 22.6247 19.45 8.00077
      vertex 22.5278 18.25 8.15
      vertex 22.6247 18.25 8.00077
    endloop
  endfacet
  facet normal 0.933519 -0 0.358527
    outer loop
      vertex 22.3832 18.25 8.47467
      vertex 22.447 19.45 8.30855
      vertex 22.3832 19.45 8.47467
    endloop
  endfacet
  facet normal 0.933519 0 0.358527
    outer loop
      vertex 22.447 19.45 8.30855
      vertex 22.3832 18.25 8.47467
      vertex 22.447 18.25 8.30855
    endloop
  endfacet
  facet normal 0.987633 -0 0.156785
    outer loop
      vertex 22.3093 18.25 8.8223
      vertex 22.3372 19.45 8.64655
      vertex 22.3093 19.45 8.8223
    endloop
  endfacet
  facet normal 0.987633 0 0.156785
    outer loop
      vertex 22.3372 19.45 8.64655
      vertex 22.3093 18.25 8.8223
      vertex 22.3372 18.25 8.64655
    endloop
  endfacet
  facet normal 0.544712 0 0.838623
    outer loop
      vertex 23.0008 19.45 7.62467
      vertex 23.15 18.25 7.52776
      vertex 23.15 19.45 7.52776
    endloop
  endfacet
  facet normal 0.544712 0 0.838623
    outer loop
      vertex 23.15 18.25 7.52776
      vertex 23.0008 19.45 7.62467
      vertex 23.0008 18.25 7.62467
    endloop
  endfacet
  facet normal 0.454125 0 0.890938
    outer loop
      vertex 23.15 19.45 7.52776
      vertex 23.3085 18.25 7.44697
      vertex 23.3085 19.45 7.44697
    endloop
  endfacet
  facet normal 0.454125 0 0.890938
    outer loop
      vertex 23.3085 18.25 7.44697
      vertex 23.15 19.45 7.52776
      vertex 23.15 18.25 7.52776
    endloop
  endfacet
  facet normal 0.629276 0 0.777182
    outer loop
      vertex 22.8625 19.45 7.73665
      vertex 23.0008 18.25 7.62467
      vertex 23.0008 19.45 7.62467
    endloop
  endfacet
  facet normal 0.629276 0 0.777182
    outer loop
      vertex 23.0008 18.25 7.62467
      vertex 22.8625 19.45 7.73665
      vertex 22.8625 18.25 7.73665
    endloop
  endfacet
  facet normal 0.258905 0 0.965903
    outer loop
      vertex 23.4747 19.45 7.3832
      vertex 23.6465 18.25 7.33715
      vertex 23.6465 19.45 7.33715
    endloop
  endfacet
  facet normal 0.258905 0 0.965903
    outer loop
      vertex 23.6465 18.25 7.33715
      vertex 23.4747 19.45 7.3832
      vertex 23.4747 18.25 7.3832
    endloop
  endfacet
  facet normal -0.998633 0 -0.0522639
    outer loop
      vertex 25.7 18.25 9
      vertex 25.6907 19.45 9.1777
      vertex 25.7 19.45 9
    endloop
  endfacet
  facet normal -0.998633 -0 -0.0522639
    outer loop
      vertex 25.6907 19.45 9.1777
      vertex 25.7 18.25 9
      vertex 25.6907 18.25 9.1777
    endloop
  endfacet
  facet normal -0.966003 0 -0.25853
    outer loop
      vertex 25.6628 18.25 9.35345
      vertex 25.6168 19.45 9.52533
      vertex 25.6628 19.45 9.35345
    endloop
  endfacet
  facet normal -0.966003 -0 -0.25853
    outer loop
      vertex 25.6168 19.45 9.52533
      vertex 25.6628 18.25 9.35345
      vertex 25.6168 18.25 9.52533
    endloop
  endfacet
  facet normal -0.629344 0 -0.777127
    outer loop
      vertex 24.9992 18.25 10.3753
      vertex 25.1375 19.45 10.2633
      vertex 25.1375 18.25 10.2633
    endloop
  endfacet
  facet normal -0.629344 0 -0.777127
    outer loop
      vertex 25.1375 19.45 10.2633
      vertex 24.9992 18.25 10.3753
      vertex 24.9992 19.45 10.3753
    endloop
  endfacet
  facet normal -0.890973 0 -0.454056
    outer loop
      vertex 25.553 18.25 9.69145
      vertex 25.4722 19.45 9.85
      vertex 25.553 19.45 9.69145
    endloop
  endfacet
  facet normal -0.890973 -0 -0.454056
    outer loop
      vertex 25.4722 19.45 9.85
      vertex 25.553 18.25 9.69145
      vertex 25.4722 18.25 9.85
    endloop
  endfacet
  facet normal -0.77706 0 -0.629426
    outer loop
      vertex 25.3753 18.25 9.99923
      vertex 25.2633 19.45 10.1375
      vertex 25.3753 19.45 9.99923
    endloop
  endfacet
  facet normal -0.77706 -0 -0.629426
    outer loop
      vertex 25.2633 19.45 10.1375
      vertex 25.3753 18.25 9.99923
      vertex 25.2633 18.25 10.1375
    endloop
  endfacet
  facet normal 0.966003 0 -0.25853
    outer loop
      vertex 22.3832 18.25 9.52533
      vertex 22.3372 19.45 9.35345
      vertex 22.3832 19.45 9.52533
    endloop
  endfacet
  facet normal 0.966003 0 -0.25853
    outer loop
      vertex 22.3372 19.45 9.35345
      vertex 22.3832 18.25 9.52533
      vertex 22.3372 18.25 9.35345
    endloop
  endfacet
  facet normal 0.998633 0 -0.0522639
    outer loop
      vertex 22.3093 18.25 9.1777
      vertex 22.3 19.45 9
      vertex 22.3093 19.45 9.1777
    endloop
  endfacet
  facet normal 0.998633 0 -0.0522639
    outer loop
      vertex 22.3 19.45 9
      vertex 22.3093 18.25 9.1777
      vertex 22.3 18.25 9
    endloop
  endfacet
  facet normal 0.987633 0 -0.156785
    outer loop
      vertex 22.3372 18.25 9.35345
      vertex 22.3093 19.45 9.1777
      vertex 22.3372 19.45 9.35345
    endloop
  endfacet
  facet normal 0.987633 0 -0.156785
    outer loop
      vertex 22.3093 19.45 9.1777
      vertex 22.3372 18.25 9.35345
      vertex 22.3093 18.25 9.1777
    endloop
  endfacet
  facet normal -0.358377 0 -0.933577
    outer loop
      vertex 24.5253 18.25 10.6168
      vertex 24.6915 19.45 10.553
      vertex 24.6915 18.25 10.553
    endloop
  endfacet
  facet normal -0.358377 0 -0.933577
    outer loop
      vertex 24.6915 19.45 10.553
      vertex 24.5253 18.25 10.6168
      vertex 24.5253 19.45 10.6168
    endloop
  endfacet
  facet normal -0.259167 0 -0.965833
    outer loop
      vertex 24.3535 18.25 10.6629
      vertex 24.5253 19.45 10.6168
      vertex 24.5253 18.25 10.6168
    endloop
  endfacet
  facet normal -0.259167 0 -0.965833
    outer loop
      vertex 24.5253 19.45 10.6168
      vertex 24.3535 18.25 10.6629
      vertex 24.3535 19.45 10.6629
    endloop
  endfacet
  facet normal -0.987633 0 -0.156785
    outer loop
      vertex 25.6907 18.25 9.1777
      vertex 25.6628 19.45 9.35345
      vertex 25.6907 19.45 9.1777
    endloop
  endfacet
  facet normal -0.987633 -0 -0.156785
    outer loop
      vertex 25.6628 19.45 9.35345
      vertex 25.6907 18.25 9.1777
      vertex 25.6628 18.25 9.35345
    endloop
  endfacet
  facet normal -0.45417 0 -0.890915
    outer loop
      vertex 24.6915 18.25 10.553
      vertex 24.85 19.45 10.4722
      vertex 24.85 18.25 10.4722
    endloop
  endfacet
  facet normal -0.45417 0 -0.890915
    outer loop
      vertex 24.85 19.45 10.4722
      vertex 24.6915 18.25 10.553
      vertex 24.6915 19.45 10.553
    endloop
  endfacet
  facet normal -0.544672 0 -0.838649
    outer loop
      vertex 24.85 18.25 10.4722
      vertex 24.9992 19.45 10.3753
      vertex 24.9992 18.25 10.3753
    endloop
  endfacet
  facet normal -0.544672 0 -0.838649
    outer loop
      vertex 24.9992 19.45 10.3753
      vertex 24.85 18.25 10.4722
      vertex 24.85 19.45 10.4722
    endloop
  endfacet
  facet normal -0.933519 0 -0.358527
    outer loop
      vertex 25.6168 18.25 9.52533
      vertex 25.553 19.45 9.69145
      vertex 25.6168 19.45 9.52533
    endloop
  endfacet
  facet normal -0.933519 -0 -0.358527
    outer loop
      vertex 25.553 19.45 9.69145
      vertex 25.6168 18.25 9.52533
      vertex 25.553 18.25 9.69145
    endloop
  endfacet
  facet normal -0.838699 0 -0.544595
    outer loop
      vertex 25.4722 18.25 9.85
      vertex 25.3753 19.45 9.99923
      vertex 25.4722 19.45 9.85
    endloop
  endfacet
  facet normal -0.838699 -0 -0.544595
    outer loop
      vertex 25.3753 19.45 9.99923
      vertex 25.4722 18.25 9.85
      vertex 25.3753 18.25 9.99923
    endloop
  endfacet
  facet normal 0.890973 0 -0.454056
    outer loop
      vertex 22.5278 18.25 9.85
      vertex 22.447 19.45 9.69145
      vertex 22.5278 19.45 9.85
    endloop
  endfacet
  facet normal 0.890973 0 -0.454056
    outer loop
      vertex 22.447 19.45 9.69145
      vertex 22.5278 18.25 9.85
      vertex 22.447 18.25 9.69145
    endloop
  endfacet
  facet normal 0.707107 0 -0.707107
    outer loop
      vertex 22.8625 18.25 10.2633
      vertex 22.7367 19.45 10.1375
      vertex 22.8625 19.45 10.2633
    endloop
  endfacet
  facet normal 0.707107 0 -0.707107
    outer loop
      vertex 22.7367 19.45 10.1375
      vertex 22.8625 18.25 10.2633
      vertex 22.7367 18.25 10.1375
    endloop
  endfacet
  facet normal 0.933519 0 -0.358527
    outer loop
      vertex 22.447 18.25 9.69145
      vertex 22.3832 19.45 9.52533
      vertex 22.447 19.45 9.69145
    endloop
  endfacet
  facet normal 0.933519 0 -0.358527
    outer loop
      vertex 22.3832 19.45 9.52533
      vertex 22.447 18.25 9.69145
      vertex 22.3832 18.25 9.52533
    endloop
  endfacet
  facet normal -0.707107 0 -0.707107
    outer loop
      vertex 25.2633 18.25 10.1375
      vertex 25.1375 19.45 10.2633
      vertex 25.2633 19.45 10.1375
    endloop
  endfacet
  facet normal -0.707107 -0 -0.707107
    outer loop
      vertex 25.1375 19.45 10.2633
      vertex 25.2633 18.25 10.1375
      vertex 25.1375 18.25 10.2633
    endloop
  endfacet
  facet normal 0.629344 0 -0.777127
    outer loop
      vertex 22.8625 18.25 10.2633
      vertex 23.0008 19.45 10.3753
      vertex 23.0008 18.25 10.3753
    endloop
  endfacet
  facet normal 0.629344 0 -0.777127
    outer loop
      vertex 23.0008 19.45 10.3753
      vertex 22.8625 18.25 10.2633
      vertex 22.8625 19.45 10.2633
    endloop
  endfacet
  facet normal 0.544672 0 -0.838649
    outer loop
      vertex 23.0008 18.25 10.3753
      vertex 23.15 19.45 10.4722
      vertex 23.15 18.25 10.4722
    endloop
  endfacet
  facet normal 0.544672 0 -0.838649
    outer loop
      vertex 23.15 19.45 10.4722
      vertex 23.0008 18.25 10.3753
      vertex 23.0008 19.45 10.3753
    endloop
  endfacet
  facet normal 0.358377 0 -0.933577
    outer loop
      vertex 23.3085 18.25 10.553
      vertex 23.4747 19.45 10.6168
      vertex 23.4747 18.25 10.6168
    endloop
  endfacet
  facet normal 0.358377 0 -0.933577
    outer loop
      vertex 23.4747 19.45 10.6168
      vertex 23.3085 18.25 10.553
      vertex 23.3085 19.45 10.553
    endloop
  endfacet
  facet normal 0.45417 0 -0.890915
    outer loop
      vertex 23.15 18.25 10.4722
      vertex 23.3085 19.45 10.553
      vertex 23.3085 18.25 10.553
    endloop
  endfacet
  facet normal 0.45417 0 -0.890915
    outer loop
      vertex 23.3085 19.45 10.553
      vertex 23.15 18.25 10.4722
      vertex 23.15 19.45 10.4722
    endloop
  endfacet
  facet normal 0.259167 0 -0.965833
    outer loop
      vertex 23.4747 18.25 10.6168
      vertex 23.6465 19.45 10.6629
      vertex 23.6465 18.25 10.6629
    endloop
  endfacet
  facet normal 0.259167 0 -0.965833
    outer loop
      vertex 23.6465 19.45 10.6629
      vertex 23.4747 18.25 10.6168
      vertex 23.4747 19.45 10.6168
    endloop
  endfacet
  facet normal 0.156193 0 -0.987726
    outer loop
      vertex 23.6465 18.25 10.6629
      vertex 23.8223 19.45 10.6907
      vertex 23.8223 18.25 10.6907
    endloop
  endfacet
  facet normal 0.156193 0 -0.987726
    outer loop
      vertex 23.8223 19.45 10.6907
      vertex 23.6465 18.25 10.6629
      vertex 23.6465 19.45 10.6629
    endloop
  endfacet
  facet normal 0.0522639 0 -0.998633
    outer loop
      vertex 23.8223 18.25 10.6907
      vertex 24 19.45 10.7
      vertex 24 18.25 10.7
    endloop
  endfacet
  facet normal 0.0522639 0 -0.998633
    outer loop
      vertex 24 19.45 10.7
      vertex 23.8223 18.25 10.6907
      vertex 23.8223 19.45 10.6907
    endloop
  endfacet
  facet normal 0.838699 0 -0.544595
    outer loop
      vertex 22.6247 18.25 9.99923
      vertex 22.5278 19.45 9.85
      vertex 22.6247 19.45 9.99923
    endloop
  endfacet
  facet normal 0.838699 0 -0.544595
    outer loop
      vertex 22.5278 19.45 9.85
      vertex 22.6247 18.25 9.99923
      vertex 22.5278 18.25 9.85
    endloop
  endfacet
  facet normal -0.774235 -0.631599 0.0405199
    outer loop
      vertex 27.1679 16.45 8.99065
      vertex 25.7 18.25 9
      vertex 25.6907 18.25 8.8223
    endloop
  endfacet
  facet normal -0.774205 -0.631579 0.0414013
    outer loop
      vertex 25.7 18.25 9
      vertex 27.1679 16.45 8.99065
      vertex 27.1684 16.45 9
    endloop
  endfacet
  facet normal -0.774234 -0.631608 0.0404149
    outer loop
      vertex 27.1511 16.45 8.66881
      vertex 27.1679 16.45 8.99065
      vertex 25.6907 18.25 8.8223
    endloop
  endfacet
  facet normal 0.774205 -0.631579 0.0414013
    outer loop
      vertex 20.8321 16.45 8.99065
      vertex 22.3 18.25 9
      vertex 20.8316 16.45 9
    endloop
  endfacet
  facet normal 0.774235 -0.631599 0.0405199
    outer loop
      vertex 22.3 18.25 9
      vertex 20.8321 16.45 8.99065
      vertex 22.3093 18.25 8.8223
    endloop
  endfacet
  facet normal -0.766663 -0.631478 0.116035
    outer loop
      vertex 27.1006 16.45 8.3505
      vertex 25.6628 18.25 8.64655
      vertex 27.0992 16.45 8.34125
    endloop
  endfacet
  facet normal -0.765696 -0.631613 0.121553
    outer loop
      vertex 25.6628 18.25 8.64655
      vertex 27.1006 16.45 8.3505
      vertex 25.6907 18.25 8.8223
    endloop
  endfacet
  facet normal -0.548271 -0.631619 0.54814
    outer loop
      vertex 25.1375 18.25 7.73665
      vertex 26.3546 16.45 6.87991
      vertex 25.2633 18.25 7.86248
    endloop
  endfacet
  facet normal -0.548221 -0.631612 0.548197
    outer loop
      vertex 26.3546 16.45 6.87991
      vertex 25.1375 18.25 7.73665
      vertex 26.1201 16.45 6.6454
    endloop
  endfacet
  facet normal 0.0411815 -0.631585 -0.774212
    outer loop
      vertex 23.9906 16.45 12.1679
      vertex 24 18.25 10.7
      vertex 24 16.45 12.1684
    endloop
  endfacet
  facet normal 0.0405199 -0.6316 -0.774235
    outer loop
      vertex 24 18.25 10.7
      vertex 23.9906 16.45 12.1679
      vertex 23.8223 18.25 10.6907
    endloop
  endfacet
  facet normal 0.040359 -0.631611 0.774234
    outer loop
      vertex 24 18.25 7.3
      vertex 23.9906 16.45 5.83207
      vertex 24 16.45 5.83158
    endloop
  endfacet
  facet normal 0.040563 -0.631607 0.774227
    outer loop
      vertex 23.9906 16.45 5.83207
      vertex 24 18.25 7.3
      vertex 23.8223 18.25 7.30931
    endloop
  endfacet
  facet normal 0.774234 -0.631608 -0.0404149
    outer loop
      vertex 22.3093 18.25 9.1777
      vertex 20.8489 16.45 9.33119
      vertex 20.8321 16.45 9.00935
    endloop
  endfacet
  facet normal 0.766663 -0.631478 -0.116035
    outer loop
      vertex 20.8994 16.45 9.6495
      vertex 22.3372 18.25 9.35345
      vertex 20.9008 16.45 9.65875
    endloop
  endfacet
  facet normal 0.765696 -0.631613 -0.121553
    outer loop
      vertex 22.3372 18.25 9.35345
      vertex 20.8994 16.45 9.6495
      vertex 22.3093 18.25 9.1777
    endloop
  endfacet
  facet normal -0.487825 -0.631619 -0.602564
    outer loop
      vertex 26.1201 16.45 11.3546
      vertex 25.8696 16.45 11.5574
      vertex 25.1375 18.25 10.2633
    endloop
  endfacet
  facet normal -0.690797 -0.631614 0.351942
    outer loop
      vertex 26.7482 16.45 7.42413
      vertex 26.8945 16.45 7.71129
      vertex 25.553 18.25 8.30855
    endloop
  endfacet
  facet normal 0.548271 -0.631619 0.54814
    outer loop
      vertex 21.6454 16.45 6.87991
      vertex 22.8625 18.25 7.73665
      vertex 22.7367 18.25 7.86248
    endloop
  endfacet
  facet normal 0.548221 -0.631612 0.548197
    outer loop
      vertex 22.8625 18.25 7.73665
      vertex 21.6454 16.45 6.87991
      vertex 21.8799 16.45 6.6454
    endloop
  endfacet
  facet normal 0.27773 -0.631612 0.723832
    outer loop
      vertex 23.3085 18.25 7.44697
      vertex 23.0209 16.45 5.98665
      vertex 23.4747 18.25 7.3832
    endloop
  endfacet
  facet normal 0.279356 -0.631467 0.723333
    outer loop
      vertex 23.0209 16.45 5.98665
      vertex 23.3085 18.25 7.44697
      vertex 23.0122 16.45 5.99001
    endloop
  endfacet
  facet normal -0.650241 -0.63161 0.422203
    outer loop
      vertex 26.5633 16.45 7.13765
      vertex 26.7388 16.45 7.40794
      vertex 25.3753 18.25 8.00077
    endloop
  endfacet
  facet normal -0.602479 -0.631609 0.487943
    outer loop
      vertex 26.5574 16.45 7.13037
      vertex 25.3753 18.25 8.00077
      vertex 25.2633 18.25 7.86248
    endloop
  endfacet
  facet normal -0.602322 -0.631603 0.488145
    outer loop
      vertex 25.3753 18.25 8.00077
      vertex 26.5574 16.45 7.13037
      vertex 26.5633 16.45 7.13765
    endloop
  endfacet
  facet normal 0.602564 -0.631619 -0.487825
    outer loop
      vertex 22.7367 18.25 10.1375
      vertex 21.6454 16.45 11.1201
      vertex 21.4426 16.45 10.8696
    endloop
  endfacet
  facet normal 0.765712 -0.631607 -0.121481
    outer loop
      vertex 22.3093 18.25 9.1777
      vertex 20.8994 16.45 9.6495
      vertex 20.8489 16.45 9.33119
    endloop
  endfacet
  facet normal 0.650243 -0.631617 -0.422189
    outer loop
      vertex 22.6247 18.25 9.99923
      vertex 21.4367 16.45 10.8624
      vertex 21.2612 16.45 10.5921
    endloop
  endfacet
  facet normal -0.0404199 -0.631608 -0.774233
    outer loop
      vertex 24.1777 18.25 10.6907
      vertex 24.3312 16.45 12.1511
      vertex 24.0094 16.45 12.1679
    endloop
  endfacet
  facet normal -0.121484 -0.631607 -0.765711
    outer loop
      vertex 24.6495 16.45 12.1006
      vertex 24.3312 16.45 12.1511
      vertex 24.1777 18.25 10.6907
    endloop
  endfacet
  facet normal -0.115431 -0.631434 -0.76679
    outer loop
      vertex 24.6495 16.45 12.1006
      vertex 24.3535 18.25 10.6629
      vertex 24.6588 16.45 12.0992
    endloop
  endfacet
  facet normal -0.121099 -0.631575 -0.765799
    outer loop
      vertex 24.3535 18.25 10.6629
      vertex 24.6495 16.45 12.1006
      vertex 24.1777 18.25 10.6907
    endloop
  endfacet
  facet normal -0.49145 -0.631502 -0.599735
    outer loop
      vertex 24.9992 18.25 10.3753
      vertex 25.8696 16.45 11.5574
      vertex 25.8624 16.45 11.5633
    endloop
  endfacet
  facet normal -0.487922 -0.63161 -0.602496
    outer loop
      vertex 25.8696 16.45 11.5574
      vertex 24.9992 18.25 10.3753
      vertex 25.1375 18.25 10.2633
    endloop
  endfacet
  facet normal -0.723781 -0.631613 -0.277859
    outer loop
      vertex 27.01 16.45 9.98784
      vertex 26.8945 16.45 10.2887
      vertex 25.553 18.25 9.69145
    endloop
  endfacet
  facet normal -0.748866 -0.631624 -0.200628
    outer loop
      vertex 27.0992 16.45 9.65875
      vertex 27.0158 16.45 9.97005
      vertex 25.6628 18.25 9.35345
    endloop
  endfacet
  facet normal -0.765712 -0.631607 -0.121481
    outer loop
      vertex 27.1511 16.45 9.33119
      vertex 27.1006 16.45 9.6495
      vertex 25.6907 18.25 9.1777
    endloop
  endfacet
  facet normal -0.748866 -0.631624 0.200628
    outer loop
      vertex 27.0158 16.45 8.02995
      vertex 27.0992 16.45 8.34125
      vertex 25.6628 18.25 8.64655
    endloop
  endfacet
  facet normal -0.765712 -0.631607 0.121481
    outer loop
      vertex 27.1006 16.45 8.3505
      vertex 27.1511 16.45 8.66881
      vertex 25.6907 18.25 8.8223
    endloop
  endfacet
  facet normal 0.121265 -0.631604 0.765748
    outer loop
      vertex 23.6465 18.25 7.33715
      vertex 23.3505 16.45 5.89935
      vertex 23.8223 18.25 7.30931
    endloop
  endfacet
  facet normal 0.121044 -0.631599 0.765788
    outer loop
      vertex 23.3505 16.45 5.89935
      vertex 23.6465 18.25 7.33715
      vertex 23.3412 16.45 5.90082
    endloop
  endfacet
  facet normal -0.725042 -0.631958 0.273757
    outer loop
      vertex 27.0133 16.45 8.0209
      vertex 25.553 18.25 8.30855
      vertex 27.01 16.45 8.01216
    endloop
  endfacet
  facet normal -0.723759 -0.631591 0.277967
    outer loop
      vertex 25.553 18.25 8.30855
      vertex 27.0133 16.45 8.0209
      vertex 25.6168 18.25 8.47467
    endloop
  endfacet
  facet normal -0.723784 -0.631614 0.277851
    outer loop
      vertex 26.8945 16.45 7.71129
      vertex 27.01 16.45 8.01216
      vertex 25.553 18.25 8.30855
    endloop
  endfacet
  facet normal -0.040588 -0.631605 0.774227
    outer loop
      vertex 24.3312 16.45 5.84894
      vertex 24.1777 18.25 7.30931
      vertex 24.0094 16.45 5.83207
    endloop
  endfacet
  facet normal -0.420414 -0.631786 0.651229
    outer loop
      vertex 24.9992 18.25 7.62467
      vertex 25.5842 16.45 6.25607
      vertex 25.5921 16.45 6.26117
    endloop
  endfacet
  facet normal -0.422311 -0.631603 0.650178
    outer loop
      vertex 25.5842 16.45 6.25607
      vertex 24.9992 18.25 7.62467
      vertex 24.85 18.25 7.52776
    endloop
  endfacet
  facet normal 0.351905 -0.631608 -0.690821
    outer loop
      vertex 23.3085 18.25 10.553
      vertex 22.7113 16.45 11.8945
      vertex 22.4241 16.45 11.7482
    endloop
  endfacet
  facet normal 0.747198 -0.631736 -0.206408
    outer loop
      vertex 20.9842 16.45 9.97005
      vertex 22.3832 18.25 9.52533
      vertex 20.9867 16.45 9.9791
    endloop
  endfacet
  facet normal 0.748931 -0.631607 -0.200435
    outer loop
      vertex 22.3832 18.25 9.52533
      vertex 20.9842 16.45 9.97005
      vertex 22.3372 18.25 9.35345
    endloop
  endfacet
  facet normal 0.690817 -0.631614 -0.351903
    outer loop
      vertex 22.447 18.25 9.69145
      vertex 21.2518 16.45 10.5759
      vertex 21.1055 16.45 10.2887
    endloop
  endfacet
  facet normal -0.422187 -0.631621 -0.650241
    outer loop
      vertex 25.8624 16.45 11.5633
      vertex 25.5921 16.45 11.7388
      vertex 24.9992 18.25 10.3753
    endloop
  endfacet
  facet normal -0.205359 -0.631714 -0.747506
    outer loop
      vertex 24.97 16.45 12.0158
      vertex 24.5253 18.25 10.6168
      vertex 24.9791 16.45 12.0133
    endloop
  endfacet
  facet normal -0.200927 -0.631617 -0.748791
    outer loop
      vertex 24.5253 18.25 10.6168
      vertex 24.97 16.45 12.0158
      vertex 24.3535 18.25 10.6629
    endloop
  endfacet
  facet normal -0.548203 -0.631622 -0.548203
    outer loop
      vertex 25.1375 18.25 10.2633
      vertex 26.3546 16.45 11.1201
      vertex 26.1201 16.45 11.3546
    endloop
  endfacet
  facet normal -0.548203 -0.631622 -0.548203
    outer loop
      vertex 26.3546 16.45 11.1201
      vertex 25.1375 18.25 10.2633
      vertex 25.2633 18.25 10.1375
    endloop
  endfacet
  facet normal -0.602564 -0.631619 -0.487825
    outer loop
      vertex 26.5574 16.45 10.8696
      vertex 26.3546 16.45 11.1201
      vertex 25.2633 18.25 10.1375
    endloop
  endfacet
  facet normal -0.690817 -0.631614 -0.351903
    outer loop
      vertex 26.8945 16.45 10.2887
      vertex 26.7482 16.45 10.5759
      vertex 25.553 18.25 9.69145
    endloop
  endfacet
  facet normal -0.765696 -0.631613 -0.121553
    outer loop
      vertex 27.1006 16.45 9.6495
      vertex 25.6628 18.25 9.35345
      vertex 25.6907 18.25 9.1777
    endloop
  endfacet
  facet normal -0.766663 -0.631478 -0.116035
    outer loop
      vertex 25.6628 18.25 9.35345
      vertex 27.1006 16.45 9.6495
      vertex 27.0992 16.45 9.65875
    endloop
  endfacet
  facet normal -0.723759 -0.631591 -0.277967
    outer loop
      vertex 27.0133 16.45 9.9791
      vertex 25.553 18.25 9.69145
      vertex 25.6168 18.25 9.52533
    endloop
  endfacet
  facet normal -0.725042 -0.631958 -0.273757
    outer loop
      vertex 25.553 18.25 9.69145
      vertex 27.0133 16.45 9.9791
      vertex 27.01 16.45 9.98784
    endloop
  endfacet
  facet normal -0.774234 -0.631608 -0.0404149
    outer loop
      vertex 27.1679 16.45 9.00935
      vertex 27.1511 16.45 9.33119
      vertex 25.6907 18.25 9.1777
    endloop
  endfacet
  facet normal -0.774205 -0.631579 -0.0414013
    outer loop
      vertex 27.1679 16.45 9.00935
      vertex 25.7 18.25 9
      vertex 27.1684 16.45 9
    endloop
  endfacet
  facet normal -0.774235 -0.631599 -0.0405199
    outer loop
      vertex 25.7 18.25 9
      vertex 27.1679 16.45 9.00935
      vertex 25.6907 18.25 9.1777
    endloop
  endfacet
  facet normal 0.748866 -0.631624 0.200628
    outer loop
      vertex 20.9842 16.45 8.02995
      vertex 22.3372 18.25 8.64655
      vertex 20.9008 16.45 8.34125
    endloop
  endfacet
  facet normal 0.774234 -0.631608 0.0404149
    outer loop
      vertex 20.8489 16.45 8.66881
      vertex 22.3093 18.25 8.8223
      vertex 20.8321 16.45 8.99065
    endloop
  endfacet
  facet normal 0.602322 -0.631603 0.488145
    outer loop
      vertex 21.4426 16.45 7.13037
      vertex 22.6247 18.25 8.00077
      vertex 21.4367 16.45 7.13765
    endloop
  endfacet
  facet normal 0.602479 -0.631609 0.487943
    outer loop
      vertex 22.6247 18.25 8.00077
      vertex 21.4426 16.45 7.13037
      vertex 22.7367 18.25 7.86248
    endloop
  endfacet
  facet normal 0.602528 -0.631616 0.487873
    outer loop
      vertex 21.6454 16.45 6.87991
      vertex 22.7367 18.25 7.86248
      vertex 21.4426 16.45 7.13037
    endloop
  endfacet
  facet normal 0.351946 -0.6316 0.690808
    outer loop
      vertex 22.7113 16.45 6.1055
      vertex 23.3085 18.25 7.44697
      vertex 22.4241 16.45 6.25182
    endloop
  endfacet
  facet normal 0.200714 -0.631604 0.748859
    outer loop
      vertex 23.3412 16.45 5.90082
      vertex 23.6465 18.25 7.33715
      vertex 23.03 16.45 5.98423
    endloop
  endfacet
  facet normal 0.200726 -0.631605 0.748855
    outer loop
      vertex 23.4747 18.25 7.3832
      vertex 23.03 16.45 5.98423
      vertex 23.6465 18.25 7.33715
    endloop
  endfacet
  facet normal 0.199258 -0.63157 0.749277
    outer loop
      vertex 23.03 16.45 5.98423
      vertex 23.4747 18.25 7.3832
      vertex 23.0209 16.45 5.98665
    endloop
  endfacet
  facet normal 0.121273 -0.631605 0.765747
    outer loop
      vertex 23.6688 16.45 5.84894
      vertex 23.8223 18.25 7.30931
      vertex 23.3505 16.45 5.89935
    endloop
  endfacet
  facet normal 0.040588 -0.631605 0.774227
    outer loop
      vertex 23.9906 16.45 5.83207
      vertex 23.8223 18.25 7.30931
      vertex 23.6688 16.45 5.84894
    endloop
  endfacet
  facet normal -0.747198 -0.631736 0.206408
    outer loop
      vertex 27.0158 16.45 8.02995
      vertex 25.6168 18.25 8.47467
      vertex 27.0133 16.45 8.0209
    endloop
  endfacet
  facet normal -0.748931 -0.631607 0.200435
    outer loop
      vertex 25.6168 18.25 8.47467
      vertex 27.0158 16.45 8.02995
      vertex 25.6628 18.25 8.64655
    endloop
  endfacet
  facet normal -0.602528 -0.631616 0.487873
    outer loop
      vertex 26.3546 16.45 6.87991
      vertex 26.5574 16.45 7.13037
      vertex 25.2633 18.25 7.86248
    endloop
  endfacet
  facet normal -0.689023 -0.6317 0.355251
    outer loop
      vertex 26.7482 16.45 7.42413
      vertex 25.4722 18.25 8.15
      vertex 26.7439 16.45 7.41579
    endloop
  endfacet
  facet normal -0.690751 -0.631621 0.352019
    outer loop
      vertex 25.4722 18.25 8.15
      vertex 26.7482 16.45 7.42413
      vertex 25.553 18.25 8.30855
    endloop
  endfacet
  facet normal -0.65014 -0.631593 0.422384
    outer loop
      vertex 26.7439 16.45 7.41579
      vertex 25.3753 18.25 8.00077
      vertex 26.7388 16.45 7.40794
    endloop
  endfacet
  facet normal -0.650232 -0.631609 0.422217
    outer loop
      vertex 25.3753 18.25 8.00077
      vertex 26.7439 16.45 7.41579
      vertex 25.4722 18.25 8.15
    endloop
  endfacet
  facet normal -0.040563 -0.631607 0.774227
    outer loop
      vertex 24 18.25 7.3
      vertex 24.0094 16.45 5.83207
      vertex 24.1777 18.25 7.30931
    endloop
  endfacet
  facet normal -0.040359 -0.631611 0.774234
    outer loop
      vertex 24.0094 16.45 5.83207
      vertex 24 18.25 7.3
      vertex 24 16.45 5.83158
    endloop
  endfacet
  facet normal -0.121044 -0.631599 0.765788
    outer loop
      vertex 24.3535 18.25 7.33715
      vertex 24.6495 16.45 5.89935
      vertex 24.6588 16.45 5.90082
    endloop
  endfacet
  facet normal -0.121265 -0.631604 0.765748
    outer loop
      vertex 24.6495 16.45 5.89935
      vertex 24.3535 18.25 7.33715
      vertex 24.1777 18.25 7.30931
    endloop
  endfacet
  facet normal -0.487844 -0.63161 0.602559
    outer loop
      vertex 25.8696 16.45 6.44259
      vertex 26.1201 16.45 6.6454
      vertex 25.1375 18.25 7.73665
    endloop
  endfacet
  facet normal 0.277829 -0.631608 -0.723798
    outer loop
      vertex 23.3085 18.25 10.553
      vertex 23.0122 16.45 12.01
      vertex 22.7113 16.45 11.8945
    endloop
  endfacet
  facet normal 0.422279 -0.631606 -0.650196
    outer loop
      vertex 22.4158 16.45 11.7439
      vertex 23.0008 18.25 10.3753
      vertex 23.15 18.25 10.4722
    endloop
  endfacet
  facet normal 0.420414 -0.631786 -0.651229
    outer loop
      vertex 23.0008 18.25 10.3753
      vertex 22.4158 16.45 11.7439
      vertex 22.4079 16.45 11.7388
    endloop
  endfacet
  facet normal 0.774235 -0.631599 -0.0405199
    outer loop
      vertex 20.8321 16.45 9.00935
      vertex 22.3 18.25 9
      vertex 22.3093 18.25 9.1777
    endloop
  endfacet
  facet normal 0.774205 -0.631579 -0.0414013
    outer loop
      vertex 22.3 18.25 9
      vertex 20.8321 16.45 9.00935
      vertex 20.8316 16.45 9
    endloop
  endfacet
  facet normal 0.748866 -0.631624 -0.200628
    outer loop
      vertex 22.3372 18.25 9.35345
      vertex 20.9842 16.45 9.97005
      vertex 20.9008 16.45 9.65875
    endloop
  endfacet
  facet normal 0.725042 -0.631958 -0.273757
    outer loop
      vertex 20.9867 16.45 9.9791
      vertex 22.447 18.25 9.69145
      vertex 20.99 16.45 9.98784
    endloop
  endfacet
  facet normal 0.723759 -0.631591 -0.277967
    outer loop
      vertex 22.447 18.25 9.69145
      vertex 20.9867 16.45 9.9791
      vertex 22.3832 18.25 9.52533
    endloop
  endfacet
  facet normal 0.599738 -0.631498 -0.491452
    outer loop
      vertex 22.6247 18.25 9.99923
      vertex 21.4426 16.45 10.8696
      vertex 21.4367 16.45 10.8624
    endloop
  endfacet
  facet normal 0.602449 -0.631603 -0.487989
    outer loop
      vertex 21.4426 16.45 10.8696
      vertex 22.6247 18.25 9.99923
      vertex 22.7367 18.25 10.1375
    endloop
  endfacet
  facet normal 0.723781 -0.631613 -0.277859
    outer loop
      vertex 22.447 18.25 9.69145
      vertex 21.1055 16.45 10.2887
      vertex 20.99 16.45 9.98784
    endloop
  endfacet
  facet normal -0.351905 -0.631608 -0.690821
    outer loop
      vertex 25.5759 16.45 11.7482
      vertex 25.2887 16.45 11.8945
      vertex 24.6915 18.25 10.553
    endloop
  endfacet
  facet normal -0.0411815 -0.631585 -0.774212
    outer loop
      vertex 24 18.25 10.7
      vertex 24.0094 16.45 12.1679
      vertex 24 16.45 12.1684
    endloop
  endfacet
  facet normal -0.0405199 -0.6316 -0.774235
    outer loop
      vertex 24.0094 16.45 12.1679
      vertex 24 18.25 10.7
      vertex 24.1777 18.25 10.6907
    endloop
  endfacet
  facet normal -0.200693 -0.631597 -0.748871
    outer loop
      vertex 24.97 16.45 12.0158
      vertex 24.6588 16.45 12.0992
      vertex 24.3535 18.25 10.6629
    endloop
  endfacet
  facet normal -0.274887 -0.631856 -0.724703
    outer loop
      vertex 24.9791 16.45 12.0133
      vertex 24.6915 18.25 10.553
      vertex 24.9878 16.45 12.01
    endloop
  endfacet
  facet normal -0.277848 -0.631597 -0.7238
    outer loop
      vertex 24.6915 18.25 10.553
      vertex 24.9791 16.45 12.0133
      vertex 24.5253 18.25 10.6168
    endloop
  endfacet
  facet normal -0.690748 -0.631625 -0.352018
    outer loop
      vertex 26.7482 16.45 10.5759
      vertex 25.4722 18.25 9.85
      vertex 25.553 18.25 9.69145
    endloop
  endfacet
  facet normal -0.6883 -0.631733 -0.356589
    outer loop
      vertex 25.4722 18.25 9.85
      vertex 26.7482 16.45 10.5759
      vertex 26.7439 16.45 10.5842
    endloop
  endfacet
  facet normal -0.602449 -0.631603 -0.487989
    outer loop
      vertex 25.3753 18.25 9.99923
      vertex 26.5574 16.45 10.8696
      vertex 25.2633 18.25 10.1375
    endloop
  endfacet
  facet normal -0.599738 -0.631498 -0.491452
    outer loop
      vertex 26.5574 16.45 10.8696
      vertex 25.3753 18.25 9.99923
      vertex 26.5633 16.45 10.8624
    endloop
  endfacet
  facet normal -0.748931 -0.631607 -0.200435
    outer loop
      vertex 27.0158 16.45 9.97005
      vertex 25.6168 18.25 9.52533
      vertex 25.6628 18.25 9.35345
    endloop
  endfacet
  facet normal -0.747198 -0.631736 -0.206408
    outer loop
      vertex 25.6168 18.25 9.52533
      vertex 27.0158 16.45 9.97005
      vertex 27.0133 16.45 9.9791
    endloop
  endfacet
  facet normal 0.690797 -0.631614 0.351942
    outer loop
      vertex 21.2518 16.45 7.42413
      vertex 22.447 18.25 8.30855
      vertex 21.1055 16.45 7.71129
    endloop
  endfacet
  facet normal 0.723759 -0.631591 0.277967
    outer loop
      vertex 20.9867 16.45 8.0209
      vertex 22.447 18.25 8.30855
      vertex 22.3832 18.25 8.47467
    endloop
  endfacet
  facet normal 0.725042 -0.631958 0.273757
    outer loop
      vertex 22.447 18.25 8.30855
      vertex 20.9867 16.45 8.0209
      vertex 20.99 16.45 8.01216
    endloop
  endfacet
  facet normal 0.765712 -0.631607 0.121481
    outer loop
      vertex 20.8994 16.45 8.3505
      vertex 22.3093 18.25 8.8223
      vertex 20.8489 16.45 8.66881
    endloop
  endfacet
  facet normal 0.487844 -0.63161 0.602559
    outer loop
      vertex 22.1304 16.45 6.44259
      vertex 22.8625 18.25 7.73665
      vertex 21.8799 16.45 6.6454
    endloop
  endfacet
  facet normal 0.27781 -0.6316 0.723812
    outer loop
      vertex 23.0122 16.45 5.99001
      vertex 23.3085 18.25 7.44697
      vertex 22.7113 16.45 6.1055
    endloop
  endfacet
  facet normal 0.422311 -0.631603 0.650178
    outer loop
      vertex 23.0008 18.25 7.62467
      vertex 22.4158 16.45 6.25607
      vertex 23.15 18.25 7.52776
    endloop
  endfacet
  facet normal 0.420414 -0.631786 0.651229
    outer loop
      vertex 22.4158 16.45 6.25607
      vertex 23.0008 18.25 7.62467
      vertex 22.4079 16.45 6.26117
    endloop
  endfacet
  facet normal 0.352076 -0.631612 0.69073
    outer loop
      vertex 23.15 18.25 7.52776
      vertex 22.4241 16.45 6.25182
      vertex 23.3085 18.25 7.44697
    endloop
  endfacet
  facet normal 0.353341 -0.631644 0.690055
    outer loop
      vertex 22.4241 16.45 6.25182
      vertex 23.15 18.25 7.52776
      vertex 22.4158 16.45 6.25607
    endloop
  endfacet
  facet normal -0.121273 -0.631605 0.765747
    outer loop
      vertex 24.3312 16.45 5.84894
      vertex 24.6495 16.45 5.89935
      vertex 24.1777 18.25 7.30931
    endloop
  endfacet
  facet normal -0.27781 -0.6316 0.723812
    outer loop
      vertex 24.9878 16.45 5.99001
      vertex 25.2887 16.45 6.1055
      vertex 24.6915 18.25 7.44697
    endloop
  endfacet
  facet normal -0.351946 -0.6316 0.690808
    outer loop
      vertex 25.2887 16.45 6.1055
      vertex 25.5759 16.45 6.25182
      vertex 24.6915 18.25 7.44697
    endloop
  endfacet
  facet normal -0.200714 -0.631604 0.748859
    outer loop
      vertex 24.6588 16.45 5.90082
      vertex 24.97 16.45 5.98423
      vertex 24.3535 18.25 7.33715
    endloop
  endfacet
  facet normal -0.48787 -0.631607 0.60254
    outer loop
      vertex 24.9992 18.25 7.62467
      vertex 25.8696 16.45 6.44259
      vertex 25.1375 18.25 7.73665
    endloop
  endfacet
  facet normal -0.491452 -0.631498 0.599738
    outer loop
      vertex 25.8696 16.45 6.44259
      vertex 24.9992 18.25 7.62467
      vertex 25.8624 16.45 6.43669
    endloop
  endfacet
  facet normal -0.422223 -0.631618 0.650221
    outer loop
      vertex 25.5921 16.45 6.26117
      vertex 25.8624 16.45 6.43669
      vertex 24.9992 18.25 7.62467
    endloop
  endfacet
  facet normal 0.121484 -0.631607 -0.765711
    outer loop
      vertex 23.8223 18.25 10.6907
      vertex 23.6688 16.45 12.1511
      vertex 23.3505 16.45 12.1006
    endloop
  endfacet
  facet normal 0.0404199 -0.631608 -0.774233
    outer loop
      vertex 23.8223 18.25 10.6907
      vertex 23.9906 16.45 12.1679
      vertex 23.6688 16.45 12.1511
    endloop
  endfacet
  facet normal 0.548203 -0.631622 -0.548203
    outer loop
      vertex 21.6454 16.45 11.1201
      vertex 22.8625 18.25 10.2633
      vertex 21.8799 16.45 11.3546
    endloop
  endfacet
  facet normal 0.548203 -0.631622 -0.548203
    outer loop
      vertex 22.8625 18.25 10.2633
      vertex 21.6454 16.45 11.1201
      vertex 22.7367 18.25 10.1375
    endloop
  endfacet
  facet normal 0.352105 -0.631627 -0.690702
    outer loop
      vertex 22.4241 16.45 11.7482
      vertex 23.15 18.25 10.4722
      vertex 23.3085 18.25 10.553
    endloop
  endfacet
  facet normal 0.356589 -0.631733 -0.6883
    outer loop
      vertex 23.15 18.25 10.4722
      vertex 22.4241 16.45 11.7482
      vertex 22.4158 16.45 11.7439
    endloop
  endfacet
  facet normal 0.200927 -0.631617 -0.748791
    outer loop
      vertex 23.03 16.45 12.0158
      vertex 23.4747 18.25 10.6168
      vertex 23.6465 18.25 10.6629
    endloop
  endfacet
  facet normal 0.205359 -0.631714 -0.747506
    outer loop
      vertex 23.4747 18.25 10.6168
      vertex 23.03 16.45 12.0158
      vertex 23.0209 16.45 12.0133
    endloop
  endfacet
  facet normal 0.277848 -0.631597 -0.7238
    outer loop
      vertex 23.0209 16.45 12.0133
      vertex 23.3085 18.25 10.553
      vertex 23.4747 18.25 10.6168
    endloop
  endfacet
  facet normal 0.274887 -0.631856 -0.724703
    outer loop
      vertex 23.3085 18.25 10.553
      vertex 23.0209 16.45 12.0133
      vertex 23.0122 16.45 12.01
    endloop
  endfacet
  facet normal -0.356589 -0.631733 -0.6883
    outer loop
      vertex 25.5759 16.45 11.7482
      vertex 24.85 18.25 10.4722
      vertex 25.5842 16.45 11.7439
    endloop
  endfacet
  facet normal -0.352105 -0.631627 -0.690702
    outer loop
      vertex 24.85 18.25 10.4722
      vertex 25.5759 16.45 11.7482
      vertex 24.6915 18.25 10.553
    endloop
  endfacet
  facet normal -0.420414 -0.631786 -0.651229
    outer loop
      vertex 25.5842 16.45 11.7439
      vertex 24.9992 18.25 10.3753
      vertex 25.5921 16.45 11.7388
    endloop
  endfacet
  facet normal -0.422279 -0.631606 -0.650196
    outer loop
      vertex 24.9992 18.25 10.3753
      vertex 25.5842 16.45 11.7439
      vertex 24.85 18.25 10.4722
    endloop
  endfacet
  facet normal -0.277829 -0.631608 -0.723798
    outer loop
      vertex 25.2887 16.45 11.8945
      vertex 24.9878 16.45 12.01
      vertex 24.6915 18.25 10.553
    endloop
  endfacet
  facet normal -0.650243 -0.631617 -0.422189
    outer loop
      vertex 26.7388 16.45 10.5921
      vertex 26.5633 16.45 10.8624
      vertex 25.3753 18.25 9.99923
    endloop
  endfacet
  facet normal -0.650233 -0.631608 -0.422218
    outer loop
      vertex 26.7439 16.45 10.5842
      vertex 25.3753 18.25 9.99923
      vertex 25.4722 18.25 9.85
    endloop
  endfacet
  facet normal -0.651232 -0.631781 -0.420416
    outer loop
      vertex 25.3753 18.25 9.99923
      vertex 26.7439 16.45 10.5842
      vertex 26.7388 16.45 10.5921
    endloop
  endfacet
  facet normal 0.650241 -0.63161 0.422203
    outer loop
      vertex 21.4367 16.45 7.13765
      vertex 22.6247 18.25 8.00077
      vertex 21.2612 16.45 7.40794
    endloop
  endfacet
  facet normal 0.723784 -0.631614 0.277851
    outer loop
      vertex 21.1055 16.45 7.71129
      vertex 22.447 18.25 8.30855
      vertex 20.99 16.45 8.01216
    endloop
  endfacet
  facet normal 0.765696 -0.631613 0.121553
    outer loop
      vertex 20.8994 16.45 8.3505
      vertex 22.3372 18.25 8.64655
      vertex 22.3093 18.25 8.8223
    endloop
  endfacet
  facet normal 0.766663 -0.631478 0.116035
    outer loop
      vertex 22.3372 18.25 8.64655
      vertex 20.8994 16.45 8.3505
      vertex 20.9008 16.45 8.34125
    endloop
  endfacet
  facet normal 0.422223 -0.631618 0.650221
    outer loop
      vertex 22.4079 16.45 6.26117
      vertex 23.0008 18.25 7.62467
      vertex 22.1376 16.45 6.43669
    endloop
  endfacet
  facet normal 0.48787 -0.631607 0.60254
    outer loop
      vertex 22.1304 16.45 6.44259
      vertex 23.0008 18.25 7.62467
      vertex 22.8625 18.25 7.73665
    endloop
  endfacet
  facet normal 0.491452 -0.631498 0.599738
    outer loop
      vertex 23.0008 18.25 7.62467
      vertex 22.1304 16.45 6.44259
      vertex 22.1376 16.45 6.43669
    endloop
  endfacet
  facet normal -0.279356 -0.631467 0.723333
    outer loop
      vertex 24.6915 18.25 7.44697
      vertex 24.9791 16.45 5.98665
      vertex 24.9878 16.45 5.99001
    endloop
  endfacet
  facet normal -0.27773 -0.631612 0.723832
    outer loop
      vertex 24.9791 16.45 5.98665
      vertex 24.6915 18.25 7.44697
      vertex 24.5253 18.25 7.3832
    endloop
  endfacet
  facet normal -0.199258 -0.63157 0.749277
    outer loop
      vertex 24.5253 18.25 7.3832
      vertex 24.97 16.45 5.98423
      vertex 24.9791 16.45 5.98665
    endloop
  endfacet
  facet normal -0.200726 -0.631605 0.748855
    outer loop
      vertex 24.97 16.45 5.98423
      vertex 24.5253 18.25 7.3832
      vertex 24.3535 18.25 7.33715
    endloop
  endfacet
  facet normal -0.353341 -0.631644 0.690055
    outer loop
      vertex 24.85 18.25 7.52776
      vertex 25.5759 16.45 6.25182
      vertex 25.5842 16.45 6.25607
    endloop
  endfacet
  facet normal -0.352076 -0.631612 0.69073
    outer loop
      vertex 25.5759 16.45 6.25182
      vertex 24.85 18.25 7.52776
      vertex 24.6915 18.25 7.44697
    endloop
  endfacet
  facet normal 0.200693 -0.631597 -0.748871
    outer loop
      vertex 23.6465 18.25 10.6629
      vertex 23.3412 16.45 12.0992
      vertex 23.03 16.45 12.0158
    endloop
  endfacet
  facet normal 0.121099 -0.631575 -0.765799
    outer loop
      vertex 23.3505 16.45 12.1006
      vertex 23.6465 18.25 10.6629
      vertex 23.8223 18.25 10.6907
    endloop
  endfacet
  facet normal 0.115431 -0.631434 -0.76679
    outer loop
      vertex 23.6465 18.25 10.6629
      vertex 23.3505 16.45 12.1006
      vertex 23.3412 16.45 12.0992
    endloop
  endfacet
  facet normal 0.487825 -0.631619 -0.602564
    outer loop
      vertex 22.8625 18.25 10.2633
      vertex 22.1304 16.45 11.5574
      vertex 21.8799 16.45 11.3546
    endloop
  endfacet
  facet normal 0.49145 -0.631502 -0.599735
    outer loop
      vertex 22.1304 16.45 11.5574
      vertex 23.0008 18.25 10.3753
      vertex 22.1376 16.45 11.5633
    endloop
  endfacet
  facet normal 0.487922 -0.63161 -0.602496
    outer loop
      vertex 23.0008 18.25 10.3753
      vertex 22.1304 16.45 11.5574
      vertex 22.8625 18.25 10.2633
    endloop
  endfacet
  facet normal 0.422187 -0.631621 -0.650241
    outer loop
      vertex 23.0008 18.25 10.3753
      vertex 22.4079 16.45 11.7388
      vertex 22.1376 16.45 11.5633
    endloop
  endfacet
  facet normal 0.6883 -0.631733 -0.356589
    outer loop
      vertex 21.2518 16.45 10.5759
      vertex 22.5278 18.25 9.85
      vertex 21.2561 16.45 10.5842
    endloop
  endfacet
  facet normal 0.690748 -0.631625 -0.352018
    outer loop
      vertex 22.5278 18.25 9.85
      vertex 21.2518 16.45 10.5759
      vertex 22.447 18.25 9.69145
    endloop
  endfacet
  facet normal 0.651232 -0.631781 -0.420416
    outer loop
      vertex 21.2561 16.45 10.5842
      vertex 22.6247 18.25 9.99923
      vertex 21.2612 16.45 10.5921
    endloop
  endfacet
  facet normal 0.650233 -0.631608 -0.422218
    outer loop
      vertex 22.6247 18.25 9.99923
      vertex 21.2561 16.45 10.5842
      vertex 22.5278 18.25 9.85
    endloop
  endfacet
  facet normal 0.650232 -0.631609 0.422217
    outer loop
      vertex 21.2561 16.45 7.41579
      vertex 22.6247 18.25 8.00077
      vertex 22.5278 18.25 8.15
    endloop
  endfacet
  facet normal 0.65014 -0.631593 0.422384
    outer loop
      vertex 22.6247 18.25 8.00077
      vertex 21.2561 16.45 7.41579
      vertex 21.2612 16.45 7.40794
    endloop
  endfacet
  facet normal 0.690751 -0.631621 0.352019
    outer loop
      vertex 21.2518 16.45 7.42413
      vertex 22.5278 18.25 8.15
      vertex 22.447 18.25 8.30855
    endloop
  endfacet
  facet normal 0.689023 -0.6317 0.355251
    outer loop
      vertex 22.5278 18.25 8.15
      vertex 21.2518 16.45 7.42413
      vertex 21.2561 16.45 7.41579
    endloop
  endfacet
  facet normal 0.748931 -0.631607 0.200435
    outer loop
      vertex 20.9842 16.45 8.02995
      vertex 22.3832 18.25 8.47467
      vertex 22.3372 18.25 8.64655
    endloop
  endfacet
  facet normal 0.747198 -0.631736 0.206408
    outer loop
      vertex 22.3832 18.25 8.47467
      vertex 20.9842 16.45 8.02995
      vertex 20.9867 16.45 8.0209
    endloop
  endfacet
  facet normal 0 0.707085 -0.707128
    outer loop
      vertex 4 18.955 3
      vertex 32 19.45 3.49497
      vertex 32 18.955 3
    endloop
  endfacet
  facet normal 0 0.707085 -0.707128
    outer loop
      vertex 32 19.45 3.49497
      vertex 4 18.955 3
      vertex 4 19.45 3.49497
    endloop
  endfacet
  facet normal 0 -0.707092 0.707121
    outer loop
      vertex 4 19.45 2.50502
      vertex 32 19.945 3
      vertex 4 19.945 3
    endloop
  endfacet
  facet normal 0 -0.707092 0.707121
    outer loop
      vertex 32 19.945 3
      vertex 4 19.45 2.50502
      vertex 32 19.45 2.50502
    endloop
  endfacet
  facet normal -0 0.707092 0.707121
    outer loop
      vertex 4 19.45 2.50502
      vertex 32 18.955 3
      vertex 32 19.45 2.50502
    endloop
  endfacet
  facet normal 0 0.707092 0.707121
    outer loop
      vertex 32 18.955 3
      vertex 4 19.45 2.50502
      vertex 4 18.955 3
    endloop
  endfacet
  facet normal 0 -0.707092 0.707121
    outer loop
      vertex 4 38.845 3
      vertex 32 38.35 2.50502
      vertex 32 38.845 3
    endloop
  endfacet
  facet normal 0 -0.707092 0.707121
    outer loop
      vertex 32 38.35 2.50502
      vertex 4 38.845 3
      vertex 4 38.35 2.50502
    endloop
  endfacet
  facet normal 0 -0.707085 -0.707128
    outer loop
      vertex 4 38.35 3.49497
      vertex 32 38.845 3
      vertex 32 38.35 3.49497
    endloop
  endfacet
  facet normal -0 -0.707085 -0.707128
    outer loop
      vertex 32 38.845 3
      vertex 4 38.35 3.49497
      vertex 4 38.845 3
    endloop
  endfacet
  facet normal 0 0.707092 0.707121
    outer loop
      vertex 32 38.35 2.50502
      vertex 4 37.855 3
      vertex 32 37.855 3
    endloop
  endfacet
  facet normal 0 0.707092 0.707121
    outer loop
      vertex 4 37.855 3
      vertex 32 38.35 2.50502
      vertex 4 38.35 2.50502
    endloop
  endfacet
  facet normal 0.00200388 -0.706294 0.707916
    outer loop
      vertex 31.1728 38.6978 11.8579
      vertex 31.4897 38.35 11.51
      vertex 31.3579 38.5128 11.6728
    endloop
  endfacet
  facet normal -0.00195461 -0.708097 0.706113
    outer loop
      vertex 30.9695 38.8625 12.0225
      vertex 31.4897 38.35 11.51
      vertex 31.1728 38.6978 11.8579
    endloop
  endfacet
  facet normal 0.000945225 -0.706627 0.707586
    outer loop
      vertex 30.75 39.005 12.1651
      vertex 31.4897 38.35 11.51
      vertex 30.9695 38.8625 12.0225
    endloop
  endfacet
  facet normal -0.000129474 -0.707234 0.70698
    outer loop
      vertex 30.5168 39.1238 12.2839
      vertex 31.4897 38.35 11.51
      vertex 30.75 39.005 12.1651
    endloop
  endfacet
  facet normal -0.000627015 -0.707546 0.706667
    outer loop
      vertex 30.2725 39.2176 12.3776
      vertex 31.4897 38.35 11.51
      vertex 30.5168 39.1238 12.2839
    endloop
  endfacet
  facet normal 0.000448529 -0.706792 0.707421
    outer loop
      vertex 30.0198 39.2853 12.4454
      vertex 31.4897 38.35 11.51
      vertex 30.2725 39.2176 12.3776
    endloop
  endfacet
  facet normal -0.000380157 -0.707443 0.70677
    outer loop
      vertex 29.7613 39.3263 12.4863
      vertex 31.4897 38.35 11.51
      vertex 30.0198 39.2853 12.4454
    endloop
  endfacet
  facet normal 7.4204e-17 -0.707107 0.707107
    outer loop
      vertex 29.5 39.34 12.5
      vertex 31.4897 38.35 11.51
      vertex 29.7613 39.3263 12.4863
    endloop
  endfacet
  facet normal 0 -0.707107 0.707107
    outer loop
      vertex 6.5 39.34 12.5
      vertex 31.4897 38.35 11.51
      vertex 29.5 39.34 12.5
    endloop
  endfacet
  facet normal 0 -0.707107 0.707107
    outer loop
      vertex 4.51032 38.35 11.51
      vertex 6.5 39.34 12.5
      vertex 6.23868 39.3263 12.4863
    endloop
  endfacet
  facet normal 0.000380235 -0.707443 0.70677
    outer loop
      vertex 4.51032 38.35 11.51
      vertex 6.23868 39.3263 12.4863
      vertex 5.98022 39.2853 12.4454
    endloop
  endfacet
  facet normal -0.000448345 -0.706792 0.707421
    outer loop
      vertex 4.51032 38.35 11.51
      vertex 5.98022 39.2853 12.4454
      vertex 5.72746 39.2176 12.3776
    endloop
  endfacet
  facet normal 0.000626979 -0.707546 0.706667
    outer loop
      vertex 4.51032 38.35 11.51
      vertex 5.72746 39.2176 12.3776
      vertex 5.48316 39.1238 12.2839
    endloop
  endfacet
  facet normal 0.000129521 -0.707234 0.70698
    outer loop
      vertex 4.51032 38.35 11.51
      vertex 5.48316 39.1238 12.2839
      vertex 5.25 39.005 12.1651
    endloop
  endfacet
  facet normal -0.000945801 -0.706626 0.707586
    outer loop
      vertex 4.51032 38.35 11.51
      vertex 5.25 39.005 12.1651
      vertex 5.03054 38.8625 12.0225
    endloop
  endfacet
  facet normal 0.00195118 -0.708095 0.706114
    outer loop
      vertex 4.51032 38.35 11.51
      vertex 5.03054 38.8625 12.0225
      vertex 4.82717 38.6978 11.8579
    endloop
  endfacet
  facet normal -0.00200916 -0.706291 0.707918
    outer loop
      vertex 4.51032 38.35 11.51
      vertex 4.82717 38.6978 11.8579
      vertex 4.64214 38.5128 11.6728
    endloop
  endfacet
  facet normal 0 -0.707107 0.707107
    outer loop
      vertex 6.5 39.34 12.5
      vertex 4.51032 38.35 11.51
      vertex 31.4897 38.35 11.51
    endloop
  endfacet
endsolid OpenSCAD_Model
