solid OpenSCAD_Model
  facet normal -1 0 0
    outer loop
      vertex -35.5 -9.5 0
      vertex -35.5 9.5 4.8
      vertex -35.5 9.5 0
    endloop
  endfacet
  facet normal -1 -0 0
    outer loop
      vertex -35.5 9.5 4.8
      vertex -35.5 -9.5 0
      vertex -35.5 -9.5 4.8
    endloop
  endfacet
  facet normal 0 0 1
    outer loop
      vertex -31.5 9.5 4.8
      vertex -32 7.5 4.8
      vertex -31.5 -9.5 4.8
    endloop
  endfacet
  facet normal 0 0 1
    outer loop
      vertex -31.5 9.5 4.8
      vertex -34 7.5 4.8
      vertex -32 7.5 4.8
    endloop
  endfacet
  facet normal 0 0 1
    outer loop
      vertex -34 7.5 4.8
      vertex -35.5 9.5 4.8
      vertex -34 -7.5 4.8
    endloop
  endfacet
  facet normal -0 0 1
    outer loop
      vertex -35.5 9.5 4.8
      vertex -34 7.5 4.8
      vertex -31.5 9.5 4.8
    endloop
  endfacet
  facet normal -0 0 1
    outer loop
      vertex -32 -7.5 4.8
      vertex -31.5 -9.5 4.8
      vertex -32 7.5 4.8
    endloop
  endfacet
  facet normal -0 0 1
    outer loop
      vertex -34 -7.5 4.8
      vertex -31.5 -9.5 4.8
      vertex -32 -7.5 4.8
    endloop
  endfacet
  facet normal 0 0 1
    outer loop
      vertex -34 -7.5 4.8
      vertex -35.5 -9.5 4.8
      vertex -31.5 -9.5 4.8
    endloop
  endfacet
  facet normal 0 0 1
    outer loop
      vertex -35.5 -9.5 4.8
      vertex -34 -7.5 4.8
      vertex -35.5 9.5 4.8
    endloop
  endfacet
  facet normal 1 -0 0
    outer loop
      vertex -31.5 -9.5 4.8
      vertex -31.5 9.5 0
      vertex -31.5 9.5 4.8
    endloop
  endfacet
  facet normal 1 0 0
    outer loop
      vertex -31.5 9.5 0
      vertex -31.5 -9.5 4.8
      vertex -31.5 -9.5 0
    endloop
  endfacet
  facet normal 0 1 -0
    outer loop
      vertex -31.5 9.5 0
      vertex -35.5 9.5 4.8
      vertex -31.5 9.5 4.8
    endloop
  endfacet
  facet normal 0 1 0
    outer loop
      vertex -35.5 9.5 4.8
      vertex -31.5 9.5 0
      vertex -35.5 9.5 0
    endloop
  endfacet
  facet normal 0 0 -1
    outer loop
      vertex -31.5 -9.5 0
      vertex -32 -7.5 0
      vertex -31.5 9.5 0
    endloop
  endfacet
  facet normal 0 0 -1
    outer loop
      vertex -31.5 -9.5 0
      vertex -34 -7.5 0
      vertex -32 -7.5 0
    endloop
  endfacet
  facet normal -0 0 -1
    outer loop
      vertex -34 -7.5 0
      vertex -35.5 -9.5 0
      vertex -34 7.5 0
    endloop
  endfacet
  facet normal 0 0 -1
    outer loop
      vertex -35.5 -9.5 0
      vertex -34 -7.5 0
      vertex -31.5 -9.5 0
    endloop
  endfacet
  facet normal 0 0 -1
    outer loop
      vertex -32 7.5 0
      vertex -31.5 9.5 0
      vertex -32 -7.5 0
    endloop
  endfacet
  facet normal 0 0 -1
    outer loop
      vertex -34 7.5 0
      vertex -31.5 9.5 0
      vertex -32 7.5 0
    endloop
  endfacet
  facet normal 0 0 -1
    outer loop
      vertex -34 7.5 0
      vertex -35.5 9.5 0
      vertex -31.5 9.5 0
    endloop
  endfacet
  facet normal 0 0 -1
    outer loop
      vertex -35.5 9.5 0
      vertex -34 7.5 0
      vertex -35.5 -9.5 0
    endloop
  endfacet
  facet normal 0 -1 0
    outer loop
      vertex -35.5 -9.5 0
      vertex -31.5 -9.5 4.8
      vertex -35.5 -9.5 4.8
    endloop
  endfacet
  facet normal 0 -1 -0
    outer loop
      vertex -31.5 -9.5 4.8
      vertex -35.5 -9.5 0
      vertex -31.5 -9.5 0
    endloop
  endfacet
  facet normal -1 0 0
    outer loop
      vertex -8.5 -9.5 0
      vertex -8.5 9.5 4.8
      vertex -8.5 9.5 0
    endloop
  endfacet
  facet normal -1 -0 0
    outer loop
      vertex -8.5 9.5 4.8
      vertex -8.5 -9.5 0
      vertex -8.5 -9.5 4.8
    endloop
  endfacet
  facet normal 0 0 1
    outer loop
      vertex -4.5 9.5 4.8
      vertex -6 7.5 4.8
      vertex -4.5 -9.5 4.8
    endloop
  endfacet
  facet normal -0 0 1
    outer loop
      vertex -8.5 9.5 4.8
      vertex -6 7.5 4.8
      vertex -4.5 9.5 4.8
    endloop
  endfacet
  facet normal 0 0 1
    outer loop
      vertex -8 7.5 4.8
      vertex -8.5 9.5 4.8
      vertex -8 -7.5 4.8
    endloop
  endfacet
  facet normal 0 0 1
    outer loop
      vertex -6 7.5 4.8
      vertex -8.5 9.5 4.8
      vertex -8 7.5 4.8
    endloop
  endfacet
  facet normal -0 0 1
    outer loop
      vertex -6 -7.5 4.8
      vertex -4.5 -9.5 4.8
      vertex -6 7.5 4.8
    endloop
  endfacet
  facet normal 0 0 1
    outer loop
      vertex -8.5 -9.5 4.8
      vertex -6 -7.5 4.8
      vertex -8 -7.5 4.8
    endloop
  endfacet
  facet normal 0 0 1
    outer loop
      vertex -6 -7.5 4.8
      vertex -8.5 -9.5 4.8
      vertex -4.5 -9.5 4.8
    endloop
  endfacet
  facet normal 0 0 1
    outer loop
      vertex -8.5 -9.5 4.8
      vertex -8 -7.5 4.8
      vertex -8.5 9.5 4.8
    endloop
  endfacet
  facet normal 1 -0 0
    outer loop
      vertex -4.5 -9.5 4.8
      vertex -4.5 9.5 0
      vertex -4.5 9.5 4.8
    endloop
  endfacet
  facet normal 1 0 0
    outer loop
      vertex -4.5 9.5 0
      vertex -4.5 -9.5 4.8
      vertex -4.5 -9.5 0
    endloop
  endfacet
  facet normal 0 1 -0
    outer loop
      vertex -4.5 9.5 0
      vertex -8.5 9.5 4.8
      vertex -4.5 9.5 4.8
    endloop
  endfacet
  facet normal 0 1 0
    outer loop
      vertex -8.5 9.5 4.8
      vertex -4.5 9.5 0
      vertex -8.5 9.5 0
    endloop
  endfacet
  facet normal 0 0 -1
    outer loop
      vertex -4.5 -9.5 0
      vertex -6 -7.5 0
      vertex -4.5 9.5 0
    endloop
  endfacet
  facet normal 0 0 -1
    outer loop
      vertex -8.5 -9.5 0
      vertex -6 -7.5 0
      vertex -4.5 -9.5 0
    endloop
  endfacet
  facet normal -0 0 -1
    outer loop
      vertex -8 -7.5 0
      vertex -8.5 -9.5 0
      vertex -8 7.5 0
    endloop
  endfacet
  facet normal -0 0 -1
    outer loop
      vertex -6 -7.5 0
      vertex -8.5 -9.5 0
      vertex -8 -7.5 0
    endloop
  endfacet
  facet normal 0 0 -1
    outer loop
      vertex -6 7.5 0
      vertex -4.5 9.5 0
      vertex -6 -7.5 0
    endloop
  endfacet
  facet normal 0 0 -1
    outer loop
      vertex -8.5 9.5 0
      vertex -6 7.5 0
      vertex -8 7.5 0
    endloop
  endfacet
  facet normal 0 0 -1
    outer loop
      vertex -6 7.5 0
      vertex -8.5 9.5 0
      vertex -4.5 9.5 0
    endloop
  endfacet
  facet normal 0 0 -1
    outer loop
      vertex -8.5 9.5 0
      vertex -8 7.5 0
      vertex -8.5 -9.5 0
    endloop
  endfacet
  facet normal 0 -1 0
    outer loop
      vertex -8.5 -9.5 0
      vertex -4.5 -9.5 4.8
      vertex -8.5 -9.5 4.8
    endloop
  endfacet
  facet normal 0 -1 -0
    outer loop
      vertex -4.5 -9.5 4.8
      vertex -8.5 -9.5 0
      vertex -4.5 -9.5 0
    endloop
  endfacet
  facet normal 0 0 -1
    outer loop
      vertex -27 -14 0
      vertex -22 -11 0
      vertex -22 -14 0
    endloop
  endfacet
  facet normal 0 0 -1
    outer loop
      vertex -29.1 -11 0
      vertex -27 -14 0
      vertex -27.5221 -13.9658 0
    endloop
  endfacet
  facet normal 0 0 -1
    outer loop
      vertex -29.1 -11 0
      vertex -27.5221 -13.9658 0
      vertex -28.0353 -13.8637 0
    endloop
  endfacet
  facet normal 0 0 -1
    outer loop
      vertex -29.1 -11 0
      vertex -28.0353 -13.8637 0
      vertex -28.5307 -13.6955 0
    endloop
  endfacet
  facet normal 0 0 -1
    outer loop
      vertex -29.1 -11 0
      vertex -28.5307 -13.6955 0
      vertex -29 -13.4641 0
    endloop
  endfacet
  facet normal 0 0 -1
    outer loop
      vertex -27 -14 0
      vertex -29.1 -11 0
      vertex -22 -11 0
    endloop
  endfacet
  facet normal 0 0 -1
    outer loop
      vertex -29.8284 -12.8284 0
      vertex -29.1 -11 0
      vertex -29.435 -13.1734 0
    endloop
  endfacet
  facet normal 0 0 -1
    outer loop
      vertex -29.435 -13.1734 0
      vertex -29.1 -11 0
      vertex -29 -13.4641 0
    endloop
  endfacet
  facet normal 0 0 -1
    outer loop
      vertex -10.9 -11 0
      vertex -9 -10 0
      vertex -9.03422 -10.5221 0
    endloop
  endfacet
  facet normal -0 0 -1
    outer loop
      vertex -9 -10 0
      vertex -10.9 -11 0
      vertex -9 10 0
    endloop
  endfacet
  facet normal 0 0 -1
    outer loop
      vertex -10.9 -11 0
      vertex -9.03422 -10.5221 0
      vertex -9.1363 -11.0353 0
    endloop
  endfacet
  facet normal 0 0 -1
    outer loop
      vertex -10.9 11 0
      vertex -9 10 0
      vertex -10.9 -11 0
    endloop
  endfacet
  facet normal 0 0 -1
    outer loop
      vertex -10.9 -11 0
      vertex -9.1363 -11.0353 0
      vertex -9.30448 -11.5307 0
    endloop
  endfacet
  facet normal 0 0 -1
    outer loop
      vertex -9 10 0
      vertex -10.9 11 0
      vertex -9.03422 10.5221 0
    endloop
  endfacet
  facet normal 0 0 -1
    outer loop
      vertex -10.9 -11 0
      vertex -9.30448 -11.5307 0
      vertex -9.5359 -12 0
    endloop
  endfacet
  facet normal 0 0 -1
    outer loop
      vertex -9.03422 10.5221 0
      vertex -10.9 11 0
      vertex -9.1363 11.0353 0
    endloop
  endfacet
  facet normal 0 0 -1
    outer loop
      vertex -10.9 -11 0
      vertex -9.5359 -12 0
      vertex -9.82659 -12.435 0
    endloop
  endfacet
  facet normal -0 0 -1
    outer loop
      vertex -9.1363 11.0353 0
      vertex -10.9 11 0
      vertex -9.30448 11.5307 0
    endloop
  endfacet
  facet normal 0 0 -1
    outer loop
      vertex -10.9 -11 0
      vertex -9.82659 -12.435 0
      vertex -10.1716 -12.8284 0
    endloop
  endfacet
  facet normal -0 0 -1
    outer loop
      vertex -9.30448 11.5307 0
      vertex -10.9 11 0
      vertex -9.5359 12 0
    endloop
  endfacet
  facet normal 0 0 -1
    outer loop
      vertex -10.9 -11 0
      vertex -10.1716 -12.8284 0
      vertex -10.565 -13.1734 0
    endloop
  endfacet
  facet normal -0 0 -1
    outer loop
      vertex -9.5359 12 0
      vertex -10.9 11 0
      vertex -9.82659 12.435 0
    endloop
  endfacet
  facet normal -0 0 -1
    outer loop
      vertex -9.82659 12.435 0
      vertex -10.9 11 0
      vertex -10.1716 12.8284 0
    endloop
  endfacet
  facet normal 0 0 -1
    outer loop
      vertex -11 -13.4641 0
      vertex -10.9 -11 0
      vertex -10.565 -13.1734 0
    endloop
  endfacet
  facet normal 0 0 -1
    outer loop
      vertex -11.4693 -13.6955 0
      vertex -10.9 -11 0
      vertex -11 -13.4641 0
    endloop
  endfacet
  facet normal 0 0 -1
    outer loop
      vertex -11.9647 -13.8637 0
      vertex -10.9 -11 0
      vertex -11.4693 -13.6955 0
    endloop
  endfacet
  facet normal 0 0 -1
    outer loop
      vertex -12.4779 -13.9658 0
      vertex -10.9 -11 0
      vertex -11.9647 -13.8637 0
    endloop
  endfacet
  facet normal 0 0 -1
    outer loop
      vertex -13 -14 0
      vertex -10.9 -11 0
      vertex -12.4779 -13.9658 0
    endloop
  endfacet
  facet normal 0 0 -1
    outer loop
      vertex -18 -11 0
      vertex -13 -14 0
      vertex -18 -14 0
    endloop
  endfacet
  facet normal 0 0 -1
    outer loop
      vertex -13 -14 0
      vertex -18 -11 0
      vertex -10.9 -11 0
    endloop
  endfacet
  facet normal -0 0 -1
    outer loop
      vertex -10.1716 12.8284 0
      vertex -10.9 11 0
      vertex -10.565 13.1734 0
    endloop
  endfacet
  facet normal 0 0 -1
    outer loop
      vertex -10.9 11 0
      vertex -11 13.4641 0
      vertex -10.565 13.1734 0
    endloop
  endfacet
  facet normal 0 0 -1
    outer loop
      vertex -10.9 11 0
      vertex -11.4693 13.6955 0
      vertex -11 13.4641 0
    endloop
  endfacet
  facet normal 0 0 -1
    outer loop
      vertex -10.9 11 0
      vertex -11.9647 13.8637 0
      vertex -11.4693 13.6955 0
    endloop
  endfacet
  facet normal 0 0 -1
    outer loop
      vertex -10.9 11 0
      vertex -12.4779 13.9658 0
      vertex -11.9647 13.8637 0
    endloop
  endfacet
  facet normal 0 0 -1
    outer loop
      vertex -10.9 11 0
      vertex -13 14 0
      vertex -12.4779 13.9658 0
    endloop
  endfacet
  facet normal 0 0 -1
    outer loop
      vertex -10.9 11 0
      vertex -27 14 0
      vertex -13 14 0
    endloop
  endfacet
  facet normal 0 0 -1
    outer loop
      vertex -29.1 11 0
      vertex -27 14 0
      vertex -10.9 11 0
    endloop
  endfacet
  facet normal 0 0 -1
    outer loop
      vertex -27 14 0
      vertex -29.1 11 0
      vertex -27.5221 13.9658 0
    endloop
  endfacet
  facet normal 0 0 -1
    outer loop
      vertex -27.5221 13.9658 0
      vertex -29.1 11 0
      vertex -28.0353 13.8637 0
    endloop
  endfacet
  facet normal 0 0 -1
    outer loop
      vertex -28.0353 13.8637 0
      vertex -29.1 11 0
      vertex -28.5307 13.6955 0
    endloop
  endfacet
  facet normal 0 0 -1
    outer loop
      vertex -28.5307 13.6955 0
      vertex -29.1 11 0
      vertex -29 13.4641 0
    endloop
  endfacet
  facet normal 0 0 -1
    outer loop
      vertex -29.1 11 0
      vertex -29.435 13.1734 0
      vertex -29 13.4641 0
    endloop
  endfacet
  facet normal 0 0 -1
    outer loop
      vertex -29.1 -11 0
      vertex -31 -10 0
      vertex -29.1 11 0
    endloop
  endfacet
  facet normal 0 0 -1
    outer loop
      vertex -30.1734 -12.435 0
      vertex -29.1 -11 0
      vertex -29.8284 -12.8284 0
    endloop
  endfacet
  facet normal 0 0 -1
    outer loop
      vertex -31 10 0
      vertex -29.1 11 0
      vertex -31 -10 0
    endloop
  endfacet
  facet normal 0 0 -1
    outer loop
      vertex -30.4641 -12 0
      vertex -29.1 -11 0
      vertex -30.1734 -12.435 0
    endloop
  endfacet
  facet normal 0 -0 -1
    outer loop
      vertex -30.9658 10.5221 0
      vertex -29.1 11 0
      vertex -31 10 0
    endloop
  endfacet
  facet normal 0 0 -1
    outer loop
      vertex -30.6955 -11.5307 0
      vertex -29.1 -11 0
      vertex -30.4641 -12 0
    endloop
  endfacet
  facet normal 0 0 -1
    outer loop
      vertex -29.1 11 0
      vertex -29.8284 12.8284 0
      vertex -29.435 13.1734 0
    endloop
  endfacet
  facet normal 0 0 -1
    outer loop
      vertex -30.8637 -11.0353 0
      vertex -29.1 -11 0
      vertex -30.6955 -11.5307 0
    endloop
  endfacet
  facet normal 0 0 -1
    outer loop
      vertex -29.1 11 0
      vertex -30.1734 12.435 0
      vertex -29.8284 12.8284 0
    endloop
  endfacet
  facet normal 0 0 -1
    outer loop
      vertex -30.9658 -10.5221 0
      vertex -29.1 -11 0
      vertex -30.8637 -11.0353 0
    endloop
  endfacet
  facet normal 0 0 -1
    outer loop
      vertex -29.1 11 0
      vertex -30.4641 12 0
      vertex -30.1734 12.435 0
    endloop
  endfacet
  facet normal 0 0 -1
    outer loop
      vertex -29.1 -11 0
      vertex -30.9658 -10.5221 0
      vertex -31 -10 0
    endloop
  endfacet
  facet normal 0 0 -1
    outer loop
      vertex -29.1 11 0
      vertex -30.6955 11.5307 0
      vertex -30.4641 12 0
    endloop
  endfacet
  facet normal 0 0 -1
    outer loop
      vertex -29.1 11 0
      vertex -30.8637 11.0353 0
      vertex -30.6955 11.5307 0
    endloop
  endfacet
  facet normal -0 0 -1
    outer loop
      vertex -29.1 11 0
      vertex -30.9658 10.5221 0
      vertex -30.8637 11.0353 0
    endloop
  endfacet
  facet normal -0.980779 -0.195124 0
    outer loop
      vertex -30.8637 -11.0353 0
      vertex -30.9658 -10.5221 4.8
      vertex -30.9658 -10.5221 0
    endloop
  endfacet
  facet normal -0.980779 -0.195124 0
    outer loop
      vertex -30.9658 -10.5221 4.8
      vertex -30.8637 -11.0353 0
      vertex -30.8637 -11.0353 4.8
    endloop
  endfacet
  facet normal -1 0 0
    outer loop
      vertex -31 -10 0
      vertex -31 10 4.8
      vertex -31 10 0
    endloop
  endfacet
  facet normal -1 -0 0
    outer loop
      vertex -31 10 4.8
      vertex -31 -10 0
      vertex -31 -10 4.8
    endloop
  endfacet
  facet normal 0.997859 0.0654027 0
    outer loop
      vertex -9 10 4.8
      vertex -9.03422 10.5221 0
      vertex -9.03422 10.5221 4.8
    endloop
  endfacet
  facet normal 0.997859 0.0654027 0
    outer loop
      vertex -9.03422 10.5221 0
      vertex -9 10 4.8
      vertex -9 10 0
    endloop
  endfacet
  facet normal -0.997861 -0.0653646 0
    outer loop
      vertex -30.9658 -10.5221 0
      vertex -31 -10 4.8
      vertex -31 -10 0
    endloop
  endfacet
  facet normal -0.997861 -0.0653646 0
    outer loop
      vertex -31 -10 4.8
      vertex -30.9658 -10.5221 0
      vertex -30.9658 -10.5221 4.8
    endloop
  endfacet
  facet normal 0.659343 -0.751842 0
    outer loop
      vertex -10.565 -13.1734 0
      vertex -10.1716 -12.8284 4.8
      vertex -10.565 -13.1734 4.8
    endloop
  endfacet
  facet normal 0.659343 -0.751842 0
    outer loop
      vertex -10.1716 -12.8284 4.8
      vertex -10.565 -13.1734 0
      vertex -10.1716 -12.8284 0
    endloop
  endfacet
  facet normal -0.659343 0.751842 0
    outer loop
      vertex -29.435 13.1734 0
      vertex -29.8284 12.8284 4.8
      vertex -29.435 13.1734 4.8
    endloop
  endfacet
  facet normal -0.659343 0.751842 0
    outer loop
      vertex -29.8284 12.8284 4.8
      vertex -29.435 13.1734 0
      vertex -29.8284 12.8284 0
    endloop
  endfacet
  facet normal 0 0 1
    outer loop
      vertex -14.856 6.70384 4.8
      vertex -9 10 4.8
      vertex -9.03422 10.5221 4.8
    endloop
  endfacet
  facet normal 0 0 1
    outer loop
      vertex -9 10 4.8
      vertex -11.55 0 4.8
      vertex -9 -10 4.8
    endloop
  endfacet
  facet normal 0 0 1
    outer loop
      vertex -14.856 6.70384 4.8
      vertex -9.03422 10.5221 4.8
      vertex -9.1363 11.0353 4.8
    endloop
  endfacet
  facet normal -0 0 1
    outer loop
      vertex -11.6223 -1.10295 4.8
      vertex -9 -10 4.8
      vertex -11.55 0 4.8
    endloop
  endfacet
  facet normal 0 0 1
    outer loop
      vertex -14.856 6.70384 4.8
      vertex -9.1363 11.0353 4.8
      vertex -9.30448 11.5307 4.8
    endloop
  endfacet
  facet normal -0 0 1
    outer loop
      vertex -11.8379 -2.18702 4.8
      vertex -9 -10 4.8
      vertex -11.6223 -1.10295 4.8
    endloop
  endfacet
  facet normal 0 0 1
    outer loop
      vertex -14.856 6.70384 4.8
      vertex -9.30448 11.5307 4.8
      vertex -9.5359 12 4.8
    endloop
  endfacet
  facet normal -0 0 1
    outer loop
      vertex -12.1932 -3.23368 4.8
      vertex -9 -10 4.8
      vertex -11.8379 -2.18702 4.8
    endloop
  endfacet
  facet normal 0 0 1
    outer loop
      vertex -14.856 6.70384 4.8
      vertex -9.5359 12 4.8
      vertex -9.82659 12.435 4.8
    endloop
  endfacet
  facet normal -0 0 1
    outer loop
      vertex -12.6821 -4.225 4.8
      vertex -9 -10 4.8
      vertex -12.1932 -3.23368 4.8
    endloop
  endfacet
  facet normal 0 0 1
    outer loop
      vertex -14.856 6.70384 4.8
      vertex -9.82659 12.435 4.8
      vertex -10.1716 12.8284 4.8
    endloop
  endfacet
  facet normal -0 0 1
    outer loop
      vertex -13.2962 -5.14403 4.8
      vertex -9 -10 4.8
      vertex -12.6821 -4.225 4.8
    endloop
  endfacet
  facet normal 0 0 1
    outer loop
      vertex -14.856 6.70384 4.8
      vertex -10.1716 12.8284 4.8
      vertex -10.565 13.1734 4.8
    endloop
  endfacet
  facet normal -0 0 1
    outer loop
      vertex -14.0249 -5.97505 4.8
      vertex -9 -10 4.8
      vertex -13.2962 -5.14403 4.8
    endloop
  endfacet
  facet normal 0 0 1
    outer loop
      vertex -14.856 6.70384 4.8
      vertex -10.565 13.1734 4.8
      vertex -11 13.4641 4.8
    endloop
  endfacet
  facet normal -0 0 1
    outer loop
      vertex -14.856 -6.70384 4.8
      vertex -9 -10 4.8
      vertex -14.0249 -5.97505 4.8
    endloop
  endfacet
  facet normal 0 0 1
    outer loop
      vertex -14.856 6.70384 4.8
      vertex -11 13.4641 4.8
      vertex -11.4693 13.6955 4.8
    endloop
  endfacet
  facet normal 0 0 1
    outer loop
      vertex -9 -10 4.8
      vertex -14.856 -6.70384 4.8
      vertex -9.03422 -10.5221 4.8
    endloop
  endfacet
  facet normal 0 0 1
    outer loop
      vertex -9.03422 -10.5221 4.8
      vertex -14.856 -6.70384 4.8
      vertex -9.1363 -11.0353 4.8
    endloop
  endfacet
  facet normal 0 0 1
    outer loop
      vertex -9 10 4.8
      vertex -11.6223 1.10295 4.8
      vertex -11.55 0 4.8
    endloop
  endfacet
  facet normal 0 0 1
    outer loop
      vertex -9 10 4.8
      vertex -11.8379 2.18702 4.8
      vertex -11.6223 1.10295 4.8
    endloop
  endfacet
  facet normal 0 0 1
    outer loop
      vertex -14.856 6.70384 4.8
      vertex -11.4693 13.6955 4.8
      vertex -11.9647 13.8637 4.8
    endloop
  endfacet
  facet normal 0 0 1
    outer loop
      vertex -9 10 4.8
      vertex -12.1932 3.23368 4.8
      vertex -11.8379 2.18702 4.8
    endloop
  endfacet
  facet normal 0 0 1
    outer loop
      vertex -14.856 6.70384 4.8
      vertex -11.9647 13.8637 4.8
      vertex -12.4779 13.9658 4.8
    endloop
  endfacet
  facet normal 0 0 1
    outer loop
      vertex -9 10 4.8
      vertex -12.6821 4.225 4.8
      vertex -12.1932 3.23368 4.8
    endloop
  endfacet
  facet normal 0 0 1
    outer loop
      vertex -14.856 6.70384 4.8
      vertex -12.4779 13.9658 4.8
      vertex -13 14 4.8
    endloop
  endfacet
  facet normal 0 0 1
    outer loop
      vertex -9 10 4.8
      vertex -13.2962 5.14403 4.8
      vertex -12.6821 4.225 4.8
    endloop
  endfacet
  facet normal 0 0 1
    outer loop
      vertex -9 10 4.8
      vertex -14.0249 5.97505 4.8
      vertex -13.2962 5.14403 4.8
    endloop
  endfacet
  facet normal 0 0 1
    outer loop
      vertex -9 10 4.8
      vertex -14.856 6.70384 4.8
      vertex -14.0249 5.97505 4.8
    endloop
  endfacet
  facet normal 0 0 1
    outer loop
      vertex -13 14 4.8
      vertex -15.775 7.31791 4.8
      vertex -14.856 6.70384 4.8
    endloop
  endfacet
  facet normal 0 0 1
    outer loop
      vertex -13 14 4.8
      vertex -16.7663 7.80678 4.8
      vertex -15.775 7.31791 4.8
    endloop
  endfacet
  facet normal 0 0 1
    outer loop
      vertex -13 14 4.8
      vertex -17.813 8.16207 4.8
      vertex -16.7663 7.80678 4.8
    endloop
  endfacet
  facet normal 0 0 1
    outer loop
      vertex -13 14 4.8
      vertex -18.8971 8.37771 4.8
      vertex -17.813 8.16207 4.8
    endloop
  endfacet
  facet normal 0 0 1
    outer loop
      vertex -13 14 4.8
      vertex -20 8.45 4.8
      vertex -18.8971 8.37771 4.8
    endloop
  endfacet
  facet normal -0 0 1
    outer loop
      vertex -27 14 4.8
      vertex -20 8.45 4.8
      vertex -13 14 4.8
    endloop
  endfacet
  facet normal 0 0 1
    outer loop
      vertex -20 8.45 4.8
      vertex -27 14 4.8
      vertex -21.1029 8.37771 4.8
    endloop
  endfacet
  facet normal 0 0 1
    outer loop
      vertex -21.1029 8.37771 4.8
      vertex -27 14 4.8
      vertex -22.187 8.16207 4.8
    endloop
  endfacet
  facet normal 0 0 1
    outer loop
      vertex -22.187 8.16207 4.8
      vertex -27 14 4.8
      vertex -23.2337 7.80678 4.8
    endloop
  endfacet
  facet normal 0 0 1
    outer loop
      vertex -23.2337 7.80678 4.8
      vertex -27 14 4.8
      vertex -24.225 7.31791 4.8
    endloop
  endfacet
  facet normal 0 0 1
    outer loop
      vertex -27 14 4.8
      vertex -25.144 6.70384 4.8
      vertex -24.225 7.31791 4.8
    endloop
  endfacet
  facet normal -0 0 1
    outer loop
      vertex -27.5221 13.9658 4.8
      vertex -25.144 6.70384 4.8
      vertex -27 14 4.8
    endloop
  endfacet
  facet normal 0 0 1
    outer loop
      vertex -25.144 6.70384 4.8
      vertex -31 10 4.8
      vertex -25.9751 5.97505 4.8
    endloop
  endfacet
  facet normal 0 0 1
    outer loop
      vertex -25.9751 5.97505 4.8
      vertex -31 10 4.8
      vertex -26.7038 5.14403 4.8
    endloop
  endfacet
  facet normal -0 0 1
    outer loop
      vertex -28.0353 13.8637 4.8
      vertex -25.144 6.70384 4.8
      vertex -27.5221 13.9658 4.8
    endloop
  endfacet
  facet normal 0 0 1
    outer loop
      vertex -26.7038 5.14403 4.8
      vertex -31 10 4.8
      vertex -27.3179 4.225 4.8
    endloop
  endfacet
  facet normal -0 0 1
    outer loop
      vertex -28.5307 13.6955 4.8
      vertex -25.144 6.70384 4.8
      vertex -28.0353 13.8637 4.8
    endloop
  endfacet
  facet normal 0 0 1
    outer loop
      vertex -27.3179 4.225 4.8
      vertex -31 10 4.8
      vertex -27.8068 3.23368 4.8
    endloop
  endfacet
  facet normal 0 0 1
    outer loop
      vertex -27.8068 3.23368 4.8
      vertex -31 10 4.8
      vertex -28.1621 2.18702 4.8
    endloop
  endfacet
  facet normal 0 0 1
    outer loop
      vertex -28.1621 2.18702 4.8
      vertex -31 10 4.8
      vertex -28.3777 1.10295 4.8
    endloop
  endfacet
  facet normal -0 0 1
    outer loop
      vertex -29 13.4641 4.8
      vertex -25.144 6.70384 4.8
      vertex -28.5307 13.6955 4.8
    endloop
  endfacet
  facet normal 0 0 1
    outer loop
      vertex -9.1363 -11.0353 4.8
      vertex -14.856 -6.70384 4.8
      vertex -9.30448 -11.5307 4.8
    endloop
  endfacet
  facet normal 0 0 1
    outer loop
      vertex -9.30448 -11.5307 4.8
      vertex -14.856 -6.70384 4.8
      vertex -9.5359 -12 4.8
    endloop
  endfacet
  facet normal 0 0 1
    outer loop
      vertex -9.5359 -12 4.8
      vertex -14.856 -6.70384 4.8
      vertex -9.82659 -12.435 4.8
    endloop
  endfacet
  facet normal 0 0 1
    outer loop
      vertex -9.82659 -12.435 4.8
      vertex -14.856 -6.70384 4.8
      vertex -10.1716 -12.8284 4.8
    endloop
  endfacet
  facet normal 0 0 1
    outer loop
      vertex -10.1716 -12.8284 4.8
      vertex -14.856 -6.70384 4.8
      vertex -10.565 -13.1734 4.8
    endloop
  endfacet
  facet normal 0 0 1
    outer loop
      vertex -10.565 -13.1734 4.8
      vertex -14.856 -6.70384 4.8
      vertex -11 -13.4641 4.8
    endloop
  endfacet
  facet normal 0 0 1
    outer loop
      vertex -11 -13.4641 4.8
      vertex -14.856 -6.70384 4.8
      vertex -11.4693 -13.6955 4.8
    endloop
  endfacet
  facet normal 0 0 1
    outer loop
      vertex -11.4693 -13.6955 4.8
      vertex -14.856 -6.70384 4.8
      vertex -11.9647 -13.8637 4.8
    endloop
  endfacet
  facet normal 0 0 1
    outer loop
      vertex -11.9647 -13.8637 4.8
      vertex -14.856 -6.70384 4.8
      vertex -12.4779 -13.9658 4.8
    endloop
  endfacet
  facet normal 0 0 1
    outer loop
      vertex -12.4779 -13.9658 4.8
      vertex -14.856 -6.70384 4.8
      vertex -13 -14 4.8
    endloop
  endfacet
  facet normal -0 0 1
    outer loop
      vertex -15.775 -7.31791 4.8
      vertex -13 -14 4.8
      vertex -14.856 -6.70384 4.8
    endloop
  endfacet
  facet normal -0 0 1
    outer loop
      vertex -16.7663 -7.80678 4.8
      vertex -13 -14 4.8
      vertex -15.775 -7.31791 4.8
    endloop
  endfacet
  facet normal -0 0 1
    outer loop
      vertex -17.813 -8.16207 4.8
      vertex -13 -14 4.8
      vertex -16.7663 -7.80678 4.8
    endloop
  endfacet
  facet normal -0 0 1
    outer loop
      vertex -18.8971 -8.37771 4.8
      vertex -13 -14 4.8
      vertex -17.813 -8.16207 4.8
    endloop
  endfacet
  facet normal -0 0 1
    outer loop
      vertex -20 -8.45 4.8
      vertex -13 -14 4.8
      vertex -18.8971 -8.37771 4.8
    endloop
  endfacet
  facet normal 0 0 1
    outer loop
      vertex -27 -14 4.8
      vertex -20 -8.45 4.8
      vertex -21.1029 -8.37771 4.8
    endloop
  endfacet
  facet normal 0 0 1
    outer loop
      vertex -27 -14 4.8
      vertex -21.1029 -8.37771 4.8
      vertex -22.187 -8.16207 4.8
    endloop
  endfacet
  facet normal 0 0 1
    outer loop
      vertex -27 -14 4.8
      vertex -22.187 -8.16207 4.8
      vertex -23.2337 -7.80678 4.8
    endloop
  endfacet
  facet normal 0 0 1
    outer loop
      vertex -27 -14 4.8
      vertex -23.2337 -7.80678 4.8
      vertex -24.225 -7.31791 4.8
    endloop
  endfacet
  facet normal 0 0 1
    outer loop
      vertex -20 -8.45 4.8
      vertex -27 -14 4.8
      vertex -13 -14 4.8
    endloop
  endfacet
  facet normal 0 0 1
    outer loop
      vertex -25.144 -6.70384 4.8
      vertex -27 -14 4.8
      vertex -24.225 -7.31791 4.8
    endloop
  endfacet
  facet normal 0 0 1
    outer loop
      vertex -31 -10 4.8
      vertex -25.144 -6.70384 4.8
      vertex -25.9751 -5.97505 4.8
    endloop
  endfacet
  facet normal 0 0 1
    outer loop
      vertex -31 -10 4.8
      vertex -25.9751 -5.97505 4.8
      vertex -26.7038 -5.14403 4.8
    endloop
  endfacet
  facet normal 0 0 1
    outer loop
      vertex -31 -10 4.8
      vertex -26.7038 -5.14403 4.8
      vertex -27.3179 -4.225 4.8
    endloop
  endfacet
  facet normal 0 -0 1
    outer loop
      vertex -30.4641 -12 4.8
      vertex -25.144 -6.70384 4.8
      vertex -31 -10 4.8
    endloop
  endfacet
  facet normal 0 0 1
    outer loop
      vertex -31 -10 4.8
      vertex -27.3179 -4.225 4.8
      vertex -27.8068 -3.23368 4.8
    endloop
  endfacet
  facet normal 0 0 1
    outer loop
      vertex -25.144 -6.70384 4.8
      vertex -27.5221 -13.9658 4.8
      vertex -27 -14 4.8
    endloop
  endfacet
  facet normal 0 0 1
    outer loop
      vertex -31 -10 4.8
      vertex -27.8068 -3.23368 4.8
      vertex -28.1621 -2.18702 4.8
    endloop
  endfacet
  facet normal 0 0 1
    outer loop
      vertex -31 -10 4.8
      vertex -28.1621 -2.18702 4.8
      vertex -28.3777 -1.10295 4.8
    endloop
  endfacet
  facet normal 0 0 1
    outer loop
      vertex -31 -10 4.8
      vertex -28.3777 -1.10295 4.8
      vertex -28.45 0 4.8
    endloop
  endfacet
  facet normal 0 0 1
    outer loop
      vertex -25.144 -6.70384 4.8
      vertex -28.0353 -13.8637 4.8
      vertex -27.5221 -13.9658 4.8
    endloop
  endfacet
  facet normal 0 0 1
    outer loop
      vertex -28.3777 1.10295 4.8
      vertex -31 10 4.8
      vertex -28.45 0 4.8
    endloop
  endfacet
  facet normal -0 0 1
    outer loop
      vertex -29.435 13.1734 4.8
      vertex -25.144 6.70384 4.8
      vertex -29 13.4641 4.8
    endloop
  endfacet
  facet normal 0 0 1
    outer loop
      vertex -31 -10 4.8
      vertex -28.45 0 4.8
      vertex -31 10 4.8
    endloop
  endfacet
  facet normal -0 0 1
    outer loop
      vertex -29.8284 12.8284 4.8
      vertex -25.144 6.70384 4.8
      vertex -29.435 13.1734 4.8
    endloop
  endfacet
  facet normal 0 0 1
    outer loop
      vertex -25.144 -6.70384 4.8
      vertex -28.5307 -13.6955 4.8
      vertex -28.0353 -13.8637 4.8
    endloop
  endfacet
  facet normal -0 0 1
    outer loop
      vertex -30.1734 12.435 4.8
      vertex -25.144 6.70384 4.8
      vertex -29.8284 12.8284 4.8
    endloop
  endfacet
  facet normal 0 0 1
    outer loop
      vertex -25.144 -6.70384 4.8
      vertex -29 -13.4641 4.8
      vertex -28.5307 -13.6955 4.8
    endloop
  endfacet
  facet normal -0 0 1
    outer loop
      vertex -30.4641 12 4.8
      vertex -25.144 6.70384 4.8
      vertex -30.1734 12.435 4.8
    endloop
  endfacet
  facet normal 0 0 1
    outer loop
      vertex -25.144 -6.70384 4.8
      vertex -29.435 -13.1734 4.8
      vertex -29 -13.4641 4.8
    endloop
  endfacet
  facet normal 0 0 1
    outer loop
      vertex -25.144 6.70384 4.8
      vertex -30.4641 12 4.8
      vertex -31 10 4.8
    endloop
  endfacet
  facet normal 0 0 1
    outer loop
      vertex -25.144 -6.70384 4.8
      vertex -29.8284 -12.8284 4.8
      vertex -29.435 -13.1734 4.8
    endloop
  endfacet
  facet normal 0 0 1
    outer loop
      vertex -31 10 4.8
      vertex -30.4641 12 4.8
      vertex -30.6955 11.5307 4.8
    endloop
  endfacet
  facet normal 0 0 1
    outer loop
      vertex -25.144 -6.70384 4.8
      vertex -30.1734 -12.435 4.8
      vertex -29.8284 -12.8284 4.8
    endloop
  endfacet
  facet normal 0 0 1
    outer loop
      vertex -31 10 4.8
      vertex -30.6955 11.5307 4.8
      vertex -30.8637 11.0353 4.8
    endloop
  endfacet
  facet normal 0 0 1
    outer loop
      vertex -25.144 -6.70384 4.8
      vertex -30.4641 -12 4.8
      vertex -30.1734 -12.435 4.8
    endloop
  endfacet
  facet normal 0 0 1
    outer loop
      vertex -31 10 4.8
      vertex -30.8637 11.0353 4.8
      vertex -30.9658 10.5221 4.8
    endloop
  endfacet
  facet normal 0 0 1
    outer loop
      vertex -30.4641 -12 4.8
      vertex -31 -10 4.8
      vertex -30.6955 -11.5307 4.8
    endloop
  endfacet
  facet normal 0 0 1
    outer loop
      vertex -30.6955 -11.5307 4.8
      vertex -31 -10 4.8
      vertex -30.8637 -11.0353 4.8
    endloop
  endfacet
  facet normal 0 0 1
    outer loop
      vertex -30.8637 -11.0353 4.8
      vertex -31 -10 4.8
      vertex -30.9658 -10.5221 4.8
    endloop
  endfacet
  facet normal -0.195124 -0.980779 0
    outer loop
      vertex -28.0353 -13.8637 0
      vertex -27.5221 -13.9658 4.8
      vertex -28.0353 -13.8637 4.8
    endloop
  endfacet
  facet normal -0.195124 -0.980779 -0
    outer loop
      vertex -27.5221 -13.9658 4.8
      vertex -28.0353 -13.8637 0
      vertex -27.5221 -13.9658 0
    endloop
  endfacet
  facet normal 0.195124 0.980779 -0
    outer loop
      vertex -11.9647 13.8637 0
      vertex -12.4779 13.9658 4.8
      vertex -11.9647 13.8637 4.8
    endloop
  endfacet
  facet normal 0.195124 0.980779 0
    outer loop
      vertex -12.4779 13.9658 4.8
      vertex -11.9647 13.8637 0
      vertex -12.4779 13.9658 0
    endloop
  endfacet
  facet normal -0.997861 0.0653646 0
    outer loop
      vertex -31 10 0
      vertex -30.9658 10.5221 4.8
      vertex -30.9658 10.5221 0
    endloop
  endfacet
  facet normal -0.997861 0.0653646 0
    outer loop
      vertex -30.9658 10.5221 4.8
      vertex -31 10 0
      vertex -31 10 4.8
    endloop
  endfacet
  facet normal 0.997859 -0.0654027 0
    outer loop
      vertex -9.03422 -10.5221 4.8
      vertex -9 -10 0
      vertex -9 -10 4.8
    endloop
  endfacet
  facet normal 0.997859 -0.0654027 0
    outer loop
      vertex -9 -10 0
      vertex -9.03422 -10.5221 4.8
      vertex -9.03422 -10.5221 0
    endloop
  endfacet
  facet normal 1 -0 0
    outer loop
      vertex -9 -10 4.8
      vertex -9 10 0
      vertex -9 10 4.8
    endloop
  endfacet
  facet normal 1 0 0
    outer loop
      vertex -9 10 0
      vertex -9 -10 4.8
      vertex -9 -10 0
    endloop
  endfacet
  facet normal -0.659343 -0.751842 0
    outer loop
      vertex -29.8284 -12.8284 0
      vertex -29.435 -13.1734 4.8
      vertex -29.8284 -12.8284 4.8
    endloop
  endfacet
  facet normal -0.659343 -0.751842 -0
    outer loop
      vertex -29.435 -13.1734 4.8
      vertex -29.8284 -12.8284 0
      vertex -29.435 -13.1734 0
    endloop
  endfacet
  facet normal 0.751833 0.659354 0
    outer loop
      vertex -9.82659 12.435 4.8
      vertex -10.1716 12.8284 0
      vertex -10.1716 12.8284 4.8
    endloop
  endfacet
  facet normal 0.751833 0.659354 0
    outer loop
      vertex -10.1716 12.8284 0
      vertex -9.82659 12.435 4.8
      vertex -9.82659 12.435 0
    endloop
  endfacet
  facet normal -0.0653646 0.997861 0
    outer loop
      vertex -27 14 0
      vertex -27.5221 13.9658 4.8
      vertex -27 14 4.8
    endloop
  endfacet
  facet normal -0.0653646 0.997861 0
    outer loop
      vertex -27.5221 13.9658 4.8
      vertex -27 14 0
      vertex -27.5221 13.9658 0
    endloop
  endfacet
  facet normal 0.0653646 0.997861 -0
    outer loop
      vertex -12.4779 13.9658 0
      vertex -13 14 4.8
      vertex -12.4779 13.9658 4.8
    endloop
  endfacet
  facet normal 0.0653646 0.997861 0
    outer loop
      vertex -13 14 4.8
      vertex -12.4779 13.9658 0
      vertex -13 14 0
    endloop
  endfacet
  facet normal -0.896898 0.442238 0
    outer loop
      vertex -30.6955 11.5307 0
      vertex -30.4641 12 4.8
      vertex -30.4641 12 0
    endloop
  endfacet
  facet normal -0.896898 0.442238 0
    outer loop
      vertex -30.4641 12 4.8
      vertex -30.6955 11.5307 0
      vertex -30.6955 11.5307 4.8
    endloop
  endfacet
  facet normal -0.751842 0.659343 0
    outer loop
      vertex -30.1734 12.435 0
      vertex -29.8284 12.8284 4.8
      vertex -29.8284 12.8284 0
    endloop
  endfacet
  facet normal -0.751842 0.659343 0
    outer loop
      vertex -29.8284 12.8284 4.8
      vertex -30.1734 12.435 0
      vertex -30.1734 12.435 4.8
    endloop
  endfacet
  facet normal 0.751833 -0.659354 0
    outer loop
      vertex -10.1716 -12.8284 4.8
      vertex -9.82659 -12.435 0
      vertex -9.82659 -12.435 4.8
    endloop
  endfacet
  facet normal 0.751833 -0.659354 0
    outer loop
      vertex -9.82659 -12.435 0
      vertex -10.1716 -12.8284 4.8
      vertex -10.1716 -12.8284 0
    endloop
  endfacet
  facet normal -0.0653646 -0.997861 0
    outer loop
      vertex -27.5221 -13.9658 0
      vertex -27 -14 4.8
      vertex -27.5221 -13.9658 4.8
    endloop
  endfacet
  facet normal -0.0653646 -0.997861 -0
    outer loop
      vertex -27 -14 4.8
      vertex -27.5221 -13.9658 0
      vertex -27 -14 0
    endloop
  endfacet
  facet normal -0.831432 -0.555626 0
    outer loop
      vertex -30.1734 -12.435 0
      vertex -30.4641 -12 4.8
      vertex -30.4641 -12 0
    endloop
  endfacet
  facet normal -0.831432 -0.555626 0
    outer loop
      vertex -30.4641 -12 4.8
      vertex -30.1734 -12.435 0
      vertex -30.1734 -12.435 4.8
    endloop
  endfacet
  facet normal 0.896883 0.442268 0
    outer loop
      vertex -9.30448 11.5307 4.8
      vertex -9.5359 12 0
      vertex -9.5359 12 4.8
    endloop
  endfacet
  facet normal 0.896883 0.442268 0
    outer loop
      vertex -9.5359 12 0
      vertex -9.30448 11.5307 4.8
      vertex -9.30448 11.5307 0
    endloop
  endfacet
  facet normal 0.831441 0.555613 0
    outer loop
      vertex -9.5359 12 4.8
      vertex -9.82659 12.435 0
      vertex -9.82659 12.435 4.8
    endloop
  endfacet
  facet normal 0.831441 0.555613 0
    outer loop
      vertex -9.82659 12.435 0
      vertex -9.5359 12 4.8
      vertex -9.5359 12 0
    endloop
  endfacet
  facet normal 0.555626 0.831432 -0
    outer loop
      vertex -10.565 13.1734 0
      vertex -11 13.4641 4.8
      vertex -10.565 13.1734 4.8
    endloop
  endfacet
  facet normal 0.555626 0.831432 0
    outer loop
      vertex -11 13.4641 4.8
      vertex -10.565 13.1734 0
      vertex -11 13.4641 0
    endloop
  endfacet
  facet normal 0.442238 0.896898 -0
    outer loop
      vertex -11 13.4641 0
      vertex -11.4693 13.6955 4.8
      vertex -11 13.4641 4.8
    endloop
  endfacet
  facet normal 0.442238 0.896898 0
    outer loop
      vertex -11.4693 13.6955 4.8
      vertex -11 13.4641 0
      vertex -11.4693 13.6955 0
    endloop
  endfacet
  facet normal 0.659343 0.751842 -0
    outer loop
      vertex -10.1716 12.8284 0
      vertex -10.565 13.1734 4.8
      vertex -10.1716 12.8284 4.8
    endloop
  endfacet
  facet normal 0.659343 0.751842 0
    outer loop
      vertex -10.565 13.1734 4.8
      vertex -10.1716 12.8284 0
      vertex -10.565 13.1734 0
    endloop
  endfacet
  facet normal -0.442238 0.896898 0
    outer loop
      vertex -28.5307 13.6955 0
      vertex -29 13.4641 4.8
      vertex -28.5307 13.6955 4.8
    endloop
  endfacet
  facet normal -0.442238 0.896898 0
    outer loop
      vertex -29 13.4641 4.8
      vertex -28.5307 13.6955 0
      vertex -29 13.4641 0
    endloop
  endfacet
  facet normal -0.555626 0.831432 0
    outer loop
      vertex -29 13.4641 0
      vertex -29.435 13.1734 4.8
      vertex -29 13.4641 4.8
    endloop
  endfacet
  facet normal -0.555626 0.831432 0
    outer loop
      vertex -29.435 13.1734 4.8
      vertex -29 13.4641 0
      vertex -29.435 13.1734 0
    endloop
  endfacet
  facet normal 0 1 -0
    outer loop
      vertex -13 14 0
      vertex -27 14 4.8
      vertex -13 14 4.8
    endloop
  endfacet
  facet normal 0 1 0
    outer loop
      vertex -27 14 4.8
      vertex -13 14 0
      vertex -27 14 0
    endloop
  endfacet
  facet normal -0.831432 0.555626 0
    outer loop
      vertex -30.4641 12 0
      vertex -30.1734 12.435 4.8
      vertex -30.1734 12.435 0
    endloop
  endfacet
  facet normal -0.831432 0.555626 0
    outer loop
      vertex -30.1734 12.435 4.8
      vertex -30.4641 12 0
      vertex -30.4641 12 4.8
    endloop
  endfacet
  facet normal -0.980779 0.195124 0
    outer loop
      vertex -30.9658 10.5221 0
      vertex -30.8637 11.0353 4.8
      vertex -30.8637 11.0353 0
    endloop
  endfacet
  facet normal -0.980779 0.195124 0
    outer loop
      vertex -30.8637 11.0353 4.8
      vertex -30.9658 10.5221 0
      vertex -30.9658 10.5221 4.8
    endloop
  endfacet
  facet normal -0.94691 0.321498 0
    outer loop
      vertex -30.8637 11.0353 0
      vertex -30.6955 11.5307 4.8
      vertex -30.6955 11.5307 0
    endloop
  endfacet
  facet normal -0.94691 0.321498 0
    outer loop
      vertex -30.6955 11.5307 4.8
      vertex -30.8637 11.0353 0
      vertex -30.8637 11.0353 4.8
    endloop
  endfacet
  facet normal 0.831441 -0.555613 0
    outer loop
      vertex -9.82659 -12.435 4.8
      vertex -9.5359 -12 0
      vertex -9.5359 -12 4.8
    endloop
  endfacet
  facet normal 0.831441 -0.555613 0
    outer loop
      vertex -9.5359 -12 0
      vertex -9.82659 -12.435 4.8
      vertex -9.82659 -12.435 0
    endloop
  endfacet
  facet normal 0.946922 -0.321464 0
    outer loop
      vertex -9.30448 -11.5307 4.8
      vertex -9.1363 -11.0353 0
      vertex -9.1363 -11.0353 4.8
    endloop
  endfacet
  facet normal 0.946922 -0.321464 0
    outer loop
      vertex -9.1363 -11.0353 0
      vertex -9.30448 -11.5307 4.8
      vertex -9.30448 -11.5307 0
    endloop
  endfacet
  facet normal 0 -1 0
    outer loop
      vertex -27 -14 4.8
      vertex -22 -14 1.8
      vertex -13 -14 4.8
    endloop
  endfacet
  facet normal 0 -1 0
    outer loop
      vertex -27 -14 0
      vertex -22 -14 1.8
      vertex -27 -14 4.8
    endloop
  endfacet
  facet normal 0 -1 -0
    outer loop
      vertex -22 -14 1.8
      vertex -27 -14 0
      vertex -22 -14 0
    endloop
  endfacet
  facet normal 0 -1 0
    outer loop
      vertex -18 -14 1.8
      vertex -13 -14 4.8
      vertex -22 -14 1.8
    endloop
  endfacet
  facet normal 0 -1 0
    outer loop
      vertex -13 -14 0
      vertex -18 -14 1.8
      vertex -18 -14 0
    endloop
  endfacet
  facet normal 0 -1 0
    outer loop
      vertex -18 -14 1.8
      vertex -13 -14 0
      vertex -13 -14 4.8
    endloop
  endfacet
  facet normal 0.555626 -0.831432 0
    outer loop
      vertex -11 -13.4641 0
      vertex -10.565 -13.1734 4.8
      vertex -11 -13.4641 4.8
    endloop
  endfacet
  facet normal 0.555626 -0.831432 0
    outer loop
      vertex -10.565 -13.1734 4.8
      vertex -11 -13.4641 0
      vertex -10.565 -13.1734 0
    endloop
  endfacet
  facet normal -0.555626 -0.831432 0
    outer loop
      vertex -29.435 -13.1734 0
      vertex -29 -13.4641 4.8
      vertex -29.435 -13.1734 4.8
    endloop
  endfacet
  facet normal -0.555626 -0.831432 -0
    outer loop
      vertex -29 -13.4641 4.8
      vertex -29.435 -13.1734 0
      vertex -29 -13.4641 0
    endloop
  endfacet
  facet normal -0.321498 -0.94691 0
    outer loop
      vertex -28.5307 -13.6955 0
      vertex -28.0353 -13.8637 4.8
      vertex -28.5307 -13.6955 4.8
    endloop
  endfacet
  facet normal -0.321498 -0.94691 -0
    outer loop
      vertex -28.0353 -13.8637 4.8
      vertex -28.5307 -13.6955 0
      vertex -28.0353 -13.8637 0
    endloop
  endfacet
  facet normal -0.751842 -0.659343 0
    outer loop
      vertex -29.8284 -12.8284 0
      vertex -30.1734 -12.435 4.8
      vertex -30.1734 -12.435 0
    endloop
  endfacet
  facet normal -0.751842 -0.659343 0
    outer loop
      vertex -30.1734 -12.435 4.8
      vertex -29.8284 -12.8284 0
      vertex -29.8284 -12.8284 4.8
    endloop
  endfacet
  facet normal -0.94691 -0.321498 0
    outer loop
      vertex -30.6955 -11.5307 0
      vertex -30.8637 -11.0353 4.8
      vertex -30.8637 -11.0353 0
    endloop
  endfacet
  facet normal -0.94691 -0.321498 0
    outer loop
      vertex -30.8637 -11.0353 4.8
      vertex -30.6955 -11.5307 0
      vertex -30.6955 -11.5307 4.8
    endloop
  endfacet
  facet normal 0.946922 0.321464 0
    outer loop
      vertex -9.1363 11.0353 4.8
      vertex -9.30448 11.5307 0
      vertex -9.30448 11.5307 4.8
    endloop
  endfacet
  facet normal 0.946922 0.321464 0
    outer loop
      vertex -9.30448 11.5307 0
      vertex -9.1363 11.0353 4.8
      vertex -9.1363 11.0353 0
    endloop
  endfacet
  facet normal 0.980786 0.195087 0
    outer loop
      vertex -9.03422 10.5221 4.8
      vertex -9.1363 11.0353 0
      vertex -9.1363 11.0353 4.8
    endloop
  endfacet
  facet normal 0.980786 0.195087 0
    outer loop
      vertex -9.1363 11.0353 0
      vertex -9.03422 10.5221 4.8
      vertex -9.03422 10.5221 0
    endloop
  endfacet
  facet normal 0.321498 0.94691 -0
    outer loop
      vertex -11.4693 13.6955 0
      vertex -11.9647 13.8637 4.8
      vertex -11.4693 13.6955 4.8
    endloop
  endfacet
  facet normal 0.321498 0.94691 0
    outer loop
      vertex -11.9647 13.8637 4.8
      vertex -11.4693 13.6955 0
      vertex -11.9647 13.8637 0
    endloop
  endfacet
  facet normal -0.321498 0.94691 0
    outer loop
      vertex -28.0353 13.8637 0
      vertex -28.5307 13.6955 4.8
      vertex -28.0353 13.8637 4.8
    endloop
  endfacet
  facet normal -0.321498 0.94691 0
    outer loop
      vertex -28.5307 13.6955 4.8
      vertex -28.0353 13.8637 0
      vertex -28.5307 13.6955 0
    endloop
  endfacet
  facet normal -0.195124 0.980779 0
    outer loop
      vertex -27.5221 13.9658 0
      vertex -28.0353 13.8637 4.8
      vertex -27.5221 13.9658 4.8
    endloop
  endfacet
  facet normal -0.195124 0.980779 0
    outer loop
      vertex -28.0353 13.8637 4.8
      vertex -27.5221 13.9658 0
      vertex -28.0353 13.8637 0
    endloop
  endfacet
  facet normal 0.896883 -0.442268 0
    outer loop
      vertex -9.5359 -12 4.8
      vertex -9.30448 -11.5307 0
      vertex -9.30448 -11.5307 4.8
    endloop
  endfacet
  facet normal 0.896883 -0.442268 0
    outer loop
      vertex -9.30448 -11.5307 0
      vertex -9.5359 -12 4.8
      vertex -9.5359 -12 0
    endloop
  endfacet
  facet normal 0.980786 -0.195087 0
    outer loop
      vertex -9.1363 -11.0353 4.8
      vertex -9.03422 -10.5221 0
      vertex -9.03422 -10.5221 4.8
    endloop
  endfacet
  facet normal 0.980786 -0.195087 0
    outer loop
      vertex -9.03422 -10.5221 0
      vertex -9.1363 -11.0353 4.8
      vertex -9.1363 -11.0353 0
    endloop
  endfacet
  facet normal 0.0653646 -0.997861 0
    outer loop
      vertex -13 -14 0
      vertex -12.4779 -13.9658 4.8
      vertex -13 -14 4.8
    endloop
  endfacet
  facet normal 0.0653646 -0.997861 0
    outer loop
      vertex -12.4779 -13.9658 4.8
      vertex -13 -14 0
      vertex -12.4779 -13.9658 0
    endloop
  endfacet
  facet normal 0.195124 -0.980779 0
    outer loop
      vertex -12.4779 -13.9658 0
      vertex -11.9647 -13.8637 4.8
      vertex -12.4779 -13.9658 4.8
    endloop
  endfacet
  facet normal 0.195124 -0.980779 0
    outer loop
      vertex -11.9647 -13.8637 4.8
      vertex -12.4779 -13.9658 0
      vertex -11.9647 -13.8637 0
    endloop
  endfacet
  facet normal 0.442238 -0.896898 0
    outer loop
      vertex -11.4693 -13.6955 0
      vertex -11 -13.4641 4.8
      vertex -11.4693 -13.6955 4.8
    endloop
  endfacet
  facet normal 0.442238 -0.896898 0
    outer loop
      vertex -11 -13.4641 4.8
      vertex -11.4693 -13.6955 0
      vertex -11 -13.4641 0
    endloop
  endfacet
  facet normal -0.442238 -0.896898 0
    outer loop
      vertex -29 -13.4641 0
      vertex -28.5307 -13.6955 4.8
      vertex -29 -13.4641 4.8
    endloop
  endfacet
  facet normal -0.442238 -0.896898 -0
    outer loop
      vertex -28.5307 -13.6955 4.8
      vertex -29 -13.4641 0
      vertex -28.5307 -13.6955 0
    endloop
  endfacet
  facet normal -0.896898 -0.442238 0
    outer loop
      vertex -30.4641 -12 0
      vertex -30.6955 -11.5307 4.8
      vertex -30.6955 -11.5307 0
    endloop
  endfacet
  facet normal -0.896898 -0.442238 0
    outer loop
      vertex -30.6955 -11.5307 4.8
      vertex -30.4641 -12 0
      vertex -30.4641 -12 4.8
    endloop
  endfacet
  facet normal 0.321498 -0.94691 0
    outer loop
      vertex -11.9647 -13.8637 0
      vertex -11.4693 -13.6955 4.8
      vertex -11.9647 -13.8637 4.8
    endloop
  endfacet
  facet normal 0.321498 -0.94691 0
    outer loop
      vertex -11.4693 -13.6955 4.8
      vertex -11.9647 -13.8637 0
      vertex -11.4693 -13.6955 0
    endloop
  endfacet
  facet normal 0.706348 0.0463256 0.706348
    outer loop
      vertex -11.55 0 4.8
      vertex -12.2172 1.02463 5.4
      vertex -12.15 0 5.4
    endloop
  endfacet
  facet normal 0.706328 0.0463009 0.706368
    outer loop
      vertex -11.6223 1.10295 4.8
      vertex -12.2172 1.02463 5.4
      vertex -11.55 0 4.8
    endloop
  endfacet
  facet normal -0.706348 -0.0463256 0.706348
    outer loop
      vertex -27.85 0 5.4
      vertex -28.45 0 4.8
      vertex -27.7828 -1.02463 5.4
    endloop
  endfacet
  facet normal 0.694241 0.138076 0.706374
    outer loop
      vertex -11.8379 2.18702 4.8
      vertex -12.4175 2.03173 5.4
      vertex -12.2172 1.02463 5.4
    endloop
  endfacet
  facet normal 0.466721 0.53219 0.706361
    outer loop
      vertex -14.0249 5.97505 4.8
      vertex -15.2212 6.22782 5.4
      vertex -14.4492 5.55079 5.4
    endloop
  endfacet
  facet normal 0.0462994 -0.706348 0.706348
    outer loop
      vertex -20 -7.85 5.4
      vertex -20 -8.45 4.8
      vertex -18.9754 -7.78284 5.4
    endloop
  endfacet
  facet normal 0.670325 -0.227502 0.706334
    outer loop
      vertex -12.4175 -2.03173 5.4
      vertex -12.7475 -3.00406 5.4
      vertex -12.1932 -3.23368 4.8
    endloop
  endfacet
  facet normal -0.0462994 0.706348 0.706348
    outer loop
      vertex -20 8.45 4.8
      vertex -21.0246 7.78284 5.4
      vertex -20 7.85 5.4
    endloop
  endfacet
  facet normal -0.138095 0.694266 0.706346
    outer loop
      vertex -21.0246 7.78284 5.4
      vertex -22.187 8.16207 4.8
      vertex -22.0317 7.58252 5.4
    endloop
  endfacet
  facet normal -0.694241 -0.138076 0.706374
    outer loop
      vertex -27.7828 -1.02463 5.4
      vertex -28.1621 -2.18702 4.8
      vertex -27.5825 -2.03173 5.4
    endloop
  endfacet
  facet normal -0.466721 -0.53219 0.706361
    outer loop
      vertex -25.5508 -5.55079 5.4
      vertex -25.9751 -5.97505 4.8
      vertex -24.7788 -6.22782 5.4
    endloop
  endfacet
  facet normal 0.532202 -0.466705 0.706362
    outer loop
      vertex -13.7722 -4.77878 5.4
      vertex -14.4492 -5.55079 5.4
      vertex -14.0249 -5.97505 4.8
    endloop
  endfacet
  facet normal 0.670273 -0.227532 0.706373
    outer loop
      vertex -11.8379 -2.18702 4.8
      vertex -12.4175 -2.03173 5.4
      vertex -12.1932 -3.23368 4.8
    endloop
  endfacet
  facet normal 0.670273 0.227532 0.706373
    outer loop
      vertex -12.1932 3.23368 4.8
      vertex -12.4175 2.03173 5.4
      vertex -11.8379 2.18702 4.8
    endloop
  endfacet
  facet normal 0.694247 0.138072 0.706369
    outer loop
      vertex -11.8379 2.18702 4.8
      vertex -12.2172 1.02463 5.4
      vertex -11.6223 1.10295 4.8
    endloop
  endfacet
  facet normal -0.706328 0.0463009 0.706368
    outer loop
      vertex -28.3777 1.10295 4.8
      vertex -28.45 0 4.8
      vertex -27.7828 1.02463 5.4
    endloop
  endfacet
  facet normal -0.670273 -0.227532 0.706373
    outer loop
      vertex -27.5825 -2.03173 5.4
      vertex -28.1621 -2.18702 4.8
      vertex -27.8068 -3.23368 4.8
    endloop
  endfacet
  facet normal -0.0462978 -0.706347 0.70635
    outer loop
      vertex -21.0246 -7.78284 5.4
      vertex -21.1029 -8.37771 4.8
      vertex -20 -8.45 4.8
    endloop
  endfacet
  facet normal -0.393282 -0.588575 0.706334
    outer loop
      vertex -24.7788 -6.22782 5.4
      vertex -25.144 -6.70384 4.8
      vertex -24.225 -7.31791 4.8
    endloop
  endfacet
  facet normal 0.227526 -0.670302 0.706347
    outer loop
      vertex -16.7663 -7.80678 4.8
      vertex -17.9683 -7.58252 5.4
      vertex -17.813 -8.16207 4.8
    endloop
  endfacet
  facet normal 0.138095 -0.694266 0.706346
    outer loop
      vertex -17.9683 -7.58252 5.4
      vertex -18.9754 -7.78284 5.4
      vertex -17.813 -8.16207 4.8
    endloop
  endfacet
  facet normal 0.532232 -0.466701 0.706342
    outer loop
      vertex -13.7722 -4.77878 5.4
      vertex -14.0249 -5.97505 4.8
      vertex -13.2962 -5.14403 4.8
    endloop
  endfacet
  facet normal 0.694241 -0.138076 0.706374
    outer loop
      vertex -12.2172 -1.02463 5.4
      vertex -12.4175 -2.03173 5.4
      vertex -11.8379 -2.18702 4.8
    endloop
  endfacet
  facet normal -0.706348 0.0463256 0.706348
    outer loop
      vertex -27.7828 1.02463 5.4
      vertex -28.45 0 4.8
      vertex -27.85 0 5.4
    endloop
  endfacet
  facet normal -0.393264 0.588573 0.706346
    outer loop
      vertex -24.225 7.31791 4.8
      vertex -24.7788 6.22782 5.4
      vertex -23.925 6.7983 5.4
    endloop
  endfacet
  facet normal 0.634864 0.31311 0.706336
    outer loop
      vertex -12.1932 3.23368 4.8
      vertex -13.2017 3.925 5.4
      vertex -12.7475 3.00406 5.4
    endloop
  endfacet
  facet normal 0.393282 0.588575 0.706334
    outer loop
      vertex -14.856 6.70384 4.8
      vertex -15.775 7.31791 4.8
      vertex -15.2212 6.22782 5.4
    endloop
  endfacet
  facet normal 0.466715 0.532234 0.706331
    outer loop
      vertex -14.856 6.70384 4.8
      vertex -15.2212 6.22782 5.4
      vertex -14.0249 5.97505 4.8
    endloop
  endfacet
  facet normal -0.694247 -0.138072 0.706369
    outer loop
      vertex -27.7828 -1.02463 5.4
      vertex -28.3777 -1.10295 4.8
      vertex -28.1621 -2.18702 4.8
    endloop
  endfacet
  facet normal -0.706328 -0.0463009 0.706368
    outer loop
      vertex -27.7828 -1.02463 5.4
      vertex -28.45 0 4.8
      vertex -28.3777 -1.10295 4.8
    endloop
  endfacet
  facet normal -0.0462994 -0.706348 0.706348
    outer loop
      vertex -20 -7.85 5.4
      vertex -21.0246 -7.78284 5.4
      vertex -20 -8.45 4.8
    endloop
  endfacet
  facet normal -0.634864 -0.31311 0.706336
    outer loop
      vertex -27.2525 -3.00406 5.4
      vertex -27.8068 -3.23368 4.8
      vertex -26.7983 -3.925 5.4
    endloop
  endfacet
  facet normal 0.138097 -0.694263 0.706349
    outer loop
      vertex -17.813 -8.16207 4.8
      vertex -18.9754 -7.78284 5.4
      vertex -18.8971 -8.37771 4.8
    endloop
  endfacet
  facet normal 0.0462978 -0.706347 0.70635
    outer loop
      vertex -18.9754 -7.78284 5.4
      vertex -20 -8.45 4.8
      vertex -18.8971 -8.37771 4.8
    endloop
  endfacet
  facet normal 0.466715 -0.532234 0.706331
    outer loop
      vertex -14.0249 -5.97505 4.8
      vertex -15.2212 -6.22782 5.4
      vertex -14.856 -6.70384 4.8
    endloop
  endfacet
  facet normal 0.393264 -0.588573 0.706346
    outer loop
      vertex -15.2212 -6.22782 5.4
      vertex -16.075 -6.7983 5.4
      vertex -15.775 -7.31791 4.8
    endloop
  endfacet
  facet normal 0.313088 -0.634862 0.706347
    outer loop
      vertex -16.075 -6.7983 5.4
      vertex -16.9959 -7.25245 5.4
      vertex -16.7663 -7.80678 4.8
    endloop
  endfacet
  facet normal 0.588567 -0.393283 0.706341
    outer loop
      vertex -12.6821 -4.225 4.8
      vertex -13.7722 -4.77878 5.4
      vertex -13.2962 -5.14403 4.8
    endloop
  endfacet
  facet normal 0.634864 -0.31311 0.706336
    outer loop
      vertex -12.7475 -3.00406 5.4
      vertex -13.2017 -3.925 5.4
      vertex -12.1932 -3.23368 4.8
    endloop
  endfacet
  facet normal 0.694247 -0.138072 0.706369
    outer loop
      vertex -11.6223 -1.10295 4.8
      vertex -12.2172 -1.02463 5.4
      vertex -11.8379 -2.18702 4.8
    endloop
  endfacet
  facet normal 0 0 1
    outer loop
      vertex -12.75 0 5.4
      vertex -12.15 0 5.4
      vertex -12.2172 1.02463 5.4
    endloop
  endfacet
  facet normal 0 0 1
    outer loop
      vertex -12.812 0.946315 5.4
      vertex -12.2172 1.02463 5.4
      vertex -12.4175 2.03173 5.4
    endloop
  endfacet
  facet normal 0 0 1
    outer loop
      vertex -12.15 0 5.4
      vertex -12.75 0 5.4
      vertex -12.2172 -1.02463 5.4
    endloop
  endfacet
  facet normal 0 0 1
    outer loop
      vertex -12.997 1.87644 5.4
      vertex -12.4175 2.03173 5.4
      vertex -12.7475 3.00406 5.4
    endloop
  endfacet
  facet normal -0 0 1
    outer loop
      vertex -12.812 -0.946315 5.4
      vertex -12.2172 -1.02463 5.4
      vertex -12.75 0 5.4
    endloop
  endfacet
  facet normal 0 0 1
    outer loop
      vertex -12.2172 -1.02463 5.4
      vertex -12.812 -0.946315 5.4
      vertex -12.4175 -2.03173 5.4
    endloop
  endfacet
  facet normal 0 0 1
    outer loop
      vertex -12.2172 1.02463 5.4
      vertex -12.812 0.946315 5.4
      vertex -12.75 0 5.4
    endloop
  endfacet
  facet normal 0 0 1
    outer loop
      vertex -12.4175 2.03173 5.4
      vertex -12.997 1.87644 5.4
      vertex -12.812 0.946315 5.4
    endloop
  endfacet
  facet normal 0 0 1
    outer loop
      vertex -13.3019 2.77445 5.4
      vertex -12.7475 3.00406 5.4
      vertex -13.2017 3.925 5.4
    endloop
  endfacet
  facet normal 0 0 1
    outer loop
      vertex -12.7475 3.00406 5.4
      vertex -13.3019 2.77445 5.4
      vertex -12.997 1.87644 5.4
    endloop
  endfacet
  facet normal 0 0 1
    outer loop
      vertex -13.2017 3.925 5.4
      vertex -13.7213 3.625 5.4
      vertex -13.3019 2.77445 5.4
    endloop
  endfacet
  facet normal 0 0 1
    outer loop
      vertex -13.7722 4.77878 5.4
      vertex -13.7213 3.625 5.4
      vertex -13.2017 3.925 5.4
    endloop
  endfacet
  facet normal 0 0 1
    outer loop
      vertex -13.7722 4.77878 5.4
      vertex -14.2482 4.41352 5.4
      vertex -13.7213 3.625 5.4
    endloop
  endfacet
  facet normal 0 0 1
    outer loop
      vertex -14.4492 5.55079 5.4
      vertex -14.2482 4.41352 5.4
      vertex -13.7722 4.77878 5.4
    endloop
  endfacet
  facet normal 0 0 1
    outer loop
      vertex -14.4492 5.55079 5.4
      vertex -14.8735 5.12652 5.4
      vertex -14.2482 4.41352 5.4
    endloop
  endfacet
  facet normal 0 0 1
    outer loop
      vertex -15.2212 6.22782 5.4
      vertex -14.8735 5.12652 5.4
      vertex -14.4492 5.55079 5.4
    endloop
  endfacet
  facet normal 0 0 1
    outer loop
      vertex -15.2212 6.22782 5.4
      vertex -15.5865 5.75181 5.4
      vertex -14.8735 5.12652 5.4
    endloop
  endfacet
  facet normal 0 0 1
    outer loop
      vertex -16.075 6.7983 5.4
      vertex -15.5865 5.75181 5.4
      vertex -15.2212 6.22782 5.4
    endloop
  endfacet
  facet normal 0 0 1
    outer loop
      vertex -16.075 6.7983 5.4
      vertex -16.375 6.27868 5.4
      vertex -15.5865 5.75181 5.4
    endloop
  endfacet
  facet normal 0 0 1
    outer loop
      vertex -16.9959 7.25245 5.4
      vertex -16.375 6.27868 5.4
      vertex -16.075 6.7983 5.4
    endloop
  endfacet
  facet normal 0 0 1
    outer loop
      vertex -16.9959 7.25245 5.4
      vertex -17.2255 6.69813 5.4
      vertex -16.375 6.27868 5.4
    endloop
  endfacet
  facet normal 0 0 1
    outer loop
      vertex -17.9683 7.58252 5.4
      vertex -17.2255 6.69813 5.4
      vertex -16.9959 7.25245 5.4
    endloop
  endfacet
  facet normal 0 0 1
    outer loop
      vertex -17.9683 7.58252 5.4
      vertex -18.1236 7.00296 5.4
      vertex -17.2255 6.69813 5.4
    endloop
  endfacet
  facet normal 0 0 1
    outer loop
      vertex -18.9754 7.78284 5.4
      vertex -18.1236 7.00296 5.4
      vertex -17.9683 7.58252 5.4
    endloop
  endfacet
  facet normal 0 0 1
    outer loop
      vertex -18.9754 7.78284 5.4
      vertex -19.0537 7.18797 5.4
      vertex -18.1236 7.00296 5.4
    endloop
  endfacet
  facet normal 0 0 1
    outer loop
      vertex -20 7.85 5.4
      vertex -19.0537 7.18797 5.4
      vertex -18.9754 7.78284 5.4
    endloop
  endfacet
  facet normal 0 0 1
    outer loop
      vertex -20 7.85 5.4
      vertex -20 7.25 5.4
      vertex -19.0537 7.18797 5.4
    endloop
  endfacet
  facet normal 0 0 1
    outer loop
      vertex -20 7.85 5.4
      vertex -20.9463 7.18797 5.4
      vertex -20 7.25 5.4
    endloop
  endfacet
  facet normal -0 0 1
    outer loop
      vertex -21.0246 7.78284 5.4
      vertex -20.9463 7.18797 5.4
      vertex -20 7.85 5.4
    endloop
  endfacet
  facet normal 0 0 1
    outer loop
      vertex -21.0246 7.78284 5.4
      vertex -21.8764 7.00296 5.4
      vertex -20.9463 7.18797 5.4
    endloop
  endfacet
  facet normal -0 0 1
    outer loop
      vertex -22.0317 7.58252 5.4
      vertex -21.8764 7.00296 5.4
      vertex -21.0246 7.78284 5.4
    endloop
  endfacet
  facet normal 0 0 1
    outer loop
      vertex -22.0317 7.58252 5.4
      vertex -22.7745 6.69813 5.4
      vertex -21.8764 7.00296 5.4
    endloop
  endfacet
  facet normal -0 0 1
    outer loop
      vertex -23.0041 7.25245 5.4
      vertex -22.7745 6.69813 5.4
      vertex -22.0317 7.58252 5.4
    endloop
  endfacet
  facet normal 0 0 1
    outer loop
      vertex -23.0041 7.25245 5.4
      vertex -23.625 6.27868 5.4
      vertex -22.7745 6.69813 5.4
    endloop
  endfacet
  facet normal -0 0 1
    outer loop
      vertex -23.925 6.7983 5.4
      vertex -23.625 6.27868 5.4
      vertex -23.0041 7.25245 5.4
    endloop
  endfacet
  facet normal 0 0 1
    outer loop
      vertex -23.925 6.7983 5.4
      vertex -24.4135 5.75181 5.4
      vertex -23.625 6.27868 5.4
    endloop
  endfacet
  facet normal -0 0 1
    outer loop
      vertex -24.7788 6.22782 5.4
      vertex -24.4135 5.75181 5.4
      vertex -23.925 6.7983 5.4
    endloop
  endfacet
  facet normal 0 0 1
    outer loop
      vertex -24.7788 6.22782 5.4
      vertex -25.1265 5.12652 5.4
      vertex -24.4135 5.75181 5.4
    endloop
  endfacet
  facet normal -0 0 1
    outer loop
      vertex -25.5508 5.55079 5.4
      vertex -25.1265 5.12652 5.4
      vertex -24.7788 6.22782 5.4
    endloop
  endfacet
  facet normal 0 0 1
    outer loop
      vertex -25.5508 5.55079 5.4
      vertex -25.7518 4.41352 5.4
      vertex -25.1265 5.12652 5.4
    endloop
  endfacet
  facet normal -0 0 1
    outer loop
      vertex -26.2278 4.77878 5.4
      vertex -25.7518 4.41352 5.4
      vertex -25.5508 5.55079 5.4
    endloop
  endfacet
  facet normal 0 0 1
    outer loop
      vertex -26.2278 4.77878 5.4
      vertex -26.2787 3.625 5.4
      vertex -25.7518 4.41352 5.4
    endloop
  endfacet
  facet normal -0 0 1
    outer loop
      vertex -26.7983 3.925 5.4
      vertex -26.2787 3.625 5.4
      vertex -26.2278 4.77878 5.4
    endloop
  endfacet
  facet normal 0 0 1
    outer loop
      vertex -26.2787 3.625 5.4
      vertex -26.7983 3.925 5.4
      vertex -26.6981 2.77445 5.4
    endloop
  endfacet
  facet normal -0 0 1
    outer loop
      vertex -27.2525 3.00406 5.4
      vertex -26.6981 2.77445 5.4
      vertex -26.7983 3.925 5.4
    endloop
  endfacet
  facet normal 0 0 1
    outer loop
      vertex -26.6981 2.77445 5.4
      vertex -27.2525 3.00406 5.4
      vertex -27.003 1.87644 5.4
    endloop
  endfacet
  facet normal 0 0 1
    outer loop
      vertex -27.003 1.87644 5.4
      vertex -27.5825 2.03173 5.4
      vertex -27.188 0.946315 5.4
    endloop
  endfacet
  facet normal -0 0 1
    outer loop
      vertex -27.5825 2.03173 5.4
      vertex -27.003 1.87644 5.4
      vertex -27.2525 3.00406 5.4
    endloop
  endfacet
  facet normal -0 0 1
    outer loop
      vertex -12.997 -1.87644 5.4
      vertex -12.4175 -2.03173 5.4
      vertex -12.812 -0.946315 5.4
    endloop
  endfacet
  facet normal 0 0 1
    outer loop
      vertex -12.4175 -2.03173 5.4
      vertex -12.997 -1.87644 5.4
      vertex -12.7475 -3.00406 5.4
    endloop
  endfacet
  facet normal -0 0 1
    outer loop
      vertex -13.3019 -2.77445 5.4
      vertex -12.7475 -3.00406 5.4
      vertex -12.997 -1.87644 5.4
    endloop
  endfacet
  facet normal 0 0 1
    outer loop
      vertex -12.7475 -3.00406 5.4
      vertex -13.3019 -2.77445 5.4
      vertex -13.2017 -3.925 5.4
    endloop
  endfacet
  facet normal -0 0 1
    outer loop
      vertex -13.7213 -3.625 5.4
      vertex -13.2017 -3.925 5.4
      vertex -13.3019 -2.77445 5.4
    endloop
  endfacet
  facet normal 0 0 1
    outer loop
      vertex -13.7213 -3.625 5.4
      vertex -13.7722 -4.77878 5.4
      vertex -13.2017 -3.925 5.4
    endloop
  endfacet
  facet normal -0 0 1
    outer loop
      vertex -14.2482 -4.41352 5.4
      vertex -13.7722 -4.77878 5.4
      vertex -13.7213 -3.625 5.4
    endloop
  endfacet
  facet normal 0 0 1
    outer loop
      vertex -14.2482 -4.41352 5.4
      vertex -14.4492 -5.55079 5.4
      vertex -13.7722 -4.77878 5.4
    endloop
  endfacet
  facet normal -0 0 1
    outer loop
      vertex -14.8735 -5.12652 5.4
      vertex -14.4492 -5.55079 5.4
      vertex -14.2482 -4.41352 5.4
    endloop
  endfacet
  facet normal 0 0 1
    outer loop
      vertex -14.8735 -5.12652 5.4
      vertex -15.2212 -6.22782 5.4
      vertex -14.4492 -5.55079 5.4
    endloop
  endfacet
  facet normal -0 0 1
    outer loop
      vertex -15.5865 -5.75181 5.4
      vertex -15.2212 -6.22782 5.4
      vertex -14.8735 -5.12652 5.4
    endloop
  endfacet
  facet normal 0 0 1
    outer loop
      vertex -15.5865 -5.75181 5.4
      vertex -16.075 -6.7983 5.4
      vertex -15.2212 -6.22782 5.4
    endloop
  endfacet
  facet normal -0 0 1
    outer loop
      vertex -16.375 -6.27868 5.4
      vertex -16.075 -6.7983 5.4
      vertex -15.5865 -5.75181 5.4
    endloop
  endfacet
  facet normal 0 0 1
    outer loop
      vertex -16.375 -6.27868 5.4
      vertex -16.9959 -7.25245 5.4
      vertex -16.075 -6.7983 5.4
    endloop
  endfacet
  facet normal -0 0 1
    outer loop
      vertex -17.2255 -6.69813 5.4
      vertex -16.9959 -7.25245 5.4
      vertex -16.375 -6.27868 5.4
    endloop
  endfacet
  facet normal 0 0 1
    outer loop
      vertex -17.2255 -6.69813 5.4
      vertex -17.9683 -7.58252 5.4
      vertex -16.9959 -7.25245 5.4
    endloop
  endfacet
  facet normal -0 0 1
    outer loop
      vertex -18.1236 -7.00296 5.4
      vertex -17.9683 -7.58252 5.4
      vertex -17.2255 -6.69813 5.4
    endloop
  endfacet
  facet normal 0 0 1
    outer loop
      vertex -18.1236 -7.00296 5.4
      vertex -18.9754 -7.78284 5.4
      vertex -17.9683 -7.58252 5.4
    endloop
  endfacet
  facet normal -0 0 1
    outer loop
      vertex -19.0537 -7.18797 5.4
      vertex -18.9754 -7.78284 5.4
      vertex -18.1236 -7.00296 5.4
    endloop
  endfacet
  facet normal -0 0 1
    outer loop
      vertex -20 -7.25 5.4
      vertex -18.9754 -7.78284 5.4
      vertex -19.0537 -7.18797 5.4
    endloop
  endfacet
  facet normal 0 0 1
    outer loop
      vertex -20 -7.25 5.4
      vertex -20 -7.85 5.4
      vertex -18.9754 -7.78284 5.4
    endloop
  endfacet
  facet normal 0 0 1
    outer loop
      vertex -20.9463 -7.18797 5.4
      vertex -20 -7.85 5.4
      vertex -20 -7.25 5.4
    endloop
  endfacet
  facet normal 0 0 1
    outer loop
      vertex -20.9463 -7.18797 5.4
      vertex -21.0246 -7.78284 5.4
      vertex -20 -7.85 5.4
    endloop
  endfacet
  facet normal 0 0 1
    outer loop
      vertex -21.8764 -7.00296 5.4
      vertex -21.0246 -7.78284 5.4
      vertex -20.9463 -7.18797 5.4
    endloop
  endfacet
  facet normal 0 0 1
    outer loop
      vertex -21.8764 -7.00296 5.4
      vertex -22.0317 -7.58252 5.4
      vertex -21.0246 -7.78284 5.4
    endloop
  endfacet
  facet normal 0 0 1
    outer loop
      vertex -22.7745 -6.69813 5.4
      vertex -22.0317 -7.58252 5.4
      vertex -21.8764 -7.00296 5.4
    endloop
  endfacet
  facet normal 0 0 1
    outer loop
      vertex -22.7745 -6.69813 5.4
      vertex -23.0041 -7.25245 5.4
      vertex -22.0317 -7.58252 5.4
    endloop
  endfacet
  facet normal 0 0 1
    outer loop
      vertex -23.625 -6.27868 5.4
      vertex -23.0041 -7.25245 5.4
      vertex -22.7745 -6.69813 5.4
    endloop
  endfacet
  facet normal 0 0 1
    outer loop
      vertex -23.625 -6.27868 5.4
      vertex -23.925 -6.7983 5.4
      vertex -23.0041 -7.25245 5.4
    endloop
  endfacet
  facet normal 0 0 1
    outer loop
      vertex -24.4135 -5.75181 5.4
      vertex -23.925 -6.7983 5.4
      vertex -23.625 -6.27868 5.4
    endloop
  endfacet
  facet normal 0 0 1
    outer loop
      vertex -24.4135 -5.75181 5.4
      vertex -24.7788 -6.22782 5.4
      vertex -23.925 -6.7983 5.4
    endloop
  endfacet
  facet normal 0 0 1
    outer loop
      vertex -25.1265 -5.12652 5.4
      vertex -24.7788 -6.22782 5.4
      vertex -24.4135 -5.75181 5.4
    endloop
  endfacet
  facet normal 0 0 1
    outer loop
      vertex -25.1265 -5.12652 5.4
      vertex -25.5508 -5.55079 5.4
      vertex -24.7788 -6.22782 5.4
    endloop
  endfacet
  facet normal 0 0 1
    outer loop
      vertex -25.7518 -4.41352 5.4
      vertex -25.5508 -5.55079 5.4
      vertex -25.1265 -5.12652 5.4
    endloop
  endfacet
  facet normal 0 0 1
    outer loop
      vertex -25.7518 -4.41352 5.4
      vertex -26.2278 -4.77878 5.4
      vertex -25.5508 -5.55079 5.4
    endloop
  endfacet
  facet normal 0 0 1
    outer loop
      vertex -26.2787 -3.625 5.4
      vertex -26.2278 -4.77878 5.4
      vertex -25.7518 -4.41352 5.4
    endloop
  endfacet
  facet normal 0 0 1
    outer loop
      vertex -26.7983 -3.925 5.4
      vertex -26.2787 -3.625 5.4
      vertex -26.6981 -2.77445 5.4
    endloop
  endfacet
  facet normal 0 0 1
    outer loop
      vertex -26.2787 -3.625 5.4
      vertex -26.7983 -3.925 5.4
      vertex -26.2278 -4.77878 5.4
    endloop
  endfacet
  facet normal 0 0 1
    outer loop
      vertex -27.2525 -3.00406 5.4
      vertex -26.6981 -2.77445 5.4
      vertex -27.003 -1.87644 5.4
    endloop
  endfacet
  facet normal 0 0 1
    outer loop
      vertex -27.5825 -2.03173 5.4
      vertex -27.003 -1.87644 5.4
      vertex -27.188 -0.946315 5.4
    endloop
  endfacet
  facet normal 0 0 1
    outer loop
      vertex -26.6981 -2.77445 5.4
      vertex -27.2525 -3.00406 5.4
      vertex -26.7983 -3.925 5.4
    endloop
  endfacet
  facet normal 0 0 1
    outer loop
      vertex -27.7828 -1.02463 5.4
      vertex -27.188 -0.946315 5.4
      vertex -27.25 0 5.4
    endloop
  endfacet
  facet normal -0 0 1
    outer loop
      vertex -27.7828 1.02463 5.4
      vertex -27.188 0.946315 5.4
      vertex -27.5825 2.03173 5.4
    endloop
  endfacet
  facet normal 0 0 1
    outer loop
      vertex -27.188 0.946315 5.4
      vertex -27.7828 1.02463 5.4
      vertex -27.25 0 5.4
    endloop
  endfacet
  facet normal 0 0 1
    outer loop
      vertex -27.003 -1.87644 5.4
      vertex -27.5825 -2.03173 5.4
      vertex -27.2525 -3.00406 5.4
    endloop
  endfacet
  facet normal 0 0 1
    outer loop
      vertex -27.85 0 5.4
      vertex -27.25 0 5.4
      vertex -27.7828 1.02463 5.4
    endloop
  endfacet
  facet normal 0 0 1
    outer loop
      vertex -27.188 -0.946315 5.4
      vertex -27.7828 -1.02463 5.4
      vertex -27.5825 -2.03173 5.4
    endloop
  endfacet
  facet normal 0 0 1
    outer loop
      vertex -27.25 0 5.4
      vertex -27.85 0 5.4
      vertex -27.7828 -1.02463 5.4
    endloop
  endfacet
  facet normal -0.694241 0.138076 0.706374
    outer loop
      vertex -27.5825 2.03173 5.4
      vertex -28.1621 2.18702 4.8
      vertex -27.7828 1.02463 5.4
    endloop
  endfacet
  facet normal -0.670273 0.227532 0.706373
    outer loop
      vertex -27.8068 3.23368 4.8
      vertex -28.1621 2.18702 4.8
      vertex -27.5825 2.03173 5.4
    endloop
  endfacet
  facet normal -0.670325 0.227502 0.706334
    outer loop
      vertex -27.2525 3.00406 5.4
      vertex -27.8068 3.23368 4.8
      vertex -27.5825 2.03173 5.4
    endloop
  endfacet
  facet normal -0.532232 0.466701 0.706342
    outer loop
      vertex -25.9751 5.97505 4.8
      vertex -26.7038 5.14403 4.8
      vertex -26.2278 4.77878 5.4
    endloop
  endfacet
  facet normal -0.313089 0.634863 0.706346
    outer loop
      vertex -23.2337 7.80678 4.8
      vertex -24.225 7.31791 4.8
      vertex -23.925 6.7983 5.4
    endloop
  endfacet
  facet normal -0.227526 0.670302 0.706347
    outer loop
      vertex -22.187 8.16207 4.8
      vertex -23.2337 7.80678 4.8
      vertex -22.0317 7.58252 5.4
    endloop
  endfacet
  facet normal -0.138097 0.694263 0.706349
    outer loop
      vertex -21.1029 8.37771 4.8
      vertex -22.187 8.16207 4.8
      vertex -21.0246 7.78284 5.4
    endloop
  endfacet
  facet normal -0.0462978 0.706347 0.70635
    outer loop
      vertex -20 8.45 4.8
      vertex -21.1029 8.37771 4.8
      vertex -21.0246 7.78284 5.4
    endloop
  endfacet
  facet normal 0.670325 0.227502 0.706334
    outer loop
      vertex -12.1932 3.23368 4.8
      vertex -12.7475 3.00406 5.4
      vertex -12.4175 2.03173 5.4
    endloop
  endfacet
  facet normal 0.588567 0.393283 0.706341
    outer loop
      vertex -13.2962 5.14403 4.8
      vertex -13.7722 4.77878 5.4
      vertex -12.6821 4.225 4.8
    endloop
  endfacet
  facet normal 0.532232 0.466701 0.706342
    outer loop
      vertex -13.2962 5.14403 4.8
      vertex -14.0249 5.97505 4.8
      vertex -13.7722 4.77878 5.4
    endloop
  endfacet
  facet normal 0.588567 0.393283 0.706341
    outer loop
      vertex -12.6821 4.225 4.8
      vertex -13.7722 4.77878 5.4
      vertex -13.2017 3.925 5.4
    endloop
  endfacet
  facet normal 0.634862 0.313102 0.706341
    outer loop
      vertex -12.6821 4.225 4.8
      vertex -13.2017 3.925 5.4
      vertex -12.1932 3.23368 4.8
    endloop
  endfacet
  facet normal 0.0462994 0.706348 0.706348
    outer loop
      vertex -20 8.45 4.8
      vertex -20 7.85 5.4
      vertex -18.9754 7.78284 5.4
    endloop
  endfacet
  facet normal 0.227526 0.670302 0.706348
    outer loop
      vertex -16.7663 7.80678 4.8
      vertex -17.9683 7.58252 5.4
      vertex -16.9959 7.25245 5.4
    endloop
  endfacet
  facet normal 0.227526 0.670302 0.706347
    outer loop
      vertex -17.813 8.16207 4.8
      vertex -17.9683 7.58252 5.4
      vertex -16.7663 7.80678 4.8
    endloop
  endfacet
  facet normal 0.393264 0.588573 0.706346
    outer loop
      vertex -15.775 7.31791 4.8
      vertex -16.075 6.7983 5.4
      vertex -15.2212 6.22782 5.4
    endloop
  endfacet
  facet normal 0.313089 0.634863 0.706346
    outer loop
      vertex -15.775 7.31791 4.8
      vertex -16.7663 7.80678 4.8
      vertex -16.075 6.7983 5.4
    endloop
  endfacet
  facet normal -0.138095 -0.694266 0.706346
    outer loop
      vertex -22.0317 -7.58252 5.4
      vertex -22.187 -8.16207 4.8
      vertex -21.0246 -7.78284 5.4
    endloop
  endfacet
  facet normal -0.227526 -0.670302 0.706347
    outer loop
      vertex -22.0317 -7.58252 5.4
      vertex -23.2337 -7.80678 4.8
      vertex -22.187 -8.16207 4.8
    endloop
  endfacet
  facet normal -0.227526 -0.670302 0.706348
    outer loop
      vertex -23.0041 -7.25245 5.4
      vertex -23.2337 -7.80678 4.8
      vertex -22.0317 -7.58252 5.4
    endloop
  endfacet
  facet normal -0.466715 -0.532234 0.706331
    outer loop
      vertex -24.7788 -6.22782 5.4
      vertex -25.9751 -5.97505 4.8
      vertex -25.144 -6.70384 4.8
    endloop
  endfacet
  facet normal -0.670325 -0.227502 0.706334
    outer loop
      vertex -27.5825 -2.03173 5.4
      vertex -27.8068 -3.23368 4.8
      vertex -27.2525 -3.00406 5.4
    endloop
  endfacet
  facet normal -0.588567 -0.393283 0.706341
    outer loop
      vertex -26.2278 -4.77878 5.4
      vertex -27.3179 -4.225 4.8
      vertex -26.7038 -5.14403 4.8
    endloop
  endfacet
  facet normal -0.532232 -0.466701 0.706342
    outer loop
      vertex -26.2278 -4.77878 5.4
      vertex -26.7038 -5.14403 4.8
      vertex -25.9751 -5.97505 4.8
    endloop
  endfacet
  facet normal -0.588567 -0.393283 0.706341
    outer loop
      vertex -26.7983 -3.925 5.4
      vertex -27.3179 -4.225 4.8
      vertex -26.2278 -4.77878 5.4
    endloop
  endfacet
  facet normal -0.634862 -0.313102 0.706341
    outer loop
      vertex -26.7983 -3.925 5.4
      vertex -27.8068 -3.23368 4.8
      vertex -27.3179 -4.225 4.8
    endloop
  endfacet
  facet normal 0.466721 -0.53219 0.706361
    outer loop
      vertex -14.4492 -5.55079 5.4
      vertex -15.2212 -6.22782 5.4
      vertex -14.0249 -5.97505 4.8
    endloop
  endfacet
  facet normal 0.313089 -0.634863 0.706346
    outer loop
      vertex -16.075 -6.7983 5.4
      vertex -16.7663 -7.80678 4.8
      vertex -15.775 -7.31791 4.8
    endloop
  endfacet
  facet normal 0.227526 -0.670302 0.706348
    outer loop
      vertex -16.9959 -7.25245 5.4
      vertex -17.9683 -7.58252 5.4
      vertex -16.7663 -7.80678 4.8
    endloop
  endfacet
  facet normal 0.588567 -0.393283 0.706341
    outer loop
      vertex -13.2017 -3.925 5.4
      vertex -13.7722 -4.77878 5.4
      vertex -12.6821 -4.225 4.8
    endloop
  endfacet
  facet normal 0.634862 -0.313102 0.706341
    outer loop
      vertex -12.1932 -3.23368 4.8
      vertex -13.2017 -3.925 5.4
      vertex -12.6821 -4.225 4.8
    endloop
  endfacet
  facet normal 0.706328 -0.0463009 0.706368
    outer loop
      vertex -11.55 0 4.8
      vertex -12.2172 -1.02463 5.4
      vertex -11.6223 -1.10295 4.8
    endloop
  endfacet
  facet normal 0.706348 -0.0463256 0.706348
    outer loop
      vertex -12.15 0 5.4
      vertex -12.2172 -1.02463 5.4
      vertex -11.55 0 4.8
    endloop
  endfacet
  facet normal -0.694247 0.138072 0.706369
    outer loop
      vertex -28.1621 2.18702 4.8
      vertex -28.3777 1.10295 4.8
      vertex -27.7828 1.02463 5.4
    endloop
  endfacet
  facet normal -0.634864 0.31311 0.706336
    outer loop
      vertex -26.7983 3.925 5.4
      vertex -27.8068 3.23368 4.8
      vertex -27.2525 3.00406 5.4
    endloop
  endfacet
  facet normal -0.588567 0.393283 0.706341
    outer loop
      vertex -26.7038 5.14403 4.8
      vertex -27.3179 4.225 4.8
      vertex -26.2278 4.77878 5.4
    endloop
  endfacet
  facet normal 0.532202 0.466705 0.706362
    outer loop
      vertex -14.0249 5.97505 4.8
      vertex -14.4492 5.55079 5.4
      vertex -13.7722 4.77878 5.4
    endloop
  endfacet
  facet normal 0.138095 0.694266 0.706346
    outer loop
      vertex -17.813 8.16207 4.8
      vertex -18.9754 7.78284 5.4
      vertex -17.9683 7.58252 5.4
    endloop
  endfacet
  facet normal 0.0462978 0.706347 0.70635
    outer loop
      vertex -18.8971 8.37771 4.8
      vertex -20 8.45 4.8
      vertex -18.9754 7.78284 5.4
    endloop
  endfacet
  facet normal 0.313088 0.634862 0.706347
    outer loop
      vertex -16.7663 7.80678 4.8
      vertex -16.9959 7.25245 5.4
      vertex -16.075 6.7983 5.4
    endloop
  endfacet
  facet normal -0.138097 -0.694263 0.706349
    outer loop
      vertex -21.0246 -7.78284 5.4
      vertex -22.187 -8.16207 4.8
      vertex -21.1029 -8.37771 4.8
    endloop
  endfacet
  facet normal -0.313088 -0.634862 0.706347
    outer loop
      vertex -23.0041 -7.25245 5.4
      vertex -23.925 -6.7983 5.4
      vertex -23.2337 -7.80678 4.8
    endloop
  endfacet
  facet normal -0.532202 -0.466705 0.706362
    outer loop
      vertex -25.5508 -5.55079 5.4
      vertex -26.2278 -4.77878 5.4
      vertex -25.9751 -5.97505 4.8
    endloop
  endfacet
  facet normal 0.393282 -0.588575 0.706334
    outer loop
      vertex -15.2212 -6.22782 5.4
      vertex -15.775 -7.31791 4.8
      vertex -14.856 -6.70384 4.8
    endloop
  endfacet
  facet normal -0.466715 0.532234 0.706331
    outer loop
      vertex -25.144 6.70384 4.8
      vertex -25.9751 5.97505 4.8
      vertex -24.7788 6.22782 5.4
    endloop
  endfacet
  facet normal -0.393282 0.588575 0.706334
    outer loop
      vertex -24.225 7.31791 4.8
      vertex -25.144 6.70384 4.8
      vertex -24.7788 6.22782 5.4
    endloop
  endfacet
  facet normal -0.466721 0.53219 0.706361
    outer loop
      vertex -24.7788 6.22782 5.4
      vertex -25.9751 5.97505 4.8
      vertex -25.5508 5.55079 5.4
    endloop
  endfacet
  facet normal -0.532202 0.466705 0.706362
    outer loop
      vertex -25.9751 5.97505 4.8
      vertex -26.2278 4.77878 5.4
      vertex -25.5508 5.55079 5.4
    endloop
  endfacet
  facet normal -0.634862 0.313102 0.706341
    outer loop
      vertex -27.3179 4.225 4.8
      vertex -27.8068 3.23368 4.8
      vertex -26.7983 3.925 5.4
    endloop
  endfacet
  facet normal -0.588567 0.393283 0.706341
    outer loop
      vertex -26.2278 4.77878 5.4
      vertex -27.3179 4.225 4.8
      vertex -26.7983 3.925 5.4
    endloop
  endfacet
  facet normal -0.227526 0.670302 0.706348
    outer loop
      vertex -22.0317 7.58252 5.4
      vertex -23.2337 7.80678 4.8
      vertex -23.0041 7.25245 5.4
    endloop
  endfacet
  facet normal -0.313088 0.634862 0.706347
    outer loop
      vertex -23.2337 7.80678 4.8
      vertex -23.925 6.7983 5.4
      vertex -23.0041 7.25245 5.4
    endloop
  endfacet
  facet normal 0.138097 0.694263 0.706349
    outer loop
      vertex -18.8971 8.37771 4.8
      vertex -18.9754 7.78284 5.4
      vertex -17.813 8.16207 4.8
    endloop
  endfacet
  facet normal -0.313089 -0.634863 0.706346
    outer loop
      vertex -23.925 -6.7983 5.4
      vertex -24.225 -7.31791 4.8
      vertex -23.2337 -7.80678 4.8
    endloop
  endfacet
  facet normal -0.393264 -0.588573 0.706346
    outer loop
      vertex -23.925 -6.7983 5.4
      vertex -24.7788 -6.22782 5.4
      vertex -24.225 -7.31791 4.8
    endloop
  endfacet
  facet normal 1 -0 0
    outer loop
      vertex -34 -7.5 4.8
      vertex -34 7.5 0
      vertex -34 7.5 4.8
    endloop
  endfacet
  facet normal 1 0 0
    outer loop
      vertex -34 7.5 0
      vertex -34 -7.5 4.8
      vertex -34 -7.5 0
    endloop
  endfacet
  facet normal -1 0 0
    outer loop
      vertex -32 -7.5 0
      vertex -32 7.5 4.8
      vertex -32 7.5 0
    endloop
  endfacet
  facet normal -1 -0 0
    outer loop
      vertex -32 7.5 4.8
      vertex -32 -7.5 0
      vertex -32 -7.5 4.8
    endloop
  endfacet
  facet normal 0 1 -0
    outer loop
      vertex -32 -7.5 0
      vertex -34 -7.5 4.8
      vertex -32 -7.5 4.8
    endloop
  endfacet
  facet normal 0 1 0
    outer loop
      vertex -34 -7.5 4.8
      vertex -32 -7.5 0
      vertex -34 -7.5 0
    endloop
  endfacet
  facet normal 0 -1 0
    outer loop
      vertex -34 7.5 0
      vertex -32 7.5 4.8
      vertex -34 7.5 4.8
    endloop
  endfacet
  facet normal 0 -1 -0
    outer loop
      vertex -32 7.5 4.8
      vertex -34 7.5 0
      vertex -32 7.5 0
    endloop
  endfacet
  facet normal 1 -0 0
    outer loop
      vertex -8 -7.5 4.8
      vertex -8 7.5 0
      vertex -8 7.5 4.8
    endloop
  endfacet
  facet normal 1 0 0
    outer loop
      vertex -8 7.5 0
      vertex -8 -7.5 4.8
      vertex -8 -7.5 0
    endloop
  endfacet
  facet normal -1 0 0
    outer loop
      vertex -6 -7.5 0
      vertex -6 7.5 4.8
      vertex -6 7.5 0
    endloop
  endfacet
  facet normal -1 -0 0
    outer loop
      vertex -6 7.5 4.8
      vertex -6 -7.5 0
      vertex -6 -7.5 4.8
    endloop
  endfacet
  facet normal 0 1 -0
    outer loop
      vertex -6 -7.5 0
      vertex -8 -7.5 4.8
      vertex -6 -7.5 4.8
    endloop
  endfacet
  facet normal 0 1 0
    outer loop
      vertex -8 -7.5 4.8
      vertex -6 -7.5 0
      vertex -8 -7.5 0
    endloop
  endfacet
  facet normal 0 -1 0
    outer loop
      vertex -8 7.5 0
      vertex -6 7.5 4.8
      vertex -8 7.5 4.8
    endloop
  endfacet
  facet normal 0 -1 -0
    outer loop
      vertex -6 7.5 4.8
      vertex -8 7.5 0
      vertex -6 7.5 0
    endloop
  endfacet
  facet normal -0.997861 -0.0653771 0
    outer loop
      vertex -12.75 0 1.7
      vertex -12.812 0.946315 5.4
      vertex -12.812 0.946315 1.7
    endloop
  endfacet
  facet normal -0.997861 -0.0653771 0
    outer loop
      vertex -12.812 0.946315 5.4
      vertex -12.75 0 1.7
      vertex -12.75 0 5.4
    endloop
  endfacet
  facet normal 0.997861 -0.0653771 0
    outer loop
      vertex -27.25 0 5.4
      vertex -27.188 0.946315 1.7
      vertex -27.188 0.946315 5.4
    endloop
  endfacet
  facet normal 0.997861 -0.0653771 0
    outer loop
      vertex -27.188 0.946315 1.7
      vertex -27.25 0 5.4
      vertex -27.25 0 1.7
    endloop
  endfacet
  facet normal -0.0654097 -0.997858 0
    outer loop
      vertex -20 7.25 1.7
      vertex -19.0537 7.18797 5.4
      vertex -20 7.25 5.4
    endloop
  endfacet
  facet normal -0.0654097 -0.997858 -0
    outer loop
      vertex -19.0537 7.18797 5.4
      vertex -20 7.25 1.7
      vertex -19.0537 7.18797 1.7
    endloop
  endfacet
  facet normal 0.0654097 0.997858 -0
    outer loop
      vertex -20 -7.25 1.7
      vertex -20.9463 -7.18797 5.4
      vertex -20 -7.25 5.4
    endloop
  endfacet
  facet normal 0.0654097 0.997858 0
    outer loop
      vertex -20.9463 -7.18797 5.4
      vertex -20 -7.25 1.7
      vertex -20.9463 -7.18797 1.7
    endloop
  endfacet
  facet normal 0.751832 0.659355 0
    outer loop
      vertex -25.1265 -5.12652 5.4
      vertex -25.7518 -4.41352 1.7
      vertex -25.7518 -4.41352 5.4
    endloop
  endfacet
  facet normal 0.751832 0.659355 0
    outer loop
      vertex -25.7518 -4.41352 1.7
      vertex -25.1265 -5.12652 5.4
      vertex -25.1265 -5.12652 1.7
    endloop
  endfacet
  facet normal -0.751832 -0.659355 0
    outer loop
      vertex -14.2482 4.41352 1.7
      vertex -14.8735 5.12652 5.4
      vertex -14.8735 5.12652 1.7
    endloop
  endfacet
  facet normal -0.751832 -0.659355 0
    outer loop
      vertex -14.8735 5.12652 5.4
      vertex -14.2482 4.41352 1.7
      vertex -14.2482 4.41352 5.4
    endloop
  endfacet
  facet normal 0.659349 -0.751837 0
    outer loop
      vertex -25.1265 5.12652 1.7
      vertex -24.4135 5.75181 5.4
      vertex -25.1265 5.12652 5.4
    endloop
  endfacet
  facet normal 0.659349 -0.751837 0
    outer loop
      vertex -24.4135 5.75181 5.4
      vertex -25.1265 5.12652 1.7
      vertex -24.4135 5.75181 1.7
    endloop
  endfacet
  facet normal 0.321407 -0.946941 0
    outer loop
      vertex -22.7745 6.69813 1.7
      vertex -21.8764 7.00296 5.4
      vertex -22.7745 6.69813 5.4
    endloop
  endfacet
  facet normal 0.321407 -0.946941 0
    outer loop
      vertex -21.8764 7.00296 5.4
      vertex -22.7745 6.69813 1.7
      vertex -21.8764 7.00296 1.7
    endloop
  endfacet
  facet normal -0.896891 -0.442251 0
    outer loop
      vertex -13.3019 2.77445 1.7
      vertex -13.7213 3.625 5.4
      vertex -13.7213 3.625 1.7
    endloop
  endfacet
  facet normal -0.896891 -0.442251 0
    outer loop
      vertex -13.7213 3.625 5.4
      vertex -13.3019 2.77445 1.7
      vertex -13.3019 2.77445 5.4
    endloop
  endfacet
  facet normal -0.980788 -0.195077 0
    outer loop
      vertex -12.812 0.946315 1.7
      vertex -12.997 1.87644 5.4
      vertex -12.997 1.87644 1.7
    endloop
  endfacet
  facet normal -0.980788 -0.195077 0
    outer loop
      vertex -12.997 1.87644 5.4
      vertex -12.812 0.946315 1.7
      vertex -12.812 0.946315 5.4
    endloop
  endfacet
  facet normal -0.831456 -0.55559 0
    outer loop
      vertex -13.7213 3.625 1.7
      vertex -14.2482 4.41352 5.4
      vertex -14.2482 4.41352 1.7
    endloop
  endfacet
  facet normal -0.831456 -0.55559 0
    outer loop
      vertex -14.2482 4.41352 5.4
      vertex -13.7213 3.625 1.7
      vertex -13.7213 3.625 5.4
    endloop
  endfacet
  facet normal -0.442314 -0.89686 0
    outer loop
      vertex -17.2255 6.69813 1.7
      vertex -16.375 6.27868 5.4
      vertex -17.2255 6.69813 5.4
    endloop
  endfacet
  facet normal -0.442314 -0.89686 -0
    outer loop
      vertex -16.375 6.27868 5.4
      vertex -17.2255 6.69813 1.7
      vertex -16.375 6.27868 1.7
    endloop
  endfacet
  facet normal -0.321407 -0.946941 0
    outer loop
      vertex -18.1236 7.00296 1.7
      vertex -17.2255 6.69813 5.4
      vertex -18.1236 7.00296 5.4
    endloop
  endfacet
  facet normal -0.321407 -0.946941 -0
    outer loop
      vertex -17.2255 6.69813 5.4
      vertex -18.1236 7.00296 1.7
      vertex -17.2255 6.69813 1.7
    endloop
  endfacet
  facet normal -0.555578 -0.831464 0
    outer loop
      vertex -16.375 6.27868 1.7
      vertex -15.5865 5.75181 5.4
      vertex -16.375 6.27868 5.4
    endloop
  endfacet
  facet normal -0.555578 -0.831464 -0
    outer loop
      vertex -15.5865 5.75181 5.4
      vertex -16.375 6.27868 1.7
      vertex -15.5865 5.75181 1.7
    endloop
  endfacet
  facet normal 0.896891 -0.442251 0
    outer loop
      vertex -26.6981 2.77445 5.4
      vertex -26.2787 3.625 1.7
      vertex -26.2787 3.625 5.4
    endloop
  endfacet
  facet normal 0.896891 -0.442251 0
    outer loop
      vertex -26.2787 3.625 1.7
      vertex -26.6981 2.77445 5.4
      vertex -26.6981 2.77445 1.7
    endloop
  endfacet
  facet normal 0.946909 -0.321503 0
    outer loop
      vertex -27.003 1.87644 5.4
      vertex -26.6981 2.77445 1.7
      vertex -26.6981 2.77445 5.4
    endloop
  endfacet
  facet normal 0.946909 -0.321503 0
    outer loop
      vertex -26.6981 2.77445 1.7
      vertex -27.003 1.87644 5.4
      vertex -27.003 1.87644 1.7
    endloop
  endfacet
  facet normal 0.442314 -0.89686 0
    outer loop
      vertex -23.625 6.27868 1.7
      vertex -22.7745 6.69813 5.4
      vertex -23.625 6.27868 5.4
    endloop
  endfacet
  facet normal 0.442314 -0.89686 0
    outer loop
      vertex -22.7745 6.69813 5.4
      vertex -23.625 6.27868 1.7
      vertex -22.7745 6.69813 1.7
    endloop
  endfacet
  facet normal 0.195092 -0.980785 0
    outer loop
      vertex -21.8764 7.00296 1.7
      vertex -20.9463 7.18797 5.4
      vertex -21.8764 7.00296 5.4
    endloop
  endfacet
  facet normal 0.195092 -0.980785 0
    outer loop
      vertex -20.9463 7.18797 5.4
      vertex -21.8764 7.00296 1.7
      vertex -20.9463 7.18797 1.7
    endloop
  endfacet
  facet normal -0.442314 0.89686 0
    outer loop
      vertex -16.375 -6.27868 1.7
      vertex -17.2255 -6.69813 5.4
      vertex -16.375 -6.27868 5.4
    endloop
  endfacet
  facet normal -0.442314 0.89686 0
    outer loop
      vertex -17.2255 -6.69813 5.4
      vertex -16.375 -6.27868 1.7
      vertex -17.2255 -6.69813 1.7
    endloop
  endfacet
  facet normal 0.321407 0.946941 -0
    outer loop
      vertex -21.8764 -7.00296 1.7
      vertex -22.7745 -6.69813 5.4
      vertex -21.8764 -7.00296 5.4
    endloop
  endfacet
  facet normal 0.321407 0.946941 0
    outer loop
      vertex -22.7745 -6.69813 5.4
      vertex -21.8764 -7.00296 1.7
      vertex -22.7745 -6.69813 1.7
    endloop
  endfacet
  facet normal 0.896891 0.442251 0
    outer loop
      vertex -26.2787 -3.625 5.4
      vertex -26.6981 -2.77445 1.7
      vertex -26.6981 -2.77445 5.4
    endloop
  endfacet
  facet normal 0.896891 0.442251 0
    outer loop
      vertex -26.6981 -2.77445 1.7
      vertex -26.2787 -3.625 5.4
      vertex -26.2787 -3.625 1.7
    endloop
  endfacet
  facet normal -0.946909 -0.321503 0
    outer loop
      vertex -12.997 1.87644 1.7
      vertex -13.3019 2.77445 5.4
      vertex -13.3019 2.77445 1.7
    endloop
  endfacet
  facet normal -0.946909 -0.321503 0
    outer loop
      vertex -13.3019 2.77445 5.4
      vertex -12.997 1.87644 1.7
      vertex -12.997 1.87644 5.4
    endloop
  endfacet
  facet normal -0.195092 -0.980785 0
    outer loop
      vertex -19.0537 7.18797 1.7
      vertex -18.1236 7.00296 5.4
      vertex -19.0537 7.18797 5.4
    endloop
  endfacet
  facet normal -0.195092 -0.980785 -0
    outer loop
      vertex -18.1236 7.00296 5.4
      vertex -19.0537 7.18797 1.7
      vertex -18.1236 7.00296 1.7
    endloop
  endfacet
  facet normal -0.659349 -0.751837 0
    outer loop
      vertex -15.5865 5.75181 1.7
      vertex -14.8735 5.12652 5.4
      vertex -15.5865 5.75181 5.4
    endloop
  endfacet
  facet normal -0.659349 -0.751837 -0
    outer loop
      vertex -14.8735 5.12652 5.4
      vertex -15.5865 5.75181 1.7
      vertex -14.8735 5.12652 1.7
    endloop
  endfacet
  facet normal 0.831456 -0.55559 0
    outer loop
      vertex -26.2787 3.625 5.4
      vertex -25.7518 4.41352 1.7
      vertex -25.7518 4.41352 5.4
    endloop
  endfacet
  facet normal 0.831456 -0.55559 0
    outer loop
      vertex -25.7518 4.41352 1.7
      vertex -26.2787 3.625 5.4
      vertex -26.2787 3.625 1.7
    endloop
  endfacet
  facet normal 0.751832 -0.659355 0
    outer loop
      vertex -25.7518 4.41352 5.4
      vertex -25.1265 5.12652 1.7
      vertex -25.1265 5.12652 5.4
    endloop
  endfacet
  facet normal 0.751832 -0.659355 0
    outer loop
      vertex -25.1265 5.12652 1.7
      vertex -25.7518 4.41352 5.4
      vertex -25.7518 4.41352 1.7
    endloop
  endfacet
  facet normal 0.980788 -0.195077 0
    outer loop
      vertex -27.188 0.946315 5.4
      vertex -27.003 1.87644 1.7
      vertex -27.003 1.87644 5.4
    endloop
  endfacet
  facet normal 0.980788 -0.195077 0
    outer loop
      vertex -27.003 1.87644 1.7
      vertex -27.188 0.946315 5.4
      vertex -27.188 0.946315 1.7
    endloop
  endfacet
  facet normal 0.555578 -0.831464 0
    outer loop
      vertex -24.4135 5.75181 1.7
      vertex -23.625 6.27868 5.4
      vertex -24.4135 5.75181 5.4
    endloop
  endfacet
  facet normal 0.555578 -0.831464 0
    outer loop
      vertex -23.625 6.27868 5.4
      vertex -24.4135 5.75181 1.7
      vertex -23.625 6.27868 1.7
    endloop
  endfacet
  facet normal 0.0654097 -0.997858 0
    outer loop
      vertex -20.9463 7.18797 1.7
      vertex -20 7.25 5.4
      vertex -20.9463 7.18797 5.4
    endloop
  endfacet
  facet normal 0.0654097 -0.997858 0
    outer loop
      vertex -20 7.25 5.4
      vertex -20.9463 7.18797 1.7
      vertex -20 7.25 1.7
    endloop
  endfacet
  facet normal -0.0654097 0.997858 0
    outer loop
      vertex -19.0537 -7.18797 1.7
      vertex -20 -7.25 5.4
      vertex -19.0537 -7.18797 5.4
    endloop
  endfacet
  facet normal -0.0654097 0.997858 0
    outer loop
      vertex -20 -7.25 5.4
      vertex -19.0537 -7.18797 1.7
      vertex -20 -7.25 1.7
    endloop
  endfacet
  facet normal -0.321407 0.946941 0
    outer loop
      vertex -17.2255 -6.69813 1.7
      vertex -18.1236 -7.00296 5.4
      vertex -17.2255 -6.69813 5.4
    endloop
  endfacet
  facet normal -0.321407 0.946941 0
    outer loop
      vertex -18.1236 -7.00296 5.4
      vertex -17.2255 -6.69813 1.7
      vertex -18.1236 -7.00296 1.7
    endloop
  endfacet
  facet normal -0.555578 0.831464 0
    outer loop
      vertex -15.5865 -5.75181 1.7
      vertex -16.375 -6.27868 5.4
      vertex -15.5865 -5.75181 5.4
    endloop
  endfacet
  facet normal -0.555578 0.831464 0
    outer loop
      vertex -16.375 -6.27868 5.4
      vertex -15.5865 -5.75181 1.7
      vertex -16.375 -6.27868 1.7
    endloop
  endfacet
  facet normal -0.946909 0.321503 0
    outer loop
      vertex -13.3019 -2.77445 1.7
      vertex -12.997 -1.87644 5.4
      vertex -12.997 -1.87644 1.7
    endloop
  endfacet
  facet normal -0.946909 0.321503 0
    outer loop
      vertex -12.997 -1.87644 5.4
      vertex -13.3019 -2.77445 1.7
      vertex -13.3019 -2.77445 5.4
    endloop
  endfacet
  facet normal -0.751832 0.659355 0
    outer loop
      vertex -14.8735 -5.12652 1.7
      vertex -14.2482 -4.41352 5.4
      vertex -14.2482 -4.41352 1.7
    endloop
  endfacet
  facet normal -0.751832 0.659355 0
    outer loop
      vertex -14.2482 -4.41352 5.4
      vertex -14.8735 -5.12652 1.7
      vertex -14.8735 -5.12652 5.4
    endloop
  endfacet
  facet normal 0.659349 0.751837 -0
    outer loop
      vertex -24.4135 -5.75181 1.7
      vertex -25.1265 -5.12652 5.4
      vertex -24.4135 -5.75181 5.4
    endloop
  endfacet
  facet normal 0.659349 0.751837 0
    outer loop
      vertex -25.1265 -5.12652 5.4
      vertex -24.4135 -5.75181 1.7
      vertex -25.1265 -5.12652 1.7
    endloop
  endfacet
  facet normal 0.442314 0.89686 -0
    outer loop
      vertex -22.7745 -6.69813 1.7
      vertex -23.625 -6.27868 5.4
      vertex -22.7745 -6.69813 5.4
    endloop
  endfacet
  facet normal 0.442314 0.89686 0
    outer loop
      vertex -23.625 -6.27868 5.4
      vertex -22.7745 -6.69813 1.7
      vertex -23.625 -6.27868 1.7
    endloop
  endfacet
  facet normal 0.195092 0.980785 -0
    outer loop
      vertex -20.9463 -7.18797 1.7
      vertex -21.8764 -7.00296 5.4
      vertex -20.9463 -7.18797 5.4
    endloop
  endfacet
  facet normal 0.195092 0.980785 0
    outer loop
      vertex -21.8764 -7.00296 5.4
      vertex -20.9463 -7.18797 1.7
      vertex -21.8764 -7.00296 1.7
    endloop
  endfacet
  facet normal 0.831456 0.55559 0
    outer loop
      vertex -25.7518 -4.41352 5.4
      vertex -26.2787 -3.625 1.7
      vertex -26.2787 -3.625 5.4
    endloop
  endfacet
  facet normal 0.831456 0.55559 0
    outer loop
      vertex -26.2787 -3.625 1.7
      vertex -25.7518 -4.41352 5.4
      vertex -25.7518 -4.41352 1.7
    endloop
  endfacet
  facet normal 0.946909 0.321503 0
    outer loop
      vertex -26.6981 -2.77445 5.4
      vertex -27.003 -1.87644 1.7
      vertex -27.003 -1.87644 5.4
    endloop
  endfacet
  facet normal 0.946909 0.321503 0
    outer loop
      vertex -27.003 -1.87644 1.7
      vertex -26.6981 -2.77445 5.4
      vertex -26.6981 -2.77445 1.7
    endloop
  endfacet
  facet normal 0.997861 0.0653771 0
    outer loop
      vertex -27.188 -0.946315 5.4
      vertex -27.25 0 1.7
      vertex -27.25 0 5.4
    endloop
  endfacet
  facet normal 0.997861 0.0653771 0
    outer loop
      vertex -27.25 0 1.7
      vertex -27.188 -0.946315 5.4
      vertex -27.188 -0.946315 1.7
    endloop
  endfacet
  facet normal -0.195092 0.980785 0
    outer loop
      vertex -18.1236 -7.00296 1.7
      vertex -19.0537 -7.18797 5.4
      vertex -18.1236 -7.00296 5.4
    endloop
  endfacet
  facet normal -0.195092 0.980785 0
    outer loop
      vertex -19.0537 -7.18797 5.4
      vertex -18.1236 -7.00296 1.7
      vertex -19.0537 -7.18797 1.7
    endloop
  endfacet
  facet normal -0.659349 0.751837 0
    outer loop
      vertex -14.8735 -5.12652 1.7
      vertex -15.5865 -5.75181 5.4
      vertex -14.8735 -5.12652 5.4
    endloop
  endfacet
  facet normal -0.659349 0.751837 0
    outer loop
      vertex -15.5865 -5.75181 5.4
      vertex -14.8735 -5.12652 1.7
      vertex -15.5865 -5.75181 1.7
    endloop
  endfacet
  facet normal -0.896891 0.442251 0
    outer loop
      vertex -13.7213 -3.625 1.7
      vertex -13.3019 -2.77445 5.4
      vertex -13.3019 -2.77445 1.7
    endloop
  endfacet
  facet normal -0.896891 0.442251 0
    outer loop
      vertex -13.3019 -2.77445 5.4
      vertex -13.7213 -3.625 1.7
      vertex -13.7213 -3.625 5.4
    endloop
  endfacet
  facet normal -0.980788 0.195077 0
    outer loop
      vertex -12.997 -1.87644 1.7
      vertex -12.812 -0.946315 5.4
      vertex -12.812 -0.946315 1.7
    endloop
  endfacet
  facet normal -0.980788 0.195077 0
    outer loop
      vertex -12.812 -0.946315 5.4
      vertex -12.997 -1.87644 1.7
      vertex -12.997 -1.87644 5.4
    endloop
  endfacet
  facet normal 0.555578 0.831464 -0
    outer loop
      vertex -23.625 -6.27868 1.7
      vertex -24.4135 -5.75181 5.4
      vertex -23.625 -6.27868 5.4
    endloop
  endfacet
  facet normal 0.555578 0.831464 0
    outer loop
      vertex -24.4135 -5.75181 5.4
      vertex -23.625 -6.27868 1.7
      vertex -24.4135 -5.75181 1.7
    endloop
  endfacet
  facet normal 0.980788 0.195077 0
    outer loop
      vertex -27.003 -1.87644 5.4
      vertex -27.188 -0.946315 1.7
      vertex -27.188 -0.946315 5.4
    endloop
  endfacet
  facet normal 0.980788 0.195077 0
    outer loop
      vertex -27.188 -0.946315 1.7
      vertex -27.003 -1.87644 5.4
      vertex -27.003 -1.87644 1.7
    endloop
  endfacet
  facet normal -0.831456 0.55559 0
    outer loop
      vertex -14.2482 -4.41352 1.7
      vertex -13.7213 -3.625 5.4
      vertex -13.7213 -3.625 1.7
    endloop
  endfacet
  facet normal -0.831456 0.55559 0
    outer loop
      vertex -13.7213 -3.625 5.4
      vertex -14.2482 -4.41352 1.7
      vertex -14.2482 -4.41352 5.4
    endloop
  endfacet
  facet normal -0.997861 0.0653771 0
    outer loop
      vertex -12.812 -0.946315 1.7
      vertex -12.75 0 5.4
      vertex -12.75 0 1.7
    endloop
  endfacet
  facet normal -0.997861 0.0653771 0
    outer loop
      vertex -12.75 0 5.4
      vertex -12.812 -0.946315 1.7
      vertex -12.812 -0.946315 5.4
    endloop
  endfacet
  facet normal 1 -0 0
    outer loop
      vertex -29.1 -11 1.7
      vertex -29.1 11 0
      vertex -29.1 11 1.7
    endloop
  endfacet
  facet normal 1 0 0
    outer loop
      vertex -29.1 11 0
      vertex -29.1 -11 1.7
      vertex -29.1 -11 0
    endloop
  endfacet
  facet normal 0 0 -1
    outer loop
      vertex -29.1 -11 1.7
      vertex -22 -10.5 1.7
      vertex -22 -11 1.7
    endloop
  endfacet
  facet normal 0 0 -1
    outer loop
      vertex -22 -10.5 1.7
      vertex -23.625 -6.27868 1.7
      vertex -22.7745 -6.69813 1.7
    endloop
  endfacet
  facet normal -0 0 -1
    outer loop
      vertex -22 -10.5 1.7
      vertex -29.1 -11 1.7
      vertex -23.625 -6.27868 1.7
    endloop
  endfacet
  facet normal -0 0 -1
    outer loop
      vertex -23.625 -6.27868 1.7
      vertex -29.1 -11 1.7
      vertex -24.4135 -5.75181 1.7
    endloop
  endfacet
  facet normal -0 0 -1
    outer loop
      vertex -24.4135 -5.75181 1.7
      vertex -29.1 -11 1.7
      vertex -25.1265 -5.12652 1.7
    endloop
  endfacet
  facet normal -0 0 -1
    outer loop
      vertex -25.1265 -5.12652 1.7
      vertex -29.1 -11 1.7
      vertex -25.7518 -4.41352 1.7
    endloop
  endfacet
  facet normal -0 0 -1
    outer loop
      vertex -27.188 -0.946315 1.7
      vertex -29.1 -11 1.7
      vertex -27.25 0 1.7
    endloop
  endfacet
  facet normal -0 0 -1
    outer loop
      vertex -27.003 -1.87644 1.7
      vertex -29.1 -11 1.7
      vertex -27.188 -0.946315 1.7
    endloop
  endfacet
  facet normal -0 0 -1
    outer loop
      vertex -26.6981 -2.77445 1.7
      vertex -29.1 -11 1.7
      vertex -27.003 -1.87644 1.7
    endloop
  endfacet
  facet normal -0 0 -1
    outer loop
      vertex -26.2787 -3.625 1.7
      vertex -29.1 -11 1.7
      vertex -26.6981 -2.77445 1.7
    endloop
  endfacet
  facet normal -0 0 -1
    outer loop
      vertex -25.7518 -4.41352 1.7
      vertex -29.1 -11 1.7
      vertex -26.2787 -3.625 1.7
    endloop
  endfacet
  facet normal 0 0 -1
    outer loop
      vertex -10.9 -11 1.7
      vertex -12.75 0 1.7
      vertex -10.9 11 1.7
    endloop
  endfacet
  facet normal 0 0 -1
    outer loop
      vertex -10.9 -11 1.7
      vertex -12.812 -0.946315 1.7
      vertex -12.75 0 1.7
    endloop
  endfacet
  facet normal 0 0 -1
    outer loop
      vertex -10.9 -11 1.7
      vertex -12.997 -1.87644 1.7
      vertex -12.812 -0.946315 1.7
    endloop
  endfacet
  facet normal 0 0 -1
    outer loop
      vertex -10.9 -11 1.7
      vertex -13.3019 -2.77445 1.7
      vertex -12.997 -1.87644 1.7
    endloop
  endfacet
  facet normal 0 0 -1
    outer loop
      vertex -10.9 -11 1.7
      vertex -13.7213 -3.625 1.7
      vertex -13.3019 -2.77445 1.7
    endloop
  endfacet
  facet normal 0 0 -1
    outer loop
      vertex -10.9 -11 1.7
      vertex -14.2482 -4.41352 1.7
      vertex -13.7213 -3.625 1.7
    endloop
  endfacet
  facet normal 0 0 -1
    outer loop
      vertex -10.9 -11 1.7
      vertex -14.8735 -5.12652 1.7
      vertex -14.2482 -4.41352 1.7
    endloop
  endfacet
  facet normal 0 0 -1
    outer loop
      vertex -10.9 -11 1.7
      vertex -15.5865 -5.75181 1.7
      vertex -14.8735 -5.12652 1.7
    endloop
  endfacet
  facet normal 0 0 -1
    outer loop
      vertex -10.9 -11 1.7
      vertex -16.375 -6.27868 1.7
      vertex -15.5865 -5.75181 1.7
    endloop
  endfacet
  facet normal 0 0 -1
    outer loop
      vertex -18 -10.5 1.7
      vertex -16.375 -6.27868 1.7
      vertex -10.9 -11 1.7
    endloop
  endfacet
  facet normal 0 0 -1
    outer loop
      vertex -18 -10.5 1.7
      vertex -10.9 -11 1.7
      vertex -18 -11 1.7
    endloop
  endfacet
  facet normal 0 0 -1
    outer loop
      vertex -16.375 -6.27868 1.7
      vertex -18 -10.5 1.7
      vertex -17.2255 -6.69813 1.7
    endloop
  endfacet
  facet normal 0 0 -1
    outer loop
      vertex -18 -10.5 1.7
      vertex -18.1236 -7.00296 1.7
      vertex -17.2255 -6.69813 1.7
    endloop
  endfacet
  facet normal 0 0 -1
    outer loop
      vertex -18 -10.5 1.7
      vertex -19.0537 -7.18797 1.7
      vertex -18.1236 -7.00296 1.7
    endloop
  endfacet
  facet normal 0 0 -1
    outer loop
      vertex -18 -10.5 1.7
      vertex -20 -7.25 1.7
      vertex -19.0537 -7.18797 1.7
    endloop
  endfacet
  facet normal 0 0 -1
    outer loop
      vertex -22 -10.5 1.7
      vertex -20 -7.25 1.7
      vertex -18 -10.5 1.7
    endloop
  endfacet
  facet normal -0 0 -1
    outer loop
      vertex -20 -7.25 1.7
      vertex -22 -10.5 1.7
      vertex -20.9463 -7.18797 1.7
    endloop
  endfacet
  facet normal -0 0 -1
    outer loop
      vertex -20.9463 -7.18797 1.7
      vertex -22 -10.5 1.7
      vertex -21.8764 -7.00296 1.7
    endloop
  endfacet
  facet normal -0 0 -1
    outer loop
      vertex -21.8764 -7.00296 1.7
      vertex -22 -10.5 1.7
      vertex -22.7745 -6.69813 1.7
    endloop
  endfacet
  facet normal 0 0 -1
    outer loop
      vertex -12.812 0.946315 1.7
      vertex -10.9 11 1.7
      vertex -12.75 0 1.7
    endloop
  endfacet
  facet normal 0 0 -1
    outer loop
      vertex -12.997 1.87644 1.7
      vertex -10.9 11 1.7
      vertex -12.812 0.946315 1.7
    endloop
  endfacet
  facet normal 0 0 -1
    outer loop
      vertex -13.3019 2.77445 1.7
      vertex -10.9 11 1.7
      vertex -12.997 1.87644 1.7
    endloop
  endfacet
  facet normal 0 0 -1
    outer loop
      vertex -13.7213 3.625 1.7
      vertex -10.9 11 1.7
      vertex -13.3019 2.77445 1.7
    endloop
  endfacet
  facet normal 0 0 -1
    outer loop
      vertex -14.2482 4.41352 1.7
      vertex -10.9 11 1.7
      vertex -13.7213 3.625 1.7
    endloop
  endfacet
  facet normal 0 0 -1
    outer loop
      vertex -14.8735 5.12652 1.7
      vertex -10.9 11 1.7
      vertex -14.2482 4.41352 1.7
    endloop
  endfacet
  facet normal 0 0 -1
    outer loop
      vertex -15.5865 5.75181 1.7
      vertex -10.9 11 1.7
      vertex -14.8735 5.12652 1.7
    endloop
  endfacet
  facet normal 0 0 -1
    outer loop
      vertex -16.375 6.27868 1.7
      vertex -10.9 11 1.7
      vertex -15.5865 5.75181 1.7
    endloop
  endfacet
  facet normal 0 0 -1
    outer loop
      vertex -17.2255 6.69813 1.7
      vertex -10.9 11 1.7
      vertex -16.375 6.27868 1.7
    endloop
  endfacet
  facet normal 0 0 -1
    outer loop
      vertex -18.1236 7.00296 1.7
      vertex -10.9 11 1.7
      vertex -17.2255 6.69813 1.7
    endloop
  endfacet
  facet normal 0 0 -1
    outer loop
      vertex -19.0537 7.18797 1.7
      vertex -10.9 11 1.7
      vertex -18.1236 7.00296 1.7
    endloop
  endfacet
  facet normal 0 0 -1
    outer loop
      vertex -20 7.25 1.7
      vertex -10.9 11 1.7
      vertex -19.0537 7.18797 1.7
    endloop
  endfacet
  facet normal 0 0 -1
    outer loop
      vertex -29.1 11 1.7
      vertex -20 7.25 1.7
      vertex -20.9463 7.18797 1.7
    endloop
  endfacet
  facet normal 0 0 -1
    outer loop
      vertex -29.1 11 1.7
      vertex -20.9463 7.18797 1.7
      vertex -21.8764 7.00296 1.7
    endloop
  endfacet
  facet normal 0 0 -1
    outer loop
      vertex -29.1 11 1.7
      vertex -21.8764 7.00296 1.7
      vertex -22.7745 6.69813 1.7
    endloop
  endfacet
  facet normal 0 0 -1
    outer loop
      vertex -29.1 11 1.7
      vertex -27.25 0 1.7
      vertex -29.1 -11 1.7
    endloop
  endfacet
  facet normal 0 0 -1
    outer loop
      vertex -20 7.25 1.7
      vertex -29.1 11 1.7
      vertex -10.9 11 1.7
    endloop
  endfacet
  facet normal 0 0 -1
    outer loop
      vertex -23.625 6.27868 1.7
      vertex -29.1 11 1.7
      vertex -22.7745 6.69813 1.7
    endloop
  endfacet
  facet normal 0 0 -1
    outer loop
      vertex -24.4135 5.75181 1.7
      vertex -29.1 11 1.7
      vertex -23.625 6.27868 1.7
    endloop
  endfacet
  facet normal 0 0 -1
    outer loop
      vertex -25.1265 5.12652 1.7
      vertex -29.1 11 1.7
      vertex -24.4135 5.75181 1.7
    endloop
  endfacet
  facet normal 0 0 -1
    outer loop
      vertex -25.7518 4.41352 1.7
      vertex -29.1 11 1.7
      vertex -25.1265 5.12652 1.7
    endloop
  endfacet
  facet normal 0 0 -1
    outer loop
      vertex -26.2787 3.625 1.7
      vertex -29.1 11 1.7
      vertex -25.7518 4.41352 1.7
    endloop
  endfacet
  facet normal 0 0 -1
    outer loop
      vertex -26.6981 2.77445 1.7
      vertex -29.1 11 1.7
      vertex -26.2787 3.625 1.7
    endloop
  endfacet
  facet normal 0 0 -1
    outer loop
      vertex -27.003 1.87644 1.7
      vertex -29.1 11 1.7
      vertex -26.6981 2.77445 1.7
    endloop
  endfacet
  facet normal 0 0 -1
    outer loop
      vertex -27.188 0.946315 1.7
      vertex -29.1 11 1.7
      vertex -27.003 1.87644 1.7
    endloop
  endfacet
  facet normal 0 0 -1
    outer loop
      vertex -27.25 0 1.7
      vertex -29.1 11 1.7
      vertex -27.188 0.946315 1.7
    endloop
  endfacet
  facet normal -1 0 0
    outer loop
      vertex -10.9 -11 0
      vertex -10.9 11 1.7
      vertex -10.9 11 0
    endloop
  endfacet
  facet normal -1 -0 0
    outer loop
      vertex -10.9 11 1.7
      vertex -10.9 -11 0
      vertex -10.9 -11 1.7
    endloop
  endfacet
  facet normal 0 -1 0
    outer loop
      vertex -29.1 11 0
      vertex -10.9 11 1.7
      vertex -29.1 11 1.7
    endloop
  endfacet
  facet normal 0 -1 -0
    outer loop
      vertex -10.9 11 1.7
      vertex -29.1 11 0
      vertex -10.9 11 0
    endloop
  endfacet
  facet normal 0 1 -0
    outer loop
      vertex -10.9 -11 0
      vertex -18 -11 1.7
      vertex -10.9 -11 1.7
    endloop
  endfacet
  facet normal 0 1 0
    outer loop
      vertex -18 -11 1.7
      vertex -10.9 -11 0
      vertex -18 -11 0
    endloop
  endfacet
  facet normal 0 1 -0
    outer loop
      vertex -22 -11 0
      vertex -29.1 -11 1.7
      vertex -22 -11 1.7
    endloop
  endfacet
  facet normal 0 1 0
    outer loop
      vertex -29.1 -11 1.7
      vertex -22 -11 0
      vertex -29.1 -11 0
    endloop
  endfacet
  facet normal 1 0 0
    outer loop
      vertex -22 -10.5 1.8
      vertex -22 -11 1.7
      vertex -22 -10.5 1.7
    endloop
  endfacet
  facet normal 1 -0 0
    outer loop
      vertex -22 -14 1.8
      vertex -22 -11 1.7
      vertex -22 -10.5 1.8
    endloop
  endfacet
  facet normal 1 0 0
    outer loop
      vertex -22 -14 0
      vertex -22 -11 1.7
      vertex -22 -14 1.8
    endloop
  endfacet
  facet normal 1 0 0
    outer loop
      vertex -22 -11 1.7
      vertex -22 -14 0
      vertex -22 -11 0
    endloop
  endfacet
  facet normal 0 0 -1
    outer loop
      vertex -22 -14 1.8
      vertex -18 -10.5 1.8
      vertex -18 -14 1.8
    endloop
  endfacet
  facet normal -0 0 -1
    outer loop
      vertex -18 -10.5 1.8
      vertex -22 -14 1.8
      vertex -22 -10.5 1.8
    endloop
  endfacet
  facet normal -1 0 0
    outer loop
      vertex -18 -11 0
      vertex -18 -14 0
      vertex -18 -11 1.7
    endloop
  endfacet
  facet normal -1 0 0
    outer loop
      vertex -18 -11 1.7
      vertex -18 -10.5 1.8
      vertex -18 -10.5 1.7
    endloop
  endfacet
  facet normal -1 0 0
    outer loop
      vertex -18 -11 1.7
      vertex -18 -14 1.8
      vertex -18 -10.5 1.8
    endloop
  endfacet
  facet normal -1 0 0
    outer loop
      vertex -18 -14 1.8
      vertex -18 -11 1.7
      vertex -18 -14 0
    endloop
  endfacet
  facet normal 0 -1 0
    outer loop
      vertex -22 -10.5 1.7
      vertex -18 -10.5 1.8
      vertex -22 -10.5 1.8
    endloop
  endfacet
  facet normal 0 -1 -0
    outer loop
      vertex -18 -10.5 1.8
      vertex -22 -10.5 1.7
      vertex -18 -10.5 1.7
    endloop
  endfacet
  facet normal -1 0 0
    outer loop
      vertex 3.25 -9.5 0
      vertex 3.25 9.5 4.5
      vertex 3.25 9.5 0
    endloop
  endfacet
  facet normal -1 -0 0
    outer loop
      vertex 3.25 9.5 4.5
      vertex 3.25 -9.5 0
      vertex 3.25 -9.5 4.5
    endloop
  endfacet
  facet normal 0 0 1
    outer loop
      vertex 5.05001 9.5 4.5
      vertex 4.75 7.5 4.5
      vertex 5.05001 7.5 4.5
    endloop
  endfacet
  facet normal 0 0 1
    outer loop
      vertex 4.75 7.5 4.5
      vertex 3.25 9.5 4.5
      vertex 4.75 -7.5 4.5
    endloop
  endfacet
  facet normal -0 0 1
    outer loop
      vertex 3.25 9.5 4.5
      vertex 4.75 7.5 4.5
      vertex 5.05001 9.5 4.5
    endloop
  endfacet
  facet normal -0 0 1
    outer loop
      vertex 4.75 -7.5 4.5
      vertex 5.05001 -9.5 4.5
      vertex 5.05001 -7.5 4.5
    endloop
  endfacet
  facet normal 0 0 1
    outer loop
      vertex 4.75 -7.5 4.5
      vertex 3.25 -9.5 4.5
      vertex 5.05001 -9.5 4.5
    endloop
  endfacet
  facet normal 0 0 1
    outer loop
      vertex 3.25 -9.5 4.5
      vertex 4.75 -7.5 4.5
      vertex 3.25 9.5 4.5
    endloop
  endfacet
  facet normal 1 -0 0
    outer loop
      vertex 7.25 -9.5 2.30002
      vertex 7.25 9.5 0
      vertex 7.25 9.5 2.30002
    endloop
  endfacet
  facet normal 1 0 0
    outer loop
      vertex 7.25 9.5 0
      vertex 7.25 -9.5 2.30002
      vertex 7.25 -9.5 0
    endloop
  endfacet
  facet normal 0 1 0
    outer loop
      vertex 3.25 9.5 0
      vertex 5.05001 9.5 4.5
      vertex 7.25 9.5 2.30002
    endloop
  endfacet
  facet normal 0 1 0
    outer loop
      vertex 3.25 9.5 0
      vertex 7.25 9.5 2.30002
      vertex 7.25 9.5 0
    endloop
  endfacet
  facet normal 0 1 0
    outer loop
      vertex 5.05001 9.5 4.5
      vertex 3.25 9.5 0
      vertex 3.25 9.5 4.5
    endloop
  endfacet
  facet normal 0 0 -1
    outer loop
      vertex 7.25 -9.5 0
      vertex 6.75 -7.5 0
      vertex 7.25 9.5 0
    endloop
  endfacet
  facet normal 0 0 -1
    outer loop
      vertex 7.25 -9.5 0
      vertex 4.75 -7.5 0
      vertex 6.75 -7.5 0
    endloop
  endfacet
  facet normal -0 0 -1
    outer loop
      vertex 4.75 -7.5 0
      vertex 3.25 -9.5 0
      vertex 4.75 7.5 0
    endloop
  endfacet
  facet normal 0 0 -1
    outer loop
      vertex 3.25 -9.5 0
      vertex 4.75 -7.5 0
      vertex 7.25 -9.5 0
    endloop
  endfacet
  facet normal 0 0 -1
    outer loop
      vertex 6.75 7.5 0
      vertex 7.25 9.5 0
      vertex 6.75 -7.5 0
    endloop
  endfacet
  facet normal 0 0 -1
    outer loop
      vertex 4.75 7.5 0
      vertex 7.25 9.5 0
      vertex 6.75 7.5 0
    endloop
  endfacet
  facet normal 0 0 -1
    outer loop
      vertex 4.75 7.5 0
      vertex 3.25 9.5 0
      vertex 7.25 9.5 0
    endloop
  endfacet
  facet normal 0 0 -1
    outer loop
      vertex 3.25 9.5 0
      vertex 4.75 7.5 0
      vertex 3.25 -9.5 0
    endloop
  endfacet
  facet normal 0 -1 0
    outer loop
      vertex 3.25 -9.5 0
      vertex 5.05001 -9.5 4.5
      vertex 3.25 -9.5 4.5
    endloop
  endfacet
  facet normal 0 -1 -0
    outer loop
      vertex 5.05001 -9.5 4.5
      vertex 3.25 -9.5 0
      vertex 7.25 -9.5 2.30002
    endloop
  endfacet
  facet normal 0 -1 -0
    outer loop
      vertex 7.25 -9.5 2.30002
      vertex 3.25 -9.5 0
      vertex 7.25 -9.5 0
    endloop
  endfacet
  facet normal -1 0 0
    outer loop
      vertex 32.75 -9.5 0
      vertex 32.75 9.5 2.30002
      vertex 32.75 9.5 0
    endloop
  endfacet
  facet normal -1 -0 0
    outer loop
      vertex 32.75 9.5 2.30002
      vertex 32.75 -9.5 0
      vertex 32.75 -9.5 2.30002
    endloop
  endfacet
  facet normal 0 0 1
    outer loop
      vertex 36.75 9.5 4.5
      vertex 35.25 7.5 4.5
      vertex 36.75 -9.5 4.5
    endloop
  endfacet
  facet normal -0 0 1
    outer loop
      vertex 34.95 9.5 4.5
      vertex 35.25 7.5 4.5
      vertex 36.75 9.5 4.5
    endloop
  endfacet
  facet normal 0 0 1
    outer loop
      vertex 35.25 7.5 4.5
      vertex 34.95 9.5 4.5
      vertex 34.95 7.5 4.5
    endloop
  endfacet
  facet normal -0 0 1
    outer loop
      vertex 35.25 -7.5 4.5
      vertex 36.75 -9.5 4.5
      vertex 35.25 7.5 4.5
    endloop
  endfacet
  facet normal 0 0 1
    outer loop
      vertex 34.95 -9.5 4.5
      vertex 35.25 -7.5 4.5
      vertex 34.95 -7.5 4.5
    endloop
  endfacet
  facet normal 0 0 1
    outer loop
      vertex 35.25 -7.5 4.5
      vertex 34.95 -9.5 4.5
      vertex 36.75 -9.5 4.5
    endloop
  endfacet
  facet normal 1 -0 0
    outer loop
      vertex 36.75 -9.5 4.5
      vertex 36.75 9.5 0
      vertex 36.75 9.5 4.5
    endloop
  endfacet
  facet normal 1 0 0
    outer loop
      vertex 36.75 9.5 0
      vertex 36.75 -9.5 4.5
      vertex 36.75 -9.5 0
    endloop
  endfacet
  facet normal 0 1 -0
    outer loop
      vertex 36.75 9.5 0
      vertex 34.95 9.5 4.5
      vertex 36.75 9.5 4.5
    endloop
  endfacet
  facet normal 0 1 0
    outer loop
      vertex 34.95 9.5 4.5
      vertex 36.75 9.5 0
      vertex 32.75 9.5 2.30002
    endloop
  endfacet
  facet normal 0 1 0
    outer loop
      vertex 32.75 9.5 2.30002
      vertex 36.75 9.5 0
      vertex 32.75 9.5 0
    endloop
  endfacet
  facet normal 0 0 -1
    outer loop
      vertex 36.75 -9.5 0
      vertex 35.25 -7.5 0
      vertex 36.75 9.5 0
    endloop
  endfacet
  facet normal 0 0 -1
    outer loop
      vertex 32.75 -9.5 0
      vertex 35.25 -7.5 0
      vertex 36.75 -9.5 0
    endloop
  endfacet
  facet normal -0 0 -1
    outer loop
      vertex 33.25 -7.5 0
      vertex 32.75 -9.5 0
      vertex 33.25 7.5 0
    endloop
  endfacet
  facet normal -0 0 -1
    outer loop
      vertex 35.25 -7.5 0
      vertex 32.75 -9.5 0
      vertex 33.25 -7.5 0
    endloop
  endfacet
  facet normal 0 0 -1
    outer loop
      vertex 35.25 7.5 0
      vertex 36.75 9.5 0
      vertex 35.25 -7.5 0
    endloop
  endfacet
  facet normal 0 0 -1
    outer loop
      vertex 32.75 9.5 0
      vertex 35.25 7.5 0
      vertex 33.25 7.5 0
    endloop
  endfacet
  facet normal 0 0 -1
    outer loop
      vertex 35.25 7.5 0
      vertex 32.75 9.5 0
      vertex 36.75 9.5 0
    endloop
  endfacet
  facet normal 0 0 -1
    outer loop
      vertex 32.75 9.5 0
      vertex 33.25 7.5 0
      vertex 32.75 -9.5 0
    endloop
  endfacet
  facet normal 0 -1 0
    outer loop
      vertex 36.75 -9.5 0
      vertex 34.95 -9.5 4.5
      vertex 32.75 -9.5 2.30002
    endloop
  endfacet
  facet normal 0 -1 0
    outer loop
      vertex 36.75 -9.5 0
      vertex 32.75 -9.5 2.30002
      vertex 32.75 -9.5 0
    endloop
  endfacet
  facet normal 0 -1 0
    outer loop
      vertex 34.95 -9.5 4.5
      vertex 36.75 -9.5 0
      vertex 36.75 -9.5 4.5
    endloop
  endfacet
  facet normal 0 0 -1
    outer loop
      vertex 23 -9.05 0
      vertex 17.5 6.1 0
      vertex 22.5 6.1 0
    endloop
  endfacet
  facet normal 0 0 -1
    outer loop
      vertex 7.75 -10 0
      vertex 17.5 6.1 0
      vertex 17 -9.05 0
    endloop
  endfacet
  facet normal 0 0 -1
    outer loop
      vertex 17 -9.05 0
      vertex 17.5 6.1 0
      vertex 23 -9.05 0
    endloop
  endfacet
  facet normal 0 0 -1
    outer loop
      vertex 28.25 -14 0
      vertex 32.25 -10 0
      vertex 32.2158 -10.5221 0
    endloop
  endfacet
  facet normal 0 0 -1
    outer loop
      vertex 32.25 -10 0
      vertex 22.5 6.1 0
      vertex 32.25 10 0
    endloop
  endfacet
  facet normal 0 0 -1
    outer loop
      vertex 28.25 -14 0
      vertex 32.2158 -10.5221 0
      vertex 32.1137 -11.0353 0
    endloop
  endfacet
  facet normal 0 0 -1
    outer loop
      vertex 22.5 11.1 0
      vertex 32.25 10 0
      vertex 22.5 6.1 0
    endloop
  endfacet
  facet normal 0 0 -1
    outer loop
      vertex 28.25 -14 0
      vertex 32.1137 -11.0353 0
      vertex 31.9455 -11.5307 0
    endloop
  endfacet
  facet normal 0 -0 -1
    outer loop
      vertex 28.25 14 0
      vertex 32.25 10 0
      vertex 22.5 11.1 0
    endloop
  endfacet
  facet normal 0 0 -1
    outer loop
      vertex 28.25 -14 0
      vertex 31.9455 -11.5307 0
      vertex 31.7141 -12 0
    endloop
  endfacet
  facet normal 0 0 -1
    outer loop
      vertex 32.25 10 0
      vertex 28.25 14 0
      vertex 32.2158 10.5221 0
    endloop
  endfacet
  facet normal 0 0 -1
    outer loop
      vertex 28.25 -14 0
      vertex 31.7141 -12 0
      vertex 31.4234 -12.435 0
    endloop
  endfacet
  facet normal 0 0 -1
    outer loop
      vertex 32.1137 11.0353 0
      vertex 28.25 14 0
      vertex 31.9455 11.5307 0
    endloop
  endfacet
  facet normal 0 0 -1
    outer loop
      vertex 28.25 -14 0
      vertex 31.4234 -12.435 0
      vertex 31.0784 -12.8284 0
    endloop
  endfacet
  facet normal 0 0 -1
    outer loop
      vertex 31.9455 11.5307 0
      vertex 28.25 14 0
      vertex 31.7141 12 0
    endloop
  endfacet
  facet normal 0 0 -1
    outer loop
      vertex 28.25 -14 0
      vertex 31.0784 -12.8284 0
      vertex 30.685 -13.1734 0
    endloop
  endfacet
  facet normal 0 0 -1
    outer loop
      vertex 31.7141 12 0
      vertex 28.25 14 0
      vertex 31.4234 12.435 0
    endloop
  endfacet
  facet normal 0 0 -1
    outer loop
      vertex 28.25 -14 0
      vertex 30.685 -13.1734 0
      vertex 30.25 -13.4641 0
    endloop
  endfacet
  facet normal 0 0 -1
    outer loop
      vertex 31.4234 12.435 0
      vertex 28.25 14 0
      vertex 31.0784 12.8284 0
    endloop
  endfacet
  facet normal 0 0 -1
    outer loop
      vertex 28.25 -14 0
      vertex 30.25 -13.4641 0
      vertex 29.7807 -13.6955 0
    endloop
  endfacet
  facet normal 0 0 -1
    outer loop
      vertex 31.0784 12.8284 0
      vertex 28.25 14 0
      vertex 30.685 13.1734 0
    endloop
  endfacet
  facet normal 0 0 -1
    outer loop
      vertex 28.25 -14 0
      vertex 29.7807 -13.6955 0
      vertex 29.2853 -13.8637 0
    endloop
  endfacet
  facet normal 0 0 -1
    outer loop
      vertex 30.685 13.1734 0
      vertex 28.25 14 0
      vertex 30.25 13.4641 0
    endloop
  endfacet
  facet normal 0 0 -1
    outer loop
      vertex 28.25 -14 0
      vertex 29.2853 -13.8637 0
      vertex 28.7721 -13.9658 0
    endloop
  endfacet
  facet normal 0 0 -1
    outer loop
      vertex 30.25 13.4641 0
      vertex 28.25 14 0
      vertex 29.7807 13.6955 0
    endloop
  endfacet
  facet normal -0 0 -1
    outer loop
      vertex 32.25 -10 0
      vertex 28.25 -14 0
      vertex 23 -9.05 0
    endloop
  endfacet
  facet normal 0 0 -1
    outer loop
      vertex 29.7807 13.6955 0
      vertex 28.25 14 0
      vertex 29.2853 13.8637 0
    endloop
  endfacet
  facet normal 0 0 -1
    outer loop
      vertex 23 -9.05 0
      vertex 28.25 -14 0
      vertex 23 -13.55 0
    endloop
  endfacet
  facet normal 0 0 -1
    outer loop
      vertex 28.25 -14 0
      vertex 17 -13.55 0
      vertex 23 -13.55 0
    endloop
  endfacet
  facet normal -0 0 -1
    outer loop
      vertex 17 -13.55 0
      vertex 11.75 -14 0
      vertex 17 -9.05 0
    endloop
  endfacet
  facet normal 0 0 -1
    outer loop
      vertex 11.75 -14 0
      vertex 17 -13.55 0
      vertex 28.25 -14 0
    endloop
  endfacet
  facet normal 0 0 -1
    outer loop
      vertex 32.25 -10 0
      vertex 23 -9.05 0
      vertex 22.5 6.1 0
    endloop
  endfacet
  facet normal 0 0 -1
    outer loop
      vertex 29.2853 13.8637 0
      vertex 28.25 14 0
      vertex 28.7721 13.9658 0
    endloop
  endfacet
  facet normal 0 0 -1
    outer loop
      vertex 32.2158 10.5221 0
      vertex 28.25 14 0
      vertex 32.1137 11.0353 0
    endloop
  endfacet
  facet normal 0 0 -1
    outer loop
      vertex 17.5 11.1 0
      vertex 28.25 14 0
      vertex 22.5 11.1 0
    endloop
  endfacet
  facet normal 0 0 -1
    outer loop
      vertex 7.75 -10 0
      vertex 17 -9.05 0
      vertex 11.75 -14 0
    endloop
  endfacet
  facet normal 0 0 -1
    outer loop
      vertex 17.5 11.1 0
      vertex 11.75 14 0
      vertex 28.25 14 0
    endloop
  endfacet
  facet normal -0 0 -1
    outer loop
      vertex 17.5 6.1 0
      vertex 7.75 -10 0
      vertex 7.75 10 0
    endloop
  endfacet
  facet normal 0 0 -1
    outer loop
      vertex 7.75 -10 0
      vertex 11.75 -14 0
      vertex 11.2279 -13.9658 0
    endloop
  endfacet
  facet normal 0 0 -1
    outer loop
      vertex 17.5 6.1 0
      vertex 7.75 10 0
      vertex 17.5 11.1 0
    endloop
  endfacet
  facet normal 0 0 -1
    outer loop
      vertex 7.75 -10 0
      vertex 11.2279 -13.9658 0
      vertex 10.7147 -13.8637 0
    endloop
  endfacet
  facet normal -0 0 -1
    outer loop
      vertex 17.5 11.1 0
      vertex 7.75 10 0
      vertex 11.75 14 0
    endloop
  endfacet
  facet normal 0 0 -1
    outer loop
      vertex 7.75 -10 0
      vertex 10.7147 -13.8637 0
      vertex 10.2193 -13.6955 0
    endloop
  endfacet
  facet normal 0 0 -1
    outer loop
      vertex 11.75 14 0
      vertex 7.75 10 0
      vertex 11.2279 13.9658 0
    endloop
  endfacet
  facet normal 0 0 -1
    outer loop
      vertex 7.75 -10 0
      vertex 10.2193 -13.6955 0
      vertex 9.75 -13.4641 0
    endloop
  endfacet
  facet normal 0 0 -1
    outer loop
      vertex 11.2279 13.9658 0
      vertex 7.75 10 0
      vertex 10.7147 13.8637 0
    endloop
  endfacet
  facet normal 0 0 -1
    outer loop
      vertex 7.75 -10 0
      vertex 9.75 -13.4641 0
      vertex 9.31495 -13.1734 0
    endloop
  endfacet
  facet normal 0 0 -1
    outer loop
      vertex 10.7147 13.8637 0
      vertex 7.75 10 0
      vertex 10.2193 13.6955 0
    endloop
  endfacet
  facet normal 0 0 -1
    outer loop
      vertex 7.75 -10 0
      vertex 9.31495 -13.1734 0
      vertex 8.92157 -12.8284 0
    endloop
  endfacet
  facet normal 0 0 -1
    outer loop
      vertex 10.2193 13.6955 0
      vertex 7.75 10 0
      vertex 9.75 13.4641 0
    endloop
  endfacet
  facet normal 0 0 -1
    outer loop
      vertex 7.75 -10 0
      vertex 8.92157 -12.8284 0
      vertex 8.57659 -12.435 0
    endloop
  endfacet
  facet normal 0 0 -1
    outer loop
      vertex 9.75 13.4641 0
      vertex 7.75 10 0
      vertex 9.31495 13.1734 0
    endloop
  endfacet
  facet normal 0 0 -1
    outer loop
      vertex 7.75 -10 0
      vertex 8.57659 -12.435 0
      vertex 8.2859 -12 0
    endloop
  endfacet
  facet normal 0 0 -1
    outer loop
      vertex 9.31495 13.1734 0
      vertex 7.75 10 0
      vertex 8.92157 12.8284 0
    endloop
  endfacet
  facet normal 0 0 -1
    outer loop
      vertex 7.75 -10 0
      vertex 8.2859 -12 0
      vertex 8.05448 -11.5307 0
    endloop
  endfacet
  facet normal 0 0 -1
    outer loop
      vertex 8.92157 12.8284 0
      vertex 7.75 10 0
      vertex 8.57659 12.435 0
    endloop
  endfacet
  facet normal 0 0 -1
    outer loop
      vertex 7.75 -10 0
      vertex 8.05448 -11.5307 0
      vertex 7.8863 -11.0353 0
    endloop
  endfacet
  facet normal 0 0 -1
    outer loop
      vertex 8.57659 12.435 0
      vertex 7.75 10 0
      vertex 8.2859 12 0
    endloop
  endfacet
  facet normal 0 0 -1
    outer loop
      vertex 7.75 -10 0
      vertex 7.8863 -11.0353 0
      vertex 7.78422 -10.5221 0
    endloop
  endfacet
  facet normal 0 0 -1
    outer loop
      vertex 8.2859 12 0
      vertex 7.75 10 0
      vertex 8.05448 11.5307 0
    endloop
  endfacet
  facet normal 0 0 -1
    outer loop
      vertex 8.05448 11.5307 0
      vertex 7.75 10 0
      vertex 7.8863 11.0353 0
    endloop
  endfacet
  facet normal 0 0 -1
    outer loop
      vertex 7.8863 11.0353 0
      vertex 7.75 10 0
      vertex 7.78422 10.5221 0
    endloop
  endfacet
  facet normal -0.980786 -0.195087 -0
    outer loop
      vertex 7.8863 -11.0353 1.66372
      vertex 7.78422 -10.5221 0
      vertex 7.8863 -11.0353 0
    endloop
  endfacet
  facet normal -0.980786 -0.195087 0
    outer loop
      vertex 7.78422 -10.5221 0
      vertex 7.8863 -11.0353 1.66372
      vertex 7.78422 -10.5221 1.7658
    endloop
  endfacet
  facet normal -1 0 0
    outer loop
      vertex 7.75 -10 0
      vertex 7.75 10 1.80002
      vertex 7.75 10 0
    endloop
  endfacet
  facet normal -1 -0 0
    outer loop
      vertex 7.75 10 1.80002
      vertex 7.75 -10 0
      vertex 7.75 -10 1.80002
    endloop
  endfacet
  facet normal 0.997861 0.0653646 -0
    outer loop
      vertex 32.25 10 0
      vertex 32.2158 10.5221 1.7658
      vertex 32.25 10 1.80002
    endloop
  endfacet
  facet normal 0.997861 0.0653646 0
    outer loop
      vertex 32.2158 10.5221 1.7658
      vertex 32.25 10 0
      vertex 32.2158 10.5221 0
    endloop
  endfacet
  facet normal -0.997859 -0.0654027 -0
    outer loop
      vertex 7.78422 -10.5221 1.7658
      vertex 7.75 -10 0
      vertex 7.78422 -10.5221 0
    endloop
  endfacet
  facet normal -0.997859 -0.0654027 0
    outer loop
      vertex 7.75 -10 0
      vertex 7.78422 -10.5221 1.7658
      vertex 7.75 -10 1.80002
    endloop
  endfacet
  facet normal 0.0653646 0.997861 -0
    outer loop
      vertex 28.7721 13.9658 0
      vertex 28.25 14 0.0500059
      vertex 28.7721 13.9658 0.0500059
    endloop
  endfacet
  facet normal 0.0653646 0.997861 0
    outer loop
      vertex 28.25 14 0.0500059
      vertex 28.7721 13.9658 0
      vertex 28.25 14 0
    endloop
  endfacet
  facet normal 0.751842 -0.659343 0
    outer loop
      vertex 31.0784 -12.8284 0.628446
      vertex 31.4234 -12.435 0
      vertex 31.4234 -12.435 0.973432
    endloop
  endfacet
  facet normal 0.751842 -0.659343 0
    outer loop
      vertex 31.4234 -12.435 0
      vertex 31.0784 -12.8284 0.628446
      vertex 31.0784 -12.8284 0
    endloop
  endfacet
  facet normal 1 -0 0
    outer loop
      vertex 32.25 -10 1.80002
      vertex 32.25 10 0
      vertex 32.25 10 1.80002
    endloop
  endfacet
  facet normal 1 0 0
    outer loop
      vertex 32.25 10 0
      vertex 32.25 -10 1.80002
      vertex 32.25 -10 0
    endloop
  endfacet
  facet normal 0.0653646 -0.997861 0
    outer loop
      vertex 28.25 -14 0
      vertex 28.7721 -13.9658 0.0500059
      vertex 28.25 -14 0.0500059
    endloop
  endfacet
  facet normal 0.0653646 -0.997861 0
    outer loop
      vertex 28.7721 -13.9658 0.0500059
      vertex 28.25 -14 0
      vertex 28.7721 -13.9658 0
    endloop
  endfacet
  facet normal 0.896898 0.442238 -0
    outer loop
      vertex 31.9455 11.5307 0
      vertex 31.7141 12 1.26412
      vertex 31.9455 11.5307 1.49553
    endloop
  endfacet
  facet normal 0.896898 0.442238 0
    outer loop
      vertex 31.7141 12 1.26412
      vertex 31.9455 11.5307 0
      vertex 31.7141 12 0
    endloop
  endfacet
  facet normal 0.831432 0.555626 -0
    outer loop
      vertex 31.7141 12 0
      vertex 31.4234 12.435 0.973432
      vertex 31.7141 12 1.26412
    endloop
  endfacet
  facet normal 0.831432 0.555626 0
    outer loop
      vertex 31.4234 12.435 0.973432
      vertex 31.7141 12 0
      vertex 31.4234 12.435 0
    endloop
  endfacet
  facet normal 0 1 -0
    outer loop
      vertex 28.25 14 0
      vertex 11.75 14 0.0500059
      vertex 28.25 14 0.0500059
    endloop
  endfacet
  facet normal 0 1 0
    outer loop
      vertex 11.75 14 0.0500059
      vertex 28.25 14 0
      vertex 11.75 14 0
    endloop
  endfacet
  facet normal -0.997859 0.0654027 0
    outer loop
      vertex 7.75 10 0
      vertex 7.78422 10.5221 1.7658
      vertex 7.78422 10.5221 0
    endloop
  endfacet
  facet normal -0.997859 0.0654027 0
    outer loop
      vertex 7.78422 10.5221 1.7658
      vertex 7.75 10 0
      vertex 7.75 10 1.80002
    endloop
  endfacet
  facet normal -0.751861 0.659321 0
    outer loop
      vertex 8.57659 12.435 0
      vertex 8.92157 12.8284 0.628446
      vertex 8.92157 12.8284 0
    endloop
  endfacet
  facet normal -0.751861 0.659321 0
    outer loop
      vertex 8.92157 12.8284 0.628446
      vertex 8.57659 12.435 0
      vertex 8.57659 12.435 0.973432
    endloop
  endfacet
  facet normal -0.831441 0.555613 0
    outer loop
      vertex 8.2859 12 0
      vertex 8.57659 12.435 0.973432
      vertex 8.57659 12.435 0
    endloop
  endfacet
  facet normal -0.831441 0.555613 0
    outer loop
      vertex 8.57659 12.435 0.973432
      vertex 8.2859 12 0
      vertex 8.2859 12 1.26412
    endloop
  endfacet
  facet normal -0.896883 0.442268 0
    outer loop
      vertex 8.05448 11.5307 0
      vertex 8.2859 12 1.26412
      vertex 8.2859 12 0
    endloop
  endfacet
  facet normal -0.896883 0.442268 0
    outer loop
      vertex 8.2859 12 1.26412
      vertex 8.05448 11.5307 0
      vertex 8.05448 11.5307 1.49553
    endloop
  endfacet
  facet normal 0.831432 -0.555626 0
    outer loop
      vertex 31.4234 -12.435 0.973432
      vertex 31.7141 -12 0
      vertex 31.7141 -12 1.26412
    endloop
  endfacet
  facet normal 0.831432 -0.555626 0
    outer loop
      vertex 31.7141 -12 0
      vertex 31.4234 -12.435 0.973432
      vertex 31.4234 -12.435 0
    endloop
  endfacet
  facet normal 0.997861 -0.0653646 0
    outer loop
      vertex 32.2158 -10.5221 1.7658
      vertex 32.25 -10 0
      vertex 32.25 -10 1.80002
    endloop
  endfacet
  facet normal 0.997861 -0.0653646 0
    outer loop
      vertex 32.25 -10 0
      vertex 32.2158 -10.5221 1.7658
      vertex 32.2158 -10.5221 0
    endloop
  endfacet
  facet normal -0.659362 -0.751826 0
    outer loop
      vertex 8.92157 -12.8284 0
      vertex 9.31495 -13.1734 0.235066
      vertex 8.92157 -12.8284 0.628446
    endloop
  endfacet
  facet normal -0.659362 -0.751826 -0
    outer loop
      vertex 9.31495 -13.1734 0.235066
      vertex 8.92157 -12.8284 0
      vertex 9.31495 -13.1734 0
    endloop
  endfacet
  facet normal -0.195124 -0.980779 0
    outer loop
      vertex 10.7147 -13.8637 0
      vertex 11.2279 -13.9658 0.0500059
      vertex 10.7147 -13.8637 0.0500059
    endloop
  endfacet
  facet normal -0.195124 -0.980779 -0
    outer loop
      vertex 11.2279 -13.9658 0.0500059
      vertex 10.7147 -13.8637 0
      vertex 11.2279 -13.9658 0
    endloop
  endfacet
  facet normal -0.0653646 -0.997861 0
    outer loop
      vertex 11.2279 -13.9658 0
      vertex 11.75 -14 0.0500059
      vertex 11.2279 -13.9658 0.0500059
    endloop
  endfacet
  facet normal -0.0653646 -0.997861 -0
    outer loop
      vertex 11.75 -14 0.0500059
      vertex 11.2279 -13.9658 0
      vertex 11.75 -14 0
    endloop
  endfacet
  facet normal 0.55584 0.831289 -0
    outer loop
      vertex 30.685 13.1734 0
      vertex 30.5 13.2971 0.0500059
      vertex 30.685 13.1734 0.235066
    endloop
  endfacet
  facet normal 0.555626 0.831432 -0.00114667
    outer loop
      vertex 30.25 13.4641 0
      vertex 30.5 13.2971 0.0500059
      vertex 30.685 13.1734 0
    endloop
  endfacet
  facet normal 0.555468 0.831538 0
    outer loop
      vertex 30.5 13.2971 0.0500059
      vertex 30.25 13.4641 0
      vertex 30.25 13.4641 0.0500059
    endloop
  endfacet
  facet normal -0.555498 0.831518 0
    outer loop
      vertex 9.75 13.4641 0.0500059
      vertex 9.75 13.4641 0
      vertex 9.50002 13.2971 0.0500059
    endloop
  endfacet
  facet normal -0.555695 0.831386 0
    outer loop
      vertex 9.50002 13.2971 0.0500059
      vertex 9.31495 13.1734 0
      vertex 9.31495 13.1734 0.235066
    endloop
  endfacet
  facet normal -0.555582 0.831462 -0.00060524
    outer loop
      vertex 9.31495 13.1734 0
      vertex 9.50002 13.2971 0.0500059
      vertex 9.75 13.4641 0
    endloop
  endfacet
  facet normal -0.321498 0.94691 0
    outer loop
      vertex 10.7147 13.8637 0
      vertex 10.2193 13.6955 0.0500059
      vertex 10.7147 13.8637 0.0500059
    endloop
  endfacet
  facet normal -0.321498 0.94691 0
    outer loop
      vertex 10.2193 13.6955 0.0500059
      vertex 10.7147 13.8637 0
      vertex 10.2193 13.6955 0
    endloop
  endfacet
  facet normal -0.0653646 0.997861 0
    outer loop
      vertex 11.75 14 0
      vertex 11.2279 13.9658 0.0500059
      vertex 11.75 14 0.0500059
    endloop
  endfacet
  facet normal -0.0653646 0.997861 0
    outer loop
      vertex 11.2279 13.9658 0.0500059
      vertex 11.75 14 0
      vertex 11.2279 13.9658 0
    endloop
  endfacet
  facet normal -0.980786 0.195087 0
    outer loop
      vertex 7.78422 10.5221 0
      vertex 7.8863 11.0353 1.66372
      vertex 7.8863 11.0353 0
    endloop
  endfacet
  facet normal -0.980786 0.195087 0
    outer loop
      vertex 7.8863 11.0353 1.66372
      vertex 7.78422 10.5221 0
      vertex 7.78422 10.5221 1.7658
    endloop
  endfacet
  facet normal 0.94691 -0.321498 0
    outer loop
      vertex 31.9455 -11.5307 1.49553
      vertex 32.1137 -11.0353 0
      vertex 32.1137 -11.0353 1.66372
    endloop
  endfacet
  facet normal 0.94691 -0.321498 0
    outer loop
      vertex 32.1137 -11.0353 0
      vertex 31.9455 -11.5307 1.49553
      vertex 31.9455 -11.5307 0
    endloop
  endfacet
  facet normal 0.980779 -0.195124 0
    outer loop
      vertex 32.1137 -11.0353 1.66372
      vertex 32.2158 -10.5221 0
      vertex 32.2158 -10.5221 1.7658
    endloop
  endfacet
  facet normal 0.980779 -0.195124 0
    outer loop
      vertex 32.2158 -10.5221 0
      vertex 32.1137 -11.0353 1.66372
      vertex 32.1137 -11.0353 0
    endloop
  endfacet
  facet normal -0.442238 -0.896898 0
    outer loop
      vertex 9.75 -13.4641 0
      vertex 10.2193 -13.6955 0.0500059
      vertex 9.75 -13.4641 0.0500059
    endloop
  endfacet
  facet normal -0.442238 -0.896898 -0
    outer loop
      vertex 10.2193 -13.6955 0.0500059
      vertex 9.75 -13.4641 0
      vertex 10.2193 -13.6955 0
    endloop
  endfacet
  facet normal -0.555695 -0.831386 0
    outer loop
      vertex 9.31495 -13.1734 0
      vertex 9.50002 -13.2971 0.0500059
      vertex 9.31495 -13.1734 0.235066
    endloop
  endfacet
  facet normal -0.555582 -0.831462 -0.00060524
    outer loop
      vertex 9.75 -13.4641 0
      vertex 9.50002 -13.2971 0.0500059
      vertex 9.31495 -13.1734 0
    endloop
  endfacet
  facet normal -0.555498 -0.831518 0
    outer loop
      vertex 9.50002 -13.2971 0.0500059
      vertex 9.75 -13.4641 0
      vertex 9.75 -13.4641 0.0500059
    endloop
  endfacet
  facet normal -0.321498 -0.94691 0
    outer loop
      vertex 10.2193 -13.6955 0
      vertex 10.7147 -13.8637 0.0500059
      vertex 10.2193 -13.6955 0.0500059
    endloop
  endfacet
  facet normal -0.321498 -0.94691 -0
    outer loop
      vertex 10.7147 -13.8637 0.0500059
      vertex 10.2193 -13.6955 0
      vertex 10.7147 -13.8637 0
    endloop
  endfacet
  facet normal -0.946922 -0.321464 -0
    outer loop
      vertex 8.05448 -11.5307 1.49553
      vertex 7.8863 -11.0353 0
      vertex 8.05448 -11.5307 0
    endloop
  endfacet
  facet normal -0.946922 -0.321464 0
    outer loop
      vertex 7.8863 -11.0353 0
      vertex 8.05448 -11.5307 1.49553
      vertex 7.8863 -11.0353 1.66372
    endloop
  endfacet
  facet normal -0.751861 -0.659321 -0
    outer loop
      vertex 8.92157 -12.8284 0.628446
      vertex 8.57659 -12.435 0
      vertex 8.92157 -12.8284 0
    endloop
  endfacet
  facet normal -0.751861 -0.659321 0
    outer loop
      vertex 8.57659 -12.435 0
      vertex 8.92157 -12.8284 0.628446
      vertex 8.57659 -12.435 0.973432
    endloop
  endfacet
  facet normal -0.831441 -0.555613 -0
    outer loop
      vertex 8.57659 -12.435 0.973432
      vertex 8.2859 -12 0
      vertex 8.57659 -12.435 0
    endloop
  endfacet
  facet normal -0.831441 -0.555613 0
    outer loop
      vertex 8.2859 -12 0
      vertex 8.57659 -12.435 0.973432
      vertex 8.2859 -12 1.26412
    endloop
  endfacet
  facet normal 0 -1 0
    outer loop
      vertex 11.75 -14 0
      vertex 28.25 -14 0.0500059
      vertex 11.75 -14 0.0500059
    endloop
  endfacet
  facet normal 0 -1 -0
    outer loop
      vertex 28.25 -14 0.0500059
      vertex 11.75 -14 0
      vertex 28.25 -14 0
    endloop
  endfacet
  facet normal 0.195124 -0.980779 0
    outer loop
      vertex 28.7721 -13.9658 0
      vertex 29.2853 -13.8637 0.0500059
      vertex 28.7721 -13.9658 0.0500059
    endloop
  endfacet
  facet normal 0.195124 -0.980779 0
    outer loop
      vertex 29.2853 -13.8637 0.0500059
      vertex 28.7721 -13.9658 0
      vertex 29.2853 -13.8637 0
    endloop
  endfacet
  facet normal 0.659343 0.751842 -0
    outer loop
      vertex 31.0784 12.8284 0
      vertex 30.685 13.1734 0.235066
      vertex 31.0784 12.8284 0.628446
    endloop
  endfacet
  facet normal 0.659343 0.751842 0
    outer loop
      vertex 30.685 13.1734 0.235066
      vertex 31.0784 12.8284 0
      vertex 30.685 13.1734 0
    endloop
  endfacet
  facet normal 0.442238 0.896898 -0
    outer loop
      vertex 30.25 13.4641 0
      vertex 29.7807 13.6955 0.0500059
      vertex 30.25 13.4641 0.0500059
    endloop
  endfacet
  facet normal 0.442238 0.896898 0
    outer loop
      vertex 29.7807 13.6955 0.0500059
      vertex 30.25 13.4641 0
      vertex 29.7807 13.6955 0
    endloop
  endfacet
  facet normal 0.94691 0.321498 -0
    outer loop
      vertex 32.1137 11.0353 0
      vertex 31.9455 11.5307 1.49553
      vertex 32.1137 11.0353 1.66372
    endloop
  endfacet
  facet normal 0.94691 0.321498 0
    outer loop
      vertex 31.9455 11.5307 1.49553
      vertex 32.1137 11.0353 0
      vertex 31.9455 11.5307 0
    endloop
  endfacet
  facet normal 0.751842 0.659343 -0
    outer loop
      vertex 31.4234 12.435 0
      vertex 31.0784 12.8284 0.628446
      vertex 31.4234 12.435 0.973432
    endloop
  endfacet
  facet normal 0.751842 0.659343 0
    outer loop
      vertex 31.0784 12.8284 0.628446
      vertex 31.4234 12.435 0
      vertex 31.0784 12.8284 0
    endloop
  endfacet
  facet normal -0.442238 0.896898 0
    outer loop
      vertex 10.2193 13.6955 0
      vertex 9.75 13.4641 0.0500059
      vertex 10.2193 13.6955 0.0500059
    endloop
  endfacet
  facet normal -0.442238 0.896898 0
    outer loop
      vertex 9.75 13.4641 0.0500059
      vertex 10.2193 13.6955 0
      vertex 9.75 13.4641 0
    endloop
  endfacet
  facet normal -0.195124 0.980779 0
    outer loop
      vertex 11.2279 13.9658 0
      vertex 10.7147 13.8637 0.0500059
      vertex 11.2279 13.9658 0.0500059
    endloop
  endfacet
  facet normal -0.195124 0.980779 0
    outer loop
      vertex 10.7147 13.8637 0.0500059
      vertex 11.2279 13.9658 0
      vertex 10.7147 13.8637 0
    endloop
  endfacet
  facet normal -0.659362 0.751826 0
    outer loop
      vertex 8.92157 12.8284 0
      vertex 9.31495 13.1734 0.235066
      vertex 9.31495 13.1734 0
    endloop
  endfacet
  facet normal -0.659362 0.751826 0
    outer loop
      vertex 9.31495 13.1734 0.235066
      vertex 8.92157 12.8284 0
      vertex 8.92157 12.8284 0.628446
    endloop
  endfacet
  facet normal -0.946922 0.321464 0
    outer loop
      vertex 7.8863 11.0353 0
      vertex 8.05448 11.5307 1.49553
      vertex 8.05448 11.5307 0
    endloop
  endfacet
  facet normal -0.946922 0.321464 0
    outer loop
      vertex 8.05448 11.5307 1.49553
      vertex 7.8863 11.0353 0
      vertex 7.8863 11.0353 1.66372
    endloop
  endfacet
  facet normal 0.896898 -0.442238 0
    outer loop
      vertex 31.7141 -12 1.26412
      vertex 31.9455 -11.5307 0
      vertex 31.9455 -11.5307 1.49553
    endloop
  endfacet
  facet normal 0.896898 -0.442238 0
    outer loop
      vertex 31.9455 -11.5307 0
      vertex 31.7141 -12 1.26412
      vertex 31.7141 -12 0
    endloop
  endfacet
  facet normal -0.896883 -0.442268 -0
    outer loop
      vertex 8.2859 -12 1.26412
      vertex 8.05448 -11.5307 0
      vertex 8.2859 -12 0
    endloop
  endfacet
  facet normal -0.896883 -0.442268 0
    outer loop
      vertex 8.05448 -11.5307 0
      vertex 8.2859 -12 1.26412
      vertex 8.05448 -11.5307 1.49553
    endloop
  endfacet
  facet normal 0.659343 -0.751842 0
    outer loop
      vertex 31.0784 -12.8284 0
      vertex 30.685 -13.1734 0.235066
      vertex 30.685 -13.1734 0
    endloop
  endfacet
  facet normal 0.659343 -0.751842 0
    outer loop
      vertex 30.685 -13.1734 0.235066
      vertex 31.0784 -12.8284 0
      vertex 31.0784 -12.8284 0.628446
    endloop
  endfacet
  facet normal 0.442238 -0.896898 0
    outer loop
      vertex 29.7807 -13.6955 0
      vertex 30.25 -13.4641 0.0500059
      vertex 29.7807 -13.6955 0.0500059
    endloop
  endfacet
  facet normal 0.442238 -0.896898 0
    outer loop
      vertex 30.25 -13.4641 0.0500059
      vertex 29.7807 -13.6955 0
      vertex 30.25 -13.4641 0
    endloop
  endfacet
  facet normal 0.555468 -0.831538 0
    outer loop
      vertex 30.25 -13.4641 0.0500059
      vertex 30.25 -13.4641 0
      vertex 30.5 -13.2971 0.0500059
    endloop
  endfacet
  facet normal 0.55584 -0.831289 0
    outer loop
      vertex 30.5 -13.2971 0.0500059
      vertex 30.685 -13.1734 0
      vertex 30.685 -13.1734 0.235066
    endloop
  endfacet
  facet normal 0.555626 -0.831432 -0.00114667
    outer loop
      vertex 30.685 -13.1734 0
      vertex 30.5 -13.2971 0.0500059
      vertex 30.25 -13.4641 0
    endloop
  endfacet
  facet normal 0.195124 0.980779 -0
    outer loop
      vertex 29.2853 13.8637 0
      vertex 28.7721 13.9658 0.0500059
      vertex 29.2853 13.8637 0.0500059
    endloop
  endfacet
  facet normal 0.195124 0.980779 0
    outer loop
      vertex 28.7721 13.9658 0.0500059
      vertex 29.2853 13.8637 0
      vertex 28.7721 13.9658 0
    endloop
  endfacet
  facet normal 0.321498 0.94691 -0
    outer loop
      vertex 29.7807 13.6955 0
      vertex 29.2853 13.8637 0.0500059
      vertex 29.7807 13.6955 0.0500059
    endloop
  endfacet
  facet normal 0.321498 0.94691 0
    outer loop
      vertex 29.2853 13.8637 0.0500059
      vertex 29.7807 13.6955 0
      vertex 29.2853 13.8637 0
    endloop
  endfacet
  facet normal 0.980779 0.195124 -0
    outer loop
      vertex 32.2158 10.5221 0
      vertex 32.1137 11.0353 1.66372
      vertex 32.2158 10.5221 1.7658
    endloop
  endfacet
  facet normal 0.980779 0.195124 0
    outer loop
      vertex 32.1137 11.0353 1.66372
      vertex 32.2158 10.5221 0
      vertex 32.1137 11.0353 0
    endloop
  endfacet
  facet normal 0.321498 -0.94691 0
    outer loop
      vertex 29.2853 -13.8637 0
      vertex 29.7807 -13.6955 0.0500059
      vertex 29.2853 -13.8637 0.0500059
    endloop
  endfacet
  facet normal 0.321498 -0.94691 0
    outer loop
      vertex 29.7807 -13.6955 0.0500059
      vertex 29.2853 -13.8637 0
      vertex 29.7807 -13.6955 0
    endloop
  endfacet
  facet normal 1 -0 0
    outer loop
      vertex 4.75 -7.5 4.5
      vertex 4.75 7.5 0
      vertex 4.75 7.5 4.5
    endloop
  endfacet
  facet normal 1 0 0
    outer loop
      vertex 4.75 7.5 0
      vertex 4.75 -7.5 4.5
      vertex 4.75 -7.5 0
    endloop
  endfacet
  facet normal -1 0 0
    outer loop
      vertex 6.75 -7.5 0
      vertex 6.75 7.5 2.80001
      vertex 6.75 7.5 0
    endloop
  endfacet
  facet normal -1 -0 0
    outer loop
      vertex 6.75 7.5 2.80001
      vertex 6.75 -7.5 0
      vertex 6.75 -7.5 2.80001
    endloop
  endfacet
  facet normal 0 1 0
    outer loop
      vertex 6.75 -7.5 2.80001
      vertex 4.75 -7.5 4.5
      vertex 5.05001 -7.5 4.5
    endloop
  endfacet
  facet normal 0 1 0
    outer loop
      vertex 4.75 -7.5 0
      vertex 6.75 -7.5 2.80001
      vertex 6.75 -7.5 0
    endloop
  endfacet
  facet normal 0 1 0
    outer loop
      vertex 6.75 -7.5 2.80001
      vertex 4.75 -7.5 0
      vertex 4.75 -7.5 4.5
    endloop
  endfacet
  facet normal 0 -1 0
    outer loop
      vertex 4.75 7.5 4.5
      vertex 6.75 7.5 2.80001
      vertex 5.05001 7.5 4.5
    endloop
  endfacet
  facet normal 0 -1 0
    outer loop
      vertex 4.75 7.5 0
      vertex 6.75 7.5 2.80001
      vertex 4.75 7.5 4.5
    endloop
  endfacet
  facet normal 0 -1 -0
    outer loop
      vertex 6.75 7.5 2.80001
      vertex 4.75 7.5 0
      vertex 6.75 7.5 0
    endloop
  endfacet
  facet normal 1 -0 0
    outer loop
      vertex 33.25 -7.5 2.80001
      vertex 33.25 7.5 0
      vertex 33.25 7.5 2.80001
    endloop
  endfacet
  facet normal 1 0 0
    outer loop
      vertex 33.25 7.5 0
      vertex 33.25 -7.5 2.80001
      vertex 33.25 -7.5 0
    endloop
  endfacet
  facet normal -1 0 0
    outer loop
      vertex 35.25 -7.5 0
      vertex 35.25 7.5 4.5
      vertex 35.25 7.5 0
    endloop
  endfacet
  facet normal -1 -0 0
    outer loop
      vertex 35.25 7.5 4.5
      vertex 35.25 -7.5 0
      vertex 35.25 -7.5 4.5
    endloop
  endfacet
  facet normal 0 -1 0
    outer loop
      vertex 33.25 7.5 2.80001
      vertex 35.25 7.5 4.5
      vertex 34.95 7.5 4.5
    endloop
  endfacet
  facet normal 0 -1 0
    outer loop
      vertex 35.25 7.5 0
      vertex 33.25 7.5 2.80001
      vertex 33.25 7.5 0
    endloop
  endfacet
  facet normal 0 -1 0
    outer loop
      vertex 33.25 7.5 2.80001
      vertex 35.25 7.5 0
      vertex 35.25 7.5 4.5
    endloop
  endfacet
  facet normal 0 1 0
    outer loop
      vertex 35.25 -7.5 4.5
      vertex 33.25 -7.5 2.80001
      vertex 34.95 -7.5 4.5
    endloop
  endfacet
  facet normal 0 1 -0
    outer loop
      vertex 35.25 -7.5 0
      vertex 33.25 -7.5 2.80001
      vertex 35.25 -7.5 4.5
    endloop
  endfacet
  facet normal 0 1 0
    outer loop
      vertex 33.25 -7.5 2.80001
      vertex 35.25 -7.5 0
      vertex 33.25 -7.5 0
    endloop
  endfacet
  facet normal -0.707105 0 0.707109
    outer loop
      vertex 34.95 9.5 4.5
      vertex 33.25 7.5 2.80001
      vertex 34.95 7.5 4.5
    endloop
  endfacet
  facet normal -0.7071 0 0.707114
    outer loop
      vertex 33.25 7.5 2.80001
      vertex 32.75 9.5 2.30002
      vertex 33.25 -7.5 2.80001
    endloop
  endfacet
  facet normal -0.707104 -1.92848e-06 0.70711
    outer loop
      vertex 32.75 9.5 2.30002
      vertex 33.25 7.5 2.80001
      vertex 34.95 9.5 4.5
    endloop
  endfacet
  facet normal -0.707105 0 0.707109
    outer loop
      vertex 33.25 -7.5 2.80001
      vertex 34.95 -9.5 4.5
      vertex 34.95 -7.5 4.5
    endloop
  endfacet
  facet normal -0.707104 1.92848e-06 0.70711
    outer loop
      vertex 33.25 -7.5 2.80001
      vertex 32.75 -9.5 2.30002
      vertex 34.95 -9.5 4.5
    endloop
  endfacet
  facet normal -0.7071 0 0.707114
    outer loop
      vertex 32.75 -9.5 2.30002
      vertex 33.25 -7.5 2.80001
      vertex 32.75 9.5 2.30002
    endloop
  endfacet
  facet normal -0.707081 3.0476e-05 0.707133
    outer loop
      vertex 30.5 13.2971 0.0500059
      vertex 32.25 10 1.80002
      vertex 32.2158 10.5221 1.7658
    endloop
  endfacet
  facet normal -0.70711 0 0.707104
    outer loop
      vertex 32.25 10 1.80002
      vertex 30.5 13.2971 0.0500059
      vertex 32.25 -10 1.80002
    endloop
  endfacet
  facet normal -0.707138 -3.9915e-05 0.707076
    outer loop
      vertex 30.5 13.2971 0.0500059
      vertex 32.2158 10.5221 1.7658
      vertex 32.1137 11.0353 1.66372
    endloop
  endfacet
  facet normal -0.70711 0 0.707104
    outer loop
      vertex 30.5 -13.2971 0.0500059
      vertex 32.25 -10 1.80002
      vertex 30.5 13.2971 0.0500059
    endloop
  endfacet
  facet normal -0.707132 -3.12347e-05 0.707082
    outer loop
      vertex 30.5 13.2971 0.0500059
      vertex 32.1137 11.0353 1.66372
      vertex 31.9455 11.5307 1.49553
    endloop
  endfacet
  facet normal -0.707081 -3.0476e-05 0.707133
    outer loop
      vertex 32.25 -10 1.80002
      vertex 30.5 -13.2971 0.0500059
      vertex 32.2158 -10.5221 1.7658
    endloop
  endfacet
  facet normal -0.707098 2.32837e-05 0.707115
    outer loop
      vertex 30.5 13.2971 0.0500059
      vertex 31.9455 11.5307 1.49553
      vertex 31.7141 12 1.26412
    endloop
  endfacet
  facet normal -0.707138 3.9915e-05 0.707076
    outer loop
      vertex 32.2158 -10.5221 1.7658
      vertex 30.5 -13.2971 0.0500059
      vertex 32.1137 -11.0353 1.66372
    endloop
  endfacet
  facet normal -0.707158 -8.73746e-05 0.707056
    outer loop
      vertex 30.5 13.2971 0.0500059
      vertex 31.7141 12 1.26412
      vertex 31.4234 12.435 0.973432
    endloop
  endfacet
  facet normal -0.707132 3.12347e-05 0.707082
    outer loop
      vertex 32.1137 -11.0353 1.66372
      vertex 30.5 -13.2971 0.0500059
      vertex 31.9455 -11.5307 1.49553
    endloop
  endfacet
  facet normal -0.707227 -0.000235502 0.706987
    outer loop
      vertex 30.5 13.2971 0.0500059
      vertex 31.4234 12.435 0.973432
      vertex 31.0784 12.8284 0.628446
    endloop
  endfacet
  facet normal -0.707098 -2.32837e-05 0.707115
    outer loop
      vertex 31.9455 -11.5307 1.49553
      vertex 30.5 -13.2971 0.0500059
      vertex 31.7141 -12 1.26412
    endloop
  endfacet
  facet normal -0.707647 -0.00127428 0.706565
    outer loop
      vertex 30.5 13.2971 0.0500059
      vertex 31.0784 12.8284 0.628446
      vertex 30.685 13.1734 0.235066
    endloop
  endfacet
  facet normal -0.707158 8.73746e-05 0.707056
    outer loop
      vertex 31.7141 -12 1.26412
      vertex 30.5 -13.2971 0.0500059
      vertex 31.4234 -12.435 0.973432
    endloop
  endfacet
  facet normal -0.707227 0.000235502 0.706987
    outer loop
      vertex 31.4234 -12.435 0.973432
      vertex 30.5 -13.2971 0.0500059
      vertex 31.0784 -12.8284 0.628446
    endloop
  endfacet
  facet normal -0.707647 0.00127428 0.706565
    outer loop
      vertex 31.0784 -12.8284 0.628446
      vertex 30.5 -13.2971 0.0500059
      vertex 30.685 -13.1734 0.235066
    endloop
  endfacet
  facet normal 0 0 1
    outer loop
      vertex 29.7807 13.6955 0.0500059
      vertex 30.5 13.2971 0.0500059
      vertex 30.25 13.4641 0.0500059
    endloop
  endfacet
  facet normal 0 0 1
    outer loop
      vertex 30.5 13.2971 0.0500059
      vertex 22.5 6.1 0.0500059
      vertex 30.5 -13.2971 0.0500059
    endloop
  endfacet
  facet normal 0 0 1
    outer loop
      vertex 30.5 13.2971 0.0500059
      vertex 29.7807 13.6955 0.0500059
      vertex 28.25 14 0.0500059
    endloop
  endfacet
  facet normal -0 -0 1
    outer loop
      vertex 23 -9.05 0.0500059
      vertex 30.5 -13.2971 0.0500059
      vertex 22.5 6.1 0.0500059
    endloop
  endfacet
  facet normal 0 0 1
    outer loop
      vertex 28.25 14 0.0500059
      vertex 29.7807 13.6955 0.0500059
      vertex 29.2853 13.8637 0.0500059
    endloop
  endfacet
  facet normal 0 -0 1
    outer loop
      vertex 28.25 -14 0.0500059
      vertex 30.5 -13.2971 0.0500059
      vertex 23 -9.05 0.0500059
    endloop
  endfacet
  facet normal 0 0 1
    outer loop
      vertex 28.25 14 0.0500059
      vertex 29.2853 13.8637 0.0500059
      vertex 28.7721 13.9658 0.0500059
    endloop
  endfacet
  facet normal 0 -0 1
    outer loop
      vertex 29.7807 -13.6955 0.0500059
      vertex 30.5 -13.2971 0.0500059
      vertex 28.25 -14 0.0500059
    endloop
  endfacet
  facet normal 0 0 1
    outer loop
      vertex 30.5 13.2971 0.0500059
      vertex 28.25 14 0.0500059
      vertex 22.5 6.1 0.0500059
    endloop
  endfacet
  facet normal 0 0 1
    outer loop
      vertex 30.5 -13.2971 0.0500059
      vertex 29.7807 -13.6955 0.0500059
      vertex 30.25 -13.4641 0.0500059
    endloop
  endfacet
  facet normal 0 0 1
    outer loop
      vertex 29.7807 -13.6955 0.0500059
      vertex 28.25 -14 0.0500059
      vertex 29.2853 -13.8637 0.0500059
    endloop
  endfacet
  facet normal 0 0 1
    outer loop
      vertex 22.5 6.1 0.0500059
      vertex 28.25 14 0.0500059
      vertex 22.5 11.1 0.0500059
    endloop
  endfacet
  facet normal 0 0 1
    outer loop
      vertex 28.25 14 0.0500059
      vertex 17.5 11.1 0.0500059
      vertex 22.5 11.1 0.0500059
    endloop
  endfacet
  facet normal 0 0 1
    outer loop
      vertex 11.75 14 0.0500059
      vertex 17.5 6.1 0.0500059
      vertex 17.5 11.1 0.0500059
    endloop
  endfacet
  facet normal 0 0 1
    outer loop
      vertex 9.50002 -13.2971 0.0500059
      vertex 17.5 6.1 0.0500059
      vertex 9.50002 13.2971 0.0500059
    endloop
  endfacet
  facet normal 0 0 1
    outer loop
      vertex 17.5 6.1 0.0500059
      vertex 11.75 14 0.0500059
      vertex 9.50002 13.2971 0.0500059
    endloop
  endfacet
  facet normal -0 0 1
    outer loop
      vertex 11.75 14 0.0500059
      vertex 17.5 11.1 0.0500059
      vertex 28.25 14 0.0500059
    endloop
  endfacet
  facet normal -0 0 1
    outer loop
      vertex 23 -13.55 0.0500059
      vertex 28.25 -14 0.0500059
      vertex 23 -9.05 0.0500059
    endloop
  endfacet
  facet normal -0 0 1
    outer loop
      vertex 17 -13.55 0.0500059
      vertex 28.25 -14 0.0500059
      vertex 23 -13.55 0.0500059
    endloop
  endfacet
  facet normal 0 0 1
    outer loop
      vertex 17 -13.55 0.0500059
      vertex 11.75 -14 0.0500059
      vertex 28.25 -14 0.0500059
    endloop
  endfacet
  facet normal 0 0 1
    outer loop
      vertex 17.5 6.1 0.0500059
      vertex 9.50002 -13.2971 0.0500059
      vertex 17 -9.05 0.0500059
    endloop
  endfacet
  facet normal 0 0 1
    outer loop
      vertex 9.50002 13.2971 0.0500059
      vertex 11.75 14 0.0500059
      vertex 11.2279 13.9658 0.0500059
    endloop
  endfacet
  facet normal 0 -0 1
    outer loop
      vertex 11.75 -14 0.0500059
      vertex 17 -9.05 0.0500059
      vertex 9.50002 -13.2971 0.0500059
    endloop
  endfacet
  facet normal 0 0 1
    outer loop
      vertex 9.50002 13.2971 0.0500059
      vertex 11.2279 13.9658 0.0500059
      vertex 10.7147 13.8637 0.0500059
    endloop
  endfacet
  facet normal 0 0 1
    outer loop
      vertex 17 -9.05 0.0500059
      vertex 11.75 -14 0.0500059
      vertex 17 -13.55 0.0500059
    endloop
  endfacet
  facet normal 0 0 1
    outer loop
      vertex 9.50002 13.2971 0.0500059
      vertex 10.7147 13.8637 0.0500059
      vertex 10.2193 13.6955 0.0500059
    endloop
  endfacet
  facet normal 0 0 1
    outer loop
      vertex 11.75 -14 0.0500059
      vertex 9.50002 -13.2971 0.0500059
      vertex 11.2279 -13.9658 0.0500059
    endloop
  endfacet
  facet normal 0 0 1
    outer loop
      vertex 9.50002 13.2971 0.0500059
      vertex 10.2193 13.6955 0.0500059
      vertex 9.75 13.4641 0.0500059
    endloop
  endfacet
  facet normal 0 0 1
    outer loop
      vertex 11.2279 -13.9658 0.0500059
      vertex 9.50002 -13.2971 0.0500059
      vertex 10.7147 -13.8637 0.0500059
    endloop
  endfacet
  facet normal 0 0 1
    outer loop
      vertex 10.7147 -13.8637 0.0500059
      vertex 9.50002 -13.2971 0.0500059
      vertex 10.2193 -13.6955 0.0500059
    endloop
  endfacet
  facet normal 0 0 1
    outer loop
      vertex 10.2193 -13.6955 0.0500059
      vertex 9.50002 -13.2971 0.0500059
      vertex 9.75 -13.4641 0.0500059
    endloop
  endfacet
  facet normal 0 0 1
    outer loop
      vertex 29.2853 -13.8637 0.0500059
      vertex 28.25 -14 0.0500059
      vertex 28.7721 -13.9658 0.0500059
    endloop
  endfacet
  facet normal -0 0 1
    outer loop
      vertex 17.5 6.1 0.0500059
      vertex 23 -9.05 0.0500059
      vertex 22.5 6.1 0.0500059
    endloop
  endfacet
  facet normal 0 0 1
    outer loop
      vertex 23 -9.05 0.0500059
      vertex 17.5 6.1 0.0500059
      vertex 17 -9.05 0.0500059
    endloop
  endfacet
  facet normal 0.7071 0 0.707114
    outer loop
      vertex 7.25 9.5 2.30002
      vertex 6.75 7.5 2.80001
      vertex 7.25 -9.5 2.30002
    endloop
  endfacet
  facet normal 0.707105 -2.73201e-06 0.707108
    outer loop
      vertex 5.05001 9.5 4.5
      vertex 6.75 7.5 2.80001
      vertex 7.25 9.5 2.30002
    endloop
  endfacet
  facet normal 0.707107 0 0.707107
    outer loop
      vertex 6.75 7.5 2.80001
      vertex 5.05001 9.5 4.5
      vertex 5.05001 7.5 4.5
    endloop
  endfacet
  facet normal 0.7071 -0 0.707114
    outer loop
      vertex 6.75 -7.5 2.80001
      vertex 7.25 -9.5 2.30002
      vertex 6.75 7.5 2.80001
    endloop
  endfacet
  facet normal 0.707107 -0 0.707107
    outer loop
      vertex 5.05001 -9.5 4.5
      vertex 6.75 -7.5 2.80001
      vertex 5.05001 -7.5 4.5
    endloop
  endfacet
  facet normal 0.707105 2.73201e-06 0.707108
    outer loop
      vertex 6.75 -7.5 2.80001
      vertex 5.05001 -9.5 4.5
      vertex 7.25 -9.5 2.30002
    endloop
  endfacet
  facet normal 0.707027 0.000181334 0.707186
    outer loop
      vertex 8.92157 12.8284 0.628446
      vertex 9.50002 13.2971 0.0500059
      vertex 9.31495 13.1734 0.235066
    endloop
  endfacet
  facet normal 0.707106 0 0.707108
    outer loop
      vertex 9.50002 13.2971 0.0500059
      vertex 7.75 10 1.80002
      vertex 9.50002 -13.2971 0.0500059
    endloop
  endfacet
  facet normal 0.707097 9.0505e-06 0.707116
    outer loop
      vertex 9.50002 13.2971 0.0500059
      vertex 8.92157 12.8284 0.628446
      vertex 7.75 10 1.80002
    endloop
  endfacet
  facet normal 0.707106 -0 0.707108
    outer loop
      vertex 7.75 -10 1.80002
      vertex 9.50002 -13.2971 0.0500059
      vertex 7.75 10 1.80002
    endloop
  endfacet
  facet normal 0.707117 -7.7591e-06 0.707096
    outer loop
      vertex 7.75 10 1.80002
      vertex 8.92157 12.8284 0.628446
      vertex 8.57659 12.435 0.973432
    endloop
  endfacet
  facet normal 0.707097 -9.0505e-06 0.707116
    outer loop
      vertex 8.92157 -12.8284 0.628446
      vertex 9.50002 -13.2971 0.0500059
      vertex 7.75 -10 1.80002
    endloop
  endfacet
  facet normal 0.707103 2.17617e-06 0.707111
    outer loop
      vertex 7.75 10 1.80002
      vertex 8.57659 12.435 0.973432
      vertex 8.2859 12 1.26412
    endloop
  endfacet
  facet normal 0.707027 -0.000181334 0.707186
    outer loop
      vertex 9.50002 -13.2971 0.0500059
      vertex 8.92157 -12.8284 0.628446
      vertex 9.31495 -13.1734 0.235066
    endloop
  endfacet
  facet normal 0.707073 1.79309e-05 0.70714
    outer loop
      vertex 7.75 10 1.80002
      vertex 8.2859 12 1.26412
      vertex 8.05448 11.5307 1.49553
    endloop
  endfacet
  facet normal 0.707117 7.7591e-06 0.707096
    outer loop
      vertex 8.92157 -12.8284 0.628446
      vertex 7.75 -10 1.80002
      vertex 8.57659 -12.435 0.973432
    endloop
  endfacet
  facet normal 0.707141 -9.04124e-06 0.707072
    outer loop
      vertex 7.75 10 1.80002
      vertex 8.05448 11.5307 1.49553
      vertex 7.8863 11.0353 1.66372
    endloop
  endfacet
  facet normal 0.707103 -2.17617e-06 0.707111
    outer loop
      vertex 8.57659 -12.435 0.973432
      vertex 7.75 -10 1.80002
      vertex 8.2859 -12 1.26412
    endloop
  endfacet
  facet normal 0.707107 -9.09654e-16 0.707107
    outer loop
      vertex 7.75 10 1.80002
      vertex 7.8863 11.0353 1.66372
      vertex 7.78422 10.5221 1.7658
    endloop
  endfacet
  facet normal 0.707073 -1.79309e-05 0.70714
    outer loop
      vertex 8.2859 -12 1.26412
      vertex 7.75 -10 1.80002
      vertex 8.05448 -11.5307 1.49553
    endloop
  endfacet
  facet normal 0.707141 9.04124e-06 0.707072
    outer loop
      vertex 8.05448 -11.5307 1.49553
      vertex 7.75 -10 1.80002
      vertex 7.8863 -11.0353 1.66372
    endloop
  endfacet
  facet normal 0.707107 8.92491e-16 0.707107
    outer loop
      vertex 7.8863 -11.0353 1.66372
      vertex 7.75 -10 1.80002
      vertex 7.78422 -10.5221 1.7658
    endloop
  endfacet
  facet normal 1 -0 0
    outer loop
      vertex 17 -13.55 0.0500059
      vertex 17 -9.05 0
      vertex 17 -9.05 0.0500059
    endloop
  endfacet
  facet normal 1 0 0
    outer loop
      vertex 17 -9.05 0
      vertex 17 -13.55 0.0500059
      vertex 17 -13.55 0
    endloop
  endfacet
  facet normal -1 0 0
    outer loop
      vertex 23 -13.55 0
      vertex 23 -9.05 0.0500059
      vertex 23 -9.05 0
    endloop
  endfacet
  facet normal -1 -0 0
    outer loop
      vertex 23 -9.05 0.0500059
      vertex 23 -13.55 0
      vertex 23 -13.55 0.0500059
    endloop
  endfacet
  facet normal 0 1 -0
    outer loop
      vertex 23 -13.55 0
      vertex 17 -13.55 0.0500059
      vertex 23 -13.55 0.0500059
    endloop
  endfacet
  facet normal 0 1 0
    outer loop
      vertex 17 -13.55 0.0500059
      vertex 23 -13.55 0
      vertex 17 -13.55 0
    endloop
  endfacet
  facet normal 0 -1 0
    outer loop
      vertex 17 -9.05 0
      vertex 23 -9.05 0.0500059
      vertex 17 -9.05 0.0500059
    endloop
  endfacet
  facet normal 0 -1 -0
    outer loop
      vertex 23 -9.05 0.0500059
      vertex 17 -9.05 0
      vertex 23 -9.05 0
    endloop
  endfacet
  facet normal 1 -0 0
    outer loop
      vertex 17.5 6.1 0.0500059
      vertex 17.5 11.1 0
      vertex 17.5 11.1 0.0500059
    endloop
  endfacet
  facet normal 1 0 0
    outer loop
      vertex 17.5 11.1 0
      vertex 17.5 6.1 0.0500059
      vertex 17.5 6.1 0
    endloop
  endfacet
  facet normal -1 0 0
    outer loop
      vertex 22.5 6.1 0
      vertex 22.5 11.1 0.0500059
      vertex 22.5 11.1 0
    endloop
  endfacet
  facet normal -1 -0 0
    outer loop
      vertex 22.5 11.1 0.0500059
      vertex 22.5 6.1 0
      vertex 22.5 6.1 0.0500059
    endloop
  endfacet
  facet normal 0 -1 0
    outer loop
      vertex 17.5 11.1 0
      vertex 22.5 11.1 0.0500059
      vertex 17.5 11.1 0.0500059
    endloop
  endfacet
  facet normal 0 -1 -0
    outer loop
      vertex 22.5 11.1 0.0500059
      vertex 17.5 11.1 0
      vertex 22.5 11.1 0
    endloop
  endfacet
  facet normal 0 1 -0
    outer loop
      vertex 22.5 6.1 0
      vertex 17.5 6.1 0.0500059
      vertex 22.5 6.1 0.0500059
    endloop
  endfacet
  facet normal 0 1 0
    outer loop
      vertex 17.5 6.1 0.0500059
      vertex 22.5 6.1 0
      vertex 17.5 6.1 0
    endloop
  endfacet
  facet normal 0.997859 0.0654063 0
    outer loop
      vertex 7 20 2.4
      vertex 6.94011 20.9137 0.9
      vertex 6.94011 20.9137 2.4
    endloop
  endfacet
  facet normal 0.997859 0.0654063 0
    outer loop
      vertex 6.94011 20.9137 0.9
      vertex 7 20 2.4
      vertex 7 20 0.9
    endloop
  endfacet
  facet normal -0.997859 0.0654063 0
    outer loop
      vertex -7 20 0.9
      vertex -6.94011 20.9137 2.4
      vertex -6.94011 20.9137 0.9
    endloop
  endfacet
  facet normal -0.997859 0.0654063 0
    outer loop
      vertex -6.94011 20.9137 2.4
      vertex -7 20 0.9
      vertex -7 20 2.4
    endloop
  endfacet
  facet normal 0.0654184 0.997858 -0
    outer loop
      vertex 0.913683 26.9401 0.9
      vertex 0 27 2.4
      vertex 0.913683 26.9401 2.4
    endloop
  endfacet
  facet normal 0.0654184 0.997858 0
    outer loop
      vertex 0 27 2.4
      vertex 0.913683 26.9401 0.9
      vertex 0 27 0.9
    endloop
  endfacet
  facet normal 0.751835 0.659352 0
    outer loop
      vertex 5.55347 24.2613 2.4
      vertex 4.94975 24.9497 0.9
      vertex 4.94975 24.9497 2.4
    endloop
  endfacet
  facet normal 0.751835 0.659352 0
    outer loop
      vertex 4.94975 24.9497 0.9
      vertex 5.55347 24.2613 2.4
      vertex 5.55347 24.2613 0.9
    endloop
  endfacet
  facet normal -0.65939 0.751801 0
    outer loop
      vertex -4.26133 25.5535 0.9
      vertex -4.94975 24.9497 2.4
      vertex -4.26133 25.5535 2.4
    endloop
  endfacet
  facet normal -0.65939 0.751801 0
    outer loop
      vertex -4.94975 24.9497 2.4
      vertex -4.26133 25.5535 0.9
      vertex -4.94975 24.9497 0.9
    endloop
  endfacet
  facet normal -0.321416 0.946938 0
    outer loop
      vertex -1.81173 26.7615 0.9
      vertex -2.67878 26.4672 2.4
      vertex -1.81173 26.7615 2.4
    endloop
  endfacet
  facet normal -0.321416 0.946938 0
    outer loop
      vertex -2.67878 26.4672 2.4
      vertex -1.81173 26.7615 0.9
      vertex -2.67878 26.4672 0.9
    endloop
  endfacet
  facet normal -0.980784 -0.195097 0
    outer loop
      vertex -6.76148 18.1883 0.9
      vertex -6.94011 19.0863 2.4
      vertex -6.94011 19.0863 0.9
    endloop
  endfacet
  facet normal -0.980784 -0.195097 0
    outer loop
      vertex -6.94011 19.0863 2.4
      vertex -6.76148 18.1883 0.9
      vertex -6.76148 18.1883 2.4
    endloop
  endfacet
  facet normal 0 0 -1
    outer loop
      vertex 1.6 20 0
      vertex 8.05 20 0
      vertex 7.98113 18.9493 0
    endloop
  endfacet
  facet normal 0 0 -1
    outer loop
      vertex 1.58631 19.7912 0
      vertex 7.98113 18.9493 0
      vertex 7.7757 17.9165 0
    endloop
  endfacet
  facet normal 0 0 -1
    outer loop
      vertex 8.05 20 0
      vertex 1.6 20 0
      vertex 7.98113 21.0507 0
    endloop
  endfacet
  facet normal 0 0 -1
    outer loop
      vertex 1.54548 19.5859 0
      vertex 7.7757 17.9165 0
      vertex 7.43723 16.9194 0
    endloop
  endfacet
  facet normal 0 0 -1
    outer loop
      vertex 1.58631 20.2088 0
      vertex 7.98113 21.0507 0
      vertex 1.6 20 0
    endloop
  endfacet
  facet normal 0 0 -1
    outer loop
      vertex 1.47821 19.3877 0
      vertex 7.43723 16.9194 0
      vertex 6.9715 15.975 0
    endloop
  endfacet
  facet normal -0 0 -1
    outer loop
      vertex 7.98113 21.0507 0
      vertex 1.58631 20.2088 0
      vertex 7.7757 22.0835 0
    endloop
  endfacet
  facet normal 0 0 -1
    outer loop
      vertex 1.38564 19.2 0
      vertex 6.9715 15.975 0
      vertex 6.38649 15.0995 0
    endloop
  endfacet
  facet normal 0 0 -1
    outer loop
      vertex 1.54548 20.4141 0
      vertex 7.7757 22.0835 0
      vertex 1.58631 20.2088 0
    endloop
  endfacet
  facet normal 0 0 -1
    outer loop
      vertex 1.26937 19.026 0
      vertex 6.38649 15.0995 0
      vertex 5.69221 14.3078 0
    endloop
  endfacet
  facet normal -0 0 -1
    outer loop
      vertex 7.7757 22.0835 0
      vertex 1.54548 20.4141 0
      vertex 7.43723 23.0806 0
    endloop
  endfacet
  facet normal 0 0 -1
    outer loop
      vertex 1.13137 18.8686 0
      vertex 5.69221 14.3078 0
      vertex 4.90053 13.6135 0
    endloop
  endfacet
  facet normal 0 0 -1
    outer loop
      vertex 1.47821 20.6123 0
      vertex 7.43723 23.0806 0
      vertex 1.54548 20.4141 0
    endloop
  endfacet
  facet normal 0 0 -1
    outer loop
      vertex 0.974018 18.7306 0
      vertex 4.90053 13.6135 0
      vertex 4.025 13.0285 0
    endloop
  endfacet
  facet normal -0 0 -1
    outer loop
      vertex 7.43723 23.0806 0
      vertex 1.47821 20.6123 0
      vertex 6.9715 24.025 0
    endloop
  endfacet
  facet normal 0 0 -1
    outer loop
      vertex 0.799999 18.6144 0
      vertex 4.025 13.0285 0
      vertex 3.0806 12.5628 0
    endloop
  endfacet
  facet normal 0 0 -1
    outer loop
      vertex 1.38564 20.8 0
      vertex 6.9715 24.025 0
      vertex 1.47821 20.6123 0
    endloop
  endfacet
  facet normal 0 0 -1
    outer loop
      vertex 0.612293 18.5218 0
      vertex 3.0806 12.5628 0
      vertex 2.08349 12.2243 0
    endloop
  endfacet
  facet normal -0 0 -1
    outer loop
      vertex 6.9715 24.025 0
      vertex 1.38564 20.8 0
      vertex 6.38649 24.9005 0
    endloop
  endfacet
  facet normal 0 0 -1
    outer loop
      vertex 1.26937 20.974 0
      vertex 6.38649 24.9005 0
      vertex 1.38564 20.8 0
    endloop
  endfacet
  facet normal 0 0 -1
    outer loop
      vertex 7.98113 18.9493 0
      vertex 1.58631 19.7912 0
      vertex 1.6 20 0
    endloop
  endfacet
  facet normal 0 0 -1
    outer loop
      vertex 7.7757 17.9165 0
      vertex 1.54548 19.5859 0
      vertex 1.58631 19.7912 0
    endloop
  endfacet
  facet normal 0 0 -1
    outer loop
      vertex 7.43723 16.9194 0
      vertex 1.47821 19.3877 0
      vertex 1.54548 19.5859 0
    endloop
  endfacet
  facet normal 0 0 -1
    outer loop
      vertex 6.9715 15.975 0
      vertex 1.38564 19.2 0
      vertex 1.47821 19.3877 0
    endloop
  endfacet
  facet normal 0 0 -1
    outer loop
      vertex 6.38649 15.0995 0
      vertex 1.26937 19.026 0
      vertex 1.38564 19.2 0
    endloop
  endfacet
  facet normal 0 0 -1
    outer loop
      vertex 5.69221 14.3078 0
      vertex 1.13137 18.8686 0
      vertex 1.26937 19.026 0
    endloop
  endfacet
  facet normal 0 0 -1
    outer loop
      vertex 0.41411 18.4545 0
      vertex 2.08349 12.2243 0
      vertex 1.05074 12.0189 0
    endloop
  endfacet
  facet normal 0 0 -1
    outer loop
      vertex 4.90053 13.6135 0
      vertex 0.974018 18.7306 0
      vertex 1.13137 18.8686 0
    endloop
  endfacet
  facet normal 0 0 -1
    outer loop
      vertex 4.025 13.0285 0
      vertex 0.799999 18.6144 0
      vertex 0.974018 18.7306 0
    endloop
  endfacet
  facet normal 0 0 -1
    outer loop
      vertex 3.0806 12.5628 0
      vertex 0.612293 18.5218 0
      vertex 0.799999 18.6144 0
    endloop
  endfacet
  facet normal 0 0 -1
    outer loop
      vertex 2.08349 12.2243 0
      vertex 0.41411 18.4545 0
      vertex 0.612293 18.5218 0
    endloop
  endfacet
  facet normal 0 0 -1
    outer loop
      vertex 1.05074 12.0189 0
      vertex 0.208841 18.4137 0
      vertex 0.41411 18.4545 0
    endloop
  endfacet
  facet normal 0 0 -1
    outer loop
      vertex 0 11.95 0
      vertex 0.208841 18.4137 0
      vertex 1.05074 12.0189 0
    endloop
  endfacet
  facet normal 0 0 -1
    outer loop
      vertex 0 11.95 0
      vertex 0 18.4 0
      vertex 0.208841 18.4137 0
    endloop
  endfacet
  facet normal 0 0 -1
    outer loop
      vertex 0 11.95 0
      vertex -0.208841 18.4137 0
      vertex 0 18.4 0
    endloop
  endfacet
  facet normal 0 0 -1
    outer loop
      vertex -1.05074 12.0189 0
      vertex -0.208841 18.4137 0
      vertex 0 11.95 0
    endloop
  endfacet
  facet normal -0 0 -1
    outer loop
      vertex -0.208841 18.4137 0
      vertex -1.05074 12.0189 0
      vertex -0.41411 18.4545 0
    endloop
  endfacet
  facet normal 0 0 -1
    outer loop
      vertex -2.08349 12.2243 0
      vertex -0.41411 18.4545 0
      vertex -1.05074 12.0189 0
    endloop
  endfacet
  facet normal -0 0 -1
    outer loop
      vertex -0.41411 18.4545 0
      vertex -2.08349 12.2243 0
      vertex -0.612293 18.5218 0
    endloop
  endfacet
  facet normal 0 0 -1
    outer loop
      vertex -3.0806 12.5628 0
      vertex -0.612293 18.5218 0
      vertex -2.08349 12.2243 0
    endloop
  endfacet
  facet normal -0 0 -1
    outer loop
      vertex -0.612293 18.5218 0
      vertex -3.0806 12.5628 0
      vertex -0.799999 18.6144 0
    endloop
  endfacet
  facet normal 0 0 -1
    outer loop
      vertex -4.025 13.0285 0
      vertex -0.799999 18.6144 0
      vertex -3.0806 12.5628 0
    endloop
  endfacet
  facet normal -0 0 -1
    outer loop
      vertex -0.799999 18.6144 0
      vertex -4.025 13.0285 0
      vertex -0.974018 18.7306 0
    endloop
  endfacet
  facet normal 0 0 -1
    outer loop
      vertex -4.90053 13.6135 0
      vertex -0.974018 18.7306 0
      vertex -4.025 13.0285 0
    endloop
  endfacet
  facet normal -0 0 -1
    outer loop
      vertex -0.974018 18.7306 0
      vertex -4.90053 13.6135 0
      vertex -1.13137 18.8686 0
    endloop
  endfacet
  facet normal 0 0 -1
    outer loop
      vertex -5.69221 14.3078 0
      vertex -1.13137 18.8686 0
      vertex -4.90053 13.6135 0
    endloop
  endfacet
  facet normal 0 0 -1
    outer loop
      vertex -6.38649 15.0995 0
      vertex -1.26937 19.026 0
      vertex -5.69221 14.3078 0
    endloop
  endfacet
  facet normal -0 0 -1
    outer loop
      vertex -1.13137 18.8686 0
      vertex -5.69221 14.3078 0
      vertex -1.26937 19.026 0
    endloop
  endfacet
  facet normal -0 0 -1
    outer loop
      vertex 6.38649 24.9005 0
      vertex 1.26937 20.974 0
      vertex 5.69221 25.6922 0
    endloop
  endfacet
  facet normal 0 0 -1
    outer loop
      vertex 1.13137 21.1314 0
      vertex 5.69221 25.6922 0
      vertex 1.26937 20.974 0
    endloop
  endfacet
  facet normal -0 0 -1
    outer loop
      vertex 5.69221 25.6922 0
      vertex 1.13137 21.1314 0
      vertex 4.90053 26.3865 0
    endloop
  endfacet
  facet normal 0 0 -1
    outer loop
      vertex 0.974018 21.2694 0
      vertex 4.90053 26.3865 0
      vertex 1.13137 21.1314 0
    endloop
  endfacet
  facet normal -0 0 -1
    outer loop
      vertex 4.90053 26.3865 0
      vertex 0.974018 21.2694 0
      vertex 4.025 26.9715 0
    endloop
  endfacet
  facet normal 0 0 -1
    outer loop
      vertex 0.799999 21.3856 0
      vertex 4.025 26.9715 0
      vertex 0.974018 21.2694 0
    endloop
  endfacet
  facet normal -0 0 -1
    outer loop
      vertex 4.025 26.9715 0
      vertex 0.799999 21.3856 0
      vertex 3.0806 27.4372 0
    endloop
  endfacet
  facet normal 0 0 -1
    outer loop
      vertex 0.612293 21.4782 0
      vertex 3.0806 27.4372 0
      vertex 0.799999 21.3856 0
    endloop
  endfacet
  facet normal -0 0 -1
    outer loop
      vertex 3.0806 27.4372 0
      vertex 0.612293 21.4782 0
      vertex 2.08349 27.7757 0
    endloop
  endfacet
  facet normal 0 0 -1
    outer loop
      vertex 0.41411 21.5455 0
      vertex 2.08349 27.7757 0
      vertex 0.612293 21.4782 0
    endloop
  endfacet
  facet normal -0 0 -1
    outer loop
      vertex 2.08349 27.7757 0
      vertex 0.41411 21.5455 0
      vertex 1.05074 27.9811 0
    endloop
  endfacet
  facet normal 0 0 -1
    outer loop
      vertex 0.208841 21.5863 0
      vertex 1.05074 27.9811 0
      vertex 0.41411 21.5455 0
    endloop
  endfacet
  facet normal 0 0 -1
    outer loop
      vertex 0 21.6 0
      vertex 1.05074 27.9811 0
      vertex 0.208841 21.5863 0
    endloop
  endfacet
  facet normal 0 0 -1
    outer loop
      vertex 0 21.6 0
      vertex 0 28.05 0
      vertex 1.05074 27.9811 0
    endloop
  endfacet
  facet normal 0 0 -1
    outer loop
      vertex -0.208841 21.5863 0
      vertex 0 28.05 0
      vertex 0 21.6 0
    endloop
  endfacet
  facet normal 0 0 -1
    outer loop
      vertex -1.05074 27.9811 0
      vertex -0.208841 21.5863 0
      vertex -0.41411 21.5455 0
    endloop
  endfacet
  facet normal 0 0 -1
    outer loop
      vertex -2.08349 27.7757 0
      vertex -0.41411 21.5455 0
      vertex -0.612293 21.4782 0
    endloop
  endfacet
  facet normal 0 0 -1
    outer loop
      vertex -3.0806 27.4372 0
      vertex -0.612293 21.4782 0
      vertex -0.799999 21.3856 0
    endloop
  endfacet
  facet normal 0 0 -1
    outer loop
      vertex -4.025 26.9715 0
      vertex -0.799999 21.3856 0
      vertex -0.974018 21.2694 0
    endloop
  endfacet
  facet normal 0 0 -1
    outer loop
      vertex -0.208841 21.5863 0
      vertex -1.05074 27.9811 0
      vertex 0 28.05 0
    endloop
  endfacet
  facet normal 0 0 -1
    outer loop
      vertex -4.90053 26.3865 0
      vertex -0.974018 21.2694 0
      vertex -1.13137 21.1314 0
    endloop
  endfacet
  facet normal 0 0 -1
    outer loop
      vertex -5.69221 25.6922 0
      vertex -1.13137 21.1314 0
      vertex -1.26937 20.974 0
    endloop
  endfacet
  facet normal 0 0 -1
    outer loop
      vertex -6.38649 24.9005 0
      vertex -1.26937 20.974 0
      vertex -1.38564 20.8 0
    endloop
  endfacet
  facet normal 0 0 -1
    outer loop
      vertex -6.9715 24.025 0
      vertex -1.38564 20.8 0
      vertex -1.47821 20.6123 0
    endloop
  endfacet
  facet normal 0 0 -1
    outer loop
      vertex -7.43723 23.0806 0
      vertex -1.47821 20.6123 0
      vertex -1.54548 20.4141 0
    endloop
  endfacet
  facet normal 0 0 -1
    outer loop
      vertex -7.7757 22.0835 0
      vertex -1.54548 20.4141 0
      vertex -1.58631 20.2088 0
    endloop
  endfacet
  facet normal 0 0 -1
    outer loop
      vertex -0.41411 21.5455 0
      vertex -2.08349 27.7757 0
      vertex -1.05074 27.9811 0
    endloop
  endfacet
  facet normal 0 0 -1
    outer loop
      vertex -7.98113 21.0507 0
      vertex -1.58631 20.2088 0
      vertex -1.6 20 0
    endloop
  endfacet
  facet normal -0 0 -1
    outer loop
      vertex -1.26937 19.026 0
      vertex -6.38649 15.0995 0
      vertex -1.38564 19.2 0
    endloop
  endfacet
  facet normal 0 0 -1
    outer loop
      vertex -6.9715 15.975 0
      vertex -1.38564 19.2 0
      vertex -6.38649 15.0995 0
    endloop
  endfacet
  facet normal 0 0 -1
    outer loop
      vertex -0.612293 21.4782 0
      vertex -3.0806 27.4372 0
      vertex -2.08349 27.7757 0
    endloop
  endfacet
  facet normal -0 0 -1
    outer loop
      vertex -1.38564 19.2 0
      vertex -6.9715 15.975 0
      vertex -1.47821 19.3877 0
    endloop
  endfacet
  facet normal 0 0 -1
    outer loop
      vertex -0.799999 21.3856 0
      vertex -4.025 26.9715 0
      vertex -3.0806 27.4372 0
    endloop
  endfacet
  facet normal 0 0 -1
    outer loop
      vertex -7.43723 16.9194 0
      vertex -1.47821 19.3877 0
      vertex -6.9715 15.975 0
    endloop
  endfacet
  facet normal 0 0 -1
    outer loop
      vertex -0.974018 21.2694 0
      vertex -4.90053 26.3865 0
      vertex -4.025 26.9715 0
    endloop
  endfacet
  facet normal -0 0 -1
    outer loop
      vertex -1.47821 19.3877 0
      vertex -7.43723 16.9194 0
      vertex -1.54548 19.5859 0
    endloop
  endfacet
  facet normal 0 0 -1
    outer loop
      vertex -1.13137 21.1314 0
      vertex -5.69221 25.6922 0
      vertex -4.90053 26.3865 0
    endloop
  endfacet
  facet normal 0 0 -1
    outer loop
      vertex -7.7757 17.9165 0
      vertex -1.54548 19.5859 0
      vertex -7.43723 16.9194 0
    endloop
  endfacet
  facet normal 0 0 -1
    outer loop
      vertex -1.26937 20.974 0
      vertex -6.38649 24.9005 0
      vertex -5.69221 25.6922 0
    endloop
  endfacet
  facet normal -0 0 -1
    outer loop
      vertex -1.54548 19.5859 0
      vertex -7.7757 17.9165 0
      vertex -1.58631 19.7912 0
    endloop
  endfacet
  facet normal 0 0 -1
    outer loop
      vertex -1.38564 20.8 0
      vertex -6.9715 24.025 0
      vertex -6.38649 24.9005 0
    endloop
  endfacet
  facet normal 0 0 -1
    outer loop
      vertex -7.98113 18.9493 0
      vertex -1.58631 19.7912 0
      vertex -7.7757 17.9165 0
    endloop
  endfacet
  facet normal 0 0 -1
    outer loop
      vertex -1.47821 20.6123 0
      vertex -7.43723 23.0806 0
      vertex -6.9715 24.025 0
    endloop
  endfacet
  facet normal -0 0 -1
    outer loop
      vertex -1.58631 19.7912 0
      vertex -7.98113 18.9493 0
      vertex -1.6 20 0
    endloop
  endfacet
  facet normal 0 0 -1
    outer loop
      vertex -1.54548 20.4141 0
      vertex -7.7757 22.0835 0
      vertex -7.43723 23.0806 0
    endloop
  endfacet
  facet normal 0 0 -1
    outer loop
      vertex -8.05 20 0
      vertex -1.6 20 0
      vertex -7.98113 18.9493 0
    endloop
  endfacet
  facet normal 0 0 -1
    outer loop
      vertex -1.58631 20.2088 0
      vertex -7.98113 21.0507 0
      vertex -7.7757 22.0835 0
    endloop
  endfacet
  facet normal 0 0 -1
    outer loop
      vertex -1.6 20 0
      vertex -8.05 20 0
      vertex -7.98113 21.0507 0
    endloop
  endfacet
  facet normal 0.896869 0.442297 0
    outer loop
      vertex 6.46716 22.6788 2.4
      vertex 6.06218 23.5 0.9
      vertex 6.06218 23.5 2.4
    endloop
  endfacet
  facet normal 0.896869 0.442297 0
    outer loop
      vertex 6.06218 23.5 0.9
      vertex 6.46716 22.6788 2.4
      vertex 6.46716 22.6788 0.9
    endloop
  endfacet
  facet normal 0.980784 0.195097 0
    outer loop
      vertex 6.94011 20.9137 2.4
      vertex 6.76148 21.8117 0.9
      vertex 6.76148 21.8117 2.4
    endloop
  endfacet
  facet normal 0.980784 0.195097 0
    outer loop
      vertex 6.76148 21.8117 0.9
      vertex 6.94011 20.9137 2.4
      vertex 6.94011 20.9137 0.9
    endloop
  endfacet
  facet normal 0.831457 0.55559 0
    outer loop
      vertex 6.06218 23.5 2.4
      vertex 5.55347 24.2613 0.9
      vertex 5.55347 24.2613 2.4
    endloop
  endfacet
  facet normal 0.831457 0.55559 0
    outer loop
      vertex 5.55347 24.2613 0.9
      vertex 6.06218 23.5 2.4
      vertex 6.06218 23.5 0.9
    endloop
  endfacet
  facet normal 0.442305 0.896864 -0
    outer loop
      vertex 3.5 26.0622 0.9
      vertex 2.67878 26.4672 2.4
      vertex 3.5 26.0622 2.4
    endloop
  endfacet
  facet normal 0.442305 0.896864 0
    outer loop
      vertex 2.67878 26.4672 2.4
      vertex 3.5 26.0622 0.9
      vertex 2.67878 26.4672 0.9
    endloop
  endfacet
  facet normal 0.555567 0.831472 -0
    outer loop
      vertex 4.26133 25.5535 0.9
      vertex 3.5 26.0622 2.4
      vertex 4.26133 25.5535 2.4
    endloop
  endfacet
  facet normal 0.555567 0.831472 0
    outer loop
      vertex 3.5 26.0622 2.4
      vertex 4.26133 25.5535 0.9
      vertex 3.5 26.0622 0.9
    endloop
  endfacet
  facet normal -0.896869 0.442297 0
    outer loop
      vertex -6.46716 22.6788 0.9
      vertex -6.06218 23.5 2.4
      vertex -6.06218 23.5 0.9
    endloop
  endfacet
  facet normal -0.896869 0.442297 0
    outer loop
      vertex -6.06218 23.5 2.4
      vertex -6.46716 22.6788 0.9
      vertex -6.46716 22.6788 2.4
    endloop
  endfacet
  facet normal -0.831457 0.55559 0
    outer loop
      vertex -6.06218 23.5 0.9
      vertex -5.55347 24.2613 2.4
      vertex -5.55347 24.2613 0.9
    endloop
  endfacet
  facet normal -0.831457 0.55559 0
    outer loop
      vertex -5.55347 24.2613 2.4
      vertex -6.06218 23.5 0.9
      vertex -6.06218 23.5 2.4
    endloop
  endfacet
  facet normal 0 0 1
    outer loop
      vertex -0.45 17.0912 2.4
      vertex -0.76273 17.1535 2.4
      vertex -0.45 16.0125 2.4
    endloop
  endfacet
  facet normal -0 0 1
    outer loop
      vertex 3.9875 20.45 2.4
      vertex 7 20 2.4
      vertex 6.94011 20.9137 2.4
    endloop
  endfacet
  facet normal 0 0 1
    outer loop
      vertex 3.9875 20.45 2.4
      vertex 6.94011 20.9137 2.4
      vertex 6.76148 21.8117 2.4
    endloop
  endfacet
  facet normal 0 0 1
    outer loop
      vertex 3.9875 19.55 2.4
      vertex 7 20 2.4
      vertex 3.9875 20.45 2.4
    endloop
  endfacet
  facet normal 0 0 1
    outer loop
      vertex 3.9875 20.45 2.4
      vertex 6.76148 21.8117 2.4
      vertex 6.46716 22.6788 2.4
    endloop
  endfacet
  facet normal 0 0 1
    outer loop
      vertex 7 20 2.4
      vertex 3.9875 19.55 2.4
      vertex 6.94011 19.0863 2.4
    endloop
  endfacet
  facet normal 0 0 1
    outer loop
      vertex 3.9875 20.45 2.4
      vertex 6.46716 22.6788 2.4
      vertex 6.06218 23.5 2.4
    endloop
  endfacet
  facet normal 0 0 1
    outer loop
      vertex 6.94011 19.0863 2.4
      vertex 3.9875 19.55 2.4
      vertex 6.76148 18.1883 2.4
    endloop
  endfacet
  facet normal 0 0 1
    outer loop
      vertex 2.55215 21.4735 2.4
      vertex 6.06218 23.5 2.4
      vertex 5.55347 24.2613 2.4
    endloop
  endfacet
  facet normal 0 0 1
    outer loop
      vertex 6.76148 18.1883 2.4
      vertex 3.9875 19.55 2.4
      vertex 6.46716 17.3212 2.4
    endloop
  endfacet
  facet normal 0 0 1
    outer loop
      vertex 2.32094 21.8134 2.4
      vertex 5.55347 24.2613 2.4
      vertex 4.94975 24.9497 2.4
    endloop
  endfacet
  facet normal 0 0 1
    outer loop
      vertex 6.46716 17.3212 2.4
      vertex 3.9875 19.55 2.4
      vertex 6.06218 16.5 2.4
    endloop
  endfacet
  facet normal 0 0 1
    outer loop
      vertex 2.08382 22.0838 2.4
      vertex 4.94975 24.9497 2.4
      vertex 4.26133 25.5535 2.4
    endloop
  endfacet
  facet normal -0 0 1
    outer loop
      vertex 2.55215 18.5265 2.4
      vertex 6.06218 16.5 2.4
      vertex 3.9875 19.55 2.4
    endloop
  endfacet
  facet normal 0 0 1
    outer loop
      vertex 6.06218 16.5 2.4
      vertex 2.55215 18.5265 2.4
      vertex 5.55347 15.7387 2.4
    endloop
  endfacet
  facet normal 0 0 1
    outer loop
      vertex 1.7725 22.3523 2.4
      vertex 4.26133 25.5535 2.4
      vertex 3.5 26.0622 2.4
    endloop
  endfacet
  facet normal 0 0 1
    outer loop
      vertex 5.55347 24.2613 2.4
      vertex 2.35235 21.7725 2.4
      vertex 2.55215 21.4735 2.4
    endloop
  endfacet
  facet normal 0 0 1
    outer loop
      vertex 3.9875 20.45 2.4
      vertex 2.84655 20.7627 2.4
      vertex 2.90875 20.45 2.4
    endloop
  endfacet
  facet normal 0 0 1
    outer loop
      vertex 3.9875 20.45 2.4
      vertex 2.73095 21.1033 2.4
      vertex 2.84655 20.7627 2.4
    endloop
  endfacet
  facet normal 0 0 1
    outer loop
      vertex 3.9875 20.45 2.4
      vertex 2.72264 21.1278 2.4
      vertex 2.73095 21.1033 2.4
    endloop
  endfacet
  facet normal 0 0 1
    outer loop
      vertex 3.9875 20.45 2.4
      vertex 2.7112 21.1509 2.4
      vertex 2.72264 21.1278 2.4
    endloop
  endfacet
  facet normal 0 0 1
    outer loop
      vertex 0.45 23.9875 2.4
      vertex 3.5 26.0622 2.4
      vertex 2.67878 26.4672 2.4
    endloop
  endfacet
  facet normal 0 0 1
    outer loop
      vertex 3.9875 20.45 2.4
      vertex 2.55215 21.4735 2.4
      vertex 2.7112 21.1509 2.4
    endloop
  endfacet
  facet normal 0 0 1
    outer loop
      vertex 6.06218 23.5 2.4
      vertex 2.55215 21.4735 2.4
      vertex 3.9875 20.45 2.4
    endloop
  endfacet
  facet normal 0 0 1
    outer loop
      vertex 5.55347 24.2613 2.4
      vertex 2.33798 21.794 2.4
      vertex 2.35235 21.7725 2.4
    endloop
  endfacet
  facet normal 0 0 1
    outer loop
      vertex 5.55347 24.2613 2.4
      vertex 2.32094 21.8134 2.4
      vertex 2.33798 21.794 2.4
    endloop
  endfacet
  facet normal 0 0 1
    outer loop
      vertex 4.94975 24.9497 2.4
      vertex 2.08382 22.0838 2.4
      vertex 2.32094 21.8134 2.4
    endloop
  endfacet
  facet normal 0 0 1
    outer loop
      vertex 4.26133 25.5535 2.4
      vertex 1.81344 22.3209 2.4
      vertex 2.08382 22.0838 2.4
    endloop
  endfacet
  facet normal 0 0 1
    outer loop
      vertex 0.45 23.9875 2.4
      vertex 2.67878 26.4672 2.4
      vertex 1.81173 26.7615 2.4
    endloop
  endfacet
  facet normal 0 0 1
    outer loop
      vertex 4.26133 25.5535 2.4
      vertex 1.794 22.338 2.4
      vertex 1.81344 22.3209 2.4
    endloop
  endfacet
  facet normal 0 0 1
    outer loop
      vertex 4.26133 25.5535 2.4
      vertex 1.7725 22.3523 2.4
      vertex 1.794 22.338 2.4
    endloop
  endfacet
  facet normal 0 0 1
    outer loop
      vertex 3.5 26.0622 2.4
      vertex 1.47348 22.5521 2.4
      vertex 1.7725 22.3523 2.4
    endloop
  endfacet
  facet normal 0 0 1
    outer loop
      vertex 3.5 26.0622 2.4
      vertex 0.45 23.9875 2.4
      vertex 1.47348 22.5521 2.4
    endloop
  endfacet
  facet normal 0 0 1
    outer loop
      vertex 1.47348 22.5521 2.4
      vertex 0.45 23.9875 2.4
      vertex 1.15094 22.7112 2.4
    endloop
  endfacet
  facet normal 0 0 1
    outer loop
      vertex 1.15094 22.7112 2.4
      vertex 0.45 23.9875 2.4
      vertex 1.12775 22.7226 2.4
    endloop
  endfacet
  facet normal 0 0 1
    outer loop
      vertex 0.45 23.9875 2.4
      vertex 1.81173 26.7615 2.4
      vertex 0.913683 26.9401 2.4
    endloop
  endfacet
  facet normal 0 0 1
    outer loop
      vertex 1.12775 22.7226 2.4
      vertex 0.45 23.9875 2.4
      vertex 1.10327 22.731 2.4
    endloop
  endfacet
  facet normal 0 0 1
    outer loop
      vertex 1.10327 22.731 2.4
      vertex 0.45 23.9875 2.4
      vertex 0.76273 22.8465 2.4
    endloop
  endfacet
  facet normal 0 0 1
    outer loop
      vertex 0 27 2.4
      vertex 0.45 23.9875 2.4
      vertex 0.913683 26.9401 2.4
    endloop
  endfacet
  facet normal 0 0 1
    outer loop
      vertex 0 27 2.4
      vertex -0.45 23.9875 2.4
      vertex 0.45 23.9875 2.4
    endloop
  endfacet
  facet normal 0 0 1
    outer loop
      vertex -0.45 23.9875 2.4
      vertex -0.76273 22.8465 2.4
      vertex -0.45 22.9088 2.4
    endloop
  endfacet
  facet normal -0 0 1
    outer loop
      vertex -0.913683 26.9401 2.4
      vertex -0.45 23.9875 2.4
      vertex 0 27 2.4
    endloop
  endfacet
  facet normal -0 0 1
    outer loop
      vertex -1.81173 26.7615 2.4
      vertex -0.45 23.9875 2.4
      vertex -0.913683 26.9401 2.4
    endloop
  endfacet
  facet normal -0 0 1
    outer loop
      vertex -2.67878 26.4672 2.4
      vertex -0.45 23.9875 2.4
      vertex -1.81173 26.7615 2.4
    endloop
  endfacet
  facet normal 0 0 1
    outer loop
      vertex -0.45 23.9875 2.4
      vertex -1.10327 22.731 2.4
      vertex -0.76273 22.8465 2.4
    endloop
  endfacet
  facet normal -0 0 1
    outer loop
      vertex -3.5 26.0622 2.4
      vertex -0.45 23.9875 2.4
      vertex -2.67878 26.4672 2.4
    endloop
  endfacet
  facet normal 0 0 1
    outer loop
      vertex -0.45 23.9875 2.4
      vertex -1.12775 22.7226 2.4
      vertex -1.10327 22.731 2.4
    endloop
  endfacet
  facet normal 0 0 1
    outer loop
      vertex -0.45 23.9875 2.4
      vertex -1.15094 22.7112 2.4
      vertex -1.12775 22.7226 2.4
    endloop
  endfacet
  facet normal 0 0 1
    outer loop
      vertex -0.45 23.9875 2.4
      vertex -1.47348 22.5521 2.4
      vertex -1.15094 22.7112 2.4
    endloop
  endfacet
  facet normal 0 0 1
    outer loop
      vertex -0.45 23.9875 2.4
      vertex -3.5 26.0622 2.4
      vertex -1.47348 22.5521 2.4
    endloop
  endfacet
  facet normal 0 0 1
    outer loop
      vertex -1.47348 22.5521 2.4
      vertex -3.5 26.0622 2.4
      vertex -1.7725 22.3523 2.4
    endloop
  endfacet
  facet normal -0 0 1
    outer loop
      vertex -4.26133 25.5535 2.4
      vertex -1.7725 22.3523 2.4
      vertex -3.5 26.0622 2.4
    endloop
  endfacet
  facet normal 0 0 1
    outer loop
      vertex -1.7725 22.3523 2.4
      vertex -4.26133 25.5535 2.4
      vertex -1.794 22.338 2.4
    endloop
  endfacet
  facet normal 0 0 1
    outer loop
      vertex -1.794 22.338 2.4
      vertex -4.26133 25.5535 2.4
      vertex -1.81344 22.3209 2.4
    endloop
  endfacet
  facet normal 0 0 1
    outer loop
      vertex -1.81344 22.3209 2.4
      vertex -4.26133 25.5535 2.4
      vertex -2.08382 22.0838 2.4
    endloop
  endfacet
  facet normal -0 0 1
    outer loop
      vertex -4.94975 24.9497 2.4
      vertex -2.08382 22.0838 2.4
      vertex -4.26133 25.5535 2.4
    endloop
  endfacet
  facet normal 0 0 1
    outer loop
      vertex -2.08382 22.0838 2.4
      vertex -4.94975 24.9497 2.4
      vertex -2.32094 21.8134 2.4
    endloop
  endfacet
  facet normal -0 0 1
    outer loop
      vertex -5.55347 24.2613 2.4
      vertex -2.32094 21.8134 2.4
      vertex -4.94975 24.9497 2.4
    endloop
  endfacet
  facet normal 0 0 1
    outer loop
      vertex -2.32094 21.8134 2.4
      vertex -5.55347 24.2613 2.4
      vertex -2.33798 21.794 2.4
    endloop
  endfacet
  facet normal 0 0 1
    outer loop
      vertex -2.33798 21.794 2.4
      vertex -5.55347 24.2613 2.4
      vertex -2.35235 21.7725 2.4
    endloop
  endfacet
  facet normal 0 0 1
    outer loop
      vertex -2.35235 21.7725 2.4
      vertex -5.55347 24.2613 2.4
      vertex -2.55215 21.4735 2.4
    endloop
  endfacet
  facet normal -0 0 1
    outer loop
      vertex -6.06218 23.5 2.4
      vertex -2.55215 21.4735 2.4
      vertex -5.55347 24.2613 2.4
    endloop
  endfacet
  facet normal 0 -0 1
    outer loop
      vertex -3.9875 20.45 2.4
      vertex -2.55215 21.4735 2.4
      vertex -6.06218 23.5 2.4
    endloop
  endfacet
  facet normal 0 0 1
    outer loop
      vertex -2.55215 21.4735 2.4
      vertex -3.9875 20.45 2.4
      vertex -2.7112 21.1509 2.4
    endloop
  endfacet
  facet normal 0 0 1
    outer loop
      vertex -2.73095 21.1033 2.4
      vertex -3.9875 20.45 2.4
      vertex -2.84655 20.7627 2.4
    endloop
  endfacet
  facet normal 0 0 1
    outer loop
      vertex -2.7112 21.1509 2.4
      vertex -3.9875 20.45 2.4
      vertex -2.72264 21.1278 2.4
    endloop
  endfacet
  facet normal -0 0 1
    outer loop
      vertex 2.35235 18.2275 2.4
      vertex 5.55347 15.7387 2.4
      vertex 2.55215 18.5265 2.4
    endloop
  endfacet
  facet normal -0 0 1
    outer loop
      vertex 2.33798 18.206 2.4
      vertex 5.55347 15.7387 2.4
      vertex 2.35235 18.2275 2.4
    endloop
  endfacet
  facet normal 0 0 1
    outer loop
      vertex 2.84655 19.2373 2.4
      vertex 3.9875 19.55 2.4
      vertex 2.90875 19.55 2.4
    endloop
  endfacet
  facet normal 0 0 1
    outer loop
      vertex 2.73095 18.8967 2.4
      vertex 3.9875 19.55 2.4
      vertex 2.84655 19.2373 2.4
    endloop
  endfacet
  facet normal 0 0 1
    outer loop
      vertex 2.72264 18.8722 2.4
      vertex 3.9875 19.55 2.4
      vertex 2.73095 18.8967 2.4
    endloop
  endfacet
  facet normal 0 0 1
    outer loop
      vertex 2.7112 18.8491 2.4
      vertex 3.9875 19.55 2.4
      vertex 2.72264 18.8722 2.4
    endloop
  endfacet
  facet normal 0 0 1
    outer loop
      vertex 2.55215 18.5265 2.4
      vertex 3.9875 19.55 2.4
      vertex 2.7112 18.8491 2.4
    endloop
  endfacet
  facet normal -0 0 1
    outer loop
      vertex 2.32094 18.1866 2.4
      vertex 5.55347 15.7387 2.4
      vertex 2.33798 18.206 2.4
    endloop
  endfacet
  facet normal 0 0 1
    outer loop
      vertex 5.55347 15.7387 2.4
      vertex 2.32094 18.1866 2.4
      vertex 4.94975 15.0503 2.4
    endloop
  endfacet
  facet normal -0 0 1
    outer loop
      vertex 2.08382 17.9162 2.4
      vertex 4.94975 15.0503 2.4
      vertex 2.32094 18.1866 2.4
    endloop
  endfacet
  facet normal 0 0 1
    outer loop
      vertex 4.94975 15.0503 2.4
      vertex 2.08382 17.9162 2.4
      vertex 4.26133 14.4465 2.4
    endloop
  endfacet
  facet normal -0 0 1
    outer loop
      vertex 1.81344 17.6791 2.4
      vertex 4.26133 14.4465 2.4
      vertex 2.08382 17.9162 2.4
    endloop
  endfacet
  facet normal -0 0 1
    outer loop
      vertex 1.794 17.662 2.4
      vertex 4.26133 14.4465 2.4
      vertex 1.81344 17.6791 2.4
    endloop
  endfacet
  facet normal -0 0 1
    outer loop
      vertex 1.7725 17.6477 2.4
      vertex 4.26133 14.4465 2.4
      vertex 1.794 17.662 2.4
    endloop
  endfacet
  facet normal 0 0 1
    outer loop
      vertex 4.26133 14.4465 2.4
      vertex 1.7725 17.6477 2.4
      vertex 3.5 13.9378 2.4
    endloop
  endfacet
  facet normal -0 0 1
    outer loop
      vertex 1.47348 17.4479 2.4
      vertex 3.5 13.9378 2.4
      vertex 1.7725 17.6477 2.4
    endloop
  endfacet
  facet normal -0 0 1
    outer loop
      vertex 0.45 16.0125 2.4
      vertex 3.5 13.9378 2.4
      vertex 1.47348 17.4479 2.4
    endloop
  endfacet
  facet normal 0 0 1
    outer loop
      vertex 3.5 13.9378 2.4
      vertex 0.45 16.0125 2.4
      vertex 2.67878 13.5328 2.4
    endloop
  endfacet
  facet normal 0 0 1
    outer loop
      vertex 0.45 16.0125 2.4
      vertex 1.47348 17.4479 2.4
      vertex 1.15094 17.2888 2.4
    endloop
  endfacet
  facet normal 0 0 1
    outer loop
      vertex 0.45 16.0125 2.4
      vertex 1.15094 17.2888 2.4
      vertex 1.12775 17.2774 2.4
    endloop
  endfacet
  facet normal 0 0 1
    outer loop
      vertex 0.45 16.0125 2.4
      vertex 1.12775 17.2774 2.4
      vertex 1.10327 17.269 2.4
    endloop
  endfacet
  facet normal 0 0 1
    outer loop
      vertex 2.67878 13.5328 2.4
      vertex 0.45 16.0125 2.4
      vertex 1.81173 13.2385 2.4
    endloop
  endfacet
  facet normal 0 0 1
    outer loop
      vertex 0.45 16.0125 2.4
      vertex 1.10327 17.269 2.4
      vertex 0.76273 17.1535 2.4
    endloop
  endfacet
  facet normal 0 0 1
    outer loop
      vertex 0.45 16.0125 2.4
      vertex 0.76273 17.1535 2.4
      vertex 0.45 17.0912 2.4
    endloop
  endfacet
  facet normal 0 0 1
    outer loop
      vertex 1.81173 13.2385 2.4
      vertex 0.45 16.0125 2.4
      vertex 0.913683 13.0599 2.4
    endloop
  endfacet
  facet normal 0 0 1
    outer loop
      vertex 0.45 16.0125 2.4
      vertex 0 13 2.4
      vertex 0.913683 13.0599 2.4
    endloop
  endfacet
  facet normal -0 0 1
    outer loop
      vertex -0.45 16.0125 2.4
      vertex 0 13 2.4
      vertex 0.45 16.0125 2.4
    endloop
  endfacet
  facet normal 0 0 1
    outer loop
      vertex -1.10327 17.269 2.4
      vertex -0.45 16.0125 2.4
      vertex -0.76273 17.1535 2.4
    endloop
  endfacet
  facet normal 0 0 1
    outer loop
      vertex -0.45 16.0125 2.4
      vertex -0.913683 13.0599 2.4
      vertex 0 13 2.4
    endloop
  endfacet
  facet normal 0 0 1
    outer loop
      vertex -1.12775 17.2774 2.4
      vertex -0.45 16.0125 2.4
      vertex -1.10327 17.269 2.4
    endloop
  endfacet
  facet normal 0 0 1
    outer loop
      vertex -1.15094 17.2888 2.4
      vertex -0.45 16.0125 2.4
      vertex -1.12775 17.2774 2.4
    endloop
  endfacet
  facet normal 0 0 1
    outer loop
      vertex -1.47348 17.4479 2.4
      vertex -0.45 16.0125 2.4
      vertex -1.15094 17.2888 2.4
    endloop
  endfacet
  facet normal 0 0 1
    outer loop
      vertex -3.5 13.9378 2.4
      vertex -0.45 16.0125 2.4
      vertex -1.47348 17.4479 2.4
    endloop
  endfacet
  facet normal 0 0 1
    outer loop
      vertex -3.5 13.9378 2.4
      vertex -1.47348 17.4479 2.4
      vertex -1.7725 17.6477 2.4
    endloop
  endfacet
  facet normal 0 0 1
    outer loop
      vertex -4.26133 14.4465 2.4
      vertex -1.7725 17.6477 2.4
      vertex -1.794 17.662 2.4
    endloop
  endfacet
  facet normal 0 0 1
    outer loop
      vertex -0.45 16.0125 2.4
      vertex -1.81173 13.2385 2.4
      vertex -0.913683 13.0599 2.4
    endloop
  endfacet
  facet normal 0 0 1
    outer loop
      vertex -4.26133 14.4465 2.4
      vertex -1.794 17.662 2.4
      vertex -1.81344 17.6791 2.4
    endloop
  endfacet
  facet normal 0 0 1
    outer loop
      vertex -4.26133 14.4465 2.4
      vertex -1.81344 17.6791 2.4
      vertex -2.08382 17.9162 2.4
    endloop
  endfacet
  facet normal 0 0 1
    outer loop
      vertex -4.94975 15.0503 2.4
      vertex -2.08382 17.9162 2.4
      vertex -2.32094 18.1866 2.4
    endloop
  endfacet
  facet normal 0 0 1
    outer loop
      vertex -5.55347 15.7387 2.4
      vertex -2.32094 18.1866 2.4
      vertex -2.33798 18.206 2.4
    endloop
  endfacet
  facet normal 0 0 1
    outer loop
      vertex -5.55347 15.7387 2.4
      vertex -2.33798 18.206 2.4
      vertex -2.35235 18.2275 2.4
    endloop
  endfacet
  facet normal 0 0 1
    outer loop
      vertex -5.55347 15.7387 2.4
      vertex -2.35235 18.2275 2.4
      vertex -2.55215 18.5265 2.4
    endloop
  endfacet
  facet normal 0 0 1
    outer loop
      vertex -0.45 16.0125 2.4
      vertex -2.67878 13.5328 2.4
      vertex -1.81173 13.2385 2.4
    endloop
  endfacet
  facet normal 0 0 1
    outer loop
      vertex -3.9875 19.55 2.4
      vertex -2.55215 18.5265 2.4
      vertex -2.7112 18.8491 2.4
    endloop
  endfacet
  facet normal 0 0 1
    outer loop
      vertex -3.9875 19.55 2.4
      vertex -2.7112 18.8491 2.4
      vertex -2.72264 18.8722 2.4
    endloop
  endfacet
  facet normal 0 0 1
    outer loop
      vertex -3.9875 19.55 2.4
      vertex -2.72264 18.8722 2.4
      vertex -2.73095 18.8967 2.4
    endloop
  endfacet
  facet normal 0 0 1
    outer loop
      vertex -3.9875 19.55 2.4
      vertex -2.73095 18.8967 2.4
      vertex -2.84655 19.2373 2.4
    endloop
  endfacet
  facet normal -0 0 1
    outer loop
      vertex -3.9875 19.55 2.4
      vertex -2.84655 19.2373 2.4
      vertex -2.90875 19.55 2.4
    endloop
  endfacet
  facet normal 0 0 1
    outer loop
      vertex -0.45 16.0125 2.4
      vertex -3.5 13.9378 2.4
      vertex -2.67878 13.5328 2.4
    endloop
  endfacet
  facet normal 0 0 1
    outer loop
      vertex -2.55215 18.5265 2.4
      vertex -3.9875 19.55 2.4
      vertex -6.06218 16.5 2.4
    endloop
  endfacet
  facet normal 0 0 1
    outer loop
      vertex -1.7725 17.6477 2.4
      vertex -4.26133 14.4465 2.4
      vertex -3.5 13.9378 2.4
    endloop
  endfacet
  facet normal 0 0 1
    outer loop
      vertex -2.84655 20.7627 2.4
      vertex -3.9875 20.45 2.4
      vertex -2.90875 20.45 2.4
    endloop
  endfacet
  facet normal 0 0 1
    outer loop
      vertex -2.72264 21.1278 2.4
      vertex -3.9875 20.45 2.4
      vertex -2.73095 21.1033 2.4
    endloop
  endfacet
  facet normal 0 0 1
    outer loop
      vertex -2.08382 17.9162 2.4
      vertex -4.94975 15.0503 2.4
      vertex -4.26133 14.4465 2.4
    endloop
  endfacet
  facet normal -0 0 1
    outer loop
      vertex -6.46716 22.6788 2.4
      vertex -3.9875 20.45 2.4
      vertex -6.06218 23.5 2.4
    endloop
  endfacet
  facet normal 0 0 1
    outer loop
      vertex -2.32094 18.1866 2.4
      vertex -5.55347 15.7387 2.4
      vertex -4.94975 15.0503 2.4
    endloop
  endfacet
  facet normal -0 0 1
    outer loop
      vertex -6.76148 21.8117 2.4
      vertex -3.9875 20.45 2.4
      vertex -6.46716 22.6788 2.4
    endloop
  endfacet
  facet normal 0 0 1
    outer loop
      vertex -2.55215 18.5265 2.4
      vertex -6.06218 16.5 2.4
      vertex -5.55347 15.7387 2.4
    endloop
  endfacet
  facet normal -0 0 1
    outer loop
      vertex -6.94011 20.9137 2.4
      vertex -3.9875 20.45 2.4
      vertex -6.76148 21.8117 2.4
    endloop
  endfacet
  facet normal 0 0 1
    outer loop
      vertex -3.9875 19.55 2.4
      vertex -6.46716 17.3212 2.4
      vertex -6.06218 16.5 2.4
    endloop
  endfacet
  facet normal 0 0 1
    outer loop
      vertex -7 20 2.4
      vertex -3.9875 20.45 2.4
      vertex -6.94011 20.9137 2.4
    endloop
  endfacet
  facet normal 0 0 1
    outer loop
      vertex -3.9875 19.55 2.4
      vertex -6.76148 18.1883 2.4
      vertex -6.46716 17.3212 2.4
    endloop
  endfacet
  facet normal 0 0 1
    outer loop
      vertex -3.9875 20.45 2.4
      vertex -7 20 2.4
      vertex -3.9875 19.55 2.4
    endloop
  endfacet
  facet normal 0 0 1
    outer loop
      vertex -3.9875 19.55 2.4
      vertex -6.94011 19.0863 2.4
      vertex -6.76148 18.1883 2.4
    endloop
  endfacet
  facet normal 0 0 1
    outer loop
      vertex -3.9875 19.55 2.4
      vertex -7 20 2.4
      vertex -6.94011 19.0863 2.4
    endloop
  endfacet
  facet normal 0 0 1
    outer loop
      vertex 0.76273 22.8465 2.4
      vertex 0.45 23.9875 2.4
      vertex 0.45 22.9088 2.4
    endloop
  endfacet
  facet normal -0.442305 0.896864 0
    outer loop
      vertex -2.67878 26.4672 0.9
      vertex -3.5 26.0622 2.4
      vertex -2.67878 26.4672 2.4
    endloop
  endfacet
  facet normal -0.442305 0.896864 0
    outer loop
      vertex -3.5 26.0622 2.4
      vertex -2.67878 26.4672 0.9
      vertex -3.5 26.0622 0.9
    endloop
  endfacet
  facet normal -0.0654184 0.997858 0
    outer loop
      vertex 0 27 0.9
      vertex -0.913683 26.9401 2.4
      vertex 0 27 2.4
    endloop
  endfacet
  facet normal -0.0654184 0.997858 0
    outer loop
      vertex -0.913683 26.9401 2.4
      vertex 0 27 0.9
      vertex -0.913683 26.9401 0.9
    endloop
  endfacet
  facet normal 0.195056 -0.980792 0
    outer loop
      vertex 0.913683 13.0599 0.9
      vertex 1.81173 13.2385 2.4
      vertex 0.913683 13.0599 2.4
    endloop
  endfacet
  facet normal 0.195056 -0.980792 0
    outer loop
      vertex 1.81173 13.2385 2.4
      vertex 0.913683 13.0599 0.9
      vertex 1.81173 13.2385 0.9
    endloop
  endfacet
  facet normal 0.0654184 -0.997858 0
    outer loop
      vertex 0 13 0.9
      vertex 0.913683 13.0599 2.4
      vertex 0 13 2.4
    endloop
  endfacet
  facet normal 0.0654184 -0.997858 0
    outer loop
      vertex 0.913683 13.0599 2.4
      vertex 0 13 0.9
      vertex 0.913683 13.0599 0.9
    endloop
  endfacet
  facet normal 0.65939 -0.751801 0
    outer loop
      vertex 4.26133 14.4465 0.9
      vertex 4.94975 15.0503 2.4
      vertex 4.26133 14.4465 2.4
    endloop
  endfacet
  facet normal 0.65939 -0.751801 0
    outer loop
      vertex 4.94975 15.0503 2.4
      vertex 4.26133 14.4465 0.9
      vertex 4.94975 15.0503 0.9
    endloop
  endfacet
  facet normal 0.442305 -0.896864 0
    outer loop
      vertex 2.67878 13.5328 0.9
      vertex 3.5 13.9378 2.4
      vertex 2.67878 13.5328 2.4
    endloop
  endfacet
  facet normal 0.442305 -0.896864 0
    outer loop
      vertex 3.5 13.9378 2.4
      vertex 2.67878 13.5328 0.9
      vertex 3.5 13.9378 0.9
    endloop
  endfacet
  facet normal 0.946937 -0.321419 0
    outer loop
      vertex 6.46716 17.3212 2.4
      vertex 6.76148 18.1883 0.9
      vertex 6.76148 18.1883 2.4
    endloop
  endfacet
  facet normal 0.946937 -0.321419 0
    outer loop
      vertex 6.76148 18.1883 0.9
      vertex 6.46716 17.3212 2.4
      vertex 6.46716 17.3212 0.9
    endloop
  endfacet
  facet normal -0.442305 -0.896864 0
    outer loop
      vertex -3.5 13.9378 0.9
      vertex -2.67878 13.5328 2.4
      vertex -3.5 13.9378 2.4
    endloop
  endfacet
  facet normal -0.442305 -0.896864 -0
    outer loop
      vertex -2.67878 13.5328 2.4
      vertex -3.5 13.9378 0.9
      vertex -2.67878 13.5328 0.9
    endloop
  endfacet
  facet normal -0.321416 -0.946938 0
    outer loop
      vertex -2.67878 13.5328 0.9
      vertex -1.81173 13.2385 2.4
      vertex -2.67878 13.5328 2.4
    endloop
  endfacet
  facet normal -0.321416 -0.946938 -0
    outer loop
      vertex -1.81173 13.2385 2.4
      vertex -2.67878 13.5328 0.9
      vertex -1.81173 13.2385 0.9
    endloop
  endfacet
  facet normal -0.896869 -0.442297 0
    outer loop
      vertex -6.06218 16.5 0.9
      vertex -6.46716 17.3212 2.4
      vertex -6.46716 17.3212 0.9
    endloop
  endfacet
  facet normal -0.896869 -0.442297 0
    outer loop
      vertex -6.46716 17.3212 2.4
      vertex -6.06218 16.5 0.9
      vertex -6.06218 16.5 2.4
    endloop
  endfacet
  facet normal -0.831457 -0.55559 0
    outer loop
      vertex -5.55347 15.7387 0.9
      vertex -6.06218 16.5 2.4
      vertex -6.06218 16.5 0.9
    endloop
  endfacet
  facet normal -0.831457 -0.55559 0
    outer loop
      vertex -6.06218 16.5 2.4
      vertex -5.55347 15.7387 0.9
      vertex -5.55347 15.7387 2.4
    endloop
  endfacet
  facet normal -0.997859 -0.0654063 0
    outer loop
      vertex -6.94011 19.0863 0.9
      vertex -7 20 2.4
      vertex -7 20 0.9
    endloop
  endfacet
  facet normal -0.997859 -0.0654063 0
    outer loop
      vertex -7 20 2.4
      vertex -6.94011 19.0863 0.9
      vertex -6.94011 19.0863 2.4
    endloop
  endfacet
  facet normal 0.946937 0.321419 0
    outer loop
      vertex 6.76148 21.8117 2.4
      vertex 6.46716 22.6788 0.9
      vertex 6.46716 22.6788 2.4
    endloop
  endfacet
  facet normal 0.946937 0.321419 0
    outer loop
      vertex 6.46716 22.6788 0.9
      vertex 6.76148 21.8117 2.4
      vertex 6.76148 21.8117 0.9
    endloop
  endfacet
  facet normal 0.195056 0.980792 -0
    outer loop
      vertex 1.81173 26.7615 0.9
      vertex 0.913683 26.9401 2.4
      vertex 1.81173 26.7615 2.4
    endloop
  endfacet
  facet normal 0.195056 0.980792 0
    outer loop
      vertex 0.913683 26.9401 2.4
      vertex 1.81173 26.7615 0.9
      vertex 0.913683 26.9401 0.9
    endloop
  endfacet
  facet normal 0.65939 0.751801 -0
    outer loop
      vertex 4.94975 24.9497 0.9
      vertex 4.26133 25.5535 2.4
      vertex 4.94975 24.9497 2.4
    endloop
  endfacet
  facet normal 0.65939 0.751801 0
    outer loop
      vertex 4.26133 25.5535 2.4
      vertex 4.94975 24.9497 0.9
      vertex 4.26133 25.5535 0.9
    endloop
  endfacet
  facet normal -0.980784 0.195097 0
    outer loop
      vertex -6.94011 20.9137 0.9
      vertex -6.76148 21.8117 2.4
      vertex -6.76148 21.8117 0.9
    endloop
  endfacet
  facet normal -0.980784 0.195097 0
    outer loop
      vertex -6.76148 21.8117 2.4
      vertex -6.94011 20.9137 0.9
      vertex -6.94011 20.9137 2.4
    endloop
  endfacet
  facet normal -0.555567 0.831472 0
    outer loop
      vertex -3.5 26.0622 0.9
      vertex -4.26133 25.5535 2.4
      vertex -3.5 26.0622 2.4
    endloop
  endfacet
  facet normal -0.555567 0.831472 0
    outer loop
      vertex -4.26133 25.5535 2.4
      vertex -3.5 26.0622 0.9
      vertex -4.26133 25.5535 0.9
    endloop
  endfacet
  facet normal 0.997859 -0.0654063 0
    outer loop
      vertex 6.94011 19.0863 2.4
      vertex 7 20 0.9
      vertex 7 20 2.4
    endloop
  endfacet
  facet normal 0.997859 -0.0654063 0
    outer loop
      vertex 7 20 0.9
      vertex 6.94011 19.0863 2.4
      vertex 6.94011 19.0863 0.9
    endloop
  endfacet
  facet normal 0.555567 -0.831472 0
    outer loop
      vertex 3.5 13.9378 0.9
      vertex 4.26133 14.4465 2.4
      vertex 3.5 13.9378 2.4
    endloop
  endfacet
  facet normal 0.555567 -0.831472 0
    outer loop
      vertex 4.26133 14.4465 2.4
      vertex 3.5 13.9378 0.9
      vertex 4.26133 14.4465 0.9
    endloop
  endfacet
  facet normal 0.896869 -0.442297 0
    outer loop
      vertex 6.06218 16.5 2.4
      vertex 6.46716 17.3212 0.9
      vertex 6.46716 17.3212 2.4
    endloop
  endfacet
  facet normal 0.896869 -0.442297 0
    outer loop
      vertex 6.46716 17.3212 0.9
      vertex 6.06218 16.5 2.4
      vertex 6.06218 16.5 0.9
    endloop
  endfacet
  facet normal 0.751835 -0.659352 0
    outer loop
      vertex 4.94975 15.0503 2.4
      vertex 5.55347 15.7387 0.9
      vertex 5.55347 15.7387 2.4
    endloop
  endfacet
  facet normal 0.751835 -0.659352 0
    outer loop
      vertex 5.55347 15.7387 0.9
      vertex 4.94975 15.0503 2.4
      vertex 4.94975 15.0503 0.9
    endloop
  endfacet
  facet normal 0.831457 -0.55559 0
    outer loop
      vertex 5.55347 15.7387 2.4
      vertex 6.06218 16.5 0.9
      vertex 6.06218 16.5 2.4
    endloop
  endfacet
  facet normal 0.831457 -0.55559 0
    outer loop
      vertex 6.06218 16.5 0.9
      vertex 5.55347 15.7387 2.4
      vertex 5.55347 15.7387 0.9
    endloop
  endfacet
  facet normal -0.65939 -0.751801 0
    outer loop
      vertex -4.94975 15.0503 0.9
      vertex -4.26133 14.4465 2.4
      vertex -4.94975 15.0503 2.4
    endloop
  endfacet
  facet normal -0.65939 -0.751801 -0
    outer loop
      vertex -4.26133 14.4465 2.4
      vertex -4.94975 15.0503 0.9
      vertex -4.26133 14.4465 0.9
    endloop
  endfacet
  facet normal -0.555567 -0.831472 0
    outer loop
      vertex -4.26133 14.4465 0.9
      vertex -3.5 13.9378 2.4
      vertex -4.26133 14.4465 2.4
    endloop
  endfacet
  facet normal -0.555567 -0.831472 -0
    outer loop
      vertex -3.5 13.9378 2.4
      vertex -4.26133 14.4465 0.9
      vertex -3.5 13.9378 0.9
    endloop
  endfacet
  facet normal -0.0654184 -0.997858 0
    outer loop
      vertex -0.913683 13.0599 0.9
      vertex 0 13 2.4
      vertex -0.913683 13.0599 2.4
    endloop
  endfacet
  facet normal -0.0654184 -0.997858 -0
    outer loop
      vertex 0 13 2.4
      vertex -0.913683 13.0599 0.9
      vertex 0 13 0.9
    endloop
  endfacet
  facet normal -0.751835 -0.659352 0
    outer loop
      vertex -4.94975 15.0503 0.9
      vertex -5.55347 15.7387 2.4
      vertex -5.55347 15.7387 0.9
    endloop
  endfacet
  facet normal -0.751835 -0.659352 0
    outer loop
      vertex -5.55347 15.7387 2.4
      vertex -4.94975 15.0503 0.9
      vertex -4.94975 15.0503 2.4
    endloop
  endfacet
  facet normal -0.946937 -0.321419 0
    outer loop
      vertex -6.46716 17.3212 0.9
      vertex -6.76148 18.1883 2.4
      vertex -6.76148 18.1883 0.9
    endloop
  endfacet
  facet normal -0.946937 -0.321419 0
    outer loop
      vertex -6.76148 18.1883 2.4
      vertex -6.46716 17.3212 0.9
      vertex -6.46716 17.3212 2.4
    endloop
  endfacet
  facet normal 0.321416 0.946938 -0
    outer loop
      vertex 2.67878 26.4672 0.9
      vertex 1.81173 26.7615 2.4
      vertex 2.67878 26.4672 2.4
    endloop
  endfacet
  facet normal 0.321416 0.946938 0
    outer loop
      vertex 1.81173 26.7615 2.4
      vertex 2.67878 26.4672 0.9
      vertex 1.81173 26.7615 0.9
    endloop
  endfacet
  facet normal -0.751835 0.659352 0
    outer loop
      vertex -5.55347 24.2613 0.9
      vertex -4.94975 24.9497 2.4
      vertex -4.94975 24.9497 0.9
    endloop
  endfacet
  facet normal -0.751835 0.659352 0
    outer loop
      vertex -4.94975 24.9497 2.4
      vertex -5.55347 24.2613 0.9
      vertex -5.55347 24.2613 2.4
    endloop
  endfacet
  facet normal -0.946937 0.321419 0
    outer loop
      vertex -6.76148 21.8117 0.9
      vertex -6.46716 22.6788 2.4
      vertex -6.46716 22.6788 0.9
    endloop
  endfacet
  facet normal -0.946937 0.321419 0
    outer loop
      vertex -6.46716 22.6788 2.4
      vertex -6.76148 21.8117 0.9
      vertex -6.76148 21.8117 2.4
    endloop
  endfacet
  facet normal -0.195056 0.980792 0
    outer loop
      vertex -0.913683 26.9401 0.9
      vertex -1.81173 26.7615 2.4
      vertex -0.913683 26.9401 2.4
    endloop
  endfacet
  facet normal -0.195056 0.980792 0
    outer loop
      vertex -1.81173 26.7615 2.4
      vertex -0.913683 26.9401 0.9
      vertex -1.81173 26.7615 0.9
    endloop
  endfacet
  facet normal 0.321416 -0.946938 0
    outer loop
      vertex 1.81173 13.2385 0.9
      vertex 2.67878 13.5328 2.4
      vertex 1.81173 13.2385 2.4
    endloop
  endfacet
  facet normal 0.321416 -0.946938 0
    outer loop
      vertex 2.67878 13.5328 2.4
      vertex 1.81173 13.2385 0.9
      vertex 2.67878 13.5328 0.9
    endloop
  endfacet
  facet normal 0.980784 -0.195097 0
    outer loop
      vertex 6.76148 18.1883 2.4
      vertex 6.94011 19.0863 0.9
      vertex 6.94011 19.0863 2.4
    endloop
  endfacet
  facet normal 0.980784 -0.195097 0
    outer loop
      vertex 6.94011 19.0863 0.9
      vertex 6.76148 18.1883 2.4
      vertex 6.76148 18.1883 0.9
    endloop
  endfacet
  facet normal -0.195056 -0.980792 0
    outer loop
      vertex -1.81173 13.2385 0.9
      vertex -0.913683 13.0599 2.4
      vertex -1.81173 13.2385 2.4
    endloop
  endfacet
  facet normal -0.195056 -0.980792 -0
    outer loop
      vertex -0.913683 13.0599 2.4
      vertex -1.81173 13.2385 0.9
      vertex -0.913683 13.0599 0.9
    endloop
  endfacet
  facet normal 0.997859 0.0654064 0
    outer loop
      vertex 8.05 20 0.9
      vertex 7.98113 21.0507 0
      vertex 7.98113 21.0507 0.9
    endloop
  endfacet
  facet normal 0.997859 0.0654064 0
    outer loop
      vertex 7.98113 21.0507 0
      vertex 8.05 20 0.9
      vertex 8.05 20 0
    endloop
  endfacet
  facet normal -0.997859 0.0654064 0
    outer loop
      vertex -8.05 20 0
      vertex -7.98113 21.0507 0.9
      vertex -7.98113 21.0507 0
    endloop
  endfacet
  facet normal -0.997859 0.0654064 0
    outer loop
      vertex -7.98113 21.0507 0.9
      vertex -8.05 20 0
      vertex -8.05 20 0.9
    endloop
  endfacet
  facet normal -0.0654323 0.997857 0
    outer loop
      vertex 0 28.05 0
      vertex -1.05074 27.9811 0.9
      vertex 0 28.05 0.9
    endloop
  endfacet
  facet normal -0.0654323 0.997857 0
    outer loop
      vertex -1.05074 27.9811 0.9
      vertex 0 28.05 0
      vertex -1.05074 27.9811 0
    endloop
  endfacet
  facet normal 0.659354 0.751833 -0
    outer loop
      vertex 5.69221 25.6922 0
      vertex 4.90053 26.3865 0.9
      vertex 5.69221 25.6922 0.9
    endloop
  endfacet
  facet normal 0.659354 0.751833 0
    outer loop
      vertex 4.90053 26.3865 0.9
      vertex 5.69221 25.6922 0
      vertex 4.90053 26.3865 0
    endloop
  endfacet
  facet normal -0.659354 0.751833 0
    outer loop
      vertex -4.90053 26.3865 0
      vertex -5.69221 25.6922 0.9
      vertex -4.90053 26.3865 0.9
    endloop
  endfacet
  facet normal -0.659354 0.751833 0
    outer loop
      vertex -5.69221 25.6922 0.9
      vertex -4.90053 26.3865 0
      vertex -5.69221 25.6922 0
    endloop
  endfacet
  facet normal -0.442268 0.896883 0
    outer loop
      vertex -3.0806 27.4372 0
      vertex -4.025 26.9715 0.9
      vertex -3.0806 27.4372 0.9
    endloop
  endfacet
  facet normal -0.442268 0.896883 0
    outer loop
      vertex -4.025 26.9715 0.9
      vertex -3.0806 27.4372 0
      vertex -4.025 26.9715 0
    endloop
  endfacet
  facet normal 0.896871 0.442291 0
    outer loop
      vertex 7.43723 23.0806 0.9
      vertex 6.9715 24.025 0
      vertex 6.9715 24.025 0.9
    endloop
  endfacet
  facet normal 0.896871 0.442291 0
    outer loop
      vertex 6.9715 24.025 0
      vertex 7.43723 23.0806 0.9
      vertex 7.43723 23.0806 0
    endloop
  endfacet
  facet normal 0.980786 0.195084 0
    outer loop
      vertex 7.98113 21.0507 0.9
      vertex 7.7757 22.0835 0
      vertex 7.7757 22.0835 0.9
    endloop
  endfacet
  facet normal 0.980786 0.195084 0
    outer loop
      vertex 7.7757 22.0835 0
      vertex 7.98113 21.0507 0.9
      vertex 7.98113 21.0507 0
    endloop
  endfacet
  facet normal 0.321462 0.946922 -0
    outer loop
      vertex 3.0806 27.4372 0
      vertex 2.08349 27.7757 0.9
      vertex 3.0806 27.4372 0.9
    endloop
  endfacet
  facet normal 0.321462 0.946922 0
    outer loop
      vertex 2.08349 27.7757 0.9
      vertex 3.0806 27.4372 0
      vertex 2.08349 27.7757 0
    endloop
  endfacet
  facet normal 0.195066 0.98079 -0
    outer loop
      vertex 2.08349 27.7757 0
      vertex 1.05074 27.9811 0.9
      vertex 2.08349 27.7757 0.9
    endloop
  endfacet
  facet normal 0.195066 0.98079 0
    outer loop
      vertex 1.05074 27.9811 0.9
      vertex 2.08349 27.7757 0
      vertex 1.05074 27.9811 0
    endloop
  endfacet
  facet normal 0.555563 0.831474 -0
    outer loop
      vertex 4.90053 26.3865 0
      vertex 4.025 26.9715 0.9
      vertex 4.90053 26.3865 0.9
    endloop
  endfacet
  facet normal 0.555563 0.831474 0
    outer loop
      vertex 4.025 26.9715 0.9
      vertex 4.90053 26.3865 0
      vertex 4.025 26.9715 0
    endloop
  endfacet
  facet normal -0.896871 0.442291 0
    outer loop
      vertex -7.43723 23.0806 0
      vertex -6.9715 24.025 0.9
      vertex -6.9715 24.025 0
    endloop
  endfacet
  facet normal -0.896871 0.442291 0
    outer loop
      vertex -6.9715 24.025 0.9
      vertex -7.43723 23.0806 0
      vertex -7.43723 23.0806 0.9
    endloop
  endfacet
  facet normal -0.831461 0.555583 0
    outer loop
      vertex -6.9715 24.025 0
      vertex -6.38649 24.9005 0.9
      vertex -6.38649 24.9005 0
    endloop
  endfacet
  facet normal -0.831461 0.555583 0
    outer loop
      vertex -6.38649 24.9005 0.9
      vertex -6.9715 24.025 0
      vertex -6.9715 24.025 0.9
    endloop
  endfacet
  facet normal -0.94693 0.32144 0
    outer loop
      vertex -7.7757 22.0835 0
      vertex -7.43723 23.0806 0.9
      vertex -7.43723 23.0806 0
    endloop
  endfacet
  facet normal -0.94693 0.32144 0
    outer loop
      vertex -7.43723 23.0806 0.9
      vertex -7.7757 22.0835 0
      vertex -7.7757 22.0835 0.9
    endloop
  endfacet
  facet normal -0.555563 0.831474 0
    outer loop
      vertex -4.025 26.9715 0
      vertex -4.90053 26.3865 0.9
      vertex -4.025 26.9715 0.9
    endloop
  endfacet
  facet normal -0.555563 0.831474 0
    outer loop
      vertex -4.90053 26.3865 0.9
      vertex -4.025 26.9715 0
      vertex -4.90053 26.3865 0
    endloop
  endfacet
  facet normal -0.195066 0.98079 0
    outer loop
      vertex -1.05074 27.9811 0
      vertex -2.08349 27.7757 0.9
      vertex -1.05074 27.9811 0.9
    endloop
  endfacet
  facet normal -0.195066 0.98079 0
    outer loop
      vertex -2.08349 27.7757 0.9
      vertex -1.05074 27.9811 0
      vertex -2.08349 27.7757 0
    endloop
  endfacet
  facet normal 0.195066 -0.98079 0
    outer loop
      vertex 1.05074 12.0189 0
      vertex 2.08349 12.2243 0.9
      vertex 1.05074 12.0189 0.9
    endloop
  endfacet
  facet normal 0.195066 -0.98079 0
    outer loop
      vertex 2.08349 12.2243 0.9
      vertex 1.05074 12.0189 0
      vertex 2.08349 12.2243 0
    endloop
  endfacet
  facet normal 0.94693 0.32144 0
    outer loop
      vertex 7.7757 22.0835 0.9
      vertex 7.43723 23.0806 0
      vertex 7.43723 23.0806 0.9
    endloop
  endfacet
  facet normal 0.94693 0.32144 0
    outer loop
      vertex 7.43723 23.0806 0
      vertex 7.7757 22.0835 0.9
      vertex 7.7757 22.0835 0
    endloop
  endfacet
  facet normal 0.75185 0.659334 0
    outer loop
      vertex 6.38649 24.9005 0.9
      vertex 5.69221 25.6922 0
      vertex 5.69221 25.6922 0.9
    endloop
  endfacet
  facet normal 0.75185 0.659334 0
    outer loop
      vertex 5.69221 25.6922 0
      vertex 6.38649 24.9005 0.9
      vertex 6.38649 24.9005 0
    endloop
  endfacet
  facet normal 0.831461 0.555583 0
    outer loop
      vertex 6.9715 24.025 0.9
      vertex 6.38649 24.9005 0
      vertex 6.38649 24.9005 0.9
    endloop
  endfacet
  facet normal 0.831461 0.555583 0
    outer loop
      vertex 6.38649 24.9005 0
      vertex 6.9715 24.025 0.9
      vertex 6.9715 24.025 0
    endloop
  endfacet
  facet normal 0.0654323 0.997857 -0
    outer loop
      vertex 1.05074 27.9811 0
      vertex 0 28.05 0.9
      vertex 1.05074 27.9811 0.9
    endloop
  endfacet
  facet normal 0.0654323 0.997857 0
    outer loop
      vertex 0 28.05 0.9
      vertex 1.05074 27.9811 0
      vertex 0 28.05 0
    endloop
  endfacet
  facet normal 0.442268 0.896883 -0
    outer loop
      vertex 4.025 26.9715 0
      vertex 3.0806 27.4372 0.9
      vertex 4.025 26.9715 0.9
    endloop
  endfacet
  facet normal 0.442268 0.896883 0
    outer loop
      vertex 3.0806 27.4372 0.9
      vertex 4.025 26.9715 0
      vertex 3.0806 27.4372 0
    endloop
  endfacet
  facet normal -0.980786 0.195084 0
    outer loop
      vertex -7.98113 21.0507 0
      vertex -7.7757 22.0835 0.9
      vertex -7.7757 22.0835 0
    endloop
  endfacet
  facet normal -0.980786 0.195084 0
    outer loop
      vertex -7.7757 22.0835 0.9
      vertex -7.98113 21.0507 0
      vertex -7.98113 21.0507 0.9
    endloop
  endfacet
  facet normal 0.997859 -0.0654064 0
    outer loop
      vertex 7.98113 18.9493 0.9
      vertex 8.05 20 0
      vertex 8.05 20 0.9
    endloop
  endfacet
  facet normal 0.997859 -0.0654064 0
    outer loop
      vertex 8.05 20 0
      vertex 7.98113 18.9493 0.9
      vertex 7.98113 18.9493 0
    endloop
  endfacet
  facet normal 0.980786 -0.195084 0
    outer loop
      vertex 7.7757 17.9165 0.9
      vertex 7.98113 18.9493 0
      vertex 7.98113 18.9493 0.9
    endloop
  endfacet
  facet normal 0.980786 -0.195084 0
    outer loop
      vertex 7.98113 18.9493 0
      vertex 7.7757 17.9165 0.9
      vertex 7.7757 17.9165 0
    endloop
  endfacet
  facet normal -0.831461 -0.555583 0
    outer loop
      vertex -6.38649 15.0995 0
      vertex -6.9715 15.975 0.9
      vertex -6.9715 15.975 0
    endloop
  endfacet
  facet normal -0.831461 -0.555583 0
    outer loop
      vertex -6.9715 15.975 0.9
      vertex -6.38649 15.0995 0
      vertex -6.38649 15.0995 0.9
    endloop
  endfacet
  facet normal -0.896871 -0.442291 0
    outer loop
      vertex -6.9715 15.975 0
      vertex -7.43723 16.9194 0.9
      vertex -7.43723 16.9194 0
    endloop
  endfacet
  facet normal -0.896871 -0.442291 0
    outer loop
      vertex -7.43723 16.9194 0.9
      vertex -6.9715 15.975 0
      vertex -6.9715 15.975 0.9
    endloop
  endfacet
  facet normal -0.94693 -0.32144 0
    outer loop
      vertex -7.43723 16.9194 0
      vertex -7.7757 17.9165 0.9
      vertex -7.7757 17.9165 0
    endloop
  endfacet
  facet normal -0.94693 -0.32144 0
    outer loop
      vertex -7.7757 17.9165 0.9
      vertex -7.43723 16.9194 0
      vertex -7.43723 16.9194 0.9
    endloop
  endfacet
  facet normal 0.442268 -0.896883 0
    outer loop
      vertex 3.0806 12.5628 0
      vertex 4.025 13.0285 0.9
      vertex 3.0806 12.5628 0.9
    endloop
  endfacet
  facet normal 0.442268 -0.896883 0
    outer loop
      vertex 4.025 13.0285 0.9
      vertex 3.0806 12.5628 0
      vertex 4.025 13.0285 0
    endloop
  endfacet
  facet normal 0.321462 -0.946922 0
    outer loop
      vertex 2.08349 12.2243 0
      vertex 3.0806 12.5628 0.9
      vertex 2.08349 12.2243 0.9
    endloop
  endfacet
  facet normal 0.321462 -0.946922 0
    outer loop
      vertex 3.0806 12.5628 0.9
      vertex 2.08349 12.2243 0
      vertex 3.0806 12.5628 0
    endloop
  endfacet
  facet normal -0.75185 0.659334 0
    outer loop
      vertex -6.38649 24.9005 0
      vertex -5.69221 25.6922 0.9
      vertex -5.69221 25.6922 0
    endloop
  endfacet
  facet normal -0.75185 0.659334 0
    outer loop
      vertex -5.69221 25.6922 0.9
      vertex -6.38649 24.9005 0
      vertex -6.38649 24.9005 0.9
    endloop
  endfacet
  facet normal 0 0 1
    outer loop
      vertex 7 20 0.9
      vertex 8.05 20 0.9
      vertex 7.98113 21.0507 0.9
    endloop
  endfacet
  facet normal 0 0 1
    outer loop
      vertex 6.94011 20.9137 0.9
      vertex 7.98113 21.0507 0.9
      vertex 7.7757 22.0835 0.9
    endloop
  endfacet
  facet normal 0 0 1
    outer loop
      vertex 8.05 20 0.9
      vertex 7 20 0.9
      vertex 7.98113 18.9493 0.9
    endloop
  endfacet
  facet normal 0 0 1
    outer loop
      vertex 6.76148 21.8117 0.9
      vertex 7.7757 22.0835 0.9
      vertex 7.43723 23.0806 0.9
    endloop
  endfacet
  facet normal -0 0 1
    outer loop
      vertex 6.94011 19.0863 0.9
      vertex 7.98113 18.9493 0.9
      vertex 7 20 0.9
    endloop
  endfacet
  facet normal 0 0 1
    outer loop
      vertex 7.98113 18.9493 0.9
      vertex 6.94011 19.0863 0.9
      vertex 7.7757 17.9165 0.9
    endloop
  endfacet
  facet normal 0 0 1
    outer loop
      vertex 6.46716 22.6788 0.9
      vertex 7.43723 23.0806 0.9
      vertex 6.9715 24.025 0.9
    endloop
  endfacet
  facet normal 0 0 1
    outer loop
      vertex 7.98113 21.0507 0.9
      vertex 6.94011 20.9137 0.9
      vertex 7 20 0.9
    endloop
  endfacet
  facet normal 0 0 1
    outer loop
      vertex 7.7757 22.0835 0.9
      vertex 6.76148 21.8117 0.9
      vertex 6.94011 20.9137 0.9
    endloop
  endfacet
  facet normal 0 0 1
    outer loop
      vertex 7.43723 23.0806 0.9
      vertex 6.46716 22.6788 0.9
      vertex 6.76148 21.8117 0.9
    endloop
  endfacet
  facet normal 0 0 1
    outer loop
      vertex 6.06218 23.5 0.9
      vertex 6.9715 24.025 0.9
      vertex 6.38649 24.9005 0.9
    endloop
  endfacet
  facet normal 0 0 1
    outer loop
      vertex 6.9715 24.025 0.9
      vertex 6.06218 23.5 0.9
      vertex 6.46716 22.6788 0.9
    endloop
  endfacet
  facet normal 0 0 1
    outer loop
      vertex 5.55347 24.2613 0.9
      vertex 6.38649 24.9005 0.9
      vertex 5.69221 25.6922 0.9
    endloop
  endfacet
  facet normal 0 0 1
    outer loop
      vertex 6.38649 24.9005 0.9
      vertex 5.55347 24.2613 0.9
      vertex 6.06218 23.5 0.9
    endloop
  endfacet
  facet normal 0 0 1
    outer loop
      vertex 5.69221 25.6922 0.9
      vertex 4.94975 24.9497 0.9
      vertex 5.55347 24.2613 0.9
    endloop
  endfacet
  facet normal 0 0 1
    outer loop
      vertex 4.90053 26.3865 0.9
      vertex 4.94975 24.9497 0.9
      vertex 5.69221 25.6922 0.9
    endloop
  endfacet
  facet normal 0 0 1
    outer loop
      vertex 4.90053 26.3865 0.9
      vertex 4.26133 25.5535 0.9
      vertex 4.94975 24.9497 0.9
    endloop
  endfacet
  facet normal 0 0 1
    outer loop
      vertex 4.025 26.9715 0.9
      vertex 4.26133 25.5535 0.9
      vertex 4.90053 26.3865 0.9
    endloop
  endfacet
  facet normal 0 0 1
    outer loop
      vertex 4.025 26.9715 0.9
      vertex 3.5 26.0622 0.9
      vertex 4.26133 25.5535 0.9
    endloop
  endfacet
  facet normal 0 0 1
    outer loop
      vertex 3.0806 27.4372 0.9
      vertex 3.5 26.0622 0.9
      vertex 4.025 26.9715 0.9
    endloop
  endfacet
  facet normal 0 0 1
    outer loop
      vertex 3.0806 27.4372 0.9
      vertex 2.67878 26.4672 0.9
      vertex 3.5 26.0622 0.9
    endloop
  endfacet
  facet normal 0 0 1
    outer loop
      vertex 2.08349 27.7757 0.9
      vertex 2.67878 26.4672 0.9
      vertex 3.0806 27.4372 0.9
    endloop
  endfacet
  facet normal 0 0 1
    outer loop
      vertex 2.08349 27.7757 0.9
      vertex 1.81173 26.7615 0.9
      vertex 2.67878 26.4672 0.9
    endloop
  endfacet
  facet normal 0 0 1
    outer loop
      vertex 1.05074 27.9811 0.9
      vertex 1.81173 26.7615 0.9
      vertex 2.08349 27.7757 0.9
    endloop
  endfacet
  facet normal 0 0 1
    outer loop
      vertex 1.05074 27.9811 0.9
      vertex 0.913683 26.9401 0.9
      vertex 1.81173 26.7615 0.9
    endloop
  endfacet
  facet normal 0 0 1
    outer loop
      vertex 0 28.05 0.9
      vertex 0.913683 26.9401 0.9
      vertex 1.05074 27.9811 0.9
    endloop
  endfacet
  facet normal 0 0 1
    outer loop
      vertex 0 28.05 0.9
      vertex 0 27 0.9
      vertex 0.913683 26.9401 0.9
    endloop
  endfacet
  facet normal 0 0 1
    outer loop
      vertex 0 28.05 0.9
      vertex -0.913683 26.9401 0.9
      vertex 0 27 0.9
    endloop
  endfacet
  facet normal -0 0 1
    outer loop
      vertex -1.05074 27.9811 0.9
      vertex -0.913683 26.9401 0.9
      vertex 0 28.05 0.9
    endloop
  endfacet
  facet normal 0 0 1
    outer loop
      vertex -1.05074 27.9811 0.9
      vertex -1.81173 26.7615 0.9
      vertex -0.913683 26.9401 0.9
    endloop
  endfacet
  facet normal -0 0 1
    outer loop
      vertex -2.08349 27.7757 0.9
      vertex -1.81173 26.7615 0.9
      vertex -1.05074 27.9811 0.9
    endloop
  endfacet
  facet normal 0 0 1
    outer loop
      vertex -2.08349 27.7757 0.9
      vertex -2.67878 26.4672 0.9
      vertex -1.81173 26.7615 0.9
    endloop
  endfacet
  facet normal -0 0 1
    outer loop
      vertex -3.0806 27.4372 0.9
      vertex -2.67878 26.4672 0.9
      vertex -2.08349 27.7757 0.9
    endloop
  endfacet
  facet normal 0 0 1
    outer loop
      vertex -3.0806 27.4372 0.9
      vertex -3.5 26.0622 0.9
      vertex -2.67878 26.4672 0.9
    endloop
  endfacet
  facet normal -0 0 1
    outer loop
      vertex -4.025 26.9715 0.9
      vertex -3.5 26.0622 0.9
      vertex -3.0806 27.4372 0.9
    endloop
  endfacet
  facet normal 0 0 1
    outer loop
      vertex -4.025 26.9715 0.9
      vertex -4.26133 25.5535 0.9
      vertex -3.5 26.0622 0.9
    endloop
  endfacet
  facet normal -0 0 1
    outer loop
      vertex -4.90053 26.3865 0.9
      vertex -4.26133 25.5535 0.9
      vertex -4.025 26.9715 0.9
    endloop
  endfacet
  facet normal 0 0 1
    outer loop
      vertex -4.90053 26.3865 0.9
      vertex -4.94975 24.9497 0.9
      vertex -4.26133 25.5535 0.9
    endloop
  endfacet
  facet normal -0 0 1
    outer loop
      vertex -5.69221 25.6922 0.9
      vertex -4.94975 24.9497 0.9
      vertex -4.90053 26.3865 0.9
    endloop
  endfacet
  facet normal 0 0 1
    outer loop
      vertex -4.94975 24.9497 0.9
      vertex -5.69221 25.6922 0.9
      vertex -5.55347 24.2613 0.9
    endloop
  endfacet
  facet normal -0 0 1
    outer loop
      vertex -6.38649 24.9005 0.9
      vertex -5.55347 24.2613 0.9
      vertex -5.69221 25.6922 0.9
    endloop
  endfacet
  facet normal 0 0 1
    outer loop
      vertex -5.55347 24.2613 0.9
      vertex -6.38649 24.9005 0.9
      vertex -6.06218 23.5 0.9
    endloop
  endfacet
  facet normal -0 0 1
    outer loop
      vertex -6.9715 24.025 0.9
      vertex -6.06218 23.5 0.9
      vertex -6.38649 24.9005 0.9
    endloop
  endfacet
  facet normal 0 0 1
    outer loop
      vertex -6.06218 23.5 0.9
      vertex -6.9715 24.025 0.9
      vertex -6.46716 22.6788 0.9
    endloop
  endfacet
  facet normal -0 0 1
    outer loop
      vertex -7.43723 23.0806 0.9
      vertex -6.46716 22.6788 0.9
      vertex -6.9715 24.025 0.9
    endloop
  endfacet
  facet normal 0 0 1
    outer loop
      vertex -6.46716 22.6788 0.9
      vertex -7.43723 23.0806 0.9
      vertex -6.76148 21.8117 0.9
    endloop
  endfacet
  facet normal -0 0 1
    outer loop
      vertex -7.7757 22.0835 0.9
      vertex -6.76148 21.8117 0.9
      vertex -7.43723 23.0806 0.9
    endloop
  endfacet
  facet normal 0 0 1
    outer loop
      vertex -6.76148 21.8117 0.9
      vertex -7.7757 22.0835 0.9
      vertex -6.94011 20.9137 0.9
    endloop
  endfacet
  facet normal -0 0 1
    outer loop
      vertex 6.76148 18.1883 0.9
      vertex 7.7757 17.9165 0.9
      vertex 6.94011 19.0863 0.9
    endloop
  endfacet
  facet normal 0 0 1
    outer loop
      vertex 7.7757 17.9165 0.9
      vertex 6.76148 18.1883 0.9
      vertex 7.43723 16.9194 0.9
    endloop
  endfacet
  facet normal -0 0 1
    outer loop
      vertex 6.46716 17.3212 0.9
      vertex 7.43723 16.9194 0.9
      vertex 6.76148 18.1883 0.9
    endloop
  endfacet
  facet normal 0 0 1
    outer loop
      vertex 7.43723 16.9194 0.9
      vertex 6.46716 17.3212 0.9
      vertex 6.9715 15.975 0.9
    endloop
  endfacet
  facet normal -0 0 1
    outer loop
      vertex 6.06218 16.5 0.9
      vertex 6.9715 15.975 0.9
      vertex 6.46716 17.3212 0.9
    endloop
  endfacet
  facet normal 0 0 1
    outer loop
      vertex 6.9715 15.975 0.9
      vertex 6.06218 16.5 0.9
      vertex 6.38649 15.0995 0.9
    endloop
  endfacet
  facet normal -0 0 1
    outer loop
      vertex 5.55347 15.7387 0.9
      vertex 6.38649 15.0995 0.9
      vertex 6.06218 16.5 0.9
    endloop
  endfacet
  facet normal 0 0 1
    outer loop
      vertex 6.38649 15.0995 0.9
      vertex 5.55347 15.7387 0.9
      vertex 5.69221 14.3078 0.9
    endloop
  endfacet
  facet normal -0 0 1
    outer loop
      vertex 4.94975 15.0503 0.9
      vertex 5.69221 14.3078 0.9
      vertex 5.55347 15.7387 0.9
    endloop
  endfacet
  facet normal 0 0 1
    outer loop
      vertex 4.94975 15.0503 0.9
      vertex 4.90053 13.6135 0.9
      vertex 5.69221 14.3078 0.9
    endloop
  endfacet
  facet normal -0 0 1
    outer loop
      vertex 4.26133 14.4465 0.9
      vertex 4.90053 13.6135 0.9
      vertex 4.94975 15.0503 0.9
    endloop
  endfacet
  facet normal 0 0 1
    outer loop
      vertex 4.26133 14.4465 0.9
      vertex 4.025 13.0285 0.9
      vertex 4.90053 13.6135 0.9
    endloop
  endfacet
  facet normal -0 0 1
    outer loop
      vertex 3.5 13.9378 0.9
      vertex 4.025 13.0285 0.9
      vertex 4.26133 14.4465 0.9
    endloop
  endfacet
  facet normal 0 0 1
    outer loop
      vertex 3.5 13.9378 0.9
      vertex 3.0806 12.5628 0.9
      vertex 4.025 13.0285 0.9
    endloop
  endfacet
  facet normal -0 0 1
    outer loop
      vertex 2.67878 13.5328 0.9
      vertex 3.0806 12.5628 0.9
      vertex 3.5 13.9378 0.9
    endloop
  endfacet
  facet normal 0 0 1
    outer loop
      vertex 2.67878 13.5328 0.9
      vertex 2.08349 12.2243 0.9
      vertex 3.0806 12.5628 0.9
    endloop
  endfacet
  facet normal -0 0 1
    outer loop
      vertex 1.81173 13.2385 0.9
      vertex 2.08349 12.2243 0.9
      vertex 2.67878 13.5328 0.9
    endloop
  endfacet
  facet normal 0 0 1
    outer loop
      vertex 1.81173 13.2385 0.9
      vertex 1.05074 12.0189 0.9
      vertex 2.08349 12.2243 0.9
    endloop
  endfacet
  facet normal -0 0 1
    outer loop
      vertex 0.913683 13.0599 0.9
      vertex 1.05074 12.0189 0.9
      vertex 1.81173 13.2385 0.9
    endloop
  endfacet
  facet normal -0 0 1
    outer loop
      vertex 0 13 0.9
      vertex 1.05074 12.0189 0.9
      vertex 0.913683 13.0599 0.9
    endloop
  endfacet
  facet normal 0 0 1
    outer loop
      vertex 0 13 0.9
      vertex 0 11.95 0.9
      vertex 1.05074 12.0189 0.9
    endloop
  endfacet
  facet normal 0 0 1
    outer loop
      vertex -0.913683 13.0599 0.9
      vertex 0 11.95 0.9
      vertex 0 13 0.9
    endloop
  endfacet
  facet normal 0 0 1
    outer loop
      vertex -0.913683 13.0599 0.9
      vertex -1.05074 12.0189 0.9
      vertex 0 11.95 0.9
    endloop
  endfacet
  facet normal 0 0 1
    outer loop
      vertex -1.81173 13.2385 0.9
      vertex -1.05074 12.0189 0.9
      vertex -0.913683 13.0599 0.9
    endloop
  endfacet
  facet normal 0 0 1
    outer loop
      vertex -1.81173 13.2385 0.9
      vertex -2.08349 12.2243 0.9
      vertex -1.05074 12.0189 0.9
    endloop
  endfacet
  facet normal 0 0 1
    outer loop
      vertex -2.67878 13.5328 0.9
      vertex -2.08349 12.2243 0.9
      vertex -1.81173 13.2385 0.9
    endloop
  endfacet
  facet normal 0 0 1
    outer loop
      vertex -2.67878 13.5328 0.9
      vertex -3.0806 12.5628 0.9
      vertex -2.08349 12.2243 0.9
    endloop
  endfacet
  facet normal 0 0 1
    outer loop
      vertex -3.5 13.9378 0.9
      vertex -3.0806 12.5628 0.9
      vertex -2.67878 13.5328 0.9
    endloop
  endfacet
  facet normal 0 0 1
    outer loop
      vertex -3.5 13.9378 0.9
      vertex -4.025 13.0285 0.9
      vertex -3.0806 12.5628 0.9
    endloop
  endfacet
  facet normal 0 0 1
    outer loop
      vertex -4.26133 14.4465 0.9
      vertex -4.025 13.0285 0.9
      vertex -3.5 13.9378 0.9
    endloop
  endfacet
  facet normal 0 0 1
    outer loop
      vertex -4.26133 14.4465 0.9
      vertex -4.90053 13.6135 0.9
      vertex -4.025 13.0285 0.9
    endloop
  endfacet
  facet normal 0 0 1
    outer loop
      vertex -4.94975 15.0503 0.9
      vertex -4.90053 13.6135 0.9
      vertex -4.26133 14.4465 0.9
    endloop
  endfacet
  facet normal 0 0 1
    outer loop
      vertex -5.69221 14.3078 0.9
      vertex -4.94975 15.0503 0.9
      vertex -5.55347 15.7387 0.9
    endloop
  endfacet
  facet normal 0 0 1
    outer loop
      vertex -4.94975 15.0503 0.9
      vertex -5.69221 14.3078 0.9
      vertex -4.90053 13.6135 0.9
    endloop
  endfacet
  facet normal 0 0 1
    outer loop
      vertex -6.38649 15.0995 0.9
      vertex -5.55347 15.7387 0.9
      vertex -6.06218 16.5 0.9
    endloop
  endfacet
  facet normal 0 0 1
    outer loop
      vertex -5.55347 15.7387 0.9
      vertex -6.38649 15.0995 0.9
      vertex -5.69221 14.3078 0.9
    endloop
  endfacet
  facet normal 0 0 1
    outer loop
      vertex -6.9715 15.975 0.9
      vertex -6.06218 16.5 0.9
      vertex -6.46716 17.3212 0.9
    endloop
  endfacet
  facet normal 0 0 1
    outer loop
      vertex -7.43723 16.9194 0.9
      vertex -6.46716 17.3212 0.9
      vertex -6.76148 18.1883 0.9
    endloop
  endfacet
  facet normal 0 0 1
    outer loop
      vertex -7.7757 17.9165 0.9
      vertex -6.76148 18.1883 0.9
      vertex -6.94011 19.0863 0.9
    endloop
  endfacet
  facet normal 0 0 1
    outer loop
      vertex -6.06218 16.5 0.9
      vertex -6.9715 15.975 0.9
      vertex -6.38649 15.0995 0.9
    endloop
  endfacet
  facet normal 0 0 1
    outer loop
      vertex -7.98113 18.9493 0.9
      vertex -6.94011 19.0863 0.9
      vertex -7 20 0.9
    endloop
  endfacet
  facet normal -0 0 1
    outer loop
      vertex -7.98113 21.0507 0.9
      vertex -6.94011 20.9137 0.9
      vertex -7.7757 22.0835 0.9
    endloop
  endfacet
  facet normal 0 0 1
    outer loop
      vertex -6.46716 17.3212 0.9
      vertex -7.43723 16.9194 0.9
      vertex -6.9715 15.975 0.9
    endloop
  endfacet
  facet normal 0 0 1
    outer loop
      vertex -6.94011 20.9137 0.9
      vertex -7.98113 21.0507 0.9
      vertex -7 20 0.9
    endloop
  endfacet
  facet normal 0 0 1
    outer loop
      vertex -6.76148 18.1883 0.9
      vertex -7.7757 17.9165 0.9
      vertex -7.43723 16.9194 0.9
    endloop
  endfacet
  facet normal 0 0 1
    outer loop
      vertex -8.05 20 0.9
      vertex -7 20 0.9
      vertex -7.98113 21.0507 0.9
    endloop
  endfacet
  facet normal 0 0 1
    outer loop
      vertex -6.94011 19.0863 0.9
      vertex -7.98113 18.9493 0.9
      vertex -7.7757 17.9165 0.9
    endloop
  endfacet
  facet normal 0 0 1
    outer loop
      vertex -7 20 0.9
      vertex -8.05 20 0.9
      vertex -7.98113 18.9493 0.9
    endloop
  endfacet
  facet normal -0.321462 0.946922 0
    outer loop
      vertex -2.08349 27.7757 0
      vertex -3.0806 27.4372 0.9
      vertex -2.08349 27.7757 0.9
    endloop
  endfacet
  facet normal -0.321462 0.946922 0
    outer loop
      vertex -3.0806 27.4372 0.9
      vertex -2.08349 27.7757 0
      vertex -3.0806 27.4372 0
    endloop
  endfacet
  facet normal 0.831461 -0.555583 0
    outer loop
      vertex 6.38649 15.0995 0.9
      vertex 6.9715 15.975 0
      vertex 6.9715 15.975 0.9
    endloop
  endfacet
  facet normal 0.831461 -0.555583 0
    outer loop
      vertex 6.9715 15.975 0
      vertex 6.38649 15.0995 0.9
      vertex 6.38649 15.0995 0
    endloop
  endfacet
  facet normal 0.555563 -0.831474 0
    outer loop
      vertex 4.025 13.0285 0
      vertex 4.90053 13.6135 0.9
      vertex 4.025 13.0285 0.9
    endloop
  endfacet
  facet normal 0.555563 -0.831474 0
    outer loop
      vertex 4.90053 13.6135 0.9
      vertex 4.025 13.0285 0
      vertex 4.90053 13.6135 0
    endloop
  endfacet
  facet normal 0.75185 -0.659334 0
    outer loop
      vertex 5.69221 14.3078 0.9
      vertex 6.38649 15.0995 0
      vertex 6.38649 15.0995 0.9
    endloop
  endfacet
  facet normal 0.75185 -0.659334 0
    outer loop
      vertex 6.38649 15.0995 0
      vertex 5.69221 14.3078 0.9
      vertex 5.69221 14.3078 0
    endloop
  endfacet
  facet normal 0.896871 -0.442291 0
    outer loop
      vertex 6.9715 15.975 0.9
      vertex 7.43723 16.9194 0
      vertex 7.43723 16.9194 0.9
    endloop
  endfacet
  facet normal 0.896871 -0.442291 0
    outer loop
      vertex 7.43723 16.9194 0
      vertex 6.9715 15.975 0.9
      vertex 6.9715 15.975 0
    endloop
  endfacet
  facet normal -0.997859 -0.0654064 0
    outer loop
      vertex -7.98113 18.9493 0
      vertex -8.05 20 0.9
      vertex -8.05 20 0
    endloop
  endfacet
  facet normal -0.997859 -0.0654064 0
    outer loop
      vertex -8.05 20 0.9
      vertex -7.98113 18.9493 0
      vertex -7.98113 18.9493 0.9
    endloop
  endfacet
  facet normal 0.659354 -0.751833 0
    outer loop
      vertex 4.90053 13.6135 0
      vertex 5.69221 14.3078 0.9
      vertex 4.90053 13.6135 0.9
    endloop
  endfacet
  facet normal 0.659354 -0.751833 0
    outer loop
      vertex 5.69221 14.3078 0.9
      vertex 4.90053 13.6135 0
      vertex 5.69221 14.3078 0
    endloop
  endfacet
  facet normal 0.94693 -0.32144 0
    outer loop
      vertex 7.43723 16.9194 0.9
      vertex 7.7757 17.9165 0
      vertex 7.7757 17.9165 0.9
    endloop
  endfacet
  facet normal 0.94693 -0.32144 0
    outer loop
      vertex 7.7757 17.9165 0
      vertex 7.43723 16.9194 0.9
      vertex 7.43723 16.9194 0
    endloop
  endfacet
  facet normal 0.0654323 -0.997857 0
    outer loop
      vertex 0 11.95 0
      vertex 1.05074 12.0189 0.9
      vertex 0 11.95 0.9
    endloop
  endfacet
  facet normal 0.0654323 -0.997857 0
    outer loop
      vertex 1.05074 12.0189 0.9
      vertex 0 11.95 0
      vertex 1.05074 12.0189 0
    endloop
  endfacet
  facet normal -0.321462 -0.946922 0
    outer loop
      vertex -3.0806 12.5628 0
      vertex -2.08349 12.2243 0.9
      vertex -3.0806 12.5628 0.9
    endloop
  endfacet
  facet normal -0.321462 -0.946922 -0
    outer loop
      vertex -2.08349 12.2243 0.9
      vertex -3.0806 12.5628 0
      vertex -2.08349 12.2243 0
    endloop
  endfacet
  facet normal -0.555563 -0.831474 0
    outer loop
      vertex -4.90053 13.6135 0
      vertex -4.025 13.0285 0.9
      vertex -4.90053 13.6135 0.9
    endloop
  endfacet
  facet normal -0.555563 -0.831474 -0
    outer loop
      vertex -4.025 13.0285 0.9
      vertex -4.90053 13.6135 0
      vertex -4.025 13.0285 0
    endloop
  endfacet
  facet normal -0.442268 -0.896883 0
    outer loop
      vertex -4.025 13.0285 0
      vertex -3.0806 12.5628 0.9
      vertex -4.025 13.0285 0.9
    endloop
  endfacet
  facet normal -0.442268 -0.896883 -0
    outer loop
      vertex -3.0806 12.5628 0.9
      vertex -4.025 13.0285 0
      vertex -3.0806 12.5628 0
    endloop
  endfacet
  facet normal -0.659354 -0.751833 0
    outer loop
      vertex -5.69221 14.3078 0
      vertex -4.90053 13.6135 0.9
      vertex -5.69221 14.3078 0.9
    endloop
  endfacet
  facet normal -0.659354 -0.751833 -0
    outer loop
      vertex -4.90053 13.6135 0.9
      vertex -5.69221 14.3078 0
      vertex -4.90053 13.6135 0
    endloop
  endfacet
  facet normal -0.75185 -0.659334 0
    outer loop
      vertex -5.69221 14.3078 0
      vertex -6.38649 15.0995 0.9
      vertex -6.38649 15.0995 0
    endloop
  endfacet
  facet normal -0.75185 -0.659334 0
    outer loop
      vertex -6.38649 15.0995 0.9
      vertex -5.69221 14.3078 0
      vertex -5.69221 14.3078 0.9
    endloop
  endfacet
  facet normal -0.980786 -0.195084 0
    outer loop
      vertex -7.7757 17.9165 0
      vertex -7.98113 18.9493 0.9
      vertex -7.98113 18.9493 0
    endloop
  endfacet
  facet normal -0.980786 -0.195084 0
    outer loop
      vertex -7.98113 18.9493 0.9
      vertex -7.7757 17.9165 0
      vertex -7.7757 17.9165 0.9
    endloop
  endfacet
  facet normal -0.195066 -0.98079 0
    outer loop
      vertex -2.08349 12.2243 0
      vertex -1.05074 12.0189 0.9
      vertex -2.08349 12.2243 0.9
    endloop
  endfacet
  facet normal -0.195066 -0.98079 -0
    outer loop
      vertex -1.05074 12.0189 0.9
      vertex -2.08349 12.2243 0
      vertex -1.05074 12.0189 0
    endloop
  endfacet
  facet normal -0.0654323 -0.997857 0
    outer loop
      vertex -1.05074 12.0189 0
      vertex 0 11.95 0.9
      vertex -1.05074 12.0189 0.9
    endloop
  endfacet
  facet normal -0.0654323 -0.997857 -0
    outer loop
      vertex 0 11.95 0.9
      vertex -1.05074 12.0189 0
      vertex 0 11.95 0
    endloop
  endfacet
  facet normal 0.025485 0.128304 0.991407
    outer loop
      vertex -0.167713 19.197 1.95
      vertex -0.0768309 19.4164 1.91927
      vertex -0.152348 19.4314 1.91927
    endloop
  endfacet
  facet normal 0.0254845 0.128304 0.991407
    outer loop
      vertex -0.0768309 19.4164 1.91927
      vertex -0.167713 19.197 1.95
      vertex -0.107298 19.185 1.95
    endloop
  endfacet
  facet normal -0.144088 0.21564 0.965784
    outer loop
      vertex 1.76112 17.7049 2.37763
      vertex 1.06887 18.607 2.07293
      vertex 0.877906 18.4794 2.07293
    endloop
  endfacet
  facet normal -0.28801 0.252973 0.92361
    outer loop
      vertex 2.32094 18.1866 2.4
      vertex 2.33798 18.206 2.4
      vertex 2.29514 18.2389 2.37763
    endloop
  endfacet
  facet normal 0.213079 0.318798 0.923561
    outer loop
      vertex -1.7725 17.6477 2.4
      vertex -1.44648 17.4946 2.37763
      vertex -1.76112 17.7049 2.37763
    endloop
  endfacet
  facet normal 0.213201 0.319076 0.923437
    outer loop
      vertex -1.44648 17.4946 2.37763
      vertex -1.7725 17.6477 2.4
      vertex -1.47348 17.4479 2.4
    endloop
  endfacet
  facet normal -0.232594 -0.1147 0.965787
    outer loop
      vertex 2.67274 21.1071 2.37763
      vertex 2.50537 21.4465 2.37763
      vertex 1.52058 20.8779 2.07293
    endloop
  endfacet
  facet normal 0.343982 0.169629 0.923527
    outer loop
      vertex -2.7112 18.8491 2.4
      vertex -2.50537 18.5535 2.37763
      vertex -2.67274 18.8929 2.37763
    endloop
  endfacet
  facet normal 0.343826 0.169515 0.923606
    outer loop
      vertex -2.50537 18.5535 2.37763
      vertex -2.7112 18.8491 2.4
      vertex -2.55215 18.5265 2.4
    endloop
  endfacet
  facet normal -0.252731 -0.288206 0.923615
    outer loop
      vertex 1.81344 22.3209 2.4
      vertex 2.04563 22.0456 2.37763
      vertex 2.08382 22.0838 2.4
    endloop
  endfacet
  facet normal -0.252763 -0.288231 0.923598
    outer loop
      vertex 2.04563 22.0456 2.37763
      vertex 1.81344 22.3209 2.4
      vertex 1.76112 22.2951 2.37763
    endloop
  endfacet
  facet normal 0.16943 -0.343711 0.923665
    outer loop
      vertex -1.15094 22.7112 2.4
      vertex -1.44648 22.5054 2.37763
      vertex -1.10709 22.6727 2.37763
    endloop
  endfacet
  facet normal 0.169774 -0.344179 0.923427
    outer loop
      vertex -1.44648 22.5054 2.37763
      vertex -1.15094 22.7112 2.4
      vertex -1.47348 22.5521 2.4
    endloop
  endfacet
  facet normal -0.144088 -0.21564 0.965784
    outer loop
      vertex 1.06887 21.393 2.07293
      vertex 1.76112 22.2951 2.37763
      vertex 0.877906 21.5206 2.07293
    endloop
  endfacet
  facet normal 0.362985 0.123119 0.923625
    outer loop
      vertex -2.72264 18.8722 2.4
      vertex -2.67274 18.8929 2.37763
      vertex -2.73095 18.8967 2.4
    endloop
  endfacet
  facet normal 0.0862624 0.0983221 0.991409
    outer loop
      vertex -1.06887 18.607 2.07293
      vertex -0.416223 19.5838 1.91927
      vertex -1.24155 18.7585 2.07293
    endloop
  endfacet
  facet normal 0.232594 -0.1147 0.965787
    outer loop
      vertex -1.52058 20.8779 2.07293
      vertex -2.50537 21.4465 2.37763
      vertex -2.67274 21.1071 2.37763
    endloop
  endfacet
  facet normal 0.0833998 0.245565 0.965786
    outer loop
      vertex -0.748752 17.2056 2.37763
      vertex -0.454437 18.304 2.07293
      vertex -1.10709 17.3273 2.37763
    endloop
  endfacet
  facet normal 0.288208 -0.252737 0.923613
    outer loop
      vertex -2.32094 21.8134 2.4
      vertex -2.04563 22.0456 2.37763
      vertex -2.08382 22.0838 2.4
    endloop
  endfacet
  facet normal 0.288278 -0.252823 0.923567
    outer loop
      vertex -2.04563 22.0456 2.37763
      vertex -2.32094 21.8134 2.4
      vertex -2.29514 21.7611 2.37763
    endloop
  endfacet
  facet normal -0.0862745 0.0983139 0.991409
    outer loop
      vertex 1.06887 18.607 2.07293
      vertex 0.416223 19.5838 1.91927
      vertex 0.358334 19.533 1.91927
    endloop
  endfacet
  facet normal -0.376053 -0.0748017 0.923574
    outer loop
      vertex 2.84655 20.7627 2.4
      vertex 2.85381 20.45 2.37763
      vertex 2.90875 20.45 2.4
    endloop
  endfacet
  facet normal -0.376084 -0.0748015 0.923561
    outer loop
      vertex 2.85381 20.45 2.37763
      vertex 2.84655 20.7627 2.4
      vertex 2.79438 20.7488 2.37763
    endloop
  endfacet
  facet normal 0.34349 -0.170109 0.923622
    outer loop
      vertex -2.67274 21.1071 2.37763
      vertex -2.7112 21.1509 2.4
      vertex -2.72264 21.1278 2.4
    endloop
  endfacet
  facet normal -0.0420555 -0.123892 0.991404
    outer loop
      vertex 0.152348 20.5686 1.91927
      vertex 0.27109 20.7742 1.95
      vertex 0.212761 20.794 1.95
    endloop
  endfacet
  facet normal -0.0421272 -0.12385 0.991406
    outer loop
      vertex 0.27109 20.7742 1.95
      vertex 0.152348 20.5686 1.91927
      vertex 0.225258 20.5438 1.91927
    endloop
  endfacet
  facet normal -0.0342262 -0.125247 0.991535
    outer loop
      vertex 0.454437 21.696 2.07293
      vertex 0.45 21.6794 2.07068
      vertex 0.45 21.6737 2.06996
    endloop
  endfacet
  facet normal -0.108767 -0.0726573 0.991408
    outer loop
      vertex 0.711914 20.411 1.95
      vertex 0.686396 20.4492 1.95
      vertex 0.509767 20.2943 1.91927
    endloop
  endfacet
  facet normal -0.108763 -0.0726606 0.991409
    outer loop
      vertex 1.39298 21.0689 2.07293
      vertex 0.779423 20.45 1.96026
      vertex 1.52058 20.8779 2.07293
    endloop
  endfacet
  facet normal -0.108686 -0.0727374 0.991411
    outer loop
      vertex 0.779423 20.45 1.96026
      vertex 1.39298 21.0689 2.07293
      vertex 0.687293 20.45 1.95016
    endloop
  endfacet
  facet normal -0.212188 -0.319024 0.923688
    outer loop
      vertex 1.794 22.338 2.4
      vertex 1.7725 22.3523 2.4
      vertex 1.76112 22.2951 2.37763
    endloop
  endfacet
  facet normal -0.343826 -0.169515 0.923606
    outer loop
      vertex 2.50537 21.4465 2.37763
      vertex 2.7112 21.1509 2.4
      vertex 2.55215 21.4735 2.4
    endloop
  endfacet
  facet normal -0.343982 -0.169629 0.923527
    outer loop
      vertex 2.7112 21.1509 2.4
      vertex 2.50537 21.4465 2.37763
      vertex 2.67274 21.1071 2.37763
    endloop
  endfacet
  facet normal 0.083342 -0.245603 0.965781
    outer loop
      vertex -0.67192 21.6222 2.07293
      vertex -0.454437 21.696 2.07293
      vertex -1.10709 22.6727 2.37763
    endloop
  endfacet
  facet normal -0.24558 0.0833503 0.965786
    outer loop
      vertex 2.67274 18.8929 2.37763
      vertex 1.69598 19.5456 2.07293
      vertex 1.62216 19.3281 2.07293
    endloop
  endfacet
  facet normal 0.194977 0.170997 0.965787
    outer loop
      vertex -2.04563 17.9544 2.37763
      vertex -1.24155 18.7585 2.07293
      vertex -2.29514 18.2389 2.37763
    endloop
  endfacet
  facet normal 0.288278 0.252823 0.923567
    outer loop
      vertex -2.32094 18.1866 2.4
      vertex -2.04563 17.9544 2.37763
      vertex -2.29514 18.2389 2.37763
    endloop
  endfacet
  facet normal 0.288208 0.252737 0.923613
    outer loop
      vertex -2.04563 17.9544 2.37763
      vertex -2.32094 18.1866 2.4
      vertex -2.08382 17.9162 2.4
    endloop
  endfacet
  facet normal 0.17099 0.194983 0.965787
    outer loop
      vertex -1.76112 17.7049 2.37763
      vertex -1.24155 18.7585 2.07293
      vertex -2.04563 17.9544 2.37763
    endloop
  endfacet
  facet normal 0.16943 0.343711 0.923665
    outer loop
      vertex -1.44648 17.4946 2.37763
      vertex -1.15094 17.2888 2.4
      vertex -1.10709 17.3273 2.37763
    endloop
  endfacet
  facet normal 0.169774 0.344179 0.923427
    outer loop
      vertex -1.15094 17.2888 2.4
      vertex -1.44648 17.4946 2.37763
      vertex -1.47348 17.4479 2.4
    endloop
  endfacet
  facet normal 0.232594 0.1147 0.965787
    outer loop
      vertex -2.50537 18.5535 2.37763
      vertex -1.52058 19.1221 2.07293
      vertex -2.67274 18.8929 2.37763
    endloop
  endfacet
  facet normal -0.128285 0.0254892 0.99141
    outer loop
      vertex 0.794037 19.7872 1.95
      vertex 0.802998 19.8323 1.95
      vertex 0.568571 19.8477 1.91927
    endloop
  endfacet
  facet normal -0.127838 0.0258582 0.991458
    outer loop
      vertex 1.69598 19.5456 2.07293
      vertex 1.69687 19.55 2.07293
      vertex 1.67942 19.55 2.07068
    endloop
  endfacet
  facet normal 0.00854401 -0.130531 0.991407
    outer loop
      vertex 0 20.5886 1.91927
      vertex 0 20.822 1.95
      vertex -0.0458325 20.819 1.95
    endloop
  endfacet
  facet normal 0.114666 -0.232615 0.965786
    outer loop
      vertex -0.877906 21.5206 2.07293
      vertex -1.10709 22.6727 2.37763
      vertex -1.44648 22.5054 2.37763
    endloop
  endfacet
  facet normal 0.123261 -0.363422 0.923434
    outer loop
      vertex -1.10327 22.731 2.4
      vertex -0.748752 22.7944 2.37763
      vertex -0.76273 22.8465 2.4
    endloop
  endfacet
  facet normal 0.123125 -0.362535 0.923801
    outer loop
      vertex -0.748752 22.7944 2.37763
      vertex -1.10327 22.731 2.4
      vertex -1.10709 22.6727 2.37763
    endloop
  endfacet
  facet normal 0.34349 0.170109 0.923622
    outer loop
      vertex -2.7112 18.8491 2.4
      vertex -2.67274 18.8929 2.37763
      vertex -2.72264 18.8722 2.4
    endloop
  endfacet
  facet normal 0.0983218 0.0862623 0.991409
    outer loop
      vertex -1.24155 18.7585 2.07293
      vertex -0.416223 19.5838 1.91927
      vertex -1.39298 18.9311 2.07293
    endloop
  endfacet
  facet normal 0.0516103 0.254439 0.965711
    outer loop
      vertex -0.45 18.2363 2.09053
      vertex -0.45 18.3031 2.07293
      vertex -0.454437 18.304 2.07293
    endloop
  endfacet
  facet normal 0.254332 0.0506704 0.965789
    outer loop
      vertex -1.76369 19.55 2.09053
      vertex -2.79438 19.2512 2.37763
      vertex -1.69598 19.5456 2.07293
    endloop
  endfacet
  facet normal 0.254355 0.0505901 0.965787
    outer loop
      vertex -2.79438 19.2512 2.37763
      vertex -1.76369 19.55 2.09053
      vertex -2.85381 19.55 2.37763
    endloop
  endfacet
  facet normal 0.169121 0.344027 0.923603
    outer loop
      vertex -1.12775 17.2774 2.4
      vertex -1.10709 17.3273 2.37763
      vertex -1.15094 17.2888 2.4
    endloop
  endfacet
  facet normal -0.114728 0.232601 0.965782
    outer loop
      vertex 1.10709 17.3273 2.37763
      vertex 0.877906 18.4794 2.07293
      vertex 0.67192 18.3778 2.07293
    endloop
  endfacet
  facet normal 0.194977 -0.170997 0.965787
    outer loop
      vertex -1.24155 21.2415 2.07293
      vertex -2.04563 22.0456 2.37763
      vertex -2.29514 21.7611 2.37763
    endloop
  endfacet
  facet normal 0.130521 0.00856078 0.991409
    outer loop
      vertex -0.819043 19.9542 1.95
      vertex -0.588628 20 1.91927
      vertex -0.822047 20 1.95
    endloop
  endfacet
  facet normal 0.144112 0.215614 0.965786
    outer loop
      vertex -1.44648 17.4946 2.37763
      vertex -0.877906 18.4794 2.07293
      vertex -1.76112 17.7049 2.37763
    endloop
  endfacet
  facet normal 0.232596 0.114694 0.965787
    outer loop
      vertex -1.52058 19.1221 2.07293
      vertex -1.62216 19.3281 2.07293
      vertex -2.67274 18.8929 2.37763
    endloop
  endfacet
  facet normal 0.194953 0.171042 0.965784
    outer loop
      vertex -1.24155 18.7585 2.07293
      vertex -1.39298 18.9311 2.07293
      vertex -2.29514 18.2389 2.37763
    endloop
  endfacet
  facet normal 0.21565 -0.144068 0.965784
    outer loop
      vertex -1.52058 20.8779 2.07293
      vertex -1.39298 21.0689 2.07293
      vertex -2.29514 21.7611 2.37763
    endloop
  endfacet
  facet normal 0.376084 -0.0748015 0.923561
    outer loop
      vertex -2.84655 20.7627 2.4
      vertex -2.85381 20.45 2.37763
      vertex -2.79438 20.7488 2.37763
    endloop
  endfacet
  facet normal 0.376053 -0.0748017 0.923574
    outer loop
      vertex -2.85381 20.45 2.37763
      vertex -2.84655 20.7627 2.4
      vertex -2.90875 20.45 2.4
    endloop
  endfacet
  facet normal 0.252763 0.288231 0.923598
    outer loop
      vertex -2.04563 17.9544 2.37763
      vertex -1.81344 17.6791 2.4
      vertex -1.76112 17.7049 2.37763
    endloop
  endfacet
  facet normal 0.252731 0.288206 0.923615
    outer loop
      vertex -1.81344 17.6791 2.4
      vertex -2.04563 17.9544 2.37763
      vertex -2.08382 17.9162 2.4
    endloop
  endfacet
  facet normal 0.108686 -0.0727374 0.991411
    outer loop
      vertex -1.39298 21.0689 2.07293
      vertex -0.779423 20.45 1.96026
      vertex -0.687293 20.45 1.95016
    endloop
  endfacet
  facet normal 0.108763 -0.0726606 0.991409
    outer loop
      vertex -0.779423 20.45 1.96026
      vertex -1.39298 21.0689 2.07293
      vertex -1.52058 20.8779 2.07293
    endloop
  endfacet
  facet normal 0.108767 -0.0726573 0.991408
    outer loop
      vertex -0.509767 20.2943 1.91927
      vertex -0.686396 20.4492 1.95
      vertex -0.711914 20.411 1.95
    endloop
  endfacet
  facet normal -0.232594 0.1147 0.965787
    outer loop
      vertex 2.50537 18.5535 2.37763
      vertex 2.67274 18.8929 2.37763
      vertex 1.52058 19.1221 2.07293
    endloop
  endfacet
  facet normal -0.232596 0.114694 0.965787
    outer loop
      vertex 2.67274 18.8929 2.37763
      vertex 1.62216 19.3281 2.07293
      vertex 1.52058 19.1221 2.07293
    endloop
  endfacet
  facet normal -0.123754 0.0420024 0.991424
    outer loop
      vertex 1.67368 19.55 2.06996
      vertex 1.62216 19.3281 2.07293
      vertex 1.69598 19.5456 2.07293
    endloop
  endfacet
  facet normal -0.123859 0.0420265 0.99141
    outer loop
      vertex 1.62216 19.3281 2.07293
      vertex 1.67368 19.55 2.06996
      vertex 1.0864 19.55 1.99659
    endloop
  endfacet
  facet normal -0.123865 0.0420401 0.991408
    outer loop
      vertex 0.759473 19.6854 1.95
      vertex 0.774237 19.7289 1.95
      vertex 0.543821 19.7747 1.91927
    endloop
  endfacet
  facet normal -0.128283 0.0255207 0.991409
    outer loop
      vertex 0.583591 19.9232 1.91927
      vertex 0.802998 19.8323 1.95
      vertex 0.815014 19.8927 1.95
    endloop
  endfacet
  facet normal -0.128283 0.0255207 0.991409
    outer loop
      vertex 0.802998 19.8323 1.95
      vertex 0.583591 19.9232 1.91927
      vertex 0.568571 19.8477 1.91927
    endloop
  endfacet
  facet normal -0.169121 -0.344027 0.923603
    outer loop
      vertex 1.15094 22.7112 2.4
      vertex 1.12775 22.7226 2.4
      vertex 1.10709 22.6727 2.37763
    endloop
  endfacet
  facet normal -0.21565 -0.144068 0.965784
    outer loop
      vertex 1.52058 20.8779 2.07293
      vertex 2.29514 21.7611 2.37763
      vertex 1.39298 21.0689 2.07293
    endloop
  endfacet
  facet normal 0.253064 -0.287694 0.923683
    outer loop
      vertex -1.76112 22.2951 2.37763
      vertex -1.794 22.338 2.4
      vertex -1.81344 22.3209 2.4
    endloop
  endfacet
  facet normal 0.212188 -0.319024 0.923688
    outer loop
      vertex -1.76112 22.2951 2.37763
      vertex -1.7725 22.3523 2.4
      vertex -1.794 22.338 2.4
    endloop
  endfacet
  facet normal 0.0748444 -0.3757 0.923714
    outer loop
      vertex -0.76273 22.8465 2.4
      vertex -0.45 22.8538 2.37763
      vertex -0.45 22.9088 2.4
    endloop
  endfacet
  facet normal 0.0748403 -0.376409 0.923426
    outer loop
      vertex -0.45 22.8538 2.37763
      vertex -0.76273 22.8465 2.4
      vertex -0.748752 22.7944 2.37763
    endloop
  endfacet
  facet normal -0.144112 0.215614 0.965786
    outer loop
      vertex 1.44648 17.4946 2.37763
      vertex 1.76112 17.7049 2.37763
      vertex 0.877906 18.4794 2.07293
    endloop
  endfacet
  facet normal -0.213079 0.318798 0.923561
    outer loop
      vertex 1.44648 17.4946 2.37763
      vertex 1.7725 17.6477 2.4
      vertex 1.76112 17.7049 2.37763
    endloop
  endfacet
  facet normal -0.213201 0.319076 0.923437
    outer loop
      vertex 1.7725 17.6477 2.4
      vertex 1.44648 17.4946 2.37763
      vertex 1.47348 17.4479 2.4
    endloop
  endfacet
  facet normal 0.28801 0.252973 0.92361
    outer loop
      vertex -2.32094 18.1866 2.4
      vertex -2.29514 18.2389 2.37763
      vertex -2.33798 18.206 2.4
    endloop
  endfacet
  facet normal 0.124405 0.36255 0.923624
    outer loop
      vertex -1.10327 17.269 2.4
      vertex -1.10709 17.3273 2.37763
      vertex -1.12775 17.2774 2.4
    endloop
  endfacet
  facet normal 0.0504863 0.254384 0.965785
    outer loop
      vertex -0.748752 17.2056 2.37763
      vertex -0.45 18.2363 2.09053
      vertex -0.454437 18.304 2.07293
    endloop
  endfacet
  facet normal 0.0505736 0.25436 0.965786
    outer loop
      vertex -0.45 18.2363 2.09053
      vertex -0.748752 17.2056 2.37763
      vertex -0.45 17.1462 2.37763
    endloop
  endfacet
  facet normal 0.362986 -0.123231 0.92361
    outer loop
      vertex -2.73095 21.1033 2.4
      vertex -2.79438 20.7488 2.37763
      vertex -2.67274 21.1071 2.37763
    endloop
  endfacet
  facet normal 0.363163 -0.123258 0.923537
    outer loop
      vertex -2.79438 20.7488 2.37763
      vertex -2.73095 21.1033 2.4
      vertex -2.84655 20.7627 2.4
    endloop
  endfacet
  facet normal 0.25437 -0.051452 0.965737
    outer loop
      vertex -1.69687 20.45 2.07293
      vertex -1.69598 20.4544 2.07293
      vertex -1.76369 20.45 2.09053
    endloop
  endfacet
  facet normal 0.130521 -0.00856078 0.991409
    outer loop
      vertex -0.588628 20 1.91927
      vertex -0.819043 20.0458 1.95
      vertex -0.822047 20 1.95
    endloop
  endfacet
  facet normal 0.0578532 -0.117293 0.991411
    outer loop
      vertex -0.877906 21.5206 2.07293
      vertex -0.45 21.0864 1.99659
      vertex -0.67192 21.6222 2.07293
    endloop
  endfacet
  facet normal 0.0577814 -0.117363 0.991407
    outer loop
      vertex -0.45 21.0864 1.99659
      vertex -0.877906 21.5206 2.07293
      vertex -0.45 20.8802 1.97218
    endloop
  endfacet
  facet normal 0.0578063 -0.117304 0.991412
    outer loop
      vertex -0.225258 20.5438 1.91927
      vertex -0.314584 20.7595 1.95
      vertex -0.355778 20.7392 1.95
    endloop
  endfacet
  facet normal 0.0862624 -0.0983221 0.991409
    outer loop
      vertex -0.416223 20.4162 1.91927
      vertex -1.06887 21.393 2.07293
      vertex -1.24155 21.2415 2.07293
    endloop
  endfacet
  facet normal 0.362985 -0.123119 0.923625
    outer loop
      vertex -2.67274 21.1071 2.37763
      vertex -2.72264 21.1278 2.4
      vertex -2.73095 21.1033 2.4
    endloop
  endfacet
  facet normal 0.194953 -0.171042 0.965784
    outer loop
      vertex -1.39298 21.0689 2.07293
      vertex -1.24155 21.2415 2.07293
      vertex -2.29514 21.7611 2.37763
    endloop
  endfacet
  facet normal 0.24558 0.0833503 0.965786
    outer loop
      vertex -1.62216 19.3281 2.07293
      vertex -1.69598 19.5456 2.07293
      vertex -2.67274 18.8929 2.37763
    endloop
  endfacet
  facet normal 0.245568 0.0833684 0.965788
    outer loop
      vertex -2.67274 18.8929 2.37763
      vertex -1.69598 19.5456 2.07293
      vertex -2.79438 19.2512 2.37763
    endloop
  endfacet
  facet normal 0.215625 0.14409 0.965787
    outer loop
      vertex -2.29514 18.2389 2.37763
      vertex -1.52058 19.1221 2.07293
      vertex -2.50537 18.5535 2.37763
    endloop
  endfacet
  facet normal 0.21565 0.144068 0.965784
    outer loop
      vertex -1.39298 18.9311 2.07293
      vertex -1.52058 19.1221 2.07293
      vertex -2.29514 18.2389 2.37763
    endloop
  endfacet
  facet normal 0.212188 0.319024 0.923688
    outer loop
      vertex -1.7725 17.6477 2.4
      vertex -1.76112 17.7049 2.37763
      vertex -1.794 17.662 2.4
    endloop
  endfacet
  facet normal 0.253064 0.287694 0.923683
    outer loop
      vertex -1.794 17.662 2.4
      vertex -1.76112 17.7049 2.37763
      vertex -1.81344 17.6791 2.4
    endloop
  endfacet
  facet normal -0.21565 0.144068 0.965784
    outer loop
      vertex 2.29514 18.2389 2.37763
      vertex 1.52058 19.1221 2.07293
      vertex 1.39298 18.9311 2.07293
    endloop
  endfacet
  facet normal -0.108763 0.0726606 0.991409
    outer loop
      vertex 0.779423 19.55 1.96026
      vertex 1.39298 18.9311 2.07293
      vertex 1.52058 19.1221 2.07293
    endloop
  endfacet
  facet normal -0.108686 0.0727374 0.991411
    outer loop
      vertex 1.39298 18.9311 2.07293
      vertex 0.779423 19.55 1.96026
      vertex 0.687293 19.55 1.95016
    endloop
  endfacet
  facet normal -0.108767 0.0726573 0.991408
    outer loop
      vertex 0.686396 19.5508 1.95
      vertex 0.711914 19.589 1.95
      vertex 0.509767 19.7057 1.91927
    endloop
  endfacet
  facet normal -0.215625 0.14409 0.965787
    outer loop
      vertex 2.29514 18.2389 2.37763
      vertex 2.50537 18.5535 2.37763
      vertex 1.52058 19.1221 2.07293
    endloop
  endfacet
  facet normal -0.130521 0.00856078 0.991409
    outer loop
      vertex 0.819043 19.9542 1.95
      vertex 0.822047 20 1.95
      vertex 0.588628 20 1.91927
    endloop
  endfacet
  facet normal -0.363163 -0.123258 0.923537
    outer loop
      vertex 2.73095 21.1033 2.4
      vertex 2.79438 20.7488 2.37763
      vertex 2.84655 20.7627 2.4
    endloop
  endfacet
  facet normal -0.362986 -0.123231 0.92361
    outer loop
      vertex 2.79438 20.7488 2.37763
      vertex 2.73095 21.1033 2.4
      vertex 2.67274 21.1071 2.37763
    endloop
  endfacet
  facet normal -0.25437 -0.051452 0.965737
    outer loop
      vertex 1.69687 20.45 2.07293
      vertex 1.76369 20.45 2.09053
      vertex 1.69598 20.4544 2.07293
    endloop
  endfacet
  facet normal -0.34349 0.170109 0.923622
    outer loop
      vertex 2.7112 18.8491 2.4
      vertex 2.72264 18.8722 2.4
      vertex 2.67274 18.8929 2.37763
    endloop
  endfacet
  facet normal -0.28801 -0.252973 0.92361
    outer loop
      vertex 2.33798 21.794 2.4
      vertex 2.32094 21.8134 2.4
      vertex 2.29514 21.7611 2.37763
    endloop
  endfacet
  facet normal -0.318734 -0.212987 0.923604
    outer loop
      vertex 2.35235 21.7725 2.4
      vertex 2.50537 21.4465 2.37763
      vertex 2.55215 21.4735 2.4
    endloop
  endfacet
  facet normal -0.318709 -0.212976 0.923616
    outer loop
      vertex 2.50537 21.4465 2.37763
      vertex 2.35235 21.7725 2.4
      vertex 2.29514 21.7611 2.37763
    endloop
  endfacet
  facet normal -0.24558 -0.0833503 0.965786
    outer loop
      vertex 1.69598 20.4544 2.07293
      vertex 2.67274 21.1071 2.37763
      vertex 1.62216 20.6719 2.07293
    endloop
  endfacet
  facet normal -0.124405 -0.36255 0.923624
    outer loop
      vertex 1.10709 22.6727 2.37763
      vertex 1.12775 22.7226 2.4
      vertex 1.10327 22.731 2.4
    endloop
  endfacet
  facet normal -0.083342 -0.245603 0.965781
    outer loop
      vertex 0.67192 21.6222 2.07293
      vertex 1.10709 22.6727 2.37763
      vertex 0.454437 21.696 2.07293
    endloop
  endfacet
  facet normal 0.17099 -0.194983 0.965787
    outer loop
      vertex -1.24155 21.2415 2.07293
      vertex -1.76112 22.2951 2.37763
      vertex -2.04563 22.0456 2.37763
    endloop
  endfacet
  facet normal 0.252763 -0.288231 0.923598
    outer loop
      vertex -1.81344 22.3209 2.4
      vertex -2.04563 22.0456 2.37763
      vertex -1.76112 22.2951 2.37763
    endloop
  endfacet
  facet normal 0.252731 -0.288206 0.923615
    outer loop
      vertex -2.04563 22.0456 2.37763
      vertex -1.81344 22.3209 2.4
      vertex -2.08382 22.0838 2.4
    endloop
  endfacet
  facet normal 0.124405 -0.36255 0.923624
    outer loop
      vertex -1.10709 22.6727 2.37763
      vertex -1.10327 22.731 2.4
      vertex -1.12775 22.7226 2.4
    endloop
  endfacet
  facet normal 0.169121 -0.344027 0.923603
    outer loop
      vertex -1.10709 22.6727 2.37763
      vertex -1.12775 22.7226 2.4
      vertex -1.15094 22.7112 2.4
    endloop
  endfacet
  facet normal 0.0505736 -0.25436 0.965786
    outer loop
      vertex -0.748752 22.7944 2.37763
      vertex -0.45 21.7637 2.09053
      vertex -0.45 22.8538 2.37763
    endloop
  endfacet
  facet normal 0.0504863 -0.254384 0.965785
    outer loop
      vertex -0.45 21.7637 2.09053
      vertex -0.748752 22.7944 2.37763
      vertex -0.454437 21.696 2.07293
    endloop
  endfacet
  facet normal 0.0833998 -0.245565 0.965786
    outer loop
      vertex -0.454437 21.696 2.07293
      vertex -0.748752 22.7944 2.37763
      vertex -1.10709 22.6727 2.37763
    endloop
  endfacet
  facet normal -0.252731 0.288206 0.923615
    outer loop
      vertex 2.04563 17.9544 2.37763
      vertex 1.81344 17.6791 2.4
      vertex 2.08382 17.9162 2.4
    endloop
  endfacet
  facet normal -0.252763 0.288231 0.923598
    outer loop
      vertex 1.81344 17.6791 2.4
      vertex 2.04563 17.9544 2.37763
      vertex 1.76112 17.7049 2.37763
    endloop
  endfacet
  facet normal -0.0983218 0.0862623 0.991409
    outer loop
      vertex 1.24155 18.7585 2.07293
      vertex 1.39298 18.9311 2.07293
      vertex 0.416223 19.5838 1.91927
    endloop
  endfacet
  facet normal -0.169774 0.344179 0.923427
    outer loop
      vertex 1.44648 17.4946 2.37763
      vertex 1.15094 17.2888 2.4
      vertex 1.47348 17.4479 2.4
    endloop
  endfacet
  facet normal -0.16943 0.343711 0.923665
    outer loop
      vertex 1.15094 17.2888 2.4
      vertex 1.44648 17.4946 2.37763
      vertex 1.10709 17.3273 2.37763
    endloop
  endfacet
  facet normal -0.169121 0.344027 0.923603
    outer loop
      vertex 1.12775 17.2774 2.4
      vertex 1.15094 17.2888 2.4
      vertex 1.10709 17.3273 2.37763
    endloop
  endfacet
  facet normal -0.212188 0.319024 0.923688
    outer loop
      vertex 1.7725 17.6477 2.4
      vertex 1.794 17.662 2.4
      vertex 1.76112 17.7049 2.37763
    endloop
  endfacet
  facet normal -0.253064 0.287694 0.923683
    outer loop
      vertex 1.794 17.662 2.4
      vertex 1.81344 17.6791 2.4
      vertex 1.76112 17.7049 2.37763
    endloop
  endfacet
  facet normal 0.362986 0.123231 0.92361
    outer loop
      vertex -2.79438 19.2512 2.37763
      vertex -2.73095 18.8967 2.4
      vertex -2.67274 18.8929 2.37763
    endloop
  endfacet
  facet normal 0.363163 0.123258 0.923537
    outer loop
      vertex -2.73095 18.8967 2.4
      vertex -2.79438 19.2512 2.37763
      vertex -2.84655 19.2373 2.4
    endloop
  endfacet
  facet normal 0.376084 0.0748015 0.923561
    outer loop
      vertex -2.85381 19.55 2.37763
      vertex -2.84655 19.2373 2.4
      vertex -2.79438 19.2512 2.37763
    endloop
  endfacet
  facet normal 0.376053 0.0748017 0.923574
    outer loop
      vertex -2.84655 19.2373 2.4
      vertex -2.85381 19.55 2.37763
      vertex -2.90875 19.55 2.4
    endloop
  endfacet
  facet normal 0.24558 -0.0833503 0.965786
    outer loop
      vertex -1.69598 20.4544 2.07293
      vertex -1.62216 20.6719 2.07293
      vertex -2.67274 21.1071 2.37763
    endloop
  endfacet
  facet normal 0.232596 -0.114694 0.965787
    outer loop
      vertex -1.62216 20.6719 2.07293
      vertex -1.52058 20.8779 2.07293
      vertex -2.67274 21.1071 2.37763
    endloop
  endfacet
  facet normal 0.123859 0.0420265 0.99141
    outer loop
      vertex -1.67368 19.55 2.06996
      vertex -1.62216 19.3281 2.07293
      vertex -1.0864 19.55 1.99659
    endloop
  endfacet
  facet normal 0.123754 0.0420024 0.991424
    outer loop
      vertex -1.62216 19.3281 2.07293
      vertex -1.67368 19.55 2.06996
      vertex -1.69598 19.5456 2.07293
    endloop
  endfacet
  facet normal 0.123865 0.0420401 0.991408
    outer loop
      vertex -0.759473 19.6854 1.95
      vertex -0.543821 19.7747 1.91927
      vertex -0.774237 19.7289 1.95
    endloop
  endfacet
  facet normal 0.117347 0.0578039 0.991407
    outer loop
      vertex -1.0864 19.55 1.99659
      vertex -1.52058 19.1221 2.07293
      vertex -0.880172 19.55 1.97218
    endloop
  endfacet
  facet normal 0.117307 0.0578449 0.99141
    outer loop
      vertex -1.52058 19.1221 2.07293
      vertex -1.0864 19.55 1.99659
      vertex -1.62216 19.3281 2.07293
    endloop
  endfacet
  facet normal 0.117319 0.0578481 0.991408
    outer loop
      vertex -0.739158 19.6442 1.95
      vertex -0.543821 19.7747 1.91927
      vertex -0.759473 19.6854 1.95
    endloop
  endfacet
  facet normal 0.171043 -0.194955 0.965783
    outer loop
      vertex -1.24155 21.2415 2.07293
      vertex -1.06887 21.393 2.07293
      vertex -1.76112 22.2951 2.37763
    endloop
  endfacet
  facet normal 0.343826 -0.169515 0.923606
    outer loop
      vertex -2.7112 21.1509 2.4
      vertex -2.50537 21.4465 2.37763
      vertex -2.55215 21.4735 2.4
    endloop
  endfacet
  facet normal 0.343982 -0.169629 0.923527
    outer loop
      vertex -2.50537 21.4465 2.37763
      vertex -2.7112 21.1509 2.4
      vertex -2.67274 21.1071 2.37763
    endloop
  endfacet
  facet normal 0.0419731 -0.123691 0.991433
    outer loop
      vertex -0.67192 21.6222 2.07293
      vertex -0.45 21.6737 2.06996
      vertex -0.454437 21.696 2.07293
    endloop
  endfacet
  facet normal 0.0420106 -0.123855 0.991411
    outer loop
      vertex -0.45 21.6737 2.06996
      vertex -0.67192 21.6222 2.07293
      vertex -0.45 21.0864 1.99659
    endloop
  endfacet
  facet normal 0.0418758 -0.123901 0.991411
    outer loop
      vertex -0.225258 20.5438 1.91927
      vertex -0.27109 20.7742 1.95
      vertex -0.314584 20.7595 1.95
    endloop
  endfacet
  facet normal 0.114728 -0.232601 0.965782
    outer loop
      vertex -0.877906 21.5206 2.07293
      vertex -0.67192 21.6222 2.07293
      vertex -1.10709 22.6727 2.37763
    endloop
  endfacet
  facet normal 0.245568 -0.0833684 0.965788
    outer loop
      vertex -1.69598 20.4544 2.07293
      vertex -2.67274 21.1071 2.37763
      vertex -2.79438 20.7488 2.37763
    endloop
  endfacet
  facet normal 0.254332 -0.0506704 0.965789
    outer loop
      vertex -2.79438 20.7488 2.37763
      vertex -1.76369 20.45 2.09053
      vertex -1.69598 20.4544 2.07293
    endloop
  endfacet
  facet normal 0.254355 -0.0505901 0.965787
    outer loop
      vertex -1.76369 20.45 2.09053
      vertex -2.79438 20.7488 2.37763
      vertex -2.85381 20.45 2.37763
    endloop
  endfacet
  facet normal 0.25437 0.051452 0.965737
    outer loop
      vertex -1.69598 19.5456 2.07293
      vertex -1.69687 19.55 2.07293
      vertex -1.76369 19.55 2.09053
    endloop
  endfacet
  facet normal 0 0 1
    outer loop
      vertex 0.583591 20.0768 1.91927
      vertex 0.583591 19.9232 1.91927
      vertex 0.588628 20 1.91927
    endloop
  endfacet
  facet normal 0 0 1
    outer loop
      vertex 0.568571 20.1523 1.91927
      vertex 0.583591 19.9232 1.91927
      vertex 0.583591 20.0768 1.91927
    endloop
  endfacet
  facet normal 0 0 1
    outer loop
      vertex 0.568571 20.1523 1.91927
      vertex 0.568571 19.8477 1.91927
      vertex 0.583591 19.9232 1.91927
    endloop
  endfacet
  facet normal 0 0 1
    outer loop
      vertex 0.543821 20.2253 1.91927
      vertex 0.568571 19.8477 1.91927
      vertex 0.568571 20.1523 1.91927
    endloop
  endfacet
  facet normal 0 0 1
    outer loop
      vertex 0.543821 20.2253 1.91927
      vertex 0.543821 19.7747 1.91927
      vertex 0.568571 19.8477 1.91927
    endloop
  endfacet
  facet normal 0 0 1
    outer loop
      vertex 0.509767 20.2943 1.91927
      vertex 0.543821 19.7747 1.91927
      vertex 0.543821 20.2253 1.91927
    endloop
  endfacet
  facet normal 0 0 1
    outer loop
      vertex 0.509767 20.2943 1.91927
      vertex 0.509767 19.7057 1.91927
      vertex 0.543821 19.7747 1.91927
    endloop
  endfacet
  facet normal 0 0 1
    outer loop
      vertex 0.46699 20.3583 1.91927
      vertex 0.509767 19.7057 1.91927
      vertex 0.509767 20.2943 1.91927
    endloop
  endfacet
  facet normal 0 0 1
    outer loop
      vertex 0.46699 20.3583 1.91927
      vertex 0.46699 19.6417 1.91927
      vertex 0.509767 19.7057 1.91927
    endloop
  endfacet
  facet normal 0 0 1
    outer loop
      vertex 0.416223 20.4162 1.91927
      vertex 0.46699 19.6417 1.91927
      vertex 0.46699 20.3583 1.91927
    endloop
  endfacet
  facet normal 0 0 1
    outer loop
      vertex 0.416223 20.4162 1.91927
      vertex 0.416223 19.5838 1.91927
      vertex 0.46699 19.6417 1.91927
    endloop
  endfacet
  facet normal 0 0 1
    outer loop
      vertex 0.358334 20.467 1.91927
      vertex 0.416223 19.5838 1.91927
      vertex 0.416223 20.4162 1.91927
    endloop
  endfacet
  facet normal 0 0 1
    outer loop
      vertex 0.358334 20.467 1.91927
      vertex 0.358334 19.533 1.91927
      vertex 0.416223 19.5838 1.91927
    endloop
  endfacet
  facet normal 0 0 1
    outer loop
      vertex 0.294313 20.5098 1.91927
      vertex 0.358334 19.533 1.91927
      vertex 0.358334 20.467 1.91927
    endloop
  endfacet
  facet normal 0 0 1
    outer loop
      vertex 0.294313 20.5098 1.91927
      vertex 0.294313 19.4902 1.91927
      vertex 0.358334 19.533 1.91927
    endloop
  endfacet
  facet normal 0 0 1
    outer loop
      vertex 0.225258 20.5438 1.91927
      vertex 0.294313 19.4902 1.91927
      vertex 0.294313 20.5098 1.91927
    endloop
  endfacet
  facet normal 0 0 1
    outer loop
      vertex 0.225258 20.5438 1.91927
      vertex 0.225258 19.4562 1.91927
      vertex 0.294313 19.4902 1.91927
    endloop
  endfacet
  facet normal 0 0 1
    outer loop
      vertex 0.152348 20.5686 1.91927
      vertex 0.225258 19.4562 1.91927
      vertex 0.225258 20.5438 1.91927
    endloop
  endfacet
  facet normal 0 0 1
    outer loop
      vertex 0.152348 20.5686 1.91927
      vertex 0.152348 19.4314 1.91927
      vertex 0.225258 19.4562 1.91927
    endloop
  endfacet
  facet normal 0 0 1
    outer loop
      vertex 0.0768309 20.5836 1.91927
      vertex 0.152348 19.4314 1.91927
      vertex 0.152348 20.5686 1.91927
    endloop
  endfacet
  facet normal 0 0 1
    outer loop
      vertex 0.0768309 20.5836 1.91927
      vertex 0.0768309 19.4164 1.91927
      vertex 0.152348 19.4314 1.91927
    endloop
  endfacet
  facet normal 0 0 1
    outer loop
      vertex 0 20.5886 1.91927
      vertex 0.0768309 19.4164 1.91927
      vertex 0.0768309 20.5836 1.91927
    endloop
  endfacet
  facet normal 0 0 1
    outer loop
      vertex 0 20.5886 1.91927
      vertex 0 19.4114 1.91927
      vertex 0.0768309 19.4164 1.91927
    endloop
  endfacet
  facet normal -0 0 1
    outer loop
      vertex -0.0768309 20.5836 1.91927
      vertex 0 19.4114 1.91927
      vertex 0 20.5886 1.91927
    endloop
  endfacet
  facet normal 0 0 1
    outer loop
      vertex -0.0768309 20.5836 1.91927
      vertex -0.0768309 19.4164 1.91927
      vertex 0 19.4114 1.91927
    endloop
  endfacet
  facet normal -0 0 1
    outer loop
      vertex -0.152348 20.5686 1.91927
      vertex -0.0768309 19.4164 1.91927
      vertex -0.0768309 20.5836 1.91927
    endloop
  endfacet
  facet normal 0 0 1
    outer loop
      vertex -0.152348 20.5686 1.91927
      vertex -0.152348 19.4314 1.91927
      vertex -0.0768309 19.4164 1.91927
    endloop
  endfacet
  facet normal -0 0 1
    outer loop
      vertex -0.225258 20.5438 1.91927
      vertex -0.152348 19.4314 1.91927
      vertex -0.152348 20.5686 1.91927
    endloop
  endfacet
  facet normal 0 0 1
    outer loop
      vertex -0.225258 20.5438 1.91927
      vertex -0.225258 19.4562 1.91927
      vertex -0.152348 19.4314 1.91927
    endloop
  endfacet
  facet normal -0 0 1
    outer loop
      vertex -0.294313 20.5098 1.91927
      vertex -0.225258 19.4562 1.91927
      vertex -0.225258 20.5438 1.91927
    endloop
  endfacet
  facet normal 0 0 1
    outer loop
      vertex -0.294313 20.5098 1.91927
      vertex -0.294313 19.4902 1.91927
      vertex -0.225258 19.4562 1.91927
    endloop
  endfacet
  facet normal -0 0 1
    outer loop
      vertex -0.358334 20.467 1.91927
      vertex -0.294313 19.4902 1.91927
      vertex -0.294313 20.5098 1.91927
    endloop
  endfacet
  facet normal 0 0 1
    outer loop
      vertex -0.358334 20.467 1.91927
      vertex -0.358334 19.533 1.91927
      vertex -0.294313 19.4902 1.91927
    endloop
  endfacet
  facet normal -0 0 1
    outer loop
      vertex -0.416223 20.4162 1.91927
      vertex -0.358334 19.533 1.91927
      vertex -0.358334 20.467 1.91927
    endloop
  endfacet
  facet normal 0 0 1
    outer loop
      vertex -0.416223 20.4162 1.91927
      vertex -0.416223 19.5838 1.91927
      vertex -0.358334 19.533 1.91927
    endloop
  endfacet
  facet normal -0 0 1
    outer loop
      vertex -0.46699 20.3583 1.91927
      vertex -0.416223 19.5838 1.91927
      vertex -0.416223 20.4162 1.91927
    endloop
  endfacet
  facet normal 0 0 1
    outer loop
      vertex -0.46699 20.3583 1.91927
      vertex -0.46699 19.6417 1.91927
      vertex -0.416223 19.5838 1.91927
    endloop
  endfacet
  facet normal -0 0 1
    outer loop
      vertex -0.509767 20.2943 1.91927
      vertex -0.46699 19.6417 1.91927
      vertex -0.46699 20.3583 1.91927
    endloop
  endfacet
  facet normal 0 0 1
    outer loop
      vertex -0.509767 20.2943 1.91927
      vertex -0.509767 19.7057 1.91927
      vertex -0.46699 19.6417 1.91927
    endloop
  endfacet
  facet normal -0 0 1
    outer loop
      vertex -0.543821 20.2253 1.91927
      vertex -0.509767 19.7057 1.91927
      vertex -0.509767 20.2943 1.91927
    endloop
  endfacet
  facet normal 0 0 1
    outer loop
      vertex -0.543821 20.2253 1.91927
      vertex -0.543821 19.7747 1.91927
      vertex -0.509767 19.7057 1.91927
    endloop
  endfacet
  facet normal -0 0 1
    outer loop
      vertex -0.568571 20.1523 1.91927
      vertex -0.543821 19.7747 1.91927
      vertex -0.543821 20.2253 1.91927
    endloop
  endfacet
  facet normal 0 0 1
    outer loop
      vertex -0.568571 20.1523 1.91927
      vertex -0.568571 19.8477 1.91927
      vertex -0.543821 19.7747 1.91927
    endloop
  endfacet
  facet normal -0 0 1
    outer loop
      vertex -0.583591 20.0768 1.91927
      vertex -0.568571 19.8477 1.91927
      vertex -0.568571 20.1523 1.91927
    endloop
  endfacet
  facet normal 0 0 1
    outer loop
      vertex -0.583591 20.0768 1.91927
      vertex -0.583591 19.9232 1.91927
      vertex -0.568571 19.8477 1.91927
    endloop
  endfacet
  facet normal 0 -0 1
    outer loop
      vertex -0.583591 19.9232 1.91927
      vertex -0.583591 20.0768 1.91927
      vertex -0.588628 20 1.91927
    endloop
  endfacet
  facet normal 0.128283 0.0255207 0.991409
    outer loop
      vertex -0.583591 19.9232 1.91927
      vertex -0.802998 19.8323 1.95
      vertex -0.568571 19.8477 1.91927
    endloop
  endfacet
  facet normal 0.128283 0.0255207 0.991409
    outer loop
      vertex -0.802998 19.8323 1.95
      vertex -0.583591 19.9232 1.91927
      vertex -0.815014 19.8927 1.95
    endloop
  endfacet
  facet normal 0.3187 0.21301 0.923611
    outer loop
      vertex -2.33798 18.206 2.4
      vertex -2.29514 18.2389 2.37763
      vertex -2.35235 18.2275 2.4
    endloop
  endfacet
  facet normal 0.318709 0.212976 0.923616
    outer loop
      vertex -2.50537 18.5535 2.37763
      vertex -2.35235 18.2275 2.4
      vertex -2.29514 18.2389 2.37763
    endloop
  endfacet
  facet normal 0.318734 0.212987 0.923604
    outer loop
      vertex -2.35235 18.2275 2.4
      vertex -2.50537 18.5535 2.37763
      vertex -2.55215 18.5265 2.4
    endloop
  endfacet
  facet normal -0.194953 0.171042 0.965784
    outer loop
      vertex 2.29514 18.2389 2.37763
      vertex 1.39298 18.9311 2.07293
      vertex 1.24155 18.7585 2.07293
    endloop
  endfacet
  facet normal -0.17099 0.194983 0.965787
    outer loop
      vertex 1.76112 17.7049 2.37763
      vertex 2.04563 17.9544 2.37763
      vertex 1.24155 18.7585 2.07293
    endloop
  endfacet
  facet normal -0.3187 0.21301 0.923611
    outer loop
      vertex 2.33798 18.206 2.4
      vertex 2.35235 18.2275 2.4
      vertex 2.29514 18.2389 2.37763
    endloop
  endfacet
  facet normal -0.376053 0.0748017 0.923574
    outer loop
      vertex 2.85381 19.55 2.37763
      vertex 2.84655 19.2373 2.4
      vertex 2.90875 19.55 2.4
    endloop
  endfacet
  facet normal -0.376084 0.0748015 0.923561
    outer loop
      vertex 2.84655 19.2373 2.4
      vertex 2.85381 19.55 2.37763
      vertex 2.79438 19.2512 2.37763
    endloop
  endfacet
  facet normal -0.117307 0.0578449 0.99141
    outer loop
      vertex 1.0864 19.55 1.99659
      vertex 1.52058 19.1221 2.07293
      vertex 1.62216 19.3281 2.07293
    endloop
  endfacet
  facet normal -0.117347 0.0578039 0.991407
    outer loop
      vertex 1.52058 19.1221 2.07293
      vertex 1.0864 19.55 1.99659
      vertex 0.880172 19.55 1.97218
    endloop
  endfacet
  facet normal -0.117319 0.0578481 0.991408
    outer loop
      vertex 0.739158 19.6442 1.95
      vertex 0.759473 19.6854 1.95
      vertex 0.543821 19.7747 1.91927
    endloop
  endfacet
  facet normal -0.117293 0.0578882 0.991409
    outer loop
      vertex 0.509767 19.7057 1.91927
      vertex 0.739158 19.6442 1.95
      vertex 0.543821 19.7747 1.91927
    endloop
  endfacet
  facet normal -0.117292 0.0578897 0.991409
    outer loop
      vertex 0.739158 19.6442 1.95
      vertex 0.509767 19.7057 1.91927
      vertex 0.711914 19.589 1.95
    endloop
  endfacet
  facet normal -0.117297 0.0578786 0.991409
    outer loop
      vertex 1.52058 19.1221 2.07293
      vertex 0.880172 19.55 1.97218
      vertex 0.779423 19.55 1.96026
    endloop
  endfacet
  facet normal -0.128285 -0.0254892 0.99141
    outer loop
      vertex 0.802998 20.1677 1.95
      vertex 0.794037 20.2128 1.95
      vertex 0.568571 20.1523 1.91927
    endloop
  endfacet
  facet normal -0.127838 -0.0258582 0.991458
    outer loop
      vertex 1.69687 20.45 2.07293
      vertex 1.69598 20.4544 2.07293
      vertex 1.67942 20.45 2.07068
    endloop
  endfacet
  facet normal -0.34349 -0.170109 0.923622
    outer loop
      vertex 2.72264 21.1278 2.4
      vertex 2.7112 21.1509 2.4
      vertex 2.67274 21.1071 2.37763
    endloop
  endfacet
  facet normal -0.130521 0.00856032 0.991409
    outer loop
      vertex 0.583591 19.9232 1.91927
      vertex 0.819043 19.9542 1.95
      vertex 0.588628 20 1.91927
    endloop
  endfacet
  facet normal -0.130519 0.00855062 0.991409
    outer loop
      vertex 0.819043 19.9542 1.95
      vertex 0.583591 19.9232 1.91927
      vertex 0.815014 19.8927 1.95
    endloop
  endfacet
  facet normal -0.123754 -0.0420024 0.991424
    outer loop
      vertex 1.62216 20.6719 2.07293
      vertex 1.67368 20.45 2.06996
      vertex 1.69598 20.4544 2.07293
    endloop
  endfacet
  facet normal -0.123859 -0.0420265 0.99141
    outer loop
      vertex 1.67368 20.45 2.06996
      vertex 1.62216 20.6719 2.07293
      vertex 1.0864 20.45 1.99659
    endloop
  endfacet
  facet normal -0.123865 -0.0420401 0.991408
    outer loop
      vertex 0.774237 20.2711 1.95
      vertex 0.759473 20.3146 1.95
      vertex 0.543821 20.2253 1.91927
    endloop
  endfacet
  facet normal -0.117292 -0.0578897 0.991409
    outer loop
      vertex 0.509767 20.2943 1.91927
      vertex 0.739158 20.3558 1.95
      vertex 0.711914 20.411 1.95
    endloop
  endfacet
  facet normal -0.117293 -0.0578882 0.991409
    outer loop
      vertex 0.739158 20.3558 1.95
      vertex 0.509767 20.2943 1.91927
      vertex 0.543821 20.2253 1.91927
    endloop
  endfacet
  facet normal -0.117297 -0.0578786 0.991409
    outer loop
      vertex 0.880172 20.45 1.97218
      vertex 1.52058 20.8779 2.07293
      vertex 0.779423 20.45 1.96026
    endloop
  endfacet
  facet normal -0.114728 -0.232601 0.965782
    outer loop
      vertex 0.877906 21.5206 2.07293
      vertex 1.10709 22.6727 2.37763
      vertex 0.67192 21.6222 2.07293
    endloop
  endfacet
  facet normal -0.144112 -0.215614 0.965786
    outer loop
      vertex 1.76112 22.2951 2.37763
      vertex 1.44648 22.5054 2.37763
      vertex 0.877906 21.5206 2.07293
    endloop
  endfacet
  facet normal -0.288208 -0.252737 0.923613
    outer loop
      vertex 2.04563 22.0456 2.37763
      vertex 2.32094 21.8134 2.4
      vertex 2.08382 22.0838 2.4
    endloop
  endfacet
  facet normal -0.288278 -0.252823 0.923567
    outer loop
      vertex 2.32094 21.8134 2.4
      vertex 2.04563 22.0456 2.37763
      vertex 2.29514 21.7611 2.37763
    endloop
  endfacet
  facet normal -0.17099 -0.194983 0.965787
    outer loop
      vertex 2.04563 22.0456 2.37763
      vertex 1.76112 22.2951 2.37763
      vertex 1.24155 21.2415 2.07293
    endloop
  endfacet
  facet normal -0.215625 -0.14409 0.965787
    outer loop
      vertex 2.50537 21.4465 2.37763
      vertex 2.29514 21.7611 2.37763
      vertex 1.52058 20.8779 2.07293
    endloop
  endfacet
  facet normal -0.3187 -0.21301 0.923611
    outer loop
      vertex 2.35235 21.7725 2.4
      vertex 2.33798 21.794 2.4
      vertex 2.29514 21.7611 2.37763
    endloop
  endfacet
  facet normal -0.123261 -0.363422 0.923434
    outer loop
      vertex 0.748752 22.7944 2.37763
      vertex 1.10327 22.731 2.4
      vertex 0.76273 22.8465 2.4
    endloop
  endfacet
  facet normal -0.123125 -0.362535 0.923801
    outer loop
      vertex 1.10327 22.731 2.4
      vertex 0.748752 22.7944 2.37763
      vertex 1.10709 22.6727 2.37763
    endloop
  endfacet
  facet normal -0.0833998 -0.245565 0.965786
    outer loop
      vertex 1.10709 22.6727 2.37763
      vertex 0.748752 22.7944 2.37763
      vertex 0.454437 21.696 2.07293
    endloop
  endfacet
  facet normal 0.144112 -0.215614 0.965786
    outer loop
      vertex -0.877906 21.5206 2.07293
      vertex -1.44648 22.5054 2.37763
      vertex -1.76112 22.2951 2.37763
    endloop
  endfacet
  facet normal 0.213201 -0.319076 0.923437
    outer loop
      vertex -1.7725 22.3523 2.4
      vertex -1.44648 22.5054 2.37763
      vertex -1.47348 22.5521 2.4
    endloop
  endfacet
  facet normal 0.213079 -0.318798 0.923561
    outer loop
      vertex -1.44648 22.5054 2.37763
      vertex -1.7725 22.3523 2.4
      vertex -1.76112 22.2951 2.37763
    endloop
  endfacet
  facet normal -0.194977 0.170997 0.965787
    outer loop
      vertex 2.04563 17.9544 2.37763
      vertex 2.29514 18.2389 2.37763
      vertex 1.24155 18.7585 2.07293
    endloop
  endfacet
  facet normal -0.288278 0.252823 0.923567
    outer loop
      vertex 2.04563 17.9544 2.37763
      vertex 2.32094 18.1866 2.4
      vertex 2.29514 18.2389 2.37763
    endloop
  endfacet
  facet normal -0.288208 0.252737 0.923613
    outer loop
      vertex 2.32094 18.1866 2.4
      vertex 2.04563 17.9544 2.37763
      vertex 2.08382 17.9162 2.4
    endloop
  endfacet
  facet normal -0.0748403 0.376409 0.923426
    outer loop
      vertex 0.45 17.1462 2.37763
      vertex 0.76273 17.1535 2.4
      vertex 0.748752 17.2056 2.37763
    endloop
  endfacet
  facet normal -0.0748444 0.3757 0.923714
    outer loop
      vertex 0.76273 17.1535 2.4
      vertex 0.45 17.1462 2.37763
      vertex 0.45 17.0912 2.4
    endloop
  endfacet
  facet normal -0.124405 0.36255 0.923624
    outer loop
      vertex 1.12775 17.2774 2.4
      vertex 1.10709 17.3273 2.37763
      vertex 1.10327 17.269 2.4
    endloop
  endfacet
  facet normal -0.0833998 0.245565 0.965786
    outer loop
      vertex 0.748752 17.2056 2.37763
      vertex 1.10709 17.3273 2.37763
      vertex 0.454437 18.304 2.07293
    endloop
  endfacet
  facet normal 0.0748403 0.376409 0.923426
    outer loop
      vertex -0.76273 17.1535 2.4
      vertex -0.45 17.1462 2.37763
      vertex -0.748752 17.2056 2.37763
    endloop
  endfacet
  facet normal 0.0748444 0.3757 0.923714
    outer loop
      vertex -0.45 17.1462 2.37763
      vertex -0.76273 17.1535 2.4
      vertex -0.45 17.0912 2.4
    endloop
  endfacet
  facet normal 0.123261 0.363422 0.923434
    outer loop
      vertex -0.748752 17.2056 2.37763
      vertex -1.10327 17.269 2.4
      vertex -0.76273 17.1535 2.4
    endloop
  endfacet
  facet normal 0.123125 0.362535 0.923801
    outer loop
      vertex -1.10327 17.269 2.4
      vertex -0.748752 17.2056 2.37763
      vertex -1.10709 17.3273 2.37763
    endloop
  endfacet
  facet normal 0.0983218 -0.0862623 0.991409
    outer loop
      vertex -0.416223 20.4162 1.91927
      vertex -1.24155 21.2415 2.07293
      vertex -1.39298 21.0689 2.07293
    endloop
  endfacet
  facet normal 0.144088 -0.21564 0.965784
    outer loop
      vertex -1.06887 21.393 2.07293
      vertex -0.877906 21.5206 2.07293
      vertex -1.76112 22.2951 2.37763
    endloop
  endfacet
  facet normal 0.067463 -0.113288 0.991269
    outer loop
      vertex -0.45 20.6873 1.95016
      vertex -1.06887 21.393 2.07293
      vertex -0.45 20.6859 1.95
    endloop
  endfacet
  facet normal 0.0703775 -0.110774 0.991351
    outer loop
      vertex -0.45 20.6859 1.95
      vertex -0.294313 20.5098 1.91927
      vertex -0.449213 20.6864 1.95
    endloop
  endfacet
  facet normal 0.0726938 -0.108737 0.991409
    outer loop
      vertex -0.294313 20.5098 1.91927
      vertex -0.45 20.6859 1.95
      vertex -0.358334 20.467 1.91927
    endloop
  endfacet
  facet normal 0.0726883 -0.108739 0.991409
    outer loop
      vertex -0.358334 20.467 1.91927
      vertex -0.45 20.6859 1.95
      vertex -1.06887 21.393 2.07293
    endloop
  endfacet
  facet normal 0.10874 -0.072681 0.99141
    outer loop
      vertex -0.46699 20.3583 1.91927
      vertex -0.685871 20.45 1.95
      vertex -0.509767 20.2943 1.91927
    endloop
  endfacet
  facet normal 0.111542 -0.0694648 0.991329
    outer loop
      vertex -0.685871 20.45 1.95
      vertex -1.39298 21.0689 2.07293
      vertex -0.687293 20.45 1.95016
    endloop
  endfacet
  facet normal 0.10874 -0.0726826 0.99141
    outer loop
      vertex -1.39298 21.0689 2.07293
      vertex -0.685871 20.45 1.95
      vertex -0.46699 20.3583 1.91927
    endloop
  endfacet
  facet normal 0.109477 -0.0718441 0.99139
    outer loop
      vertex -0.509767 20.2943 1.91927
      vertex -0.685871 20.45 1.95
      vertex -0.686396 20.4492 1.95
    endloop
  endfacet
  facet normal 0.083342 0.245603 0.965781
    outer loop
      vertex -0.454437 18.304 2.07293
      vertex -0.67192 18.3778 2.07293
      vertex -1.10709 17.3273 2.37763
    endloop
  endfacet
  facet normal 0.114666 0.232615 0.965786
    outer loop
      vertex -1.10709 17.3273 2.37763
      vertex -0.877906 18.4794 2.07293
      vertex -1.44648 17.4946 2.37763
    endloop
  endfacet
  facet normal 0.108686 0.0727374 0.991411
    outer loop
      vertex -0.779423 19.55 1.96026
      vertex -1.39298 18.9311 2.07293
      vertex -0.687293 19.55 1.95016
    endloop
  endfacet
  facet normal 0.108763 0.0726606 0.991409
    outer loop
      vertex -1.39298 18.9311 2.07293
      vertex -0.779423 19.55 1.96026
      vertex -1.52058 19.1221 2.07293
    endloop
  endfacet
  facet normal 0.108767 0.0726573 0.991408
    outer loop
      vertex -0.686396 19.5508 1.95
      vertex -0.509767 19.7057 1.91927
      vertex -0.711914 19.589 1.95
    endloop
  endfacet
  facet normal 0.0983443 0.0862288 0.99141
    outer loop
      vertex -0.416223 19.5838 1.91927
      vertex -0.46699 19.6417 1.91927
      vertex -1.39298 18.9311 2.07293
    endloop
  endfacet
  facet normal -0.0579547 0.117279 0.991407
    outer loop
      vertex 0.294313 19.4902 1.91927
      vertex 0.355778 19.2608 1.95
      vertex 0.411023 19.2881 1.95
    endloop
  endfacet
  facet normal -0.0577684 0.117329 0.991411
    outer loop
      vertex 0.355778 19.2608 1.95
      vertex 0.294313 19.4902 1.91927
      vertex 0.225258 19.4562 1.91927
    endloop
  endfacet
  facet normal -0.0579689 0.117238 0.991411
    outer loop
      vertex 0.877906 18.4794 2.07293
      vertex 0.45 19.2206 1.96026
      vertex 0.45 19.1198 1.97218
    endloop
  endfacet
  facet normal -0.0421272 0.12385 0.991406
    outer loop
      vertex 0.152348 19.4314 1.91927
      vertex 0.27109 19.2258 1.95
      vertex 0.225258 19.4562 1.91927
    endloop
  endfacet
  facet normal -0.0420555 0.123892 0.991404
    outer loop
      vertex 0.27109 19.2258 1.95
      vertex 0.152348 19.4314 1.91927
      vertex 0.212761 19.206 1.95
    endloop
  endfacet
  facet normal -0.0342262 0.125247 0.991535
    outer loop
      vertex 0.454437 18.304 2.07293
      vertex 0.45 18.3263 2.06996
      vertex 0.45 18.3206 2.07068
    endloop
  endfacet
  facet normal -0.109477 0.0718441 0.99139
    outer loop
      vertex 0.686396 19.5508 1.95
      vertex 0.509767 19.7057 1.91927
      vertex 0.685871 19.55 1.95
    endloop
  endfacet
  facet normal -0.111542 0.0694648 0.991329
    outer loop
      vertex 0.685871 19.55 1.95
      vertex 1.39298 18.9311 2.07293
      vertex 0.687293 19.55 1.95016
    endloop
  endfacet
  facet normal -0.10874 0.0726826 0.99141
    outer loop
      vertex 0.685871 19.55 1.95
      vertex 0.46699 19.6417 1.91927
      vertex 1.39298 18.9311 2.07293
    endloop
  endfacet
  facet normal -0.10874 0.072681 0.99141
    outer loop
      vertex 0.46699 19.6417 1.91927
      vertex 0.685871 19.55 1.95
      vertex 0.509767 19.7057 1.91927
    endloop
  endfacet
  facet normal -0.0983443 0.0862288 0.99141
    outer loop
      vertex 1.39298 18.9311 2.07293
      vertex 0.46699 19.6417 1.91927
      vertex 0.416223 19.5838 1.91927
    endloop
  endfacet
  facet normal -0.343982 0.169629 0.923527
    outer loop
      vertex 2.50537 18.5535 2.37763
      vertex 2.7112 18.8491 2.4
      vertex 2.67274 18.8929 2.37763
    endloop
  endfacet
  facet normal -0.343826 0.169515 0.923606
    outer loop
      vertex 2.7112 18.8491 2.4
      vertex 2.50537 18.5535 2.37763
      vertex 2.55215 18.5265 2.4
    endloop
  endfacet
  facet normal -0.318734 0.212987 0.923604
    outer loop
      vertex 2.50537 18.5535 2.37763
      vertex 2.35235 18.2275 2.4
      vertex 2.55215 18.5265 2.4
    endloop
  endfacet
  facet normal -0.318709 0.212976 0.923616
    outer loop
      vertex 2.35235 18.2275 2.4
      vertex 2.50537 18.5535 2.37763
      vertex 2.29514 18.2389 2.37763
    endloop
  endfacet
  facet normal -0.254355 0.0505901 0.965787
    outer loop
      vertex 1.76369 19.55 2.09053
      vertex 2.79438 19.2512 2.37763
      vertex 2.85381 19.55 2.37763
    endloop
  endfacet
  facet normal -0.254332 0.0506704 0.965789
    outer loop
      vertex 2.79438 19.2512 2.37763
      vertex 1.76369 19.55 2.09053
      vertex 1.69598 19.5456 2.07293
    endloop
  endfacet
  facet normal -0.123839 0.0420586 0.991411
    outer loop
      vertex 0.568571 19.8477 1.91927
      vertex 0.774237 19.7289 1.95
      vertex 0.794037 19.7872 1.95
    endloop
  endfacet
  facet normal -0.123874 0.0419983 0.991409
    outer loop
      vertex 0.774237 19.7289 1.95
      vertex 0.568571 19.8477 1.91927
      vertex 0.543821 19.7747 1.91927
    endloop
  endfacet
  facet normal -0.124366 0.038935 0.991472
    outer loop
      vertex 1.69598 19.5456 2.07293
      vertex 1.67942 19.55 2.07068
      vertex 1.67368 19.55 2.06996
    endloop
  endfacet
  facet normal -0.25437 0.051452 0.965737
    outer loop
      vertex 1.76369 19.55 2.09053
      vertex 1.69687 19.55 2.07293
      vertex 1.69598 19.5456 2.07293
    endloop
  endfacet
  facet normal -0.130521 -0.00856078 0.991409
    outer loop
      vertex 0.822047 20 1.95
      vertex 0.819043 20.0458 1.95
      vertex 0.588628 20 1.91927
    endloop
  endfacet
  facet normal -0.117307 -0.0578449 0.99141
    outer loop
      vertex 1.52058 20.8779 2.07293
      vertex 1.0864 20.45 1.99659
      vertex 1.62216 20.6719 2.07293
    endloop
  endfacet
  facet normal -0.117347 -0.0578039 0.991407
    outer loop
      vertex 1.0864 20.45 1.99659
      vertex 1.52058 20.8779 2.07293
      vertex 0.880172 20.45 1.97218
    endloop
  endfacet
  facet normal -0.117319 -0.0578481 0.991408
    outer loop
      vertex 0.759473 20.3146 1.95
      vertex 0.739158 20.3558 1.95
      vertex 0.543821 20.2253 1.91927
    endloop
  endfacet
  facet normal -0.232596 -0.114694 0.965787
    outer loop
      vertex 1.62216 20.6719 2.07293
      vertex 2.67274 21.1071 2.37763
      vertex 1.52058 20.8779 2.07293
    endloop
  endfacet
  facet normal -0.254355 -0.0505901 0.965787
    outer loop
      vertex 2.79438 20.7488 2.37763
      vertex 1.76369 20.45 2.09053
      vertex 2.85381 20.45 2.37763
    endloop
  endfacet
  facet normal -0.254332 -0.0506704 0.965789
    outer loop
      vertex 1.76369 20.45 2.09053
      vertex 2.79438 20.7488 2.37763
      vertex 1.69598 20.4544 2.07293
    endloop
  endfacet
  facet normal -0.245568 -0.0833684 0.965788
    outer loop
      vertex 2.79438 20.7488 2.37763
      vertex 2.67274 21.1071 2.37763
      vertex 1.69598 20.4544 2.07293
    endloop
  endfacet
  facet normal -0.253064 -0.287694 0.923683
    outer loop
      vertex 1.81344 22.3209 2.4
      vertex 1.794 22.338 2.4
      vertex 1.76112 22.2951 2.37763
    endloop
  endfacet
  facet normal -0.0983443 -0.0862288 0.99141
    outer loop
      vertex 0.46699 20.3583 1.91927
      vertex 1.39298 21.0689 2.07293
      vertex 0.416223 20.4162 1.91927
    endloop
  endfacet
  facet normal -0.0516103 -0.254439 0.965711
    outer loop
      vertex 0.454437 21.696 2.07293
      vertex 0.45 21.7637 2.09053
      vertex 0.45 21.6969 2.07293
    endloop
  endfacet
  facet normal -0.114666 -0.232615 0.965786
    outer loop
      vertex 1.44648 22.5054 2.37763
      vertex 1.10709 22.6727 2.37763
      vertex 0.877906 21.5206 2.07293
    endloop
  endfacet
  facet normal -0.0726672 -0.108753 0.991409
    outer loop
      vertex 0.45 20.7794 1.96026
      vertex 1.06887 21.393 2.07293
      vertex 0.877906 21.5206 2.07293
    endloop
  endfacet
  facet normal -0.0726982 -0.108721 0.99141
    outer loop
      vertex 1.06887 21.393 2.07293
      vertex 0.45 20.7794 1.96026
      vertex 0.45 20.6873 1.95016
    endloop
  endfacet
  facet normal -0.0726444 -0.108796 0.991406
    outer loop
      vertex 0.449213 20.6864 1.95
      vertex 0.411023 20.7119 1.95
      vertex 0.294313 20.5098 1.91927
    endloop
  endfacet
  facet normal -0.169774 -0.344179 0.923427
    outer loop
      vertex 1.15094 22.7112 2.4
      vertex 1.44648 22.5054 2.37763
      vertex 1.47348 22.5521 2.4
    endloop
  endfacet
  facet normal -0.16943 -0.343711 0.923665
    outer loop
      vertex 1.44648 22.5054 2.37763
      vertex 1.15094 22.7112 2.4
      vertex 1.10709 22.6727 2.37763
    endloop
  endfacet
  facet normal -0.213201 -0.319076 0.923437
    outer loop
      vertex 1.44648 22.5054 2.37763
      vertex 1.7725 22.3523 2.4
      vertex 1.47348 22.5521 2.4
    endloop
  endfacet
  facet normal -0.213079 -0.318798 0.923561
    outer loop
      vertex 1.7725 22.3523 2.4
      vertex 1.44648 22.5054 2.37763
      vertex 1.76112 22.2951 2.37763
    endloop
  endfacet
  facet normal -0.171043 0.194955 0.965783
    outer loop
      vertex 1.76112 17.7049 2.37763
      vertex 1.24155 18.7585 2.07293
      vertex 1.06887 18.607 2.07293
    endloop
  endfacet
  facet normal -0.0862624 0.0983221 0.991409
    outer loop
      vertex 1.06887 18.607 2.07293
      vertex 1.24155 18.7585 2.07293
      vertex 0.416223 19.5838 1.91927
    endloop
  endfacet
  facet normal -0.123125 0.362535 0.923801
    outer loop
      vertex 0.748752 17.2056 2.37763
      vertex 1.10327 17.269 2.4
      vertex 1.10709 17.3273 2.37763
    endloop
  endfacet
  facet normal -0.123261 0.363422 0.923434
    outer loop
      vertex 1.10327 17.269 2.4
      vertex 0.748752 17.2056 2.37763
      vertex 0.76273 17.1535 2.4
    endloop
  endfacet
  facet normal 0.3187 -0.21301 0.923611
    outer loop
      vertex -2.29514 21.7611 2.37763
      vertex -2.33798 21.794 2.4
      vertex -2.35235 21.7725 2.4
    endloop
  endfacet
  facet normal 0.28801 -0.252973 0.92361
    outer loop
      vertex -2.29514 21.7611 2.37763
      vertex -2.32094 21.8134 2.4
      vertex -2.33798 21.794 2.4
    endloop
  endfacet
  facet normal 0.123865 -0.0420401 0.991408
    outer loop
      vertex -0.543821 20.2253 1.91927
      vertex -0.759473 20.3146 1.95
      vertex -0.774237 20.2711 1.95
    endloop
  endfacet
  facet normal 0.123859 -0.0420265 0.99141
    outer loop
      vertex -1.62216 20.6719 2.07293
      vertex -1.67368 20.45 2.06996
      vertex -1.0864 20.45 1.99659
    endloop
  endfacet
  facet normal 0.123754 -0.0420024 0.991424
    outer loop
      vertex -1.67368 20.45 2.06996
      vertex -1.62216 20.6719 2.07293
      vertex -1.69598 20.4544 2.07293
    endloop
  endfacet
  facet normal 0.117347 -0.0578039 0.991407
    outer loop
      vertex -1.52058 20.8779 2.07293
      vertex -1.0864 20.45 1.99659
      vertex -0.880172 20.45 1.97218
    endloop
  endfacet
  facet normal 0.117307 -0.0578449 0.99141
    outer loop
      vertex -1.0864 20.45 1.99659
      vertex -1.52058 20.8779 2.07293
      vertex -1.62216 20.6719 2.07293
    endloop
  endfacet
  facet normal 0.117319 -0.0578481 0.991408
    outer loop
      vertex -0.543821 20.2253 1.91927
      vertex -0.739158 20.3558 1.95
      vertex -0.759473 20.3146 1.95
    endloop
  endfacet
  facet normal 0.123874 0.0419983 0.991409
    outer loop
      vertex -0.568571 19.8477 1.91927
      vertex -0.774237 19.7289 1.95
      vertex -0.543821 19.7747 1.91927
    endloop
  endfacet
  facet normal 0.123839 0.0420586 0.991411
    outer loop
      vertex -0.774237 19.7289 1.95
      vertex -0.568571 19.8477 1.91927
      vertex -0.794037 19.7872 1.95
    endloop
  endfacet
  facet normal 0.124366 0.038935 0.991472
    outer loop
      vertex -1.67368 19.55 2.06996
      vertex -1.67942 19.55 2.07068
      vertex -1.69598 19.5456 2.07293
    endloop
  endfacet
  facet normal 0.128285 0.0254892 0.99141
    outer loop
      vertex -0.794037 19.7872 1.95
      vertex -0.568571 19.8477 1.91927
      vertex -0.802998 19.8323 1.95
    endloop
  endfacet
  facet normal 0.127838 0.0258582 0.991458
    outer loop
      vertex -1.69598 19.5456 2.07293
      vertex -1.67942 19.55 2.07068
      vertex -1.69687 19.55 2.07293
    endloop
  endfacet
  facet normal 0.144088 0.21564 0.965784
    outer loop
      vertex -0.877906 18.4794 2.07293
      vertex -1.06887 18.607 2.07293
      vertex -1.76112 17.7049 2.37763
    endloop
  endfacet
  facet normal 0.171043 0.194955 0.965783
    outer loop
      vertex -1.06887 18.607 2.07293
      vertex -1.24155 18.7585 2.07293
      vertex -1.76112 17.7049 2.37763
    endloop
  endfacet
  facet normal 0.00854401 0.130531 0.991407
    outer loop
      vertex 0 19.178 1.95
      vertex 0 19.4114 1.91927
      vertex -0.0458325 19.181 1.95
    endloop
  endfacet
  facet normal -0.114666 0.232615 0.965786
    outer loop
      vertex 1.10709 17.3273 2.37763
      vertex 1.44648 17.4946 2.37763
      vertex 0.877906 18.4794 2.07293
    endloop
  endfacet
  facet normal -0.083342 0.245603 0.965781
    outer loop
      vertex 1.10709 17.3273 2.37763
      vertex 0.67192 18.3778 2.07293
      vertex 0.454437 18.304 2.07293
    endloop
  endfacet
  facet normal -0.363163 0.123258 0.923537
    outer loop
      vertex 2.79438 19.2512 2.37763
      vertex 2.73095 18.8967 2.4
      vertex 2.84655 19.2373 2.4
    endloop
  endfacet
  facet normal -0.362986 0.123231 0.92361
    outer loop
      vertex 2.73095 18.8967 2.4
      vertex 2.79438 19.2512 2.37763
      vertex 2.67274 18.8929 2.37763
    endloop
  endfacet
  facet normal -0.245568 0.0833684 0.965788
    outer loop
      vertex 2.67274 18.8929 2.37763
      vertex 2.79438 19.2512 2.37763
      vertex 1.69598 19.5456 2.07293
    endloop
  endfacet
  facet normal -0.362985 -0.123119 0.923625
    outer loop
      vertex 2.73095 21.1033 2.4
      vertex 2.72264 21.1278 2.4
      vertex 2.67274 21.1071 2.37763
    endloop
  endfacet
  facet normal -0.128283 -0.0255207 0.991409
    outer loop
      vertex 0.802998 20.1677 1.95
      vertex 0.583591 20.0768 1.91927
      vertex 0.815014 20.1073 1.95
    endloop
  endfacet
  facet normal -0.128283 -0.0255207 0.991409
    outer loop
      vertex 0.583591 20.0768 1.91927
      vertex 0.802998 20.1677 1.95
      vertex 0.568571 20.1523 1.91927
    endloop
  endfacet
  facet normal -0.130519 -0.00855062 0.991409
    outer loop
      vertex 0.583591 20.0768 1.91927
      vertex 0.819043 20.0458 1.95
      vertex 0.815014 20.1073 1.95
    endloop
  endfacet
  facet normal -0.130521 -0.00856032 0.991409
    outer loop
      vertex 0.819043 20.0458 1.95
      vertex 0.583591 20.0768 1.91927
      vertex 0.588628 20 1.91927
    endloop
  endfacet
  facet normal -0.111542 -0.0694648 0.991329
    outer loop
      vertex 1.39298 21.0689 2.07293
      vertex 0.685871 20.45 1.95
      vertex 0.687293 20.45 1.95016
    endloop
  endfacet
  facet normal -0.10874 -0.072681 0.99141
    outer loop
      vertex 0.685871 20.45 1.95
      vertex 0.46699 20.3583 1.91927
      vertex 0.509767 20.2943 1.91927
    endloop
  endfacet
  facet normal -0.10874 -0.0726826 0.99141
    outer loop
      vertex 0.46699 20.3583 1.91927
      vertex 0.685871 20.45 1.95
      vertex 1.39298 21.0689 2.07293
    endloop
  endfacet
  facet normal -0.109477 -0.0718441 0.99139
    outer loop
      vertex 0.686396 20.4492 1.95
      vertex 0.685871 20.45 1.95
      vertex 0.509767 20.2943 1.91927
    endloop
  endfacet
  facet normal -0.0983218 -0.0862623 0.991409
    outer loop
      vertex 1.39298 21.0689 2.07293
      vertex 1.24155 21.2415 2.07293
      vertex 0.416223 20.4162 1.91927
    endloop
  endfacet
  facet normal 0.0420555 -0.123892 0.991404
    outer loop
      vertex -0.27109 20.7742 1.95
      vertex -0.152348 20.5686 1.91927
      vertex -0.212761 20.794 1.95
    endloop
  endfacet
  facet normal 0.0421272 -0.12385 0.991406
    outer loop
      vertex -0.152348 20.5686 1.91927
      vertex -0.27109 20.7742 1.95
      vertex -0.225258 20.5438 1.91927
    endloop
  endfacet
  facet normal 0.0342262 -0.125247 0.991535
    outer loop
      vertex -0.45 21.6737 2.06996
      vertex -0.45 21.6794 2.07068
      vertex -0.454437 21.696 2.07293
    endloop
  endfacet
  facet normal 0.0256314 -0.128294 0.991405
    outer loop
      vertex -0.152348 20.5686 1.91927
      vertex -0.167713 20.803 1.95
      vertex -0.212761 20.794 1.95
    endloop
  endfacet
  facet normal 0.0258578 -0.127479 0.991504
    outer loop
      vertex -0.45 21.6794 2.07068
      vertex -0.45 21.6969 2.07293
      vertex -0.454437 21.696 2.07293
    endloop
  endfacet
  facet normal -0.0256314 -0.128294 0.991405
    outer loop
      vertex 0.212761 20.794 1.95
      vertex 0.167713 20.803 1.95
      vertex 0.152348 20.5686 1.91927
    endloop
  endfacet
  facet normal -0.0258578 -0.127479 0.991504
    outer loop
      vertex 0.454437 21.696 2.07293
      vertex 0.45 21.6969 2.07293
      vertex 0.45 21.6794 2.07068
    endloop
  endfacet
  facet normal -0.0505736 -0.25436 0.965786
    outer loop
      vertex 0.45 21.7637 2.09053
      vertex 0.748752 22.7944 2.37763
      vertex 0.45 22.8538 2.37763
    endloop
  endfacet
  facet normal -0.0504863 -0.254384 0.965785
    outer loop
      vertex 0.748752 22.7944 2.37763
      vertex 0.45 21.7637 2.09053
      vertex 0.454437 21.696 2.07293
    endloop
  endfacet
  facet normal -0.0748444 -0.3757 0.923714
    outer loop
      vertex 0.45 22.8538 2.37763
      vertex 0.76273 22.8465 2.4
      vertex 0.45 22.9088 2.4
    endloop
  endfacet
  facet normal -0.0748403 -0.376409 0.923426
    outer loop
      vertex 0.76273 22.8465 2.4
      vertex 0.45 22.8538 2.37763
      vertex 0.748752 22.7944 2.37763
    endloop
  endfacet
  facet normal -0.0258578 0.127479 0.991504
    outer loop
      vertex 0.454437 18.304 2.07293
      vertex 0.45 18.3206 2.07068
      vertex 0.45 18.3031 2.07293
    endloop
  endfacet
  facet normal -0.0256314 0.128294 0.991405
    outer loop
      vertex 0.167713 19.197 1.95
      vertex 0.212761 19.206 1.95
      vertex 0.152348 19.4314 1.91927
    endloop
  endfacet
  facet normal -0.0504863 0.254384 0.965785
    outer loop
      vertex 0.45 18.2363 2.09053
      vertex 0.748752 17.2056 2.37763
      vertex 0.454437 18.304 2.07293
    endloop
  endfacet
  facet normal -0.0505736 0.25436 0.965786
    outer loop
      vertex 0.748752 17.2056 2.37763
      vertex 0.45 18.2363 2.09053
      vertex 0.45 17.1462 2.37763
    endloop
  endfacet
  facet normal 0.0342262 0.125247 0.991535
    outer loop
      vertex -0.45 18.3206 2.07068
      vertex -0.45 18.3263 2.06996
      vertex -0.454437 18.304 2.07293
    endloop
  endfacet
  facet normal 0.0421272 0.12385 0.991406
    outer loop
      vertex -0.27109 19.2258 1.95
      vertex -0.152348 19.4314 1.91927
      vertex -0.225258 19.4562 1.91927
    endloop
  endfacet
  facet normal 0.0420555 0.123892 0.991404
    outer loop
      vertex -0.152348 19.4314 1.91927
      vertex -0.27109 19.2258 1.95
      vertex -0.212761 19.206 1.95
    endloop
  endfacet
  facet normal 0.00849532 0.130541 0.991407
    outer loop
      vertex -0.0768309 19.4164 1.91927
      vertex -0.0458325 19.181 1.95
      vertex 0 19.4114 1.91927
    endloop
  endfacet
  facet normal 0.00849521 0.130541 0.991407
    outer loop
      vertex -0.0458325 19.181 1.95
      vertex -0.0768309 19.4164 1.91927
      vertex -0.107298 19.185 1.95
    endloop
  endfacet
  facet normal -0.0516103 0.254439 0.965711
    outer loop
      vertex 0.454437 18.304 2.07293
      vertex 0.45 18.3031 2.07293
      vertex 0.45 18.2363 2.09053
    endloop
  endfacet
  facet normal 0.318709 -0.212976 0.923616
    outer loop
      vertex -2.35235 21.7725 2.4
      vertex -2.50537 21.4465 2.37763
      vertex -2.29514 21.7611 2.37763
    endloop
  endfacet
  facet normal 0.318734 -0.212987 0.923604
    outer loop
      vertex -2.50537 21.4465 2.37763
      vertex -2.35235 21.7725 2.4
      vertex -2.55215 21.4735 2.4
    endloop
  endfacet
  facet normal 0.215625 -0.14409 0.965787
    outer loop
      vertex -1.52058 20.8779 2.07293
      vertex -2.29514 21.7611 2.37763
      vertex -2.50537 21.4465 2.37763
    endloop
  endfacet
  facet normal 0.117297 -0.0578786 0.991409
    outer loop
      vertex -0.880172 20.45 1.97218
      vertex -0.779423 20.45 1.96026
      vertex -1.52058 20.8779 2.07293
    endloop
  endfacet
  facet normal 0.117292 -0.0578897 0.991409
    outer loop
      vertex -0.739158 20.3558 1.95
      vertex -0.509767 20.2943 1.91927
      vertex -0.711914 20.411 1.95
    endloop
  endfacet
  facet normal 0.117293 -0.0578882 0.991409
    outer loop
      vertex -0.509767 20.2943 1.91927
      vertex -0.739158 20.3558 1.95
      vertex -0.543821 20.2253 1.91927
    endloop
  endfacet
  facet normal 0.128285 -0.0254892 0.99141
    outer loop
      vertex -0.568571 20.1523 1.91927
      vertex -0.794037 20.2128 1.95
      vertex -0.802998 20.1677 1.95
    endloop
  endfacet
  facet normal 0.127838 -0.0258582 0.991458
    outer loop
      vertex -1.67942 20.45 2.07068
      vertex -1.69598 20.4544 2.07293
      vertex -1.69687 20.45 2.07293
    endloop
  endfacet
  facet normal 0.123874 -0.0419983 0.991409
    outer loop
      vertex -0.774237 20.2711 1.95
      vertex -0.568571 20.1523 1.91927
      vertex -0.543821 20.2253 1.91927
    endloop
  endfacet
  facet normal 0.123839 -0.0420586 0.991411
    outer loop
      vertex -0.568571 20.1523 1.91927
      vertex -0.774237 20.2711 1.95
      vertex -0.794037 20.2128 1.95
    endloop
  endfacet
  facet normal 0.124366 -0.038935 0.991472
    outer loop
      vertex -1.67942 20.45 2.07068
      vertex -1.67368 20.45 2.06996
      vertex -1.69598 20.4544 2.07293
    endloop
  endfacet
  facet normal 0.130521 0.00856032 0.991409
    outer loop
      vertex -0.819043 19.9542 1.95
      vertex -0.583591 19.9232 1.91927
      vertex -0.588628 20 1.91927
    endloop
  endfacet
  facet normal 0.130519 0.00855062 0.991409
    outer loop
      vertex -0.583591 19.9232 1.91927
      vertex -0.819043 19.9542 1.95
      vertex -0.815014 19.8927 1.95
    endloop
  endfacet
  facet normal 0.0258578 0.127479 0.991504
    outer loop
      vertex -0.45 18.3031 2.07293
      vertex -0.45 18.3206 2.07068
      vertex -0.454437 18.304 2.07293
    endloop
  endfacet
  facet normal 0.0256314 0.128294 0.991405
    outer loop
      vertex -0.167713 19.197 1.95
      vertex -0.152348 19.4314 1.91927
      vertex -0.212761 19.206 1.95
    endloop
  endfacet
  facet normal 0.0420106 0.123855 0.991411
    outer loop
      vertex -0.67192 18.3778 2.07293
      vertex -0.45 18.3263 2.06996
      vertex -0.45 18.9136 1.99659
    endloop
  endfacet
  facet normal 0.0419731 0.123691 0.991433
    outer loop
      vertex -0.45 18.3263 2.06996
      vertex -0.67192 18.3778 2.07293
      vertex -0.454437 18.304 2.07293
    endloop
  endfacet
  facet normal 0.0418758 0.123901 0.991411
    outer loop
      vertex -0.27109 19.2258 1.95
      vertex -0.225258 19.4562 1.91927
      vertex -0.314584 19.2405 1.95
    endloop
  endfacet
  facet normal 0.0862745 0.0983139 0.991409
    outer loop
      vertex -0.358334 19.533 1.91927
      vertex -0.416223 19.5838 1.91927
      vertex -1.06887 18.607 2.07293
    endloop
  endfacet
  facet normal -0.00849521 0.130541 0.991407
    outer loop
      vertex 0.0768309 19.4164 1.91927
      vertex 0.0458325 19.181 1.95
      vertex 0.107298 19.185 1.95
    endloop
  endfacet
  facet normal -0.00849532 0.130541 0.991407
    outer loop
      vertex 0.0458325 19.181 1.95
      vertex 0.0768309 19.4164 1.91927
      vertex 0 19.4114 1.91927
    endloop
  endfacet
  facet normal -0.00854401 0.130531 0.991407
    outer loop
      vertex 0.0458325 19.181 1.95
      vertex 0 19.4114 1.91927
      vertex 0 19.178 1.95
    endloop
  endfacet
  facet normal -0.0418758 0.123901 0.991411
    outer loop
      vertex 0.27109 19.2258 1.95
      vertex 0.314584 19.2405 1.95
      vertex 0.225258 19.4562 1.91927
    endloop
  endfacet
  facet normal -0.0420106 0.123855 0.991411
    outer loop
      vertex 0.45 18.3263 2.06996
      vertex 0.67192 18.3778 2.07293
      vertex 0.45 18.9136 1.99659
    endloop
  endfacet
  facet normal -0.0419731 0.123691 0.991433
    outer loop
      vertex 0.67192 18.3778 2.07293
      vertex 0.45 18.3263 2.06996
      vertex 0.454437 18.304 2.07293
    endloop
  endfacet
  facet normal -0.0578063 0.117304 0.991412
    outer loop
      vertex 0.314584 19.2405 1.95
      vertex 0.355778 19.2608 1.95
      vertex 0.225258 19.4562 1.91927
    endloop
  endfacet
  facet normal -0.0577814 0.117363 0.991407
    outer loop
      vertex 0.45 18.9136 1.99659
      vertex 0.877906 18.4794 2.07293
      vertex 0.45 19.1198 1.97218
    endloop
  endfacet
  facet normal -0.0578532 0.117293 0.991411
    outer loop
      vertex 0.877906 18.4794 2.07293
      vertex 0.45 18.9136 1.99659
      vertex 0.67192 18.3778 2.07293
    endloop
  endfacet
  facet normal -0.0726883 0.108739 0.991409
    outer loop
      vertex 0.358334 19.533 1.91927
      vertex 0.45 19.3141 1.95
      vertex 1.06887 18.607 2.07293
    endloop
  endfacet
  facet normal -0.0726938 0.108737 0.991409
    outer loop
      vertex 0.294313 19.4902 1.91927
      vertex 0.45 19.3141 1.95
      vertex 0.358334 19.533 1.91927
    endloop
  endfacet
  facet normal -0.0703775 0.110774 0.991351
    outer loop
      vertex 0.45 19.3141 1.95
      vertex 0.294313 19.4902 1.91927
      vertex 0.449213 19.3136 1.95
    endloop
  endfacet
  facet normal -0.067463 0.113288 0.991269
    outer loop
      vertex 1.06887 18.607 2.07293
      vertex 0.45 19.3141 1.95
      vertex 0.45 19.3127 1.95016
    endloop
  endfacet
  facet normal -0.0726444 0.108796 0.991406
    outer loop
      vertex 0.411023 19.2881 1.95
      vertex 0.449213 19.3136 1.95
      vertex 0.294313 19.4902 1.91927
    endloop
  endfacet
  facet normal -0.0726982 0.108721 0.99141
    outer loop
      vertex 0.45 19.2206 1.96026
      vertex 1.06887 18.607 2.07293
      vertex 0.45 19.3127 1.95016
    endloop
  endfacet
  facet normal -0.0726672 0.108753 0.991409
    outer loop
      vertex 1.06887 18.607 2.07293
      vertex 0.45 19.2206 1.96026
      vertex 0.877906 18.4794 2.07293
    endloop
  endfacet
  facet normal -0.362985 0.123119 0.923625
    outer loop
      vertex 2.72264 18.8722 2.4
      vertex 2.73095 18.8967 2.4
      vertex 2.67274 18.8929 2.37763
    endloop
  endfacet
  facet normal -0.123839 -0.0420586 0.991411
    outer loop
      vertex 0.774237 20.2711 1.95
      vertex 0.568571 20.1523 1.91927
      vertex 0.794037 20.2128 1.95
    endloop
  endfacet
  facet normal -0.123874 -0.0419983 0.991409
    outer loop
      vertex 0.568571 20.1523 1.91927
      vertex 0.774237 20.2711 1.95
      vertex 0.543821 20.2253 1.91927
    endloop
  endfacet
  facet normal -0.124366 -0.038935 0.991472
    outer loop
      vertex 1.67942 20.45 2.07068
      vertex 1.69598 20.4544 2.07293
      vertex 1.67368 20.45 2.06996
    endloop
  endfacet
  facet normal -0.171043 -0.194955 0.965783
    outer loop
      vertex 1.24155 21.2415 2.07293
      vertex 1.76112 22.2951 2.37763
      vertex 1.06887 21.393 2.07293
    endloop
  endfacet
  facet normal -0.0862624 -0.0983221 0.991409
    outer loop
      vertex 1.24155 21.2415 2.07293
      vertex 1.06887 21.393 2.07293
      vertex 0.416223 20.4162 1.91927
    endloop
  endfacet
  facet normal 0.0726444 -0.108796 0.991406
    outer loop
      vertex -0.294313 20.5098 1.91927
      vertex -0.411023 20.7119 1.95
      vertex -0.449213 20.6864 1.95
    endloop
  endfacet
  facet normal 0.0726672 -0.108753 0.991409
    outer loop
      vertex -1.06887 21.393 2.07293
      vertex -0.45 20.7794 1.96026
      vertex -0.877906 21.5206 2.07293
    endloop
  endfacet
  facet normal 0.0726982 -0.108721 0.99141
    outer loop
      vertex -0.45 20.7794 1.96026
      vertex -1.06887 21.393 2.07293
      vertex -0.45 20.6873 1.95016
    endloop
  endfacet
  facet normal 0.0577684 -0.117329 0.991411
    outer loop
      vertex -0.355778 20.7392 1.95
      vertex -0.294313 20.5098 1.91927
      vertex -0.225258 20.5438 1.91927
    endloop
  endfacet
  facet normal 0.0579547 -0.117279 0.991407
    outer loop
      vertex -0.294313 20.5098 1.91927
      vertex -0.355778 20.7392 1.95
      vertex -0.411023 20.7119 1.95
    endloop
  endfacet
  facet normal 0.0579689 -0.117238 0.991411
    outer loop
      vertex -0.45 20.7794 1.96026
      vertex -0.45 20.8802 1.97218
      vertex -0.877906 21.5206 2.07293
    endloop
  endfacet
  facet normal 0.0254845 -0.128304 0.991407
    outer loop
      vertex -0.167713 20.803 1.95
      vertex -0.0768309 20.5836 1.91927
      vertex -0.107298 20.815 1.95
    endloop
  endfacet
  facet normal 0.025485 -0.128304 0.991407
    outer loop
      vertex -0.0768309 20.5836 1.91927
      vertex -0.167713 20.803 1.95
      vertex -0.152348 20.5686 1.91927
    endloop
  endfacet
  facet normal -0.00854401 -0.130531 0.991407
    outer loop
      vertex 0.0458325 20.819 1.95
      vertex 0 20.822 1.95
      vertex 0 20.5886 1.91927
    endloop
  endfacet
  facet normal -0.0578532 -0.117293 0.991411
    outer loop
      vertex 0.45 21.0864 1.99659
      vertex 0.877906 21.5206 2.07293
      vertex 0.67192 21.6222 2.07293
    endloop
  endfacet
  facet normal -0.0577814 -0.117363 0.991407
    outer loop
      vertex 0.877906 21.5206 2.07293
      vertex 0.45 21.0864 1.99659
      vertex 0.45 20.8802 1.97218
    endloop
  endfacet
  facet normal -0.0578063 -0.117304 0.991412
    outer loop
      vertex 0.355778 20.7392 1.95
      vertex 0.314584 20.7595 1.95
      vertex 0.225258 20.5438 1.91927
    endloop
  endfacet
  facet normal -0.0419731 -0.123691 0.991433
    outer loop
      vertex 0.45 21.6737 2.06996
      vertex 0.67192 21.6222 2.07293
      vertex 0.454437 21.696 2.07293
    endloop
  endfacet
  facet normal -0.0420106 -0.123855 0.991411
    outer loop
      vertex 0.67192 21.6222 2.07293
      vertex 0.45 21.6737 2.06996
      vertex 0.45 21.0864 1.99659
    endloop
  endfacet
  facet normal -0.0418758 -0.123901 0.991411
    outer loop
      vertex 0.314584 20.7595 1.95
      vertex 0.27109 20.7742 1.95
      vertex 0.225258 20.5438 1.91927
    endloop
  endfacet
  facet normal 0.0862745 -0.0983139 0.991409
    outer loop
      vertex -0.416223 20.4162 1.91927
      vertex -0.358334 20.467 1.91927
      vertex -1.06887 21.393 2.07293
    endloop
  endfacet
  facet normal 0.130519 -0.00855062 0.991409
    outer loop
      vertex -0.819043 20.0458 1.95
      vertex -0.583591 20.0768 1.91927
      vertex -0.815014 20.1073 1.95
    endloop
  endfacet
  facet normal 0.130521 -0.00856032 0.991409
    outer loop
      vertex -0.583591 20.0768 1.91927
      vertex -0.819043 20.0458 1.95
      vertex -0.588628 20 1.91927
    endloop
  endfacet
  facet normal 0.128283 -0.0255207 0.991409
    outer loop
      vertex -0.802998 20.1677 1.95
      vertex -0.583591 20.0768 1.91927
      vertex -0.568571 20.1523 1.91927
    endloop
  endfacet
  facet normal 0.128283 -0.0255207 0.991409
    outer loop
      vertex -0.583591 20.0768 1.91927
      vertex -0.802998 20.1677 1.95
      vertex -0.815014 20.1073 1.95
    endloop
  endfacet
  facet normal 0.117297 0.0578786 0.991409
    outer loop
      vertex -0.779423 19.55 1.96026
      vertex -0.880172 19.55 1.97218
      vertex -1.52058 19.1221 2.07293
    endloop
  endfacet
  facet normal 0.117293 0.0578882 0.991409
    outer loop
      vertex -0.739158 19.6442 1.95
      vertex -0.509767 19.7057 1.91927
      vertex -0.543821 19.7747 1.91927
    endloop
  endfacet
  facet normal 0.117292 0.0578897 0.991409
    outer loop
      vertex -0.509767 19.7057 1.91927
      vertex -0.739158 19.6442 1.95
      vertex -0.711914 19.589 1.95
    endloop
  endfacet
  facet normal 0.114728 0.232601 0.965782
    outer loop
      vertex -0.67192 18.3778 2.07293
      vertex -0.877906 18.4794 2.07293
      vertex -1.10709 17.3273 2.37763
    endloop
  endfacet
  facet normal 0.0578063 0.117304 0.991412
    outer loop
      vertex -0.314584 19.2405 1.95
      vertex -0.225258 19.4562 1.91927
      vertex -0.355778 19.2608 1.95
    endloop
  endfacet
  facet normal 0.0577814 0.117363 0.991407
    outer loop
      vertex -0.877906 18.4794 2.07293
      vertex -0.45 18.9136 1.99659
      vertex -0.45 19.1198 1.97218
    endloop
  endfacet
  facet normal 0.0578532 0.117293 0.991411
    outer loop
      vertex -0.45 18.9136 1.99659
      vertex -0.877906 18.4794 2.07293
      vertex -0.67192 18.3778 2.07293
    endloop
  endfacet
  facet normal 0.0726982 0.108721 0.99141
    outer loop
      vertex -1.06887 18.607 2.07293
      vertex -0.45 19.2206 1.96026
      vertex -0.45 19.3127 1.95016
    endloop
  endfacet
  facet normal 0.0726672 0.108753 0.991409
    outer loop
      vertex -0.45 19.2206 1.96026
      vertex -1.06887 18.607 2.07293
      vertex -0.877906 18.4794 2.07293
    endloop
  endfacet
  facet normal 0.0726444 0.108796 0.991406
    outer loop
      vertex -0.411023 19.2881 1.95
      vertex -0.294313 19.4902 1.91927
      vertex -0.449213 19.3136 1.95
    endloop
  endfacet
  facet normal -0.025485 0.128304 0.991407
    outer loop
      vertex 0.0768309 19.4164 1.91927
      vertex 0.167713 19.197 1.95
      vertex 0.152348 19.4314 1.91927
    endloop
  endfacet
  facet normal -0.0254845 0.128304 0.991407
    outer loop
      vertex 0.167713 19.197 1.95
      vertex 0.0768309 19.4164 1.91927
      vertex 0.107298 19.185 1.95
    endloop
  endfacet
  facet normal -0.194977 -0.170997 0.965787
    outer loop
      vertex 2.29514 21.7611 2.37763
      vertex 2.04563 22.0456 2.37763
      vertex 1.24155 21.2415 2.07293
    endloop
  endfacet
  facet normal -0.194953 -0.171042 0.965784
    outer loop
      vertex 1.39298 21.0689 2.07293
      vertex 2.29514 21.7611 2.37763
      vertex 1.24155 21.2415 2.07293
    endloop
  endfacet
  facet normal -0.067463 -0.113288 0.991269
    outer loop
      vertex 0.45 20.6859 1.95
      vertex 1.06887 21.393 2.07293
      vertex 0.45 20.6873 1.95016
    endloop
  endfacet
  facet normal -0.0726883 -0.108739 0.991409
    outer loop
      vertex 0.45 20.6859 1.95
      vertex 0.358334 20.467 1.91927
      vertex 1.06887 21.393 2.07293
    endloop
  endfacet
  facet normal -0.0703775 -0.110774 0.991351
    outer loop
      vertex 0.294313 20.5098 1.91927
      vertex 0.45 20.6859 1.95
      vertex 0.449213 20.6864 1.95
    endloop
  endfacet
  facet normal -0.0726938 -0.108737 0.991409
    outer loop
      vertex 0.45 20.6859 1.95
      vertex 0.294313 20.5098 1.91927
      vertex 0.358334 20.467 1.91927
    endloop
  endfacet
  facet normal -0.0862745 -0.0983139 0.991409
    outer loop
      vertex 0.416223 20.4162 1.91927
      vertex 1.06887 21.393 2.07293
      vertex 0.358334 20.467 1.91927
    endloop
  endfacet
  facet normal 0.0516103 -0.254439 0.965711
    outer loop
      vertex -0.45 21.6969 2.07293
      vertex -0.45 21.7637 2.09053
      vertex -0.454437 21.696 2.07293
    endloop
  endfacet
  facet normal -0.00849521 -0.130541 0.991407
    outer loop
      vertex 0.0458325 20.819 1.95
      vertex 0.0768309 20.5836 1.91927
      vertex 0.107298 20.815 1.95
    endloop
  endfacet
  facet normal -0.00849532 -0.130541 0.991407
    outer loop
      vertex 0.0768309 20.5836 1.91927
      vertex 0.0458325 20.819 1.95
      vertex 0 20.5886 1.91927
    endloop
  endfacet
  facet normal -0.0254845 -0.128304 0.991407
    outer loop
      vertex 0.0768309 20.5836 1.91927
      vertex 0.167713 20.803 1.95
      vertex 0.107298 20.815 1.95
    endloop
  endfacet
  facet normal -0.025485 -0.128304 0.991407
    outer loop
      vertex 0.167713 20.803 1.95
      vertex 0.0768309 20.5836 1.91927
      vertex 0.152348 20.5686 1.91927
    endloop
  endfacet
  facet normal -0.0579689 -0.117238 0.991411
    outer loop
      vertex 0.877906 21.5206 2.07293
      vertex 0.45 20.8802 1.97218
      vertex 0.45 20.7794 1.96026
    endloop
  endfacet
  facet normal -0.0579547 -0.117279 0.991407
    outer loop
      vertex 0.355778 20.7392 1.95
      vertex 0.294313 20.5098 1.91927
      vertex 0.411023 20.7119 1.95
    endloop
  endfacet
  facet normal -0.0577684 -0.117329 0.991411
    outer loop
      vertex 0.294313 20.5098 1.91927
      vertex 0.355778 20.7392 1.95
      vertex 0.225258 20.5438 1.91927
    endloop
  endfacet
  facet normal 0.0983443 -0.0862288 0.99141
    outer loop
      vertex -0.46699 20.3583 1.91927
      vertex -0.416223 20.4162 1.91927
      vertex -1.39298 21.0689 2.07293
    endloop
  endfacet
  facet normal 0.109477 0.0718441 0.99139
    outer loop
      vertex -0.509767 19.7057 1.91927
      vertex -0.686396 19.5508 1.95
      vertex -0.685871 19.55 1.95
    endloop
  endfacet
  facet normal 0.10874 0.072681 0.99141
    outer loop
      vertex -0.685871 19.55 1.95
      vertex -0.46699 19.6417 1.91927
      vertex -0.509767 19.7057 1.91927
    endloop
  endfacet
  facet normal 0.10874 0.0726826 0.99141
    outer loop
      vertex -0.685871 19.55 1.95
      vertex -1.39298 18.9311 2.07293
      vertex -0.46699 19.6417 1.91927
    endloop
  endfacet
  facet normal 0.111542 0.0694648 0.991329
    outer loop
      vertex -1.39298 18.9311 2.07293
      vertex -0.685871 19.55 1.95
      vertex -0.687293 19.55 1.95016
    endloop
  endfacet
  facet normal 0.0577684 0.117329 0.991411
    outer loop
      vertex -0.294313 19.4902 1.91927
      vertex -0.355778 19.2608 1.95
      vertex -0.225258 19.4562 1.91927
    endloop
  endfacet
  facet normal 0.0579547 0.117279 0.991407
    outer loop
      vertex -0.355778 19.2608 1.95
      vertex -0.294313 19.4902 1.91927
      vertex -0.411023 19.2881 1.95
    endloop
  endfacet
  facet normal 0.0579689 0.117238 0.991411
    outer loop
      vertex -0.45 19.1198 1.97218
      vertex -0.45 19.2206 1.96026
      vertex -0.877906 18.4794 2.07293
    endloop
  endfacet
  facet normal 0.0726938 0.108737 0.991409
    outer loop
      vertex -0.45 19.3141 1.95
      vertex -0.294313 19.4902 1.91927
      vertex -0.358334 19.533 1.91927
    endloop
  endfacet
  facet normal 0.0703775 0.110774 0.991351
    outer loop
      vertex -0.294313 19.4902 1.91927
      vertex -0.45 19.3141 1.95
      vertex -0.449213 19.3136 1.95
    endloop
  endfacet
  facet normal 0.067463 0.113288 0.991269
    outer loop
      vertex -0.45 19.3141 1.95
      vertex -1.06887 18.607 2.07293
      vertex -0.45 19.3127 1.95016
    endloop
  endfacet
  facet normal 0.0726883 0.108739 0.991409
    outer loop
      vertex -1.06887 18.607 2.07293
      vertex -0.45 19.3141 1.95
      vertex -0.358334 19.533 1.91927
    endloop
  endfacet
  facet normal 0.00849532 -0.130541 0.991407
    outer loop
      vertex -0.0458325 20.819 1.95
      vertex -0.0768309 20.5836 1.91927
      vertex 0 20.5886 1.91927
    endloop
  endfacet
  facet normal 0.00849521 -0.130541 0.991407
    outer loop
      vertex -0.0768309 20.5836 1.91927
      vertex -0.0458325 20.819 1.95
      vertex -0.107298 20.815 1.95
    endloop
  endfacet
  facet normal -1 0 0
    outer loop
      vertex -3.9875 19.55 2.4
      vertex -3.9875 20.45 2.45
      vertex -3.9875 20.45 2.4
    endloop
  endfacet
  facet normal -1 -0 0
    outer loop
      vertex -3.9875 20.45 2.45
      vertex -3.9875 19.55 2.4
      vertex -3.9875 19.55 2.45
    endloop
  endfacet
  facet normal -0 0 1
    outer loop
      vertex -3.9875 20.45 2.45
      vertex -0.45 19.55 2.45
      vertex -0.45 20.45 2.45
    endloop
  endfacet
  facet normal 0 0 1
    outer loop
      vertex -0.45 19.55 2.45
      vertex -3.9875 20.45 2.45
      vertex -3.9875 19.55 2.45
    endloop
  endfacet
  facet normal 0 0 1
    outer loop
      vertex -0.45 20.45 2.45
      vertex 0.45 20.45 2.45
      vertex 0.45 23.9875 2.45
    endloop
  endfacet
  facet normal 0 0 1
    outer loop
      vertex 0.45 20.45 2.45
      vertex -0.45 20.45 2.45
      vertex 0.45 19.55 2.45
    endloop
  endfacet
  facet normal 0 0 1
    outer loop
      vertex -0.45 20.45 2.45
      vertex 0.45 23.9875 2.45
      vertex -0.45 23.9875 2.45
    endloop
  endfacet
  facet normal 0 0 1
    outer loop
      vertex -0.45 19.55 2.45
      vertex 0.45 19.55 2.45
      vertex -0.45 20.45 2.45
    endloop
  endfacet
  facet normal 0 0 1
    outer loop
      vertex 0.45 19.55 2.45
      vertex -0.45 19.55 2.45
      vertex 0.45 16.0125 2.45
    endloop
  endfacet
  facet normal 0 0 1
    outer loop
      vertex 0.45 16.0125 2.45
      vertex -0.45 19.55 2.45
      vertex -0.45 16.0125 2.45
    endloop
  endfacet
  facet normal -0 0 1
    outer loop
      vertex 0.45 20.45 2.45
      vertex 3.9875 19.55 2.45
      vertex 3.9875 20.45 2.45
    endloop
  endfacet
  facet normal 0 0 1
    outer loop
      vertex 3.9875 19.55 2.45
      vertex 0.45 20.45 2.45
      vertex 0.45 19.55 2.45
    endloop
  endfacet
  facet normal 1 -0 0
    outer loop
      vertex 3.9875 19.55 2.45
      vertex 3.9875 20.45 2.4
      vertex 3.9875 20.45 2.45
    endloop
  endfacet
  facet normal 1 0 0
    outer loop
      vertex 3.9875 20.45 2.4
      vertex 3.9875 19.55 2.45
      vertex 3.9875 19.55 2.4
    endloop
  endfacet
  facet normal 0 0 -1
    outer loop
      vertex -0.686396 19.5508 1.95
      vertex -0.45 19.55 1.95
      vertex -0.685871 19.55 1.95
    endloop
  endfacet
  facet normal 0 0 -1
    outer loop
      vertex -0.711914 19.589 1.95
      vertex -0.45 19.55 1.95
      vertex -0.686396 19.5508 1.95
    endloop
  endfacet
  facet normal 0 0 -1
    outer loop
      vertex -0.759473 19.6854 1.95
      vertex -0.45 19.55 1.95
      vertex -0.739158 19.6442 1.95
    endloop
  endfacet
  facet normal -0 0 -1
    outer loop
      vertex -0.45 20.45 1.95
      vertex -0.686396 20.4492 1.95
      vertex -0.685871 20.45 1.95
    endloop
  endfacet
  facet normal 0 0 -1
    outer loop
      vertex -0.45 19.55 1.95
      vertex -0.711914 19.589 1.95
      vertex -0.739158 19.6442 1.95
    endloop
  endfacet
  facet normal 0 0 -1
    outer loop
      vertex -0.794037 19.7872 1.95
      vertex -0.45 19.55 1.95
      vertex -0.774237 19.7289 1.95
    endloop
  endfacet
  facet normal 0 -0 -1
    outer loop
      vertex -0.711914 20.411 1.95
      vertex -0.45 20.45 1.95
      vertex -0.739158 20.3558 1.95
    endloop
  endfacet
  facet normal 0 0 -1
    outer loop
      vertex -0.45 20.45 1.95
      vertex -0.711914 20.411 1.95
      vertex -0.686396 20.4492 1.95
    endloop
  endfacet
  facet normal 0 0 -1
    outer loop
      vertex -0.45 19.55 1.95
      vertex -0.759473 19.6854 1.95
      vertex -0.774237 19.7289 1.95
    endloop
  endfacet
  facet normal 0 0 -1
    outer loop
      vertex -0.815014 19.8927 1.95
      vertex -0.45 19.55 1.95
      vertex -0.802998 19.8323 1.95
    endloop
  endfacet
  facet normal 0 -0 -1
    outer loop
      vertex -0.759473 20.3146 1.95
      vertex -0.45 20.45 1.95
      vertex -0.774237 20.2711 1.95
    endloop
  endfacet
  facet normal 0 0 -1
    outer loop
      vertex -0.45 20.45 1.95
      vertex -0.759473 20.3146 1.95
      vertex -0.739158 20.3558 1.95
    endloop
  endfacet
  facet normal 0 0 -1
    outer loop
      vertex -0.45 19.55 1.95
      vertex -0.794037 19.7872 1.95
      vertex -0.802998 19.8323 1.95
    endloop
  endfacet
  facet normal 0 0 -1
    outer loop
      vertex -0.45 19.55 1.95
      vertex -0.819043 19.9542 1.95
      vertex -0.45 20.45 1.95
    endloop
  endfacet
  facet normal 0 -0 -1
    outer loop
      vertex -0.794037 20.2128 1.95
      vertex -0.45 20.45 1.95
      vertex -0.802998 20.1677 1.95
    endloop
  endfacet
  facet normal 0 0 -1
    outer loop
      vertex -0.45 20.45 1.95
      vertex -0.794037 20.2128 1.95
      vertex -0.774237 20.2711 1.95
    endloop
  endfacet
  facet normal 0 0 -1
    outer loop
      vertex -0.45 19.55 1.95
      vertex -0.815014 19.8927 1.95
      vertex -0.819043 19.9542 1.95
    endloop
  endfacet
  facet normal 0 0 -1
    outer loop
      vertex -0.819043 20.0458 1.95
      vertex -0.45 20.45 1.95
      vertex -0.819043 19.9542 1.95
    endloop
  endfacet
  facet normal 0 -0 -1
    outer loop
      vertex -0.815014 20.1073 1.95
      vertex -0.45 20.45 1.95
      vertex -0.819043 20.0458 1.95
    endloop
  endfacet
  facet normal 0 0 -1
    outer loop
      vertex -0.45 20.45 1.95
      vertex -0.815014 20.1073 1.95
      vertex -0.802998 20.1677 1.95
    endloop
  endfacet
  facet normal 0 -0 -1
    outer loop
      vertex -0.819043 20.0458 1.95
      vertex -0.819043 19.9542 1.95
      vertex -0.822047 20 1.95
    endloop
  endfacet
  facet normal 0 0 -1
    outer loop
      vertex 0.449213 19.3136 1.95
      vertex 0.45 19.55 1.95
      vertex 0.45 19.3141 1.95
    endloop
  endfacet
  facet normal 0 0 -1
    outer loop
      vertex 0.45 19.55 1.95
      vertex -0.45 19.55 1.95
      vertex 0.45 20.45 1.95
    endloop
  endfacet
  facet normal 0 0 -1
    outer loop
      vertex 0.411023 19.2881 1.95
      vertex 0.45 19.55 1.95
      vertex 0.449213 19.3136 1.95
    endloop
  endfacet
  facet normal 0 0 -1
    outer loop
      vertex -0.45 20.45 1.95
      vertex 0.45 20.45 1.95
      vertex -0.45 19.55 1.95
    endloop
  endfacet
  facet normal 0 0 -1
    outer loop
      vertex 0.45 19.55 1.95
      vertex 0.411023 19.2881 1.95
      vertex 0.355778 19.2608 1.95
    endloop
  endfacet
  facet normal 0 -0 -1
    outer loop
      vertex 0.0458325 20.819 1.95
      vertex 0.45 20.45 1.95
      vertex -0.45 20.45 1.95
    endloop
  endfacet
  facet normal 0 0 -1
    outer loop
      vertex 0.314584 19.2405 1.95
      vertex 0.45 19.55 1.95
      vertex 0.355778 19.2608 1.95
    endloop
  endfacet
  facet normal 0 0 -1
    outer loop
      vertex 0.45 20.45 1.95
      vertex 0.449213 20.6864 1.95
      vertex 0.45 20.6859 1.95
    endloop
  endfacet
  facet normal 0 0 -1
    outer loop
      vertex 0.45 19.55 1.95
      vertex 0.314584 19.2405 1.95
      vertex 0.27109 19.2258 1.95
    endloop
  endfacet
  facet normal -0 -0 -1
    outer loop
      vertex 0.411023 20.7119 1.95
      vertex 0.45 20.45 1.95
      vertex 0.355778 20.7392 1.95
    endloop
  endfacet
  facet normal 0 0 -1
    outer loop
      vertex 0.212761 19.206 1.95
      vertex 0.45 19.55 1.95
      vertex 0.27109 19.2258 1.95
    endloop
  endfacet
  facet normal 0 0 -1
    outer loop
      vertex 0.45 20.45 1.95
      vertex 0.411023 20.7119 1.95
      vertex 0.449213 20.6864 1.95
    endloop
  endfacet
  facet normal 0 0 -1
    outer loop
      vertex 0.45 19.55 1.95
      vertex 0.212761 19.206 1.95
      vertex 0.167713 19.197 1.95
    endloop
  endfacet
  facet normal -0 -0 -1
    outer loop
      vertex 0.314584 20.7595 1.95
      vertex 0.45 20.45 1.95
      vertex 0.27109 20.7742 1.95
    endloop
  endfacet
  facet normal 0 0 -1
    outer loop
      vertex 0.107298 19.185 1.95
      vertex 0.45 19.55 1.95
      vertex 0.167713 19.197 1.95
    endloop
  endfacet
  facet normal 0 0 -1
    outer loop
      vertex 0.45 20.45 1.95
      vertex 0.314584 20.7595 1.95
      vertex 0.355778 20.7392 1.95
    endloop
  endfacet
  facet normal 0 0 -1
    outer loop
      vertex 0.45 19.55 1.95
      vertex 0.107298 19.185 1.95
      vertex 0.0458325 19.181 1.95
    endloop
  endfacet
  facet normal -0 -0 -1
    outer loop
      vertex 0.212761 20.794 1.95
      vertex 0.45 20.45 1.95
      vertex 0.167713 20.803 1.95
    endloop
  endfacet
  facet normal -0 0 -1
    outer loop
      vertex 0.45 19.55 1.95
      vertex 0.0458325 19.181 1.95
      vertex -0.45 19.55 1.95
    endloop
  endfacet
  facet normal 0 0 -1
    outer loop
      vertex 0.45 20.45 1.95
      vertex 0.212761 20.794 1.95
      vertex 0.27109 20.7742 1.95
    endloop
  endfacet
  facet normal 0 0 -1
    outer loop
      vertex -0.0458325 19.181 1.95
      vertex 0.0458325 19.181 1.95
      vertex 0 19.178 1.95
    endloop
  endfacet
  facet normal -0 -0 -1
    outer loop
      vertex 0.107298 20.815 1.95
      vertex 0.45 20.45 1.95
      vertex 0.0458325 20.819 1.95
    endloop
  endfacet
  facet normal 0 0 -1
    outer loop
      vertex 0.0458325 19.181 1.95
      vertex -0.0458325 19.181 1.95
      vertex -0.45 19.55 1.95
    endloop
  endfacet
  facet normal 0 0 -1
    outer loop
      vertex 0.45 20.45 1.95
      vertex 0.107298 20.815 1.95
      vertex 0.167713 20.803 1.95
    endloop
  endfacet
  facet normal 0 0 -1
    outer loop
      vertex -0.45 19.55 1.95
      vertex -0.0458325 19.181 1.95
      vertex -0.107298 19.185 1.95
    endloop
  endfacet
  facet normal 0 -0 -1
    outer loop
      vertex -0.0458325 20.819 1.95
      vertex 0.0458325 20.819 1.95
      vertex -0.45 20.45 1.95
    endloop
  endfacet
  facet normal 0 0 -1
    outer loop
      vertex -0.45 19.55 1.95
      vertex -0.107298 19.185 1.95
      vertex -0.167713 19.197 1.95
    endloop
  endfacet
  facet normal 0 0 -1
    outer loop
      vertex 0.0458325 20.819 1.95
      vertex -0.0458325 20.819 1.95
      vertex 0 20.822 1.95
    endloop
  endfacet
  facet normal 0 0 -1
    outer loop
      vertex -0.45 19.55 1.95
      vertex -0.167713 19.197 1.95
      vertex -0.212761 19.206 1.95
    endloop
  endfacet
  facet normal 0 0 -1
    outer loop
      vertex -0.0458325 20.819 1.95
      vertex -0.45 20.45 1.95
      vertex -0.107298 20.815 1.95
    endloop
  endfacet
  facet normal 0 0 -1
    outer loop
      vertex -0.45 19.55 1.95
      vertex -0.212761 19.206 1.95
      vertex -0.27109 19.2258 1.95
    endloop
  endfacet
  facet normal 0 0 -1
    outer loop
      vertex -0.107298 20.815 1.95
      vertex -0.45 20.45 1.95
      vertex -0.167713 20.803 1.95
    endloop
  endfacet
  facet normal 0 0 -1
    outer loop
      vertex -0.45 19.55 1.95
      vertex -0.27109 19.2258 1.95
      vertex -0.314584 19.2405 1.95
    endloop
  endfacet
  facet normal 0 0 -1
    outer loop
      vertex -0.167713 20.803 1.95
      vertex -0.45 20.45 1.95
      vertex -0.212761 20.794 1.95
    endloop
  endfacet
  facet normal 0 0 -1
    outer loop
      vertex -0.45 19.55 1.95
      vertex -0.314584 19.2405 1.95
      vertex -0.355778 19.2608 1.95
    endloop
  endfacet
  facet normal 0 0 -1
    outer loop
      vertex -0.212761 20.794 1.95
      vertex -0.45 20.45 1.95
      vertex -0.27109 20.7742 1.95
    endloop
  endfacet
  facet normal 0 0 -1
    outer loop
      vertex -0.45 19.55 1.95
      vertex -0.355778 19.2608 1.95
      vertex -0.411023 19.2881 1.95
    endloop
  endfacet
  facet normal 0 0 -1
    outer loop
      vertex -0.27109 20.7742 1.95
      vertex -0.45 20.45 1.95
      vertex -0.314584 20.7595 1.95
    endloop
  endfacet
  facet normal 0 0 -1
    outer loop
      vertex -0.45 19.55 1.95
      vertex -0.411023 19.2881 1.95
      vertex -0.449213 19.3136 1.95
    endloop
  endfacet
  facet normal 0 0 -1
    outer loop
      vertex -0.314584 20.7595 1.95
      vertex -0.45 20.45 1.95
      vertex -0.355778 20.7392 1.95
    endloop
  endfacet
  facet normal 0 0 -1
    outer loop
      vertex -0.45 19.55 1.95
      vertex -0.449213 19.3136 1.95
      vertex -0.45 19.3141 1.95
    endloop
  endfacet
  facet normal 0 0 -1
    outer loop
      vertex -0.355778 20.7392 1.95
      vertex -0.45 20.45 1.95
      vertex -0.411023 20.7119 1.95
    endloop
  endfacet
  facet normal 0 0 -1
    outer loop
      vertex -0.411023 20.7119 1.95
      vertex -0.45 20.45 1.95
      vertex -0.449213 20.6864 1.95
    endloop
  endfacet
  facet normal 0 0 -1
    outer loop
      vertex -0.449213 20.6864 1.95
      vertex -0.45 20.45 1.95
      vertex -0.45 20.6859 1.95
    endloop
  endfacet
  facet normal 0 0 -1
    outer loop
      vertex 0.819043 19.9542 1.95
      vertex 0.819043 20.0458 1.95
      vertex 0.822047 20 1.95
    endloop
  endfacet
  facet normal 0 0 -1
    outer loop
      vertex 0.45 19.55 1.95
      vertex 0.819043 19.9542 1.95
      vertex 0.815014 19.8927 1.95
    endloop
  endfacet
  facet normal -0 0 -1
    outer loop
      vertex 0.819043 19.9542 1.95
      vertex 0.45 19.55 1.95
      vertex 0.819043 20.0458 1.95
    endloop
  endfacet
  facet normal 0 0 -1
    outer loop
      vertex 0.45 19.55 1.95
      vertex 0.815014 19.8927 1.95
      vertex 0.802998 19.8323 1.95
    endloop
  endfacet
  facet normal 0 0 -1
    outer loop
      vertex 0.45 20.45 1.95
      vertex 0.819043 20.0458 1.95
      vertex 0.45 19.55 1.95
    endloop
  endfacet
  facet normal 0 0 -1
    outer loop
      vertex 0.45 19.55 1.95
      vertex 0.802998 19.8323 1.95
      vertex 0.794037 19.7872 1.95
    endloop
  endfacet
  facet normal 0 0 -1
    outer loop
      vertex 0.819043 20.0458 1.95
      vertex 0.45 20.45 1.95
      vertex 0.815014 20.1073 1.95
    endloop
  endfacet
  facet normal 0 0 -1
    outer loop
      vertex 0.45 19.55 1.95
      vertex 0.794037 19.7872 1.95
      vertex 0.774237 19.7289 1.95
    endloop
  endfacet
  facet normal 0 0 -1
    outer loop
      vertex 0.815014 20.1073 1.95
      vertex 0.45 20.45 1.95
      vertex 0.802998 20.1677 1.95
    endloop
  endfacet
  facet normal 0 0 -1
    outer loop
      vertex 0.45 19.55 1.95
      vertex 0.774237 19.7289 1.95
      vertex 0.759473 19.6854 1.95
    endloop
  endfacet
  facet normal 0 0 -1
    outer loop
      vertex 0.802998 20.1677 1.95
      vertex 0.45 20.45 1.95
      vertex 0.794037 20.2128 1.95
    endloop
  endfacet
  facet normal 0 0 -1
    outer loop
      vertex 0.45 19.55 1.95
      vertex 0.759473 19.6854 1.95
      vertex 0.739158 19.6442 1.95
    endloop
  endfacet
  facet normal 0 0 -1
    outer loop
      vertex 0.794037 20.2128 1.95
      vertex 0.45 20.45 1.95
      vertex 0.774237 20.2711 1.95
    endloop
  endfacet
  facet normal 0 0 -1
    outer loop
      vertex 0.45 19.55 1.95
      vertex 0.739158 19.6442 1.95
      vertex 0.711914 19.589 1.95
    endloop
  endfacet
  facet normal 0 0 -1
    outer loop
      vertex 0.774237 20.2711 1.95
      vertex 0.45 20.45 1.95
      vertex 0.759473 20.3146 1.95
    endloop
  endfacet
  facet normal 0 0 -1
    outer loop
      vertex 0.45 19.55 1.95
      vertex 0.711914 19.589 1.95
      vertex 0.686396 19.5508 1.95
    endloop
  endfacet
  facet normal 0 0 -1
    outer loop
      vertex 0.759473 20.3146 1.95
      vertex 0.45 20.45 1.95
      vertex 0.739158 20.3558 1.95
    endloop
  endfacet
  facet normal 0 0 -1
    outer loop
      vertex 0.45 19.55 1.95
      vertex 0.686396 19.5508 1.95
      vertex 0.685871 19.55 1.95
    endloop
  endfacet
  facet normal 0 0 -1
    outer loop
      vertex 0.739158 20.3558 1.95
      vertex 0.45 20.45 1.95
      vertex 0.711914 20.411 1.95
    endloop
  endfacet
  facet normal 0 0 -1
    outer loop
      vertex 0.711914 20.411 1.95
      vertex 0.45 20.45 1.95
      vertex 0.686396 20.4492 1.95
    endloop
  endfacet
  facet normal 0 0 -1
    outer loop
      vertex 0.686396 20.4492 1.95
      vertex 0.45 20.45 1.95
      vertex 0.685871 20.45 1.95
    endloop
  endfacet
  facet normal 0 -1 0
    outer loop
      vertex 0.45 19.55 2.45
      vertex 2.90875 19.55 2.4
      vertex 3.9875 19.55 2.45
    endloop
  endfacet
  facet normal 0 -1 0
    outer loop
      vertex 0.45 19.55 2.45
      vertex 2.85381 19.55 2.37763
      vertex 2.90875 19.55 2.4
    endloop
  endfacet
  facet normal 0 -1 0
    outer loop
      vertex 0.45 19.55 2.45
      vertex 1.76369 19.55 2.09053
      vertex 2.85381 19.55 2.37763
    endloop
  endfacet
  facet normal 0 -1 0
    outer loop
      vertex 1.67368 19.55 2.06996
      vertex 1.76369 19.55 2.09053
      vertex 0.45 19.55 2.45
    endloop
  endfacet
  facet normal 0 -1 0
    outer loop
      vertex 1.76369 19.55 2.09053
      vertex 1.67942 19.55 2.07068
      vertex 1.69687 19.55 2.07293
    endloop
  endfacet
  facet normal 0 -1 0
    outer loop
      vertex 1.76369 19.55 2.09053
      vertex 1.67368 19.55 2.06996
      vertex 1.67942 19.55 2.07068
    endloop
  endfacet
  facet normal 0 -1 0
    outer loop
      vertex 0.45 19.55 2.45
      vertex 1.0864 19.55 1.99659
      vertex 1.67368 19.55 2.06996
    endloop
  endfacet
  facet normal 0 -1 0
    outer loop
      vertex 0.45 19.55 2.45
      vertex 0.880172 19.55 1.97218
      vertex 1.0864 19.55 1.99659
    endloop
  endfacet
  facet normal 0 -1 0
    outer loop
      vertex 0.45 19.55 2.45
      vertex 0.779423 19.55 1.96026
      vertex 0.880172 19.55 1.97218
    endloop
  endfacet
  facet normal 0 -1 0
    outer loop
      vertex 0.45 19.55 2.45
      vertex 0.687293 19.55 1.95016
      vertex 0.779423 19.55 1.96026
    endloop
  endfacet
  facet normal 0 -1 0
    outer loop
      vertex 0.685871 19.55 1.95
      vertex 0.45 19.55 2.45
      vertex 0.45 19.55 1.95
    endloop
  endfacet
  facet normal 0 -1 0
    outer loop
      vertex 0.45 19.55 2.45
      vertex 0.685871 19.55 1.95
      vertex 0.687293 19.55 1.95016
    endloop
  endfacet
  facet normal 0 -1 -0
    outer loop
      vertex 3.9875 19.55 2.45
      vertex 2.90875 19.55 2.4
      vertex 3.9875 19.55 2.4
    endloop
  endfacet
  facet normal 0 -1 0
    outer loop
      vertex -2.90875 19.55 2.4
      vertex -3.9875 19.55 2.45
      vertex -3.9875 19.55 2.4
    endloop
  endfacet
  facet normal 0 -1 0
    outer loop
      vertex -3.9875 19.55 2.45
      vertex -2.90875 19.55 2.4
      vertex -0.45 19.55 2.45
    endloop
  endfacet
  facet normal 0 -1 0
    outer loop
      vertex -2.85381 19.55 2.37763
      vertex -0.45 19.55 2.45
      vertex -2.90875 19.55 2.4
    endloop
  endfacet
  facet normal 0 -1 0
    outer loop
      vertex -1.76369 19.55 2.09053
      vertex -0.45 19.55 2.45
      vertex -2.85381 19.55 2.37763
    endloop
  endfacet
  facet normal 0 -1 0
    outer loop
      vertex -1.67942 19.55 2.07068
      vertex -1.76369 19.55 2.09053
      vertex -1.69687 19.55 2.07293
    endloop
  endfacet
  facet normal 0 -1 0
    outer loop
      vertex -1.67368 19.55 2.06996
      vertex -1.76369 19.55 2.09053
      vertex -1.67942 19.55 2.07068
    endloop
  endfacet
  facet normal 0 -1 0
    outer loop
      vertex -1.76369 19.55 2.09053
      vertex -1.67368 19.55 2.06996
      vertex -0.45 19.55 2.45
    endloop
  endfacet
  facet normal 0 -1 0
    outer loop
      vertex -1.0864 19.55 1.99659
      vertex -0.45 19.55 2.45
      vertex -1.67368 19.55 2.06996
    endloop
  endfacet
  facet normal 0 -1 0
    outer loop
      vertex -0.880172 19.55 1.97218
      vertex -0.45 19.55 2.45
      vertex -1.0864 19.55 1.99659
    endloop
  endfacet
  facet normal 0 -1 0
    outer loop
      vertex -0.779423 19.55 1.96026
      vertex -0.45 19.55 2.45
      vertex -0.880172 19.55 1.97218
    endloop
  endfacet
  facet normal 0 -1 0
    outer loop
      vertex -0.687293 19.55 1.95016
      vertex -0.45 19.55 2.45
      vertex -0.779423 19.55 1.96026
    endloop
  endfacet
  facet normal 0 -1 0
    outer loop
      vertex -0.685871 19.55 1.95
      vertex -0.45 19.55 2.45
      vertex -0.687293 19.55 1.95016
    endloop
  endfacet
  facet normal 0 -1 -0
    outer loop
      vertex -0.45 19.55 2.45
      vertex -0.685871 19.55 1.95
      vertex -0.45 19.55 1.95
    endloop
  endfacet
  facet normal 0 1 0
    outer loop
      vertex 2.90875 20.45 2.4
      vertex 3.9875 20.45 2.45
      vertex 3.9875 20.45 2.4
    endloop
  endfacet
  facet normal 0 1 0
    outer loop
      vertex 3.9875 20.45 2.45
      vertex 2.90875 20.45 2.4
      vertex 0.45 20.45 2.45
    endloop
  endfacet
  facet normal 0 1 -0
    outer loop
      vertex 2.85381 20.45 2.37763
      vertex 0.45 20.45 2.45
      vertex 2.90875 20.45 2.4
    endloop
  endfacet
  facet normal 0 1 -0
    outer loop
      vertex 1.76369 20.45 2.09053
      vertex 0.45 20.45 2.45
      vertex 2.85381 20.45 2.37763
    endloop
  endfacet
  facet normal 0 1 0
    outer loop
      vertex 1.67942 20.45 2.07068
      vertex 1.76369 20.45 2.09053
      vertex 1.69687 20.45 2.07293
    endloop
  endfacet
  facet normal 0 1 0
    outer loop
      vertex 1.67368 20.45 2.06996
      vertex 1.76369 20.45 2.09053
      vertex 1.67942 20.45 2.07068
    endloop
  endfacet
  facet normal 0 1 0
    outer loop
      vertex 1.76369 20.45 2.09053
      vertex 1.67368 20.45 2.06996
      vertex 0.45 20.45 2.45
    endloop
  endfacet
  facet normal 0 1 -0
    outer loop
      vertex 1.0864 20.45 1.99659
      vertex 0.45 20.45 2.45
      vertex 1.67368 20.45 2.06996
    endloop
  endfacet
  facet normal 0 1 -0
    outer loop
      vertex 0.880172 20.45 1.97218
      vertex 0.45 20.45 2.45
      vertex 1.0864 20.45 1.99659
    endloop
  endfacet
  facet normal 0 1 -0
    outer loop
      vertex 0.779423 20.45 1.96026
      vertex 0.45 20.45 2.45
      vertex 0.880172 20.45 1.97218
    endloop
  endfacet
  facet normal 0 1 -0
    outer loop
      vertex 0.687293 20.45 1.95016
      vertex 0.45 20.45 2.45
      vertex 0.779423 20.45 1.96026
    endloop
  endfacet
  facet normal 0 1 -0
    outer loop
      vertex 0.685871 20.45 1.95
      vertex 0.45 20.45 2.45
      vertex 0.687293 20.45 1.95016
    endloop
  endfacet
  facet normal 0 1 0
    outer loop
      vertex 0.45 20.45 2.45
      vertex 0.685871 20.45 1.95
      vertex 0.45 20.45 1.95
    endloop
  endfacet
  facet normal 0 1 0
    outer loop
      vertex -0.45 20.45 2.45
      vertex -2.90875 20.45 2.4
      vertex -3.9875 20.45 2.45
    endloop
  endfacet
  facet normal 0 1 0
    outer loop
      vertex -0.45 20.45 2.45
      vertex -2.85381 20.45 2.37763
      vertex -2.90875 20.45 2.4
    endloop
  endfacet
  facet normal 0 1 0
    outer loop
      vertex -0.45 20.45 2.45
      vertex -1.76369 20.45 2.09053
      vertex -2.85381 20.45 2.37763
    endloop
  endfacet
  facet normal 0 1 -0
    outer loop
      vertex -1.67368 20.45 2.06996
      vertex -1.76369 20.45 2.09053
      vertex -0.45 20.45 2.45
    endloop
  endfacet
  facet normal 0 1 0
    outer loop
      vertex -1.76369 20.45 2.09053
      vertex -1.67942 20.45 2.07068
      vertex -1.69687 20.45 2.07293
    endloop
  endfacet
  facet normal 0 1 0
    outer loop
      vertex -1.76369 20.45 2.09053
      vertex -1.67368 20.45 2.06996
      vertex -1.67942 20.45 2.07068
    endloop
  endfacet
  facet normal 0 1 0
    outer loop
      vertex -0.45 20.45 2.45
      vertex -1.0864 20.45 1.99659
      vertex -1.67368 20.45 2.06996
    endloop
  endfacet
  facet normal 0 1 0
    outer loop
      vertex -0.45 20.45 2.45
      vertex -0.880172 20.45 1.97218
      vertex -1.0864 20.45 1.99659
    endloop
  endfacet
  facet normal 0 1 0
    outer loop
      vertex -0.45 20.45 2.45
      vertex -0.779423 20.45 1.96026
      vertex -0.880172 20.45 1.97218
    endloop
  endfacet
  facet normal 0 1 0
    outer loop
      vertex -0.45 20.45 2.45
      vertex -0.687293 20.45 1.95016
      vertex -0.779423 20.45 1.96026
    endloop
  endfacet
  facet normal 0 1 0
    outer loop
      vertex -0.685871 20.45 1.95
      vertex -0.45 20.45 2.45
      vertex -0.45 20.45 1.95
    endloop
  endfacet
  facet normal 0 1 0
    outer loop
      vertex -0.45 20.45 2.45
      vertex -0.685871 20.45 1.95
      vertex -0.687293 20.45 1.95016
    endloop
  endfacet
  facet normal 0 1 0
    outer loop
      vertex -3.9875 20.45 2.45
      vertex -2.90875 20.45 2.4
      vertex -3.9875 20.45 2.4
    endloop
  endfacet
  facet normal -1 0 0
    outer loop
      vertex -0.45 19.3141 1.95
      vertex -0.45 19.55 2.45
      vertex -0.45 19.55 1.95
    endloop
  endfacet
  facet normal -1 0 0
    outer loop
      vertex -0.45 19.3127 1.95016
      vertex -0.45 19.55 2.45
      vertex -0.45 19.3141 1.95
    endloop
  endfacet
  facet normal -1 0 0
    outer loop
      vertex -0.45 19.2206 1.96026
      vertex -0.45 19.55 2.45
      vertex -0.45 19.3127 1.95016
    endloop
  endfacet
  facet normal -1 0 0
    outer loop
      vertex -0.45 19.1198 1.97218
      vertex -0.45 19.55 2.45
      vertex -0.45 19.2206 1.96026
    endloop
  endfacet
  facet normal -1 0 0
    outer loop
      vertex -0.45 18.9136 1.99659
      vertex -0.45 19.55 2.45
      vertex -0.45 19.1198 1.97218
    endloop
  endfacet
  facet normal -1 0 0
    outer loop
      vertex -0.45 18.3263 2.06996
      vertex -0.45 19.55 2.45
      vertex -0.45 18.9136 1.99659
    endloop
  endfacet
  facet normal -1 0 0
    outer loop
      vertex -0.45 18.2363 2.09053
      vertex -0.45 18.3263 2.06996
      vertex -0.45 18.3206 2.07068
    endloop
  endfacet
  facet normal -1 0 0
    outer loop
      vertex -0.45 18.2363 2.09053
      vertex -0.45 18.3206 2.07068
      vertex -0.45 18.3031 2.07293
    endloop
  endfacet
  facet normal -1 0 0
    outer loop
      vertex -0.45 18.3263 2.06996
      vertex -0.45 18.2363 2.09053
      vertex -0.45 19.55 2.45
    endloop
  endfacet
  facet normal -1 0 0
    outer loop
      vertex -0.45 17.1462 2.37763
      vertex -0.45 19.55 2.45
      vertex -0.45 18.2363 2.09053
    endloop
  endfacet
  facet normal -1 0 0
    outer loop
      vertex -0.45 17.0912 2.4
      vertex -0.45 19.55 2.45
      vertex -0.45 17.1462 2.37763
    endloop
  endfacet
  facet normal -1 0 0
    outer loop
      vertex -0.45 16.0125 2.45
      vertex -0.45 17.0912 2.4
      vertex -0.45 16.0125 2.4
    endloop
  endfacet
  facet normal -1 0 0
    outer loop
      vertex -0.45 17.0912 2.4
      vertex -0.45 16.0125 2.45
      vertex -0.45 19.55 2.45
    endloop
  endfacet
  facet normal -1 0 0
    outer loop
      vertex -0.45 22.9088 2.4
      vertex -0.45 23.9875 2.45
      vertex -0.45 23.9875 2.4
    endloop
  endfacet
  facet normal -1 0 0
    outer loop
      vertex -0.45 20.45 2.45
      vertex -0.45 22.8538 2.37763
      vertex -0.45 21.7637 2.09053
    endloop
  endfacet
  facet normal -1 0 0
    outer loop
      vertex -0.45 21.6794 2.07068
      vertex -0.45 21.7637 2.09053
      vertex -0.45 21.6969 2.07293
    endloop
  endfacet
  facet normal -1 0 0
    outer loop
      vertex -0.45 21.6737 2.06996
      vertex -0.45 21.7637 2.09053
      vertex -0.45 21.6794 2.07068
    endloop
  endfacet
  facet normal -1 -0 0
    outer loop
      vertex -0.45 21.7637 2.09053
      vertex -0.45 21.6737 2.06996
      vertex -0.45 20.45 2.45
    endloop
  endfacet
  facet normal -1 0 0
    outer loop
      vertex -0.45 20.45 2.45
      vertex -0.45 21.6737 2.06996
      vertex -0.45 21.0864 1.99659
    endloop
  endfacet
  facet normal -1 0 0
    outer loop
      vertex -0.45 20.45 2.45
      vertex -0.45 21.0864 1.99659
      vertex -0.45 20.8802 1.97218
    endloop
  endfacet
  facet normal -1 0 0
    outer loop
      vertex -0.45 20.45 2.45
      vertex -0.45 20.8802 1.97218
      vertex -0.45 20.7794 1.96026
    endloop
  endfacet
  facet normal -1 0 0
    outer loop
      vertex -0.45 20.45 2.45
      vertex -0.45 20.7794 1.96026
      vertex -0.45 20.6873 1.95016
    endloop
  endfacet
  facet normal -1 0 0
    outer loop
      vertex -0.45 20.45 2.45
      vertex -0.45 20.6873 1.95016
      vertex -0.45 20.6859 1.95
    endloop
  endfacet
  facet normal -1 0 0
    outer loop
      vertex -0.45 20.45 2.45
      vertex -0.45 20.6859 1.95
      vertex -0.45 20.45 1.95
    endloop
  endfacet
  facet normal -1 0 0
    outer loop
      vertex -0.45 22.9088 2.4
      vertex -0.45 20.45 2.45
      vertex -0.45 23.9875 2.45
    endloop
  endfacet
  facet normal -1 0 0
    outer loop
      vertex -0.45 22.8538 2.37763
      vertex -0.45 20.45 2.45
      vertex -0.45 22.9088 2.4
    endloop
  endfacet
  facet normal 1 0 0
    outer loop
      vertex 0.45 19.55 2.45
      vertex 0.45 19.3141 1.95
      vertex 0.45 19.55 1.95
    endloop
  endfacet
  facet normal 1 0 0
    outer loop
      vertex 0.45 19.55 2.45
      vertex 0.45 19.3127 1.95016
      vertex 0.45 19.3141 1.95
    endloop
  endfacet
  facet normal 1 0 0
    outer loop
      vertex 0.45 19.55 2.45
      vertex 0.45 19.2206 1.96026
      vertex 0.45 19.3127 1.95016
    endloop
  endfacet
  facet normal 1 0 0
    outer loop
      vertex 0.45 19.55 2.45
      vertex 0.45 19.1198 1.97218
      vertex 0.45 19.2206 1.96026
    endloop
  endfacet
  facet normal 1 0 0
    outer loop
      vertex 0.45 19.55 2.45
      vertex 0.45 18.9136 1.99659
      vertex 0.45 19.1198 1.97218
    endloop
  endfacet
  facet normal 1 0 0
    outer loop
      vertex 0.45 19.55 2.45
      vertex 0.45 18.3263 2.06996
      vertex 0.45 18.9136 1.99659
    endloop
  endfacet
  facet normal 1 -0 0
    outer loop
      vertex 0.45 18.2363 2.09053
      vertex 0.45 18.3263 2.06996
      vertex 0.45 19.55 2.45
    endloop
  endfacet
  facet normal 1 0 0
    outer loop
      vertex 0.45 18.3263 2.06996
      vertex 0.45 18.2363 2.09053
      vertex 0.45 18.3206 2.07068
    endloop
  endfacet
  facet normal 1 0 0
    outer loop
      vertex 0.45 18.3206 2.07068
      vertex 0.45 18.2363 2.09053
      vertex 0.45 18.3031 2.07293
    endloop
  endfacet
  facet normal 1 0 0
    outer loop
      vertex 0.45 19.55 2.45
      vertex 0.45 17.1462 2.37763
      vertex 0.45 18.2363 2.09053
    endloop
  endfacet
  facet normal 1 0 0
    outer loop
      vertex 0.45 19.55 2.45
      vertex 0.45 17.0912 2.4
      vertex 0.45 17.1462 2.37763
    endloop
  endfacet
  facet normal 1 -0 0
    outer loop
      vertex 0.45 16.0125 2.45
      vertex 0.45 17.0912 2.4
      vertex 0.45 19.55 2.45
    endloop
  endfacet
  facet normal 1 0 0
    outer loop
      vertex 0.45 17.0912 2.4
      vertex 0.45 16.0125 2.45
      vertex 0.45 16.0125 2.4
    endloop
  endfacet
  facet normal 1 0 0
    outer loop
      vertex 0.45 23.9875 2.45
      vertex 0.45 22.9088 2.4
      vertex 0.45 23.9875 2.4
    endloop
  endfacet
  facet normal 1 0 0
    outer loop
      vertex 0.45 20.45 2.45
      vertex 0.45 22.8538 2.37763
      vertex 0.45 22.9088 2.4
    endloop
  endfacet
  facet normal 1 0 0
    outer loop
      vertex 0.45 22.8538 2.37763
      vertex 0.45 20.45 2.45
      vertex 0.45 21.7637 2.09053
    endloop
  endfacet
  facet normal 1 0 -0
    outer loop
      vertex 0.45 21.6737 2.06996
      vertex 0.45 21.7637 2.09053
      vertex 0.45 20.45 2.45
    endloop
  endfacet
  facet normal 1 0 0
    outer loop
      vertex 0.45 21.7637 2.09053
      vertex 0.45 21.6794 2.07068
      vertex 0.45 21.6969 2.07293
    endloop
  endfacet
  facet normal 1 0 0
    outer loop
      vertex 0.45 21.7637 2.09053
      vertex 0.45 21.6737 2.06996
      vertex 0.45 21.6794 2.07068
    endloop
  endfacet
  facet normal 1 0 0
    outer loop
      vertex 0.45 21.6737 2.06996
      vertex 0.45 20.45 2.45
      vertex 0.45 21.0864 1.99659
    endloop
  endfacet
  facet normal 1 0 0
    outer loop
      vertex 0.45 21.0864 1.99659
      vertex 0.45 20.45 2.45
      vertex 0.45 20.8802 1.97218
    endloop
  endfacet
  facet normal 1 0 0
    outer loop
      vertex 0.45 20.8802 1.97218
      vertex 0.45 20.45 2.45
      vertex 0.45 20.7794 1.96026
    endloop
  endfacet
  facet normal 1 0 0
    outer loop
      vertex 0.45 20.7794 1.96026
      vertex 0.45 20.45 2.45
      vertex 0.45 20.6873 1.95016
    endloop
  endfacet
  facet normal 1 -0 0
    outer loop
      vertex 0.45 20.45 2.45
      vertex 0.45 22.9088 2.4
      vertex 0.45 23.9875 2.45
    endloop
  endfacet
  facet normal 1 0 0
    outer loop
      vertex 0.45 20.6873 1.95016
      vertex 0.45 20.45 2.45
      vertex 0.45 20.6859 1.95
    endloop
  endfacet
  facet normal 1 0 0
    outer loop
      vertex 0.45 20.6859 1.95
      vertex 0.45 20.45 2.45
      vertex 0.45 20.45 1.95
    endloop
  endfacet
  facet normal 0 -1 0
    outer loop
      vertex -0.45 16.0125 2.4
      vertex 0.45 16.0125 2.45
      vertex -0.45 16.0125 2.45
    endloop
  endfacet
  facet normal 0 -1 -0
    outer loop
      vertex 0.45 16.0125 2.45
      vertex -0.45 16.0125 2.4
      vertex 0.45 16.0125 2.4
    endloop
  endfacet
  facet normal 0 1 -0
    outer loop
      vertex 0.45 23.9875 2.4
      vertex -0.45 23.9875 2.45
      vertex 0.45 23.9875 2.45
    endloop
  endfacet
  facet normal 0 1 0
    outer loop
      vertex -0.45 23.9875 2.45
      vertex 0.45 23.9875 2.4
      vertex -0.45 23.9875 2.4
    endloop
  endfacet
  facet normal 0.997858 0.0654247 0
    outer loop
      vertex 1.6 20 0
      vertex 1.58631 20.2088 -1
      vertex 1.58631 20.2088 0
    endloop
  endfacet
  facet normal 0.997858 0.0654247 0
    outer loop
      vertex 1.58631 20.2088 -1
      vertex 1.6 20 0
      vertex 1.6 20 -1
    endloop
  endfacet
  facet normal -0.997858 0.0654247 0
    outer loop
      vertex -1.6 20 -1
      vertex -1.58631 20.2088 0
      vertex -1.58631 20.2088 -1
    endloop
  endfacet
  facet normal -0.997858 0.0654247 0
    outer loop
      vertex -1.58631 20.2088 0
      vertex -1.6 20 -1
      vertex -1.6 20 0
    endloop
  endfacet
  facet normal -0.0654594 0.997855 0
    outer loop
      vertex 0 21.6 -1
      vertex -0.208841 21.5863 0
      vertex 0 21.6 0
    endloop
  endfacet
  facet normal -0.0654594 0.997855 0
    outer loop
      vertex -0.208841 21.5863 0
      vertex 0 21.6 -1
      vertex -0.208841 21.5863 -1
    endloop
  endfacet
  facet normal 0.0654594 -0.997855 0
    outer loop
      vertex 0 18.4 -1
      vertex 0.208841 18.4137 0
      vertex 0 18.4 0
    endloop
  endfacet
  facet normal 0.0654594 -0.997855 0
    outer loop
      vertex 0.208841 18.4137 0
      vertex 0 18.4 -1
      vertex 0.208841 18.4137 -1
    endloop
  endfacet
  facet normal 0.751925 -0.659248 0
    outer loop
      vertex 1.13137 18.8686 0
      vertex 1.26937 19.026 -1
      vertex 1.26937 19.026 0
    endloop
  endfacet
  facet normal 0.751925 -0.659248 0
    outer loop
      vertex 1.26937 19.026 -1
      vertex 1.13137 18.8686 0
      vertex 1.13137 18.8686 -1
    endloop
  endfacet
  facet normal 0.659362 0.751826 -0
    outer loop
      vertex 1.13137 21.1314 -1
      vertex 0.974018 21.2694 0
      vertex 1.13137 21.1314 0
    endloop
  endfacet
  facet normal 0.659362 0.751826 0
    outer loop
      vertex 0.974018 21.2694 0
      vertex 1.13137 21.1314 -1
      vertex 0.974018 21.2694 -1
    endloop
  endfacet
  facet normal -0.751925 0.659248 0
    outer loop
      vertex -1.26937 20.974 -1
      vertex -1.13137 21.1314 0
      vertex -1.13137 21.1314 -1
    endloop
  endfacet
  facet normal -0.751925 0.659248 0
    outer loop
      vertex -1.13137 21.1314 0
      vertex -1.26937 20.974 -1
      vertex -1.26937 20.974 0
    endloop
  endfacet
  facet normal -0.442418 0.896809 0
    outer loop
      vertex -0.612293 21.4782 -1
      vertex -0.799999 21.3856 0
      vertex -0.612293 21.4782 0
    endloop
  endfacet
  facet normal -0.442418 0.896809 0
    outer loop
      vertex -0.799999 21.3856 0
      vertex -0.612293 21.4782 -1
      vertex -0.799999 21.3856 -1
    endloop
  endfacet
  facet normal 0.89686 0.442314 0
    outer loop
      vertex 1.47821 20.6123 0
      vertex 1.38564 20.8 -1
      vertex 1.38564 20.8 0
    endloop
  endfacet
  facet normal 0.89686 0.442314 0
    outer loop
      vertex 1.38564 20.8 -1
      vertex 1.47821 20.6123 0
      vertex 1.47821 20.6123 -1
    endloop
  endfacet
  facet normal 0.831454 0.555593 0
    outer loop
      vertex 1.38564 20.8 0
      vertex 1.26937 20.974 -1
      vertex 1.26937 20.974 0
    endloop
  endfacet
  facet normal 0.831454 0.555593 0
    outer loop
      vertex 1.26937 20.974 -1
      vertex 1.38564 20.8 0
      vertex 1.38564 20.8 -1
    endloop
  endfacet
  facet normal 0.321551 0.946892 -0
    outer loop
      vertex 0.612293 21.4782 -1
      vertex 0.41411 21.5455 0
      vertex 0.612293 21.4782 0
    endloop
  endfacet
  facet normal 0.321551 0.946892 0
    outer loop
      vertex 0.41411 21.5455 0
      vertex 0.612293 21.4782 -1
      vertex 0.41411 21.5455 -1
    endloop
  endfacet
  facet normal 0.19495 0.980813 -0
    outer loop
      vertex 0.41411 21.5455 -1
      vertex 0.208841 21.5863 0
      vertex 0.41411 21.5455 0
    endloop
  endfacet
  facet normal 0.19495 0.980813 0
    outer loop
      vertex 0.208841 21.5863 0
      vertex 0.41411 21.5455 -1
      vertex 0.208841 21.5863 -1
    endloop
  endfacet
  facet normal 0.442418 0.896809 -0
    outer loop
      vertex 0.799999 21.3856 -1
      vertex 0.612293 21.4782 0
      vertex 0.799999 21.3856 0
    endloop
  endfacet
  facet normal 0.442418 0.896809 0
    outer loop
      vertex 0.612293 21.4782 0
      vertex 0.799999 21.3856 -1
      vertex 0.612293 21.4782 -1
    endloop
  endfacet
  facet normal -0.946944 0.321397 0
    outer loop
      vertex -1.54548 20.4141 -1
      vertex -1.47821 20.6123 0
      vertex -1.47821 20.6123 -1
    endloop
  endfacet
  facet normal -0.946944 0.321397 0
    outer loop
      vertex -1.47821 20.6123 0
      vertex -1.54548 20.4141 -1
      vertex -1.54548 20.4141 0
    endloop
  endfacet
  facet normal -0.980791 0.195059 0
    outer loop
      vertex -1.58631 20.2088 -1
      vertex -1.54548 20.4141 0
      vertex -1.54548 20.4141 -1
    endloop
  endfacet
  facet normal -0.980791 0.195059 0
    outer loop
      vertex -1.54548 20.4141 0
      vertex -1.58631 20.2088 -1
      vertex -1.58631 20.2088 0
    endloop
  endfacet
  facet normal -0.55532 0.831637 0
    outer loop
      vertex -0.799999 21.3856 -1
      vertex -0.974018 21.2694 0
      vertex -0.799999 21.3856 0
    endloop
  endfacet
  facet normal -0.55532 0.831637 0
    outer loop
      vertex -0.974018 21.2694 0
      vertex -0.799999 21.3856 -1
      vertex -0.974018 21.2694 -1
    endloop
  endfacet
  facet normal -0.321551 0.946892 0
    outer loop
      vertex -0.41411 21.5455 -1
      vertex -0.612293 21.4782 0
      vertex -0.41411 21.5455 0
    endloop
  endfacet
  facet normal -0.321551 0.946892 0
    outer loop
      vertex -0.612293 21.4782 0
      vertex -0.41411 21.5455 -1
      vertex -0.612293 21.4782 -1
    endloop
  endfacet
  facet normal 0 0 -1
    outer loop
      vertex 1.58631 19.7912 -1
      vertex 1.58631 20.2088 -1
      vertex 1.6 20 -1
    endloop
  endfacet
  facet normal 0 0 -1
    outer loop
      vertex 1.54548 19.5859 -1
      vertex 1.58631 20.2088 -1
      vertex 1.58631 19.7912 -1
    endloop
  endfacet
  facet normal 0 0 -1
    outer loop
      vertex 1.54548 19.5859 -1
      vertex 1.54548 20.4141 -1
      vertex 1.58631 20.2088 -1
    endloop
  endfacet
  facet normal 0 0 -1
    outer loop
      vertex 1.47821 19.3877 -1
      vertex 1.54548 20.4141 -1
      vertex 1.54548 19.5859 -1
    endloop
  endfacet
  facet normal 0 0 -1
    outer loop
      vertex 1.47821 19.3877 -1
      vertex 1.47821 20.6123 -1
      vertex 1.54548 20.4141 -1
    endloop
  endfacet
  facet normal 0 0 -1
    outer loop
      vertex 1.38564 19.2 -1
      vertex 1.47821 20.6123 -1
      vertex 1.47821 19.3877 -1
    endloop
  endfacet
  facet normal 0 0 -1
    outer loop
      vertex 1.38564 19.2 -1
      vertex 1.38564 20.8 -1
      vertex 1.47821 20.6123 -1
    endloop
  endfacet
  facet normal 0 0 -1
    outer loop
      vertex 1.26937 19.026 -1
      vertex 1.38564 20.8 -1
      vertex 1.38564 19.2 -1
    endloop
  endfacet
  facet normal 0 0 -1
    outer loop
      vertex 1.26937 19.026 -1
      vertex 1.26937 20.974 -1
      vertex 1.38564 20.8 -1
    endloop
  endfacet
  facet normal 0 0 -1
    outer loop
      vertex 1.13137 18.8686 -1
      vertex 1.26937 20.974 -1
      vertex 1.26937 19.026 -1
    endloop
  endfacet
  facet normal 0 0 -1
    outer loop
      vertex 1.13137 18.8686 -1
      vertex 1.13137 21.1314 -1
      vertex 1.26937 20.974 -1
    endloop
  endfacet
  facet normal 0 0 -1
    outer loop
      vertex 0.974018 18.7306 -1
      vertex 1.13137 21.1314 -1
      vertex 1.13137 18.8686 -1
    endloop
  endfacet
  facet normal 0 0 -1
    outer loop
      vertex 0.974018 18.7306 -1
      vertex 0.974018 21.2694 -1
      vertex 1.13137 21.1314 -1
    endloop
  endfacet
  facet normal 0 0 -1
    outer loop
      vertex 0.799999 18.6144 -1
      vertex 0.974018 21.2694 -1
      vertex 0.974018 18.7306 -1
    endloop
  endfacet
  facet normal 0 0 -1
    outer loop
      vertex 0.799999 18.6144 -1
      vertex 0.799999 21.3856 -1
      vertex 0.974018 21.2694 -1
    endloop
  endfacet
  facet normal 0 0 -1
    outer loop
      vertex 0.612293 18.5218 -1
      vertex 0.799999 21.3856 -1
      vertex 0.799999 18.6144 -1
    endloop
  endfacet
  facet normal 0 0 -1
    outer loop
      vertex 0.612293 18.5218 -1
      vertex 0.612293 21.4782 -1
      vertex 0.799999 21.3856 -1
    endloop
  endfacet
  facet normal 0 0 -1
    outer loop
      vertex 0.41411 18.4545 -1
      vertex 0.612293 21.4782 -1
      vertex 0.612293 18.5218 -1
    endloop
  endfacet
  facet normal 0 0 -1
    outer loop
      vertex 0.41411 18.4545 -1
      vertex 0.41411 21.5455 -1
      vertex 0.612293 21.4782 -1
    endloop
  endfacet
  facet normal 0 0 -1
    outer loop
      vertex 0.208841 18.4137 -1
      vertex 0.41411 21.5455 -1
      vertex 0.41411 18.4545 -1
    endloop
  endfacet
  facet normal 0 0 -1
    outer loop
      vertex 0.208841 18.4137 -1
      vertex 0.208841 21.5863 -1
      vertex 0.41411 21.5455 -1
    endloop
  endfacet
  facet normal 0 0 -1
    outer loop
      vertex 0 18.4 -1
      vertex 0.208841 21.5863 -1
      vertex 0.208841 18.4137 -1
    endloop
  endfacet
  facet normal 0 0 -1
    outer loop
      vertex 0 18.4 -1
      vertex 0 21.6 -1
      vertex 0.208841 21.5863 -1
    endloop
  endfacet
  facet normal 0 0 -1
    outer loop
      vertex -0.208841 18.4137 -1
      vertex 0 21.6 -1
      vertex 0 18.4 -1
    endloop
  endfacet
  facet normal 0 0 -1
    outer loop
      vertex -0.208841 18.4137 -1
      vertex -0.208841 21.5863 -1
      vertex 0 21.6 -1
    endloop
  endfacet
  facet normal 0 0 -1
    outer loop
      vertex -0.41411 18.4545 -1
      vertex -0.208841 21.5863 -1
      vertex -0.208841 18.4137 -1
    endloop
  endfacet
  facet normal 0 0 -1
    outer loop
      vertex -0.41411 18.4545 -1
      vertex -0.41411 21.5455 -1
      vertex -0.208841 21.5863 -1
    endloop
  endfacet
  facet normal 0 0 -1
    outer loop
      vertex -0.612293 18.5218 -1
      vertex -0.41411 21.5455 -1
      vertex -0.41411 18.4545 -1
    endloop
  endfacet
  facet normal 0 0 -1
    outer loop
      vertex -0.612293 18.5218 -1
      vertex -0.612293 21.4782 -1
      vertex -0.41411 21.5455 -1
    endloop
  endfacet
  facet normal 0 0 -1
    outer loop
      vertex -0.799999 18.6144 -1
      vertex -0.612293 21.4782 -1
      vertex -0.612293 18.5218 -1
    endloop
  endfacet
  facet normal 0 0 -1
    outer loop
      vertex -0.799999 18.6144 -1
      vertex -0.799999 21.3856 -1
      vertex -0.612293 21.4782 -1
    endloop
  endfacet
  facet normal 0 0 -1
    outer loop
      vertex -0.974018 18.7306 -1
      vertex -0.799999 21.3856 -1
      vertex -0.799999 18.6144 -1
    endloop
  endfacet
  facet normal 0 0 -1
    outer loop
      vertex -0.974018 18.7306 -1
      vertex -0.974018 21.2694 -1
      vertex -0.799999 21.3856 -1
    endloop
  endfacet
  facet normal 0 0 -1
    outer loop
      vertex -1.13137 18.8686 -1
      vertex -0.974018 21.2694 -1
      vertex -0.974018 18.7306 -1
    endloop
  endfacet
  facet normal 0 0 -1
    outer loop
      vertex -1.13137 18.8686 -1
      vertex -1.13137 21.1314 -1
      vertex -0.974018 21.2694 -1
    endloop
  endfacet
  facet normal 0 0 -1
    outer loop
      vertex -1.26937 19.026 -1
      vertex -1.13137 21.1314 -1
      vertex -1.13137 18.8686 -1
    endloop
  endfacet
  facet normal 0 0 -1
    outer loop
      vertex -1.26937 19.026 -1
      vertex -1.26937 20.974 -1
      vertex -1.13137 21.1314 -1
    endloop
  endfacet
  facet normal 0 0 -1
    outer loop
      vertex -1.38564 19.2 -1
      vertex -1.26937 20.974 -1
      vertex -1.26937 19.026 -1
    endloop
  endfacet
  facet normal 0 0 -1
    outer loop
      vertex -1.38564 19.2 -1
      vertex -1.38564 20.8 -1
      vertex -1.26937 20.974 -1
    endloop
  endfacet
  facet normal 0 0 -1
    outer loop
      vertex -1.47821 19.3877 -1
      vertex -1.38564 20.8 -1
      vertex -1.38564 19.2 -1
    endloop
  endfacet
  facet normal 0 0 -1
    outer loop
      vertex -1.47821 19.3877 -1
      vertex -1.47821 20.6123 -1
      vertex -1.38564 20.8 -1
    endloop
  endfacet
  facet normal 0 0 -1
    outer loop
      vertex -1.54548 19.5859 -1
      vertex -1.47821 20.6123 -1
      vertex -1.47821 19.3877 -1
    endloop
  endfacet
  facet normal 0 0 -1
    outer loop
      vertex -1.54548 19.5859 -1
      vertex -1.54548 20.4141 -1
      vertex -1.47821 20.6123 -1
    endloop
  endfacet
  facet normal 0 0 -1
    outer loop
      vertex -1.58631 19.7912 -1
      vertex -1.54548 20.4141 -1
      vertex -1.54548 19.5859 -1
    endloop
  endfacet
  facet normal 0 0 -1
    outer loop
      vertex -1.58631 19.7912 -1
      vertex -1.58631 20.2088 -1
      vertex -1.54548 20.4141 -1
    endloop
  endfacet
  facet normal 0 -0 -1
    outer loop
      vertex -1.58631 20.2088 -1
      vertex -1.58631 19.7912 -1
      vertex -1.6 20 -1
    endloop
  endfacet
  facet normal 0.19495 -0.980813 0
    outer loop
      vertex 0.208841 18.4137 -1
      vertex 0.41411 18.4545 0
      vertex 0.208841 18.4137 0
    endloop
  endfacet
  facet normal 0.19495 -0.980813 0
    outer loop
      vertex 0.41411 18.4545 0
      vertex 0.208841 18.4137 -1
      vertex 0.41411 18.4545 -1
    endloop
  endfacet
  facet normal 0.442418 -0.896809 0
    outer loop
      vertex 0.612293 18.5218 -1
      vertex 0.799999 18.6144 0
      vertex 0.612293 18.5218 0
    endloop
  endfacet
  facet normal 0.442418 -0.896809 0
    outer loop
      vertex 0.799999 18.6144 0
      vertex 0.612293 18.5218 -1
      vertex 0.799999 18.6144 -1
    endloop
  endfacet
  facet normal 0.946944 0.321397 0
    outer loop
      vertex 1.54548 20.4141 0
      vertex 1.47821 20.6123 -1
      vertex 1.47821 20.6123 0
    endloop
  endfacet
  facet normal 0.946944 0.321397 0
    outer loop
      vertex 1.47821 20.6123 -1
      vertex 1.54548 20.4141 0
      vertex 1.54548 20.4141 -1
    endloop
  endfacet
  facet normal 0.980791 0.195059 0
    outer loop
      vertex 1.58631 20.2088 0
      vertex 1.54548 20.4141 -1
      vertex 1.54548 20.4141 0
    endloop
  endfacet
  facet normal 0.980791 0.195059 0
    outer loop
      vertex 1.54548 20.4141 -1
      vertex 1.58631 20.2088 0
      vertex 1.58631 20.2088 -1
    endloop
  endfacet
  facet normal 0.751925 0.659248 0
    outer loop
      vertex 1.26937 20.974 0
      vertex 1.13137 21.1314 -1
      vertex 1.13137 21.1314 0
    endloop
  endfacet
  facet normal 0.751925 0.659248 0
    outer loop
      vertex 1.13137 21.1314 -1
      vertex 1.26937 20.974 0
      vertex 1.26937 20.974 -1
    endloop
  endfacet
  facet normal 0.0654594 0.997855 -0
    outer loop
      vertex 0.208841 21.5863 -1
      vertex 0 21.6 0
      vertex 0.208841 21.5863 0
    endloop
  endfacet
  facet normal 0.0654594 0.997855 0
    outer loop
      vertex 0 21.6 0
      vertex 0.208841 21.5863 -1
      vertex 0 21.6 -1
    endloop
  endfacet
  facet normal 0.55532 0.831637 -0
    outer loop
      vertex 0.974018 21.2694 -1
      vertex 0.799999 21.3856 0
      vertex 0.974018 21.2694 0
    endloop
  endfacet
  facet normal 0.55532 0.831637 0
    outer loop
      vertex 0.799999 21.3856 0
      vertex 0.974018 21.2694 -1
      vertex 0.799999 21.3856 -1
    endloop
  endfacet
  facet normal -0.89686 0.442314 0
    outer loop
      vertex -1.47821 20.6123 -1
      vertex -1.38564 20.8 0
      vertex -1.38564 20.8 -1
    endloop
  endfacet
  facet normal -0.89686 0.442314 0
    outer loop
      vertex -1.38564 20.8 0
      vertex -1.47821 20.6123 -1
      vertex -1.47821 20.6123 0
    endloop
  endfacet
  facet normal -0.831454 0.555593 0
    outer loop
      vertex -1.38564 20.8 -1
      vertex -1.26937 20.974 0
      vertex -1.26937 20.974 -1
    endloop
  endfacet
  facet normal -0.831454 0.555593 0
    outer loop
      vertex -1.26937 20.974 0
      vertex -1.38564 20.8 -1
      vertex -1.38564 20.8 0
    endloop
  endfacet
  facet normal -0.659362 0.751826 0
    outer loop
      vertex -0.974018 21.2694 -1
      vertex -1.13137 21.1314 0
      vertex -0.974018 21.2694 0
    endloop
  endfacet
  facet normal -0.659362 0.751826 0
    outer loop
      vertex -1.13137 21.1314 0
      vertex -0.974018 21.2694 -1
      vertex -1.13137 21.1314 -1
    endloop
  endfacet
  facet normal -0.19495 0.980813 0
    outer loop
      vertex -0.208841 21.5863 -1
      vertex -0.41411 21.5455 0
      vertex -0.208841 21.5863 0
    endloop
  endfacet
  facet normal -0.19495 0.980813 0
    outer loop
      vertex -0.41411 21.5455 0
      vertex -0.208841 21.5863 -1
      vertex -0.41411 21.5455 -1
    endloop
  endfacet
  facet normal 0.997858 -0.0654247 0
    outer loop
      vertex 1.58631 19.7912 0
      vertex 1.6 20 -1
      vertex 1.6 20 0
    endloop
  endfacet
  facet normal 0.997858 -0.0654247 0
    outer loop
      vertex 1.6 20 -1
      vertex 1.58631 19.7912 0
      vertex 1.58631 19.7912 -1
    endloop
  endfacet
  facet normal 0.946944 -0.321397 0
    outer loop
      vertex 1.47821 19.3877 0
      vertex 1.54548 19.5859 -1
      vertex 1.54548 19.5859 0
    endloop
  endfacet
  facet normal 0.946944 -0.321397 0
    outer loop
      vertex 1.54548 19.5859 -1
      vertex 1.47821 19.3877 0
      vertex 1.47821 19.3877 -1
    endloop
  endfacet
  facet normal 0.980791 -0.195059 0
    outer loop
      vertex 1.54548 19.5859 0
      vertex 1.58631 19.7912 -1
      vertex 1.58631 19.7912 0
    endloop
  endfacet
  facet normal 0.980791 -0.195059 0
    outer loop
      vertex 1.58631 19.7912 -1
      vertex 1.54548 19.5859 0
      vertex 1.54548 19.5859 -1
    endloop
  endfacet
  facet normal -0.89686 -0.442314 0
    outer loop
      vertex -1.38564 19.2 -1
      vertex -1.47821 19.3877 0
      vertex -1.47821 19.3877 -1
    endloop
  endfacet
  facet normal -0.89686 -0.442314 0
    outer loop
      vertex -1.47821 19.3877 0
      vertex -1.38564 19.2 -1
      vertex -1.38564 19.2 0
    endloop
  endfacet
  facet normal 0.55532 -0.831637 0
    outer loop
      vertex 0.799999 18.6144 -1
      vertex 0.974018 18.7306 0
      vertex 0.799999 18.6144 0
    endloop
  endfacet
  facet normal 0.55532 -0.831637 0
    outer loop
      vertex 0.974018 18.7306 0
      vertex 0.799999 18.6144 -1
      vertex 0.974018 18.7306 -1
    endloop
  endfacet
  facet normal -0.980791 -0.195059 0
    outer loop
      vertex -1.54548 19.5859 -1
      vertex -1.58631 19.7912 0
      vertex -1.58631 19.7912 -1
    endloop
  endfacet
  facet normal -0.980791 -0.195059 0
    outer loop
      vertex -1.58631 19.7912 0
      vertex -1.54548 19.5859 -1
      vertex -1.54548 19.5859 0
    endloop
  endfacet
  facet normal -0.997858 -0.0654247 0
    outer loop
      vertex -1.58631 19.7912 -1
      vertex -1.6 20 0
      vertex -1.6 20 -1
    endloop
  endfacet
  facet normal -0.997858 -0.0654247 0
    outer loop
      vertex -1.6 20 0
      vertex -1.58631 19.7912 -1
      vertex -1.58631 19.7912 0
    endloop
  endfacet
  facet normal -0.946944 -0.321397 0
    outer loop
      vertex -1.47821 19.3877 -1
      vertex -1.54548 19.5859 0
      vertex -1.54548 19.5859 -1
    endloop
  endfacet
  facet normal -0.946944 -0.321397 0
    outer loop
      vertex -1.54548 19.5859 0
      vertex -1.47821 19.3877 -1
      vertex -1.47821 19.3877 0
    endloop
  endfacet
  facet normal 0.659362 -0.751826 0
    outer loop
      vertex 0.974018 18.7306 -1
      vertex 1.13137 18.8686 0
      vertex 0.974018 18.7306 0
    endloop
  endfacet
  facet normal 0.659362 -0.751826 0
    outer loop
      vertex 1.13137 18.8686 0
      vertex 0.974018 18.7306 -1
      vertex 1.13137 18.8686 -1
    endloop
  endfacet
  facet normal 0.321551 -0.946892 0
    outer loop
      vertex 0.41411 18.4545 -1
      vertex 0.612293 18.5218 0
      vertex 0.41411 18.4545 0
    endloop
  endfacet
  facet normal 0.321551 -0.946892 0
    outer loop
      vertex 0.612293 18.5218 0
      vertex 0.41411 18.4545 -1
      vertex 0.612293 18.5218 -1
    endloop
  endfacet
  facet normal 0.89686 -0.442314 0
    outer loop
      vertex 1.38564 19.2 0
      vertex 1.47821 19.3877 -1
      vertex 1.47821 19.3877 0
    endloop
  endfacet
  facet normal 0.89686 -0.442314 0
    outer loop
      vertex 1.47821 19.3877 -1
      vertex 1.38564 19.2 0
      vertex 1.38564 19.2 -1
    endloop
  endfacet
  facet normal 0.831454 -0.555593 0
    outer loop
      vertex 1.26937 19.026 0
      vertex 1.38564 19.2 -1
      vertex 1.38564 19.2 0
    endloop
  endfacet
  facet normal 0.831454 -0.555593 0
    outer loop
      vertex 1.38564 19.2 -1
      vertex 1.26937 19.026 0
      vertex 1.26937 19.026 -1
    endloop
  endfacet
  facet normal -0.0654594 -0.997855 0
    outer loop
      vertex -0.208841 18.4137 -1
      vertex 0 18.4 0
      vertex -0.208841 18.4137 0
    endloop
  endfacet
  facet normal -0.0654594 -0.997855 -0
    outer loop
      vertex 0 18.4 0
      vertex -0.208841 18.4137 -1
      vertex 0 18.4 -1
    endloop
  endfacet
  facet normal -0.321551 -0.946892 0
    outer loop
      vertex -0.612293 18.5218 -1
      vertex -0.41411 18.4545 0
      vertex -0.612293 18.5218 0
    endloop
  endfacet
  facet normal -0.321551 -0.946892 -0
    outer loop
      vertex -0.41411 18.4545 0
      vertex -0.612293 18.5218 -1
      vertex -0.41411 18.4545 -1
    endloop
  endfacet
  facet normal -0.19495 -0.980813 0
    outer loop
      vertex -0.41411 18.4545 -1
      vertex -0.208841 18.4137 0
      vertex -0.41411 18.4545 0
    endloop
  endfacet
  facet normal -0.19495 -0.980813 -0
    outer loop
      vertex -0.208841 18.4137 0
      vertex -0.41411 18.4545 -1
      vertex -0.208841 18.4137 -1
    endloop
  endfacet
  facet normal -0.751925 -0.659248 0
    outer loop
      vertex -1.13137 18.8686 -1
      vertex -1.26937 19.026 0
      vertex -1.26937 19.026 -1
    endloop
  endfacet
  facet normal -0.751925 -0.659248 0
    outer loop
      vertex -1.26937 19.026 0
      vertex -1.13137 18.8686 -1
      vertex -1.13137 18.8686 0
    endloop
  endfacet
  facet normal -0.659362 -0.751826 0
    outer loop
      vertex -1.13137 18.8686 -1
      vertex -0.974018 18.7306 0
      vertex -1.13137 18.8686 0
    endloop
  endfacet
  facet normal -0.659362 -0.751826 -0
    outer loop
      vertex -0.974018 18.7306 0
      vertex -1.13137 18.8686 -1
      vertex -0.974018 18.7306 -1
    endloop
  endfacet
  facet normal -0.55532 -0.831637 0
    outer loop
      vertex -0.974018 18.7306 -1
      vertex -0.799999 18.6144 0
      vertex -0.974018 18.7306 0
    endloop
  endfacet
  facet normal -0.55532 -0.831637 -0
    outer loop
      vertex -0.799999 18.6144 0
      vertex -0.974018 18.7306 -1
      vertex -0.799999 18.6144 -1
    endloop
  endfacet
  facet normal -0.831454 -0.555593 0
    outer loop
      vertex -1.26937 19.026 -1
      vertex -1.38564 19.2 0
      vertex -1.38564 19.2 -1
    endloop
  endfacet
  facet normal -0.831454 -0.555593 0
    outer loop
      vertex -1.38564 19.2 0
      vertex -1.26937 19.026 -1
      vertex -1.26937 19.026 0
    endloop
  endfacet
  facet normal -0.442418 -0.896809 0
    outer loop
      vertex -0.799999 18.6144 -1
      vertex -0.612293 18.5218 0
      vertex -0.799999 18.6144 0
    endloop
  endfacet
  facet normal -0.442418 -0.896809 -0
    outer loop
      vertex -0.612293 18.5218 0
      vertex -0.799999 18.6144 -1
      vertex -0.612293 18.5218 -1
    endloop
  endfacet
endsolid OpenSCAD_Model
